Datetime,Close,High,Low,Open,Volume
2026-03-06 05:00:00+00:00,84.44499969482422,84.5999984741211,84.31999969482422,84.41500091552734,249
2026-03-06 05:15:00+00:00,84.5,84.54499816894531,84.34500122070312,84.3949966430664,60
2026-03-06 05:30:00+00:00,84.2750015258789,84.56500244140625,84.16500091552734,84.55999755859375,294
2026-03-06 05:45:00+00:00,83.95999908447266,84.26000213623047,83.62999725341797,84.26000213623047,480
2026-03-06 06:00:00+00:00,84.0,84.22000122070312,83.75499725341797,83.91500091552734,147
2026-03-06 06:15:00+00:00,84.19999694824219,84.54499816894531,83.90499877929688,84.05000305175781,324
2026-03-06 06:30:00+00:00,84.46499633789062,84.79499816894531,83.9800033569336,84.24500274658203,357
2026-03-06 06:45:00+00:00,84.58999633789062,84.69999694824219,84.38999938964844,84.49500274658203,301
2026-03-06 07:00:00+00:00,84.40499877929688,84.73999786376953,84.18499755859375,84.56500244140625,151
2026-03-06 07:15:00+00:00,84.5,84.63500213623047,84.3499984741211,84.44000244140625,81
2026-03-06 07:30:00+00:00,84.4749984741211,84.66000366210938,84.40499877929688,84.5,78
2026-03-06 07:45:00+00:00,84.93499755859375,84.95500183105469,84.3550033569336,84.42500305175781,404
2026-03-06 08:00:00+00:00,84.69000244140625,85.08499908447266,84.5,84.91999816894531,550
2026-03-06 08:15:00+00:00,84.18000030517578,84.80999755859375,83.98999786376953,84.7249984741211,310
2026-03-06 08:30:00+00:00,84.38999938964844,84.51000213623047,84.06999969482422,84.1500015258789,203
2026-03-06 08:45:00+00:00,84.45999908447266,84.72000122070312,84.30000305175781,84.38500213623047,239
2026-03-06 09:00:00+00:00,84.16000366210938,84.48999786376953,84.05500030517578,84.38500213623047,236
2026-03-06 09:15:00+00:00,83.84500122070312,84.23999786376953,83.68000030517578,84.15499877929688,296
2026-03-06 09:30:00+00:00,83.08000183105469,83.95500183105469,82.59500122070312,83.81500244140625,1012
2026-03-06 09:45:00+00:00,82.96499633789062,83.23999786376953,82.7750015258789,83.08999633789062,300
2026-03-06 10:00:00+00:00,82.91999816894531,83.16999816894531,82.55000305175781,82.99500274658203,377
2026-03-06 10:15:00+00:00,83.26499938964844,83.45999908447266,82.8949966430664,82.8949966430664,237
2026-03-06 10:30:00+00:00,82.82499694824219,83.3550033569336,82.80999755859375,83.29000091552734,88
2026-03-06 10:45:00+00:00,83.16999816894531,83.2300033569336,82.55999755859375,82.8949966430664,504
2026-03-06 11:00:00+00:00,83.05000305175781,83.20500183105469,82.79499816894531,83.16999816894531,376
2026-03-06 11:15:00+00:00,83.3949966430664,83.68499755859375,83.05999755859375,83.06999969482422,403
2026-03-06 11:30:00+00:00,82.48500061035156,83.49500274658203,82.37999725341797,83.33499908447266,313
2026-03-06 11:45:00+00:00,82.43499755859375,82.70999908447266,82.03500366210938,82.45500183105469,693
2026-03-06 12:00:00+00:00,82.55000305175781,82.87999725341797,82.2750015258789,82.4749984741211,758
2026-03-06 12:15:00+00:00,82.43499755859375,82.69000244140625,82.37000274658203,82.58999633789062,292
2026-03-06 12:30:00+00:00,82.94499969482422,82.98999786376953,82.46499633789062,82.5,227
2026-03-06 12:45:00+00:00,82.53500366210938,82.94999694824219,82.30000305175781,82.94999694824219,409
2026-03-06 13:00:00+00:00,82.13999938964844,82.5999984741211,81.78500366210938,82.4749984741211,1056
2026-03-06 13:15:00+00:00,82.94999694824219,82.94999694824219,82.11000061035156,82.125,562
2026-03-06 13:30:00+00:00,83.8949966430664,84.45999908447266,82.95500183105469,82.95500183105469,2738
2026-03-06 13:45:00+00:00,82.74500274658203,83.99500274658203,82.4800033569336,83.91500091552734,1434
2026-03-06 14:00:00+00:00,82.86499786376953,83.16500091552734,82.56999969482422,82.71499633789062,681
2026-03-06 14:15:00+00:00,83.08000183105469,83.22000122070312,82.54000091552734,82.8550033569336,496
2026-03-06 14:30:00+00:00,82.58499908447266,83.38999938964844,82.51499938964844,83.08499908447266,1007
2026-03-06 14:45:00+00:00,83.9800033569336,83.9800033569336,82.48999786376953,82.63500213623047,1148
2026-03-06 15:00:00+00:00,84.41500091552734,85.07499694824219,83.94999694824219,83.9800033569336,2839
2026-03-06 15:15:00+00:00,84.66999816894531,85.33499908447266,84.18000030517578,84.3550033569336,1258
2026-03-06 15:30:00+00:00,84.69999694824219,85.1500015258789,84.57499694824219,84.68000030517578,811
2026-03-06 15:45:00+00:00,84.43499755859375,84.84500122070312,84.21499633789062,84.73500061035156,690
2026-03-06 16:00:00+00:00,84.74500274658203,84.8550033569336,84.36000061035156,84.44000244140625,496
2026-03-06 16:15:00+00:00,84.69999694824219,85.12999725341797,84.5,84.80500030517578,453
2026-03-06 16:30:00+00:00,84.26000213623047,84.82499694824219,83.82499694824219,84.75499725341797,672
2026-03-06 16:45:00+00:00,84.18499755859375,84.48500061035156,83.95999908447266,84.29499816894531,401
2026-03-06 17:00:00+00:00,84.0,84.26000213623047,83.76000213623047,84.23999786376953,416
2026-03-06 17:15:00+00:00,84.09500122070312,84.21499633789062,83.91500091552734,84.0250015258789,274
2026-03-06 17:30:00+00:00,84.18000030517578,84.54000091552734,84.01499938964844,84.01499938964844,543
2026-03-06 17:45:00+00:00,84.2750015258789,84.42500305175781,84.12000274658203,84.20999908447266,305
2026-03-06 18:00:00+00:00,84.26000213623047,84.61000061035156,84.16000366210938,84.2750015258789,410
2026-03-06 18:15:00+00:00,84.67500305175781,84.69499969482422,83.97000122070312,84.24500274658203,1461
2026-03-06 18:30:00+00:00,84.80000305175781,84.82499694824219,84.36000061035156,84.65499877929688,303
2026-03-06 18:45:00+00:00,84.69999694824219,84.9000015258789,84.5,84.81999969482422,167
2026-03-06 19:00:00+00:00,84.98500061035156,84.98500061035156,84.6500015258789,84.69000244140625,317
2026-03-06 19:15:00+00:00,84.7249984741211,85.03500366210938,84.71499633789062,84.9800033569336,179
2026-03-06 19:30:00+00:00,84.55999755859375,84.82499694824219,84.54000091552734,84.75,131
2026-03-06 19:45:00+00:00,84.69999694824219,84.83499908447266,84.51000213623047,84.52999877929688,121
2026-03-06 20:00:00+00:00,84.48999786376953,84.75499725341797,84.41500091552734,84.67500305175781,124
2026-03-06 20:15:00+00:00,84.21499633789062,84.625,84.19999694824219,84.4749984741211,173
2026-03-06 20:30:00+00:00,84.16000366210938,84.32499694824219,83.86000061035156,84.24500274658203,620
2026-03-06 20:45:00+00:00,84.1500015258789,84.27999877929688,83.93499755859375,84.20500183105469,284
2026-03-06 21:00:00+00:00,84.43499755859375,84.51000213623047,84.08999633789062,84.15499877929688,221
2026-03-06 21:15:00+00:00,84.51000213623047,84.55500030517578,84.37999725341797,84.44999694824219,88
2026-03-06 21:30:00+00:00,84.55000305175781,84.7249984741211,84.45500183105469,84.4749984741211,114
2026-03-06 21:45:00+00:00,84.31099700927734,84.74500274658203,84.31099700927734,84.55500030517578,180
2026-03-08 22:00:00+00:00,83.69000244140625,83.8949966430664,82.7750015258789,82.8499984741211,120
2026-03-08 22:15:00+00:00,83.82499694824219,83.91500091552734,82.625,83.6050033569336,496
2026-03-08 22:30:00+00:00,83.125,84.2249984741211,82.7300033569336,83.65499877929688,389
2026-03-08 22:45:00+00:00,83.44499969482422,83.57499694824219,82.56999969482422,83.16999816894531,426
2026-03-08 23:00:00+00:00,82.46499633789062,83.75,82.0999984741211,83.5,687
2026-03-08 23:15:00+00:00,82.67500305175781,82.7300033569336,82.27999877929688,82.56999969482422,281
2026-03-08 23:30:00+00:00,81.6050033569336,82.65499877929688,81.06500244140625,82.61000061035156,985
2026-03-08 23:45:00+00:00,82.05000305175781,82.13500213623047,81.0999984741211,81.6050033569336,895
2026-03-09 00:00:00+00:00,81.40499877929688,82.5,81.25499725341797,82.03500366210938,630
2026-03-09 00:15:00+00:00,81.30000305175781,81.55000305175781,81.02999877929688,81.37999725341797,432
2026-03-09 00:30:00+00:00,81.20999908447266,81.9749984741211,81.11000061035156,81.3499984741211,344
2026-03-09 00:45:00+00:00,81.51499938964844,81.52999877929688,80.84500122070312,81.2750015258789,586
2026-03-09 01:00:00+00:00,80.75,81.55000305175781,79.63999938964844,81.48999786376953,2193
2026-03-09 01:15:00+00:00,80.44000244140625,81.0250015258789,80.32499694824219,80.69999694824219,606
2026-03-09 01:30:00+00:00,80.94000244140625,80.98500061035156,80.30000305175781,80.37999725341797,506
2026-03-09 01:45:00+00:00,81.05500030517578,81.2750015258789,80.375,80.87999725341797,741
2026-03-09 02:00:00+00:00,82.82499694824219,82.94999694824219,80.6500015258789,81.09500122070312,1427
2026-03-09 02:15:00+00:00,82.24500274658203,83.08000183105469,82.04499816894531,82.87000274658203,609
2026-03-09 02:30:00+00:00,82.69499969482422,82.9000015258789,82.19999694824219,82.2300033569336,350
2026-03-09 02:45:00+00:00,82.81500244140625,82.9800033569336,82.36000061035156,82.69499969482422,239
2026-03-09 03:00:00+00:00,82.54499816894531,82.91500091552734,82.43499755859375,82.79499816894531,236
2026-03-09 03:15:00+00:00,82.94000244140625,83.49500274658203,82.53500366210938,82.61000061035156,534
2026-03-09 03:30:00+00:00,83.0199966430664,83.30999755859375,82.86000061035156,82.94000244140625,198
2026-03-09 03:45:00+00:00,83.0999984741211,83.30500030517578,82.98500061035156,83.01499938964844,168
2026-03-09 04:00:00+00:00,83.21499633789062,83.59500122070312,82.94999694824219,83.12000274658203,322
2026-03-09 04:15:00+00:00,82.91500091552734,83.2300033569336,82.91000366210938,83.20500183105469,97
2026-03-09 04:30:00+00:00,83.0,83.19000244140625,82.81999969482422,82.88999938964844,86
2026-03-09 04:45:00+00:00,82.66999816894531,82.90499877929688,82.58999633789062,82.90499877929688,197
2026-03-09 05:00:00+00:00,83.11000061035156,83.44000244140625,82.45500183105469,82.62999725341797,344
2026-03-09 05:15:00+00:00,83.33499908447266,83.47000122070312,82.76499938964844,83.19999694824219,243
2026-03-09 05:30:00+00:00,84.50499725341797,84.57499694824219,83.19999694824219,83.34500122070312,790
2026-03-09 05:45:00+00:00,84.31500244140625,84.83000183105469,84.125,84.5,780
2026-03-09 06:00:00+00:00,84.76000213623047,85.03500366210938,84.02999877929688,84.37000274658203,1126
2026-03-09 06:15:00+00:00,84.55000305175781,84.96499633789062,84.38500213623047,84.75499725341797,460
2026-03-09 06:30:00+00:00,84.19999694824219,84.61499786376953,84.02999877929688,84.55500030517578,289
2026-03-09 06:45:00+00:00,83.86499786376953,84.25,83.80999755859375,84.21499633789062,307
2026-03-09 07:00:00+00:00,83.27999877929688,83.87000274658203,83.25499725341797,83.87000274658203,421
2026-03-09 07:15:00+00:00,83.6050033569336,83.6050033569336,83.24500274658203,83.2750015258789,241
2026-03-09 07:30:00+00:00,83.63500213623047,83.91500091552734,83.37999725341797,83.61000061035156,383
2026-03-09 07:45:00+00:00,83.66999816894531,83.69999694824219,83.22000122070312,83.55500030517578,231
2026-03-09 08:00:00+00:00,83.68499755859375,84.02999877929688,83.45999908447266,83.69499969482422,283
2026-03-09 08:15:00+00:00,83.375,83.93499755859375,83.375,83.62000274658203,154
2026-03-09 08:30:00+00:00,83.71499633789062,83.90499877929688,83.375,83.375,142
2026-03-09 08:45:00+00:00,83.92500305175781,84.04000091552734,83.52999877929688,83.68499755859375,187
2026-03-09 09:00:00+00:00,84.08000183105469,84.12999725341797,83.7300033569336,83.91500091552734,232
2026-03-09 09:15:00+00:00,84.55500030517578,84.58499908447266,84.0250015258789,84.05500030517578,321
2026-03-09 09:30:00+00:00,83.91999816894531,84.7300033569336,83.91999816894531,84.58999633789062,359
2026-03-09 09:45:00+00:00,84.16500091552734,84.2300033569336,83.81999969482422,83.96499633789062,206
2026-03-09 10:00:00+00:00,84.28500366210938,84.3499984741211,83.80000305175781,84.19499969482422,248
2026-03-09 10:15:00+00:00,84.03500366210938,84.43499755859375,84.03500366210938,84.24500274658203,145
2026-03-09 10:30:00+00:00,83.98999786376953,84.1449966430664,83.75,84.02999877929688,222
2026-03-09 10:45:00+00:00,83.32499694824219,84.11499786376953,83.19499969482422,83.91999816894531,595
2026-03-09 11:00:00+00:00,83.40499877929688,83.67500305175781,83.25,83.41500091552734,246
2026-03-09 11:15:00+00:00,83.25,83.56999969482422,82.94499969482422,83.38500213623047,378
2026-03-09 11:30:00+00:00,83.2249984741211,83.58999633789062,83.20500183105469,83.30500030517578,202
2026-03-09 11:45:00+00:00,83.34500122070312,83.55999755859375,83.09500122070312,83.19000244140625,143
2026-03-09 12:00:00+00:00,83.69499969482422,83.70999908447266,83.4000015258789,83.40499877929688,582
2026-03-09 12:15:00+00:00,84.0199966430664,84.07499694824219,83.6050033569336,83.69999694824219,292
2026-03-09 12:30:00+00:00,84.08499908447266,84.25,84.0,84.05999755859375,383
2026-03-09 12:45:00+00:00,83.83499908447266,84.16000366210938,83.68499755859375,84.15499877929688,249
2026-03-09 13:00:00+00:00,84.40499877929688,84.51000213623047,83.83499908447266,83.87000274658203,604
2026-03-09 13:15:00+00:00,84.62999725341797,84.69999694824219,84.22000122070312,84.375,530
2026-03-09 13:30:00+00:00,84.11000061035156,85.43499755859375,83.80000305175781,84.625,2570
2026-03-09 13:45:00+00:00,83.76000213623047,84.28500366210938,83.6449966430664,84.06500244140625,657
2026-03-09 14:00:00+00:00,83.7300033569336,84.38999938964844,83.31500244140625,83.69999694824219,709
2026-03-09 14:15:00+00:00,84.00499725341797,84.16000366210938,83.5199966430664,83.7699966430664,311
2026-03-09 14:30:00+00:00,84.58499908447266,84.63999938964844,83.8949966430664,83.8949966430664,670
2026-03-09 14:45:00+00:00,84.58499908447266,84.79499816894531,84.29499816894531,84.63999938964844,420
2026-03-09 15:00:00+00:00,84.7750015258789,84.79499816894531,84.33499908447266,84.5999984741211,467
2026-03-09 15:15:00+00:00,84.73999786376953,84.87999725341797,84.41999816894531,84.8499984741211,386
2026-03-09 15:30:00+00:00,84.59500122070312,84.80500030517578,84.53500366210938,84.7300033569336,483
2026-03-09 15:45:00+00:00,84.70999908447266,84.91500091552734,84.58999633789062,84.63500213623047,388
2026-03-09 16:00:00+00:00,84.88999938964844,85.0,84.68499755859375,84.70500183105469,384
2026-03-09 16:15:00+00:00,84.78500366210938,84.91999816894531,84.5250015258789,84.9000015258789,327
2026-03-09 16:30:00+00:00,85.00499725341797,85.09500122070312,84.79000091552734,84.79000091552734,581
2026-03-09 16:45:00+00:00,84.95999908447266,85.05999755859375,84.82499694824219,85.03500366210938,425
2026-03-09 17:00:00+00:00,84.625,85.125,84.58499908447266,84.96499633789062,478
2026-03-09 17:15:00+00:00,84.26000213623047,84.73999786376953,84.25499725341797,84.66999816894531,1051
2026-03-09 17:30:00+00:00,84.48999786376953,84.62999725341797,84.13500213623047,84.27999877929688,336
2026-03-09 17:45:00+00:00,84.63999938964844,84.77999877929688,84.51000213623047,84.51000213623047,256
2026-03-09 18:00:00+00:00,84.62000274658203,84.66500091552734,84.33999633789062,84.58999633789062,190
2026-03-09 18:15:00+00:00,84.91000366210938,85.08999633789062,84.6050033569336,84.63500213623047,245
2026-03-09 18:30:00+00:00,85.57499694824219,85.73500061035156,84.94499969482422,85.0,860
2026-03-09 18:45:00+00:00,86.12999725341797,86.41999816894531,85.4749984741211,85.56500244140625,1684
2026-03-09 19:00:00+00:00,86.36499786376953,86.51000213623047,86.00499725341797,86.13999938964844,549
2026-03-09 19:15:00+00:00,86.93499755859375,87.05500030517578,86.32499694824219,86.36499786376953,740
2026-03-09 19:30:00+00:00,86.73500061035156,87.01499938964844,86.26499938964844,86.93000030517578,510
2026-03-09 19:45:00+00:00,86.72000122070312,86.79000091552734,86.38500213623047,86.73500061035156,392
2026-03-09 20:00:00+00:00,87.03500366210938,87.18499755859375,86.73500061035156,86.73500061035156,341
2026-03-09 20:15:00+00:00,86.875,87.07499694824219,86.7249984741211,87.05500030517578,117
2026-03-09 20:30:00+00:00,86.93499755859375,86.95500183105469,86.67500305175781,86.875,115
2026-03-09 20:45:00+00:00,87.34500122070312,87.40499877929688,86.88999938964844,86.91500091552734,499
2026-03-09 22:00:00+00:00,87.38999938964844,87.69999694824219,86.80500030517578,87.2750015258789,100
2026-03-09 22:15:00+00:00,87.38500213623047,87.52999877929688,87.0999984741211,87.42500305175781,87
2026-03-09 22:30:00+00:00,87.5,87.63500213623047,87.38500213623047,87.38500213623047,116
2026-03-09 22:45:00+00:00,87.875,87.92500305175781,87.5199966430664,87.58000183105469,193
2026-03-09 23:00:00+00:00,88.30000305175781,88.46499633789062,87.36000061035156,87.87999725341797,438
2026-03-09 23:15:00+00:00,88.0199966430664,88.48999786376953,88.0,88.2249984741211,261
2026-03-09 23:30:00+00:00,87.90499877929688,88.30000305175781,87.82499694824219,88.01000213623047,232
2026-03-09 23:45:00+00:00,87.69999694824219,87.95999908447266,87.50499725341797,87.88999938964844,262
2026-03-10 00:00:00+00:00,87.79000091552734,87.91500091552734,87.2249984741211,87.68000030517578,260
2026-03-10 00:15:00+00:00,87.43000030517578,87.75499725341797,87.2750015258789,87.75499725341797,207
2026-03-10 00:30:00+00:00,87.95999908447266,88.0199966430664,87.26000213623047,87.41500091552734,260
2026-03-10 00:45:00+00:00,87.25499725341797,87.91999816894531,87.2300033569336,87.91000366210938,201
2026-03-10 01:00:00+00:00,87.98999786376953,88.375,86.91999816894531,87.29000091552734,1028
2026-03-10 01:15:00+00:00,89.1449966430664,89.5,87.94000244140625,87.9800033569336,1160
2026-03-10 01:30:00+00:00,89.36000061035156,89.55999755859375,88.79000091552734,89.13500213623047,838
2026-03-10 01:45:00+00:00,89.8550033569336,89.91999816894531,89.12999725341797,89.48999786376953,514
2026-03-10 02:00:00+00:00,89.69999694824219,90.06500244140625,89.41000366210938,89.86000061035156,434
2026-03-10 02:15:00+00:00,89.75499725341797,89.88999938964844,89.71499633789062,89.76499938964844,115
2026-03-10 02:30:00+00:00,90.32499694824219,90.38500213623047,89.72000122070312,89.81999969482422,508
2026-03-10 02:45:00+00:00,89.17500305175781,90.33000183105469,89.1050033569336,90.31500244140625,652
2026-03-10 03:00:00+00:00,89.29000091552734,89.68499755859375,89.20999908447266,89.20999908447266,218
2026-03-10 03:15:00+00:00,88.87999725341797,89.46499633789062,88.75,89.2300033569336,667
2026-03-10 03:30:00+00:00,88.6050033569336,88.96499633789062,88.49500274658203,88.88999938964844,163
2026-03-10 03:45:00+00:00,88.4749984741211,88.58000183105469,88.06999969482422,88.58000183105469,250
2026-03-10 04:00:00+00:00,88.7300033569336,88.80999755859375,88.2699966430664,88.43000030517578,145
2026-03-10 04:15:00+00:00,88.6449966430664,88.86000061035156,88.63500213623047,88.69999694824219,159
2026-03-10 04:30:00+00:00,88.66999816894531,88.75,88.55500030517578,88.66000366210938,79
2026-03-10 04:45:00+00:00,88.7249984741211,88.75,88.58499908447266,88.66000366210938,46
2026-03-10 05:00:00+00:00,89.05999755859375,89.09500122070312,88.75499725341797,88.76499938964844,142
2026-03-10 05:15:00+00:00,88.92500305175781,89.1500015258789,88.86499786376953,89.09500122070312,111
2026-03-10 05:30:00+00:00,89.26499938964844,89.37999725341797,88.9749984741211,88.9800033569336,287
2026-03-10 05:45:00+00:00,89.53500366210938,89.55500030517578,89.08499908447266,89.2699966430664,164
2026-03-10 06:00:00+00:00,89.4800033569336,89.53500366210938,89.24500274658203,89.49500274658203,207
2026-03-10 06:15:00+00:00,89.12000274658203,89.5,89.06999969482422,89.375,168
2026-03-10 06:30:00+00:00,89.17500305175781,89.32499694824219,88.94499969482422,89.16500091552734,139
2026-03-10 06:45:00+00:00,89.25499725341797,89.43499755859375,89.15499877929688,89.19000244140625,137
2026-03-10 07:00:00+00:00,89.16000366210938,89.52999877929688,88.86000061035156,89.22000122070312,266
2026-03-10 07:15:00+00:00,89.04000091552734,89.23999786376953,88.70999908447266,89.13999938964844,345
2026-03-10 07:30:00+00:00,89.2300033569336,89.2300033569336,88.90499877929688,89.0999984741211,167
2026-03-10 07:45:00+00:00,89.48500061035156,89.5,89.19000244140625,89.22000122070312,563
2026-03-10 08:00:00+00:00,89.38999938964844,89.58499908447266,89.25,89.51000213623047,341
2026-03-10 08:15:00+00:00,89.38999938964844,89.42500305175781,89.13500213623047,89.37999725341797,312
2026-03-10 08:30:00+00:00,89.51000213623047,89.6449966430664,89.23500061035156,89.3550033569336,214
2026-03-10 08:45:00+00:00,89.28500366210938,89.66999816894531,89.28500366210938,89.54000091552734,150
2026-03-10 09:00:00+00:00,89.45500183105469,89.54000091552734,89.32499694824219,89.34500122070312,68
2026-03-10 09:15:00+00:00,89.62999725341797,89.6500015258789,89.2750015258789,89.47000122070312,132
2026-03-10 09:30:00+00:00,89.68000030517578,89.75,89.5199966430664,89.61499786376953,144
2026-03-10 09:45:00+00:00,89.41999816894531,89.66500091552734,89.41999816894531,89.63999938964844,81
2026-03-10 10:00:00+00:00,89.16500091552734,89.41000366210938,89.05999755859375,89.40499877929688,375
2026-03-10 10:15:00+00:00,88.83499908447266,89.15499877929688,88.7249984741211,89.1050033569336,353
2026-03-10 10:30:00+00:00,88.73500061035156,88.83000183105469,88.08000183105469,88.79499816894531,570
2026-03-10 10:45:00+00:00,88.6449966430664,88.80000305175781,88.51499938964844,88.73500061035156,161
2026-03-10 11:00:00+00:00,88.83999633789062,89.20999908447266,88.5,88.66999816894531,417
2026-03-10 11:15:00+00:00,88.66000366210938,88.95999908447266,88.37999725341797,88.86499786376953,320
2026-03-10 11:30:00+00:00,88.30000305175781,88.75,88.27999877929688,88.59500122070312,171
2026-03-10 11:45:00+00:00,88.62000274658203,88.63500213623047,88.29000091552734,88.30999755859375,144
2026-03-10 12:00:00+00:00,88.5999984741211,88.83000183105469,88.15499877929688,88.62000274658203,737
2026-03-10 12:15:00+00:00,88.74500274658203,88.88500213623047,88.43000030517578,88.625,561
2026-03-10 12:30:00+00:00,88.98999786376953,89.05000305175781,88.77999877929688,88.77999877929688,453
2026-03-10 12:45:00+00:00,88.87999725341797,89.09500122070312,88.68000030517578,88.99500274658203,541
2026-03-10 13:00:00+00:00,89.54499816894531,89.55500030517578,88.83499908447266,88.88500213623047,966
2026-03-10 13:15:00+00:00,89.68499755859375,89.9749984741211,89.44499969482422,89.53500366210938,952
2026-03-10 13:30:00+00:00,89.20999908447266,89.72000122070312,89.05000305175781,89.70500183105469,1029
2026-03-10 13:45:00+00:00,89.1050033569336,89.32499694824219,88.69499969482422,89.1500015258789,1329
2026-03-10 14:00:00+00:00,88.83499908447266,89.30000305175781,88.625,89.0999984741211,1205
2026-03-10 14:15:00+00:00,89.20999908447266,89.36000061035156,88.80999755859375,88.86000061035156,522
2026-03-10 14:30:00+00:00,89.29000091552734,89.30500030517578,88.8550033569336,89.20500183105469,620
2026-03-10 14:45:00+00:00,89.4749984741211,89.63999938964844,89.23999786376953,89.31500244140625,610
2026-03-10 15:00:00+00:00,89.75,89.80000305175781,89.38999938964844,89.50499725341797,506
2026-03-10 15:15:00+00:00,89.8949966430664,90.04000091552734,89.75,89.75,851
2026-03-10 15:30:00+00:00,90.06500244140625,90.09500122070312,89.80000305175781,89.90499877929688,768
2026-03-10 15:45:00+00:00,89.83000183105469,90.08499908447266,89.76499938964844,90.07499694824219,627
2026-03-10 16:00:00+00:00,89.55000305175781,89.8550033569336,89.32499694824219,89.8499984741211,666
2026-03-10 16:15:00+00:00,89.8499984741211,89.93499755859375,89.51499938964844,89.51499938964844,352
2026-03-10 16:30:00+00:00,89.90499877929688,90.09500122070312,89.88999938964844,89.9000015258789,701
2026-03-10 16:45:00+00:00,89.81500244140625,90.06500244140625,89.75,89.8949966430664,422
2026-03-10 17:00:00+00:00,89.94499969482422,89.95500183105469,89.68000030517578,89.83499908447266,883
2026-03-10 17:15:00+00:00,89.68000030517578,89.9749984741211,89.44000244140625,89.93499755859375,1883
2026-03-10 17:30:00+00:00,89.5199966430664,89.86000061035156,89.41999816894531,89.70999908447266,380
2026-03-10 17:45:00+00:00,89.34500122070312,89.56500244140625,89.26000213623047,89.49500274658203,275
2026-03-10 18:00:00+00:00,89.04499816894531,89.4749984741211,89.00499725341797,89.36499786376953,414
2026-03-10 18:15:00+00:00,88.5250015258789,89.08499908447266,87.19999694824219,89.06500244140625,2468
2026-03-10 18:30:00+00:00,88.4000015258789,88.66999816894531,87.94499969482422,88.55500030517578,812
2026-03-10 18:45:00+00:00,88.19999694824219,88.75,88.19999694824219,88.36000061035156,395
2026-03-10 19:00:00+00:00,88.7249984741211,88.7249984741211,88.0999984741211,88.1500015258789,201
2026-03-10 19:15:00+00:00,88.65499877929688,88.95999908447266,88.58000183105469,88.79499816894531,225
2026-03-10 19:30:00+00:00,88.45999908447266,88.70999908447266,88.0,88.58000183105469,352
2026-03-10 19:45:00+00:00,88.69499969482422,88.7300033569336,88.38500213623047,88.41000366210938,158
2026-03-10 20:00:00+00:00,88.80000305175781,88.8499984741211,88.59500122070312,88.68000030517578,93
2026-03-10 20:15:00+00:00,88.79499816894531,88.8550033569336,88.54000091552734,88.80500030517578,97
2026-03-10 20:30:00+00:00,88.8550033569336,88.87999725341797,88.66999816894531,88.73500061035156,69
2026-03-10 20:45:00+00:00,88.56999969482422,88.91999816894531,88.5250015258789,88.8499984741211,228
2026-03-10 22:00:00+00:00,88.8949966430664,88.96499633789062,88.5,88.50499725341797,122
2026-03-10 22:15:00+00:00,88.94000244140625,89.21499633789062,88.91000366210938,88.95500183105469,242
2026-03-10 22:30:00+00:00,88.66999816894531,89.0,88.65499877929688,88.94000244140625,127
2026-03-10 22:45:00+00:00,88.54499816894531,88.81999969482422,88.5250015258789,88.69499969482422,70
2026-03-10 23:00:00+00:00,88.66999816894531,88.83499908447266,88.54000091552734,88.61000061035156,37
2026-03-10 23:15:00+00:00,88.61000061035156,88.81999969482422,88.55999755859375,88.70999908447266,41
2026-03-10 23:30:00+00:00,88.69999694824219,88.79000091552734,88.58999633789062,88.66000366210938,34
2026-03-10 23:45:00+00:00,88.70500183105469,88.72000122070312,88.31500244140625,88.72000122070312,139
2026-03-11 00:00:00+00:00,88.34500122070312,88.79499816894531,88.02999877929688,88.75,238
2026-03-11 00:15:00+00:00,89.05999755859375,89.13999938964844,88.34500122070312,88.375,194
2026-03-11 00:30:00+00:00,88.93499755859375,89.17500305175781,88.87000274658203,89.06999969482422,127
2026-03-11 00:45:00+00:00,89.53500366210938,89.53500366210938,88.95999908447266,88.95999908447266,353
2026-03-11 01:00:00+00:00,89.23500061035156,89.70500183105469,89.05500030517578,89.51499938964844,352
2026-03-11 01:15:00+00:00,89.0250015258789,89.42500305175781,88.73999786376953,89.16000366210938,214
2026-03-11 01:30:00+00:00,88.91000366210938,89.08000183105469,88.68000030517578,88.95500183105469,113
2026-03-11 01:45:00+00:00,88.76000213623047,89.125,88.75499725341797,88.9000015258789,211
2026-03-11 02:00:00+00:00,88.3550033569336,88.8550033569336,88.24500274658203,88.7699966430664,274
2026-03-11 02:15:00+00:00,88.46499633789062,88.66000366210938,88.36000061035156,88.38500213623047,206
2026-03-11 02:30:00+00:00,88.66500091552734,88.66500091552734,88.06999969482422,88.42500305175781,215
2026-03-11 02:45:00+00:00,89.0199966430664,89.30000305175781,88.66500091552734,88.66500091552734,373
2026-03-11 03:00:00+00:00,88.87999725341797,89.12000274658203,88.77999877929688,89.05999755859375,41
2026-03-11 03:15:00+00:00,88.67500305175781,88.94999694824219,88.625,88.87999725341797,61
2026-03-11 03:30:00+00:00,88.59500122070312,88.77999877929688,88.55000305175781,88.66000366210938,49
2026-03-11 03:45:00+00:00,88.38500213623047,88.6449966430664,88.2699966430664,88.6449966430664,63
2026-03-11 04:00:00+00:00,88.61000061035156,88.61000061035156,88.26499938964844,88.43000030517578,69
2026-03-11 04:15:00+00:00,88.62000274658203,88.69000244140625,88.58499908447266,88.61499786376953,27
2026-03-11 04:30:00+00:00,88.55500030517578,88.61499786376953,88.51499938964844,88.58999633789062,16
2026-03-11 04:45:00+00:00,88.48500061035156,88.5250015258789,88.3550033569336,88.5199966430664,70
2026-03-11 05:00:00+00:00,88.38999938964844,88.58499908447266,88.38999938964844,88.48500061035156,50
2026-03-11 05:15:00+00:00,88.17500305175781,88.53500366210938,88.17500305175781,88.43499755859375,139
2026-03-11 05:30:00+00:00,87.97000122070312,88.23500061035156,87.16000366210938,88.16500091552734,1331
2026-03-11 05:45:00+00:00,87.88500213623047,87.94000244140625,87.30000305175781,87.88999938964844,381
2026-03-11 06:00:00+00:00,88.20999908447266,88.23500061035156,87.59500122070312,87.87999725341797,223
2026-03-11 06:15:00+00:00,88.21499633789062,88.27999877929688,88.0199966430664,88.19000244140625,134
2026-03-11 06:30:00+00:00,87.88500213623047,88.24500274658203,87.80000305175781,88.21499633789062,167
2026-03-11 06:45:00+00:00,87.52999877929688,87.86499786376953,87.43499755859375,87.83499908447266,328
2026-03-11 07:00:00+00:00,87.5250015258789,87.72000122070312,87.4000015258789,87.51000213623047,247
2026-03-11 07:15:00+00:00,87.70500183105469,87.70500183105469,87.47000122070312,87.58499908447266,137
2026-03-11 07:30:00+00:00,87.04000091552734,87.75,86.70999908447266,87.72000122070312,640
2026-03-11 07:45:00+00:00,87.18499755859375,87.2249984741211,86.55500030517578,87.03500366210938,855
2026-03-11 08:00:00+00:00,87.2750015258789,87.2750015258789,86.625,87.19499969482422,410
2026-03-11 08:15:00+00:00,86.98999786376953,87.31500244140625,86.87000274658203,87.25499725341797,225
2026-03-11 08:30:00+00:00,87.16000366210938,87.26499938964844,86.74500274658203,86.99500274658203,317
2026-03-11 08:45:00+00:00,87.36000061035156,87.48999786376953,87.06999969482422,87.09500122070312,217
2026-03-11 09:00:00+00:00,87.33000183105469,87.3949966430664,87.0,87.30999755859375,274
2026-03-11 09:15:00+00:00,87.41500091552734,87.43499755859375,87.23500061035156,87.2750015258789,132
2026-03-11 09:30:00+00:00,87.29000091552734,87.58000183105469,87.25,87.375,240
2026-03-11 09:45:00+00:00,86.80000305175781,87.29000091552734,86.5999984741211,87.2300033569336,400
2026-03-11 10:00:00+00:00,87.30999755859375,87.34500122070312,86.72000122070312,86.81500244140625,480
2026-03-11 10:15:00+00:00,87.26499938964844,87.33000183105469,87.13999938964844,87.32499694824219,166
2026-03-11 10:30:00+00:00,86.76000213623047,87.28500366210938,86.70500183105469,87.28500366210938,276
2026-03-11 10:45:00+00:00,86.73999786376953,87.01000213623047,86.6050033569336,86.75499725341797,346
2026-03-11 11:00:00+00:00,86.90499877929688,87.2249984741211,86.75,86.75,328
2026-03-11 11:15:00+00:00,86.83000183105469,87.0,86.67500305175781,86.91999816894531,201
2026-03-11 11:30:00+00:00,86.3949966430664,86.94999694824219,86.375,86.76499938964844,409
2026-03-11 11:45:00+00:00,86.44499969482422,86.73999786376953,86.13500213623047,86.36000061035156,988
2026-03-11 12:00:00+00:00,86.68000030517578,86.77999877929688,86.1449966430664,86.41000366210938,543
2026-03-11 12:15:00+00:00,86.66500091552734,86.94499969482422,86.51499938964844,86.69499969482422,381
2026-03-11 12:30:00+00:00,86.19000244140625,86.88500213623047,86.0999984741211,86.76499938964844,1046
2026-03-11 12:45:00+00:00,85.41999816894531,86.19499969482422,85.37000274658203,86.16000366210938,1605
2026-03-11 13:00:00+00:00,85.8550033569336,86.07499694824219,84.81500244140625,85.41999816894531,2275
2026-03-11 13:15:00+00:00,86.3499984741211,86.38500213623047,85.80999755859375,85.8550033569336,626
2026-03-11 13:30:00+00:00,85.31999969482422,86.31999969482422,85.27999877929688,86.31999969482422,1467
2026-03-11 13:45:00+00:00,85.40499877929688,85.45500183105469,84.55500030517578,85.25,1683
2026-03-11 14:00:00+00:00,85.8499984741211,85.8550033569336,85.375,85.38500213623047,1078
2026-03-11 14:15:00+00:00,86.05999755859375,86.06999969482422,85.40499877929688,85.8550033569336,1203
2026-03-11 14:30:00+00:00,85.9000015258789,86.12000274658203,85.5,86.0199966430664,756
2026-03-11 14:45:00+00:00,85.68000030517578,86.09500122070312,85.6449966430664,85.82499694824219,967
2026-03-11 15:00:00+00:00,85.25499725341797,85.87999725341797,85.08999633789062,85.73500061035156,819
2026-03-11 15:15:00+00:00,85.3499984741211,85.59500122070312,85.07499694824219,85.25,717
2026-03-11 15:30:00+00:00,85.05999755859375,85.33000183105469,84.94000244140625,85.32499694824219,475
2026-03-11 15:45:00+00:00,84.99500274658203,85.29000091552734,84.80500030517578,85.1050033569336,645
2026-03-11 16:00:00+00:00,85.02999877929688,85.17500305175781,84.56500244140625,84.9749984741211,714
2026-03-11 16:15:00+00:00,85.06500244140625,85.24500274658203,84.82499694824219,85.06500244140625,449
2026-03-11 16:30:00+00:00,85.44499969482422,85.55000305175781,85.04499816894531,85.06999969482422,862
2026-03-11 16:45:00+00:00,85.47000122070312,85.56999969482422,85.33499908447266,85.44999694824219,393
2026-03-11 17:00:00+00:00,85.44999694824219,85.76499938964844,85.41999816894531,85.48999786376953,572
2026-03-11 17:15:00+00:00,85.57499694824219,85.69000244140625,85.26499938964844,85.44000244140625,1643
2026-03-11 17:30:00+00:00,85.30000305175781,85.62999725341797,84.9000015258789,85.62999725341797,685
2026-03-11 17:45:00+00:00,85.43000030517578,85.46499633789062,85.19499969482422,85.31999969482422,158
2026-03-11 18:00:00+00:00,85.6050033569336,85.73999786376953,85.42500305175781,85.48500061035156,271
2026-03-11 18:15:00+00:00,86.11499786376953,86.11499786376953,85.58999633789062,85.5999984741211,362
2026-03-11 18:30:00+00:00,85.84500122070312,86.05999755859375,85.74500274658203,86.05999755859375,298
2026-03-11 18:45:00+00:00,85.6500015258789,85.87999725341797,85.46499633789062,85.86000061035156,228
2026-03-11 19:00:00+00:00,85.63500213623047,85.76000213623047,85.56999969482422,85.625,77
2026-03-11 19:15:00+00:00,85.84500122070312,85.8499984741211,85.61499786376953,85.63999938964844,54
2026-03-11 19:30:00+00:00,86.0999984741211,86.12000274658203,85.81500244140625,85.87999725341797,176
2026-03-11 19:45:00+00:00,86.19499969482422,86.2300033569336,85.93000030517578,86.08999633789062,410
2026-03-11 20:00:00+00:00,86.11000061035156,86.26000213623047,86.03500366210938,86.19000244140625,79
2026-03-11 20:15:00+00:00,86.00499725341797,86.08499908447266,85.9800033569336,86.06999969482422,55
2026-03-11 20:30:00+00:00,85.88500213623047,86.0,85.87999725341797,85.98500061035156,86
2026-03-11 20:45:00+00:00,85.91000366210938,86.0250015258789,85.80500030517578,85.88500213623047,130
2026-03-11 22:00:00+00:00,85.77999877929688,86.06500244140625,85.5,86.06500244140625,66
2026-03-11 22:15:00+00:00,85.44499969482422,85.74500274658203,85.31500244140625,85.74500274658203,107
2026-03-11 22:30:00+00:00,85.21499633789062,85.4800033569336,85.11000061035156,85.4800033569336,112
2026-03-11 22:45:00+00:00,85.05999755859375,85.45999908447266,84.75,85.26000213623047,192
2026-03-11 23:00:00+00:00,85.26000213623047,85.375,85.02999877929688,85.05000305175781,128
2026-03-11 23:15:00+00:00,85.28500366210938,85.32499694824219,85.11000061035156,85.30000305175781,50
2026-03-11 23:30:00+00:00,85.0250015258789,85.33999633789062,85.0250015258789,85.23500061035156,80
2026-03-11 23:45:00+00:00,84.71499633789062,85.01499938964844,84.71499633789062,85.01499938964844,207
2026-03-12 00:00:00+00:00,85.07499694824219,85.11499786376953,84.05999755859375,84.75499725341797,775
2026-03-12 00:15:00+00:00,85.3499984741211,85.4800033569336,85.0250015258789,85.04000091552734,195
2026-03-12 00:30:00+00:00,85.72000122070312,85.80000305175781,85.33499908447266,85.36000061035156,208
2026-03-12 00:45:00+00:00,85.77999877929688,85.81999969482422,85.55999755859375,85.74500274658203,88
2026-03-12 01:00:00+00:00,85.77999877929688,86.05000305175781,85.45500183105469,85.70500183105469,260
2026-03-12 01:15:00+00:00,85.17500305175781,85.7300033569336,85.16000366210938,85.7300033569336,190
2026-03-12 01:30:00+00:00,85.8550033569336,85.8550033569336,85.05500030517578,85.13999938964844,124
2026-03-12 01:45:00+00:00,85.63500213623047,85.875,85.48999786376953,85.8499984741211,119
2026-03-12 02:00:00+00:00,85.74500274658203,85.87999725341797,85.5999984741211,85.62000274658203,100
2026-03-12 02:15:00+00:00,85.44999694824219,85.75,85.43000030517578,85.70999908447266,75
2026-03-12 02:30:00+00:00,84.9000015258789,85.69000244140625,84.73999786376953,85.48999786376953,418
2026-03-12 02:45:00+00:00,84.66500091552734,84.95999908447266,84.4749984741211,84.88999938964844,252
2026-03-12 03:00:00+00:00,84.83000183105469,85.1449966430664,84.6500015258789,84.6500015258789,259
2026-03-12 03:15:00+00:00,84.93000030517578,85.06999969482422,84.69499969482422,84.86499786376953,267
2026-03-12 03:30:00+00:00,84.98500061035156,85.04000091552734,84.5250015258789,84.94000244140625,262
2026-03-12 03:45:00+00:00,85.05999755859375,85.12999725341797,84.95500183105469,85.00499725341797,74
2026-03-12 04:00:00+00:00,84.95500183105469,85.04000091552734,84.83999633789062,84.90499877929688,41
2026-03-12 04:15:00+00:00,84.90499877929688,85.05500030517578,84.79499816894531,85.02999877929688,45
2026-03-12 04:30:00+00:00,84.53500366210938,84.86000061035156,84.53500366210938,84.86000061035156,106
2026-03-12 04:45:00+00:00,84.51499938964844,84.68499755859375,84.49500274658203,84.61000061035156,132
2026-03-12 05:00:00+00:00,84.88999938964844,84.98999786376953,84.5250015258789,84.5250015258789,80
2026-03-12 05:15:00+00:00,84.79000091552734,85.08000183105469,84.70999908447266,84.91999816894531,104
2026-03-12 05:30:00+00:00,85.45500183105469,85.53500366210938,84.69999694824219,84.79000091552734,321
2026-03-12 05:45:00+00:00,85.4749984741211,85.59500122070312,85.29499816894531,85.50499725341797,186
2026-03-12 06:00:00+00:00,85.55000305175781,85.6050033569336,85.31999969482422,85.49500274658203,157
2026-03-12 06:15:00+00:00,85.51499938964844,85.61499786376953,85.25499725341797,85.55000305175781,174
2026-03-12 06:30:00+00:00,86.61000061035156,86.70500183105469,85.55000305175781,85.625,657
2026-03-12 06:45:00+00:00,86.36499786376953,86.66500091552734,86.28500366210938,86.6500015258789,256
2026-03-12 07:00:00+00:00,86.25,86.36000061035156,86.0,86.36000061035156,272
2026-03-12 07:15:00+00:00,86.65499877929688,86.67500305175781,86.19000244140625,86.22000122070312,210
2026-03-12 07:30:00+00:00,87.12000274658203,87.19000244140625,86.58499908447266,86.62999725341797,411
2026-03-12 07:45:00+00:00,87.2249984741211,87.25,87.0,87.0999984741211,304
2026-03-12 08:00:00+00:00,87.21499633789062,87.38500213623047,87.0999984741211,87.23999786376953,228
2026-03-12 08:15:00+00:00,86.93499755859375,87.23999786376953,86.8499984741211,87.19999694824219,320
2026-03-12 08:30:00+00:00,86.82499694824219,87.29000091552734,86.82499694824219,86.94999694824219,220
2026-03-12 08:45:00+00:00,86.94000244140625,87.01499938964844,86.68000030517578,86.875,166
2026-03-12 09:00:00+00:00,86.98500061035156,87.16999816894531,86.88500213623047,86.9749984741211,258
2026-03-12 09:15:00+00:00,87.00499725341797,87.0999984741211,86.95500183105469,86.9800033569336,124
2026-03-12 09:30:00+00:00,87.18499755859375,87.33000183105469,87.03500366210938,87.03500366210938,188
2026-03-12 09:45:00+00:00,87.31999969482422,87.31999969482422,87.05500030517578,87.16500091552734,96
2026-03-12 10:00:00+00:00,87.22000122070312,87.44000244140625,87.18499755859375,87.26000213623047,175
2026-03-12 10:15:00+00:00,87.3550033569336,87.44499969482422,87.06999969482422,87.20500183105469,185
2026-03-12 10:30:00+00:00,87.18499755859375,87.43000030517578,86.99500274658203,87.375,454
2026-03-12 10:45:00+00:00,87.43499755859375,87.44499969482422,87.19999694824219,87.19999694824219,356
2026-03-12 11:00:00+00:00,87.1050033569336,87.47000122070312,87.08000183105469,87.42500305175781,215
2026-03-12 11:15:00+00:00,87.08000183105469,87.125,86.97000122070312,87.06500244140625,132
2026-03-12 11:30:00+00:00,87.28500366210938,87.29000091552734,87.05500030517578,87.11000061035156,143
2026-03-12 11:45:00+00:00,87.1500015258789,87.30000305175781,87.0,87.30000305175781,288
2026-03-12 12:00:00+00:00,87.07499694824219,87.3550033569336,86.87999725341797,87.16000366210938,1068
2026-03-12 12:15:00+00:00,87.1500015258789,87.24500274658203,86.7699966430664,87.0,311
2026-03-12 12:30:00+00:00,87.26000213623047,87.5,86.95999908447266,87.19499969482422,515
2026-03-12 12:45:00+00:00,87.5199966430664,87.63500213623047,87.23999786376953,87.25499725341797,391
2026-03-12 13:00:00+00:00,87.42500305175781,87.69499969482422,87.17500305175781,87.51499938964844,830
2026-03-12 13:15:00+00:00,86.93499755859375,87.42500305175781,86.75,87.42500305175781,662
2026-03-12 13:30:00+00:00,86.6449966430664,86.91000366210938,86.25,86.91000366210938,1535
2026-03-12 13:45:00+00:00,86.07499694824219,86.70500183105469,85.80000305175781,86.5999984741211,1282
2026-03-12 14:00:00+00:00,86.61000061035156,86.6449966430664,86.0199966430664,86.05000305175781,801
2026-03-12 14:15:00+00:00,85.94000244140625,86.6449966430664,85.86000061035156,86.61499786376953,717
2026-03-12 14:30:00+00:00,85.94999694824219,86.02999877929688,85.51000213623047,85.95500183105469,890
2026-03-12 14:45:00+00:00,85.75,86.13500213623047,85.31999969482422,85.93499755859375,835
2026-03-12 15:00:00+00:00,85.01000213623047,85.80500030517578,84.625,85.76000213623047,1082
2026-03-12 15:15:00+00:00,85.26000213623047,85.32499694824219,84.73999786376953,85.0,680
2026-03-12 15:30:00+00:00,85.41500091552734,85.49500274658203,84.84500122070312,85.26000213623047,811
2026-03-12 15:45:00+00:00,85.38999938964844,85.5250015258789,85.25,85.42500305175781,459
2026-03-12 16:00:00+00:00,85.3499984741211,85.6449966430664,85.0199966430664,85.38500213623047,532
2026-03-12 16:15:00+00:00,85.48999786376953,85.78500366210938,85.34500122070312,85.375,462
2026-03-12 16:30:00+00:00,85.63999938964844,85.79000091552734,85.19999694824219,85.5199966430664,520
2026-03-12 16:45:00+00:00,85.26000213623047,85.69000244140625,85.26000213623047,85.6500015258789,303
2026-03-12 17:00:00+00:00,85.26000213623047,85.5999984741211,85.26000213623047,85.29000091552734,488
2026-03-12 17:15:00+00:00,85.08000183105469,85.3550033569336,84.96499633789062,85.27999877929688,1170
2026-03-12 17:30:00+00:00,85.0999984741211,85.16000366210938,84.86499786376953,85.04499816894531,249
2026-03-12 17:45:00+00:00,84.95999908447266,85.17500305175781,84.87999725341797,85.0,227
2026-03-12 18:00:00+00:00,85.13500213623047,85.36000061035156,84.96499633789062,85.0,202
2026-03-12 18:15:00+00:00,84.9800033569336,85.29499816894531,84.83999633789062,85.20999908447266,267
2026-03-12 18:30:00+00:00,85.06500244140625,85.11499786376953,84.8949966430664,84.9749984741211,143
2026-03-12 18:45:00+00:00,84.95500183105469,85.21499633789062,84.86499786376953,85.02999877929688,210
2026-03-12 19:00:00+00:00,85.05500030517578,85.05500030517578,84.55999755859375,84.91999816894531,466
2026-03-12 19:15:00+00:00,85.0999984741211,85.0999984741211,84.87999725341797,85.04499816894531,261
2026-03-12 19:30:00+00:00,84.83000183105469,85.16999816894531,84.83000183105469,85.125,133
2026-03-12 19:45:00+00:00,84.69499969482422,84.94499969482422,84.52999877929688,84.82499694824219,259
2026-03-12 20:00:00+00:00,84.42500305175781,84.77999877929688,84.25,84.66500091552734,240
2026-03-12 20:15:00+00:00,83.63999938964844,84.54499816894531,83.58000183105469,84.42500305175781,1270
2026-03-12 20:30:00+00:00,83.91500091552734,83.94499969482422,83.12000274658203,83.58499908447266,723
2026-03-12 20:45:00+00:00,83.95500183105469,84.13500213623047,83.80000305175781,83.88999938964844,366
2026-03-12 22:00:00+00:00,83.6050033569336,83.91000366210938,83.50499725341797,83.91000366210938,38
2026-03-12 22:15:00+00:00,84.30000305175781,84.44999694824219,83.63500213623047,83.63500213623047,214
2026-03-12 22:30:00+00:00,84.21499633789062,84.30500030517578,84.03500366210938,84.26000213623047,57
2026-03-12 22:45:00+00:00,84.49500274658203,84.49500274658203,84.06500244140625,84.21499633789062,123
2026-03-12 23:00:00+00:00,84.32499694824219,84.4800033569336,84.2750015258789,84.4800033569336,68
2026-03-12 23:15:00+00:00,84.44999694824219,84.51499938964844,84.30000305175781,84.30000305175781,53
2026-03-12 23:30:00+00:00,84.2750015258789,84.375,84.24500274658203,84.28500366210938,51
2026-03-12 23:45:00+00:00,84.12999725341797,84.4000015258789,84.12999725341797,84.33999633789062,108
2026-03-13 00:00:00+00:00,84.81999969482422,84.8949966430664,84.06500244140625,84.12999725341797,247
2026-03-13 00:15:00+00:00,84.81999969482422,84.94999694824219,84.72000122070312,84.8499984741211,108
2026-03-13 00:30:00+00:00,84.91500091552734,85.18000030517578,84.83499908447266,84.83499908447266,167
2026-03-13 00:45:00+00:00,85.19000244140625,85.23500061035156,84.94499969482422,84.94499969482422,127
2026-03-13 01:00:00+00:00,85.48999786376953,85.62000274658203,85.25,85.25,437
2026-03-13 01:15:00+00:00,85.37999725341797,85.51000213623047,85.16500091552734,85.51000213623047,93
2026-03-13 01:30:00+00:00,84.83999633789062,85.4749984741211,84.76499938964844,85.38999938964844,387
2026-03-13 01:45:00+00:00,84.95500183105469,84.95500183105469,84.12000274658203,84.81500244140625,355
2026-03-13 02:00:00+00:00,85.2300033569336,85.37999725341797,85.04499816894531,85.04499816894531,260
2026-03-13 02:15:00+00:00,85.26000213623047,85.30000305175781,84.98500061035156,85.16000366210938,86
2026-03-13 02:30:00+00:00,85.04000091552734,85.30000305175781,84.93000030517578,85.23999786376953,121
2026-03-13 02:45:00+00:00,84.59500122070312,85.00499725341797,84.5,84.99500274658203,257
2026-03-13 03:00:00+00:00,84.44999694824219,84.69499969482422,84.3499984741211,84.50499725341797,257
2026-03-13 03:15:00+00:00,84.54499816894531,84.58000183105469,84.23999786376953,84.43499755859375,157
2026-03-13 03:30:00+00:00,84.63500213623047,84.69999694824219,84.26499938964844,84.50499725341797,156
2026-03-13 03:45:00+00:00,84.88500213623047,84.8949966430664,84.61000061035156,84.61499786376953,54
2026-03-13 04:00:00+00:00,84.62999725341797,84.8499984741211,84.61000061035156,84.80500030517578,53
2026-03-13 04:15:00+00:00,84.3499984741211,84.68000030517578,84.3499984741211,84.67500305175781,278
2026-03-13 04:30:00+00:00,84.48500061035156,84.5,84.30000305175781,84.38500213623047,53
2026-03-13 04:45:00+00:00,84.44499969482422,84.55000305175781,84.33499908447266,84.44999694824219,37
2026-03-13 05:00:00+00:00,84.44000244140625,84.5999984741211,84.43499755859375,84.44499969482422,35
2026-03-13 05:15:00+00:00,84.28500366210938,84.625,84.23500061035156,84.54000091552734,114
2026-03-13 05:30:00+00:00,83.70500183105469,84.36499786376953,83.58499908447266,84.32499694824219,619
2026-03-13 05:45:00+00:00,83.77999877929688,83.93000030517578,83.25,83.66999816894531,710
2026-03-13 06:00:00+00:00,83.68499755859375,83.97000122070312,83.53500366210938,83.7300033569336,359
2026-03-13 06:15:00+00:00,83.02999877929688,83.67500305175781,82.59500122070312,83.66999816894531,852
2026-03-13 06:30:00+00:00,82.62000274658203,83.2300033569336,82.49500274658203,82.98999786376953,808
2026-03-13 06:45:00+00:00,82.5250015258789,82.9000015258789,82.25,82.55999755859375,1003
2026-03-13 07:00:00+00:00,82.6500015258789,82.9800033569336,82.53500366210938,82.56999969482422,410
2026-03-13 07:15:00+00:00,82.4000015258789,82.6500015258789,81.51499938964844,82.63500213623047,1058
2026-03-13 07:30:00+00:00,82.55999755859375,82.75499725341797,82.30500030517578,82.40499877929688,406
2026-03-13 07:45:00+00:00,82.4749984741211,82.76499938964844,82.18499755859375,82.51499938964844,221
2026-03-13 08:00:00+00:00,82.40499877929688,82.4749984741211,81.66500091552734,82.4749984741211,519
2026-03-13 08:15:00+00:00,82.13500213623047,82.48999786376953,81.82499694824219,82.375,687
2026-03-13 08:30:00+00:00,82.62999725341797,82.86000061035156,82.11499786376953,82.11499786376953,381
2026-03-13 08:45:00+00:00,82.80000305175781,83.00499725341797,82.43000030517578,82.65499877929688,623
2026-03-13 09:00:00+00:00,82.81500244140625,83.03500366210938,82.76000213623047,82.80999755859375,234
2026-03-13 09:15:00+00:00,82.8949966430664,82.94000244140625,82.44999694824219,82.83000183105469,488
2026-03-13 09:30:00+00:00,82.80500030517578,82.9800033569336,82.66999816894531,82.94000244140625,132
2026-03-13 09:45:00+00:00,83.13500213623047,83.25,82.76499938964844,82.76499938964844,167
2026-03-13 10:00:00+00:00,83.30999755859375,83.30999755859375,82.86000061035156,83.1449966430664,171
2026-03-13 10:15:00+00:00,83.00499725341797,83.30999755859375,82.94999694824219,83.26000213623047,88
2026-03-13 10:30:00+00:00,83.1449966430664,83.2249984741211,82.83999633789062,83.0,91
2026-03-13 10:45:00+00:00,83.375,83.66500091552734,83.04000091552734,83.19999694824219,269
2026-03-13 11:00:00+00:00,83.2249984741211,83.5,83.05500030517578,83.31500244140625,261
2026-03-13 11:15:00+00:00,83.50499725341797,83.55000305175781,83.16000366210938,83.20999908447266,172
2026-03-13 11:30:00+00:00,83.33999633789062,83.4749984741211,83.19999694824219,83.4749984741211,86
2026-03-13 11:45:00+00:00,83.81999969482422,83.93499755859375,83.24500274658203,83.4000015258789,433
2026-03-13 12:00:00+00:00,84.13999938964844,84.37000274658203,83.79499816894531,83.83499908447266,843
2026-03-13 12:15:00+00:00,84.26499938964844,84.36499786376953,84.0199966430664,84.13999938964844,293
2026-03-13 12:30:00+00:00,84.12999725341797,84.44999694824219,84.04499816894531,84.29499816894531,448
2026-03-13 12:45:00+00:00,84.44000244140625,84.63500213623047,84.12000274658203,84.1449966430664,513
2026-03-13 13:00:00+00:00,84.38500213623047,84.6500015258789,84.09500122070312,84.44000244140625,694
2026-03-13 13:15:00+00:00,84.2249984741211,84.56500244140625,84.16999816894531,84.42500305175781,538
2026-03-13 13:30:00+00:00,84.23500061035156,84.23500061035156,83.50499725341797,84.16500091552734,1372
2026-03-13 13:45:00+00:00,83.73500061035156,84.41000366210938,83.67500305175781,84.23999786376953,959
2026-03-13 14:00:00+00:00,82.6500015258789,83.80000305175781,82.6500015258789,83.69999694824219,1098
2026-03-13 14:15:00+00:00,82.61000061035156,82.81500244140625,82.24500274658203,82.61499786376953,1204
2026-03-13 14:30:00+00:00,82.18000030517578,82.76000213623047,82.05999755859375,82.55000305175781,1172
2026-03-13 14:45:00+00:00,80.75,82.29499816894531,80.73999786376953,82.16500091552734,3351
2026-03-13 15:00:00+00:00,81.55999755859375,81.72000122070312,80.68000030517578,80.73500061035156,2238
2026-03-13 15:15:00+00:00,81.1500015258789,81.56999969482422,80.94499969482422,81.56500244140625,706
2026-03-13 15:30:00+00:00,80.58999633789062,81.29000091552734,80.30999755859375,81.1050033569336,1468
2026-03-13 15:45:00+00:00,80.34500122070312,81.16000366210938,80.25,80.58000183105469,1619
2026-03-13 16:00:00+00:00,80.33999633789062,80.4749984741211,79.5199966430664,80.33999633789062,2766
2026-03-13 16:15:00+00:00,80.2300033569336,80.41000366210938,79.88999938964844,80.30500030517578,912
2026-03-13 16:30:00+00:00,80.1449966430664,80.50499725341797,80.02999877929688,80.23999786376953,908
2026-03-13 16:45:00+00:00,80.42500305175781,80.66000366210938,79.91999816894531,80.16500091552734,736
2026-03-13 17:00:00+00:00,81.12000274658203,81.12000274658203,80.41999816894531,80.46499633789062,1127
2026-03-13 17:15:00+00:00,81.21499633789062,81.45999908447266,81.06500244140625,81.12999725341797,1581
2026-03-13 17:30:00+00:00,81.12000274658203,81.46499633789062,81.04499816894531,81.19999694824219,550
2026-03-13 17:45:00+00:00,81.04499816894531,81.25499725341797,80.80500030517578,81.15499877929688,386
2026-03-13 18:00:00+00:00,81.1050033569336,81.18499755859375,80.94999694824219,81.04000091552734,301
2026-03-13 18:15:00+00:00,81.22000122070312,81.2249984741211,80.81500244140625,81.0999984741211,310
2026-03-13 18:30:00+00:00,80.94499969482422,81.33000183105469,80.86499786376953,81.19999694824219,440
2026-03-13 18:45:00+00:00,81.05000305175781,81.13500213623047,80.8949966430664,80.9000015258789,177
2026-03-13 19:00:00+00:00,81.01499938964844,81.16999816894531,80.72000122070312,81.12000274658203,220
2026-03-13 19:15:00+00:00,80.6449966430664,81.05500030517578,80.51000213623047,81.01499938964844,332
2026-03-13 19:30:00+00:00,80.3550033569336,80.73999786376953,80.19499969482422,80.62999725341797,374
2026-03-13 19:45:00+00:00,80.36499786376953,80.55999755859375,79.95999908447266,80.38999938964844,641
2026-03-13 20:00:00+00:00,80.3949966430664,80.45500183105469,80.0,80.37000274658203,255
2026-03-13 20:15:00+00:00,80.3550033569336,80.50499725341797,80.30999755859375,80.37999725341797,201
2026-03-13 20:30:00+00:00,80.59500122070312,80.65499877929688,80.25,80.32499694824219,149
2026-03-13 20:45:00+00:00,80.6449966430664,80.73500061035156,80.4800033569336,80.55999755859375,253
2026-03-15 22:00:00+00:00,80.29000091552734,80.41999816894531,80.2300033569336,80.31500244140625,35
2026-03-15 22:15:00+00:00,79.94499969482422,80.22000122070312,79.4800033569336,80.22000122070312,451
2026-03-15 22:30:00+00:00,80.1449966430664,80.20500183105469,79.8550033569336,80.11499786376953,167
2026-03-15 22:45:00+00:00,80.57499694824219,80.66999816894531,80.12000274658203,80.125,204
2026-03-15 23:00:00+00:00,80.05000305175781,80.63500213623047,80.04499816894531,80.56999969482422,122
2026-03-15 23:15:00+00:00,80.03500366210938,80.19999694824219,79.32499694824219,80.08000183105469,549
2026-03-15 23:30:00+00:00,79.84500122070312,80.03500366210938,79.61000061035156,80.02999877929688,157
2026-03-15 23:45:00+00:00,80.15499877929688,80.16999816894531,79.66500091552734,79.7249984741211,205
2026-03-16 00:00:00+00:00,81.31500244140625,81.49500274658203,80.21499633789062,80.21499633789062,611
2026-03-16 00:15:00+00:00,81.16000366210938,81.53500366210938,81.11499786376953,81.3499984741211,269
2026-03-16 00:30:00+00:00,81.43499755859375,81.51000213623047,81.1449966430664,81.2300033569336,122
2026-03-16 00:45:00+00:00,81.58999633789062,81.66000366210938,81.18499755859375,81.45500183105469,241
2026-03-16 01:00:00+00:00,78.73500061035156,81.6500015258789,78.5999984741211,81.61000061035156,1702
2026-03-16 01:15:00+00:00,79.19000244140625,79.68000030517578,78.53500366210938,78.67500305175781,1005
2026-03-16 01:30:00+00:00,79.75,79.77999877929688,78.6449966430664,79.17500305175781,605
2026-03-16 01:45:00+00:00,80.46499633789062,80.4749984741211,79.70999908447266,79.76499938964844,487
2026-03-16 02:00:00+00:00,80.1050033569336,80.50499725341797,79.94000244140625,80.42500305175781,160
2026-03-16 02:15:00+00:00,79.98500061035156,80.29499816894531,79.67500305175781,80.1449966430664,243
2026-03-16 02:30:00+00:00,79.80999755859375,80.05500030517578,79.44999694824219,79.9749984741211,296
2026-03-16 02:45:00+00:00,79.37999725341797,79.88999938964844,79.2300033569336,79.78500366210938,250
2026-03-16 03:00:00+00:00,78.94499969482422,79.6500015258789,78.92500305175781,79.44999694824219,152
2026-03-16 03:15:00+00:00,79.88500213623047,79.98500061035156,78.95999908447266,78.9749984741211,377
2026-03-16 03:30:00+00:00,80.2249984741211,80.2249984741211,79.91999816894531,79.92500305175781,105
2026-03-16 03:45:00+00:00,80.27999877929688,80.37000274658203,80.06999969482422,80.2699966430664,52
2026-03-16 04:00:00+00:00,80.65499877929688,80.7300033569336,80.25,80.29000091552734,174
2026-03-16 04:15:00+00:00,80.44000244140625,80.73500061035156,80.43499755859375,80.68000030517578,68
2026-03-16 04:30:00+00:00,80.3499984741211,80.59500122070312,80.30999755859375,80.47000122070312,65
2026-03-16 04:45:00+00:00,80.1449966430664,80.38999938964844,80.13500213623047,80.38999938964844,61
2026-03-16 05:00:00+00:00,80.1449966430664,80.32499694824219,80.09500122070312,80.15499877929688,85
2026-03-16 05:15:00+00:00,79.94999694824219,80.1050033569336,79.80000305175781,80.07499694824219,171
2026-03-16 05:30:00+00:00,80.32499694824219,80.43000030517578,79.51499938964844,79.875,285
2026-03-16 05:45:00+00:00,80.3499984741211,80.54000091552734,80.19499969482422,80.44000244140625,116
2026-03-16 06:00:00+00:00,80.5199966430664,80.55500030517578,80.02999877929688,80.375,186
2026-03-16 06:15:00+00:00,80.44499969482422,80.86000061035156,80.4000015258789,80.55500030517578,183
2026-03-16 06:30:00+00:00,80.20500183105469,80.51499938964844,79.95500183105469,80.44000244140625,228
2026-03-16 06:45:00+00:00,80.18499755859375,80.23999786376953,79.67500305175781,80.17500305175781,378
2026-03-16 07:00:00+00:00,80.06999969482422,80.46499633789062,79.8550033569336,80.20999908447266,222
2026-03-16 07:15:00+00:00,79.37999725341797,79.99500274658203,79.16000366210938,79.99500274658203,422
2026-03-16 07:30:00+00:00,79.08000183105469,79.55500030517578,79.01000213623047,79.40499877929688,283
2026-03-16 07:45:00+00:00,79.19999694824219,79.50499725341797,79.0999984741211,79.0999984741211,201
2026-03-16 08:00:00+00:00,78.86499786376953,79.6050033569336,78.81999969482422,79.16999816894531,336
2026-03-16 08:15:00+00:00,79.46499633789062,79.55500030517578,78.7300033569336,78.80999755859375,491
2026-03-16 08:30:00+00:00,78.80000305175781,79.51000213623047,78.79499816894531,79.5,288
2026-03-16 08:45:00+00:00,79.19999694824219,79.41999816894531,78.7750015258789,78.77999877929688,216
2026-03-16 09:00:00+00:00,79.07499694824219,79.25499725341797,78.62999725341797,79.22000122070312,403
2026-03-16 09:15:00+00:00,78.83999633789062,79.11499786376953,78.79000091552734,79.0199966430664,284
2026-03-16 09:30:00+00:00,78.2750015258789,78.94000244140625,78.2750015258789,78.82499694824219,577
2026-03-16 09:45:00+00:00,77.91500091552734,78.7699966430664,77.57499694824219,78.27999877929688,917
2026-03-16 10:00:00+00:00,77.25499725341797,77.8949966430664,77.125,77.8949966430664,1632
2026-03-16 10:15:00+00:00,77.82499694824219,77.9000015258789,77.2249984741211,77.2249984741211,1032
2026-03-16 10:30:00+00:00,78.19999694824219,78.20500183105469,77.76499938964844,77.83999633789062,560
2026-03-16 10:45:00+00:00,79.0199966430664,79.12999725341797,78.03500366210938,78.15499877929688,630
2026-03-16 11:00:00+00:00,79.06500244140625,79.16500091552734,78.77999877929688,79.0,561
2026-03-16 11:15:00+00:00,79.29000091552734,79.48999786376953,79.05999755859375,79.07499694824219,369
2026-03-16 11:30:00+00:00,79.33000183105469,79.53500366210938,79.16000366210938,79.29000091552734,224
2026-03-16 11:45:00+00:00,79.03500366210938,79.41500091552734,78.87999725341797,79.375,349
2026-03-16 12:00:00+00:00,79.30000305175781,79.36499786376953,78.94999694824219,79.03500366210938,505
2026-03-16 12:15:00+00:00,79.73500061035156,79.8499984741211,79.16000366210938,79.29000091552734,719
2026-03-16 12:30:00+00:00,80.125,80.19000244140625,79.76000213623047,79.76000213623047,665
2026-03-16 12:45:00+00:00,80.4000015258789,80.41500091552734,80.11499786376953,80.16999816894531,611
2026-03-16 13:00:00+00:00,80.3949966430664,80.56999969482422,79.88500213623047,80.375,843
2026-03-16 13:15:00+00:00,81.07499694824219,81.19499969482422,80.4000015258789,80.42500305175781,1122
2026-03-16 13:30:00+00:00,81.38500213623047,81.81999969482422,80.87000274658203,81.06500244140625,1573
2026-03-16 13:45:00+00:00,81.45500183105469,81.58499908447266,81.1050033569336,81.37999725341797,727
2026-03-16 14:00:00+00:00,81.42500305175781,81.75,81.31999969482422,81.48500061035156,1275
2026-03-16 14:15:00+00:00,81.00499725341797,81.66000366210938,81.00499725341797,81.4749984741211,1124
2026-03-16 14:30:00+00:00,80.5999984741211,81.08000183105469,80.58999633789062,81.0,829
2026-03-16 14:45:00+00:00,80.83499908447266,80.91000366210938,80.22000122070312,80.61000061035156,1230
2026-03-16 15:00:00+00:00,80.94999694824219,81.1050033569336,80.5999984741211,80.83999633789062,795
2026-03-16 15:15:00+00:00,80.98999786376953,81.2699966430664,80.8499984741211,80.94000244140625,398
2026-03-16 15:30:00+00:00,80.87000274658203,81.16999816894531,80.87000274658203,80.9800033569336,392
2026-03-16 15:45:00+00:00,80.48999786376953,80.91000366210938,80.4000015258789,80.83999633789062,493
2026-03-16 16:00:00+00:00,80.71499633789062,80.94999694824219,80.36499786376953,80.4749984741211,413
2026-03-16 16:15:00+00:00,80.08999633789062,80.87999725341797,80.03500366210938,80.75,640
2026-03-16 16:30:00+00:00,80.16999816894531,80.3550033569336,79.70999908447266,80.0999984741211,1462
2026-03-16 16:45:00+00:00,80.44000244140625,80.63999938964844,80.05500030517578,80.15499877929688,395
2026-03-16 17:00:00+00:00,80.88500213623047,80.91999816894531,80.44499969482422,80.44999694824219,416
2026-03-16 17:15:00+00:00,80.76000213623047,80.92500305175781,80.58499908447266,80.8949966430664,914
2026-03-16 17:30:00+00:00,80.45500183105469,80.79499816894531,80.3499984741211,80.7300033569336,243
2026-03-16 17:45:00+00:00,80.4800033569336,80.61499786376953,80.31999969482422,80.46499633789062,248
2026-03-16 18:00:00+00:00,80.70500183105469,80.74500274658203,80.32499694824219,80.4749984741211,243
2026-03-16 18:15:00+00:00,81.11000061035156,81.24500274658203,80.7300033569336,80.7300033569336,362
2026-03-16 18:30:00+00:00,81.47000122070312,81.625,81.0999984741211,81.11000061035156,567
2026-03-16 18:45:00+00:00,81.23999786376953,81.56999969482422,81.23999786376953,81.5,307
2026-03-16 19:00:00+00:00,81.2699966430664,81.62999725341797,81.18499755859375,81.32499694824219,258
2026-03-16 19:15:00+00:00,81.06500244140625,81.3499984741211,81.0,81.21499633789062,214
2026-03-16 19:30:00+00:00,81.0999984741211,81.2699966430664,80.95999908447266,81.05000305175781,192
2026-03-16 19:45:00+00:00,81.12000274658203,81.27999877929688,80.9749984741211,81.12999725341797,242
2026-03-16 20:00:00+00:00,81.19000244140625,81.30000305175781,80.95500183105469,81.13500213623047,219
2026-03-16 20:15:00+00:00,81.1449966430664,81.19499969482422,81.12000274658203,81.18499755859375,23
2026-03-16 20:30:00+00:00,81.08999633789062,81.13999938964844,80.9749984741211,81.11000061035156,82
2026-03-16 20:45:00+00:00,81.0,81.1500015258789,80.91999816894531,81.05000305175781,104
2026-03-16 22:00:00+00:00,81.00499725341797,81.4000015258789,80.8550033569336,80.91999816894531,67
2026-03-16 22:15:00+00:00,80.99500274658203,81.11000061035156,80.83499908447266,81.05500030517578,49
2026-03-16 22:30:00+00:00,81.02999877929688,81.19499969482422,80.91000366210938,81.0,98
2026-03-16 22:45:00+00:00,81.0,81.11000061035156,80.95500183105469,81.03500366210938,54
2026-03-16 23:00:00+00:00,81.11000061035156,81.16000366210938,81.05000305175781,81.06999969482422,41
2026-03-16 23:15:00+00:00,81.27999877929688,81.27999877929688,81.0999984741211,81.125,32
2026-03-16 23:30:00+00:00,81.2249984741211,81.36000061035156,81.22000122070312,81.29499816894531,54
2026-03-16 23:45:00+00:00,81.37000274658203,81.38500213623047,81.19999694824219,81.21499633789062,90
2026-03-17 00:00:00+00:00,80.81500244140625,81.36000061035156,80.59500122070312,81.33999633789062,294
2026-03-17 00:15:00+00:00,80.58499908447266,80.93000030517578,80.46499633789062,80.79000091552734,117
2026-03-17 00:30:00+00:00,80.5199966430664,80.79000091552734,80.44000244140625,80.62999725341797,128
2026-03-17 00:45:00+00:00,80.61000061035156,80.7249984741211,80.42500305175781,80.51499938964844,114
2026-03-17 01:00:00+00:00,80.7750015258789,80.96499633789062,80.05000305175781,80.57499694824219,340
2026-03-17 01:15:00+00:00,80.79499816894531,81.04000091552734,80.4800033569336,80.77999877929688,205
2026-03-17 01:30:00+00:00,81.04000091552734,81.29499816894531,80.75,80.79499816894531,109
2026-03-17 01:45:00+00:00,81.6500015258789,81.70999908447266,80.98500061035156,81.04000091552734,373
2026-03-17 02:00:00+00:00,81.38500213623047,81.66999816894531,81.30999755859375,81.6050033569336,158
2026-03-17 02:15:00+00:00,81.48999786376953,81.49500274658203,81.29000091552734,81.36499786376953,44
2026-03-17 02:30:00+00:00,81.69499969482422,81.76000213623047,81.3499984741211,81.49500274658203,94
2026-03-17 02:45:00+00:00,81.33000183105469,81.66999816894531,81.33000183105469,81.625,78
2026-03-17 03:00:00+00:00,81.18000030517578,81.33499908447266,81.09500122070312,81.31500244140625,74
2026-03-17 03:15:00+00:00,81.72000122070312,81.78500366210938,81.25,81.29499816894531,195
2026-03-17 03:30:00+00:00,81.38999938964844,81.74500274658203,81.33499908447266,81.73500061035156,77
2026-03-17 03:45:00+00:00,81.52999877929688,81.55500030517578,81.38500213623047,81.38500213623047,20
2026-03-17 04:00:00+00:00,81.6500015258789,81.69000244140625,81.48999786376953,81.56999969482422,62
2026-03-17 04:15:00+00:00,82.2750015258789,82.30000305175781,81.61000061035156,81.625,371
2026-03-17 04:30:00+00:00,82.62000274658203,82.62000274658203,82.21499633789062,82.24500274658203,260
2026-03-17 04:45:00+00:00,82.62999725341797,82.76000213623047,82.44999694824219,82.63999938964844,152
2026-03-17 05:00:00+00:00,82.58499908447266,82.62000274658203,82.38999938964844,82.62000274658203,160
2026-03-17 05:15:00+00:00,82.28500366210938,82.69499969482422,82.28500366210938,82.58000183105469,95
2026-03-17 05:30:00+00:00,81.87000274658203,82.30500030517578,81.87000274658203,82.26000213623047,260
2026-03-17 05:45:00+00:00,81.25499725341797,81.94499969482422,81.22000122070312,81.94499969482422,316
2026-03-17 06:00:00+00:00,80.91999816894531,81.38999938964844,80.55999755859375,81.25499725341797,749
2026-03-17 06:15:00+00:00,81.125,81.2249984741211,80.63999938964844,80.91500091552734,299
2026-03-17 06:30:00+00:00,81.13500213623047,81.30000305175781,80.94000244140625,81.1449966430664,249
2026-03-17 06:45:00+00:00,80.7249984741211,81.12999725341797,80.7249984741211,81.1050033569336,193
2026-03-17 07:00:00+00:00,81.1500015258789,81.26000213623047,80.76499938964844,80.76499938964844,211
2026-03-17 07:15:00+00:00,81.30500030517578,81.375,80.92500305175781,81.1500015258789,152
2026-03-17 07:30:00+00:00,81.33499908447266,81.49500274658203,81.29499816894531,81.31999969482422,149
2026-03-17 07:45:00+00:00,81.12999725341797,81.33499908447266,81.08999633789062,81.24500274658203,130
2026-03-17 08:00:00+00:00,80.87999725341797,81.2699966430664,80.66000366210938,81.11000061035156,278
2026-03-17 08:15:00+00:00,81.22000122070312,81.29000091552734,80.83000183105469,80.83499908447266,142
2026-03-17 08:30:00+00:00,81.2750015258789,81.31500244140625,81.05999755859375,81.19999694824219,137
2026-03-17 08:45:00+00:00,81.02999877929688,81.25,80.90499877929688,81.23500061035156,260
2026-03-17 09:00:00+00:00,80.7300033569336,81.05999755859375,80.66000366210938,81.0250015258789,237
2026-03-17 09:15:00+00:00,80.95500183105469,81.01499938964844,80.65499877929688,80.7300033569336,192
2026-03-17 09:30:00+00:00,81.08999633789062,81.08999633789062,80.7699966430664,80.97000122070312,161
2026-03-17 09:45:00+00:00,80.98500061035156,81.12999725341797,80.9000015258789,81.06999969482422,138
2026-03-17 10:00:00+00:00,80.51499938964844,81.0999984741211,80.4000015258789,80.94999694824219,374
2026-03-17 10:15:00+00:00,80.52999877929688,80.7249984741211,80.46499633789062,80.51499938964844,236
2026-03-17 10:30:00+00:00,80.29000091552734,80.68000030517578,80.17500305175781,80.5250015258789,232
2026-03-17 10:45:00+00:00,80.32499694824219,80.42500305175781,79.91999816894531,80.30999755859375,529
2026-03-17 11:00:00+00:00,80.5999984741211,80.66000366210938,80.18000030517578,80.31999969482422,214
2026-03-17 11:15:00+00:00,80.69999694824219,80.83499908447266,80.5999984741211,80.6500015258789,99
2026-03-17 11:30:00+00:00,80.72000122070312,80.73500061035156,80.54499816894531,80.69999694824219,148
2026-03-17 11:45:00+00:00,80.3949966430664,80.87000274658203,80.3499984741211,80.7249984741211,209
2026-03-17 12:00:00+00:00,80.41500091552734,80.47000122070312,80.12999725341797,80.37999725341797,445
2026-03-17 12:15:00+00:00,80.9749984741211,80.98999786376953,80.4000015258789,80.41999816894531,329
2026-03-17 12:30:00+00:00,80.87000274658203,81.19499969482422,80.82499694824219,80.93499755859375,443
2026-03-17 12:45:00+00:00,80.83499908447266,80.86000061035156,80.57499694824219,80.86000061035156,371
2026-03-17 13:00:00+00:00,80.87999725341797,81.125,80.69999694824219,80.81999969482422,488
2026-03-17 13:15:00+00:00,80.9000015258789,81.29499816894531,80.8499984741211,80.88999938964844,525
2026-03-17 13:30:00+00:00,81.3550033569336,81.5250015258789,80.87000274658203,80.91999816894531,836
2026-03-17 13:45:00+00:00,81.42500305175781,81.59500122070312,81.02999877929688,81.31999969482422,818
2026-03-17 14:00:00+00:00,81.2750015258789,81.54499816894531,81.03500366210938,81.45500183105469,462
2026-03-17 14:15:00+00:00,80.7750015258789,81.2699966430664,80.63500213623047,81.25499725341797,500
2026-03-17 14:30:00+00:00,80.84500122070312,80.8949966430664,80.5,80.77999877929688,757
2026-03-17 14:45:00+00:00,80.32499694824219,80.99500274658203,80.29000091552734,80.83499908447266,487
2026-03-17 15:00:00+00:00,80.18000030517578,80.625,80.0999984741211,80.33000183105469,554
2026-03-17 15:15:00+00:00,79.86000061035156,80.48999786376953,79.83499908447266,80.23500061035156,631
2026-03-17 15:30:00+00:00,79.1050033569336,80.05000305175781,78.375,79.84500122070312,2702
2026-03-17 15:45:00+00:00,79.30000305175781,79.54499816894531,79.06500244140625,79.12000274658203,1126
2026-03-17 16:00:00+00:00,79.11000061035156,79.41500091552734,78.87999725341797,79.33000183105469,1132
2026-03-17 16:15:00+00:00,79.55500030517578,79.58499908447266,79.08000183105469,79.12999725341797,526
2026-03-17 16:30:00+00:00,79.57499694824219,79.70999908447266,79.42500305175781,79.54499816894531,413
2026-03-17 16:45:00+00:00,79.4749984741211,79.61499786376953,79.36000061035156,79.57499694824219,295
2026-03-17 17:00:00+00:00,79.6050033569336,79.87000274658203,79.48500061035156,79.52999877929688,456
2026-03-17 17:15:00+00:00,79.73999786376953,80.07499694824219,79.58499908447266,79.62000274658203,819
2026-03-17 17:30:00+00:00,79.57499694824219,79.79499816894531,79.55000305175781,79.7699966430664,143
2026-03-17 17:45:00+00:00,79.62000274658203,79.71499633789062,79.5,79.58999633789062,178
2026-03-17 18:00:00+00:00,79.78500366210938,79.83000183105469,79.53500366210938,79.66000366210938,143
2026-03-17 18:15:00+00:00,79.66500091552734,79.95500183105469,79.5999984741211,79.79499816894531,274
2026-03-17 18:30:00+00:00,79.67500305175781,79.69999694824219,79.5199966430664,79.63999938964844,116
2026-03-17 18:45:00+00:00,79.58000183105469,79.79000091552734,79.57499694824219,79.66999816894531,95
2026-03-17 19:00:00+00:00,79.45500183105469,79.57499694824219,79.32499694824219,79.56500244140625,197
2026-03-17 19:15:00+00:00,79.20999908447266,79.43000030517578,79.18000030517578,79.43000030517578,130
2026-03-17 19:30:00+00:00,79.30000305175781,79.34500122070312,79.11499786376953,79.19499969482422,153
2026-03-17 19:45:00+00:00,79.30500030517578,79.41500091552734,79.19999694824219,79.3550033569336,193
2026-03-17 20:00:00+00:00,79.30000305175781,79.38500213623047,79.2750015258789,79.31500244140625,105
2026-03-17 20:15:00+00:00,79.29000091552734,79.29499816894531,79.21499633789062,79.29499816894531,58
2026-03-17 20:30:00+00:00,79.3949966430664,79.41000366210938,79.26499938964844,79.2750015258789,66
2026-03-17 20:45:00+00:00,79.45999908447266,79.45999908447266,79.30500030517578,79.38999938964844,132
2026-03-17 22:00:00+00:00,79.37999725341797,79.48999786376953,79.1449966430664,79.38999938964844,34
2026-03-17 22:15:00+00:00,79.25,79.40499877929688,79.08499908447266,79.37999725341797,78
2026-03-17 22:30:00+00:00,78.95999908447266,79.23999786376953,78.9000015258789,79.23999786376953,65
2026-03-17 22:45:00+00:00,79.12999725341797,79.22000122070312,78.83499908447266,78.92500305175781,56
2026-03-17 23:00:00+00:00,79.23500061035156,79.26000213623047,79.13999938964844,79.13999938964844,32
2026-03-17 23:15:00+00:00,79.20500183105469,79.25499725341797,79.1449966430664,79.2249984741211,27
2026-03-17 23:30:00+00:00,79.25499725341797,79.32499694824219,79.19000244140625,79.19000244140625,33
2026-03-17 23:45:00+00:00,79.33000183105469,79.34500122070312,79.24500274658203,79.30000305175781,20
2026-03-18 00:00:00+00:00,79.7699966430664,80.02999877929688,79.34500122070312,79.37999725341797,302
2026-03-18 00:15:00+00:00,79.56999969482422,79.83499908447266,79.53500366210938,79.83499908447266,75
2026-03-18 00:30:00+00:00,79.49500274658203,79.55500030517578,79.33999633789062,79.5,158
2026-03-18 00:45:00+00:00,79.58499908447266,79.79499816894531,79.43000030517578,79.52999877929688,206
2026-03-18 01:00:00+00:00,80.01000213623047,80.21499633789062,79.19499969482422,79.56500244140625,603
2026-03-18 01:15:00+00:00,79.83499908447266,80.19000244140625,79.83499908447266,80.00499725341797,201
2026-03-18 01:30:00+00:00,79.4000015258789,79.98999786376953,79.26499938964844,79.84500122070312,284
2026-03-18 01:45:00+00:00,79.28500366210938,79.44000244140625,78.91500091552734,79.37000274658203,245
2026-03-18 02:00:00+00:00,79.23500061035156,79.43499755859375,79.05999755859375,79.31999969482422,144
2026-03-18 02:15:00+00:00,79.29000091552734,79.55000305175781,79.26000213623047,79.26000213623047,109
2026-03-18 02:30:00+00:00,79.16999816894531,79.33000183105469,78.94999694824219,79.32499694824219,266
2026-03-18 02:45:00+00:00,78.4800033569336,79.30000305175781,78.26499938964844,79.19999694824219,442
2026-03-18 03:00:00+00:00,78.82499694824219,78.91999816894531,78.22000122070312,78.44999694824219,480
2026-03-18 03:15:00+00:00,78.91000366210938,79.06500244140625,78.69999694824219,78.86499786376953,149
2026-03-18 03:30:00+00:00,78.94999694824219,79.02999877929688,78.8499984741211,78.91500091552734,80
2026-03-18 03:45:00+00:00,78.69499969482422,78.9800033569336,78.55999755859375,78.95999908447266,260
2026-03-18 04:00:00+00:00,78.78500366210938,78.91000366210938,78.73999786376953,78.82499694824219,106
2026-03-18 04:15:00+00:00,78.79000091552734,78.8550033569336,78.74500274658203,78.80000305175781,25
2026-03-18 04:30:00+00:00,78.56500244140625,78.80000305175781,78.34500122070312,78.80000305175781,287
2026-03-18 04:45:00+00:00,78.66500091552734,78.69999694824219,78.54000091552734,78.55999755859375,76
2026-03-18 05:00:00+00:00,79.20999908447266,79.30999755859375,78.63999938964844,78.69999694824219,282
2026-03-18 05:15:00+00:00,79.30000305175781,79.4800033569336,79.11499786376953,79.16999816894531,232
2026-03-18 05:30:00+00:00,79.3949966430664,79.7249984741211,79.0,79.30000305175781,370
2026-03-18 05:45:00+00:00,79.11000061035156,79.54000091552734,78.9800033569336,79.45500183105469,223
2026-03-18 06:00:00+00:00,79.80999755859375,79.91999816894531,79.13500213623047,79.15499877929688,193
2026-03-18 06:15:00+00:00,79.97000122070312,80.19000244140625,79.70999908447266,79.82499694824219,416
2026-03-18 06:30:00+00:00,79.87000274658203,80.25499725341797,79.7249984741211,79.96499633789062,418
2026-03-18 06:45:00+00:00,79.94499969482422,80.01499938964844,79.68000030517578,79.88999938964844,305
2026-03-18 07:00:00+00:00,80.04000091552734,80.31999969482422,79.94999694824219,79.98500061035156,275
2026-03-18 07:15:00+00:00,79.9800033569336,80.04000091552734,79.75499725341797,80.01000213623047,127
2026-03-18 07:30:00+00:00,79.75,80.06500244140625,79.70500183105469,79.99500274658203,151
2026-03-18 07:45:00+00:00,79.86000061035156,79.86000061035156,79.4000015258789,79.71499633789062,276
2026-03-18 08:00:00+00:00,79.59500122070312,79.90499877929688,79.5250015258789,79.86000061035156,313
2026-03-18 08:15:00+00:00,79.44000244140625,79.62000274658203,79.05500030517578,79.59500122070312,538
2026-03-18 08:30:00+00:00,79.38999938964844,79.49500274658203,79.19499969482422,79.44999694824219,208
2026-03-18 08:45:00+00:00,79.4749984741211,79.56500244140625,79.19999694824219,79.34500122070312,186
2026-03-18 09:00:00+00:00,79.55999755859375,79.7300033569336,79.4800033569336,79.4800033569336,161
2026-03-18 09:15:00+00:00,79.79000091552734,79.94000244140625,79.50499725341797,79.58499908447266,358
2026-03-18 09:30:00+00:00,80.04000091552734,80.07499694824219,79.80000305175781,79.83000183105469,109
2026-03-18 09:45:00+00:00,80.04499816894531,80.16000366210938,79.96499633789062,80.06500244140625,174
2026-03-18 10:00:00+00:00,79.96499633789062,80.07499694824219,79.86000061035156,80.07499694824219,154
2026-03-18 10:15:00+00:00,79.875,80.18000030517578,79.81500244140625,79.94000244140625,226
2026-03-18 10:30:00+00:00,79.77999877929688,80.0,79.3949966430664,79.90499877929688,360
2026-03-18 10:45:00+00:00,79.17500305175781,79.80000305175781,79.05000305175781,79.73999786376953,462
2026-03-18 11:00:00+00:00,79.62999725341797,79.67500305175781,78.83499908447266,79.19000244140625,657
2026-03-18 11:15:00+00:00,78.9749984741211,79.75,78.87000274658203,79.5999984741211,315
2026-03-18 11:30:00+00:00,78.71499633789062,79.30000305175781,78.51499938964844,78.94999694824219,873
2026-03-18 11:45:00+00:00,78.69999694824219,78.9000015258789,78.45500183105469,78.70500183105469,609
2026-03-18 12:00:00+00:00,78.375,79.125,78.25499725341797,78.7249984741211,1196
2026-03-18 12:15:00+00:00,78.38500213623047,78.66999816894531,77.92500305175781,78.44499969482422,1114
2026-03-18 12:30:00+00:00,77.81999969482422,78.34500122070312,77.7300033569336,78.34500122070312,1246
2026-03-18 12:45:00+00:00,77.6500015258789,78.2699966430664,77.46499633789062,77.80999755859375,1220
2026-03-18 13:00:00+00:00,76.30000305175781,77.62000274658203,76.04000091552734,77.61000061035156,3650
2026-03-18 13:15:00+00:00,76.86000061035156,76.93499755859375,75.63500213623047,76.27999877929688,2218
2026-03-18 13:30:00+00:00,77.20999908447266,77.55000305175781,76.41999816894531,76.8550033569336,1942
2026-03-18 13:45:00+00:00,77.56500244140625,77.70500183105469,76.69999694824219,77.25499725341797,1725
2026-03-18 14:00:00+00:00,77.42500305175781,78.05500030517578,77.40499877929688,77.63500213623047,1907
2026-03-18 14:15:00+00:00,76.62000274658203,77.5,76.58000183105469,77.42500305175781,1394
2026-03-18 14:30:00+00:00,76.46499633789062,76.86499786376953,76.30000305175781,76.58000183105469,940
2026-03-18 14:45:00+00:00,76.91000366210938,76.92500305175781,76.4000015258789,76.44999694824219,1148
2026-03-18 15:00:00+00:00,77.01000213623047,77.2249984741211,76.86499786376953,76.93499755859375,657
2026-03-18 15:15:00+00:00,76.9749984741211,77.16999816894531,76.77999877929688,77.04000091552734,466
2026-03-18 15:30:00+00:00,76.81999969482422,77.24500274658203,76.80000305175781,76.98500061035156,446
2026-03-18 15:45:00+00:00,76.71499633789062,77.00499725341797,76.65499877929688,76.80500030517578,371
2026-03-18 16:00:00+00:00,77.11000061035156,77.11000061035156,76.63500213623047,76.72000122070312,363
2026-03-18 16:15:00+00:00,77.47000122070312,77.5,76.98999786376953,77.0999984741211,638
2026-03-18 16:30:00+00:00,77.375,77.5,76.99500274658203,77.48999786376953,595
2026-03-18 16:45:00+00:00,77.25,77.45500183105469,77.20999908447266,77.4000015258789,693
2026-03-18 17:00:00+00:00,77.12999725341797,77.37000274658203,77.06500244140625,77.26000213623047,686
2026-03-18 17:15:00+00:00,77.46499633789062,77.67500305175781,77.13999938964844,77.1500015258789,1208
2026-03-18 17:30:00+00:00,77.33000183105469,77.58000183105469,77.2750015258789,77.47000122070312,293
2026-03-18 17:45:00+00:00,77.1500015258789,77.43499755859375,77.11499786376953,77.30000305175781,291
2026-03-18 18:00:00+00:00,77.29499816894531,77.625,76.82499694824219,77.16000366210938,812
2026-03-18 18:15:00+00:00,76.98999786376953,77.30000305175781,76.80999755859375,77.30000305175781,224
2026-03-18 18:30:00+00:00,76.51000213623047,77.06500244140625,76.375,77.0,871
2026-03-18 18:45:00+00:00,76.13500213623047,76.50499725341797,76.09500122070312,76.5,633
2026-03-18 19:00:00+00:00,76.43499755859375,76.5999984741211,75.92500305175781,76.09500122070312,1046
2026-03-18 19:15:00+00:00,76.18499755859375,76.62999725341797,75.92500305175781,76.44499969482422,631
2026-03-18 19:30:00+00:00,76.23999786376953,76.53500366210938,76.15499877929688,76.20500183105469,262
2026-03-18 19:45:00+00:00,76.04000091552734,76.26499938964844,75.97000122070312,76.2300033569336,405
2026-03-18 20:00:00+00:00,75.6050033569336,76.11000061035156,75.57499694824219,76.0199966430664,325
2026-03-18 20:15:00+00:00,75.16500091552734,75.69499969482422,75.1500015258789,75.63500213623047,573
2026-03-18 20:30:00+00:00,75.50499725341797,75.62999725341797,75.01499938964844,75.20500183105469,506
2026-03-18 20:45:00+00:00,75.41999816894531,75.56500244140625,75.31500244140625,75.49500274658203,252
2026-03-18 22:00:00+00:00,75.125,75.84500122070312,75.125,75.36499786376953,61
2026-03-18 22:15:00+00:00,75.3499984741211,75.45999908447266,75.04000091552734,75.125,163
2026-03-18 22:30:00+00:00,75.54499816894531,75.7249984741211,75.18499755859375,75.18499755859375,130
2026-03-18 22:45:00+00:00,75.75,75.8499984741211,75.55000305175781,75.55000305175781,64
2026-03-18 23:00:00+00:00,75.94999694824219,76.09500122070312,75.72000122070312,75.72000122070312,228
2026-03-18 23:15:00+00:00,76.04000091552734,76.05999755859375,75.69000244140625,75.99500274658203,143
2026-03-18 23:30:00+00:00,76.05999755859375,76.2699966430664,76.04000091552734,76.04000091552734,115
2026-03-18 23:45:00+00:00,75.94999694824219,76.32499694824219,75.91999816894531,76.0,101
2026-03-19 00:00:00+00:00,76.2249984741211,76.30000305175781,75.95999908447266,75.95999908447266,80
2026-03-19 00:15:00+00:00,76.4800033569336,76.5,76.09500122070312,76.2249984741211,293
2026-03-19 00:30:00+00:00,76.37999725341797,76.7249984741211,76.31999969482422,76.48500061035156,283
2026-03-19 00:45:00+00:00,76.45500183105469,76.57499694824219,76.24500274658203,76.42500305175781,217
2026-03-19 01:00:00+00:00,75.7300033569336,76.75499725341797,75.55500030517578,76.49500274658203,690
2026-03-19 01:15:00+00:00,76.11499786376953,76.11499786376953,75.5,75.67500305175781,305
2026-03-19 01:30:00+00:00,76.58999633789062,76.75499725341797,76.05999755859375,76.1500015258789,509
2026-03-19 01:45:00+00:00,76.18000030517578,76.59500122070312,76.13500213623047,76.59500122070312,134
2026-03-19 02:00:00+00:00,76.0199966430664,76.20500183105469,75.86499786376953,76.20500183105469,180
2026-03-19 02:15:00+00:00,76.56999969482422,76.5999984741211,76.01499938964844,76.05999755859375,141
2026-03-19 02:30:00+00:00,76.63999938964844,76.7300033569336,76.4000015258789,76.55500030517578,202
2026-03-19 02:45:00+00:00,76.44999694824219,76.62000274658203,76.28500366210938,76.62000274658203,142
2026-03-19 03:00:00+00:00,76.55999755859375,76.63500213623047,76.30999755859375,76.4749984741211,100
2026-03-19 03:15:00+00:00,76.21499633789062,76.53500366210938,76.11000061035156,76.53500366210938,122
2026-03-19 03:30:00+00:00,76.0,76.17500305175781,75.88999938964844,76.13999938964844,124
2026-03-19 03:45:00+00:00,75.94000244140625,76.08499908447266,75.94000244140625,76.01499938964844,61
2026-03-19 04:00:00+00:00,75.68000030517578,75.86499786376953,75.55000305175781,75.86499786376953,255
2026-03-19 04:15:00+00:00,75.6500015258789,75.75,75.61000061035156,75.67500305175781,90
2026-03-19 04:30:00+00:00,75.67500305175781,75.76000213623047,75.55000305175781,75.62000274658203,63
2026-03-19 04:45:00+00:00,75.75,75.7699966430664,75.5,75.6050033569336,79
2026-03-19 05:00:00+00:00,75.98500061035156,76.08499908447266,75.68000030517578,75.78500366210938,214
2026-03-19 05:15:00+00:00,75.69000244140625,76.06999969482422,75.69000244140625,76.00499725341797,63
2026-03-19 05:30:00+00:00,75.0,75.68000030517578,74.84500122070312,75.66999816894531,960
2026-03-19 05:45:00+00:00,74.36000061035156,75.06500244140625,74.36000061035156,74.9749984741211,800
2026-03-19 06:00:00+00:00,74.74500274658203,74.97000122070312,74.3550033569336,74.36000061035156,475
2026-03-19 06:15:00+00:00,73.5,74.69999694824219,73.38999938964844,74.69999694824219,1675
2026-03-19 06:30:00+00:00,72.86499786376953,73.56999969482422,72.56999969482422,73.54000091552734,1709
2026-03-19 06:45:00+00:00,72.5,73.00499725341797,71.80999755859375,72.95500183105469,1926
2026-03-19 07:00:00+00:00,72.68000030517578,72.9000015258789,72.36499786376953,72.4749984741211,724
2026-03-19 07:15:00+00:00,72.3550033569336,72.91500091552734,72.28500366210938,72.69999694824219,495
2026-03-19 07:30:00+00:00,71.93000030517578,72.56500244140625,71.91000366210938,72.41999816894531,608
2026-03-19 07:45:00+00:00,71.30500030517578,72.1500015258789,71.19999694824219,71.93000030517578,1160
2026-03-19 08:00:00+00:00,71.37999725341797,71.92500305175781,71.1050033569336,71.31500244140625,909
2026-03-19 08:15:00+00:00,71.20999908447266,71.92500305175781,71.16000366210938,71.38999938964844,624
2026-03-19 08:30:00+00:00,70.23999786376953,71.4000015258789,70.21499633789062,71.24500274658203,1864
2026-03-19 08:45:00+00:00,71.45999908447266,71.73500061035156,70.06999969482422,70.25,1651
2026-03-19 09:00:00+00:00,71.5,71.72000122070312,71.29499816894531,71.51000213623047,591
2026-03-19 09:15:00+00:00,71.54000091552734,72.0,71.4000015258789,71.44999694824219,600
2026-03-19 09:30:00+00:00,71.3949966430664,71.875,71.30500030517578,71.57499694824219,332
2026-03-19 09:45:00+00:00,71.63999938964844,71.98999786376953,71.33999633789062,71.3949966430664,524
2026-03-19 10:00:00+00:00,71.7249984741211,72.08999633789062,71.55500030517578,71.66000366210938,528
2026-03-19 10:15:00+00:00,71.6449966430664,71.70999908447266,71.1500015258789,71.70999908447266,496
2026-03-19 10:30:00+00:00,71.58999633789062,71.98999786376953,71.5,71.58499908447266,351
2026-03-19 10:45:00+00:00,70.91500091552734,71.62999725341797,70.58499908447266,71.61499786376953,900
2026-03-19 11:00:00+00:00,70.66999816894531,71.41500091552734,70.59500122070312,70.91999816894531,709
2026-03-19 11:15:00+00:00,71.06999969482422,71.11499786376953,70.47000122070312,70.65499877929688,424
2026-03-19 11:30:00+00:00,70.74500274658203,71.42500305175781,70.67500305175781,71.06500244140625,567
2026-03-19 11:45:00+00:00,70.375,70.77999877929688,70.37000274658203,70.77999877929688,858
2026-03-19 12:00:00+00:00,69.3550033569336,70.36499786376953,68.88500213623047,70.3499984741211,3151
2026-03-19 12:15:00+00:00,68.625,69.44999694824219,68.44499969482422,69.2699966430664,1979
2026-03-19 12:30:00+00:00,67.81500244140625,68.78500366210938,67.70500183105469,68.56500244140625,2057
2026-03-19 12:45:00+00:00,67.44999694824219,67.78500366210938,66.55999755859375,67.7750015258789,3759
2026-03-19 13:00:00+00:00,67.22000122070312,67.58000183105469,65.55000305175781,67.42500305175781,4691
2026-03-19 13:15:00+00:00,68.40499877929688,68.55000305175781,67.0,67.20500183105469,2659
2026-03-19 13:30:00+00:00,67.88500213623047,68.66000366210938,67.5,68.37999725341797,2609
2026-03-19 13:45:00+00:00,69.69000244140625,69.75,67.26499938964844,67.91500091552734,3397
2026-03-19 14:00:00+00:00,70.08499908447266,70.58999633789062,69.65499877929688,69.7300033569336,2952
2026-03-19 14:15:00+00:00,69.21499633789062,70.34500122070312,69.12000274658203,70.08999633789062,1728
2026-03-19 14:30:00+00:00,70.17500305175781,70.43499755859375,69.19999694824219,69.19999694824219,1284
2026-03-19 14:45:00+00:00,70.125,70.55999755859375,69.8499984741211,70.19499969482422,1127
2026-03-19 15:00:00+00:00,70.80999755859375,71.125,69.875,70.1050033569336,1271
2026-03-19 15:15:00+00:00,70.16000366210938,70.81999969482422,69.91500091552734,70.80999755859375,997
2026-03-19 15:30:00+00:00,69.37000274658203,70.1500015258789,69.1449966430664,70.13999938964844,1328
2026-03-19 15:45:00+00:00,70.18499755859375,70.44499969482422,69.2699966430664,69.33499908447266,832
2026-03-19 16:00:00+00:00,70.68000030517578,71.19999694824219,70.05500030517578,70.16000366210938,1224
2026-03-19 16:15:00+00:00,70.46499633789062,70.8949966430664,70.38999938964844,70.72000122070312,779
2026-03-19 16:30:00+00:00,70.44999694824219,70.69000244140625,70.2699966430664,70.5250015258789,813
2026-03-19 16:45:00+00:00,70.19499969482422,70.54000091552734,69.84500122070312,70.50499725341797,877
2026-03-19 17:00:00+00:00,70.40499877929688,70.74500274658203,70.125,70.15499877929688,1018
2026-03-19 17:15:00+00:00,71.2750015258789,71.6449966430664,70.22000122070312,70.41000366210938,3452
2026-03-19 17:30:00+00:00,71.29499816894531,71.66000366210938,71.2699966430664,71.28500366210938,1148
2026-03-19 17:45:00+00:00,71.43499755859375,72.04000091552734,71.34500122070312,71.375,904
2026-03-19 18:00:00+00:00,71.54000091552734,71.6449966430664,71.15499877929688,71.4000015258789,524
2026-03-19 18:15:00+00:00,71.48500061035156,71.5999984741211,71.20500183105469,71.56999969482422,228
2026-03-19 18:30:00+00:00,71.30000305175781,71.48500061035156,71.0,71.48500061035156,238
2026-03-19 18:45:00+00:00,71.69499969482422,71.73500061035156,71.08999633789062,71.29000091552734,399
2026-03-19 19:00:00+00:00,72.45999908447266,72.63999938964844,71.69499969482422,71.71499633789062,1451
2026-03-19 19:15:00+00:00,72.0250015258789,72.58000183105469,71.94000244140625,72.5,460
2026-03-19 19:30:00+00:00,72.23999786376953,72.53500366210938,71.94000244140625,72.09500122070312,454
2026-03-19 19:45:00+00:00,72.58499908447266,72.69499969482422,72.16500091552734,72.21499633789062,510
2026-03-19 20:00:00+00:00,72.71499633789062,72.81500244140625,72.56999969482422,72.58000183105469,390
2026-03-19 20:15:00+00:00,72.83499908447266,72.93000030517578,72.63500213623047,72.72000122070312,150
2026-03-19 20:30:00+00:00,72.70500183105469,72.8550033569336,72.5999984741211,72.84500122070312,148
2026-03-19 20:45:00+00:00,72.80999755859375,72.94000244140625,72.68499755859375,72.69999694824219,181
2026-03-19 22:00:00+00:00,73.43499755859375,73.48999786376953,72.81999969482422,72.83000183105469,210
2026-03-19 22:15:00+00:00,73.0999984741211,73.5,73.09500122070312,73.40499877929688,159
2026-03-19 22:30:00+00:00,72.5199966430664,73.07499694824219,72.48500061035156,73.05999755859375,184
2026-03-19 22:45:00+00:00,72.25499725341797,72.61499786376953,72.25499725341797,72.5,206
2026-03-19 23:00:00+00:00,72.41000366210938,72.62999725341797,72.2750015258789,72.2750015258789,76
2026-03-19 23:15:00+00:00,72.45500183105469,72.55500030517578,72.32499694824219,72.375,51
2026-03-19 23:30:00+00:00,72.3550033569336,72.50499725341797,72.0,72.45500183105469,187
2026-03-19 23:45:00+00:00,72.5999984741211,72.72000122070312,72.30000305175781,72.30000305175781,109
2026-03-20 00:00:00+00:00,73.2300033569336,73.30500030517578,72.6500015258789,72.6500015258789,260
2026-03-20 00:15:00+00:00,72.81999969482422,73.2750015258789,72.62999725341797,73.2249984741211,190
2026-03-20 00:30:00+00:00,72.93499755859375,73.0,72.70999908447266,72.84500122070312,91
2026-03-20 00:45:00+00:00,72.50499725341797,73.0,72.50499725341797,73.0,98
2026-03-20 01:00:00+00:00,73.2249984741211,73.79000091552734,72.32499694824219,72.5250015258789,697
2026-03-20 01:15:00+00:00,73.75499725341797,73.78500366210938,73.26499938964844,73.2699966430664,254
2026-03-20 01:30:00+00:00,74.4749984741211,74.62000274658203,73.69999694824219,73.80000305175781,629
2026-03-20 01:45:00+00:00,73.8550033569336,74.58499908447266,73.6050033569336,74.4800033569336,480
2026-03-20 02:00:00+00:00,73.95500183105469,74.22000122070312,73.55000305175781,73.92500305175781,266
2026-03-20 02:15:00+00:00,74.0,74.18499755859375,73.91000366210938,73.93499755859375,107
2026-03-20 02:30:00+00:00,73.66999816894531,74.20999908447266,73.65499877929688,74.05999755859375,164
2026-03-20 02:45:00+00:00,73.94000244140625,74.20999908447266,73.63500213623047,73.71499633789062,161
2026-03-20 03:00:00+00:00,74.05000305175781,74.25499725341797,73.86499786376953,73.99500274658203,186
2026-03-20 03:15:00+00:00,74.38999938964844,74.53500366210938,74.16999816894531,74.16999816894531,234
2026-03-20 03:30:00+00:00,74.19000244140625,74.38500213623047,74.17500305175781,74.37999725341797,105
2026-03-20 03:45:00+00:00,74.19999694824219,74.2699966430664,74.13500213623047,74.16999816894531,63
2026-03-20 04:00:00+00:00,73.94999694824219,74.25,73.93499755859375,74.20500183105469,113
2026-03-20 04:15:00+00:00,74.00499725341797,74.02999877929688,73.87999725341797,73.9749984741211,85
2026-03-20 04:30:00+00:00,73.86000061035156,74.05500030517578,73.68499755859375,74.05500030517578,216
2026-03-20 04:45:00+00:00,73.9000015258789,74.00499725341797,73.74500274658203,73.83999633789062,84
2026-03-20 05:00:00+00:00,73.80999755859375,73.88999938964844,73.62000274658203,73.88999938964844,158
2026-03-20 05:15:00+00:00,73.7750015258789,73.91999816894531,73.73500061035156,73.81500244140625,117
2026-03-20 05:30:00+00:00,73.29499816894531,73.87000274658203,72.83999633789062,73.7750015258789,537
2026-03-20 05:45:00+00:00,72.56999969482422,73.3499984741211,72.38500213623047,73.3499984741211,790
2026-03-20 06:00:00+00:00,72.80999755859375,73.21499633789062,72.6050033569336,72.63999938964844,349
2026-03-20 06:15:00+00:00,72.53500366210938,72.93499755859375,72.19999694824219,72.90499877929688,547
2026-03-20 06:30:00+00:00,71.53500366210938,72.5999984741211,71.29000091552734,72.55000305175781,886
2026-03-20 06:45:00+00:00,71.6500015258789,71.875,71.36499786376953,71.54000091552734,292
2026-03-20 07:00:00+00:00,71.8550033569336,71.96499633789062,71.48999786376953,71.66500091552734,335
2026-03-20 07:15:00+00:00,72.11499786376953,72.11499786376953,71.79000091552734,71.83499908447266,321
2026-03-20 07:30:00+00:00,72.76000213623047,72.83000183105469,72.06999969482422,72.11499786376953,570
2026-03-20 07:45:00+00:00,73.0999984741211,73.1050033569336,72.70999908447266,72.7699966430664,457
2026-03-20 08:00:00+00:00,73.24500274658203,73.44999694824219,72.77999877929688,73.0999984741211,475
2026-03-20 08:15:00+00:00,73.43499755859375,73.77999877929688,73.2249984741211,73.23500061035156,494
2026-03-20 08:30:00+00:00,73.33999633789062,73.54499816894531,73.08499908447266,73.4000015258789,422
2026-03-20 08:45:00+00:00,73.19499969482422,73.30500030517578,72.95500183105469,73.30000305175781,278
2026-03-20 09:00:00+00:00,73.21499633789062,73.37000274658203,72.94000244140625,73.18000030517578,165
2026-03-20 09:15:00+00:00,73.06999969482422,73.16999816894531,72.95500183105469,73.15499877929688,117
2026-03-20 09:30:00+00:00,72.37000274658203,73.08000183105469,72.33000183105469,73.04000091552734,626
2026-03-20 09:45:00+00:00,71.83499908447266,72.41000366210938,71.70999908447266,72.3499984741211,511
2026-03-20 10:00:00+00:00,71.7300033569336,71.91500091552734,71.33000183105469,71.81500244140625,730
2026-03-20 10:15:00+00:00,71.61000061035156,71.88999938964844,71.29000091552734,71.7750015258789,308
2026-03-20 10:30:00+00:00,72.08999633789062,72.08999633789062,71.45500183105469,71.68000030517578,339
2026-03-20 10:45:00+00:00,71.70999908447266,72.12000274658203,71.53500366210938,72.07499694824219,426
2026-03-20 11:00:00+00:00,72.27999877929688,72.33999633789062,71.56500244140625,71.69499969482422,240
2026-03-20 11:15:00+00:00,72.18499755859375,72.41500091552734,72.01000213623047,72.24500274658203,248
2026-03-20 11:30:00+00:00,72.36499786376953,72.45500183105469,72.0199966430664,72.22000122070312,341
2026-03-20 11:45:00+00:00,72.2699966430664,72.45500183105469,71.93000030517578,72.31500244140625,254
2026-03-20 12:00:00+00:00,72.25,72.55500030517578,72.20999908447266,72.2750015258789,868
2026-03-20 12:15:00+00:00,72.31999969482422,72.45500183105469,72.00499725341797,72.25,422
2026-03-20 12:30:00+00:00,71.75499725341797,72.41999816894531,71.45500183105469,72.30500030517578,564
2026-03-20 12:45:00+00:00,71.93000030517578,72.03500366210938,71.44999694824219,71.71499633789062,414
2026-03-20 13:00:00+00:00,71.30000305175781,72.31500244140625,70.78500366210938,71.94499969482422,1458
2026-03-20 13:15:00+00:00,71.49500274658203,71.69999694824219,70.93499755859375,71.30999755859375,710
2026-03-20 13:30:00+00:00,71.68499755859375,71.79499816894531,70.86499786376953,71.41500091552734,1120
2026-03-20 13:45:00+00:00,70.30500030517578,71.81500244140625,70.02999877929688,71.66500091552734,1621
2026-03-20 14:00:00+00:00,69.32499694824219,70.5,69.2699966430664,70.28500366210938,1984
2026-03-20 14:15:00+00:00,68.69499969482422,69.31999969482422,68.5,69.30000305175781,2566
2026-03-20 14:30:00+00:00,69.47000122070312,69.71499633789062,68.6500015258789,68.66999816894531,1606
2026-03-20 14:45:00+00:00,69.53500366210938,69.80000305175781,69.00499725341797,69.44499969482422,1013
2026-03-20 15:00:00+00:00,70.24500274658203,70.2750015258789,69.45999908447266,69.5250015258789,1107
2026-03-20 15:15:00+00:00,69.73500061035156,70.36000061035156,69.33000183105469,70.27999877929688,1414
2026-03-20 15:30:00+00:00,69.58999633789062,70.13999938964844,69.4800033569336,69.70500183105469,861
2026-03-20 15:45:00+00:00,69.33999633789062,69.58999633789062,68.9000015258789,69.58999633789062,1019
2026-03-20 16:00:00+00:00,70.08499908447266,70.16000366210938,69.26000213623047,69.30500030517578,892
2026-03-20 16:15:00+00:00,69.875,70.47000122070312,69.875,70.08999633789062,672
2026-03-20 16:30:00+00:00,69.9800033569336,70.1050033569336,69.625,69.87999725341797,760
2026-03-20 16:45:00+00:00,69.76499938964844,69.95999908447266,69.5,69.95999908447266,703
2026-03-20 17:00:00+00:00,69.91999816894531,70.23500061035156,69.58000183105469,69.79000091552734,882
2026-03-20 17:15:00+00:00,69.43499755859375,69.91999816894531,69.33999633789062,69.8949966430664,1529
2026-03-20 17:30:00+00:00,69.53500366210938,69.55999755859375,69.08000183105469,69.4000015258789,870
2026-03-20 17:45:00+00:00,69.69499969482422,69.78500366210938,69.45999908447266,69.51499938964844,438
2026-03-20 18:00:00+00:00,69.48999786376953,69.80500030517578,69.31500244140625,69.75,476
2026-03-20 18:15:00+00:00,69.23999786376953,69.56500244140625,68.80000305175781,69.47000122070312,495
2026-03-20 18:30:00+00:00,68.61499786376953,69.31999969482422,68.55500030517578,69.26000213623047,565
2026-03-20 18:45:00+00:00,68.12999725341797,68.72000122070312,67.84500122070312,68.62000274658203,1340
2026-03-20 19:00:00+00:00,68.19000244140625,68.56500244140625,67.87000274658203,68.17500305175781,693
2026-03-20 19:15:00+00:00,68.05000305175781,68.28500366210938,67.73999786376953,68.16000366210938,532
2026-03-20 19:30:00+00:00,68.32499694824219,68.37000274658203,67.75,68.05500030517578,589
2026-03-20 19:45:00+00:00,68.02999877929688,68.30000305175781,67.87000274658203,68.30000305175781,607
2026-03-20 20:00:00+00:00,68.15499877929688,68.20500183105469,67.83999633789062,68.04499816894531,327
2026-03-20 20:15:00+00:00,68.01499938964844,68.3499984741211,68.01499938964844,68.125,179
2026-03-20 20:30:00+00:00,68.12999725341797,68.16999816894531,67.93000030517578,68.00499725341797,195
2026-03-20 20:45:00+00:00,67.80999755859375,68.23999786376953,67.80999755859375,68.1449966430664,260
2026-03-22 22:00:00+00:00,68.03500366210938,68.16500091552734,67.80500030517578,68.16500091552734,88
2026-03-22 22:15:00+00:00,69.48500061035156,69.68499755859375,67.9800033569336,68.06999969482422,977
2026-03-22 22:30:00+00:00,68.94000244140625,69.72000122070312,68.83999633789062,69.48500061035156,571
2026-03-22 22:45:00+00:00,68.91000366210938,69.27999877929688,68.62000274658203,68.95500183105469,197
2026-03-22 23:00:00+00:00,68.81999969482422,69.17500305175781,68.5999984741211,68.87000274658203,141
2026-03-22 23:15:00+00:00,68.47000122070312,69.0250015258789,68.33000183105469,68.90499877929688,171
2026-03-22 23:30:00+00:00,68.69999694824219,68.875,68.0999984741211,68.45999908447266,430
2026-03-22 23:45:00+00:00,68.22000122070312,68.92500305175781,67.66999816894531,68.66999816894531,382
2026-03-23 00:00:00+00:00,67.55000305175781,68.5199966430664,67.16500091552734,68.26000213623047,619
2026-03-23 00:15:00+00:00,67.41500091552734,67.98500061035156,67.13999938964844,67.58499908447266,373
2026-03-23 00:30:00+00:00,65.96499633789062,67.71499633789062,64.83000183105469,67.52999877929688,3226
2026-03-23 00:45:00+00:00,66.54000091552734,66.71499633789062,65.25499725341797,65.96499633789062,1123
2026-03-23 01:00:00+00:00,67.22000122070312,67.62999725341797,65.58999633789062,66.55500030517578,1526
2026-03-23 01:15:00+00:00,67.41000366210938,68.07499694824219,67.26000213623047,67.33000183105469,802
2026-03-23 01:30:00+00:00,67.4749984741211,68.0999984741211,67.17500305175781,67.41000366210938,540
2026-03-23 01:45:00+00:00,66.26000213623047,67.59500122070312,66.12999725341797,67.5250015258789,797
2026-03-23 02:00:00+00:00,66.58499908447266,67.34500122070312,66.19999694824219,66.2699966430664,614
2026-03-23 02:15:00+00:00,66.6449966430664,67.05000305175781,66.52999877929688,66.62000274658203,264
2026-03-23 02:30:00+00:00,65.91500091552734,66.5999984741211,65.4000015258789,66.5999984741211,985
2026-03-23 02:45:00+00:00,65.33499908447266,65.90499877929688,64.80000305175781,65.90499877929688,940
2026-03-23 03:00:00+00:00,64.8499984741211,65.82499694824219,64.66999816894531,65.3499984741211,754
2026-03-23 03:15:00+00:00,65.09500122070312,65.44000244140625,64.66999816894531,64.84500122070312,656
2026-03-23 03:30:00+00:00,65.24500274658203,65.49500274658203,64.9749984741211,65.12000274658203,297
2026-03-23 03:45:00+00:00,65.40499877929688,65.54499816894531,65.11000061035156,65.24500274658203,149
2026-03-23 04:00:00+00:00,65.67500305175781,65.80500030517578,65.41000366210938,65.41000366210938,249
2026-03-23 04:15:00+00:00,65.72000122070312,65.82499694824219,65.56999969482422,65.61000061035156,172
2026-03-23 04:30:00+00:00,65.76499938964844,65.77999877929688,65.29499816894531,65.70999908447266,350
2026-03-23 04:45:00+00:00,66.19999694824219,66.22000122070312,65.7300033569336,65.78500366210938,527
2026-03-23 05:00:00+00:00,66.44999694824219,66.68000030517578,66.15499877929688,66.18000030517578,269
2026-03-23 05:15:00+00:00,65.86499786376953,66.51000213623047,65.81999969482422,66.45999908447266,189
2026-03-23 05:30:00+00:00,64.93499755859375,65.86000061035156,64.73500061035156,65.86000061035156,1191
2026-03-23 05:45:00+00:00,63.97999954223633,64.81999969482422,63.53499984741211,64.76000213623047,1449
2026-03-23 06:00:00+00:00,64.01000213623047,64.05500030517578,62.85499954223633,63.974998474121094,1704
2026-03-23 06:15:00+00:00,62.20000076293945,64.32499694824219,62.06999969482422,63.95000076293945,1723
2026-03-23 06:30:00+00:00,61.84000015258789,62.78499984741211,61.650001525878906,62.189998626708984,2160
2026-03-23 06:45:00+00:00,63.02000045776367,63.33000183105469,61.63999938964844,61.834999084472656,1470
2026-03-23 07:00:00+00:00,61.790000915527344,63.03499984741211,61.5099983215332,63.03499984741211,1450
2026-03-23 07:15:00+00:00,62.47999954223633,62.709999084472656,61.209999084472656,61.80500030517578,1709
2026-03-23 07:30:00+00:00,63.85499954223633,63.880001068115234,62.404998779296875,62.45500183105469,1141
2026-03-23 07:45:00+00:00,64.08000183105469,64.08000183105469,63.404998779296875,63.834999084472656,981
2026-03-23 08:00:00+00:00,65.12000274658203,65.2750015258789,64.0250015258789,64.04499816894531,1560
2026-03-23 08:15:00+00:00,64.95500183105469,65.28500366210938,64.7249984741211,65.13999938964844,767
2026-03-23 08:30:00+00:00,64.83499908447266,65.25,64.56999969482422,64.80500030517578,606
2026-03-23 08:45:00+00:00,64.58999633789062,65.0999984741211,64.33499908447266,64.87000274658203,685
2026-03-23 09:00:00+00:00,64.13999938964844,64.61499786376953,63.90999984741211,64.61000061035156,665
2026-03-23 09:15:00+00:00,64.8499984741211,65.0,64.1500015258789,64.15499877929688,625
2026-03-23 09:30:00+00:00,63.57500076293945,64.97000122070312,63.38999938964844,64.86000061035156,938
2026-03-23 09:45:00+00:00,63.709999084472656,63.779998779296875,63.45000076293945,63.564998626708984,566
2026-03-23 10:00:00+00:00,64.20500183105469,64.44499969482422,63.525001525878906,63.720001220703125,418
2026-03-23 10:15:00+00:00,64.0250015258789,64.30999755859375,63.91999816894531,64.19499969482422,347
2026-03-23 10:30:00+00:00,63.849998474121094,64.23500061035156,63.540000915527344,64.09500122070312,363
2026-03-23 10:45:00+00:00,64.26000213623047,64.44499969482422,63.66999816894531,63.79999923706055,497
2026-03-23 11:00:00+00:00,69.30999755859375,69.5,64.26499938964844,64.26499938964844,4376
2026-03-23 11:15:00+00:00,68.33000183105469,69.44999694824219,67.12000274658203,69.33999633789062,2949
2026-03-23 11:30:00+00:00,68.29499816894531,68.93000030517578,67.7249984741211,68.30999755859375,1478
2026-03-23 11:45:00+00:00,67.45500183105469,68.5199966430664,67.0,68.33499908447266,1010
2026-03-23 12:00:00+00:00,67.37000274658203,67.75,66.8550033569336,67.42500305175781,1305
2026-03-23 12:15:00+00:00,68.41000366210938,68.5,67.37000274658203,67.37000274658203,874
2026-03-23 12:30:00+00:00,69.25,69.25499725341797,68.08000183105469,68.4749984741211,1413
2026-03-23 12:45:00+00:00,69.63500213623047,69.9800033569336,69.01499938964844,69.20500183105469,2170
2026-03-23 13:00:00+00:00,68.96499633789062,69.7699966430664,68.25,69.68000030517578,2806
2026-03-23 13:15:00+00:00,67.87000274658203,69.06500244140625,67.67500305175781,68.9749984741211,1487
2026-03-23 13:30:00+00:00,68.31999969482422,68.95500183105469,67.58000183105469,67.8550033569336,1597
2026-03-23 13:45:00+00:00,69.19000244140625,69.41999816894531,68.25499725341797,68.26499938964844,1040
2026-03-23 14:00:00+00:00,69.58499908447266,69.7699966430664,69.16000366210938,69.16000366210938,1490
2026-03-23 14:15:00+00:00,70.30999755859375,71.02999877929688,69.5250015258789,69.61000061035156,2842
2026-03-23 14:30:00+00:00,70.33000183105469,70.66000366210938,69.92500305175781,70.31500244140625,1412
2026-03-23 14:45:00+00:00,70.24500274658203,70.5,69.70999908447266,70.31500244140625,1336
2026-03-23 15:00:00+00:00,70.43000030517578,70.79499816894531,70.11000061035156,70.26000213623047,933
2026-03-23 15:15:00+00:00,69.8949966430664,70.5,69.58499908447266,70.44000244140625,1216
2026-03-23 15:30:00+00:00,68.7249984741211,70.08000183105469,68.65499877929688,69.88500213623047,1241
2026-03-23 15:45:00+00:00,68.04499816894531,69.05500030517578,67.56500244140625,68.69499969482422,1838
2026-03-23 16:00:00+00:00,68.81999969482422,68.94999694824219,68.0,68.06500244140625,1083
2026-03-23 16:15:00+00:00,68.11000061035156,68.83999633789062,68.11000061035156,68.78500366210938,575
2026-03-23 16:30:00+00:00,69.17500305175781,69.23999786376953,68.125,68.12999725341797,823
2026-03-23 16:45:00+00:00,69.0199966430664,69.3949966430664,68.90499877929688,69.13500213623047,599
2026-03-23 17:00:00+00:00,69.2750015258789,69.49500274658203,68.97000122070312,69.04499816894531,702
2026-03-23 17:15:00+00:00,69.55000305175781,69.6449966430664,69.12999725341797,69.30000305175781,1525
2026-03-23 17:30:00+00:00,69.68000030517578,69.96499633789062,69.56999969482422,69.56999969482422,659
2026-03-23 17:45:00+00:00,69.77999877929688,69.875,69.42500305175781,69.70500183105469,282
2026-03-23 18:00:00+00:00,69.77999877929688,69.94000244140625,69.2699966430664,69.79499816894531,386
2026-03-23 18:15:00+00:00,70.04499816894531,70.13500213623047,69.56999969482422,69.73999786376953,302
2026-03-23 18:30:00+00:00,70.26499938964844,70.36000061035156,70.03500366210938,70.05500030517578,400
2026-03-23 18:45:00+00:00,70.05999755859375,70.41500091552734,69.97000122070312,70.25,361
2026-03-23 19:00:00+00:00,69.28500366210938,70.0250015258789,69.2249984741211,69.9749984741211,353
2026-03-23 19:15:00+00:00,69.50499725341797,69.54499816894531,69.16000366210938,69.33000183105469,262
2026-03-23 19:30:00+00:00,69.58999633789062,69.61499786376953,69.33000183105469,69.48500061035156,265
2026-03-23 19:45:00+00:00,69.11499786376953,69.83000183105469,69.08499908447266,69.62000274658203,445
2026-03-23 20:00:00+00:00,69.22000122070312,69.30000305175781,68.81999969482422,69.13500213623047,206
2026-03-23 20:15:00+00:00,69.16000366210938,69.30000305175781,69.13500213623047,69.26000213623047,126
2026-03-23 20:30:00+00:00,69.44499969482422,69.44499969482422,69.05999755859375,69.18000030517578,296
2026-03-23 20:45:00+00:00,69.31999969482422,69.5,69.25,69.44999694824219,108
2026-03-23 22:00:00+00:00,69.41000366210938,69.84500122070312,68.53500366210938,69.37000274658203,219
2026-03-23 22:15:00+00:00,69.6500015258789,69.68499755859375,69.18499755859375,69.37999725341797,208
2026-03-23 22:30:00+00:00,69.4749984741211,69.69000244140625,69.29000091552734,69.69000244140625,216
2026-03-23 22:45:00+00:00,69.83000183105469,69.9000015258789,69.47000122070312,69.48500061035156,165
2026-03-23 23:00:00+00:00,69.94999694824219,70.00499725341797,69.73999786376953,69.82499694824219,206
2026-03-23 23:15:00+00:00,70.19000244140625,70.36499786376953,69.9749984741211,69.99500274658203,242
2026-03-23 23:30:00+00:00,69.86499786376953,70.24500274658203,69.6500015258789,70.08499908447266,153
2026-03-23 23:45:00+00:00,69.94999694824219,70.05500030517578,69.67500305175781,69.91999816894531,119
2026-03-24 00:00:00+00:00,69.1500015258789,70.16000366210938,69.1050033569336,69.98500061035156,253
2026-03-24 00:15:00+00:00,68.6449966430664,69.19000244140625,68.40499877929688,69.16500091552734,323
2026-03-24 00:30:00+00:00,67.87999725341797,68.77999877929688,67.82499694824219,68.63999938964844,787
2026-03-24 00:45:00+00:00,68.44499969482422,68.70999908447266,67.94499969482422,67.94499969482422,348
2026-03-24 01:00:00+00:00,67.0999984741211,68.82499694824219,67.04000091552734,68.36000061035156,1248
2026-03-24 01:15:00+00:00,67.57499694824219,67.91999816894531,66.96499633789062,67.09500122070312,576
2026-03-24 01:30:00+00:00,66.7300033569336,68.08999633789062,66.69499969482422,67.43000030517578,583
2026-03-24 01:45:00+00:00,66.99500274658203,67.3499984741211,66.6500015258789,66.67500305175781,476
2026-03-24 02:00:00+00:00,66.6500015258789,67.30000305175781,66.5199966430664,66.9749984741211,468
2026-03-24 02:15:00+00:00,67.6050033569336,67.6449966430664,66.63999938964844,66.68499755859375,339
2026-03-24 02:30:00+00:00,67.83999633789062,67.93499755859375,67.3550033569336,67.61000061035156,370
2026-03-24 02:45:00+00:00,67.63999938964844,68.25499725341797,67.5,67.83000183105469,308
2026-03-24 03:00:00+00:00,67.37000274658203,67.66000366210938,67.16000366210938,67.66000366210938,194
2026-03-24 03:15:00+00:00,67.73999786376953,67.77999877929688,67.4000015258789,67.41500091552734,67
2026-03-24 03:30:00+00:00,67.06500244140625,67.58999633789062,67.03500366210938,67.58999633789062,147
2026-03-24 03:45:00+00:00,67.0199966430664,67.1449966430664,66.72000122070312,67.06999969482422,158
2026-03-24 04:00:00+00:00,67.26499938964844,67.43000030517578,67.15499877929688,67.15499877929688,58
2026-03-24 04:15:00+00:00,66.92500305175781,67.19999694824219,66.63500213623047,67.19999694824219,184
2026-03-24 04:30:00+00:00,67.07499694824219,67.13999938964844,66.7750015258789,66.8949966430664,77
2026-03-24 04:45:00+00:00,66.87999725341797,67.25499725341797,66.87000274658203,67.05500030517578,78
2026-03-24 05:00:00+00:00,66.41999816894531,66.93000030517578,66.11499786376953,66.93000030517578,517
2026-03-24 05:15:00+00:00,66.45999908447266,66.91000366210938,66.41000366210938,66.44000244140625,305
2026-03-24 05:30:00+00:00,67.5199966430664,67.81999969482422,66.30500030517578,66.45500183105469,723
2026-03-24 05:45:00+00:00,67.63500213623047,67.875,67.37999725341797,67.48500061035156,327
2026-03-24 06:00:00+00:00,68.34500122070312,68.58000183105469,67.5250015258789,67.56999969482422,563
2026-03-24 06:15:00+00:00,69.07499694824219,69.5,68.21499633789062,68.3550033569336,597
2026-03-24 06:30:00+00:00,69.0,69.33499908447266,68.875,69.08499908447266,357
2026-03-24 06:45:00+00:00,69.2750015258789,69.30000305175781,68.70999908447266,68.99500274658203,280
2026-03-24 07:00:00+00:00,69.93000030517578,69.98500061035156,69.23999786376953,69.23999786376953,754
2026-03-24 07:15:00+00:00,69.66999816894531,69.97000122070312,69.51000213623047,69.93000030517578,415
2026-03-24 07:30:00+00:00,69.61499786376953,69.69999694824219,69.31999969482422,69.62999725341797,232
2026-03-24 07:45:00+00:00,70.2699966430664,70.73999786376953,69.41999816894531,69.58000183105469,941
2026-03-24 08:00:00+00:00,69.8949966430664,70.25,69.72000122070312,70.22000122070312,551
2026-03-24 08:15:00+00:00,69.41500091552734,70.01499938964844,69.30000305175781,69.9000015258789,345
2026-03-24 08:30:00+00:00,69.58999633789062,69.7249984741211,69.2300033569336,69.40499877929688,180
2026-03-24 08:45:00+00:00,69.86499786376953,70.02999877929688,69.52999877929688,69.53500366210938,291
2026-03-24 09:00:00+00:00,69.41500091552734,69.90499877929688,69.33499908447266,69.9000015258789,251
2026-03-24 09:15:00+00:00,69.86000061035156,70.0199966430664,69.25499725341797,69.33999633789062,222
2026-03-24 09:30:00+00:00,70.04499816894531,70.18000030517578,69.69999694824219,69.81500244140625,216
2026-03-24 09:45:00+00:00,70.31999969482422,70.3499984741211,69.93000030517578,70.06500244140625,201
2026-03-24 10:00:00+00:00,70.2249984741211,70.41999816894531,70.01499938964844,70.30999755859375,268
2026-03-24 10:15:00+00:00,70.1449966430664,70.4000015258789,70.08000183105469,70.19999694824219,177
2026-03-24 10:30:00+00:00,70.12000274658203,70.18499755859375,69.8550033569336,70.1449966430664,219
2026-03-24 10:45:00+00:00,70.4749984741211,70.51000213623047,69.8550033569336,70.125,235
2026-03-24 11:00:00+00:00,70.41000366210938,70.46499633789062,68.71499633789062,70.45999908447266,1400
2026-03-24 11:15:00+00:00,70.09500122070312,70.41999816894531,69.9000015258789,70.38500213623047,340
2026-03-24 11:30:00+00:00,70.24500274658203,70.5199966430664,70.01000213623047,70.08999633789062,343
2026-03-24 11:45:00+00:00,70.22000122070312,70.33499908447266,69.33000183105469,70.16000366210938,626
2026-03-24 12:00:00+00:00,70.0250015258789,70.3550033569336,69.71499633789062,70.23999786376953,452
2026-03-24 12:15:00+00:00,69.48999786376953,70.03500366210938,69.20999908447266,70.0250015258789,704
2026-03-24 12:30:00+00:00,68.43000030517578,69.48999786376953,68.375,69.42500305175781,1531
2026-03-24 12:45:00+00:00,68.58999633789062,68.9749984741211,68.3949966430664,68.4000015258789,914
2026-03-24 13:00:00+00:00,68.80500030517578,69.09500122070312,68.12999725341797,68.5199966430664,1443
2026-03-24 13:15:00+00:00,68.08499908447266,68.92500305175781,68.08499908447266,68.81999969482422,866
2026-03-24 13:30:00+00:00,68.08000183105469,68.55999755859375,67.83000183105469,68.11000061035156,1373
2026-03-24 13:45:00+00:00,68.52999877929688,68.73500061035156,67.76000213623047,68.02999877929688,1222
2026-03-24 14:00:00+00:00,68.9800033569336,69.13500213623047,68.49500274658203,68.5250015258789,1082
2026-03-24 14:15:00+00:00,69.05500030517578,69.2750015258789,68.63999938964844,68.98999786376953,964
2026-03-24 14:30:00+00:00,69.69000244140625,69.80500030517578,68.8949966430664,69.00499725341797,947
2026-03-24 14:45:00+00:00,69.86499786376953,70.4000015258789,69.54000091552734,69.68499755859375,1594
2026-03-24 15:00:00+00:00,70.06999969482422,70.12999725341797,69.7300033569336,69.8949966430664,749
2026-03-24 15:15:00+00:00,70.29000091552734,70.51000213623047,69.91500091552734,70.05000305175781,988
2026-03-24 15:30:00+00:00,70.41000366210938,70.55000305175781,70.1500015258789,70.28500366210938,645
2026-03-24 15:45:00+00:00,69.76499938964844,70.47000122070312,69.76000213623047,70.375,730
2026-03-24 16:00:00+00:00,69.98500061035156,69.99500274658203,69.5,69.7750015258789,525
2026-03-24 16:15:00+00:00,70.15499877929688,70.25499725341797,69.97000122070312,70.0,496
2026-03-24 16:30:00+00:00,70.04499816894531,70.23500061035156,69.72000122070312,70.18000030517578,353
2026-03-24 16:45:00+00:00,69.98500061035156,70.15499877929688,69.88500213623047,70.05500030517578,286
2026-03-24 17:00:00+00:00,69.58000183105469,70.13999938964844,69.19999694824219,70.0,1071
2026-03-24 17:15:00+00:00,69.48999786376953,69.76000213623047,69.18000030517578,69.54499816894531,1642
2026-03-24 17:30:00+00:00,69.11499786376953,69.55000305175781,68.98999786376953,69.45500183105469,550
2026-03-24 17:45:00+00:00,69.52999877929688,69.74500274658203,68.8949966430664,69.1050033569336,669
2026-03-24 18:00:00+00:00,69.68499755859375,69.7300033569336,69.42500305175781,69.51499938964844,197
2026-03-24 18:15:00+00:00,69.79000091552734,69.91000366210938,69.50499725341797,69.57499694824219,329
2026-03-24 18:30:00+00:00,69.69499969482422,70.22000122070312,69.6050033569336,69.80999755859375,598
2026-03-24 18:45:00+00:00,69.56999969482422,69.82499694824219,69.47000122070312,69.68000030517578,302
2026-03-24 19:00:00+00:00,70.06999969482422,70.06999969482422,69.53500366210938,69.53500366210938,240
2026-03-24 19:15:00+00:00,69.94499969482422,70.2249984741211,69.94499969482422,70.08000183105469,276
2026-03-24 19:30:00+00:00,69.75,69.91500091552734,69.63500213623047,69.9000015258789,204
2026-03-24 19:45:00+00:00,69.73500061035156,69.75499725341797,69.56999969482422,69.75499725341797,130
2026-03-24 20:00:00+00:00,69.6500015258789,69.81500244140625,69.52999877929688,69.70999908447266,60
2026-03-24 20:15:00+00:00,70.66000366210938,71.33999633789062,69.63500213623047,69.66500091552734,1063
2026-03-24 20:30:00+00:00,70.83000183105469,71.30000305175781,70.33000183105469,70.66999816894531,527
2026-03-24 20:45:00+00:00,71.44499969482422,71.49500274658203,70.80999755859375,70.86499786376953,605
2026-03-24 22:00:00+00:00,71.72000122070312,71.8499984741211,71.43000030517578,71.4800033569336,169
2026-03-24 22:15:00+00:00,71.61499786376953,71.79000091552734,71.44999694824219,71.67500305175781,264
2026-03-24 22:30:00+00:00,71.56999969482422,71.61499786376953,71.30999755859375,71.61499786376953,106
2026-03-24 22:45:00+00:00,71.94000244140625,71.99500274658203,71.56999969482422,71.56999969482422,306
2026-03-24 23:00:00+00:00,71.87000274658203,71.94499969482422,71.6050033569336,71.91999816894531,114
2026-03-24 23:15:00+00:00,72.34500122070312,72.34500122070312,71.88500213623047,71.88500213623047,815
2026-03-24 23:30:00+00:00,72.84500122070312,73.13999938964844,72.30500030517578,72.3499984741211,858
2026-03-24 23:45:00+00:00,73.13999938964844,73.30000305175781,72.73500061035156,72.82499694824219,419
2026-03-25 00:00:00+00:00,73.31500244140625,73.43499755859375,72.81999969482422,73.13500213623047,428
2026-03-25 00:15:00+00:00,73.7249984741211,73.80000305175781,73.05999755859375,73.29000091552734,527
2026-03-25 00:30:00+00:00,74.30500030517578,74.375,73.54000091552734,73.69499969482422,977
2026-03-25 00:45:00+00:00,73.96499633789062,74.55000305175781,73.91500091552734,74.33000183105469,866
2026-03-25 01:00:00+00:00,74.21499633789062,74.80000305175781,73.75,73.94000244140625,1297
2026-03-25 01:15:00+00:00,74.08499908447266,74.42500305175781,73.9749984741211,74.24500274658203,484
2026-03-25 01:30:00+00:00,74.26000213623047,74.63999938964844,74.05999755859375,74.05999755859375,467
2026-03-25 01:45:00+00:00,74.0999984741211,74.5,74.08999633789062,74.23999786376953,324
2026-03-25 02:00:00+00:00,73.92500305175781,74.16999816894531,73.58000183105469,74.07499694824219,654
2026-03-25 02:15:00+00:00,73.81500244140625,74.05000305175781,73.81500244140625,73.92500305175781,278
2026-03-25 02:30:00+00:00,74.18000030517578,74.31500244140625,73.54000091552734,73.80500030517578,448
2026-03-25 02:45:00+00:00,73.66500091552734,74.30500030517578,73.625,74.16500091552734,279
2026-03-25 03:00:00+00:00,73.4749984741211,73.83499908447266,73.30000305175781,73.63999938964844,428
2026-03-25 03:15:00+00:00,73.63999938964844,73.6500015258789,73.3499984741211,73.55000305175781,168
2026-03-25 03:30:00+00:00,73.45999908447266,73.61000061035156,73.37000274658203,73.61000061035156,155
2026-03-25 03:45:00+00:00,73.54499816894531,73.71499633789062,73.27999877929688,73.5,274
2026-03-25 04:00:00+00:00,73.69499969482422,73.87999725341797,73.45999908447266,73.5250015258789,180
2026-03-25 04:15:00+00:00,73.75,73.7699966430664,73.63999938964844,73.73999786376953,61
2026-03-25 04:30:00+00:00,73.5999984741211,73.80999755859375,73.5999984741211,73.76499938964844,54
2026-03-25 04:45:00+00:00,73.62000274658203,73.70500183105469,73.51000213623047,73.5999984741211,75
2026-03-25 05:00:00+00:00,73.53500366210938,73.63500213623047,73.4000015258789,73.625,120
2026-03-25 05:15:00+00:00,73.19999694824219,73.5199966430664,73.19499969482422,73.5199966430664,319
2026-03-25 05:30:00+00:00,73.66999816894531,73.69499969482422,72.91500091552734,73.22000122070312,547
2026-03-25 05:45:00+00:00,73.26499938964844,73.68000030517578,73.12000274658203,73.68000030517578,182
2026-03-25 06:00:00+00:00,72.94999694824219,73.34500122070312,72.6050033569336,73.25499725341797,689
2026-03-25 06:15:00+00:00,73.33499908447266,73.61000061035156,72.91000366210938,72.94499969482422,315
2026-03-25 06:30:00+00:00,73.20500183105469,73.57499694824219,73.0250015258789,73.3550033569336,204
2026-03-25 06:45:00+00:00,73.20999908447266,73.5250015258789,73.06500244140625,73.18000030517578,112
2026-03-25 07:00:00+00:00,73.40499877929688,73.45500183105469,73.15499877929688,73.29499816894531,171
2026-03-25 07:15:00+00:00,73.24500274658203,73.56500244140625,73.17500305175781,73.40499877929688,200
2026-03-25 07:30:00+00:00,73.22000122070312,73.31500244140625,73.01000213623047,73.2300033569336,157
2026-03-25 07:45:00+00:00,73.08499908447266,73.25499725341797,73.04499816894531,73.20999908447266,63
2026-03-25 08:00:00+00:00,73.42500305175781,73.48500061035156,73.04499816894531,73.1050033569336,291
2026-03-25 08:15:00+00:00,73.48999786376953,73.87999725341797,73.4000015258789,73.41000366210938,671
2026-03-25 08:30:00+00:00,73.45999908447266,73.5,73.04499816894531,73.44000244140625,447
2026-03-25 08:45:00+00:00,73.24500274658203,73.55500030517578,73.19000244140625,73.43499755859375,227
2026-03-25 09:00:00+00:00,73.30000305175781,73.54000091552734,73.1500015258789,73.22000122070312,213
2026-03-25 09:15:00+00:00,72.99500274658203,73.4000015258789,72.58000183105469,73.32499694824219,582
2026-03-25 09:30:00+00:00,72.7300033569336,73.1500015258789,72.5999984741211,73.01499938964844,434
2026-03-25 09:45:00+00:00,72.8550033569336,73.03500366210938,72.09500122070312,72.66500091552734,982
2026-03-25 10:00:00+00:00,72.7699966430664,73.1449966430664,72.70500183105469,72.87000274658203,272
2026-03-25 10:15:00+00:00,72.77999877929688,72.83999633789062,72.67500305175781,72.78500366210938,156
2026-03-25 10:30:00+00:00,72.65499877929688,72.95500183105469,72.55999755859375,72.73500061035156,215
2026-03-25 10:45:00+00:00,73.12999725341797,73.23999786376953,72.67500305175781,72.69999694824219,381
2026-03-25 11:00:00+00:00,73.25499725341797,73.4000015258789,73.1050033569336,73.11499786376953,253
2026-03-25 11:15:00+00:00,73.31999969482422,73.44000244140625,73.0199966430664,73.23999786376953,206
2026-03-25 11:30:00+00:00,73.43000030517578,73.625,73.29000091552734,73.33499908447266,244
2026-03-25 11:45:00+00:00,73.31500244140625,73.5,73.1449966430664,73.3949966430664,284
2026-03-25 12:00:00+00:00,73.37000274658203,73.53500366210938,73.125,73.32499694824219,393
2026-03-25 12:15:00+00:00,72.7300033569336,73.3499984741211,72.55000305175781,73.33000183105469,786
2026-03-25 12:30:00+00:00,72.81999969482422,73.1449966430664,72.36499786376953,72.69499969482422,914
2026-03-25 12:45:00+00:00,72.87999725341797,73.11000061035156,72.69499969482422,72.77999877929688,415
2026-03-25 13:00:00+00:00,73.1449966430664,73.45999908447266,72.8499984741211,72.8949966430664,793
2026-03-25 13:15:00+00:00,73.09500122070312,73.25,72.88999938964844,73.1449966430664,364
2026-03-25 13:30:00+00:00,72.80500030517578,73.25,72.7300033569336,73.08499908447266,921
2026-03-25 13:45:00+00:00,72.38999938964844,72.83000183105469,72.2249984741211,72.79000091552734,1132
2026-03-25 14:00:00+00:00,72.66000366210938,72.66000366210938,72.05000305175781,72.41000366210938,817
2026-03-25 14:15:00+00:00,73.12000274658203,73.18499755859375,72.6449966430664,72.66000366210938,1193
2026-03-25 14:30:00+00:00,73.1050033569336,73.31999969482422,73.07499694824219,73.1500015258789,537
2026-03-25 14:45:00+00:00,73.2249984741211,73.55000305175781,73.08499908447266,73.08499908447266,653
2026-03-25 15:00:00+00:00,72.63999938964844,73.4000015258789,72.63999938964844,73.23999786376953,624
2026-03-25 15:15:00+00:00,72.84500122070312,72.93000030517578,71.8949966430664,72.62999725341797,1456
2026-03-25 15:30:00+00:00,72.71499633789062,73.01000213623047,72.5999984741211,72.93000030517578,449
2026-03-25 15:45:00+00:00,72.7750015258789,72.88500213623047,72.58000183105469,72.75499725341797,267
2026-03-25 16:00:00+00:00,72.80500030517578,72.98500061035156,72.68499755859375,72.75499725341797,404
2026-03-25 16:15:00+00:00,72.81999969482422,73.05500030517578,72.58000183105469,72.78500366210938,567
2026-03-25 16:30:00+00:00,73.0199966430664,73.05999755859375,72.77999877929688,72.8499984741211,422
2026-03-25 16:45:00+00:00,72.81500244140625,73.04000091552734,72.80500030517578,73.01000213623047,370
2026-03-25 17:00:00+00:00,72.66500091552734,72.8949966430664,72.47000122070312,72.83000183105469,867
2026-03-25 17:15:00+00:00,72.68499755859375,72.84500122070312,72.46499633789062,72.63999938964844,1744
2026-03-25 17:30:00+00:00,72.82499694824219,72.8550033569336,72.53500366210938,72.66500091552734,397
2026-03-25 17:45:00+00:00,72.55999755859375,72.875,72.52999877929688,72.77999877929688,213
2026-03-25 18:00:00+00:00,72.58499908447266,72.92500305175781,72.4800033569336,72.55999755859375,344
2026-03-25 18:15:00+00:00,72.41999816894531,72.5999984741211,72.31500244140625,72.57499694824219,362
2026-03-25 18:30:00+00:00,72.36000061035156,72.48999786376953,72.20999908447266,72.38999938964844,271
2026-03-25 18:45:00+00:00,72.20999908447266,72.37999725341797,71.90499877929688,72.3550033569336,349
2026-03-25 19:00:00+00:00,71.7750015258789,72.23500061035156,71.41999816894531,72.19499969482422,694
2026-03-25 19:15:00+00:00,71.70500183105469,71.8949966430664,71.68000030517578,71.76499938964844,322
2026-03-25 19:30:00+00:00,72.01000213623047,72.21499633789062,71.69000244140625,71.69000244140625,197
2026-03-25 19:45:00+00:00,72.23500061035156,72.23999786376953,71.86499786376953,72.0199966430664,222
2026-03-25 20:00:00+00:00,71.92500305175781,72.3949966430664,71.82499694824219,72.23500061035156,351
2026-03-25 20:15:00+00:00,71.75,72.05500030517578,71.66000366210938,71.92500305175781,154
2026-03-25 20:30:00+00:00,71.3499984741211,71.76000213623047,71.06999969482422,71.73999786376953,481
2026-03-25 20:45:00+00:00,71.44499969482422,71.46499633789062,71.18000030517578,71.33000183105469,257
2026-03-25 22:00:00+00:00,71.1500015258789,71.9000015258789,71.1449966430664,71.50499725341797,256
2026-03-25 22:15:00+00:00,71.36000061035156,71.5,71.16000366210938,71.19999694824219,137
2026-03-25 22:30:00+00:00,71.6500015258789,71.70999908447266,71.36000061035156,71.37000274658203,92
2026-03-25 22:45:00+00:00,71.33499908447266,71.61499786376953,71.17500305175781,71.5999984741211,70
2026-03-25 23:00:00+00:00,70.86000061035156,71.34500122070312,70.57499694824219,71.34500122070312,474
2026-03-25 23:15:00+00:00,70.8499984741211,70.98999786376953,70.68000030517578,70.875,120
2026-03-25 23:30:00+00:00,70.67500305175781,71.0,70.51499938964844,70.83000183105469,189
2026-03-25 23:45:00+00:00,70.83000183105469,70.8550033569336,70.57499694824219,70.66999816894531,81
2026-03-26 00:00:00+00:00,71.625,71.73500061035156,70.77999877929688,70.79499816894531,337
2026-03-26 00:15:00+00:00,71.82499694824219,72.16999816894531,71.57499694824219,71.61499786376953,380
2026-03-26 00:30:00+00:00,71.70999908447266,71.93000030517578,71.69499969482422,71.83000183105469,132
2026-03-26 00:45:00+00:00,72.16999816894531,72.21499633789062,71.73999786376953,71.73999786376953,268
2026-03-26 01:00:00+00:00,71.86000061035156,72.31500244140625,71.70500183105469,72.13500213623047,399
2026-03-26 01:15:00+00:00,71.625,71.7750015258789,71.23500061035156,71.75,626
2026-03-26 01:30:00+00:00,71.73500061035156,72.1050033569336,71.55500030517578,71.63500213623047,320
2026-03-26 01:45:00+00:00,72.05000305175781,72.05000305175781,71.50499725341797,71.76000213623047,159
2026-03-26 02:00:00+00:00,72.29000091552734,72.38500213623047,71.88500213623047,72.08000183105469,263
2026-03-26 02:15:00+00:00,71.87000274658203,72.26499938964844,71.87000274658203,72.26499938964844,103
2026-03-26 02:30:00+00:00,71.73999786376953,72.15499877929688,71.50499725341797,71.8550033569336,205
2026-03-26 02:45:00+00:00,71.5,71.87999725341797,71.28500366210938,71.71499633789062,301
2026-03-26 03:00:00+00:00,71.65499877929688,71.7249984741211,71.3550033569336,71.45500183105469,141
2026-03-26 03:15:00+00:00,71.61000061035156,71.76000213623047,71.41999816894531,71.66000366210938,166
2026-03-26 03:30:00+00:00,71.95999908447266,72.04499816894531,71.83000183105469,71.83000183105469,94
2026-03-26 03:45:00+00:00,71.81999969482422,71.99500274658203,71.75,71.92500305175781,46
2026-03-26 04:00:00+00:00,72.05999755859375,72.1050033569336,71.76499938964844,71.93000030517578,53
2026-03-26 04:15:00+00:00,72.0999984741211,72.16000366210938,72.02999877929688,72.06999969482422,72
2026-03-26 04:30:00+00:00,71.90499877929688,72.0999984741211,71.87000274658203,72.0999984741211,58
2026-03-26 04:45:00+00:00,71.91999816894531,72.02999877929688,71.83499908447266,71.93000030517578,62
2026-03-26 05:00:00+00:00,71.41999816894531,71.90499877929688,71.36000061035156,71.88500213623047,197
2026-03-26 05:15:00+00:00,70.83999633789062,71.51000213623047,70.69999694824219,71.43000030517578,390
2026-03-26 05:30:00+00:00,70.80000305175781,71.12000274658203,70.6500015258789,70.87000274658203,356
2026-03-26 05:45:00+00:00,69.51499938964844,70.76499938964844,69.48999786376953,70.76000213623047,1322
2026-03-26 06:00:00+00:00,69.43000030517578,70.08000183105469,69.4000015258789,69.50499725341797,1231
2026-03-26 06:15:00+00:00,70.0199966430664,70.05999755859375,69.08000183105469,69.49500274658203,714
2026-03-26 06:30:00+00:00,70.05000305175781,70.07499694824219,69.62999725341797,70.03500366210938,297
2026-03-26 06:45:00+00:00,70.12999725341797,70.21499633789062,69.94999694824219,70.05000305175781,296
2026-03-26 07:00:00+00:00,69.38500213623047,70.20500183105469,69.19999694824219,70.1500015258789,521
2026-03-26 07:15:00+00:00,69.61499786376953,69.79000091552734,69.18499755859375,69.41500091552734,439
2026-03-26 07:30:00+00:00,69.71499633789062,69.93000030517578,69.4800033569336,69.63999938964844,188
2026-03-26 07:45:00+00:00,69.46499633789062,69.91500091552734,69.44000244140625,69.73999786376953,263
2026-03-26 08:00:00+00:00,69.2699966430664,69.7249984741211,69.16500091552734,69.4800033569336,628
2026-03-26 08:15:00+00:00,68.4800033569336,69.37999725341797,68.33499908447266,69.30000305175781,1046
2026-03-26 08:30:00+00:00,68.06999969482422,68.75499725341797,67.88500213623047,68.4749984741211,1313
2026-03-26 08:45:00+00:00,68.31500244140625,68.62999725341797,68.01000213623047,68.05500030517578,486
2026-03-26 09:00:00+00:00,68.29000091552734,68.375,67.93499755859375,68.32499694824219,487
2026-03-26 09:15:00+00:00,68.05999755859375,68.3550033569336,68.0,68.26499938964844,331
2026-03-26 09:30:00+00:00,68.05000305175781,68.15499877929688,67.75,68.01000213623047,385
2026-03-26 09:45:00+00:00,68.19000244140625,68.19000244140625,67.83999633789062,68.0,292
2026-03-26 10:00:00+00:00,68.13500213623047,68.44999694824219,68.04499816894531,68.18000030517578,261
2026-03-26 10:15:00+00:00,68.41999816894531,68.58000183105469,68.0999984741211,68.16999816894531,505
2026-03-26 10:30:00+00:00,67.98500061035156,68.62999725341797,67.81500244140625,68.4749984741211,602
2026-03-26 10:45:00+00:00,68.22000122070312,68.2750015258789,67.875,67.94499969482422,360
2026-03-26 11:00:00+00:00,68.29499816894531,68.55500030517578,68.16500091552734,68.25499725341797,439
2026-03-26 11:15:00+00:00,68.08999633789062,68.30000305175781,67.87999725341797,68.29499816894531,376
2026-03-26 11:30:00+00:00,68.18000030517578,68.43000030517578,68.0199966430664,68.12999725341797,423
2026-03-26 11:45:00+00:00,67.43000030517578,68.21499633789062,67.06500244140625,68.18000030517578,2129
2026-03-26 12:00:00+00:00,68.05000305175781,68.13500213623047,67.23500061035156,67.42500305175781,637
2026-03-26 12:15:00+00:00,67.92500305175781,68.23999786376953,67.8949966430664,68.02999877929688,711
2026-03-26 12:30:00+00:00,67.6500015258789,67.96499633789062,67.625,67.91000366210938,488
2026-03-26 12:45:00+00:00,67.56500244140625,67.9749984741211,67.52999877929688,67.69499969482422,663
2026-03-26 13:00:00+00:00,68.41500091552734,68.61000061035156,67.44499969482422,67.58999633789062,1917
2026-03-26 13:15:00+00:00,68.75,68.88500213623047,68.29000091552734,68.41999816894531,1028
2026-03-26 13:30:00+00:00,69.13500213623047,69.13500213623047,68.3499984741211,68.68499755859375,1011
2026-03-26 13:45:00+00:00,69.375,69.47000122070312,68.87000274658203,69.11000061035156,1706
2026-03-26 14:00:00+00:00,69.09500122070312,69.4749984741211,68.8550033569336,69.38500213623047,652
2026-03-26 14:15:00+00:00,69.38999938964844,69.67500305175781,69.125,69.16999816894531,686
2026-03-26 14:30:00+00:00,69.20999908447266,69.83000183105469,69.1500015258789,69.4000015258789,1068
2026-03-26 14:45:00+00:00,69.2699966430664,69.37999725341797,68.68000030517578,69.16000366210938,918
2026-03-26 15:00:00+00:00,69.03500366210938,69.44000244140625,69.0,69.27999877929688,559
2026-03-26 15:15:00+00:00,69.01000213623047,69.3499984741211,68.8949966430664,69.06500244140625,554
2026-03-26 15:30:00+00:00,68.70999908447266,68.9749984741211,68.48999786376953,68.9749984741211,661
2026-03-26 15:45:00+00:00,68.6500015258789,69.09500122070312,68.42500305175781,68.70999908447266,740
2026-03-26 16:00:00+00:00,68.5,68.69999694824219,68.375,68.5999984741211,490
2026-03-26 16:15:00+00:00,67.68499755859375,68.51000213623047,67.27999877929688,68.5,2680
2026-03-26 16:30:00+00:00,67.625,67.74500274658203,67.16999816894531,67.6500015258789,1474
2026-03-26 16:45:00+00:00,67.8499984741211,68.0999984741211,67.6050033569336,67.625,922
2026-03-26 17:00:00+00:00,67.99500274658203,68.26000213623047,67.80000305175781,67.83000183105469,1298
2026-03-26 17:15:00+00:00,67.80500030517578,68.11499786376953,67.6449966430664,68.01499938964844,2982
2026-03-26 17:30:00+00:00,67.59500122070312,67.92500305175781,67.5,67.80500030517578,718
2026-03-26 17:45:00+00:00,67.38500213623047,67.63500213623047,67.26000213623047,67.5999984741211,897
2026-03-26 18:00:00+00:00,67.53500366210938,67.63999938964844,67.37000274658203,67.37999725341797,508
2026-03-26 18:15:00+00:00,67.0,67.4800033569336,66.70500183105469,67.4800033569336,1067
2026-03-26 18:30:00+00:00,67.63500213623047,67.66999816894531,66.98999786376953,67.04000091552734,531
2026-03-26 18:45:00+00:00,67.68000030517578,67.83499908447266,67.58000183105469,67.65499877929688,386
2026-03-26 19:00:00+00:00,67.53500366210938,67.88500213623047,67.33999633789062,67.75499725341797,488
2026-03-26 19:15:00+00:00,67.46499633789062,67.79499816894531,67.45999908447266,67.5199966430664,337
2026-03-26 19:30:00+00:00,67.51499938964844,67.88999938964844,67.3499984741211,67.58499908447266,302
2026-03-26 19:45:00+00:00,67.28500366210938,67.54499816894531,67.06500244140625,67.54499816894531,507
2026-03-26 20:00:00+00:00,69.0,69.1449966430664,67.13500213623047,67.25499725341797,1488
2026-03-26 20:15:00+00:00,68.5250015258789,69.08499908447266,68.22000122070312,69.04000091552734,1109
2026-03-26 20:30:00+00:00,68.63999938964844,68.87999725341797,68.37000274658203,68.5250015258789,318
2026-03-26 20:45:00+00:00,68.125,68.69999694824219,67.98999786376953,68.63999938964844,350
2026-03-26 22:00:00+00:00,68.61000061035156,68.66999816894531,68.28500366210938,68.36499786376953,74
2026-03-26 22:15:00+00:00,68.66999816894531,68.79499816894531,68.57499694824219,68.5999984741211,106
2026-03-26 22:30:00+00:00,69.05500030517578,69.1050033569336,68.62999725341797,68.62999725341797,127
2026-03-26 22:45:00+00:00,68.99500274658203,69.09500122070312,68.83499908447266,68.95999908447266,109
2026-03-26 23:00:00+00:00,68.61499786376953,69.04499816894531,68.55999755859375,68.98500061035156,265
2026-03-26 23:15:00+00:00,68.63999938964844,68.67500305175781,68.41500091552734,68.62000274658203,79
2026-03-26 23:30:00+00:00,68.7750015258789,69.0250015258789,68.58499908447266,68.65499877929688,216
2026-03-26 23:45:00+00:00,68.70999908447266,68.83499908447266,68.6449966430664,68.83499908447266,75
2026-03-27 00:00:00+00:00,68.78500366210938,69.16000366210938,68.69999694824219,68.69999694824219,217
2026-03-27 00:15:00+00:00,68.24500274658203,68.80000305175781,68.13500213623047,68.77999877929688,226
2026-03-27 00:30:00+00:00,68.02999877929688,68.48999786376953,67.88999938964844,68.3499984741211,207
2026-03-27 00:45:00+00:00,67.59500122070312,68.03500366210938,67.44000244140625,68.03500366210938,320
2026-03-27 01:00:00+00:00,68.15499877929688,68.33000183105469,67.44999694824219,67.61000061035156,421
2026-03-27 01:15:00+00:00,68.38500213623047,68.40499877929688,67.95999908447266,68.17500305175781,264
2026-03-27 01:30:00+00:00,68.70999908447266,68.7750015258789,68.3550033569336,68.41500091552734,317
2026-03-27 01:45:00+00:00,68.69999694824219,68.73999786376953,68.41000366210938,68.70999908447266,150
2026-03-27 02:00:00+00:00,68.8949966430664,69.11000061035156,68.7249984741211,68.7249984741211,493
2026-03-27 02:15:00+00:00,68.93499755859375,69.0250015258789,68.6500015258789,68.94000244140625,189
2026-03-27 02:30:00+00:00,68.73500061035156,68.9800033569336,68.56999969482422,68.94999694824219,203
2026-03-27 02:45:00+00:00,68.62999725341797,69.05000305175781,68.62999725341797,68.73500061035156,260
2026-03-27 03:00:00+00:00,68.69999694824219,68.80500030517578,68.41999816894531,68.66500091552734,267
2026-03-27 03:15:00+00:00,69.29499816894531,69.5250015258789,68.625,68.67500305175781,477
2026-03-27 03:30:00+00:00,69.41000366210938,69.68000030517578,69.18499755859375,69.26499938964844,400
2026-03-27 03:45:00+00:00,69.3949966430664,69.53500366210938,69.32499694824219,69.34500122070312,135
2026-03-27 04:00:00+00:00,69.27999877929688,69.4800033569336,69.2249984741211,69.45500183105469,60
2026-03-27 04:15:00+00:00,69.31999969482422,69.40499877929688,69.2300033569336,69.2300033569336,66
2026-03-27 04:30:00+00:00,69.54000091552734,69.58000183105469,69.36499786376953,69.36499786376953,64
2026-03-27 04:45:00+00:00,69.69999694824219,69.79499816894531,69.55999755859375,69.56999969482422,114
2026-03-27 05:00:00+00:00,69.7699966430664,69.8949966430664,69.61499786376953,69.69000244140625,169
2026-03-27 05:15:00+00:00,69.6500015258789,69.84500122070312,69.4749984741211,69.80500030517578,161
2026-03-27 05:30:00+00:00,70.19000244140625,70.43000030517578,69.6449966430664,69.65499877929688,804
2026-03-27 05:45:00+00:00,69.55000305175781,70.31999969482422,69.55000305175781,70.18000030517578,330
2026-03-27 06:00:00+00:00,69.88500213623047,69.90499877929688,69.40499877929688,69.52999877929688,327
2026-03-27 06:15:00+00:00,69.88999938964844,70.03500366210938,69.67500305175781,69.86000061035156,152
2026-03-27 06:30:00+00:00,70.06500244140625,70.19000244140625,69.77999877929688,69.86499786376953,277
2026-03-27 06:45:00+00:00,69.87000274658203,70.05500030517578,69.61499786376953,70.0,409
2026-03-27 07:00:00+00:00,69.80999755859375,69.92500305175781,69.5250015258789,69.8499984741211,294
2026-03-27 07:15:00+00:00,69.79000091552734,69.94000244140625,69.74500274658203,69.83499908447266,122
2026-03-27 07:30:00+00:00,69.62999725341797,69.79000091552734,69.54499816894531,69.76499938964844,330
2026-03-27 07:45:00+00:00,69.59500122070312,69.86000061035156,69.58000183105469,69.62999725341797,199
2026-03-27 08:00:00+00:00,69.45999908447266,69.62999725341797,69.11499786376953,69.56999969482422,581
2026-03-27 08:15:00+00:00,69.07499694824219,69.41999816894531,69.0250015258789,69.41999816894531,217
2026-03-27 08:30:00+00:00,69.11000061035156,69.22000122070312,68.90499877929688,69.04499816894531,218
2026-03-27 08:45:00+00:00,68.80999755859375,69.16999816894531,68.80999755859375,69.08999633789062,127
2026-03-27 09:00:00+00:00,68.80000305175781,69.0,68.625,68.83000183105469,322
2026-03-27 09:15:00+00:00,69.05500030517578,69.09500122070312,68.78500366210938,68.78500366210938,127
2026-03-27 09:30:00+00:00,68.97000122070312,69.19999694824219,68.86499786376953,69.03500366210938,129
2026-03-27 09:45:00+00:00,68.63999938964844,68.93000030517578,68.62000274658203,68.93000030517578,186
2026-03-27 10:00:00+00:00,68.68499755859375,68.9749984741211,68.63500213623047,68.6500015258789,149
2026-03-27 10:15:00+00:00,68.80500030517578,68.91500091552734,68.70999908447266,68.73500061035156,105
2026-03-27 10:30:00+00:00,68.41000366210938,68.84500122070312,68.36000061035156,68.80500030517578,189
2026-03-27 10:45:00+00:00,68.19999694824219,68.45999908447266,68.15499877929688,68.40499877929688,395
2026-03-27 11:00:00+00:00,68.16500091552734,68.29000091552734,67.93499755859375,68.19999694824219,448
2026-03-27 11:15:00+00:00,68.38999938964844,68.4000015258789,68.03500366210938,68.12000274658203,121
2026-03-27 11:30:00+00:00,68.23999786376953,68.44499969482422,68.03500366210938,68.41500091552734,200
2026-03-27 11:45:00+00:00,67.92500305175781,68.32499694824219,67.74500274658203,68.24500274658203,384
2026-03-27 12:00:00+00:00,67.93499755859375,68.01499938964844,67.56500244140625,67.93000030517578,729
2026-03-27 12:15:00+00:00,68.08499908447266,68.16000366210938,67.7249984741211,67.93499755859375,487
2026-03-27 12:30:00+00:00,67.91000366210938,68.18499755859375,67.875,68.05000305175781,346
2026-03-27 12:45:00+00:00,68.05500030517578,68.22000122070312,67.91500091552734,67.94999694824219,635
2026-03-27 13:00:00+00:00,67.80999755859375,68.41500091552734,67.57499694824219,68.08000183105469,1457
2026-03-27 13:15:00+00:00,67.94499969482422,68.33999633789062,67.78500366210938,67.78500366210938,690
2026-03-27 13:30:00+00:00,68.25,68.30000305175781,67.67500305175781,67.94000244140625,1034
2026-03-27 13:45:00+00:00,68.06999969482422,68.625,67.7699966430664,68.25,1057
2026-03-27 14:00:00+00:00,68.76499938964844,68.91999816894531,68.0,68.0,1467
2026-03-27 14:15:00+00:00,68.76499938964844,69.08999633789062,68.69499969482422,68.72000122070312,1023
2026-03-27 14:30:00+00:00,69.05999755859375,69.2300033569336,68.63500213623047,68.73500061035156,760
2026-03-27 14:45:00+00:00,70.45999908447266,70.75,69.06500244140625,69.06500244140625,2337
2026-03-27 15:00:00+00:00,71.26499938964844,71.46499633789062,70.33999633789062,70.5,2048
2026-03-27 15:15:00+00:00,71.3550033569336,71.7750015258789,71.06500244140625,71.33499908447266,1795
2026-03-27 15:30:00+00:00,71.00499725341797,71.55999755859375,70.9000015258789,71.37999725341797,1023
2026-03-27 15:45:00+00:00,70.8949966430664,71.19999694824219,70.88999938964844,71.04000091552734,648
2026-03-27 16:00:00+00:00,70.91000366210938,71.01000213623047,70.62000274658203,70.92500305175781,810
2026-03-27 16:15:00+00:00,70.80000305175781,71.12999725341797,70.76000213623047,70.8949966430664,590
2026-03-27 16:30:00+00:00,70.50499725341797,70.83999633789062,70.2300033569336,70.83000183105469,888
2026-03-27 16:45:00+00:00,70.5,70.91999816894531,70.36000061035156,70.50499725341797,676
2026-03-27 17:00:00+00:00,70.26000213623047,70.6050033569336,70.125,70.4749984741211,1078
2026-03-27 17:15:00+00:00,69.73999786376953,70.29499816894531,69.55999755859375,70.2699966430664,1952
2026-03-27 17:30:00+00:00,69.6050033569336,69.9000015258789,69.5199966430664,69.73999786376953,425
2026-03-27 17:45:00+00:00,69.63500213623047,69.80999755859375,69.51000213623047,69.61000061035156,275
2026-03-27 18:00:00+00:00,69.91999816894531,69.94000244140625,69.62000274658203,69.62000274658203,470
2026-03-27 18:15:00+00:00,70.24500274658203,70.31500244140625,69.91999816894531,69.91999816894531,920
2026-03-27 18:30:00+00:00,70.55500030517578,70.65499877929688,70.25,70.25,393
2026-03-27 18:45:00+00:00,70.30000305175781,70.54000091552734,70.29000091552734,70.54000091552734,320
2026-03-27 19:00:00+00:00,70.12999725341797,70.37999725341797,69.90499877929688,70.30999755859375,487
2026-03-27 19:15:00+00:00,70.44000244140625,70.55999755859375,70.1050033569336,70.1050033569336,392
2026-03-27 19:30:00+00:00,69.94999694824219,70.55000305175781,69.81500244140625,70.46499633789062,623
2026-03-27 19:45:00+00:00,70.11000061035156,70.16500091552734,69.69000244140625,69.94499969482422,543
2026-03-27 20:00:00+00:00,70.0999984741211,70.19999694824219,69.95500183105469,70.125,145
2026-03-27 20:15:00+00:00,69.97000122070312,70.09500122070312,69.9000015258789,70.08000183105469,97
2026-03-27 20:30:00+00:00,69.99500274658203,70.16999816894531,69.87000274658203,69.96499633789062,174
2026-03-27 20:45:00+00:00,69.7699966430664,69.9800033569336,69.69499969482422,69.97000122070312,224
2026-03-29 22:00:00+00:00,68.71499633789062,68.81500244140625,68.38999938964844,68.55000305175781,248
2026-03-29 22:15:00+00:00,68.86499786376953,69.30999755859375,68.58999633789062,68.67500305175781,374
2026-03-29 22:30:00+00:00,68.71499633789062,69.19499969482422,68.62000274658203,68.9749984741211,296
2026-03-29 22:45:00+00:00,68.7249984741211,68.81999969482422,68.62000274658203,68.7249984741211,171
2026-03-29 23:00:00+00:00,68.58999633789062,68.9000015258789,68.3550033569336,68.69999694824219,218
2026-03-29 23:15:00+00:00,68.66999816894531,68.73500061035156,68.63500213623047,68.6500015258789,75
2026-03-29 23:30:00+00:00,67.96499633789062,68.67500305175781,67.69999694824219,68.63500213623047,536
2026-03-29 23:45:00+00:00,68.19499969482422,68.20999908447266,67.95500183105469,68.0250015258789,229
2026-03-30 00:00:00+00:00,68.06500244140625,68.36000061035156,67.80000305175781,68.19999694824219,296
2026-03-30 00:15:00+00:00,68.68499755859375,69.0,67.95999908447266,68.04000091552734,389
2026-03-30 00:30:00+00:00,68.48999786376953,68.87999725341797,68.31500244140625,68.62999725341797,153
2026-03-30 00:45:00+00:00,68.38500213623047,68.58000183105469,68.34500122070312,68.49500274658203,277
2026-03-30 01:00:00+00:00,68.96499633789062,69.41500091552734,68.25,68.41000366210938,1025
2026-03-30 01:15:00+00:00,68.68499755859375,69.12999725341797,68.54499816894531,68.93000030517578,340
2026-03-30 01:30:00+00:00,68.80000305175781,68.98999786376953,68.47000122070312,68.68000030517578,246
2026-03-30 01:45:00+00:00,68.81999969482422,68.95999908447266,68.52999877929688,68.875,110
2026-03-30 02:00:00+00:00,68.91999816894531,69.04000091552734,68.70999908447266,68.80999755859375,136
2026-03-30 02:15:00+00:00,68.7249984741211,68.86000061035156,68.61000061035156,68.86000061035156,145
2026-03-30 02:30:00+00:00,69.2699966430664,69.4000015258789,68.5999984741211,68.79499816894531,297
2026-03-30 02:45:00+00:00,69.18000030517578,69.45999908447266,69.1050033569336,69.23500061035156,153
2026-03-30 03:00:00+00:00,70.19000244140625,70.5250015258789,69.1500015258789,69.1500015258789,710
2026-03-30 03:15:00+00:00,70.21499633789062,70.57499694824219,70.07499694824219,70.20999908447266,197
2026-03-30 03:30:00+00:00,70.1500015258789,70.25499725341797,70.05999755859375,70.21499633789062,91
2026-03-30 03:45:00+00:00,69.94999694824219,70.20999908447266,69.91000366210938,70.0999984741211,86
2026-03-30 04:00:00+00:00,69.8949966430664,69.98999786376953,69.84500122070312,69.94499969482422,73
2026-03-30 04:15:00+00:00,70.11000061035156,70.1500015258789,69.9000015258789,69.91999816894531,64
2026-03-30 04:30:00+00:00,69.91000366210938,70.08499908447266,69.88500213623047,70.08499908447266,94
2026-03-30 04:45:00+00:00,70.19499969482422,70.20500183105469,69.91000366210938,69.98500061035156,40
2026-03-30 05:00:00+00:00,70.37999725341797,70.5250015258789,70.1449966430664,70.15499877929688,121
2026-03-30 05:15:00+00:00,70.29499816894531,70.55000305175781,70.28500366210938,70.36499786376953,124
2026-03-30 05:30:00+00:00,70.2249984741211,70.59500122070312,70.08999633789062,70.33999633789062,232
2026-03-30 05:45:00+00:00,70.63500213623047,70.79000091552734,70.22000122070312,70.34500122070312,271
2026-03-30 06:00:00+00:00,70.63500213623047,70.9000015258789,70.52999877929688,70.59500122070312,276
2026-03-30 06:15:00+00:00,70.66000366210938,70.83000183105469,70.55000305175781,70.70500183105469,234
2026-03-30 06:30:00+00:00,70.8499984741211,70.91000366210938,70.625,70.67500305175781,143
2026-03-30 06:45:00+00:00,70.45999908447266,70.87000274658203,70.41999816894531,70.82499694824219,261
2026-03-30 07:00:00+00:00,70.50499725341797,70.59500122070312,70.26499938964844,70.42500305175781,264
2026-03-30 07:15:00+00:00,70.08000183105469,70.46499633789062,70.05000305175781,70.45999908447266,197
2026-03-30 07:30:00+00:00,70.38999938964844,70.38999938964844,70.05000305175781,70.16999816894531,152
2026-03-30 07:45:00+00:00,70.63999938964844,70.63999938964844,70.29000091552734,70.3949966430664,76
2026-03-30 08:00:00+00:00,70.74500274658203,70.80000305175781,70.5,70.61000061035156,152
2026-03-30 08:15:00+00:00,70.55500030517578,70.73999786376953,70.3550033569336,70.73500061035156,137
2026-03-30 08:30:00+00:00,70.91000366210938,71.06999969482422,70.56999969482422,70.56999969482422,332
2026-03-30 08:45:00+00:00,70.97000122070312,71.12000274658203,70.91000366210938,70.91500091552734,168
2026-03-30 09:00:00+00:00,70.9000015258789,71.13999938964844,70.82499694824219,70.98500061035156,161
2026-03-30 09:15:00+00:00,70.98999786376953,71.12999725341797,70.63999938964844,70.83499908447266,312
2026-03-30 09:30:00+00:00,71.23999786376953,71.26000213623047,70.80000305175781,70.94000244140625,147
2026-03-30 09:45:00+00:00,71.13999938964844,71.32499694824219,71.05500030517578,71.2249984741211,134
2026-03-30 10:00:00+00:00,70.9800033569336,71.13500213623047,70.93000030517578,71.09500122070312,204
2026-03-30 10:15:00+00:00,70.875,71.08999633789062,70.8499984741211,70.94000244140625,77
2026-03-30 10:30:00+00:00,70.96499633789062,70.96499633789062,70.79499816894531,70.8949966430664,276
2026-03-30 10:45:00+00:00,70.79499816894531,70.96499633789062,70.7249984741211,70.96499633789062,73
2026-03-30 11:00:00+00:00,71.13500213623047,71.16999816894531,70.66999816894531,70.80999755859375,244
2026-03-30 11:15:00+00:00,71.33000183105469,71.5199966430664,71.08000183105469,71.11000061035156,456
2026-03-30 11:30:00+00:00,71.45500183105469,71.45999908447266,70.93499755859375,71.29000091552734,353
2026-03-30 11:45:00+00:00,71.3949966430664,71.83000183105469,71.26000213623047,71.47000122070312,943
2026-03-30 12:00:00+00:00,71.38500213623047,71.41999816894531,71.04000091552734,71.41999816894531,413
2026-03-30 12:15:00+00:00,71.34500122070312,71.58999633789062,71.25499725341797,71.3550033569336,471
2026-03-30 12:30:00+00:00,71.58499908447266,71.73500061035156,71.31999969482422,71.3499984741211,456
2026-03-30 12:45:00+00:00,71.4800033569336,71.61000061035156,71.42500305175781,71.58000183105469,285
2026-03-30 13:00:00+00:00,71.33999633789062,72.0250015258789,71.2699966430664,71.5,1007
2026-03-30 13:15:00+00:00,71.36000061035156,71.43499755859375,71.19999694824219,71.36499786376953,386
2026-03-30 13:30:00+00:00,70.72000122070312,71.51499938964844,70.5,71.33499908447266,1161
2026-03-30 13:45:00+00:00,70.33000183105469,70.69999694824219,70.16999816894531,70.69999694824219,1008
2026-03-30 14:00:00+00:00,70.8499984741211,70.93000030517578,70.34500122070312,70.38500213623047,663
2026-03-30 14:15:00+00:00,70.5250015258789,70.8499984741211,70.42500305175781,70.83999633789062,462
2026-03-30 14:30:00+00:00,70.62999725341797,70.88999938964844,70.49500274658203,70.53500366210938,484
2026-03-30 14:45:00+00:00,71.09500122070312,71.11499786376953,70.58000183105469,70.6500015258789,433
2026-03-30 15:00:00+00:00,70.98500061035156,71.2300033569336,70.91000366210938,71.0999984741211,371
2026-03-30 15:15:00+00:00,71.1050033569336,71.11499786376953,70.76499938964844,70.97000122070312,383
2026-03-30 15:30:00+00:00,71.31999969482422,71.33999633789062,70.99500274658203,71.11000061035156,488
2026-03-30 15:45:00+00:00,71.16999816894531,71.375,71.13999938964844,71.32499694824219,365
2026-03-30 16:00:00+00:00,71.06999969482422,71.16500091552734,70.84500122070312,71.16500091552734,456
2026-03-30 16:15:00+00:00,70.80999755859375,71.16500091552734,70.80000305175781,71.08000183105469,280
2026-03-30 16:30:00+00:00,71.07499694824219,71.07499694824219,70.7300033569336,70.80000305175781,323
2026-03-30 16:45:00+00:00,70.67500305175781,71.09500122070312,70.65499877929688,71.08499908447266,421
2026-03-30 17:00:00+00:00,70.5,70.78500366210938,70.43499755859375,70.69000244140625,593
2026-03-30 17:15:00+00:00,70.66500091552734,70.70999908447266,70.42500305175781,70.51000213623047,1164
2026-03-30 17:30:00+00:00,70.69999694824219,70.70500183105469,70.38500213623047,70.63500213623047,561
2026-03-30 17:45:00+00:00,70.55500030517578,70.81500244140625,70.4800033569336,70.66500091552734,229
2026-03-30 18:00:00+00:00,70.54000091552734,70.70999908447266,70.31500244140625,70.58000183105469,310
2026-03-30 18:15:00+00:00,70.32499694824219,70.56999969482422,70.20500183105469,70.56999969482422,309
2026-03-30 18:30:00+00:00,70.45999908447266,70.54000091552734,70.33000183105469,70.33000183105469,158
2026-03-30 18:45:00+00:00,70.0199966430664,70.55999755859375,69.94999694824219,70.4800033569336,480
2026-03-30 19:00:00+00:00,69.81500244140625,70.09500122070312,69.73500061035156,70.0,360
2026-03-30 19:15:00+00:00,69.93499755859375,70.01000213623047,69.69499969482422,69.86499786376953,190
2026-03-30 19:30:00+00:00,70.06500244140625,70.26000213623047,69.8550033569336,69.9749984741211,151
2026-03-30 19:45:00+00:00,70.28500366210938,70.4000015258789,70.03500366210938,70.03500366210938,203
2026-03-30 20:00:00+00:00,70.29000091552734,70.32499694824219,70.01499938964844,70.30000305175781,381
2026-03-30 20:15:00+00:00,70.11000061035156,70.30000305175781,70.04000091552734,70.30000305175781,70
2026-03-30 20:30:00+00:00,70.06500244140625,70.1449966430664,69.98999786376953,70.12000274658203,112
2026-03-30 20:45:00+00:00,70.18000030517578,70.23500061035156,70.05999755859375,70.06999969482422,157
2026-03-30 22:00:00+00:00,70.18000030517578,70.55000305175781,70.11000061035156,70.24500274658203,66
2026-03-30 22:15:00+00:00,70.22000122070312,70.26499938964844,69.98500061035156,70.19499969482422,88
2026-03-30 22:30:00+00:00,70.05999755859375,70.26000213623047,70.05999755859375,70.17500305175781,43
2026-03-30 22:45:00+00:00,70.06999969482422,70.20500183105469,70.0250015258789,70.0250015258789,28
2026-03-30 23:00:00+00:00,69.77999877929688,70.0,69.63500213623047,70.0,194
2026-03-30 23:15:00+00:00,69.91999816894531,69.9749984741211,69.74500274658203,69.74500274658203,123
2026-03-30 23:30:00+00:00,70.08999633789062,70.08999633789062,69.78500366210938,69.88999938964844,122
2026-03-30 23:45:00+00:00,70.03500366210938,70.11000061035156,69.94999694824219,70.1050033569336,54
2026-03-31 00:00:00+00:00,69.91999816894531,70.34500122070312,69.91999816894531,70.01499938964844,164
2026-03-31 00:15:00+00:00,69.68499755859375,69.99500274658203,69.0999984741211,69.9800033569336,532
2026-03-31 00:30:00+00:00,70.5199966430664,70.55500030517578,69.50499725341797,69.69499969482422,311
2026-03-31 00:45:00+00:00,70.79499816894531,70.82499694824219,70.26499938964844,70.50499725341797,552
2026-03-31 01:00:00+00:00,70.96499633789062,71.0999984741211,70.58000183105469,70.84500122070312,561
2026-03-31 01:15:00+00:00,72.09500122070312,72.09500122070312,70.94999694824219,71.0,1225
2026-03-31 01:30:00+00:00,73.69499969482422,73.69999694824219,72.06999969482422,72.09500122070312,2311
2026-03-31 01:45:00+00:00,73.13999938964844,73.70999908447266,72.98500061035156,73.66999816894531,1477
2026-03-31 02:00:00+00:00,72.88999938964844,73.15499877929688,72.70500183105469,73.13500213623047,552
2026-03-31 02:15:00+00:00,72.63999938964844,73.05000305175781,72.61000061035156,72.88500213623047,312
2026-03-31 02:30:00+00:00,72.66000366210938,72.77999877929688,72.44000244140625,72.68000030517578,267
2026-03-31 02:45:00+00:00,72.16500091552734,72.66500091552734,72.0999984741211,72.59500122070312,482
2026-03-31 03:00:00+00:00,72.41000366210938,72.63999938964844,72.13500213623047,72.16999816894531,208
2026-03-31 03:15:00+00:00,72.24500274658203,72.45999908447266,72.07499694824219,72.45999908447266,193
2026-03-31 03:30:00+00:00,72.1050033569336,72.34500122070312,72.09500122070312,72.2699966430664,85
2026-03-31 03:45:00+00:00,72.18000030517578,72.30000305175781,72.08000183105469,72.12999725341797,130
2026-03-31 04:00:00+00:00,72.19000244140625,72.36000061035156,72.18499755859375,72.22000122070312,57
2026-03-31 04:15:00+00:00,72.2699966430664,72.41999816894531,72.22000122070312,72.22000122070312,67
2026-03-31 04:30:00+00:00,72.45999908447266,72.46499633789062,72.2300033569336,72.2699966430664,57
2026-03-31 04:45:00+00:00,72.40499877929688,72.48999786376953,72.29499816894531,72.46499633789062,74
2026-03-31 05:00:00+00:00,71.83000183105469,72.48999786376953,71.80000305175781,72.38999938964844,198
2026-03-31 05:15:00+00:00,72.19000244140625,72.2699966430664,71.69000244140625,71.7750015258789,126
2026-03-31 05:30:00+00:00,72.54000091552734,72.66999816894531,71.83000183105469,72.17500305175781,229
2026-03-31 05:45:00+00:00,72.33999633789062,72.73500061035156,72.30000305175781,72.5999984741211,177
2026-03-31 06:00:00+00:00,72.1449966430664,72.30500030517578,72.0250015258789,72.30500030517578,159
2026-03-31 06:15:00+00:00,72.12000274658203,72.27999877929688,71.96499633789062,72.13500213623047,194
2026-03-31 06:30:00+00:00,72.19000244140625,72.36000061035156,72.05999755859375,72.08000183105469,121
2026-03-31 06:45:00+00:00,72.2249984741211,72.37999725341797,72.13999938964844,72.22000122070312,265
2026-03-31 07:00:00+00:00,72.2300033569336,72.58999633789062,72.18000030517578,72.26000213623047,246
2026-03-31 07:15:00+00:00,72.31500244140625,72.37000274658203,71.79000091552734,72.20999908447266,278
2026-03-31 07:30:00+00:00,72.88500213623047,72.88999938964844,72.31500244140625,72.33499908447266,589
2026-03-31 07:45:00+00:00,73.26499938964844,73.30000305175781,72.80000305175781,72.91500091552734,572
2026-03-31 08:00:00+00:00,73.08000183105469,73.4800033569336,73.05999755859375,73.25499725341797,922
2026-03-31 08:15:00+00:00,73.27999877929688,73.29499816894531,73.09500122070312,73.11499786376953,185
2026-03-31 08:30:00+00:00,73.19999694824219,73.48999786376953,73.16500091552734,73.25499725341797,199
2026-03-31 08:45:00+00:00,73.31500244140625,73.45999908447266,73.19000244140625,73.19000244140625,201
2026-03-31 09:00:00+00:00,73.33499908447266,73.5250015258789,73.22000122070312,73.2699966430664,187
2026-03-31 09:15:00+00:00,73.28500366210938,73.55999755859375,73.22000122070312,73.34500122070312,264
2026-03-31 09:30:00+00:00,73.09500122070312,73.30000305175781,73.02999877929688,73.2750015258789,285
2026-03-31 09:45:00+00:00,73.0,73.21499633789062,72.88999938964844,73.11000061035156,217
2026-03-31 10:00:00+00:00,73.20999908447266,73.33000183105469,72.98500061035156,72.98500061035156,146
2026-03-31 10:15:00+00:00,73.02999877929688,73.23500061035156,72.93000030517578,73.23500061035156,150
2026-03-31 10:30:00+00:00,72.73999786376953,73.04000091552734,72.46499633789062,73.00499725341797,319
2026-03-31 10:45:00+00:00,72.8550033569336,72.93000030517578,72.58499908447266,72.71499633789062,179
2026-03-31 11:00:00+00:00,72.86000061035156,73.32499694824219,72.69000244140625,72.87999725341797,604
2026-03-31 11:15:00+00:00,73.25499725341797,73.45500183105469,72.80999755859375,72.91500091552734,359
2026-03-31 11:30:00+00:00,73.44499969482422,73.4749984741211,73.0,73.21499633789062,291
2026-03-31 11:45:00+00:00,73.31999969482422,73.5250015258789,73.16000366210938,73.43499755859375,409
2026-03-31 12:00:00+00:00,73.08999633789062,73.75,73.08499908447266,73.3499984741211,795
2026-03-31 12:15:00+00:00,73.30000305175781,73.31500244140625,72.9000015258789,73.08999633789062,850
2026-03-31 12:30:00+00:00,73.12999725341797,73.45999908447266,73.05999755859375,73.30500030517578,447
2026-03-31 12:45:00+00:00,73.0,73.12999725341797,72.80000305175781,73.1050033569336,396
2026-03-31 13:00:00+00:00,73.22000122070312,73.31500244140625,72.68499755859375,73.0199966430664,674
2026-03-31 13:15:00+00:00,72.87999725341797,73.31999969482422,72.81500244140625,73.23500061035156,284
2026-03-31 13:30:00+00:00,73.12000274658203,73.32499694824219,72.75,72.9000015258789,774
2026-03-31 13:45:00+00:00,73.55999755859375,73.75499725341797,73.13500213623047,73.13500213623047,925
2026-03-31 14:00:00+00:00,74.18000030517578,74.2249984741211,73.52999877929688,73.56999969482422,1469
2026-03-31 14:15:00+00:00,74.23999786376953,74.41000366210938,73.83000183105469,74.19499969482422,1333
2026-03-31 14:30:00+00:00,73.84500122070312,74.37999725341797,73.68499755859375,74.25,767
2026-03-31 14:45:00+00:00,73.34500122070312,73.96499633789062,73.16500091552734,73.8499984741211,863
2026-03-31 15:00:00+00:00,74.04000091552734,74.06500244140625,73.3550033569336,73.3550033569336,805
2026-03-31 15:15:00+00:00,73.79499816894531,74.16000366210938,73.7699966430664,74.01499938964844,597
2026-03-31 15:30:00+00:00,73.93499755859375,73.97000122070312,73.6449966430664,73.79000091552734,353
2026-03-31 15:45:00+00:00,73.87999725341797,74.18499755859375,73.80000305175781,73.93000030517578,452
2026-03-31 16:00:00+00:00,74.04000091552734,74.20500183105469,73.80000305175781,73.86000061035156,445
2026-03-31 16:15:00+00:00,74.1449966430664,74.19999694824219,73.93000030517578,74.04000091552734,321
2026-03-31 16:30:00+00:00,75.05500030517578,75.3550033569336,74.08000183105469,74.15499877929688,2518
2026-03-31 16:45:00+00:00,74.82499694824219,75.19499969482422,74.5999984741211,74.9749984741211,1463
2026-03-31 17:00:00+00:00,74.94499969482422,75.40499877929688,74.7300033569336,74.83000183105469,1392
2026-03-31 17:15:00+00:00,74.75499725341797,75.0250015258789,74.66999816894531,74.91500091552734,1890
2026-03-31 17:30:00+00:00,75.0,75.19000244140625,74.7300033569336,74.74500274658203,892
2026-03-31 17:45:00+00:00,75.04000091552734,75.19999694824219,74.92500305175781,75.0199966430664,271
2026-03-31 18:00:00+00:00,75.375,75.41000366210938,75.0250015258789,75.08000183105469,608
2026-03-31 18:15:00+00:00,75.28500366210938,75.44000244140625,75.125,75.375,465
2026-03-31 18:30:00+00:00,75.17500305175781,75.44499969482422,75.11000061035156,75.2699966430664,261
2026-03-31 18:45:00+00:00,75.19999694824219,75.29499816894531,75.06999969482422,75.19499969482422,318
2026-03-31 19:00:00+00:00,75.2699966430664,75.36000061035156,75.01499938964844,75.19999694824219,253
2026-03-31 19:15:00+00:00,75.25,75.41500091552734,75.1500015258789,75.29499816894531,157
2026-03-31 19:30:00+00:00,75.40499877929688,75.5,75.21499633789062,75.25499725341797,281
2026-03-31 19:45:00+00:00,75.54000091552734,75.56500244140625,75.28500366210938,75.41500091552734,648
2026-03-31 20:00:00+00:00,75.4800033569336,75.58999633789062,75.27999877929688,75.54499816894531,203
2026-03-31 20:15:00+00:00,75.44000244140625,75.59500122070312,75.4000015258789,75.51000213623047,146
2026-03-31 20:30:00+00:00,75.41000366210938,75.625,75.38500213623047,75.43000030517578,94
2026-03-31 20:45:00+00:00,75.34500122070312,75.51499938964844,75.33499908447266,75.3949966430664,152
2026-03-31 22:00:00+00:00,75.58000183105469,75.87000274658203,75.31999969482422,75.4800033569336,105
2026-03-31 22:15:00+00:00,75.57499694824219,75.75,75.45500183105469,75.61000061035156,85
2026-03-31 22:30:00+00:00,75.69000244140625,75.82499694824219,75.45999908447266,75.55999755859375,212
2026-03-31 22:45:00+00:00,75.48999786376953,75.66999816894531,75.375,75.61499786376953,140
2026-03-31 23:00:00+00:00,75.44000244140625,75.53500366210938,75.32499694824219,75.5199966430664,52
2026-03-31 23:15:00+00:00,75.26000213623047,75.47000122070312,75.20500183105469,75.41000366210938,209
2026-03-31 23:30:00+00:00,75.19000244140625,75.375,75.0999984741211,75.2699966430664,290
2026-03-31 23:45:00+00:00,75.19499969482422,75.40499877929688,75.19499969482422,75.23999786376953,148
2026-04-01 00:00:00+00:00,75.2300033569336,75.36000061035156,75.09500122070312,75.1500015258789,229
2026-04-01 00:15:00+00:00,75.51499938964844,75.51499938964844,75.17500305175781,75.27999877929688,264
2026-04-01 00:30:00+00:00,75.19999694824219,75.5250015258789,74.93499755859375,75.49500274658203,238
2026-04-01 00:45:00+00:00,75.43499755859375,75.45500183105469,75.08499908447266,75.1500015258789,111
2026-04-01 01:00:00+00:00,75.55000305175781,75.95500183105469,75.16999816894531,75.44999694824219,1058
2026-04-01 01:15:00+00:00,75.08999633789062,75.54000091552734,74.6500015258789,75.54000091552734,594
2026-04-01 01:30:00+00:00,74.7300033569336,75.06500244140625,74.51499938964844,75.04499816894531,314
2026-04-01 01:45:00+00:00,74.83000183105469,74.8949966430664,74.63500213623047,74.79499816894531,161
2026-04-01 02:00:00+00:00,74.94999694824219,75.0999984741211,74.76499938964844,74.8499984741211,244
2026-04-01 02:15:00+00:00,74.81500244140625,75.03500366210938,74.72000122070312,74.94499969482422,91
2026-04-01 02:30:00+00:00,74.42500305175781,74.80000305175781,74.22000122070312,74.79499816894531,399
2026-04-01 02:45:00+00:00,74.2750015258789,74.58999633789062,74.18000030517578,74.42500305175781,325
2026-04-01 03:00:00+00:00,74.44499969482422,74.5199966430664,74.23999786376953,74.23999786376953,151
2026-04-01 03:15:00+00:00,74.3499984741211,74.51000213623047,74.25,74.42500305175781,157
2026-04-01 03:30:00+00:00,74.36499786376953,74.3949966430664,74.26000213623047,74.33999633789062,68
2026-04-01 03:45:00+00:00,74.23999786376953,74.41500091552734,74.23999786376953,74.36499786376953,85
2026-04-01 04:00:00+00:00,74.0999984741211,74.2699966430664,74.03500366210938,74.2699966430664,182
2026-04-01 04:15:00+00:00,74.20999908447266,74.26499938964844,74.0,74.06999969482422,228
2026-04-01 04:30:00+00:00,74.36000061035156,74.47000122070312,74.08499908447266,74.20500183105469,220
2026-04-01 04:45:00+00:00,74.4000015258789,74.58499908447266,74.29000091552734,74.36000061035156,194
2026-04-01 05:00:00+00:00,74.66000366210938,74.66000366210938,74.3949966430664,74.40499877929688,131
2026-04-01 05:15:00+00:00,74.76499938964844,74.7699966430664,74.5250015258789,74.625,163
2026-04-01 05:30:00+00:00,74.9800033569336,74.98500061035156,74.69999694824219,74.76000213623047,399
2026-04-01 05:45:00+00:00,74.33000183105469,75.01000213623047,74.18499755859375,74.9749984741211,468
2026-04-01 06:00:00+00:00,74.88999938964844,74.88999938964844,74.28500366210938,74.28500366210938,288
2026-04-01 06:15:00+00:00,75.21499633789062,75.25,74.73999786376953,74.8949966430664,607
2026-04-01 06:30:00+00:00,75.08000183105469,75.31999969482422,74.95500183105469,75.18499755859375,386
2026-04-01 06:45:00+00:00,75.54499816894531,75.5999984741211,75.09500122070312,75.09500122070312,499
2026-04-01 07:00:00+00:00,75.19499969482422,75.56999969482422,75.15499877929688,75.55999755859375,393
2026-04-01 07:15:00+00:00,75.01000213623047,75.19499969482422,74.94499969482422,75.19499969482422,266
2026-04-01 07:30:00+00:00,74.8949966430664,75.2300033569336,74.83999633789062,75.0,318
2026-04-01 07:45:00+00:00,74.19000244140625,74.86499786376953,74.06999969482422,74.86499786376953,630
2026-04-01 08:00:00+00:00,74.375,74.6449966430664,74.125,74.20500183105469,543
2026-04-01 08:15:00+00:00,74.61499786376953,74.83000183105469,74.31500244140625,74.3949966430664,224
2026-04-01 08:30:00+00:00,74.70999908447266,74.86499786376953,74.55500030517578,74.62000274658203,209
2026-04-01 08:45:00+00:00,74.625,74.86000061035156,74.58999633789062,74.73999786376953,149
2026-04-01 09:00:00+00:00,74.53500366210938,74.70999908447266,74.44000244140625,74.6050033569336,187
2026-04-01 09:15:00+00:00,74.37999725341797,74.57499694824219,74.33999633789062,74.57499694824219,105
2026-04-01 09:30:00+00:00,74.50499725341797,74.56999969482422,74.375,74.43499755859375,94
2026-04-01 09:45:00+00:00,74.63999938964844,74.80500030517578,74.5250015258789,74.55500030517578,151
2026-04-01 10:00:00+00:00,74.56500244140625,74.80500030517578,74.51000213623047,74.6500015258789,161
2026-04-01 10:15:00+00:00,74.75,74.80000305175781,74.5199966430664,74.55000305175781,131
2026-04-01 10:30:00+00:00,74.99500274658203,74.99500274658203,74.71499633789062,74.80000305175781,96
2026-04-01 10:45:00+00:00,75.05000305175781,75.1050033569336,74.87999725341797,75.0,224
2026-04-01 11:00:00+00:00,75.16000366210938,75.22000122070312,74.94000244140625,75.0250015258789,419
2026-04-01 11:15:00+00:00,75.25499725341797,75.3499984741211,75.13500213623047,75.19999694824219,138
2026-04-01 11:30:00+00:00,75.44000244140625,75.47000122070312,75.25,75.28500366210938,153
2026-04-01 11:45:00+00:00,75.33000183105469,75.63999938964844,75.33000183105469,75.41000366210938,327
2026-04-01 12:00:00+00:00,75.16500091552734,75.36499786376953,75.05999755859375,75.36499786376953,325
2026-04-01 12:15:00+00:00,75.05999755859375,75.16500091552734,74.83000183105469,75.16000366210938,528
2026-04-01 12:30:00+00:00,75.51499938964844,75.71499633789062,74.94999694824219,74.94999694824219,716
2026-04-01 12:45:00+00:00,74.83499908447266,75.62999725341797,74.80000305175781,75.51000213623047,762
2026-04-01 13:00:00+00:00,75.01499938964844,75.1449966430664,74.56500244140625,74.83499908447266,815
2026-04-01 13:15:00+00:00,75.22000122070312,75.2750015258789,74.91999816894531,74.99500274658203,423
2026-04-01 13:30:00+00:00,75.04499816894531,75.5999984741211,74.93499755859375,75.20500183105469,1014
2026-04-01 13:45:00+00:00,74.86499786376953,75.15499877929688,74.7699966430664,75.02999877929688,646
2026-04-01 14:00:00+00:00,74.91000366210938,75.06500244140625,74.5999984741211,74.80000305175781,1171
2026-04-01 14:15:00+00:00,75.07499694824219,75.3949966430664,74.80000305175781,74.88500213623047,995
2026-04-01 14:30:00+00:00,75.36000061035156,75.41500091552734,74.78500366210938,75.06999969482422,901
2026-04-01 14:45:00+00:00,75.58499908447266,75.69000244140625,75.26000213623047,75.41500091552734,852
2026-04-01 15:00:00+00:00,75.67500305175781,75.82499694824219,75.5,75.57499694824219,1006
2026-04-01 15:15:00+00:00,75.53500366210938,75.86000061035156,75.5250015258789,75.68000030517578,463
2026-04-01 15:30:00+00:00,75.96499633789062,75.9800033569336,75.43499755859375,75.55000305175781,729
2026-04-01 15:45:00+00:00,75.8499984741211,75.98500061035156,75.80999755859375,75.95500183105469,501
2026-04-01 16:00:00+00:00,75.61499786376953,75.98500061035156,75.61000061035156,75.875,554
2026-04-01 16:15:00+00:00,75.63999938964844,75.81500244140625,75.56500244140625,75.62000274658203,396
2026-04-01 16:30:00+00:00,75.90499877929688,75.90499877929688,75.62000274658203,75.6449966430664,237
2026-04-01 16:45:00+00:00,75.99500274658203,76.0,75.82499694824219,75.88500213623047,413
2026-04-01 17:00:00+00:00,76.03500366210938,76.1500015258789,75.94499969482422,76.0,754
2026-04-01 17:15:00+00:00,76.12999725341797,76.19999694824219,75.88999938964844,76.05000305175781,2074
2026-04-01 17:30:00+00:00,76.19499969482422,76.26499938964844,76.0250015258789,76.12000274658203,452
2026-04-01 17:45:00+00:00,76.01499938964844,76.22000122070312,75.94999694824219,76.19000244140625,339
2026-04-01 18:00:00+00:00,75.74500274658203,76.0250015258789,75.6500015258789,76.0,528
2026-04-01 18:15:00+00:00,75.22000122070312,75.72000122070312,75.20999908447266,75.72000122070312,484
2026-04-01 18:30:00+00:00,75.49500274658203,75.65499877929688,75.05000305175781,75.2699966430664,517
2026-04-01 18:45:00+00:00,75.30000305175781,75.5,75.23500061035156,75.49500274658203,300
2026-04-01 19:00:00+00:00,75.37000274658203,75.51000213623047,75.2699966430664,75.33000183105469,185
2026-04-01 19:15:00+00:00,75.56500244140625,75.625,75.34500122070312,75.34500122070312,214
2026-04-01 19:30:00+00:00,75.59500122070312,75.79499816894531,75.46499633789062,75.58499908447266,166
2026-04-01 19:45:00+00:00,75.33999633789062,75.62000274658203,75.24500274658203,75.61000061035156,283
2026-04-01 20:00:00+00:00,75.5,75.5,75.15499877929688,75.3550033569336,234
2026-04-01 20:15:00+00:00,75.29000091552734,75.48500061035156,75.2750015258789,75.48500061035156,126
2026-04-01 20:30:00+00:00,75.25,75.33499908447266,75.125,75.28500366210938,124
2026-04-01 20:45:00+00:00,75.19999694824219,75.32499694824219,75.08999633789062,75.23999786376953,163
2026-04-01 22:00:00+00:00,75.13500213623047,75.28500366210938,74.4000015258789,75.1500015258789,173
2026-04-01 22:15:00+00:00,75.13500213623047,75.30999755859375,75.06500244140625,75.13999938964844,136
2026-04-01 22:30:00+00:00,75.36499786376953,75.41999816894531,75.13999938964844,75.17500305175781,97
2026-04-01 22:45:00+00:00,75.41500091552734,75.58499908447266,75.3499984741211,75.37000274658203,229
2026-04-01 23:00:00+00:00,75.82499694824219,75.82499694824219,75.38999938964844,75.40499877929688,112
2026-04-01 23:15:00+00:00,75.76000213623047,75.91999816894531,75.75499725341797,75.81500244140625,92
2026-04-01 23:30:00+00:00,75.63500213623047,75.8949966430664,75.63500213623047,75.80500030517578,104
2026-04-01 23:45:00+00:00,75.40499877929688,75.6500015258789,75.36000061035156,75.6500015258789,159
2026-04-02 00:00:00+00:00,75.88999938964844,75.9000015258789,75.32499694824219,75.34500122070312,258
2026-04-02 00:15:00+00:00,75.71499633789062,75.98500061035156,75.67500305175781,75.86499786376953,134
2026-04-02 00:30:00+00:00,75.80000305175781,75.8949966430664,75.51000213623047,75.69499969482422,156
2026-04-02 00:45:00+00:00,75.59500122070312,75.87000274658203,75.45999908447266,75.72000122070312,180
2026-04-02 01:00:00+00:00,74.56999969482422,75.66000366210938,73.37000274658203,75.59500122070312,1979
2026-04-02 01:15:00+00:00,73.11499786376953,74.65499877929688,73.03500366210938,74.54000091552734,1987
2026-04-02 01:30:00+00:00,72.87000274658203,73.37000274658203,72.31500244140625,73.0999984741211,1854
2026-04-02 01:45:00+00:00,73.05999755859375,73.3499984741211,72.54000091552734,72.84500122070312,811
2026-04-02 02:00:00+00:00,72.70999908447266,73.13999938964844,72.51499938964844,73.07499694824219,645
2026-04-02 02:15:00+00:00,72.63999938964844,73.1500015258789,72.63500213623047,72.71499633789062,429
2026-04-02 02:30:00+00:00,72.2249984741211,72.6500015258789,71.55500030517578,72.6500015258789,1695
2026-04-02 02:45:00+00:00,72.34500122070312,72.5,72.0999984741211,72.20999908447266,381
2026-04-02 03:00:00+00:00,72.30000305175781,72.3949966430664,72.00499725341797,72.28500366210938,191
2026-04-02 03:15:00+00:00,72.33999633789062,72.5,72.17500305175781,72.31999969482422,210
2026-04-02 03:30:00+00:00,72.29000091552734,72.41999816894531,72.15499877929688,72.25499725341797,177
2026-04-02 03:45:00+00:00,72.30000305175781,72.30000305175781,72.0999984741211,72.2300033569336,136
2026-04-02 04:00:00+00:00,72.0,72.30000305175781,71.6449966430664,72.28500366210938,343
2026-04-02 04:15:00+00:00,71.79499816894531,72.07499694824219,71.73500061035156,71.99500274658203,94
2026-04-02 04:30:00+00:00,71.70500183105469,71.91500091552734,71.61499786376953,71.81500244140625,187
2026-04-02 04:45:00+00:00,72.05500030517578,72.06500244140625,71.6500015258789,71.73999786376953,204
2026-04-02 05:00:00+00:00,71.80000305175781,72.08999633789062,71.78500366210938,72.04499816894531,69
2026-04-02 05:15:00+00:00,71.97000122070312,72.03500366210938,71.78500366210938,71.82499694824219,90
2026-04-02 05:30:00+00:00,70.8499984741211,71.9749984741211,70.67500305175781,71.97000122070312,1241
2026-04-02 05:45:00+00:00,70.7699966430664,71.0199966430664,70.30500030517578,70.8499984741211,1037
2026-04-02 06:00:00+00:00,70.04000091552734,70.87999725341797,69.66000366210938,70.78500366210938,1460
2026-04-02 06:15:00+00:00,70.43499755859375,70.48500061035156,70.0199966430664,70.06500244140625,979
2026-04-02 06:30:00+00:00,70.55500030517578,70.6449966430664,70.28500366210938,70.38999938964844,610
2026-04-02 06:45:00+00:00,70.72000122070312,70.91500091552734,70.45999908447266,70.56500244140625,403
2026-04-02 07:00:00+00:00,70.8949966430664,70.98999786376953,70.66500091552734,70.76000213623047,373
2026-04-02 07:15:00+00:00,71.18000030517578,71.24500274658203,70.86499786376953,70.875,574
2026-04-02 07:30:00+00:00,71.40499877929688,71.40499877929688,71.16000366210938,71.17500305175781,357
2026-04-02 07:45:00+00:00,71.625,71.6449966430664,71.37000274658203,71.37000274658203,408
2026-04-02 08:00:00+00:00,71.7699966430664,71.7699966430664,71.44499969482422,71.5999984741211,336
2026-04-02 08:15:00+00:00,71.54000091552734,71.79000091552734,71.45500183105469,71.73999786376953,322
2026-04-02 08:30:00+00:00,71.50499725341797,71.73500061035156,71.50499725341797,71.55000305175781,238
2026-04-02 08:45:00+00:00,71.26000213623047,71.59500122070312,71.23999786376953,71.52999877929688,334
2026-04-02 09:00:00+00:00,71.33499908447266,71.3949966430664,71.1449966430664,71.23999786376953,206
2026-04-02 09:15:00+00:00,71.36499786376953,71.5999984741211,71.31999969482422,71.33000183105469,136
2026-04-02 09:30:00+00:00,71.29000091552734,71.42500305175781,71.23999786376953,71.36000061035156,167
2026-04-02 09:45:00+00:00,71.08499908447266,71.31999969482422,71.06999969482422,71.26000213623047,175
2026-04-02 10:00:00+00:00,71.0999984741211,71.37999725341797,71.04000091552734,71.06999969482422,231
2026-04-02 10:15:00+00:00,70.87999725341797,71.19999694824219,70.66500091552734,71.08000183105469,476
2026-04-02 10:30:00+00:00,70.88999938964844,70.99500274658203,70.68000030517578,70.87999725341797,245
2026-04-02 10:45:00+00:00,71.00499725341797,71.16999816894531,70.83999633789062,70.91999816894531,189
2026-04-02 11:00:00+00:00,71.13500213623047,71.22000122070312,70.88999938964844,71.0199966430664,593
2026-04-02 11:15:00+00:00,70.93000030517578,71.2300033569336,70.93000030517578,71.18499755859375,245
2026-04-02 11:30:00+00:00,70.54499816894531,71.00499725341797,70.33499908447266,70.92500305175781,581
2026-04-02 11:45:00+00:00,70.73500061035156,70.84500122070312,70.41999816894531,70.5199966430664,454
2026-04-02 12:00:00+00:00,70.68000030517578,70.96499633789062,70.52999877929688,70.76499938964844,556
2026-04-02 12:15:00+00:00,70.80000305175781,71.08999633789062,70.63500213623047,70.68499755859375,546
2026-04-02 12:30:00+00:00,70.63999938964844,70.9749984741211,70.55999755859375,70.7300033569336,621
2026-04-02 12:45:00+00:00,70.18499755859375,70.80500030517578,70.1449966430664,70.66000366210938,522
2026-04-02 13:00:00+00:00,69.8499984741211,70.4800033569336,69.61000061035156,70.19499969482422,1970
2026-04-02 13:15:00+00:00,70.29499816894531,70.3499984741211,69.76499938964844,69.8550033569336,1457
2026-04-02 13:30:00+00:00,70.6500015258789,70.6500015258789,70.19999694824219,70.29000091552734,1099
2026-04-02 13:45:00+00:00,71.44999694824219,71.55500030517578,70.625,70.625,1589
2026-04-02 14:00:00+00:00,71.55000305175781,71.94999694824219,71.18000030517578,71.4800033569336,1338
2026-04-02 14:15:00+00:00,71.76000213623047,72.05000305175781,71.52999877929688,71.54499816894531,1023
2026-04-02 14:30:00+00:00,73.04000091552734,73.20999908447266,71.7249984741211,71.75499725341797,2770
2026-04-02 14:45:00+00:00,72.71499633789062,73.05999755859375,72.43499755859375,73.00499725341797,1241
2026-04-02 15:00:00+00:00,72.48500061035156,72.76000213623047,72.26000213623047,72.76000213623047,879
2026-04-02 15:15:00+00:00,72.22000122070312,72.82499694824219,72.01499938964844,72.5,1162
2026-04-02 15:30:00+00:00,72.2300033569336,72.45999908447266,72.0999984741211,72.23999786376953,324
2026-04-02 15:45:00+00:00,71.9800033569336,72.23999786376953,71.69499969482422,72.20500183105469,711
2026-04-02 16:00:00+00:00,72.09500122070312,72.29000091552734,71.92500305175781,71.98999786376953,354
2026-04-02 16:15:00+00:00,71.96499633789062,72.20500183105469,71.7750015258789,72.05999755859375,412
2026-04-02 16:30:00+00:00,72.33999633789062,72.5199966430664,71.97000122070312,71.9800033569336,542
2026-04-02 16:45:00+00:00,72.45500183105469,72.7249984741211,72.30999755859375,72.33499908447266,749
2026-04-02 17:00:00+00:00,72.79000091552734,72.83499908447266,72.44000244140625,72.47000122070312,581
2026-04-02 17:15:00+00:00,72.49500274658203,73.02999877929688,72.45999908447266,72.80500030517578,2665
2026-04-02 17:30:00+00:00,72.57499694824219,72.6050033569336,72.37000274658203,72.4800033569336,217
2026-04-02 17:45:00+00:00,72.4000015258789,72.5999984741211,72.33499908447266,72.57499694824219,195
2026-04-02 18:00:00+00:00,72.625,72.76000213623047,72.38999938964844,72.42500305175781,210
2026-04-02 18:15:00+00:00,72.61499786376953,72.68499755859375,72.43499755859375,72.65499877929688,130
2026-04-02 18:30:00+00:00,72.71499633789062,72.77999877929688,72.5250015258789,72.58000183105469,162
2026-04-02 18:45:00+00:00,72.83499908447266,72.92500305175781,72.7300033569336,72.7300033569336,226
2026-04-02 19:00:00+00:00,72.82499694824219,73.06999969482422,72.81999969482422,72.87999725341797,212
2026-04-02 19:15:00+00:00,72.55000305175781,73.0,72.55000305175781,72.83000183105469,347
2026-04-02 19:30:00+00:00,72.66000366210938,72.72000122070312,72.4800033569336,72.57499694824219,145
2026-04-02 19:45:00+00:00,72.7750015258789,72.91999816894531,72.6449966430664,72.6500015258789,243
2026-04-02 20:00:00+00:00,72.8499984741211,72.9000015258789,72.73500061035156,72.74500274658203,62
2026-04-02 20:15:00+00:00,72.94000244140625,72.94999694824219,72.75,72.84500122070312,102
2026-04-02 20:30:00+00:00,73.07499694824219,73.12000274658203,72.93000030517578,72.93000030517578,85
2026-04-02 20:45:00+00:00,73.16999816894531,73.19499969482422,73.0199966430664,73.1050033569336,188
2026-04-05 22:00:00+00:00,72.03500366210938,72.9000015258789,71.33499908447266,72.72000122070312,807
2026-04-05 22:15:00+00:00,71.94000244140625,72.19999694824219,71.81999969482422,72.05999755859375,158
2026-04-05 22:30:00+00:00,72.06500244140625,72.16500091552734,71.9000015258789,71.90499877929688,113
2026-04-05 22:45:00+00:00,72.19999694824219,72.30999755859375,71.7699966430664,72.05999755859375,363
2026-04-05 23:00:00+00:00,72.12999725341797,72.33999633789062,72.03500366210938,72.19999694824219,108
2026-04-05 23:15:00+00:00,71.83499908447266,72.23999786376953,71.80000305175781,72.19499969482422,118
2026-04-05 23:30:00+00:00,71.72000122070312,71.9800033569336,71.6449966430664,71.80000305175781,167
2026-04-05 23:45:00+00:00,71.80000305175781,71.88500213623047,71.75,71.75499725341797,83
2026-04-06 00:00:00+00:00,72.54000091552734,72.63999938964844,71.71499633789062,71.76000213623047,195
2026-04-06 00:15:00+00:00,71.92500305175781,72.5999984741211,71.92500305175781,72.56999969482422,155
2026-04-06 00:30:00+00:00,72.4000015258789,72.53500366210938,71.98500061035156,71.98500061035156,86
2026-04-06 00:45:00+00:00,72.3949966430664,72.50499725341797,72.22000122070312,72.4000015258789,54
2026-04-06 01:00:00+00:00,72.4749984741211,72.63500213623047,72.38999938964844,72.40499877929688,203
2026-04-06 01:15:00+00:00,72.44000244140625,72.5,72.13999938964844,72.49500274658203,156
2026-04-06 01:30:00+00:00,72.30000305175781,72.38500213623047,72.13500213623047,72.38500213623047,93
2026-04-06 01:45:00+00:00,72.03500366210938,72.2750015258789,71.97000122070312,72.26499938964844,85
2026-04-06 02:00:00+00:00,72.20999908447266,72.30999755859375,71.86000061035156,72.0199966430664,197
2026-04-06 02:15:00+00:00,72.9000015258789,73.30500030517578,72.23999786376953,72.23999786376953,465
2026-04-06 02:30:00+00:00,72.80999755859375,73.03500366210938,72.56999969482422,72.9749984741211,182
2026-04-06 02:45:00+00:00,72.4749984741211,72.82499694824219,72.45500183105469,72.77999877929688,91
2026-04-06 03:00:00+00:00,72.1050033569336,72.44499969482422,72.05000305175781,72.44499969482422,134
2026-04-06 03:15:00+00:00,72.05000305175781,72.21499633789062,71.88500213623047,72.1449966430664,222
2026-04-06 03:30:00+00:00,72.04000091552734,72.07499694824219,71.86000061035156,72.07499694824219,80
2026-04-06 03:45:00+00:00,72.0999984741211,72.1449966430664,72.0,72.0,40
2026-04-06 04:00:00+00:00,72.16999816894531,72.375,72.09500122070312,72.09500122070312,79
2026-04-06 04:15:00+00:00,72.25499725341797,72.26000213623047,72.13999938964844,72.13999938964844,18
2026-04-06 04:30:00+00:00,72.33999633789062,72.3949966430664,72.19999694824219,72.19999694824219,31
2026-04-06 04:45:00+00:00,72.58000183105469,72.58000183105469,72.29000091552734,72.33999633789062,42
2026-04-06 05:00:00+00:00,72.81500244140625,72.875,72.58000183105469,72.5999984741211,76
2026-04-06 05:15:00+00:00,72.62000274658203,72.86499786376953,72.62000274658203,72.81500244140625,76
2026-04-06 05:30:00+00:00,72.45999908447266,72.67500305175781,72.45999908447266,72.62999725341797,56
2026-04-06 05:45:00+00:00,72.33999633789062,72.625,72.33999633789062,72.47000122070312,60
2026-04-06 06:00:00+00:00,72.48500061035156,72.49500274658203,72.05999755859375,72.31500244140625,140
2026-04-06 06:15:00+00:00,72.30000305175781,72.5250015258789,72.30000305175781,72.4800033569336,37
2026-04-06 06:30:00+00:00,72.41000366210938,72.44999694824219,72.25,72.32499694824219,41
2026-04-06 06:45:00+00:00,72.6449966430664,72.66500091552734,72.30000305175781,72.38500213623047,122
2026-04-06 07:00:00+00:00,72.2300033569336,72.66999816894531,72.16000366210938,72.66000366210938,111
2026-04-06 07:15:00+00:00,71.98500061035156,72.30000305175781,71.8550033569336,72.25,186
2026-04-06 07:30:00+00:00,72.37999725341797,72.41999816894531,71.92500305175781,72.0,132
2026-04-06 07:45:00+00:00,72.6449966430664,72.79499816894531,72.40499877929688,72.40499877929688,216
2026-04-06 08:00:00+00:00,72.80500030517578,72.95500183105469,72.58499908447266,72.6449966430664,207
2026-04-06 08:15:00+00:00,72.94999694824219,73.1050033569336,72.73500061035156,72.80999755859375,126
2026-04-06 08:30:00+00:00,73.22000122070312,73.24500274658203,72.93000030517578,72.93000030517578,205
2026-04-06 08:45:00+00:00,73.30000305175781,73.3550033569336,73.18000030517578,73.22000122070312,105
2026-04-06 09:00:00+00:00,73.58999633789062,73.6050033569336,73.31999969482422,73.31999969482422,304
2026-04-06 09:15:00+00:00,73.66500091552734,73.69999694824219,73.49500274658203,73.57499694824219,208
2026-04-06 09:30:00+00:00,73.69000244140625,73.73500061035156,73.59500122070312,73.68000030517578,114
2026-04-06 09:45:00+00:00,73.27999877929688,73.67500305175781,73.16000366210938,73.67500305175781,267
2026-04-06 10:00:00+00:00,73.2249984741211,73.38999938964844,73.16000366210938,73.21499633789062,93
2026-04-06 10:15:00+00:00,73.18000030517578,73.34500122070312,73.12000274658203,73.2300033569336,73
2026-04-06 10:30:00+00:00,73.41999816894531,73.43499755859375,73.21499633789062,73.2300033569336,52
2026-04-06 10:45:00+00:00,73.40499877929688,73.4800033569336,73.08499908447266,73.37999725341797,183
2026-04-06 11:00:00+00:00,73.3949966430664,73.69000244140625,73.3949966430664,73.40499877929688,138
2026-04-06 11:15:00+00:00,73.46499633789062,73.48999786376953,73.27999877929688,73.4000015258789,102
2026-04-06 11:30:00+00:00,73.5250015258789,73.58999633789062,73.3499984741211,73.42500305175781,271
2026-04-06 11:45:00+00:00,73.42500305175781,73.55500030517578,73.37999725341797,73.41999816894531,130
2026-04-06 12:00:00+00:00,73.33000183105469,73.73500061035156,73.30500030517578,73.43499755859375,229
2026-04-06 12:15:00+00:00,73.18000030517578,73.37000274658203,72.9749984741211,73.33999633789062,325
2026-04-06 12:30:00+00:00,73.5,73.58499908447266,73.1500015258789,73.18000030517578,264
2026-04-06 12:45:00+00:00,73.22000122070312,73.56500244140625,73.15499877929688,73.54499816894531,177
2026-04-06 13:00:00+00:00,72.95999908447266,73.29499816894531,72.92500305175781,73.2300033569336,243
2026-04-06 13:15:00+00:00,72.8499984741211,73.06500244140625,72.63500213623047,72.98999786376953,446
2026-04-06 13:30:00+00:00,72.55500030517578,73.13999938964844,72.54000091552734,72.8949966430664,566
2026-04-06 13:45:00+00:00,72.81999969482422,72.94999694824219,72.36000061035156,72.56500244140625,451
2026-04-06 14:00:00+00:00,72.70500183105469,73.11000061035156,72.26000213623047,72.83000183105469,664
2026-04-06 14:15:00+00:00,72.97000122070312,73.0,72.56999969482422,72.68499755859375,353
2026-04-06 14:30:00+00:00,72.87000274658203,73.0999984741211,72.58499908447266,72.98999786376953,311
2026-04-06 14:45:00+00:00,72.86499786376953,73.01000213623047,72.66000366210938,72.80999755859375,254
2026-04-06 15:00:00+00:00,72.41000366210938,72.875,72.32499694824219,72.875,369
2026-04-06 15:15:00+00:00,72.42500305175781,72.4749984741211,72.01499938964844,72.41000366210938,402
2026-04-06 15:30:00+00:00,72.33499908447266,72.66500091552734,72.19000244140625,72.44999694824219,360
2026-04-06 15:45:00+00:00,72.67500305175781,72.72000122070312,72.28500366210938,72.33000183105469,295
2026-04-06 16:00:00+00:00,72.78500366210938,72.83999633789062,72.62000274658203,72.69000244140625,315
2026-04-06 16:15:00+00:00,72.75,72.81500244140625,72.67500305175781,72.79499816894531,147
2026-04-06 16:30:00+00:00,72.73999786376953,72.87000274658203,72.68499755859375,72.73500061035156,146
2026-04-06 16:45:00+00:00,72.66000366210938,72.8550033569336,72.61499786376953,72.71499633789062,184
2026-04-06 17:00:00+00:00,72.48500061035156,72.7249984741211,72.26499938964844,72.625,434
2026-04-06 17:15:00+00:00,72.90499877929688,73.0250015258789,72.20999908447266,72.48999786376953,1529
2026-04-06 17:30:00+00:00,72.87000274658203,73.11499786376953,72.80500030517578,72.91999816894531,293
2026-04-06 17:45:00+00:00,72.75499725341797,72.91999816894531,72.75499725341797,72.91999816894531,79
2026-04-06 18:00:00+00:00,72.96499633789062,73.19000244140625,72.625,72.73999786376953,184
2026-04-06 18:15:00+00:00,73.08999633789062,73.23500061035156,72.92500305175781,72.94999694824219,176
2026-04-06 18:30:00+00:00,72.92500305175781,73.24500274658203,72.875,73.15499877929688,114
2026-04-06 18:45:00+00:00,73.26499938964844,73.26499938964844,72.94000244140625,72.94000244140625,121
2026-04-06 19:00:00+00:00,73.1050033569336,73.30999755859375,73.06500244140625,73.2750015258789,80
2026-04-06 19:15:00+00:00,73.05500030517578,73.12000274658203,73.00499725341797,73.12000274658203,64
2026-04-06 19:30:00+00:00,73.1050033569336,73.17500305175781,72.98500061035156,73.08999633789062,81
2026-04-06 19:45:00+00:00,73.125,73.23999786376953,73.07499694824219,73.15499877929688,131
2026-04-06 20:00:00+00:00,73.11000061035156,73.13999938964844,72.99500274658203,73.11499786376953,38
2026-04-06 20:15:00+00:00,73.1050033569336,73.16000366210938,73.08999633789062,73.08999633789062,70
2026-04-06 20:30:00+00:00,73.0,73.12999725341797,72.93000030517578,73.11499786376953,144
2026-04-06 20:45:00+00:00,72.81500244140625,73.04000091552734,72.81500244140625,73.0199966430664,120
2026-04-06 22:00:00+00:00,73.33000183105469,73.51000213623047,72.8499984741211,72.86000061035156,157
2026-04-06 22:15:00+00:00,73.17500305175781,73.38999938964844,73.0999984741211,73.21499633789062,45
2026-04-06 22:30:00+00:00,73.13500213623047,73.2300033569336,73.0999984741211,73.2300033569336,16
2026-04-06 22:45:00+00:00,73.01499938964844,73.11499786376953,73.01499938964844,73.1050033569336,12
2026-04-06 23:00:00+00:00,73.19999694824219,73.19999694824219,73.04000091552734,73.04499816894531,31
2026-04-06 23:15:00+00:00,73.01000213623047,73.18000030517578,72.95999908447266,73.18000030517578,23
2026-04-06 23:30:00+00:00,72.84500122070312,72.98500061035156,72.82499694824219,72.95500183105469,26
2026-04-06 23:45:00+00:00,72.9749984741211,73.01499938964844,72.83999633789062,72.91000366210938,20
2026-04-07 00:00:00+00:00,73.09500122070312,73.16999816894531,72.74500274658203,72.93499755859375,119
2026-04-07 00:15:00+00:00,73.19499969482422,73.22000122070312,73.0,73.12999725341797,105
2026-04-07 00:30:00+00:00,73.0999984741211,73.2249984741211,73.0999984741211,73.19499969482422,32
2026-04-07 00:45:00+00:00,72.72000122070312,73.12000274658203,72.69000244140625,73.12000274658203,106
2026-04-07 01:00:00+00:00,72.4000015258789,73.2699966430664,71.66999816894531,72.67500305175781,1252
2026-04-07 01:15:00+00:00,73.0199966430664,73.08000183105469,72.375,72.44999694824219,215
2026-04-07 01:30:00+00:00,72.81500244140625,73.19999694824219,72.44000244140625,73.01499938964844,235
2026-04-07 01:45:00+00:00,72.21499633789062,72.95500183105469,71.97000122070312,72.875,662
2026-04-07 02:00:00+00:00,72.0250015258789,72.32499694824219,71.91999816894531,72.20500183105469,260
2026-04-07 02:15:00+00:00,72.26000213623047,72.27999877929688,71.9800033569336,72.06500244140625,86
2026-04-07 02:30:00+00:00,72.58000183105469,72.65499877929688,72.2249984741211,72.27999877929688,214
2026-04-07 02:45:00+00:00,72.70500183105469,72.76000213623047,72.57499694824219,72.58999633789062,109
2026-04-07 03:00:00+00:00,72.44999694824219,72.87000274658203,72.41000366210938,72.72000122070312,107
2026-04-07 03:15:00+00:00,72.31999969482422,72.6050033569336,72.24500274658203,72.51000213623047,82
2026-04-07 03:30:00+00:00,72.58999633789062,72.58999633789062,72.3550033569336,72.3550033569336,51
2026-04-07 03:45:00+00:00,72.80500030517578,72.8499984741211,72.56999969482422,72.6050033569336,90
2026-04-07 04:00:00+00:00,72.68000030517578,72.94000244140625,72.68000030517578,72.83499908447266,112
2026-04-07 04:15:00+00:00,72.81999969482422,72.875,72.69000244140625,72.74500274658203,41
2026-04-07 04:30:00+00:00,73.01000213623047,73.04000091552734,72.9000015258789,72.91500091552734,109
2026-04-07 04:45:00+00:00,73.23500061035156,73.61000061035156,73.05000305175781,73.05000305175781,510
2026-04-07 05:00:00+00:00,72.98500061035156,73.2699966430664,72.93499755859375,73.2699966430664,176
2026-04-07 05:15:00+00:00,72.19000244140625,73.0250015258789,72.0999984741211,72.99500274658203,433
2026-04-07 05:30:00+00:00,72.08999633789062,72.44999694824219,71.9000015258789,72.17500305175781,523
2026-04-07 05:45:00+00:00,72.33000183105469,72.55000305175781,72.04499816894531,72.05500030517578,162
2026-04-07 06:00:00+00:00,72.50499725341797,72.61000061035156,72.30500030517578,72.3949966430664,124
2026-04-07 06:15:00+00:00,72.45500183105469,72.57499694824219,72.30999755859375,72.53500366210938,74
2026-04-07 06:30:00+00:00,72.48999786376953,72.6050033569336,72.2750015258789,72.47000122070312,175
2026-04-07 06:45:00+00:00,72.43499755859375,72.54000091552734,72.3499984741211,72.4800033569336,70
2026-04-07 07:00:00+00:00,72.55999755859375,72.84700012207031,72.44999694824219,72.84700012207031,202
2026-04-07 07:15:00+00:00,72.1449966430664,72.52999877929688,72.12000274658203,72.5250015258789,183
2026-04-07 07:30:00+00:00,72.32499694824219,72.3550033569336,71.9800033569336,72.13500213623047,147
2026-04-07 07:45:00+00:00,72.38500213623047,72.41000366210938,72.21499633789062,72.36000061035156,171
2026-04-07 08:00:00+00:00,72.79499816894531,72.83499908447266,72.3550033569336,72.3550033569336,427
2026-04-07 08:15:00+00:00,72.8499984741211,73.1449966430664,72.71499633789062,72.76499938964844,478
2026-04-07 08:30:00+00:00,73.11499786376953,73.11499786376953,72.83499908447266,72.8550033569336,176
2026-04-07 08:45:00+00:00,73.0199966430664,73.13500213623047,72.93499755859375,73.11000061035156,120
2026-04-07 09:00:00+00:00,73.06999969482422,73.19999694824219,73.0199966430664,73.04000091552734,334
2026-04-07 09:15:00+00:00,73.20999908447266,73.31500244140625,72.98999786376953,72.98999786376953,245
2026-04-07 09:30:00+00:00,72.75,73.19000244140625,72.7249984741211,73.19000244140625,259
2026-04-07 09:45:00+00:00,72.91999816894531,72.94000244140625,72.55500030517578,72.74500274658203,228
2026-04-07 10:00:00+00:00,72.86499786376953,72.95999908447266,72.44000244140625,72.84500122070312,465
2026-04-07 10:15:00+00:00,72.54499816894531,72.9800033569336,72.33999633789062,72.93000030517578,321
2026-04-07 10:30:00+00:00,72.38500213623047,72.67500305175781,72.15499877929688,72.55000305175781,215
2026-04-07 10:45:00+00:00,72.2249984741211,72.33499908447266,72.05000305175781,72.31500244140625,635
2026-04-07 11:00:00+00:00,71.98999786376953,72.31500244140625,71.80000305175781,72.22000122070312,447
2026-04-07 11:15:00+00:00,72.1050033569336,72.30500030517578,71.92500305175781,71.94999694824219,200
2026-04-07 11:30:00+00:00,72.29000091552734,72.33499908447266,72.05000305175781,72.08499908447266,416
2026-04-07 11:45:00+00:00,72.24500274658203,72.30500030517578,72.16999816894531,72.30500030517578,267
2026-04-07 12:00:00+00:00,72.13500213623047,72.41500091552734,72.08000183105469,72.25499725341797,739
2026-04-07 12:15:00+00:00,72.49500274658203,72.54000091552734,72.05000305175781,72.11499786376953,624
2026-04-07 12:30:00+00:00,72.18000030517578,72.55000305175781,72.18000030517578,72.54000091552734,340
2026-04-07 12:45:00+00:00,71.98500061035156,72.25499725341797,71.55000305175781,72.20500183105469,870
2026-04-07 13:00:00+00:00,72.23999786376953,72.31500244140625,71.80999755859375,71.95500183105469,590
2026-04-07 13:15:00+00:00,72.19999694824219,72.4000015258789,72.04000091552734,72.24500274658203,304
2026-04-07 13:30:00+00:00,71.47000122070312,72.33999633789062,71.26000213623047,72.19499969482422,879
2026-04-07 13:45:00+00:00,71.31999969482422,71.69000244140625,71.30000305175781,71.43499755859375,881
2026-04-07 14:00:00+00:00,70.53500366210938,71.30500030517578,70.17500305175781,71.30500030517578,2248
2026-04-07 14:15:00+00:00,70.87999725341797,71.07499694824219,69.77999877929688,70.51000213623047,2268
2026-04-07 14:30:00+00:00,71.05500030517578,71.29499816894531,70.74500274658203,70.875,973
2026-04-07 14:45:00+00:00,70.625,71.34500122070312,70.54499816894531,71.08000183105469,798
2026-04-07 15:00:00+00:00,70.72000122070312,70.79499816894531,70.4000015258789,70.6449966430664,741
2026-04-07 15:15:00+00:00,71.27999877929688,71.38500213623047,70.68000030517578,70.7300033569336,1075
2026-04-07 15:30:00+00:00,71.125,71.375,71.03500366210938,71.30999755859375,850
2026-04-07 15:45:00+00:00,71.5199966430664,71.55500030517578,71.11499786376953,71.13500213623047,784
2026-04-07 16:00:00+00:00,71.48999786376953,71.87999725341797,71.46499633789062,71.54000091552734,874
2026-04-07 16:15:00+00:00,71.70999908447266,71.82499694824219,71.41000366210938,71.5,443
2026-04-07 16:30:00+00:00,71.81500244140625,71.8550033569336,71.61000061035156,71.69999694824219,475
2026-04-07 16:45:00+00:00,71.69999694824219,71.91999816894531,71.68499755859375,71.80999755859375,423
2026-04-07 17:00:00+00:00,71.95999908447266,72.12999725341797,71.6500015258789,71.66500091552734,903
2026-04-07 17:15:00+00:00,72.0,72.04499816894531,71.77999877929688,71.9749984741211,1410
2026-04-07 17:30:00+00:00,72.15499877929688,72.48500061035156,72.01000213623047,72.01000213623047,952
2026-04-07 17:45:00+00:00,72.20500183105469,72.34500122070312,72.16999816894531,72.20500183105469,126
2026-04-07 18:00:00+00:00,72.30500030517578,72.31500244140625,72.12000274658203,72.23500061035156,137
2026-04-07 18:15:00+00:00,72.16500091552734,72.33000183105469,72.08999633789062,72.29499816894531,195
2026-04-07 18:30:00+00:00,72.08499908447266,72.26000213623047,72.01499938964844,72.16999816894531,475
2026-04-07 18:45:00+00:00,71.48999786376953,72.03500366210938,71.43499755859375,72.0199966430664,672
2026-04-07 19:00:00+00:00,71.75,71.75,71.43499755859375,71.51499938964844,221
2026-04-07 19:15:00+00:00,72.29499816894531,72.72000122070312,71.69999694824219,71.75499725341797,1126
2026-04-07 19:30:00+00:00,72.5199966430664,72.66999816894531,72.25499725341797,72.26499938964844,449
2026-04-07 19:45:00+00:00,73.0,73.23500061035156,72.47000122070312,72.48999786376953,1069
2026-04-07 20:00:00+00:00,73.09500122070312,73.27999877929688,72.87999725341797,73.04499816894531,393
2026-04-07 20:15:00+00:00,73.13999938964844,73.23999786376953,72.98500061035156,73.11000061035156,210
2026-04-07 20:30:00+00:00,73.08999633789062,73.25499725341797,72.9000015258789,73.125,260
2026-04-07 20:45:00+00:00,73.11000061035156,73.2300033569336,73.08000183105469,73.08999633789062,208
2026-04-07 22:00:00+00:00,73.95999908447266,74.40499877929688,73.34500122070312,73.44999694824219,709
2026-04-07 22:15:00+00:00,74.07499694824219,74.07499694824219,73.79499816894531,73.9000015258789,138
2026-04-07 22:30:00+00:00,75.26499938964844,75.4000015258789,73.55500030517578,74.02999877929688,1645
2026-04-07 22:45:00+00:00,76.51000213623047,76.53500366210938,74.94999694824219,75.25499725341797,1067
2026-04-07 23:00:00+00:00,76.80500030517578,76.9749984741211,76.36000061035156,76.51499938964844,1107
2026-04-07 23:15:00+00:00,76.7750015258789,77.19000244140625,76.625,76.80500030517578,803
2026-04-07 23:30:00+00:00,76.3499984741211,76.87000274658203,76.22000122070312,76.7750015258789,773
2026-04-07 23:45:00+00:00,76.80000305175781,76.80000305175781,76.30000305175781,76.375,535
2026-04-08 00:00:00+00:00,76.76000213623047,77.44499969482422,76.70999908447266,76.77999877929688,1287
2026-04-08 00:15:00+00:00,76.47000122070312,76.91000366210938,76.33000183105469,76.66000366210938,424
2026-04-08 00:30:00+00:00,76.66999816894531,76.77999877929688,76.23999786376953,76.51000213623047,506
2026-04-08 00:45:00+00:00,76.86000061035156,77.08999633789062,76.53500366210938,76.68000030517578,478
2026-04-08 01:00:00+00:00,76.45500183105469,77.19999694824219,76.34500122070312,76.82499694824219,1051
2026-04-08 01:15:00+00:00,76.2249984741211,76.59500122070312,76.16500091552734,76.47000122070312,430
2026-04-08 01:30:00+00:00,76.38999938964844,76.50499725341797,76.15499877929688,76.2249984741211,258
2026-04-08 01:45:00+00:00,76.70500183105469,76.83499908447266,76.40499877929688,76.40499877929688,289
2026-04-08 02:00:00+00:00,76.68499755859375,76.88999938964844,76.68000030517578,76.7300033569336,300
2026-04-08 02:15:00+00:00,76.68000030517578,76.7249984741211,76.55000305175781,76.68000030517578,105
2026-04-08 02:30:00+00:00,76.55000305175781,76.80500030517578,76.50499725341797,76.69000244140625,243
2026-04-08 02:45:00+00:00,76.55000305175781,76.66999816894531,76.43000030517578,76.5199966430664,126
2026-04-08 03:00:00+00:00,76.41500091552734,76.58499908447266,76.41500091552734,76.54499816894531,97
2026-04-08 03:15:00+00:00,76.41999816894531,76.45999908447266,76.31500244140625,76.41000366210938,134
2026-04-08 03:30:00+00:00,76.46499633789062,76.50499725341797,76.24500274658203,76.4000015258789,80
2026-04-08 03:45:00+00:00,76.45500183105469,76.54499816894531,76.375,76.38500213623047,71
2026-04-08 04:00:00+00:00,76.61000061035156,76.61499786376953,76.51499938964844,76.51499938964844,73
2026-04-08 04:15:00+00:00,76.73500061035156,76.75,76.4749984741211,76.61000061035156,124
2026-04-08 04:30:00+00:00,76.75499725341797,76.83000183105469,76.69999694824219,76.72000122070312,109
2026-04-08 04:45:00+00:00,76.81999969482422,76.82499694824219,76.65499877929688,76.7750015258789,100
2026-04-08 05:00:00+00:00,76.8499984741211,76.88999938964844,76.71499633789062,76.78500366210938,166
2026-04-08 05:15:00+00:00,77.19499969482422,77.19999694824219,76.78500366210938,76.83999633789062,172
2026-04-08 05:30:00+00:00,77.1449966430664,77.23500061035156,76.93499755859375,77.18000030517578,533
2026-04-08 05:45:00+00:00,77.44999694824219,77.68000030517578,77.11000061035156,77.12999725341797,687
2026-04-08 06:00:00+00:00,77.51000213623047,77.69999694824219,77.42500305175781,77.4800033569336,481
2026-04-08 06:15:00+00:00,77.6500015258789,77.71499633789062,77.46499633789062,77.54000091552734,269
2026-04-08 06:30:00+00:00,77.63999938964844,77.68499755859375,77.43000030517578,77.62999725341797,355
2026-04-08 06:45:00+00:00,77.30999755859375,77.7699966430664,77.22000122070312,77.68499755859375,581
2026-04-08 07:00:00+00:00,77.0999984741211,77.31999969482422,77.06999969482422,77.30000305175781,532
2026-04-08 07:15:00+00:00,77.1449966430664,77.29499816894531,77.09500122070312,77.0999984741211,162
2026-04-08 07:30:00+00:00,77.1050033569336,77.18000030517578,77.05500030517578,77.12000274658203,210
2026-04-08 07:45:00+00:00,77.08499908447266,77.20999908447266,77.05999755859375,77.06999969482422,159
2026-04-08 08:00:00+00:00,77.0,77.12999725341797,76.82499694824219,77.06500244140625,500
2026-04-08 08:15:00+00:00,76.80999755859375,77.11499786376953,76.71499633789062,76.96499633789062,292
2026-04-08 08:30:00+00:00,76.71499633789062,77.03500366210938,76.63999938964844,76.87999725341797,244
2026-04-08 08:45:00+00:00,77.0250015258789,77.0250015258789,76.69999694824219,76.7300033569336,155
2026-04-08 09:00:00+00:00,77.21499633789062,77.26000213623047,77.0,77.0,318
2026-04-08 09:15:00+00:00,77.0250015258789,77.31500244140625,76.99500274658203,77.20999908447266,188
2026-04-08 09:30:00+00:00,76.79499816894531,77.11499786376953,76.75,77.04000091552734,230
2026-04-08 09:45:00+00:00,76.80000305175781,77.12000274658203,76.76000213623047,76.8499984741211,332
2026-04-08 10:00:00+00:00,76.91500091552734,77.1050033569336,76.7750015258789,76.80000305175781,191
2026-04-08 10:15:00+00:00,76.9800033569336,77.0250015258789,76.71499633789062,76.91500091552734,152
2026-04-08 10:30:00+00:00,77.05500030517578,77.09500122070312,76.92500305175781,77.01000213623047,143
2026-04-08 10:45:00+00:00,76.93499755859375,77.08499908447266,76.93499755859375,77.07499694824219,138
2026-04-08 11:00:00+00:00,77.05500030517578,77.13500213623047,76.82499694824219,76.8949966430664,373
2026-04-08 11:15:00+00:00,77.51499938964844,77.55000305175781,76.97000122070312,77.03500366210938,618
2026-04-08 11:30:00+00:00,77.33999633789062,77.53500366210938,77.12000274658203,77.5,476
2026-04-08 11:45:00+00:00,77.41999816894531,77.58499908447266,77.33000183105469,77.3499984741211,284
2026-04-08 12:00:00+00:00,77.53500366210938,77.63500213623047,77.38999938964844,77.44000244140625,455
2026-04-08 12:15:00+00:00,77.13500213623047,77.55000305175781,76.57499694824219,77.5,1596
2026-04-08 12:30:00+00:00,77.52999877929688,77.58999633789062,77.1050033569336,77.1050033569336,953
2026-04-08 12:45:00+00:00,77.63500213623047,77.6500015258789,77.4000015258789,77.54000091552734,662
2026-04-08 13:00:00+00:00,77.31500244140625,77.80000305175781,77.26499938964844,77.59500122070312,1064
2026-04-08 13:15:00+00:00,77.1500015258789,77.38500213623047,77.02999877929688,77.33999633789062,784
2026-04-08 13:30:00+00:00,76.4000015258789,77.36000061035156,76.4000015258789,77.1449966430664,1909
2026-04-08 13:45:00+00:00,76.61000061035156,76.8949966430664,76.4000015258789,76.43000030517578,1086
2026-04-08 14:00:00+00:00,76.5,76.80500030517578,76.37999725341797,76.5999984741211,896
2026-04-08 14:15:00+00:00,76.01000213623047,76.69999694824219,75.8550033569336,76.49500274658203,1614
2026-04-08 14:30:00+00:00,75.625,76.08999633789062,75.3949966430664,76.03500366210938,1833
2026-04-08 14:45:00+00:00,74.94999694824219,75.73999786376953,74.80500030517578,75.67500305175781,1891
2026-04-08 15:00:00+00:00,75.13999938964844,75.30000305175781,74.93000030517578,74.98500061035156,997
2026-04-08 15:15:00+00:00,75.36499786376953,75.54000091552734,75.08000183105469,75.15499877929688,666
2026-04-08 15:30:00+00:00,75.55000305175781,75.66500091552734,75.36000061035156,75.36000061035156,546
2026-04-08 15:45:00+00:00,75.6050033569336,75.7699966430664,75.54499816894531,75.55999755859375,453
2026-04-08 16:00:00+00:00,75.63999938964844,75.875,75.6050033569336,75.625,832
2026-04-08 16:15:00+00:00,75.4000015258789,75.62999725341797,75.26499938964844,75.62999725341797,682
2026-04-08 16:30:00+00:00,75.7249984741211,75.7750015258789,75.36000061035156,75.44000244140625,494
2026-04-08 16:45:00+00:00,75.63500213623047,75.80999755859375,75.61000061035156,75.69499969482422,435
2026-04-08 17:00:00+00:00,75.55000305175781,75.62999725341797,75.43499755859375,75.62000274658203,874
2026-04-08 17:15:00+00:00,75.57499694824219,75.62000274658203,75.30999755859375,75.56500244140625,3892
2026-04-08 17:30:00+00:00,75.4000015258789,75.66000366210938,75.2699966430664,75.5250015258789,1326
2026-04-08 17:45:00+00:00,75.26000213623047,75.47000122070312,75.22000122070312,75.36499786376953,452
2026-04-08 18:00:00+00:00,75.37000274658203,75.4800033569336,75.16999816894531,75.2750015258789,381
2026-04-08 18:15:00+00:00,74.53500366210938,75.37999725341797,74.33000183105469,75.375,1790
2026-04-08 18:30:00+00:00,73.87999725341797,74.69999694824219,73.82499694824219,74.6050033569336,914
2026-04-08 18:45:00+00:00,73.69999694824219,74.06500244140625,73.66500091552734,73.87999725341797,709
2026-04-08 19:00:00+00:00,74.29499816894531,74.30000305175781,73.56999969482422,73.6500015258789,482
2026-04-08 19:15:00+00:00,74.12999725341797,74.40499877929688,74.05999755859375,74.29499816894531,345
2026-04-08 19:30:00+00:00,74.47000122070312,74.53500366210938,74.09500122070312,74.09500122070312,309
2026-04-08 19:45:00+00:00,74.63500213623047,74.6449966430664,74.44499969482422,74.50499725341797,249
2026-04-08 20:00:00+00:00,74.4800033569336,74.7300033569336,74.44000244140625,74.62000274658203,200
2026-04-08 20:15:00+00:00,74.44000244140625,74.55000305175781,74.31999969482422,74.5250015258789,141
2026-04-08 20:30:00+00:00,74.32499694824219,74.3949966430664,74.25499725341797,74.3949966430664,71
2026-04-08 20:45:00+00:00,74.24500274658203,74.33499908447266,74.12999725341797,74.31500244140625,237
2026-04-08 22:00:00+00:00,73.95500183105469,74.38999938964844,73.8499984741211,74.30000305175781,101
2026-04-08 22:15:00+00:00,73.94999694824219,74.00499725341797,73.55500030517578,73.90499877929688,201
2026-04-08 22:30:00+00:00,73.8499984741211,74.08999633789062,73.77999877929688,73.94999694824219,83
2026-04-08 22:45:00+00:00,74.19499969482422,74.2249984741211,73.7699966430664,73.7699966430664,125
2026-04-08 23:00:00+00:00,73.71499633789062,74.20999908447266,73.66500091552734,74.19999694824219,278
2026-04-08 23:15:00+00:00,73.70999908447266,73.88999938964844,73.68000030517578,73.79000091552734,180
2026-04-08 23:30:00+00:00,73.79499816894531,73.83499908447266,73.54499816894531,73.69499969482422,109
2026-04-08 23:45:00+00:00,73.79000091552734,73.98999786376953,73.69499969482422,73.77999877929688,73
2026-04-09 00:00:00+00:00,73.6500015258789,73.79000091552734,73.42500305175781,73.78500366210938,309
2026-04-09 00:15:00+00:00,73.7699966430664,73.87999725341797,73.56500244140625,73.65499877929688,201
2026-04-09 00:30:00+00:00,74.05999755859375,74.05999755859375,73.73500061035156,73.78500366210938,97
2026-04-09 00:45:00+00:00,73.58999633789062,73.95999908447266,73.52999877929688,73.95999908447266,149
2026-04-09 01:00:00+00:00,73.59500122070312,73.93499755859375,73.25499725341797,73.55999755859375,839
2026-04-09 01:15:00+00:00,72.94999694824219,73.72000122070312,72.92500305175781,73.56500244140625,583
2026-04-09 01:30:00+00:00,73.40499877929688,73.55000305175781,72.94999694824219,72.94999694824219,303
2026-04-09 01:45:00+00:00,73.90499877929688,73.94000244140625,73.33499908447266,73.43000030517578,249
2026-04-09 02:00:00+00:00,74.01000213623047,74.0999984741211,73.77999877929688,73.93499755859375,274
2026-04-09 02:15:00+00:00,74.08000183105469,74.16000366210938,74.01499938964844,74.02999877929688,109
2026-04-09 02:30:00+00:00,74.33000183105469,74.51499938964844,74.05500030517578,74.06500244140625,348
2026-04-09 02:45:00+00:00,73.83999633789062,74.32499694824219,73.83000183105469,74.31999969482422,310
2026-04-09 03:00:00+00:00,73.73999786376953,73.99500274658203,73.7249984741211,73.80500030517578,85
2026-04-09 03:15:00+00:00,73.94000244140625,73.94000244140625,73.70999908447266,73.75,99
2026-04-09 03:30:00+00:00,74.01499938964844,74.01499938964844,73.88500213623047,73.91999816894531,58
2026-04-09 03:45:00+00:00,74.06999969482422,74.12000274658203,73.87000274658203,73.99500274658203,102
2026-04-09 04:00:00+00:00,74.26499938964844,74.29000091552734,74.0199966430664,74.05999755859375,157
2026-04-09 04:15:00+00:00,74.06500244140625,74.28500366210938,74.06500244140625,74.2699966430664,55
2026-04-09 04:30:00+00:00,74.16999816894531,74.2249984741211,73.99500274658203,74.01499938964844,79
2026-04-09 04:45:00+00:00,74.125,74.26499938964844,74.125,74.16000366210938,88
2026-04-09 05:00:00+00:00,73.93499755859375,74.2300033569336,73.93499755859375,74.11000061035156,75
2026-04-09 05:15:00+00:00,74.2249984741211,74.23500061035156,73.98999786376953,74.0,73
2026-04-09 05:30:00+00:00,74.16500091552734,74.2249984741211,73.81999969482422,74.2249984741211,184
2026-04-09 05:45:00+00:00,74.07499694824219,74.1449966430664,73.78500366210938,74.1449966430664,153
2026-04-09 06:00:00+00:00,74.05000305175781,74.19499969482422,73.98999786376953,74.0,169
2026-04-09 06:15:00+00:00,74.0,74.08000183105469,73.83999633789062,74.06500244140625,151
2026-04-09 06:30:00+00:00,73.9000015258789,74.1050033569336,73.8550033569336,73.94999694824219,100
2026-04-09 06:45:00+00:00,74.0250015258789,74.0250015258789,73.7699966430664,73.87999725341797,172
2026-04-09 07:00:00+00:00,74.19499969482422,74.34500122070312,73.99500274658203,74.02999877929688,329
2026-04-09 07:15:00+00:00,73.74500274658203,74.20500183105469,73.70999908447266,74.19499969482422,319
2026-04-09 07:30:00+00:00,73.92500305175781,74.19499969482422,73.6500015258789,73.74500274658203,390
2026-04-09 07:45:00+00:00,74.15499877929688,74.15499877929688,73.71499633789062,73.91500091552734,404
2026-04-09 08:00:00+00:00,74.04499816894531,74.24500274658203,73.98999786376953,74.19000244140625,190
2026-04-09 08:15:00+00:00,74.0199966430664,74.12999725341797,73.94499969482422,73.97000122070312,127
2026-04-09 08:30:00+00:00,74.19999694824219,74.23999786376953,74.0199966430664,74.02999877929688,203
2026-04-09 08:45:00+00:00,74.1500015258789,74.30999755859375,74.1500015258789,74.2249984741211,130
2026-04-09 09:00:00+00:00,74.1449966430664,74.22000122070312,73.88999938964844,74.125,344
2026-04-09 09:15:00+00:00,74.15499877929688,74.23500061035156,74.06999969482422,74.16500091552734,146
2026-04-09 09:30:00+00:00,74.08000183105469,74.17500305175781,74.04499816894531,74.1500015258789,113
2026-04-09 09:45:00+00:00,74.11499786376953,74.12000274658203,73.94999694824219,74.08000183105469,176
2026-04-09 10:00:00+00:00,74.04000091552734,74.19499969482422,74.00499725341797,74.1449966430664,71
2026-04-09 10:15:00+00:00,74.30000305175781,74.30000305175781,73.94000244140625,74.06500244140625,164
2026-04-09 10:30:00+00:00,74.16500091552734,74.31999969482422,74.11499786376953,74.30000305175781,57
2026-04-09 10:45:00+00:00,74.0999984741211,74.28500366210938,74.0999984741211,74.16500091552734,102
2026-04-09 11:00:00+00:00,74.15499877929688,74.23999786376953,74.08000183105469,74.08499908447266,201
2026-04-09 11:15:00+00:00,74.3499984741211,74.40499877929688,74.1050033569336,74.11499786376953,257
2026-04-09 11:30:00+00:00,74.41999816894531,74.44499969482422,74.30999755859375,74.37999725341797,296
2026-04-09 11:45:00+00:00,74.69499969482422,74.72000122070312,74.41000366210938,74.41999816894531,501
2026-04-09 12:00:00+00:00,74.5250015258789,74.8499984741211,74.51000213623047,74.68000030517578,399
2026-04-09 12:15:00+00:00,74.36000061035156,74.55000305175781,74.25499725341797,74.5199966430664,336
2026-04-09 12:30:00+00:00,74.36499786376953,74.48999786376953,74.23500061035156,74.375,605
2026-04-09 12:45:00+00:00,74.48999786376953,74.5199966430664,74.25499725341797,74.38999938964844,283
2026-04-09 13:00:00+00:00,74.54000091552734,74.7750015258789,74.27999877929688,74.48999786376953,750
2026-04-09 13:15:00+00:00,74.83000183105469,74.8949966430664,74.55000305175781,74.56500244140625,603
2026-04-09 13:30:00+00:00,75.4000015258789,75.45999908447266,74.75,74.8499984741211,1376
2026-04-09 13:45:00+00:00,75.125,75.4749984741211,75.00499725341797,75.38999938964844,1035
2026-04-09 14:00:00+00:00,75.19000244140625,75.44999694824219,75.02999877929688,75.1500015258789,824
2026-04-09 14:15:00+00:00,74.8550033569336,75.23999786376953,74.76499938964844,75.19499969482422,938
2026-04-09 14:30:00+00:00,74.55999755859375,74.91000366210938,74.3499984741211,74.87000274658203,1281
2026-04-09 14:45:00+00:00,74.9749984741211,74.9749984741211,74.51499938964844,74.52999877929688,757
2026-04-09 15:00:00+00:00,75.0,75.04000091552734,74.74500274658203,74.96499633789062,560
2026-04-09 15:15:00+00:00,75.45500183105469,75.73999786376953,75.0199966430664,75.0199966430664,2107
2026-04-09 15:30:00+00:00,75.81500244140625,76.02999877929688,75.42500305175781,75.43499755859375,1368
2026-04-09 15:45:00+00:00,75.96499633789062,76.13500213623047,75.72000122070312,75.80000305175781,1020
2026-04-09 16:00:00+00:00,76.1050033569336,76.37000274658203,75.94999694824219,75.94999694824219,1264
2026-04-09 16:15:00+00:00,76.29499816894531,76.41500091552734,76.07499694824219,76.1050033569336,924
2026-04-09 16:30:00+00:00,76.2249984741211,76.42500305175781,76.16000366210938,76.30000305175781,799
2026-04-09 16:45:00+00:00,76.125,76.2750015258789,76.03500366210938,76.2300033569336,496
2026-04-09 17:00:00+00:00,76.42500305175781,76.5,76.12000274658203,76.12000274658203,905
2026-04-09 17:15:00+00:00,76.51499938964844,76.59500122070312,76.37999725341797,76.44000244140625,3365
2026-04-09 17:30:00+00:00,76.61000061035156,76.76499938964844,76.38500213623047,76.54000091552734,1452
2026-04-09 17:45:00+00:00,76.69499969482422,76.83999633789062,76.61000061035156,76.61000061035156,491
2026-04-09 18:00:00+00:00,76.16000366210938,76.69499969482422,76.09500122070312,76.66000366210938,837
2026-04-09 18:15:00+00:00,76.27999877929688,76.36499786376953,76.05000305175781,76.16000366210938,529
2026-04-09 18:30:00+00:00,75.81999969482422,76.26000213623047,75.75499725341797,76.26000213623047,639
2026-04-09 18:45:00+00:00,75.91500091552734,76.00499725341797,75.80999755859375,75.84500122070312,368
2026-04-09 19:00:00+00:00,76.13999938964844,76.19999694824219,75.86000061035156,75.9000015258789,206
2026-04-09 19:15:00+00:00,75.91000366210938,76.15499877929688,75.88500213623047,76.1500015258789,272
2026-04-09 19:30:00+00:00,75.9800033569336,76.06500244140625,75.88500213623047,75.93000030517578,157
2026-04-09 19:45:00+00:00,75.72000122070312,75.98999786376953,75.6500015258789,75.94000244140625,238
2026-04-09 20:00:00+00:00,75.78500366210938,75.79000091552734,75.68000030517578,75.73500061035156,69
2026-04-09 20:15:00+00:00,75.81999969482422,75.87000274658203,75.69499969482422,75.80500030517578,98
2026-04-09 20:30:00+00:00,75.5999984741211,75.84500122070312,75.4800033569336,75.83000183105469,191
2026-04-09 20:45:00+00:00,75.4749984741211,75.6050033569336,75.3550033569336,75.56999969482422,44
2026-04-09 22:00:00+00:00,75.5250015258789,75.88999938964844,75.4749984741211,75.5,217
2026-04-09 22:15:00+00:00,75.43000030517578,75.52999877929688,75.41000366210938,75.52999877929688,77
2026-04-09 22:30:00+00:00,75.38500213623047,75.50499725341797,75.33000183105469,75.47000122070312,73
2026-04-09 22:45:00+00:00,75.50499725341797,75.50499725341797,75.31500244140625,75.34500122070312,84
2026-04-09 23:00:00+00:00,75.37000274658203,75.48999786376953,75.30999755859375,75.4749984741211,59
2026-04-09 23:15:00+00:00,75.4000015258789,75.43000030517578,75.3499984741211,75.37999725341797,47
2026-04-09 23:30:00+00:00,75.5,75.59500122070312,75.41500091552734,75.41500091552734,44
2026-04-09 23:45:00+00:00,75.52999877929688,75.61499786376953,75.46499633789062,75.47000122070312,71
2026-04-10 00:00:00+00:00,75.19999694824219,75.55999755859375,75.16500091552734,75.5,150
2026-04-10 00:15:00+00:00,75.16500091552734,75.3499984741211,75.07499694824219,75.19999694824219,97
2026-04-10 00:30:00+00:00,75.2750015258789,75.41500091552734,75.19499969482422,75.20999908447266,56
2026-04-10 00:45:00+00:00,75.58999633789062,75.61000061035156,75.18000030517578,75.2300033569336,94
2026-04-10 01:00:00+00:00,75.77999877929688,75.87999725341797,75.55999755859375,75.56500244140625,337
2026-04-10 01:15:00+00:00,75.69499969482422,76.12000274658203,75.61499786376953,75.75,448
2026-04-10 01:30:00+00:00,75.91000366210938,76.05000305175781,75.70500183105469,75.7249984741211,325
2026-04-10 01:45:00+00:00,75.62999725341797,76.01499938964844,75.56500244140625,75.91000366210938,273
2026-04-10 02:00:00+00:00,75.46499633789062,75.66999816894531,75.38500213623047,75.66999816894531,260
2026-04-10 02:15:00+00:00,75.29000091552734,75.49500274658203,75.20999908447266,75.46499633789062,126
2026-04-10 02:30:00+00:00,75.51499938964844,75.55500030517578,75.0,75.29000091552734,226
2026-04-10 02:45:00+00:00,75.69499969482422,75.74500274658203,75.45500183105469,75.54000091552734,174
2026-04-10 03:00:00+00:00,75.8550033569336,75.87000274658203,75.68499755859375,75.69999694824219,238
2026-04-10 03:15:00+00:00,75.80500030517578,75.9000015258789,75.75499725341797,75.83000183105469,101
2026-04-10 03:30:00+00:00,75.93000030517578,76.05500030517578,75.83499908447266,75.83499908447266,107
2026-04-10 03:45:00+00:00,75.94999694824219,76.0,75.8949966430664,75.93000030517578,54
2026-04-10 04:00:00+00:00,75.92500305175781,76.04499816894531,75.88999938964844,76.0,52
2026-04-10 04:15:00+00:00,76.0,76.05000305175781,75.95999908447266,75.9800033569336,21
2026-04-10 04:30:00+00:00,75.93499755859375,75.98500061035156,75.8499984741211,75.96499633789062,101
2026-04-10 04:45:00+00:00,75.88999938964844,76.0250015258789,75.84500122070312,75.93499755859375,57
2026-04-10 05:00:00+00:00,76.0199966430664,76.13999938964844,75.91000366210938,75.91000366210938,213
2026-04-10 05:15:00+00:00,76.05000305175781,76.17500305175781,75.96499633789062,76.0,74
2026-04-10 05:30:00+00:00,76.125,76.30500030517578,75.9800033569336,76.01499938964844,302
2026-04-10 05:45:00+00:00,76.0999984741211,76.19000244140625,76.05500030517578,76.12000274658203,63
2026-04-10 06:00:00+00:00,75.79499816894531,76.06500244140625,75.76000213623047,76.06500244140625,191
2026-04-10 06:15:00+00:00,75.58499908447266,75.81999969482422,75.56500244140625,75.79000091552734,161
2026-04-10 06:30:00+00:00,75.55000305175781,75.7750015258789,75.4800033569336,75.5999984741211,143
2026-04-10 06:45:00+00:00,75.44499969482422,75.66000366210938,75.43000030517578,75.58499908447266,130
2026-04-10 07:00:00+00:00,75.4749984741211,75.6449966430664,75.3550033569336,75.43000030517578,127
2026-04-10 07:15:00+00:00,75.69499969482422,75.7249984741211,75.47000122070312,75.48999786376953,69
2026-04-10 07:30:00+00:00,75.55999755859375,75.77999877929688,75.5250015258789,75.69499969482422,110
2026-04-10 07:45:00+00:00,75.41000366210938,75.59500122070312,75.38999938964844,75.51000213623047,123
2026-04-10 08:00:00+00:00,75.41999816894531,75.49500274658203,75.37999725341797,75.43499755859375,75
2026-04-10 08:15:00+00:00,75.41500091552734,75.44000244140625,75.25,75.44000244140625,145
2026-04-10 08:30:00+00:00,75.11499786376953,75.44999694824219,75.09500122070312,75.38999938964844,148
2026-04-10 08:45:00+00:00,74.98500061035156,75.16500091552734,74.87999725341797,75.0999984741211,361
2026-04-10 09:00:00+00:00,75.23500061035156,75.25,75.0199966430664,75.0199966430664,138
2026-04-10 09:15:00+00:00,75.37000274658203,75.625,75.2249984741211,75.23999786376953,374
2026-04-10 09:30:00+00:00,75.29000091552734,75.38500213623047,75.22000122070312,75.33000183105469,100
2026-04-10 09:45:00+00:00,75.5199966430664,75.5199966430664,75.25,75.29000091552734,56
2026-04-10 10:00:00+00:00,75.31500244140625,75.5250015258789,75.26000213623047,75.49500274658203,55
2026-04-10 10:15:00+00:00,75.62999725341797,75.66999816894531,75.31500244140625,75.31500244140625,145
2026-04-10 10:30:00+00:00,75.6500015258789,75.68499755859375,75.56999969482422,75.59500122070312,81
2026-04-10 10:45:00+00:00,75.68499755859375,75.74500274658203,75.58000183105469,75.61000061035156,198
2026-04-10 11:00:00+00:00,75.58499908447266,75.69499969482422,75.53500366210938,75.69499969482422,196
2026-04-10 11:15:00+00:00,75.69499969482422,75.69999694824219,75.55500030517578,75.58000183105469,115
2026-04-10 11:30:00+00:00,75.72000122070312,75.80500030517578,75.625,75.69000244140625,171
2026-04-10 11:45:00+00:00,75.79499816894531,75.82499694824219,75.72000122070312,75.75,315
2026-04-10 12:00:00+00:00,75.93499755859375,75.96499633789062,75.71499633789062,75.81999969482422,443
2026-04-10 12:15:00+00:00,76.06999969482422,76.08499908447266,75.87000274658203,75.91999816894531,362
2026-04-10 12:30:00+00:00,75.95500183105469,76.3499984741211,75.87000274658203,76.07499694824219,1225
2026-04-10 12:45:00+00:00,76.06999969482422,76.06999969482422,75.62999725341797,75.93000030517578,618
2026-04-10 13:00:00+00:00,76.24500274658203,76.41000366210938,75.95500183105469,76.04499816894531,1034
2026-04-10 13:15:00+00:00,76.5199966430664,76.63999938964844,76.18000030517578,76.23500061035156,1063
2026-04-10 13:30:00+00:00,76.22000122070312,76.58499908447266,76.16500091552734,76.5199966430664,921
2026-04-10 13:45:00+00:00,76.48500061035156,76.48500061035156,76.16000366210938,76.2699966430664,491
2026-04-10 14:00:00+00:00,76.54000091552734,76.66999816894531,76.16000366210938,76.48500061035156,984
2026-04-10 14:15:00+00:00,76.8949966430664,77.00499725341797,76.55999755859375,76.59500122070312,1270
2026-04-10 14:30:00+00:00,76.57499694824219,76.98500061035156,76.44000244140625,76.88999938964844,790
2026-04-10 14:45:00+00:00,76.45500183105469,76.6500015258789,76.38999938964844,76.57499694824219,491
2026-04-10 15:00:00+00:00,76.69999694824219,76.71499633789062,76.2750015258789,76.44999694824219,524
2026-04-10 15:15:00+00:00,76.58000183105469,76.8499984741211,76.58000183105469,76.70500183105469,530
2026-04-10 15:30:00+00:00,76.2699966430664,76.69000244140625,76.1050033569336,76.61000061035156,877
2026-04-10 15:45:00+00:00,76.0999984741211,76.36499786376953,75.9800033569336,76.29000091552734,1206
2026-04-10 16:00:00+00:00,76.25499725341797,76.29000091552734,75.8499984741211,76.1050033569336,638
2026-04-10 16:15:00+00:00,76.19000244140625,76.29000091552734,76.07499694824219,76.23999786376953,405
2026-04-10 16:30:00+00:00,76.13999938964844,76.33499908447266,76.0999984741211,76.16000366210938,337
2026-04-10 16:45:00+00:00,76.36000061035156,76.4000015258789,76.12000274658203,76.13999938964844,409
2026-04-10 17:00:00+00:00,76.36499786376953,76.43000030517578,76.20999908447266,76.37000274658203,1123
2026-04-10 17:15:00+00:00,76.4000015258789,76.55999755859375,76.3550033569336,76.38999938964844,3438
2026-04-10 17:30:00+00:00,76.40499877929688,76.5250015258789,76.32499694824219,76.37000274658203,543
2026-04-10 17:45:00+00:00,76.3550033569336,76.44999694824219,76.33999633789062,76.38999938964844,805
2026-04-10 18:00:00+00:00,76.38500213623047,76.40499877929688,76.125,76.36000061035156,676
2026-04-10 18:15:00+00:00,76.55500030517578,76.59500122070312,76.41500091552734,76.41500091552734,349
2026-04-10 18:30:00+00:00,76.5250015258789,76.66000366210938,76.5,76.54499816894531,281
2026-04-10 18:45:00+00:00,76.53500366210938,76.55500030517578,76.36499786376953,76.5250015258789,253
2026-04-10 19:00:00+00:00,76.51000213623047,76.58499908447266,76.4800033569336,76.54499816894531,168
2026-04-10 19:15:00+00:00,76.56999969482422,76.6449966430664,76.51000213623047,76.51499938964844,162
2026-04-10 19:30:00+00:00,76.55999755859375,76.62999725341797,76.48500061035156,76.55500030517578,166
2026-04-10 19:45:00+00:00,76.54499816894531,76.58000183105469,76.43000030517578,76.54000091552734,247
2026-04-10 20:00:00+00:00,76.51000213623047,76.54499816894531,76.4000015258789,76.5199966430664,137
2026-04-10 20:15:00+00:00,76.2699966430664,76.48999786376953,76.20500183105469,76.48999786376953,180
2026-04-10 20:30:00+00:00,76.4000015258789,76.41000366210938,76.25,76.26000213623047,116
2026-04-10 20:45:00+00:00,76.0250015258789,76.3949966430664,75.94999694824219,76.37999725341797,423
2026-04-12 22:00:00+00:00,73.36000061035156,73.7699966430664,73.22000122070312,73.7699966430664,538
2026-04-12 22:15:00+00:00,72.91999816894531,73.63999938964844,72.54499816894531,73.31999969482422,1378
2026-04-12 22:30:00+00:00,73.3949966430664,73.41999816894531,72.91000366210938,72.98999786376953,450
2026-04-12 22:45:00+00:00,73.54499816894531,73.57499694824219,73.37000274658203,73.375,227
2026-04-12 23:00:00+00:00,73.3499984741211,73.51000213623047,73.32499694824219,73.51000213623047,193
2026-04-12 23:15:00+00:00,73.32499694824219,73.38999938964844,72.8499984741211,73.37000274658203,524
2026-04-12 23:30:00+00:00,73.37000274658203,73.51000213623047,73.21499633789062,73.31999969482422,162
2026-04-12 23:45:00+00:00,73.81999969482422,73.95500183105469,73.36000061035156,73.3949966430664,352
2026-04-13 00:00:00+00:00,74.01499938964844,74.04499816894531,73.72000122070312,73.83999633789062,232
2026-04-13 00:15:00+00:00,73.86499786376953,74.07499694824219,73.7699966430664,74.03500366210938,172
2026-04-13 00:30:00+00:00,73.92500305175781,74.06999969482422,73.81999969482422,73.875,134
2026-04-13 00:45:00+00:00,74.5250015258789,74.5999984741211,73.98500061035156,73.98500061035156,493
2026-04-13 01:00:00+00:00,74.5999984741211,74.80000305175781,74.36499786376953,74.55000305175781,1034
2026-04-13 01:15:00+00:00,74.48500061035156,74.61499786376953,74.3949966430664,74.55999755859375,439
2026-04-13 01:30:00+00:00,74.43000030517578,74.6050033569336,74.33999633789062,74.44999694824219,279
2026-04-13 01:45:00+00:00,74.43000030517578,74.54000091552734,74.25,74.37999725341797,197
2026-04-13 02:00:00+00:00,74.40499877929688,74.56500244140625,74.33000183105469,74.41999816894531,101
2026-04-13 02:15:00+00:00,74.30500030517578,74.3949966430664,74.24500274658203,74.38500213623047,84
2026-04-13 02:30:00+00:00,74.36499786376953,74.57499694824219,74.30000305175781,74.30000305175781,201
2026-04-13 02:45:00+00:00,74.36499786376953,74.41999816894531,74.04499816894531,74.33000183105469,209
2026-04-13 03:00:00+00:00,74.13999938964844,74.46499633789062,74.13999938964844,74.41999816894531,220
2026-04-13 03:15:00+00:00,74.33999633789062,74.3949966430664,74.1500015258789,74.1500015258789,65
2026-04-13 03:30:00+00:00,74.55500030517578,74.58999633789062,74.31500244140625,74.31500244140625,76
2026-04-13 03:45:00+00:00,74.4749984741211,74.54000091552734,74.37999725341797,74.51499938964844,52
2026-04-13 04:00:00+00:00,74.375,74.51499938964844,74.2249984741211,74.51499938964844,78
2026-04-13 04:15:00+00:00,74.38500213623047,74.43499755859375,74.2750015258789,74.38999938964844,51
2026-04-13 04:30:00+00:00,74.49500274658203,74.49500274658203,74.2750015258789,74.36499786376953,69
2026-04-13 04:45:00+00:00,74.5199966430664,74.56999969482422,74.37999725341797,74.4800033569336,51
2026-04-13 05:00:00+00:00,74.43499755859375,74.58000183105469,74.41000366210938,74.58000183105469,50
2026-04-13 05:15:00+00:00,74.47000122070312,74.47000122070312,74.4000015258789,74.44999694824219,34
2026-04-13 05:30:00+00:00,74.51499938964844,74.6500015258789,74.28500366210938,74.45500183105469,147
2026-04-13 05:45:00+00:00,74.75499725341797,74.75499725341797,74.5250015258789,74.55000305175781,159
2026-04-13 06:00:00+00:00,74.49500274658203,74.81999969482422,74.45999908447266,74.79000091552734,393
2026-04-13 06:15:00+00:00,74.62999725341797,74.62999725341797,74.48500061035156,74.48500061035156,138
2026-04-13 06:30:00+00:00,74.56999969482422,74.66999816894531,74.44999694824219,74.6050033569336,152
2026-04-13 06:45:00+00:00,74.52999877929688,74.5999984741211,74.44999694824219,74.54000091552734,77
2026-04-13 07:00:00+00:00,74.5,74.875,74.43000030517578,74.54000091552734,386
2026-04-13 07:15:00+00:00,74.625,74.73500061035156,74.46499633789062,74.51499938964844,181
2026-04-13 07:30:00+00:00,74.74500274658203,74.75499725341797,74.59500122070312,74.6500015258789,96
2026-04-13 07:45:00+00:00,74.84500122070312,74.93000030517578,74.73999786376953,74.76000213623047,181
2026-04-13 08:00:00+00:00,74.79000091552734,75.0199966430664,74.77999877929688,74.86000061035156,167
2026-04-13 08:15:00+00:00,74.76000213623047,74.80000305175781,74.71499633789062,74.76000213623047,86
2026-04-13 08:30:00+00:00,74.48500061035156,74.8499984741211,74.48500061035156,74.74500274658203,106
2026-04-13 08:45:00+00:00,74.50499725341797,74.6500015258789,74.45999908447266,74.4749984741211,145
2026-04-13 09:00:00+00:00,74.38500213623047,74.6500015258789,74.37000274658203,74.51000213623047,169
2026-04-13 09:15:00+00:00,74.375,74.48999786376953,74.36499786376953,74.40499877929688,68
2026-04-13 09:30:00+00:00,74.41500091552734,74.48999786376953,74.32499694824219,74.3949966430664,157
2026-04-13 09:45:00+00:00,74.46499633789062,74.51499938964844,74.37000274658203,74.47000122070312,86
2026-04-13 10:00:00+00:00,74.48999786376953,74.5199966430664,74.38999938964844,74.46499633789062,68
2026-04-13 10:15:00+00:00,74.30999755859375,74.46499633789062,74.22000122070312,74.46499633789062,144
2026-04-13 10:30:00+00:00,74.45999908447266,74.47000122070312,74.30500030517578,74.3550033569336,123
2026-04-13 10:45:00+00:00,74.48999786376953,74.49500274658203,74.4000015258789,74.44499969482422,79
2026-04-13 11:00:00+00:00,74.33999633789062,74.62999725341797,74.25499725341797,74.5,341
2026-04-13 11:15:00+00:00,74.25,74.33999633789062,74.18499755859375,74.33000183105469,113
2026-04-13 11:30:00+00:00,74.19999694824219,74.3550033569336,74.0999984741211,74.26000213623047,295
2026-04-13 11:45:00+00:00,74.12999725341797,74.27999877929688,74.06999969482422,74.23999786376953,164
2026-04-13 12:00:00+00:00,74.34500122070312,74.37999725341797,74.07499694824219,74.125,226
2026-04-13 12:15:00+00:00,73.9749984741211,74.40499877929688,73.94000244140625,74.3550033569336,401
2026-04-13 12:30:00+00:00,73.80999755859375,74.04499816894531,73.7249984741211,73.99500274658203,660
2026-04-13 12:45:00+00:00,73.98500061035156,74.16000366210938,73.81500244140625,73.81500244140625,523
2026-04-13 13:00:00+00:00,74.11499786376953,74.2249984741211,73.86000061035156,73.9800033569336,705
2026-04-13 13:15:00+00:00,74.28500366210938,74.30000305175781,74.0199966430664,74.12000274658203,578
2026-04-13 13:30:00+00:00,74.08499908447266,74.37000274658203,73.9800033569336,74.30500030517578,963
2026-04-13 13:45:00+00:00,74.375,74.55999755859375,73.6500015258789,74.0999984741211,1645
2026-04-13 14:00:00+00:00,74.41999816894531,74.42500305175781,74.1500015258789,74.30999755859375,702
2026-04-13 14:15:00+00:00,74.11000061035156,74.41999816894531,73.94999694824219,74.41500091552734,880
2026-04-13 14:30:00+00:00,74.375,74.37999725341797,74.0,74.1050033569336,707
2026-04-13 14:45:00+00:00,74.16999816894531,74.38999938964844,73.86000061035156,74.36499786376953,781
2026-04-13 15:00:00+00:00,74.0,74.19000244140625,73.78500366210938,74.16999816894531,514
2026-04-13 15:15:00+00:00,73.95500183105469,74.12000274658203,73.93499755859375,74.01000213623047,554
2026-04-13 15:30:00+00:00,74.15499877929688,74.2750015258789,73.87999725341797,73.91999816894531,405
2026-04-13 15:45:00+00:00,74.16500091552734,74.25,74.11000061035156,74.15499877929688,213
2026-04-13 16:00:00+00:00,74.34500122070312,74.45999908447266,74.08999633789062,74.16999816894531,975
2026-04-13 16:15:00+00:00,75.18499755859375,75.27999877929688,74.3550033569336,74.36499786376953,1818
2026-04-13 16:30:00+00:00,75.79499816894531,76.0,75.1500015258789,75.19000244140625,2070
2026-04-13 16:45:00+00:00,75.47000122070312,75.79499816894531,75.33999633789062,75.7750015258789,871
2026-04-13 17:00:00+00:00,75.4749984741211,75.59500122070312,75.2750015258789,75.47000122070312,1060
2026-04-13 17:15:00+00:00,75.55500030517578,75.76000213623047,75.46499633789062,75.47000122070312,3075
2026-04-13 17:30:00+00:00,75.55500030517578,75.625,75.43499755859375,75.53500366210938,502
2026-04-13 17:45:00+00:00,75.33000183105469,75.59500122070312,75.31999969482422,75.5199966430664,368
2026-04-13 18:00:00+00:00,75.16999816894531,75.4800033569336,75.15499877929688,75.33499908447266,483
2026-04-13 18:15:00+00:00,75.19000244140625,75.25,75.04499816894531,75.17500305175781,510
2026-04-13 18:30:00+00:00,75.41000366210938,75.45500183105469,75.16999816894531,75.16999816894531,367
2026-04-13 18:45:00+00:00,75.6449966430664,75.73999786376953,75.41500091552734,75.41500091552734,353
2026-04-13 19:00:00+00:00,75.55500030517578,75.6500015258789,75.45500183105469,75.6449966430664,295
2026-04-13 19:15:00+00:00,75.66999816894531,75.7249984741211,75.54499816894531,75.55000305175781,131
2026-04-13 19:30:00+00:00,75.5999984741211,75.79499816894531,75.55999755859375,75.67500305175781,119
2026-04-13 19:45:00+00:00,75.61000061035156,75.74500274658203,75.5250015258789,75.58999633789062,370
2026-04-13 20:00:00+00:00,75.6449966430664,75.68499755859375,75.58000183105469,75.61000061035156,187
2026-04-13 20:15:00+00:00,75.61499786376953,75.69000244140625,75.59500122070312,75.65499877929688,113
2026-04-13 20:30:00+00:00,75.66500091552734,75.69999694824219,75.5999984741211,75.61000061035156,81
2026-04-13 20:45:00+00:00,75.73999786376953,75.78500366210938,75.66999816894531,75.68499755859375,138
2026-04-13 22:00:00+00:00,75.88500213623047,76.0,75.65499877929688,75.65499877929688,80
2026-04-13 22:15:00+00:00,75.86000061035156,75.98999786376953,75.82499694824219,75.91000366210938,95
2026-04-13 22:30:00+00:00,75.8949966430664,75.8949966430664,75.79499816894531,75.84500122070312,46
2026-04-13 22:45:00+00:00,76.0199966430664,76.04499816894531,75.83499908447266,75.9000015258789,144
2026-04-13 23:00:00+00:00,76.08999633789062,76.18499755859375,76.0,76.06999969482422,250
2026-04-13 23:15:00+00:00,75.94499969482422,76.11000061035156,75.93499755859375,76.08000183105469,85
2026-04-13 23:30:00+00:00,76.04000091552734,76.05500030517578,75.86499786376953,75.95500183105469,106
2026-04-13 23:45:00+00:00,75.93499755859375,76.04000091552734,75.91000366210938,76.04000091552734,37
2026-04-14 00:00:00+00:00,75.8499984741211,75.91500091552734,75.6050033569336,75.91500091552734,446
2026-04-14 00:15:00+00:00,76.0999984741211,76.22000122070312,75.8499984741211,75.8499984741211,270
2026-04-14 00:30:00+00:00,76.17500305175781,76.3550033569336,76.08499908447266,76.08499908447266,313
2026-04-14 00:45:00+00:00,76.16500091552734,76.20999908447266,76.08000183105469,76.16500091552734,105
2026-04-14 01:00:00+00:00,76.53500366210938,76.53500366210938,75.94499969482422,76.15499877929688,741
2026-04-14 01:15:00+00:00,76.23999786376953,76.5250015258789,76.16000366210938,76.51000213623047,303
2026-04-14 01:30:00+00:00,76.29000091552734,76.34500122070312,76.06999969482422,76.19000244140625,116
2026-04-14 01:45:00+00:00,75.9800033569336,76.27999877929688,75.9000015258789,76.26499938964844,201
2026-04-14 02:00:00+00:00,76.13500213623047,76.18499755859375,75.94999694824219,76.01000213623047,87
2026-04-14 02:15:00+00:00,76.375,76.37999725341797,76.18499755859375,76.18499755859375,115
2026-04-14 02:30:00+00:00,76.61000061035156,76.63500213623047,76.16500091552734,76.36000061035156,485
2026-04-14 02:45:00+00:00,76.81999969482422,76.88500213623047,76.59500122070312,76.62999725341797,491
2026-04-14 03:00:00+00:00,76.86000061035156,76.86499786376953,76.69000244140625,76.81500244140625,230
2026-04-14 03:15:00+00:00,76.78500366210938,76.88500213623047,76.74500274658203,76.86000061035156,169
2026-04-14 03:30:00+00:00,76.90499877929688,76.93000030517578,76.72000122070312,76.7699966430664,86
2026-04-14 03:45:00+00:00,77.06999969482422,77.16000366210938,76.87000274658203,76.87000274658203,249
2026-04-14 04:00:00+00:00,76.9749984741211,77.06999969482422,76.95999908447266,77.01000213623047,41
2026-04-14 04:15:00+00:00,77.0999984741211,77.16000366210938,76.98999786376953,76.98999786376953,88
2026-04-14 04:30:00+00:00,77.15499877929688,77.16999816894531,77.02999877929688,77.1050033569336,45
2026-04-14 04:45:00+00:00,77.23500061035156,77.2699966430664,77.12000274658203,77.15499877929688,110
2026-04-14 05:00:00+00:00,77.05000305175781,77.25,77.00499725341797,77.2300033569336,152
2026-04-14 05:15:00+00:00,77.04000091552734,77.27999877929688,77.0,77.08499908447266,208
2026-04-14 05:30:00+00:00,76.71499633789062,77.05000305175781,76.57499694824219,77.04499816894531,502
2026-04-14 05:45:00+00:00,76.75,76.84500122070312,76.67500305175781,76.70999908447266,133
2026-04-14 06:00:00+00:00,76.98999786376953,77.05000305175781,76.81999969482422,76.81999969482422,319
2026-04-14 06:15:00+00:00,76.99500274658203,77.06999969482422,76.93499755859375,76.96499633789062,293
2026-04-14 06:30:00+00:00,77.0,77.0,76.83000183105469,76.98500061035156,248
2026-04-14 06:45:00+00:00,77.66999816894531,77.68000030517578,77.00499725341797,77.00499725341797,741
2026-04-14 07:00:00+00:00,77.91000366210938,78.12000274658203,77.5999984741211,77.66999816894531,1104
2026-04-14 07:15:00+00:00,77.62999725341797,77.94499969482422,77.54499816894531,77.93000030517578,460
2026-04-14 07:30:00+00:00,77.75,77.81500244140625,77.57499694824219,77.63999938964844,300
2026-04-14 07:45:00+00:00,77.90499877929688,77.94499969482422,77.73999786376953,77.7699966430664,309
2026-04-14 08:00:00+00:00,77.83000183105469,77.87999725341797,77.72000122070312,77.86000061035156,280
2026-04-14 08:15:00+00:00,78.02999877929688,78.05000305175781,77.72000122070312,77.81500244140625,270
2026-04-14 08:30:00+00:00,78.01499938964844,78.19000244140625,77.94999694824219,78.0250015258789,470
2026-04-14 08:45:00+00:00,78.2300033569336,78.23999786376953,77.99500274658203,77.99500274658203,279
2026-04-14 09:00:00+00:00,78.05999755859375,78.28500366210938,78.0,78.24500274658203,144
2026-04-14 09:15:00+00:00,77.92500305175781,78.13999938964844,77.9000015258789,78.09500122070312,119
2026-04-14 09:30:00+00:00,77.94000244140625,77.99500274658203,77.76000213623047,77.90499877929688,226
2026-04-14 09:45:00+00:00,77.8949966430664,78.00499725341797,77.83999633789062,77.94499969482422,113
2026-04-14 10:00:00+00:00,77.90499877929688,77.95999908447266,77.81999969482422,77.88500213623047,171
2026-04-14 10:15:00+00:00,77.88999938964844,78.04000091552734,77.82499694824219,77.94000244140625,183
2026-04-14 10:30:00+00:00,77.65499877929688,77.88999938964844,77.44499969482422,77.81999969482422,569
2026-04-14 10:45:00+00:00,77.61499786376953,77.80000305175781,77.61499786376953,77.68499755859375,123
2026-04-14 11:00:00+00:00,77.57499694824219,77.65499877929688,77.41999816894531,77.62000274658203,584
2026-04-14 11:15:00+00:00,77.71499633789062,77.77999877929688,77.57499694824219,77.57499694824219,447
2026-04-14 11:30:00+00:00,77.6500015258789,77.73999786376953,77.51000213623047,77.67500305175781,196
2026-04-14 11:45:00+00:00,77.7249984741211,77.86000061035156,77.51499938964844,77.66999816894531,370
2026-04-14 12:00:00+00:00,77.62000274658203,77.94000244140625,77.5999984741211,77.7249984741211,466
2026-04-14 12:15:00+00:00,77.56999969482422,77.69999694824219,77.30999755859375,77.5999984741211,603
2026-04-14 12:30:00+00:00,77.68000030517578,77.8949966430664,77.56500244140625,77.56500244140625,807
2026-04-14 12:45:00+00:00,77.67500305175781,77.75,77.3949966430664,77.69499969482422,578
2026-04-14 13:00:00+00:00,77.99500274658203,78.01000213623047,77.62999725341797,77.66000366210938,765
2026-04-14 13:15:00+00:00,77.9000015258789,78.2699966430664,77.9000015258789,78.01499938964844,1184
2026-04-14 13:30:00+00:00,78.21499633789062,78.57499694824219,77.8499984741211,77.90499877929688,2075
2026-04-14 13:45:00+00:00,78.51499938964844,78.55000305175781,78.1449966430664,78.19499969482422,1122
2026-04-14 14:00:00+00:00,78.94499969482422,79.0999984741211,78.49500274658203,78.51499938964844,2101
2026-04-14 14:15:00+00:00,79.2300033569336,79.25499725341797,78.875,78.95500183105469,1397
2026-04-14 14:30:00+00:00,79.125,79.53500366210938,79.125,79.24500274658203,1979
2026-04-14 14:45:00+00:00,79.26000213623047,79.4000015258789,79.05000305175781,79.12999725341797,892
2026-04-14 15:00:00+00:00,78.81999969482422,79.25499725341797,78.73999786376953,79.25499725341797,1234
2026-04-14 15:15:00+00:00,79.11499786376953,79.19999694824219,78.80000305175781,78.81999969482422,957
2026-04-14 15:30:00+00:00,79.4000015258789,79.45500183105469,79.13500213623047,79.13500213623047,719
2026-04-14 15:45:00+00:00,79.29499816894531,79.49500274658203,79.27999877929688,79.44000244140625,683
2026-04-14 16:00:00+00:00,79.43000030517578,79.68000030517578,79.2300033569336,79.29000091552734,1291
2026-04-14 16:15:00+00:00,79.625,79.68000030517578,79.37999725341797,79.43499755859375,746
2026-04-14 16:30:00+00:00,79.57499694824219,79.70500183105469,79.44999694824219,79.63999938964844,680
2026-04-14 16:45:00+00:00,79.20999908447266,79.62000274658203,79.17500305175781,79.58000183105469,924
2026-04-14 17:00:00+00:00,79.33499908447266,79.50499725341797,79.16000366210938,79.20999908447266,1694
2026-04-14 17:15:00+00:00,79.51499938964844,79.6449966430664,79.26499938964844,79.32499694824219,4035
2026-04-14 17:30:00+00:00,79.67500305175781,79.80000305175781,79.52999877929688,79.52999877929688,1089
2026-04-14 17:45:00+00:00,79.49500274658203,79.70500183105469,79.44999694824219,79.67500305175781,451
2026-04-14 18:00:00+00:00,79.38500213623047,79.50499725341797,79.31999969482422,79.50499725341797,790
2026-04-14 18:15:00+00:00,79.32499694824219,79.38500213623047,79.1050033569336,79.37000274658203,622
2026-04-14 18:30:00+00:00,79.2699966430664,79.4749984741211,79.24500274658203,79.34500122070312,446
2026-04-14 18:45:00+00:00,79.40499877929688,79.43499755859375,79.2249984741211,79.2699966430664,230
2026-04-14 19:00:00+00:00,79.42500305175781,79.5999984741211,79.41000366210938,79.41500091552734,483
2026-04-14 19:15:00+00:00,79.48999786376953,79.54499816894531,79.34500122070312,79.43499755859375,469
2026-04-14 19:30:00+00:00,79.61000061035156,79.68499755859375,79.47000122070312,79.49500274658203,432
2026-04-14 19:45:00+00:00,79.66000366210938,79.70500183105469,79.52999877929688,79.61000061035156,349
2026-04-14 20:00:00+00:00,79.72000122070312,79.7699966430664,79.66000366210938,79.66000366210938,212
2026-04-14 20:15:00+00:00,79.66000366210938,79.7750015258789,79.66000366210938,79.7249984741211,191
2026-04-14 20:30:00+00:00,79.77999877929688,79.77999877929688,79.66500091552734,79.66500091552734,82
2026-04-14 20:45:00+00:00,79.625,79.79000091552734,79.625,79.77999877929688,116
2026-04-14 22:00:00+00:00,79.68000030517578,79.81500244140625,79.44499969482422,79.70500183105469,113
2026-04-14 22:15:00+00:00,79.52999877929688,79.71499633789062,79.5,79.70999908447266,81
2026-04-14 22:30:00+00:00,79.56999969482422,79.61000061035156,79.48500061035156,79.5250015258789,53
2026-04-14 22:45:00+00:00,79.44999694824219,79.56999969482422,79.3949966430664,79.56999969482422,177
2026-04-14 23:00:00+00:00,79.5250015258789,79.66999816894531,79.43000030517578,79.43499755859375,58
2026-04-14 23:15:00+00:00,79.57499694824219,79.62000274658203,79.45500183105469,79.5,211
2026-04-14 23:30:00+00:00,79.7750015258789,79.8499984741211,79.54000091552734,79.58000183105469,214
2026-04-14 23:45:00+00:00,79.63500213623047,79.8550033569336,79.5999984741211,79.81999969482422,194
2026-04-15 00:00:00+00:00,79.55999755859375,79.65499877929688,79.42500305175781,79.62999725341797,131
2026-04-15 00:15:00+00:00,79.69999694824219,79.69999694824219,79.5199966430664,79.55000305175781,106
2026-04-15 00:30:00+00:00,79.6050033569336,79.69999694824219,79.5199966430664,79.66000366210938,72
2026-04-15 00:45:00+00:00,79.80000305175781,79.83499908447266,79.58999633789062,79.6050033569336,140
2026-04-15 01:00:00+00:00,80.26499938964844,80.3499984741211,79.51000213623047,79.81500244140625,1040
2026-04-15 01:15:00+00:00,80.6500015258789,80.87999725341797,80.19000244140625,80.30500030517578,1309
2026-04-15 01:30:00+00:00,80.41999816894531,80.69999694824219,80.31500244140625,80.63500213623047,365
2026-04-15 01:45:00+00:00,80.6449966430664,80.69499969482422,80.37000274658203,80.45500183105469,269
2026-04-15 02:00:00+00:00,80.86499786376953,81.15499877929688,80.54499816894531,80.61000061035156,580
2026-04-15 02:15:00+00:00,80.47000122070312,80.8550033569336,80.41999816894531,80.83000183105469,310
2026-04-15 02:30:00+00:00,80.42500305175781,80.55999755859375,80.05500030517578,80.48999786376953,1170
2026-04-15 02:45:00+00:00,79.95500183105469,80.5,79.91000366210938,80.3949966430664,545
2026-04-15 03:00:00+00:00,80.13500213623047,80.25,79.80999755859375,79.98999786376953,236
2026-04-15 03:15:00+00:00,80.05500030517578,80.26000213623047,79.94000244140625,80.13999938964844,117
2026-04-15 03:30:00+00:00,80.18499755859375,80.26000213623047,80.06999969482422,80.07499694824219,118
2026-04-15 03:45:00+00:00,79.92500305175781,80.20999908447266,79.92500305175781,80.20999908447266,112
2026-04-15 04:00:00+00:00,80.05999755859375,80.05999755859375,79.8550033569336,79.93000030517578,133
2026-04-15 04:15:00+00:00,79.91999816894531,80.05500030517578,79.8499984741211,80.05500030517578,89
2026-04-15 04:30:00+00:00,79.81500244140625,79.95999908447266,79.78500366210938,79.93000030517578,85
2026-04-15 04:45:00+00:00,79.92500305175781,79.92500305175781,79.76000213623047,79.77999877929688,158
2026-04-15 05:00:00+00:00,79.94499969482422,80.04499816894531,79.7750015258789,79.8949966430664,202
2026-04-15 05:15:00+00:00,79.76499938964844,80.0199966430664,79.75499725341797,79.94999694824219,176
2026-04-15 05:30:00+00:00,79.2249984741211,79.79499816894531,79.0999984741211,79.77999877929688,842
2026-04-15 05:45:00+00:00,79.50499725341797,79.56500244140625,79.16000366210938,79.19999694824219,290
2026-04-15 06:00:00+00:00,79.61499786376953,79.69999694824219,79.5,79.52999877929688,278
2026-04-15 06:15:00+00:00,79.31500244140625,79.61499786376953,79.2750015258789,79.58999633789062,217
2026-04-15 06:30:00+00:00,79.48999786376953,79.48999786376953,79.25,79.32499694824219,301
2026-04-15 06:45:00+00:00,79.2750015258789,79.66500091552734,79.25,79.5,308
2026-04-15 07:00:00+00:00,79.40499877929688,79.44999694824219,79.15499877929688,79.30500030517578,288
2026-04-15 07:15:00+00:00,79.44999694824219,79.56500244140625,79.1500015258789,79.3949966430664,337
2026-04-15 07:30:00+00:00,79.40499877929688,79.57499694824219,79.2750015258789,79.4000015258789,214
2026-04-15 07:45:00+00:00,79.31500244140625,79.37000274658203,79.1500015258789,79.37000274658203,186
2026-04-15 08:00:00+00:00,79.2699966430664,79.37999725341797,79.1050033569336,79.31500244140625,210
2026-04-15 08:15:00+00:00,79.2750015258789,79.38500213623047,79.15499877929688,79.29000091552734,200
2026-04-15 08:30:00+00:00,79.26000213623047,79.33499908447266,79.19499969482422,79.29499816894531,130
2026-04-15 08:45:00+00:00,79.41500091552734,79.44499969482422,79.18000030517578,79.20999908447266,187
2026-04-15 09:00:00+00:00,78.96499633789062,79.45500183105469,78.67500305175781,79.41500091552734,934
2026-04-15 09:15:00+00:00,78.75,78.95999908447266,78.7249984741211,78.95999908447266,348
2026-04-15 09:30:00+00:00,78.69000244140625,78.81999969482422,78.67500305175781,78.76499938964844,311
2026-04-15 09:45:00+00:00,78.58499908447266,78.75499725341797,78.30500030517578,78.66999816894531,995
2026-04-15 10:00:00+00:00,78.90499877929688,78.93000030517578,78.44999694824219,78.58000183105469,286
2026-04-15 10:15:00+00:00,78.66500091552734,78.88999938964844,78.52999877929688,78.88500213623047,351
2026-04-15 10:30:00+00:00,78.72000122070312,78.74500274658203,78.54000091552734,78.74500274658203,156
2026-04-15 10:45:00+00:00,78.87999725341797,78.98500061035156,78.67500305175781,78.7249984741211,444
2026-04-15 11:00:00+00:00,78.94000244140625,78.96499633789062,78.62999725341797,78.875,602
2026-04-15 11:15:00+00:00,78.82499694824219,78.93000030517578,78.76499938964844,78.92500305175781,205
2026-04-15 11:30:00+00:00,78.83499908447266,78.92500305175781,78.76000213623047,78.86000061035156,162
2026-04-15 11:45:00+00:00,79.19000244140625,79.22000122070312,78.75,78.87999725341797,797
2026-04-15 12:00:00+00:00,78.96499633789062,79.2249984741211,78.86499786376953,79.15499877929688,438
2026-04-15 12:15:00+00:00,78.94499969482422,79.11499786376953,78.875,78.98999786376953,330
2026-04-15 12:30:00+00:00,78.73999786376953,78.99500274658203,78.66999816894531,78.91500091552734,503
2026-04-15 12:45:00+00:00,78.69999694824219,78.82499694824219,78.6500015258789,78.7750015258789,495
2026-04-15 13:00:00+00:00,79.43499755859375,79.48500061035156,78.70999908447266,78.72000122070312,1501
2026-04-15 13:15:00+00:00,79.58499908447266,79.63500213623047,79.28500366210938,79.43499755859375,693
2026-04-15 13:30:00+00:00,79.68000030517578,79.86499786376953,79.33999633789062,79.58999633789062,1228
2026-04-15 13:45:00+00:00,80.1500015258789,80.15499877929688,79.6500015258789,79.69999694824219,1139
2026-04-15 14:00:00+00:00,80.49500274658203,80.51000213623047,80.1050033569336,80.16000366210938,1583
2026-04-15 14:15:00+00:00,80.40499877929688,80.69000244140625,80.30000305175781,80.51499938964844,1207
2026-04-15 14:30:00+00:00,80.19499969482422,80.41000366210938,80.01000213623047,80.41000366210938,1099
2026-04-15 14:45:00+00:00,80.13999938964844,80.25,80.07499694824219,80.18499755859375,485
2026-04-15 15:00:00+00:00,79.96499633789062,80.125,79.57499694824219,80.1050033569336,1279
2026-04-15 15:15:00+00:00,79.19999694824219,79.93499755859375,79.19999694824219,79.93499755859375,670
2026-04-15 15:30:00+00:00,79.55500030517578,79.66000366210938,78.87999725341797,79.2699966430664,1877
2026-04-15 15:45:00+00:00,79.45999908447266,79.68000030517578,79.37000274658203,79.55500030517578,574
2026-04-15 16:00:00+00:00,79.75,79.82499694824219,79.43000030517578,79.44499969482422,555
2026-04-15 16:15:00+00:00,79.68000030517578,79.79499816894531,79.58999633789062,79.73999786376953,322
2026-04-15 16:30:00+00:00,79.38999938964844,79.7249984741211,79.33999633789062,79.68499755859375,587
2026-04-15 16:45:00+00:00,79.48500061035156,79.49500274658203,79.2699966430664,79.38999938964844,318
2026-04-15 17:00:00+00:00,79.23500061035156,79.45999908447266,79.19000244140625,79.45999908447266,670
2026-04-15 17:15:00+00:00,79.55000305175781,79.66500091552734,79.23500061035156,79.24500274658203,1843
2026-04-15 17:30:00+00:00,79.36499786376953,79.71499633789062,79.29000091552734,79.55000305175781,416
2026-04-15 17:45:00+00:00,79.2249984741211,79.47000122070312,79.22000122070312,79.4000015258789,239
2026-04-15 18:00:00+00:00,79.38999938964844,79.47000122070312,79.16000366210938,79.25499725341797,313
2026-04-15 18:15:00+00:00,79.36499786376953,79.4749984741211,79.31999969482422,79.42500305175781,117
2026-04-15 18:30:00+00:00,79.3499984741211,79.44999694824219,79.28500366210938,79.37999725341797,107
2026-04-15 18:45:00+00:00,79.48500061035156,79.55000305175781,79.33000183105469,79.33000183105469,201
2026-04-15 19:00:00+00:00,79.41999816894531,79.59500122070312,79.41999816894531,79.45999908447266,132
2026-04-15 19:15:00+00:00,79.62999725341797,79.63500213623047,79.38500213623047,79.41999816894531,93
2026-04-15 19:30:00+00:00,79.54000091552734,79.63999938964844,79.43000030517578,79.59500122070312,129
2026-04-15 19:45:00+00:00,79.52999877929688,79.67500305175781,79.4800033569336,79.52999877929688,145
2026-04-15 20:00:00+00:00,79.31500244140625,79.50499725341797,79.25,79.50499725341797,193
2026-04-15 20:15:00+00:00,79.30000305175781,79.3550033569336,79.2699966430664,79.31500244140625,150
2026-04-15 20:30:00+00:00,79.21499633789062,79.28500366210938,79.16999816894531,79.28500366210938,53
2026-04-15 20:45:00+00:00,79.11000061035156,79.26000213623047,79.0,79.21499633789062,241
2026-04-15 22:00:00+00:00,79.26000213623047,79.47000122070312,79.1050033569336,79.19499969482422,36
2026-04-15 22:15:00+00:00,79.41000366210938,79.41000366210938,79.27999877929688,79.27999877929688,39
2026-04-15 22:30:00+00:00,79.41500091552734,79.45500183105469,79.38500213623047,79.3949966430664,437
2026-04-15 22:45:00+00:00,79.50499725341797,79.54000091552734,79.40499877929688,79.40499877929688,99
2026-04-15 23:00:00+00:00,79.52999877929688,79.55500030517578,79.46499633789062,79.46499633789062,140
2026-04-15 23:15:00+00:00,79.56500244140625,79.58000183105469,79.52999877929688,79.55999755859375,53
2026-04-15 23:30:00+00:00,79.7249984741211,79.7249984741211,79.56500244140625,79.58000183105469,142
2026-04-15 23:45:00+00:00,79.6500015258789,79.75,79.62999725341797,79.69999694824219,51
2026-04-16 00:00:00+00:00,80.05500030517578,80.09500122070312,79.6500015258789,79.6500015258789,597
2026-04-16 00:15:00+00:00,79.9749984741211,80.16999816894531,79.92500305175781,80.05500030517578,249
2026-04-16 00:30:00+00:00,80.15499877929688,80.34500122070312,79.94999694824219,79.98500061035156,232
2026-04-16 00:45:00+00:00,80.30000305175781,80.4749984741211,80.12999725341797,80.12999725341797,315
2026-04-16 01:00:00+00:00,80.61000061035156,80.66999816894531,80.19999694824219,80.30000305175781,398
2026-04-16 01:15:00+00:00,80.51499938964844,80.69999694824219,80.41500091552734,80.55500030517578,249
2026-04-16 01:30:00+00:00,80.30000305175781,80.62000274658203,80.09500122070312,80.50499725341797,229
2026-04-16 01:45:00+00:00,80.23999786376953,80.47000122070312,80.2249984741211,80.2699966430664,172
2026-04-16 02:00:00+00:00,80.33499908447266,80.48500061035156,80.0999984741211,80.33499908447266,453
2026-04-16 02:15:00+00:00,80.33000183105469,80.42500305175781,80.26499938964844,80.31999969482422,106
2026-04-16 02:30:00+00:00,80.2699966430664,80.38500213623047,80.06500244140625,80.30000305175781,151
2026-04-16 02:45:00+00:00,80.4749984741211,80.55999755859375,80.22000122070312,80.31500244140625,291
2026-04-16 03:00:00+00:00,80.66500091552734,80.66500091552734,80.47000122070312,80.47000122070312,222
2026-04-16 03:15:00+00:00,80.58499908447266,80.7300033569336,80.54499816894531,80.68000030517578,166
2026-04-16 03:30:00+00:00,80.45999908447266,80.73500061035156,80.41500091552734,80.62000274658203,161
2026-04-16 03:45:00+00:00,80.61000061035156,80.625,80.43000030517578,80.45999908447266,55
2026-04-16 04:00:00+00:00,80.57499694824219,80.61000061035156,80.44000244140625,80.48999786376953,49
2026-04-16 04:15:00+00:00,80.58499908447266,80.70500183105469,80.56999969482422,80.625,86
2026-04-16 04:30:00+00:00,80.70999908447266,80.77999877929688,80.57499694824219,80.57499694824219,125
2026-04-16 04:45:00+00:00,80.82499694824219,80.82499694824219,80.67500305175781,80.71499633789062,129
2026-04-16 05:00:00+00:00,80.81500244140625,80.94000244140625,80.80500030517578,80.83999633789062,138
2026-04-16 05:15:00+00:00,80.90499877929688,80.92500305175781,80.80999755859375,80.83000183105469,92
2026-04-16 05:30:00+00:00,80.49500274658203,81.03500366210938,80.47000122070312,80.91999816894531,378
2026-04-16 05:45:00+00:00,80.55500030517578,80.68000030517578,80.48999786376953,80.51000213623047,147
2026-04-16 06:00:00+00:00,80.63500213623047,80.76499938964844,80.5250015258789,80.58999633789062,247
2026-04-16 06:15:00+00:00,80.48999786376953,80.6449966430664,80.41999816894531,80.6449966430664,164
2026-04-16 06:30:00+00:00,80.44999694824219,80.5199966430664,80.33499908447266,80.44000244140625,206
2026-04-16 06:45:00+00:00,80.4749984741211,80.63500213623047,80.41500091552734,80.44999694824219,164
2026-04-16 07:00:00+00:00,80.30000305175781,80.58999633789062,80.26499938964844,80.46499633789062,194
2026-04-16 07:15:00+00:00,80.42500305175781,80.44999694824219,80.16999816894531,80.28500366210938,170
2026-04-16 07:30:00+00:00,80.41999816894531,80.45999908447266,80.28500366210938,80.41999816894531,168
2026-04-16 07:45:00+00:00,80.23500061035156,80.3949966430664,80.13999938964844,80.37999725341797,178
2026-04-16 08:00:00+00:00,79.93499755859375,80.2699966430664,79.68499755859375,80.25499725341797,502
2026-04-16 08:15:00+00:00,79.86499786376953,80.02999877929688,79.7699966430664,80.0250015258789,259
2026-04-16 08:30:00+00:00,79.88500213623047,79.94000244140625,79.76000213623047,79.84500122070312,261
2026-04-16 08:45:00+00:00,79.87000274658203,79.94000244140625,79.76000213623047,79.88500213623047,191
2026-04-16 09:00:00+00:00,79.81999969482422,79.98999786376953,79.81999969482422,79.86499786376953,158
2026-04-16 09:15:00+00:00,79.7249984741211,79.8550033569336,79.6449966430664,79.83000183105469,231
2026-04-16 09:30:00+00:00,79.76499938964844,79.81500244140625,79.55500030517578,79.73999786376953,442
2026-04-16 09:45:00+00:00,79.68499755859375,79.76499938964844,79.63999938964844,79.7249984741211,103
2026-04-16 10:00:00+00:00,79.59500122070312,79.74500274658203,79.58999633789062,79.69999694824219,104
2026-04-16 10:15:00+00:00,79.6500015258789,79.74500274658203,79.51499938964844,79.57499694824219,142
2026-04-16 10:30:00+00:00,79.69999694824219,79.82499694824219,79.6449966430664,79.6500015258789,169
2026-04-16 10:45:00+00:00,79.94000244140625,79.98500061035156,79.56999969482422,79.69000244140625,249
2026-04-16 11:00:00+00:00,79.9000015258789,79.95999908447266,79.76499938964844,79.94499969482422,434
2026-04-16 11:15:00+00:00,79.7300033569336,79.94000244140625,79.68499755859375,79.88999938964844,194
2026-04-16 11:30:00+00:00,79.65499877929688,79.84500122070312,79.62000274658203,79.7249984741211,262
2026-04-16 11:45:00+00:00,79.83499908447266,79.86000061035156,79.58499908447266,79.66500091552734,218
2026-04-16 12:00:00+00:00,79.66999816894531,79.87999725341797,79.54499816894531,79.83999633789062,410
2026-04-16 12:15:00+00:00,79.33499908447266,79.68499755859375,79.29000091552734,79.67500305175781,503
2026-04-16 12:30:00+00:00,79.21499633789062,79.51000213623047,79.11000061035156,79.32499694824219,883
2026-04-16 12:45:00+00:00,79.37999725341797,79.44000244140625,79.16999816894531,79.20999908447266,710
2026-04-16 13:00:00+00:00,79.5,79.83999633789062,79.37999725341797,79.37999725341797,1173
2026-04-16 13:15:00+00:00,79.59500122070312,79.71499633789062,79.50499725341797,79.51499938964844,539
2026-04-16 13:30:00+00:00,79.62000274658203,79.91999816894531,79.5,79.58000183105469,1063
2026-04-16 13:45:00+00:00,78.7750015258789,79.73999786376953,78.3499984741211,79.62999725341797,2725
2026-04-16 14:00:00+00:00,78.94000244140625,79.04000091552734,78.16000366210938,78.76000213623047,2177
2026-04-16 14:15:00+00:00,78.83499908447266,79.0,78.51499938964844,78.94499969482422,971
2026-04-16 14:30:00+00:00,78.61499786376953,78.88999938964844,78.18000030517578,78.88500213623047,920
2026-04-16 14:45:00+00:00,78.63999938964844,78.76499938964844,78.5,78.5999984741211,509
2026-04-16 15:00:00+00:00,79.06999969482422,79.2750015258789,78.62000274658203,78.63999938964844,1121
2026-04-16 15:15:00+00:00,78.78500366210938,79.16000366210938,78.74500274658203,79.06999969482422,846
2026-04-16 15:30:00+00:00,78.83999633789062,79.01000213623047,78.6050033569336,78.76499938964844,700
2026-04-16 15:45:00+00:00,79.01499938964844,79.08499908447266,78.77999877929688,78.83999633789062,389
2026-04-16 16:00:00+00:00,78.9749984741211,79.12000274658203,78.94000244140625,79.00499725341797,293
2026-04-16 16:15:00+00:00,78.82499694824219,79.04499816894531,78.77999877929688,78.98999786376953,708
2026-04-16 16:30:00+00:00,78.65499877929688,78.86499786376953,78.40499877929688,78.81999969482422,727
2026-04-16 16:45:00+00:00,78.69499969482422,78.74500274658203,78.55000305175781,78.625,299
2026-04-16 17:00:00+00:00,78.62999725341797,78.82499694824219,78.5999984741211,78.69499969482422,530
2026-04-16 17:15:00+00:00,78.44999694824219,78.77999877929688,78.44999694824219,78.62999725341797,949
2026-04-16 17:30:00+00:00,78.43499755859375,78.5,78.2750015258789,78.45500183105469,453
2026-04-16 17:45:00+00:00,78.41000366210938,78.46499633789062,78.2699966430664,78.43499755859375,237
2026-04-16 18:00:00+00:00,78.51000213623047,78.625,78.36499786376953,78.40499877929688,306
2026-04-16 18:15:00+00:00,78.44999694824219,78.58999633789062,78.42500305175781,78.5,198
2026-04-16 18:30:00+00:00,78.625,78.6500015258789,78.47000122070312,78.47000122070312,231
2026-04-16 18:45:00+00:00,78.55999755859375,78.67500305175781,78.5199966430664,78.62000274658203,123
2026-04-16 19:00:00+00:00,78.67500305175781,78.79000091552734,78.58499908447266,78.58499908447266,220
2026-04-16 19:15:00+00:00,78.66000366210938,78.80000305175781,78.6500015258789,78.7249984741211,719
2026-04-16 19:30:00+00:00,78.80999755859375,78.83000183105469,78.66000366210938,78.66000366210938,155
2026-04-16 19:45:00+00:00,78.79000091552734,78.86000061035156,78.68499755859375,78.83000183105469,290
2026-04-16 20:00:00+00:00,78.59500122070312,78.7699966430664,78.58999633789062,78.7699966430664,105
2026-04-16 20:15:00+00:00,78.5250015258789,78.63500213623047,78.50499725341797,78.6050033569336,60
2026-04-16 20:30:00+00:00,78.53500366210938,78.57499694824219,78.47000122070312,78.51000213623047,55
2026-04-16 20:45:00+00:00,78.45999908447266,78.58499908447266,78.43499755859375,78.56999969482422,169
2026-04-16 22:00:00+00:00,78.86000061035156,78.91999816894531,78.4000015258789,78.66500091552734,108
2026-04-16 22:15:00+00:00,78.83999633789062,78.8949966430664,78.7750015258789,78.88999938964844,163
2026-04-16 22:30:00+00:00,78.8949966430664,78.9000015258789,78.75499725341797,78.81999969482422,102
2026-04-16 22:45:00+00:00,78.88500213623047,78.93000030517578,78.86000061035156,78.88500213623047,33
2026-04-16 23:00:00+00:00,78.80000305175781,78.88500213623047,78.80000305175781,78.8550033569336,46
2026-04-16 23:15:00+00:00,78.84500122070312,78.91999816894531,78.82499694824219,78.82499694824219,53
2026-04-16 23:30:00+00:00,78.8949966430664,78.91999816894531,78.7750015258789,78.83000183105469,38
2026-04-16 23:45:00+00:00,78.77999877929688,78.91999816894531,78.7699966430664,78.9000015258789,71
2026-04-17 00:00:00+00:00,78.66000366210938,78.77999877929688,78.52999877929688,78.75499725341797,99
2026-04-17 00:15:00+00:00,78.75499725341797,78.76499938964844,78.62000274658203,78.63999938964844,49
2026-04-17 00:30:00+00:00,78.875,78.9000015258789,78.75499725341797,78.75499725341797,119
2026-04-17 00:45:00+00:00,78.80999755859375,78.9749984741211,78.80000305175781,78.8949966430664,44
2026-04-17 01:00:00+00:00,78.20999908447266,78.86499786376953,77.7699966430664,78.80500030517578,784
2026-04-17 01:15:00+00:00,77.94499969482422,78.45500183105469,77.80000305175781,78.19499969482422,519
2026-04-17 01:30:00+00:00,78.29000091552734,78.29000091552734,77.88500213623047,77.96499633789062,317
2026-04-17 01:45:00+00:00,78.52999877929688,78.57499694824219,78.22000122070312,78.28500366210938,186
2026-04-17 02:00:00+00:00,78.48500061035156,78.63500213623047,78.38999938964844,78.5250015258789,115
2026-04-17 02:15:00+00:00,78.37000274658203,78.51000213623047,78.37000274658203,78.50499725341797,121
2026-04-17 02:30:00+00:00,78.5999984741211,78.69499969482422,78.375,78.38500213623047,170
2026-04-17 02:45:00+00:00,78.40499877929688,78.69999694824219,78.4000015258789,78.55999755859375,148
2026-04-17 03:00:00+00:00,79.06999969482422,79.1449966430664,78.44999694824219,78.44999694824219,561
2026-04-17 03:15:00+00:00,79.01000213623047,79.33499908447266,78.99500274658203,79.07499694824219,276
2026-04-17 03:30:00+00:00,78.92500305175781,79.02999877929688,78.78500366210938,79.0,143
2026-04-17 03:45:00+00:00,78.98999786376953,79.04499816894531,78.93499755859375,78.93499755859375,43
2026-04-17 04:00:00+00:00,79.06999969482422,79.06999969482422,78.9000015258789,78.91500091552734,83
2026-04-17 04:15:00+00:00,79.05500030517578,79.08000183105469,79.0,79.03500366210938,57
2026-04-17 04:30:00+00:00,79.27999877929688,79.29499816894531,79.04499816894531,79.05500030517578,151
2026-04-17 04:45:00+00:00,79.17500305175781,79.30000305175781,79.12000274658203,79.27999877929688,156
2026-04-17 05:00:00+00:00,79.16500091552734,79.19999694824219,79.0199966430664,79.15499877929688,96
2026-04-17 05:15:00+00:00,79.12000274658203,79.20500183105469,79.08000183105469,79.12999725341797,65
2026-04-17 05:30:00+00:00,79.06500244140625,79.20500183105469,78.91000366210938,79.11000061035156,176
2026-04-17 05:45:00+00:00,78.9749984741211,79.23999786376953,78.9749984741211,79.08999633789062,204
2026-04-17 06:00:00+00:00,78.76499938964844,79.07499694824219,78.7249984741211,78.9800033569336,265
2026-04-17 06:15:00+00:00,78.67500305175781,78.83999633789062,78.6500015258789,78.79499816894531,138
2026-04-17 06:30:00+00:00,78.72000122070312,78.75,78.55000305175781,78.65499877929688,150
2026-04-17 06:45:00+00:00,78.69499969482422,78.7750015258789,78.6500015258789,78.73500061035156,101
2026-04-17 07:00:00+00:00,78.78500366210938,78.86000061035156,78.70999908447266,78.71499633789062,110
2026-04-17 07:15:00+00:00,78.875,78.88999938964844,78.66999816894531,78.76499938964844,86
2026-04-17 07:30:00+00:00,78.96499633789062,78.9800033569336,78.75499725341797,78.87000274658203,171
2026-04-17 07:45:00+00:00,78.99500274658203,79.0,78.83499908447266,78.95500183105469,87
2026-04-17 08:00:00+00:00,79.07499694824219,79.1449966430664,78.96499633789062,78.9749984741211,142
2026-04-17 08:15:00+00:00,79.07499694824219,79.09500122070312,79.0,79.06500244140625,53
2026-04-17 08:30:00+00:00,79.48999786376953,79.5250015258789,79.06999969482422,79.06999969482422,429
2026-04-17 08:45:00+00:00,79.5999984741211,79.5999984741211,79.37000274658203,79.48500061035156,198
2026-04-17 09:00:00+00:00,79.66999816894531,79.86000061035156,79.58499908447266,79.5999984741211,430
2026-04-17 09:15:00+00:00,79.82499694824219,79.88999938964844,79.6500015258789,79.66500091552734,373
2026-04-17 09:30:00+00:00,79.79499816894531,79.90499877929688,79.74500274658203,79.80999755859375,215
2026-04-17 09:45:00+00:00,79.68499755859375,79.80999755859375,79.68499755859375,79.79000091552734,151
2026-04-17 10:00:00+00:00,79.68000030517578,79.71499633789062,79.55000305175781,79.68499755859375,151
2026-04-17 10:15:00+00:00,79.56500244140625,79.70999908447266,79.53500366210938,79.6500015258789,161
2026-04-17 10:30:00+00:00,79.36000061035156,79.54000091552734,79.33000183105469,79.54000091552734,262
2026-04-17 10:45:00+00:00,79.44999694824219,79.47000122070312,79.33000183105469,79.3550033569336,185
2026-04-17 11:00:00+00:00,79.2750015258789,79.5199966430664,79.2300033569336,79.44999694824219,477
2026-04-17 11:15:00+00:00,79.36499786376953,79.37000274658203,79.19999694824219,79.26000213623047,220
2026-04-17 11:30:00+00:00,79.55500030517578,79.55500030517578,79.38500213623047,79.38500213623047,484
2026-04-17 11:45:00+00:00,79.75,79.7750015258789,79.55500030517578,79.56999969482422,304
2026-04-17 12:00:00+00:00,79.8949966430664,79.98999786376953,79.7300033569336,79.75499725341797,717
2026-04-17 12:15:00+00:00,80.2699966430664,80.29000091552734,79.83999633789062,79.88500213623047,1241
2026-04-17 12:30:00+00:00,80.37000274658203,80.45500183105469,80.20500183105469,80.2750015258789,1192
2026-04-17 12:45:00+00:00,81.73500061035156,81.80000305175781,80.29499816894531,80.34500122070312,3369
2026-04-17 13:00:00+00:00,82.19000244140625,82.50499725341797,81.25499725341797,81.76000213623047,3145
2026-04-17 13:15:00+00:00,81.79000091552734,82.15499877929688,81.51499938964844,82.1500015258789,2389
2026-04-17 13:30:00+00:00,82.18000030517578,82.36000061035156,81.68000030517578,81.82499694824219,2036
2026-04-17 13:45:00+00:00,82.5250015258789,82.62000274658203,81.7249984741211,82.13500213623047,2071
2026-04-17 14:00:00+00:00,82.20999908447266,82.68499755859375,82.16999816894531,82.55000305175781,1416
2026-04-17 14:15:00+00:00,82.70500183105469,82.9000015258789,82.2300033569336,82.26499938964844,1152
2026-04-17 14:30:00+00:00,83.12000274658203,83.19499969482422,82.62000274658203,82.68499755859375,1515
2026-04-17 14:45:00+00:00,82.86499786376953,83.24500274658203,82.86499786376953,83.12000274658203,1041
2026-04-17 15:00:00+00:00,82.7699966430664,83.06500244140625,82.57499694824219,82.88500213623047,1423
2026-04-17 15:15:00+00:00,82.36000061035156,82.91500091552734,82.34500122070312,82.7750015258789,1457
2026-04-17 15:30:00+00:00,82.30000305175781,82.61499786376953,82.16999816894531,82.375,1006
2026-04-17 15:45:00+00:00,82.44000244140625,82.5999984741211,82.2300033569336,82.30500030517578,845
2026-04-17 16:00:00+00:00,82.5999984741211,82.75,82.30000305175781,82.43000030517578,730
2026-04-17 16:15:00+00:00,82.37000274658203,82.6449966430664,82.37000274658203,82.61000061035156,570
2026-04-17 16:30:00+00:00,82.48500061035156,82.62999725341797,82.3949966430664,82.40499877929688,532
2026-04-17 16:45:00+00:00,82.37999725341797,82.5250015258789,82.30999755859375,82.4749984741211,474
2026-04-17 17:00:00+00:00,82.1500015258789,82.50499725341797,82.0199966430664,82.38500213623047,1112
2026-04-17 17:15:00+00:00,81.66999816894531,82.20999908447266,81.5199966430664,82.1500015258789,2637
2026-04-17 17:30:00+00:00,81.56999969482422,81.83499908447266,81.53500366210938,81.6449966430664,508
2026-04-17 17:45:00+00:00,81.96499633789062,81.96499633789062,81.56999969482422,81.56999969482422,444
2026-04-17 18:00:00+00:00,81.83499908447266,82.07499694824219,81.80500030517578,81.97000122070312,321
2026-04-17 18:15:00+00:00,81.95500183105469,82.23500061035156,81.83499908447266,81.8499984741211,299
2026-04-17 18:30:00+00:00,81.90499877929688,82.06500244140625,81.83999633789062,81.97000122070312,270
2026-04-17 18:45:00+00:00,81.66000366210938,81.94499969482422,81.61000061035156,81.93000030517578,284
2026-04-17 19:00:00+00:00,81.58000183105469,81.68499755859375,81.42500305175781,81.68499755859375,432
2026-04-17 19:15:00+00:00,81.3949966430664,81.6500015258789,81.26499938964844,81.55999755859375,492
2026-04-17 19:30:00+00:00,81.57499694824219,81.65499877929688,81.37999725341797,81.3949966430664,270
2026-04-17 19:45:00+00:00,81.49500274658203,81.5999984741211,81.37000274658203,81.58999633789062,299
2026-04-17 20:00:00+00:00,81.30500030517578,81.5250015258789,81.22000122070312,81.48500061035156,217
2026-04-17 20:15:00+00:00,81.2699966430664,81.36499786376953,81.23500061035156,81.30999755859375,143
2026-04-17 20:30:00+00:00,81.15499877929688,81.31500244140625,81.125,81.26499938964844,212
2026-04-17 20:45:00+00:00,81.84200286865234,81.84200286865234,80.86000061035156,81.13999938964844,340
2026-04-19 22:00:00+00:00,79.67500305175781,79.87000274658203,79.51000213623047,79.76499938964844,88
2026-04-19 22:15:00+00:00,79.66000366210938,79.83499908447266,79.6449966430664,79.6449966430664,375
2026-04-19 22:30:00+00:00,79.68000030517578,79.8550033569336,79.63500213623047,79.70999908447266,223
2026-04-19 22:45:00+00:00,79.66999816894531,79.88500213623047,79.6449966430664,79.66500091552734,199
2026-04-19 23:00:00+00:00,79.49500274658203,79.74500274658203,79.45999908447266,79.62000274658203,279
2026-04-19 23:15:00+00:00,79.375,79.5250015258789,79.30000305175781,79.48999786376953,173
2026-04-19 23:30:00+00:00,78.93499755859375,79.4749984741211,78.71499633789062,79.34500122070312,505
2026-04-19 23:45:00+00:00,79.08000183105469,79.18000030517578,78.76000213623047,78.94000244140625,386
2026-04-20 00:00:00+00:00,79.30000305175781,79.34500122070312,78.7699966430664,79.07499694824219,383
2026-04-20 00:15:00+00:00,79.51000213623047,79.55500030517578,79.24500274658203,79.26000213623047,492
2026-04-20 00:30:00+00:00,79.54000091552734,79.69000244140625,79.43499755859375,79.51000213623047,205
2026-04-20 00:45:00+00:00,79.93499755859375,79.96499633789062,79.3550033569336,79.48500061035156,452
2026-04-20 01:00:00+00:00,80.05500030517578,80.31999969482422,79.82499694824219,79.91500091552734,1265
2026-04-20 01:15:00+00:00,80.21499633789062,80.21499633789062,79.83499908447266,80.08499908447266,606
2026-04-20 01:30:00+00:00,80.38999938964844,80.41500091552734,80.13999938964844,80.13999938964844,720
2026-04-20 01:45:00+00:00,80.61000061035156,80.75499725341797,80.33000183105469,80.38500213623047,633
2026-04-20 02:00:00+00:00,80.44999694824219,80.7249984741211,80.41000366210938,80.62000274658203,536
2026-04-20 02:15:00+00:00,80.53500366210938,80.6500015258789,80.43000030517578,80.44499969482422,474
2026-04-20 02:30:00+00:00,80.42500305175781,80.6500015258789,80.375,80.55000305175781,431
2026-04-20 02:45:00+00:00,80.30999755859375,80.44999694824219,80.30999755859375,80.4000015258789,53
2026-04-20 09:30:00+00:00,79.41999816894531,81.84200286865234,79.25,81.84200286865234,7248
2026-04-20 09:45:00+00:00,79.31999969482422,79.49500274658203,79.31500244140625,79.40499877929688,126
2026-04-20 10:00:00+00:00,79.61499786376953,79.76499938964844,79.31500244140625,79.31999969482422,378
2026-04-20 10:15:00+00:00,79.55000305175781,79.69000244140625,79.51000213623047,79.59500122070312,151
2026-04-20 10:30:00+00:00,79.38999938964844,79.58999633789062,79.37999725341797,79.55000305175781,106
2026-04-20 10:45:00+00:00,79.33999633789062,81.84200286865234,79.30999755859375,79.375,186
2026-04-20 11:00:00+00:00,79.26000213623047,79.41000366210938,79.1449966430664,79.33999633789062,565
2026-04-20 11:15:00+00:00,79.33999633789062,79.36499786376953,79.21499633789062,79.26499938964844,212
2026-04-20 11:30:00+00:00,79.43000030517578,79.4749984741211,79.27999877929688,79.3550033569336,99
2026-04-20 11:45:00+00:00,79.86000061035156,81.84200286865234,79.51499938964844,81.84200286865234,611
2026-04-20 12:00:00+00:00,79.84500122070312,79.91999816894531,79.69999694824219,79.87999725341797,494
2026-04-20 12:15:00+00:00,79.56500244140625,80.0250015258789,79.5250015258789,79.84500122070312,608
2026-04-20 12:30:00+00:00,79.61000061035156,79.70999908447266,79.4800033569336,79.56500244140625,606
2026-04-20 12:45:00+00:00,79.69499969482422,79.7300033569336,79.53500366210938,79.6050033569336,415
2026-04-20 13:00:00+00:00,80.11499786376953,80.31999969482422,79.6449966430664,79.69499969482422,2081
2026-04-20 13:15:00+00:00,80.3949966430664,80.41999816894531,80.05000305175781,80.13999938964844,950
2026-04-20 13:30:00+00:00,80.3949966430664,80.5250015258789,80.2249984741211,80.41999816894531,1220
2026-04-20 13:45:00+00:00,80.32499694824219,80.48500061035156,80.26499938964844,80.375,844
2026-04-20 14:00:00+00:00,80.13999938964844,80.36000061035156,79.8550033569336,80.3550033569336,1160
2026-04-20 14:15:00+00:00,80.33499908447266,80.44499969482422,79.94499969482422,80.125,995
2026-04-20 14:30:00+00:00,80.16000366210938,80.45500183105469,79.94499969482422,80.33000183105469,696
2026-04-20 14:45:00+00:00,79.7699966430664,80.16999816894531,79.45500183105469,80.12999725341797,1262
2026-04-20 15:00:00+00:00,79.66500091552734,79.91000366210938,79.53500366210938,79.84500122070312,712
2026-04-20 15:15:00+00:00,79.97000122070312,80.0250015258789,79.50499725341797,79.62999725341797,943
2026-04-20 15:30:00+00:00,79.80999755859375,80.0,79.75,79.97000122070312,409
2026-04-20 15:45:00+00:00,79.91999816894531,79.95999908447266,79.7249984741211,79.76000213623047,309
2026-04-20 16:00:00+00:00,79.93499755859375,79.94499969482422,79.73500061035156,79.90499877929688,340
2026-04-20 16:15:00+00:00,79.98999786376953,80.03500366210938,79.81500244140625,79.92500305175781,361
2026-04-20 16:30:00+00:00,79.91999816894531,80.0250015258789,79.80000305175781,80.01000213623047,468
2026-04-20 16:45:00+00:00,79.9749984741211,80.04499816894531,79.8949966430664,79.90499877929688,381
2026-04-20 17:00:00+00:00,80.06999969482422,80.12000274658203,79.94000244140625,79.9749984741211,480
2026-04-20 17:15:00+00:00,79.86499786376953,80.19000244140625,79.81999969482422,80.07499694824219,1502
2026-04-20 17:30:00+00:00,79.83999633789062,79.94999694824219,79.71499633789062,79.84500122070312,892
2026-04-20 17:45:00+00:00,79.7300033569336,79.86499786376953,79.66500091552734,79.83999633789062,408
2026-04-20 18:00:00+00:00,79.96499633789062,79.96499633789062,79.75499725341797,79.75499725341797,361
2026-04-20 18:15:00+00:00,79.93499755859375,80.04000091552734,79.875,79.97000122070312,216
2026-04-20 18:30:00+00:00,80.0199966430664,80.05000305175781,79.87000274658203,79.92500305175781,217
2026-04-20 18:45:00+00:00,79.96499633789062,80.0999984741211,79.94999694824219,80.0199966430664,144
2026-04-20 19:00:00+00:00,80.16500091552734,80.18499755859375,79.9749984741211,80.01000213623047,202
2026-04-20 19:15:00+00:00,79.96499633789062,80.13500213623047,79.96499633789062,80.13500213623047,128
2026-04-20 19:30:00+00:00,79.81999969482422,79.97000122070312,79.73500061035156,79.95500183105469,276
2026-04-20 19:45:00+00:00,79.87999725341797,79.94999694824219,79.80500030517578,79.80500030517578,278
2026-04-20 20:00:00+00:00,79.79499816894531,79.88999938964844,79.75,79.875,100
2026-04-20 20:15:00+00:00,79.86000061035156,79.8949966430664,79.77999877929688,79.79499816894531,107
2026-04-20 20:30:00+00:00,79.8550033569336,79.87000274658203,79.76499938964844,79.8499984741211,152
2026-04-20 20:45:00+00:00,79.87000274658203,79.93499755859375,79.80999755859375,79.83999633789062,165
2026-04-20 22:00:00+00:00,80.16999816894531,80.19999694824219,79.77999877929688,79.84500122070312,133
2026-04-20 22:15:00+00:00,80.18000030517578,80.37999725341797,80.1500015258789,80.1500015258789,315
2026-04-20 22:30:00+00:00,80.22000122070312,80.22000122070312,80.07499694824219,80.16500091552734,94
2026-04-20 22:45:00+00:00,80.21499633789062,80.24500274658203,80.15499877929688,80.23999786376953,38
2026-04-20 23:00:00+00:00,80.08000183105469,80.26499938964844,79.98500061035156,80.19999694824219,136
2026-04-20 23:15:00+00:00,80.1500015258789,80.1500015258789,80.01000213623047,80.04000091552734,53
2026-04-20 23:30:00+00:00,80.05000305175781,80.11000061035156,80.05000305175781,80.11000061035156,8
2026-04-20 23:45:00+00:00,80.0199966430664,80.05000305175781,79.94499969482422,80.01000213623047,68
2026-04-21 00:00:00+00:00,80.0199966430664,80.1500015258789,79.95500183105469,79.99500274658203,131
2026-04-21 00:15:00+00:00,79.70500183105469,80.08499908447266,79.69499969482422,80.0,183
2026-04-21 00:30:00+00:00,79.88999938964844,79.88999938964844,79.57499694824219,79.7249984741211,158
2026-04-21 00:45:00+00:00,80.0,80.0250015258789,79.82499694824219,79.8949966430664,157
2026-04-21 01:00:00+00:00,79.5250015258789,80.06999969482422,79.46499633789062,80.0,488
2026-04-21 01:15:00+00:00,79.76499938964844,79.76499938964844,79.4800033569336,79.50499725341797,233
2026-04-21 01:30:00+00:00,79.5,79.82499694824219,79.25499725341797,79.74500274658203,395
2026-04-21 01:45:00+00:00,79.48999786376953,79.48999786376953,79.16500091552734,79.4800033569336,245
2026-04-21 02:00:00+00:00,79.42500305175781,79.54000091552734,79.4000015258789,79.47000122070312,153
2026-04-21 02:15:00+00:00,79.49500274658203,79.5199966430664,79.33999633789062,79.44000244140625,105
2026-04-21 02:30:00+00:00,79.41000366210938,79.5199966430664,79.22000122070312,79.48500061035156,219
2026-04-21 02:45:00+00:00,79.30999755859375,79.38500213623047,79.07499694824219,79.38500213623047,227
2026-04-21 03:00:00+00:00,78.98500061035156,79.32499694824219,78.90499877929688,79.31999969482422,278
2026-04-21 03:15:00+00:00,78.93499755859375,79.0199966430664,78.58999633789062,78.9800033569336,680
2026-04-21 03:30:00+00:00,78.97000122070312,79.05500030517578,78.83999633789062,78.95999908447266,174
2026-04-21 03:45:00+00:00,78.95500183105469,79.04499816894531,78.91999816894531,78.9800033569336,66
2026-04-21 04:00:00+00:00,78.98999786376953,79.05500030517578,78.95500183105469,78.9800033569336,76
2026-04-21 04:15:00+00:00,78.95999908447266,79.0199966430664,78.91000366210938,78.95500183105469,96
2026-04-21 04:30:00+00:00,78.96499633789062,79.00499725341797,78.8550033569336,78.92500305175781,94
2026-04-21 04:45:00+00:00,78.94999694824219,78.9800033569336,78.86499786376953,78.97000122070312,81
2026-04-21 05:00:00+00:00,79.09500122070312,79.16000366210938,78.88500213623047,78.91999816894531,186
2026-04-21 05:15:00+00:00,79.08999633789062,79.16999816894531,79.05500030517578,79.12000274658203,101
2026-04-21 05:30:00+00:00,79.34500122070312,79.36499786376953,79.06500244140625,79.08000183105469,175
2026-04-21 05:45:00+00:00,78.93000030517578,79.33999633789062,78.9000015258789,79.31500244140625,316
2026-04-21 06:00:00+00:00,78.91999816894531,79.04000091552734,78.7300033569336,78.9000015258789,286
2026-04-21 06:15:00+00:00,78.7750015258789,78.8949966430664,78.70999908447266,78.88999938964844,159
2026-04-21 06:30:00+00:00,79.0250015258789,80.03800201416016,78.875,80.03800201416016,201
2026-04-21 06:45:00+00:00,78.94499969482422,79.125,78.92500305175781,79.0,171
2026-04-21 07:00:00+00:00,78.94499969482422,79.0199966430664,78.6500015258789,78.92500305175781,297
2026-04-21 07:15:00+00:00,79.00499725341797,79.06999969482422,78.95999908447266,78.98999786376953,211
2026-04-21 07:30:00+00:00,79.17500305175781,79.20500183105469,78.9749984741211,79.01000213623047,212
2026-04-21 07:45:00+00:00,79.08000183105469,79.3949966430664,79.06999969482422,79.1500015258789,264
2026-04-21 08:00:00+00:00,78.66000366210938,79.13500213623047,78.56500244140625,79.06999969482422,406
2026-04-21 08:15:00+00:00,79.04499816894531,79.07499694824219,78.66500091552734,78.69000244140625,149
2026-04-21 08:30:00+00:00,79.15499877929688,79.17500305175781,78.94999694824219,79.04499816894531,107
2026-04-21 08:45:00+00:00,78.91999816894531,79.1500015258789,78.91999816894531,79.1500015258789,586
2026-04-21 09:00:00+00:00,78.83000183105469,78.94000244140625,78.69999694824219,78.91000366210938,540
2026-04-21 09:15:00+00:00,78.88999938964844,78.99500274658203,78.80500030517578,78.80999755859375,100
2026-04-21 09:30:00+00:00,78.94999694824219,78.97000122070312,78.88999938964844,78.88999938964844,113
2026-04-21 09:45:00+00:00,79.00499725341797,79.06500244140625,78.9000015258789,78.96499633789062,135
2026-04-21 10:00:00+00:00,79.01000213623047,79.0999984741211,78.98500061035156,78.98500061035156,79
2026-04-21 10:15:00+00:00,78.95500183105469,79.05999755859375,78.93000030517578,79.0250015258789,89
2026-04-21 10:30:00+00:00,79.04499816894531,79.0999984741211,78.97000122070312,78.97000122070312,93
2026-04-21 10:45:00+00:00,79.08000183105469,79.1449966430664,79.0199966430664,79.04000091552734,54
2026-04-21 11:00:00+00:00,78.73500061035156,79.09500122070312,78.625,79.09500122070312,583
2026-04-21 11:15:00+00:00,78.8550033569336,78.87000274658203,78.73500061035156,78.7750015258789,109
2026-04-21 11:30:00+00:00,79.17500305175781,79.23999786376953,78.86499786376953,78.86499786376953,272
2026-04-21 11:45:00+00:00,79.26000213623047,79.36499786376953,79.125,79.17500305175781,351
2026-04-21 12:00:00+00:00,79.16000366210938,79.31500244140625,79.1500015258789,79.2699966430664,426
2026-04-21 12:15:00+00:00,78.83999633789062,79.16999816894531,78.73999786376953,79.16500091552734,554
2026-04-21 12:30:00+00:00,78.61000061035156,79.0250015258789,78.4000015258789,78.84500122070312,1419
2026-04-21 12:45:00+00:00,78.83000183105469,78.99500274658203,78.58499908447266,78.63500213623047,1094
2026-04-21 13:00:00+00:00,78.22000122070312,78.94000244140625,78.16999816894531,78.83999633789062,1855
2026-04-21 13:15:00+00:00,78.50499725341797,78.5199966430664,78.18000030517578,78.2699966430664,1207
2026-04-21 13:30:00+00:00,78.91500091552734,79.11000061035156,78.45999908447266,78.4749984741211,1684
2026-04-21 13:45:00+00:00,78.80500030517578,79.06999969482422,78.7750015258789,78.9000015258789,748
2026-04-21 14:00:00+00:00,78.78500366210938,78.94499969482422,78.68000030517578,78.80500030517578,858
2026-04-21 14:15:00+00:00,78.53500366210938,78.80000305175781,78.40499877929688,78.79499816894531,1018
2026-04-21 14:30:00+00:00,77.67500305175781,78.57499694824219,77.55000305175781,78.52999877929688,2533
2026-04-21 14:45:00+00:00,76.88500213623047,77.75499725341797,76.76499938964844,77.69499969482422,4350
2026-04-21 15:00:00+00:00,77.20999908447266,77.2750015258789,76.69999694824219,76.94999694824219,2409
2026-04-21 15:15:00+00:00,77.0199966430664,77.45500183105469,76.9800033569336,77.18499755859375,1149
2026-04-21 15:30:00+00:00,77.04000091552734,77.08499908447266,76.78500366210938,77.04000091552734,787
2026-04-21 15:45:00+00:00,77.00499725341797,77.1500015258789,76.91000366210938,77.03500366210938,731
2026-04-21 16:00:00+00:00,76.83499908447266,77.30500030517578,76.7249984741211,77.08000183105469,1068
2026-04-21 16:15:00+00:00,76.5,76.96499633789062,76.37999725341797,76.8499984741211,1275
2026-04-21 16:30:00+00:00,76.68000030517578,76.83999633789062,76.51000213623047,76.51000213623047,1036
2026-04-21 16:45:00+00:00,76.36000061035156,76.79000091552734,76.08499908447266,76.69499969482422,1212
2026-04-21 17:00:00+00:00,76.31500244140625,76.56999969482422,76.19499969482422,76.3550033569336,1521
2026-04-21 17:15:00+00:00,76.38500213623047,76.61499786376953,76.23500061035156,76.33000183105469,2143
2026-04-21 17:30:00+00:00,76.90499877929688,76.98500061035156,76.375,76.38500213623047,1004
2026-04-21 17:45:00+00:00,76.78500366210938,76.9000015258789,76.62999725341797,76.88500213623047,307
2026-04-21 18:00:00+00:00,76.6500015258789,76.86000061035156,76.56999969482422,76.79000091552734,486
2026-04-21 18:15:00+00:00,76.54000091552734,76.68499755859375,76.41000366210938,76.68499755859375,442
2026-04-21 18:30:00+00:00,76.58499908447266,76.6500015258789,76.53500366210938,76.54000091552734,308
2026-04-21 18:45:00+00:00,76.81999969482422,76.91000366210938,76.44000244140625,76.58000183105469,547
2026-04-21 19:00:00+00:00,76.7750015258789,76.95999908447266,76.68499755859375,76.82499694824219,365
2026-04-21 19:15:00+00:00,77.07499694824219,77.07499694824219,76.71499633789062,76.79499816894531,747
2026-04-21 19:30:00+00:00,75.625,77.12000274658203,75.53500366210938,77.08000183105469,1997
2026-04-21 19:45:00+00:00,75.74500274658203,76.0,75.55000305175781,75.6500015258789,1135
2026-04-21 20:00:00+00:00,76.23500061035156,76.5199966430664,75.37999725341797,75.73500061035156,1277
2026-04-21 20:15:00+00:00,76.5250015258789,76.62999725341797,76.19000244140625,76.32499694824219,582
2026-04-21 20:30:00+00:00,76.58000183105469,76.69999694824219,76.55000305175781,76.55500030517578,123
2026-04-21 20:45:00+00:00,76.66500091552734,76.83499908447266,76.5250015258789,76.61000061035156,242
2026-04-21 22:00:00+00:00,76.88999938964844,77.06999969482422,76.61499786376953,76.83999633789062,114
2026-04-21 22:15:00+00:00,76.9000015258789,76.94499969482422,76.82499694824219,76.8949966430664,96
2026-04-21 22:30:00+00:00,76.76000213623047,76.94499969482422,76.69499969482422,76.92500305175781,71
2026-04-21 22:45:00+00:00,76.76499938964844,76.83999633789062,76.71499633789062,76.76000213623047,74
2026-04-21 23:00:00+00:00,77.03500366210938,77.11499786376953,76.76000213623047,76.76000213623047,118
2026-04-21 23:15:00+00:00,77.19999694824219,77.32499694824219,77.01499938964844,77.0250015258789,448
2026-04-21 23:30:00+00:00,77.18499755859375,77.2249984741211,77.11000061035156,77.19499969482422,66
2026-04-21 23:45:00+00:00,77.31500244140625,77.38999938964844,77.22000122070312,77.22000122070312,181
2026-04-22 00:00:00+00:00,77.44000244140625,77.52999877929688,77.33000183105469,77.34500122070312,457
2026-04-22 00:15:00+00:00,77.55000305175781,77.55500030517578,77.3499984741211,77.4000015258789,288
2026-04-22 00:30:00+00:00,77.45999908447266,77.69499969482422,77.44499969482422,77.53500366210938,146
2026-04-22 00:45:00+00:00,77.43000030517578,77.51000213623047,77.33999633789062,77.47000122070312,193
2026-04-22 01:00:00+00:00,77.44499969482422,77.66999816894531,77.33999633789062,77.43000030517578,345
2026-04-22 01:15:00+00:00,77.6449966430664,77.82499694824219,77.41000366210938,77.41000366210938,262
2026-04-22 01:30:00+00:00,77.69000244140625,77.8949966430664,77.66500091552734,77.66500091552734,241
2026-04-22 01:45:00+00:00,77.56500244140625,77.7249984741211,77.55000305175781,77.65499877929688,475
2026-04-22 02:00:00+00:00,77.83999633789062,77.93000030517578,77.52999877929688,77.59500122070312,533
2026-04-22 02:15:00+00:00,77.79000091552734,77.92500305175781,77.76499938964844,77.8550033569336,67
2026-04-22 02:30:00+00:00,77.68499755859375,77.88500213623047,77.63500213623047,77.83999633789062,217
2026-04-22 02:45:00+00:00,77.84500122070312,77.86499786376953,77.68499755859375,77.68499755859375,97
2026-04-22 03:00:00+00:00,78.0999984741211,78.1050033569336,77.76000213623047,77.7699966430664,411
2026-04-22 03:15:00+00:00,78.16999816894531,78.18499755859375,78.0199966430664,78.06500244140625,328
2026-04-22 03:30:00+00:00,78.06999969482422,78.23999786376953,78.00499725341797,78.16500091552734,166
2026-04-22 03:45:00+00:00,78.08499908447266,78.12000274658203,77.99500274658203,78.09500122070312,46
2026-04-22 04:00:00+00:00,78.0,78.08499908447266,77.93499755859375,78.0199966430664,134
2026-04-22 04:15:00+00:00,77.93000030517578,77.9800033569336,77.9000015258789,77.94499969482422,96
2026-04-22 04:30:00+00:00,77.86499786376953,77.94999694824219,77.83999633789062,77.93000030517578,122
2026-04-22 04:45:00+00:00,77.97000122070312,77.99500274658203,77.80500030517578,77.8499984741211,173
2026-04-22 05:00:00+00:00,78.08499908447266,78.12000274658203,77.91999816894531,77.95500183105469,138
2026-04-22 05:15:00+00:00,78.37999725341797,78.6050033569336,78.08000183105469,78.08000183105469,650
2026-04-22 05:30:00+00:00,78.54499816894531,78.62999725341797,78.2750015258789,78.37999725341797,364
2026-04-22 05:45:00+00:00,78.47000122070312,78.59500122070312,78.43499755859375,78.5199966430664,151
2026-04-22 06:00:00+00:00,78.3550033569336,78.45500183105469,78.2249984741211,78.44999694824219,245
2026-04-22 06:15:00+00:00,78.55000305175781,78.55500030517578,78.28500366210938,78.37000274658203,187
2026-04-22 06:30:00+00:00,78.45999908447266,78.55999755859375,78.41999816894531,78.54499816894531,133
2026-04-22 06:45:00+00:00,78.54499816894531,78.55500030517578,78.44499969482422,78.44499969482422,148
2026-04-22 07:00:00+00:00,78.4800033569336,78.59500122070312,78.45500183105469,78.52999877929688,117
2026-04-22 07:15:00+00:00,78.51000213623047,78.53500366210938,78.33000183105469,78.46499633789062,681
2026-04-22 07:30:00+00:00,78.41999816894531,78.4749984741211,78.33999633789062,78.47000122070312,137
2026-04-22 07:45:00+00:00,78.30000305175781,78.44499969482422,78.29000091552734,78.44000244140625,217
2026-04-22 08:00:00+00:00,78.20999908447266,78.33000183105469,78.1500015258789,78.30500030517578,286
2026-04-22 08:15:00+00:00,78.04000091552734,78.23500061035156,78.01499938964844,78.19999694824219,353
2026-04-22 08:30:00+00:00,78.07499694824219,78.17500305175781,77.9749984741211,78.04000091552734,495
2026-04-22 08:45:00+00:00,78.15499877929688,78.16000366210938,77.9800033569336,78.08999633789062,153
2026-04-22 09:00:00+00:00,78.20999908447266,78.30000305175781,78.11000061035156,78.13500213623047,304
2026-04-22 09:15:00+00:00,78.125,78.26499938964844,78.125,78.23500061035156,204
2026-04-22 09:30:00+00:00,78.11000061035156,78.19999694824219,78.01000213623047,78.0999984741211,180
2026-04-22 09:45:00+00:00,77.94000244140625,78.12000274658203,77.87999725341797,78.12000274658203,244
2026-04-22 10:00:00+00:00,77.79000091552734,78.0250015258789,77.69499969482422,77.9800033569336,358
2026-04-22 10:15:00+00:00,77.94499969482422,77.95500183105469,77.7699966430664,77.77999877929688,355
2026-04-22 10:30:00+00:00,77.9800033569336,78.13500213623047,77.94499969482422,77.97000122070312,227
2026-04-22 10:45:00+00:00,78.08000183105469,78.08000183105469,77.94999694824219,77.98500061035156,157
2026-04-22 11:00:00+00:00,78.04000091552734,78.1449966430664,78.0,78.08499908447266,200
2026-04-22 11:15:00+00:00,78.1449966430664,78.20999908447266,78.04499816894531,78.08499908447266,176
2026-04-22 11:30:00+00:00,77.9749984741211,78.24500274658203,77.97000122070312,78.19000244140625,191
2026-04-22 11:45:00+00:00,78.06500244140625,78.18499755859375,78.0,78.0,228
2026-04-22 12:00:00+00:00,78.16999816894531,78.31999969482422,78.08499908447266,78.08499908447266,593
2026-04-22 12:15:00+00:00,77.99500274658203,78.22000122070312,77.95500183105469,78.13500213623047,469
2026-04-22 12:30:00+00:00,77.73500061035156,78.0250015258789,77.70500183105469,77.98999786376953,614
2026-04-22 12:45:00+00:00,77.72000122070312,77.79000091552734,77.59500122070312,77.7300033569336,590
2026-04-22 13:00:00+00:00,77.73999786376953,77.94499969482422,77.56500244140625,77.70999908447266,1078
2026-04-22 13:15:00+00:00,78.0199966430664,78.02999877929688,77.41999816894531,77.75,1307
2026-04-22 13:30:00+00:00,78.125,78.125,77.7699966430664,78.02999877929688,845
2026-04-22 13:45:00+00:00,78.21499633789062,78.33999633789062,78.08499908447266,78.0999984741211,1136
2026-04-22 14:00:00+00:00,78.26499938964844,78.38999938964844,78.07499694824219,78.19999694824219,702
2026-04-22 14:15:00+00:00,78.13500213623047,78.47000122070312,78.13500213623047,78.26499938964844,811
2026-04-22 14:30:00+00:00,77.79000091552734,78.16500091552734,77.74500274658203,78.16000366210938,1004
2026-04-22 14:45:00+00:00,77.83000183105469,77.99500274658203,77.74500274658203,77.78500366210938,662
2026-04-22 15:00:00+00:00,78.12000274658203,78.18499755859375,77.81999969482422,77.8550033569336,640
2026-04-22 15:15:00+00:00,78.0250015258789,78.1050033569336,77.88500213623047,78.1050033569336,504
2026-04-22 15:30:00+00:00,77.73999786376953,78.06999969482422,77.70999908447266,78.00499725341797,696
2026-04-22 15:45:00+00:00,77.8499984741211,77.94000244140625,77.73999786376953,77.74500274658203,516
2026-04-22 16:00:00+00:00,77.96499633789062,78.00499725341797,77.80999755859375,77.86000061035156,355
2026-04-22 16:15:00+00:00,77.80999755859375,77.94499969482422,77.78500366210938,77.94499969482422,278
2026-04-22 16:30:00+00:00,77.76000213623047,77.875,77.6449966430664,77.79000091552734,507
2026-04-22 16:45:00+00:00,77.69499969482422,77.7750015258789,77.58499908447266,77.74500274658203,524
2026-04-22 17:00:00+00:00,77.9800033569336,78.08999633789062,77.69000244140625,77.69000244140625,1033
2026-04-22 17:15:00+00:00,77.86499786376953,78.06999969482422,77.80999755859375,77.9749984741211,1696
2026-04-22 17:30:00+00:00,77.8550033569336,77.9000015258789,77.77999877929688,77.86499786376953,332
2026-04-22 17:45:00+00:00,77.91999816894531,77.95999908447266,77.80000305175781,77.87000274658203,159
2026-04-22 18:00:00+00:00,77.91000366210938,77.96499633789062,77.8550033569336,77.88500213623047,111
2026-04-22 18:15:00+00:00,77.75499725341797,77.9000015258789,77.7249984741211,77.8949966430664,151
2026-04-22 18:30:00+00:00,77.87999725341797,77.9000015258789,77.72000122070312,77.75,135
2026-04-22 18:45:00+00:00,77.90499877929688,78.03500366210938,77.86000061035156,77.87999725341797,274
2026-04-22 19:00:00+00:00,77.70999908447266,77.83999633789062,77.70500183105469,77.83999633789062,121
2026-04-22 19:15:00+00:00,77.77999877929688,77.80999755859375,77.66999816894531,77.7300033569336,146
2026-04-22 19:30:00+00:00,77.7249984741211,77.80500030517578,77.66000366210938,77.75,103
2026-04-22 19:45:00+00:00,77.77999877929688,77.83000183105469,77.66000366210938,77.73500061035156,198
2026-04-22 20:00:00+00:00,77.66999816894531,77.80999755859375,77.6500015258789,77.76499938964844,84
2026-04-22 20:15:00+00:00,77.6449966430664,77.69999694824219,77.57499694824219,77.6500015258789,98
2026-04-22 20:30:00+00:00,77.69000244140625,77.73500061035156,77.625,77.66500091552734,83
2026-04-22 20:45:00+00:00,77.68499755859375,77.7699966430664,77.68499755859375,77.69499969482422,89
2026-04-22 22:00:00+00:00,77.58000183105469,77.8949966430664,77.55999755859375,77.83999633789062,51
2026-04-22 22:15:00+00:00,77.58499908447266,77.69499969482422,77.58499908447266,77.6050033569336,150
2026-04-22 22:30:00+00:00,77.55000305175781,77.63999938964844,77.51499938964844,77.58499908447266,26
2026-04-22 22:45:00+00:00,77.4800033569336,77.61000061035156,77.41500091552734,77.54499816894531,79
2026-04-22 23:00:00+00:00,77.50499725341797,77.58000183105469,77.44999694824219,77.48999786376953,99
2026-04-22 23:15:00+00:00,77.48999786376953,77.59500122070312,77.44999694824219,77.51499938964844,81
2026-04-22 23:30:00+00:00,77.44999694824219,77.4749984741211,77.38999938964844,77.4749984741211,43
2026-04-22 23:45:00+00:00,77.5250015258789,77.55000305175781,77.44499969482422,77.44999694824219,52
2026-04-23 00:00:00+00:00,76.58000183105469,77.55500030517578,76.58000183105469,77.53500366210938,751
2026-04-23 00:15:00+00:00,77.80999755859375,77.80999755859375,76.375,76.6050033569336,1457
2026-04-23 00:30:00+00:00,78.09500122070312,78.33000183105469,77.79000091552734,77.79000091552734,931
2026-04-23 00:45:00+00:00,78.20999908447266,78.40499877929688,78.05999755859375,78.06500244140625,269
2026-04-23 01:00:00+00:00,77.98500061035156,78.3499984741211,77.93499755859375,78.20500183105469,451
2026-04-23 01:15:00+00:00,77.5,78.0,77.49500274658203,77.95999908447266,563
2026-04-23 01:30:00+00:00,77.66999816894531,77.73500061035156,77.41500091552734,77.48500061035156,287
2026-04-23 01:45:00+00:00,77.04000091552734,77.7699966430664,77.0,77.69499969482422,539
2026-04-23 02:00:00+00:00,76.74500274658203,77.03500366210938,76.625,77.02999877929688,597
2026-04-23 02:15:00+00:00,76.86499786376953,77.04499816894531,76.6500015258789,76.69999694824219,215
2026-04-23 02:30:00+00:00,76.16500091552734,76.92500305175781,76.06500244140625,76.8550033569336,1137
2026-04-23 02:45:00+00:00,75.7699966430664,76.29499816894531,75.75,76.17500305175781,919
2026-04-23 03:00:00+00:00,75.81999969482422,76.12000274658203,75.65499877929688,75.7699966430664,508
2026-04-23 03:15:00+00:00,75.70999908447266,75.95500183105469,75.5999984741211,75.81500244140625,466
2026-04-23 03:30:00+00:00,76.1449966430664,76.30000305175781,75.74500274658203,75.75,642
2026-04-23 03:45:00+00:00,76.06999969482422,76.18499755859375,75.97000122070312,76.11000061035156,171
2026-04-23 04:00:00+00:00,76.20500183105469,76.25,76.01000213623047,76.06999969482422,186
2026-04-23 04:15:00+00:00,76.1050033569336,76.22000122070312,76.03500366210938,76.21499633789062,192
2026-04-23 04:30:00+00:00,76.01000213623047,76.16000366210938,76.01000213623047,76.08000183105469,111
2026-04-23 04:45:00+00:00,76.16000366210938,76.16999816894531,75.92500305175781,75.99500274658203,174
2026-04-23 05:00:00+00:00,76.20500183105469,76.30000305175781,76.125,76.16000366210938,260
2026-04-23 05:15:00+00:00,76.03500366210938,76.20999908447266,76.00499725341797,76.20999908447266,133
2026-04-23 05:30:00+00:00,75.875,76.08000183105469,75.54000091552734,76.03500366210938,671
2026-04-23 05:45:00+00:00,76.19999694824219,76.26000213623047,75.87999725341797,75.88999938964844,331
2026-04-23 06:00:00+00:00,75.9749984741211,76.26499938964844,75.90499877929688,76.2249984741211,512
2026-04-23 06:15:00+00:00,76.01000213623047,76.06500244140625,75.75499725341797,75.9749984741211,856
2026-04-23 06:30:00+00:00,76.05999755859375,76.0999984741211,75.90499877929688,76.01499938964844,318
2026-04-23 06:45:00+00:00,76.08499908447266,76.2300033569336,76.01499938964844,76.01499938964844,236
2026-04-23 07:00:00+00:00,75.96499633789062,76.1050033569336,75.90499877929688,76.08499908447266,411
2026-04-23 07:15:00+00:00,75.80000305175781,76.05999755859375,75.7699966430664,75.95500183105469,212
2026-04-23 07:30:00+00:00,76.03500366210938,76.05000305175781,75.70999908447266,75.77999877929688,552
2026-04-23 07:45:00+00:00,76.16999816894531,76.33499908447266,76.06999969482422,76.08999633789062,409
2026-04-23 08:00:00+00:00,76.11499786376953,76.2699966430664,76.05000305175781,76.21499633789062,354
2026-04-23 08:15:00+00:00,75.9749984741211,76.16999816894531,75.95999908447266,76.11499786376953,191
2026-04-23 08:30:00+00:00,75.58499908447266,76.0,75.58499908447266,76.0,389
2026-04-23 08:45:00+00:00,75.61499786376953,75.71499633789062,75.44000244140625,75.59500122070312,542
2026-04-23 09:00:00+00:00,75.17500305175781,75.6050033569336,75.07499694824219,75.58499908447266,1054
2026-04-23 09:15:00+00:00,75.5,75.54499816894531,75.1050033569336,75.16500091552734,565
2026-04-23 09:30:00+00:00,75.51499938964844,75.5999984741211,75.44999694824219,75.49500274658203,285
2026-04-23 09:45:00+00:00,75.40499877929688,75.55500030517578,75.30999755859375,75.55500030517578,385
2026-04-23 10:00:00+00:00,74.94499969482422,75.4749984741211,74.87000274658203,75.40499877929688,485
2026-04-23 10:15:00+00:00,74.29000091552734,75.05000305175781,74.29000091552734,74.95999908447266,1674
2026-04-23 10:30:00+00:00,74.47000122070312,74.52999877929688,74.2300033569336,74.30000305175781,1299
2026-04-23 10:45:00+00:00,74.58499908447266,74.5999984741211,74.30500030517578,74.46499633789062,598
2026-04-23 11:00:00+00:00,74.55000305175781,74.72000122070312,74.48999786376953,74.5999984741211,638
2026-04-23 11:15:00+00:00,74.6500015258789,74.79499816894531,74.5250015258789,74.54000091552734,688
2026-04-23 11:30:00+00:00,75.07499694824219,75.08000183105469,74.58999633789062,74.67500305175781,746
2026-04-23 11:45:00+00:00,75.53500366210938,75.65499877929688,75.04000091552734,75.04000091552734,780
2026-04-23 12:00:00+00:00,76.26000213623047,76.375,75.49500274658203,75.50499725341797,1582
2026-04-23 12:15:00+00:00,76.79499816894531,76.79499816894531,76.21499633789062,76.25,2001
2026-04-23 12:30:00+00:00,76.91500091552734,77.07499694824219,76.76000213623047,76.79499816894531,1704
2026-04-23 12:45:00+00:00,76.88999938964844,77.02999877929688,76.66000366210938,76.91000366210938,2117
2026-04-23 13:00:00+00:00,76.36499786376953,77.00499725341797,76.30500030517578,76.91000366210938,1995
2026-04-23 13:15:00+00:00,76.0250015258789,76.47000122070312,76.00499725341797,76.43000030517578,1451
2026-04-23 13:30:00+00:00,76.37000274658203,76.49500274658203,75.77999877929688,76.0250015258789,1827
2026-04-23 13:45:00+00:00,75.94000244140625,76.48500061035156,75.94000244140625,76.33499908447266,1098
2026-04-23 14:00:00+00:00,75.87000274658203,75.95999908447266,75.5250015258789,75.94999694824219,1377
2026-04-23 14:15:00+00:00,76.24500274658203,76.31500244140625,75.87999725341797,75.87999725341797,1100
2026-04-23 14:30:00+00:00,76.26499938964844,76.4000015258789,76.0999984741211,76.2300033569336,843
2026-04-23 14:45:00+00:00,76.21499633789062,76.37000274658203,76.125,76.28500366210938,494
2026-04-23 15:00:00+00:00,76.12999725341797,76.27999877929688,75.99500274658203,76.27999877929688,548
2026-04-23 15:15:00+00:00,76.25,76.51499938964844,76.11000061035156,76.15499877929688,836
2026-04-23 15:30:00+00:00,76.04499816894531,76.31999969482422,76.04499816894531,76.23500061035156,484
2026-04-23 15:45:00+00:00,76.05999755859375,76.11000061035156,75.79000091552734,76.04000091552734,794
2026-04-23 16:00:00+00:00,76.11499786376953,76.20500183105469,75.93000030517578,76.04499816894531,475
2026-04-23 16:15:00+00:00,76.19499969482422,76.25,76.12999725341797,76.12999725341797,519
2026-04-23 16:30:00+00:00,76.40499877929688,76.43000030517578,76.15499877929688,76.17500305175781,614
2026-04-23 16:45:00+00:00,76.37000274658203,76.5199966430664,76.31999969482422,76.42500305175781,527
2026-04-23 17:00:00+00:00,75.78500366210938,76.41500091552734,75.55999755859375,76.36499786376953,1778
2026-04-23 17:15:00+00:00,75.4749984741211,75.83000183105469,75.3499984741211,75.77999877929688,3503
2026-04-23 17:30:00+00:00,74.91500091552734,75.70999908447266,74.79000091552734,75.48500061035156,1889
2026-04-23 17:45:00+00:00,75.66000366210938,75.69499969482422,74.58499908447266,74.86000061035156,2404
2026-04-23 18:00:00+00:00,75.91000366210938,76.08499908447266,75.62000274658203,75.68000030517578,1215
2026-04-23 18:15:00+00:00,76.05500030517578,76.08000183105469,75.82499694824219,75.91500091552734,356
2026-04-23 18:30:00+00:00,75.8949966430664,76.1500015258789,75.7750015258789,76.06500244140625,312
2026-04-23 18:45:00+00:00,75.56500244140625,75.9000015258789,75.51000213623047,75.9000015258789,504
2026-04-23 19:00:00+00:00,75.65499877929688,75.7249984741211,75.43000030517578,75.56999969482422,323
2026-04-23 19:15:00+00:00,75.7750015258789,75.81500244140625,75.65499877929688,75.66500091552734,302
2026-04-23 19:30:00+00:00,75.4749984741211,75.82499694824219,75.41500091552734,75.75499725341797,266
2026-04-23 19:45:00+00:00,75.55500030517578,75.68000030517578,75.38999938964844,75.46499633789062,277
2026-04-23 20:00:00+00:00,75.3499984741211,75.59500122070312,75.3499984741211,75.54499816894531,120
2026-04-23 20:15:00+00:00,75.3949966430664,75.41000366210938,75.23500061035156,75.34500122070312,60
2026-04-23 20:30:00+00:00,75.44999694824219,75.45500183105469,75.37000274658203,75.3949966430664,95
2026-04-23 20:45:00+00:00,75.45999908447266,75.4749984741211,75.3499984741211,75.44000244140625,127
2026-04-23 22:00:00+00:00,75.67500305175781,75.80000305175781,75.4800033569336,75.55500030517578,56
2026-04-23 22:15:00+00:00,75.43499755859375,75.6449966430664,75.3550033569336,75.61499786376953,161
2026-04-23 22:30:00+00:00,75.45500183105469,75.6500015258789,75.44000244140625,75.45500183105469,92
2026-04-23 22:45:00+00:00,75.41500091552734,75.49500274658203,75.31500244140625,75.49500274658203,63
2026-04-23 23:00:00+00:00,75.33000183105469,75.48999786376953,75.2750015258789,75.42500305175781,26
2026-04-23 23:15:00+00:00,75.47000122070312,75.47000122070312,75.23999786376953,75.31500244140625,54
2026-04-23 23:30:00+00:00,75.58999633789062,75.68499755859375,75.48999786376953,75.51000213623047,60
2026-04-23 23:45:00+00:00,75.45500183105469,75.69499969482422,75.45500183105469,75.63999938964844,61
2026-04-24 00:00:00+00:00,75.53500366210938,75.7249984741211,75.41999816894531,75.58000183105469,91
2026-04-24 00:15:00+00:00,75.86499786376953,75.8949966430664,75.54000091552734,75.65499877929688,126
2026-04-24 00:30:00+00:00,75.62000274658203,75.94000244140625,75.62000274658203,75.87000274658203,57
2026-04-24 00:45:00+00:00,75.7750015258789,75.81500244140625,75.47000122070312,75.6500015258789,157
2026-04-24 01:00:00+00:00,75.75,75.88999938964844,75.30500030517578,75.7750015258789,311
2026-04-24 01:15:00+00:00,75.36499786376953,75.84500122070312,75.36499786376953,75.75,205
2026-04-24 01:30:00+00:00,75.11000061035156,75.48999786376953,75.05000305175781,75.375,411
2026-04-24 01:45:00+00:00,75.59500122070312,75.62999725341797,75.125,75.125,199
2026-04-24 02:00:00+00:00,75.36499786376953,75.5999984741211,75.23999786376953,75.5999984741211,155
2026-04-24 02:15:00+00:00,75.11499786376953,75.42500305175781,75.05000305175781,75.38500213623047,159
2026-04-24 02:30:00+00:00,75.2249984741211,75.41000366210938,75.03500366210938,75.12000274658203,206
2026-04-24 02:45:00+00:00,74.98999786376953,75.27999877929688,74.8499984741211,75.22000122070312,188
2026-04-24 03:00:00+00:00,74.67500305175781,75.11499786376953,74.66500091552734,74.98999786376953,255
2026-04-24 03:15:00+00:00,74.86499786376953,74.95500183105469,74.71499633789062,74.72000122070312,81
2026-04-24 03:30:00+00:00,74.9000015258789,75.05000305175781,74.7699966430664,74.88999938964844,115
2026-04-24 03:45:00+00:00,74.80999755859375,74.97000122070312,74.80500030517578,74.93499755859375,61
2026-04-24 04:00:00+00:00,74.86000061035156,74.94499969482422,74.66999816894531,74.7699966430664,92
2026-04-24 04:15:00+00:00,74.69499969482422,74.87000274658203,74.6449966430664,74.87000274658203,94
2026-04-24 04:30:00+00:00,74.83000183105469,74.83000183105469,74.68499755859375,74.70500183105469,207
2026-04-24 04:45:00+00:00,75.02999877929688,75.02999877929688,74.8499984741211,74.8499984741211,54
2026-04-24 05:00:00+00:00,74.9000015258789,75.07499694824219,74.80000305175781,75.0199966430664,177
2026-04-24 05:15:00+00:00,74.94499969482422,74.98999786376953,74.8499984741211,74.91999816894531,66
2026-04-24 05:30:00+00:00,74.91999816894531,75.19000244140625,74.88999938964844,74.94000244140625,211
2026-04-24 05:45:00+00:00,75.07499694824219,75.08999633789062,74.86000061035156,74.94000244140625,217
2026-04-24 06:00:00+00:00,74.94000244140625,75.0999984741211,74.86499786376953,75.08000183105469,268
2026-04-24 06:15:00+00:00,74.43000030517578,74.94000244140625,74.3499984741211,74.9000015258789,760
2026-04-24 06:30:00+00:00,74.28500366210938,74.55999755859375,74.23999786376953,74.45500183105469,516
2026-04-24 06:45:00+00:00,74.24500274658203,74.34500122070312,73.84500122070312,74.30000305175781,1798
2026-04-24 07:00:00+00:00,74.62000274658203,74.65499877929688,74.19000244140625,74.23500061035156,922
2026-04-24 07:15:00+00:00,74.6050033569336,74.69499969482422,74.52999877929688,74.625,264
2026-04-24 07:30:00+00:00,74.58999633789062,74.65499877929688,74.51000213623047,74.58999633789062,378
2026-04-24 07:45:00+00:00,74.87000274658203,74.88500213623047,74.55500030517578,74.58000183105469,426
2026-04-24 08:00:00+00:00,74.58499908447266,74.87999725341797,74.51000213623047,74.83999633789062,533
2026-04-24 08:15:00+00:00,74.65499877929688,74.94499969482422,74.58000183105469,74.58000183105469,774
2026-04-24 08:30:00+00:00,74.68499755859375,74.7249984741211,74.58000183105469,74.62999725341797,310
2026-04-24 08:45:00+00:00,74.80000305175781,74.86000061035156,74.70999908447266,74.70999908447266,426
2026-04-24 09:00:00+00:00,74.88500213623047,74.93000030517578,74.7750015258789,74.80500030517578,627
2026-04-24 09:15:00+00:00,74.77999877929688,74.91999816894531,74.63999938964844,74.87999725341797,411
2026-04-24 09:30:00+00:00,74.81999969482422,74.8949966430664,74.69999694824219,74.80000305175781,402
2026-04-24 09:45:00+00:00,74.63999938964844,74.83000183105469,74.53500366210938,74.81999969482422,180
2026-04-24 10:00:00+00:00,74.66000366210938,74.72000122070312,74.62999725341797,74.62999725341797,137
2026-04-24 10:15:00+00:00,74.81999969482422,74.86499786376953,74.66500091552734,74.69999694824219,181
2026-04-24 10:30:00+00:00,74.83999633789062,74.875,74.67500305175781,74.80000305175781,178
2026-04-24 10:45:00+00:00,74.78500366210938,74.86000061035156,74.75,74.83499908447266,181
2026-04-24 11:00:00+00:00,75.55000305175781,75.7249984741211,74.7750015258789,74.79000091552734,1407
2026-04-24 11:15:00+00:00,76.18000030517578,76.19499969482422,75.49500274658203,75.56500244140625,1550
2026-04-24 11:30:00+00:00,75.8499984741211,76.2300033569336,75.83499908447266,76.17500305175781,690
2026-04-24 11:45:00+00:00,75.94000244140625,75.95999908447266,75.76000213623047,75.83000183105469,282
2026-04-24 12:00:00+00:00,76.06500244140625,76.125,75.90499877929688,75.94999694824219,763
2026-04-24 12:15:00+00:00,76.06500244140625,76.19999694824219,75.94000244140625,76.06999969482422,868
2026-04-24 12:30:00+00:00,75.59500122070312,76.08499908447266,75.58499908447266,76.06500244140625,667
2026-04-24 12:45:00+00:00,75.55500030517578,75.70999908447266,75.43499755859375,75.57499694824219,955
2026-04-24 13:00:00+00:00,75.58499908447266,75.73999786376953,75.19000244140625,75.56999969482422,1549
2026-04-24 13:15:00+00:00,75.41500091552734,75.69499969482422,75.2750015258789,75.58999633789062,872
2026-04-24 13:30:00+00:00,75.56999969482422,75.6500015258789,75.17500305175781,75.42500305175781,871
2026-04-24 13:45:00+00:00,75.74500274658203,76.06500244140625,75.51000213623047,75.58499908447266,1029
2026-04-24 14:00:00+00:00,76.01499938964844,76.22000122070312,75.5999984741211,75.7249984741211,1584
2026-04-24 14:15:00+00:00,75.90499877929688,76.13500213623047,75.78500366210938,76.0,891
2026-04-24 14:30:00+00:00,76.04000091552734,76.13500213623047,75.82499694824219,75.91500091552734,768
2026-04-24 14:45:00+00:00,75.86499786376953,76.08000183105469,75.79499816894531,76.04000091552734,646
2026-04-24 15:00:00+00:00,75.70999908447266,75.91500091552734,75.6500015258789,75.87000274658203,600
2026-04-24 15:15:00+00:00,75.68499755859375,75.87999725341797,75.59500122070312,75.7300033569336,926
2026-04-24 15:30:00+00:00,76.07499694824219,76.13500213623047,75.62999725341797,75.67500305175781,943
2026-04-24 15:45:00+00:00,76.34500122070312,76.56500244140625,76.08999633789062,76.11499786376953,2090
2026-04-24 16:00:00+00:00,76.11499786376953,76.40499877929688,76.06999969482422,76.33499908447266,618
2026-04-24 16:15:00+00:00,76.16500091552734,76.2249984741211,76.06500244140625,76.06999969482422,382
2026-04-24 16:30:00+00:00,76.19499969482422,76.3499984741211,76.08999633789062,76.19499969482422,494
2026-04-24 16:45:00+00:00,76.375,76.3949966430664,76.13999938964844,76.22000122070312,595
2026-04-24 17:00:00+00:00,76.4800033569336,76.53500366210938,76.36499786376953,76.36499786376953,702
2026-04-24 17:15:00+00:00,76.43499755859375,76.61499786376953,76.24500274658203,76.4749984741211,2592
2026-04-24 17:30:00+00:00,76.45999908447266,76.56999969482422,76.33499908447266,76.45999908447266,352
2026-04-24 17:45:00+00:00,76.48999786376953,76.66500091552734,76.41500091552734,76.5,393
2026-04-24 18:00:00+00:00,76.48999786376953,76.52999877929688,76.36499786376953,76.49500274658203,170
2026-04-24 18:15:00+00:00,76.33000183105469,76.49500274658203,76.33000183105469,76.48999786376953,116
2026-04-24 18:30:00+00:00,76.36000061035156,76.41500091552734,76.31999969482422,76.32499694824219,93
2026-04-24 18:45:00+00:00,76.44000244140625,76.44000244140625,76.29000091552734,76.3550033569336,186
2026-04-24 19:00:00+00:00,76.40499877929688,76.52999877929688,76.38500213623047,76.44999694824219,216
2026-04-24 19:15:00+00:00,76.17500305175781,76.42500305175781,76.16000366210938,76.41500091552734,586
2026-04-24 19:30:00+00:00,76.01499938964844,76.23999786376953,76.01000213623047,76.18499755859375,516
2026-04-24 19:45:00+00:00,75.97000122070312,76.05500030517578,75.95500183105469,76.01000213623047,334
2026-04-24 20:00:00+00:00,75.81999969482422,75.96499633789062,75.78500366210938,75.94999694824219,221
2026-04-24 20:15:00+00:00,75.84500122070312,75.87999725341797,75.78500366210938,75.81999969482422,65
2026-04-24 20:30:00+00:00,75.77999877929688,75.875,75.75,75.875,49
2026-04-24 20:45:00+00:00,76.41400146484375,76.41400146484375,75.625,75.75499725341797,213
2026-04-26 22:00:00+00:00,75.2699966430664,75.2699966430664,74.94999694824219,75.19999694824219,216
2026-04-26 22:15:00+00:00,75.17500305175781,75.2699966430664,75.0,75.2699966430664,251
2026-04-26 22:30:00+00:00,75.08499908447266,75.18499755859375,74.91000366210938,75.1500015258789,170
2026-04-26 22:45:00+00:00,75.125,75.12999725341797,75.04000091552734,75.08499908447266,107
2026-04-26 23:00:00+00:00,75.02999877929688,75.08000183105469,74.91500091552734,75.04499816894531,79
2026-04-26 23:15:00+00:00,74.82499694824219,75.09500122070312,74.82499694824219,75.01499938964844,78
2026-04-26 23:30:00+00:00,74.75499725341797,74.9000015258789,74.69000244140625,74.84500122070312,188
2026-04-26 23:45:00+00:00,74.87000274658203,74.8949966430664,74.75499725341797,74.7699966430664,61
2026-04-27 00:00:00+00:00,75.0,75.0250015258789,74.80000305175781,74.88500213623047,278
2026-04-27 00:15:00+00:00,75.1050033569336,75.12999725341797,74.93499755859375,75.0199966430664,172
2026-04-27 00:30:00+00:00,75.06500244140625,75.125,74.94000244140625,75.125,78
2026-04-27 00:45:00+00:00,75.63999938964844,75.67500305175781,75.05999755859375,75.08999633789062,380
2026-04-27 01:00:00+00:00,75.3949966430664,76.0,75.37999725341797,75.6449966430664,957
2026-04-27 01:15:00+00:00,75.47000122070312,75.5999984741211,75.2699966430664,75.42500305175781,390
2026-04-27 01:30:00+00:00,75.30000305175781,75.56999969482422,75.28500366210938,75.4800033569336,641
2026-04-27 01:45:00+00:00,75.37999725341797,75.6500015258789,75.28500366210938,75.32499694824219,319
2026-04-27 02:00:00+00:00,75.125,75.44999694824219,75.01000213623047,75.41500091552734,330
2026-04-27 02:15:00+00:00,75.29499816894531,75.40499877929688,75.1449966430664,75.1449966430664,158
2026-04-27 02:30:00+00:00,75.53500366210938,75.5999984741211,75.25499725341797,75.29000091552734,157
2026-04-27 02:45:00+00:00,75.99500274658203,76.16999816894531,75.51499938964844,75.53500366210938,681
2026-04-27 03:00:00+00:00,75.9749984741211,76.12000274658203,75.93000030517578,76.0199966430664,218
2026-04-27 03:15:00+00:00,76.0,76.0250015258789,75.90499877929688,76.00499725341797,144
2026-04-27 03:30:00+00:00,76.49500274658203,76.55500030517578,75.9800033569336,75.99500274658203,256
2026-04-27 03:45:00+00:00,76.36000061035156,76.55500030517578,76.3550033569336,76.51000213623047,156
2026-04-27 04:00:00+00:00,76.42500305175781,76.47000122070312,76.36499786376953,76.36499786376953,93
2026-04-27 04:15:00+00:00,76.44499969482422,76.44499969482422,76.34500122070312,76.4000015258789,50
2026-04-27 04:30:00+00:00,76.45500183105469,76.53500366210938,76.36499786376953,76.4749984741211,150
2026-04-27 04:45:00+00:00,76.43499755859375,76.43499755859375,76.32499694824219,76.41500091552734,134
2026-04-27 05:00:00+00:00,76.2300033569336,76.43499755859375,76.19499969482422,76.43499755859375,161
2026-04-27 05:15:00+00:00,76.08999633789062,76.19999694824219,75.98500061035156,76.19999694824219,237
2026-04-27 05:30:00+00:00,75.69999694824219,76.05000305175781,75.625,76.04499816894531,412
2026-04-27 05:45:00+00:00,75.6050033569336,75.79499816894531,75.57499694824219,75.69000244140625,685
2026-04-27 06:00:00+00:00,75.875,75.875,75.61000061035156,75.65499877929688,283
2026-04-27 06:15:00+00:00,75.9000015258789,76.00499725341797,75.75,75.8550033569336,321
2026-04-27 06:30:00+00:00,75.83000183105469,75.90499877929688,75.76499938964844,75.90499877929688,85
2026-04-27 06:45:00+00:00,75.81999969482422,75.98500061035156,75.78500366210938,75.80999755859375,235
2026-04-27 07:00:00+00:00,75.8949966430664,75.97000122070312,75.71499633789062,75.81999969482422,251
2026-04-27 07:15:00+00:00,75.83999633789062,75.91999816894531,75.69499969482422,75.87000274658203,279
2026-04-27 07:30:00+00:00,75.78500366210938,75.875,75.7300033569336,75.79000091552734,251
2026-04-27 07:45:00+00:00,75.69999694824219,75.8949966430664,75.69499969482422,75.80000305175781,867
2026-04-27 08:00:00+00:00,75.55999755859375,75.76499938964844,75.5,75.68499755859375,463
2026-04-27 08:15:00+00:00,75.5199966430664,75.67500305175781,75.5,75.56999969482422,324
2026-04-27 08:30:00+00:00,75.6449966430664,75.6449966430664,75.45999908447266,75.52999877929688,334
2026-04-27 08:45:00+00:00,75.55000305175781,75.72000122070312,75.53500366210938,75.6500015258789,515
2026-04-27 09:00:00+00:00,75.5,75.61000061035156,75.41000366210938,75.58000183105469,471
2026-04-27 09:15:00+00:00,75.625,75.6500015258789,75.42500305175781,75.49500274658203,313
2026-04-27 09:30:00+00:00,75.6500015258789,75.69999694824219,75.53500366210938,75.61000061035156,283
2026-04-27 09:45:00+00:00,75.63999938964844,75.65499877929688,75.55000305175781,75.63999938964844,95
2026-04-27 10:00:00+00:00,75.58999633789062,75.74500274658203,75.58999633789062,75.65499877929688,151
2026-04-27 10:15:00+00:00,75.71499633789062,75.73500061035156,75.58000183105469,75.58499908447266,125
2026-04-27 10:30:00+00:00,75.83999633789062,75.91000366210938,75.70500183105469,75.70999908447266,316
2026-04-27 10:45:00+00:00,75.88500213623047,75.91500091552734,75.83499908447266,75.8499984741211,142
2026-04-27 11:00:00+00:00,75.66000366210938,75.8949966430664,75.66000366210938,75.87999725341797,289
2026-04-27 11:15:00+00:00,75.75499725341797,75.76499938964844,75.58499908447266,75.66000366210938,234
2026-04-27 11:30:00+00:00,75.54499816894531,75.79499816894531,75.4800033569336,75.74500274658203,380
2026-04-27 11:45:00+00:00,75.6449966430664,75.6500015258789,75.55999755859375,75.55999755859375,356
2026-04-27 12:00:00+00:00,75.8499984741211,75.86000061035156,75.55500030517578,75.66000366210938,474
2026-04-27 12:15:00+00:00,75.66000366210938,75.93000030517578,75.57499694824219,75.84500122070312,278
2026-04-27 12:30:00+00:00,75.25,75.69999694824219,75.18499755859375,75.68000030517578,821
2026-04-27 12:45:00+00:00,75.48999786376953,75.5999984741211,75.19999694824219,75.2249984741211,847
2026-04-27 13:00:00+00:00,75.1449966430664,75.56999969482422,75.02999877929688,75.48999786376953,1528
2026-04-27 13:15:00+00:00,75.48500061035156,75.50499725341797,75.19000244140625,75.19000244140625,941
2026-04-27 13:30:00+00:00,75.27999877929688,75.55500030517578,75.22000122070312,75.46499633789062,993
2026-04-27 13:45:00+00:00,75.50499725341797,75.53500366210938,74.95500183105469,75.2750015258789,1134
2026-04-27 14:00:00+00:00,75.29000091552734,75.56999969482422,75.20999908447266,75.48500061035156,548
2026-04-27 14:15:00+00:00,75.1500015258789,75.36000061035156,75.08999633789062,75.30000305175781,539
2026-04-27 14:30:00+00:00,75.25499725341797,75.52999877929688,74.97000122070312,75.11499786376953,829
2026-04-27 14:45:00+00:00,74.94000244140625,75.28500366210938,74.81999969482422,75.26499938964844,915
2026-04-27 15:00:00+00:00,74.96499633789062,75.04499816894531,74.58999633789062,74.97000122070312,1815
2026-04-27 15:15:00+00:00,75.19000244140625,75.19000244140625,74.91000366210938,74.95999908447266,740
2026-04-27 15:30:00+00:00,75.18499755859375,75.2750015258789,75.12999725341797,75.18000030517578,498
2026-04-27 15:45:00+00:00,74.92500305175781,75.16999816894531,74.87999725341797,75.16999816894531,489
2026-04-27 16:00:00+00:00,74.94499969482422,75.01000213623047,74.7750015258789,74.92500305175781,579
2026-04-27 16:15:00+00:00,75.06999969482422,75.0999984741211,74.95999908447266,74.95999908447266,233
2026-04-27 16:30:00+00:00,75.11000061035156,75.26000213623047,75.06999969482422,75.0999984741211,570
2026-04-27 16:45:00+00:00,75.13500213623047,75.19499969482422,75.09500122070312,75.1050033569336,499
2026-04-27 17:00:00+00:00,75.12000274658203,75.2300033569336,75.05000305175781,75.1500015258789,546
2026-04-27 17:15:00+00:00,74.98500061035156,75.18000030517578,74.9000015258789,75.12999725341797,1720
2026-04-27 17:30:00+00:00,75.15499877929688,75.18000030517578,74.93499755859375,74.98500061035156,584
2026-04-27 17:45:00+00:00,75.30500030517578,75.31999969482422,75.16000366210938,75.16500091552734,409
2026-04-27 18:00:00+00:00,75.41500091552734,75.47000122070312,75.16000366210938,75.2699966430664,465
2026-04-27 18:15:00+00:00,75.47000122070312,75.53500366210938,75.3949966430664,75.41500091552734,487
2026-04-27 18:30:00+00:00,75.5999984741211,75.67500305175781,75.47000122070312,75.47000122070312,182
2026-04-27 18:45:00+00:00,75.62999725341797,75.70500183105469,75.54000091552734,75.54000091552734,159
2026-04-27 19:00:00+00:00,75.4800033569336,75.5999984741211,75.41500091552734,75.5999984741211,202
2026-04-27 19:15:00+00:00,75.47000122070312,75.56500244140625,75.45999908447266,75.4800033569336,171
2026-04-27 19:30:00+00:00,75.44999694824219,75.46499633789062,75.36499786376953,75.45500183105469,254
2026-04-27 19:45:00+00:00,75.46499633789062,75.5199966430664,75.3949966430664,75.44000244140625,249
2026-04-27 20:00:00+00:00,75.45999908447266,75.5199966430664,75.36499786376953,75.46499633789062,203
2026-04-27 20:15:00+00:00,75.4000015258789,75.5,75.3949966430664,75.4800033569336,72
2026-04-27 20:30:00+00:00,75.40499877929688,75.43499755859375,75.30500030517578,75.41000366210938,121
2026-04-27 20:45:00+00:00,75.45999908447266,75.48999786376953,75.36499786376953,75.41999816894531,284
2026-04-27 22:00:00+00:00,75.79499816894531,75.8550033569336,75.44499969482422,75.45999908447266,221
2026-04-27 22:15:00+00:00,75.8550033569336,75.88999938964844,75.80000305175781,75.87999725341797,115
2026-04-27 22:30:00+00:00,75.8499984741211,75.93000030517578,75.82499694824219,75.875,92
2026-04-27 22:45:00+00:00,75.9000015258789,75.9000015258789,75.81999969482422,75.8550033569336,35
2026-04-27 23:00:00+00:00,75.94000244140625,75.94000244140625,75.83999633789062,75.9000015258789,79
2026-04-27 23:15:00+00:00,75.94499969482422,75.98999786376953,75.8949966430664,75.94499969482422,94
2026-04-27 23:30:00+00:00,75.9749984741211,75.9749984741211,75.92500305175781,75.93499755859375,42
2026-04-27 23:45:00+00:00,75.94499969482422,75.98999786376953,75.94000244140625,75.95500183105469,40
2026-04-28 00:00:00+00:00,76.05999755859375,76.15499877929688,75.92500305175781,75.92500305175781,393
2026-04-28 00:15:00+00:00,75.94000244140625,76.11000061035156,75.87999725341797,76.08999633789062,62
2026-04-28 00:30:00+00:00,75.94999694824219,75.96499633789062,75.91999816894531,75.96499633789062,15
2026-04-28 00:45:00+00:00,75.73999786376953,75.95500183105469,75.7300033569336,75.95500183105469,51
2026-04-28 01:00:00+00:00,75.6500015258789,75.76499938964844,75.58499908447266,75.66999816894531,153
2026-04-28 01:15:00+00:00,75.47000122070312,75.625,75.37000274658203,75.55000305175781,316
2026-04-28 01:30:00+00:00,75.3499984741211,75.43499755859375,75.2300033569336,75.41999816894531,139
2026-04-28 01:45:00+00:00,74.59500122070312,75.25,74.57499694824219,75.25,266
2026-04-28 02:00:00+00:00,74.83999633789062,74.87999725341797,74.33499908447266,74.55500030517578,365
2026-04-28 02:15:00+00:00,74.83000183105469,74.9000015258789,74.75499725341797,74.875,154
2026-04-28 02:30:00+00:00,74.5,74.74500274658203,74.5,74.66500091552734,281
2026-04-28 02:45:00+00:00,74.25,74.46499633789062,74.15499877929688,74.42500305175781,289
2026-04-28 03:00:00+00:00,74.6500015258789,74.68499755859375,74.32499694824219,74.32499694824219,92
2026-04-28 03:15:00+00:00,74.69000244140625,74.73999786376953,74.625,74.63999938964844,33
2026-04-28 03:30:00+00:00,74.63500213623047,74.7750015258789,74.61499786376953,74.7750015258789,27
2026-04-28 03:45:00+00:00,74.63500213623047,74.63500213623047,74.55999755859375,74.61000061035156,27
2026-04-28 04:00:00+00:00,74.56500244140625,74.56500244140625,74.5,74.55500030517578,69
2026-04-28 04:15:00+00:00,74.4800033569336,74.58999633789062,74.4800033569336,74.58999633789062,80
2026-04-28 04:45:00+00:00,74.44499969482422,74.48500061035156,74.44499969482422,74.4749984741211,7
2026-04-28 05:00:00+00:00,73.96499633789062,74.3499984741211,73.94000244140625,74.3499984741211,83
2026-04-28 05:15:00+00:00,74.19499969482422,74.22000122070312,73.9749984741211,73.9800033569336,83
2026-04-28 05:30:00+00:00,73.23500061035156,74.11499786376953,73.09500122070312,74.11499786376953,797
2026-04-28 05:45:00+00:00,73.37000274658203,73.42500305175781,73.13500213623047,73.24500274658203,218
2026-04-28 06:00:00+00:00,73.58499908447266,73.63999938964844,73.22000122070312,73.37000274658203,377
2026-04-28 06:15:00+00:00,73.19000244140625,73.53500366210938,72.78500366210938,73.53500366210938,745
2026-04-28 06:30:00+00:00,73.0,73.23500061035156,72.99500274658203,73.16999816894531,166
2026-04-28 06:45:00+00:00,73.18499755859375,73.18499755859375,72.80000305175781,73.05000305175781,160
2026-04-28 07:00:00+00:00,73.37000274658203,73.45999908447266,73.08999633789062,73.08999633789062,329
2026-04-28 07:15:00+00:00,73.2300033569336,73.41999816894531,73.19499969482422,73.3499984741211,361
2026-04-28 07:30:00+00:00,73.7300033569336,73.8949966430664,73.18499755859375,73.19000244140625,8875
2026-04-28 07:45:00+00:00,73.77999877929688,73.82499694824219,73.53500366210938,73.73500061035156,576
2026-04-28 08:00:00+00:00,73.44499969482422,73.81500244140625,73.03500366210938,73.81500244140625,1217
2026-04-28 08:15:00+00:00,73.86000061035156,73.86000061035156,73.44999694824219,73.44999694824219,612
2026-04-28 08:30:00+00:00,73.99500274658203,74.16000366210938,73.8499984741211,73.8499984741211,542
2026-04-28 08:45:00+00:00,73.98500061035156,74.00499725341797,73.82499694824219,73.9800033569336,301
2026-04-28 09:00:00+00:00,73.83999633789062,73.99500274658203,73.70999908447266,73.98999786376953,603
2026-04-28 09:15:00+00:00,73.66999816894531,73.90499877929688,73.58999633789062,73.80000305175781,212
2026-04-28 09:30:00+00:00,73.45999908447266,73.70500183105469,73.31999969482422,73.66999816894531,341
2026-04-28 09:45:00+00:00,73.41000366210938,73.4749984741211,73.26000213623047,73.4749984741211,302
2026-04-28 10:00:00+00:00,73.67500305175781,73.68499755859375,73.3949966430664,73.3949966430664,325
2026-04-28 10:15:00+00:00,73.76499938964844,73.8949966430664,73.6050033569336,73.66000366210938,262
2026-04-28 10:30:00+00:00,73.79499816894531,73.8499984741211,73.7300033569336,73.73999786376953,278
2026-04-28 10:45:00+00:00,73.66500091552734,73.94000244140625,73.66500091552734,73.81999969482422,352
2026-04-28 11:00:00+00:00,73.30000305175781,73.76000213623047,73.26000213623047,73.6500015258789,744
2026-04-28 11:15:00+00:00,73.1500015258789,73.31999969482422,73.08000183105469,73.30999755859375,382
2026-04-28 11:30:00+00:00,72.73500061035156,73.1500015258789,72.46499633789062,73.1500015258789,1830
2026-04-28 11:45:00+00:00,72.6449966430664,72.7750015258789,72.43499755859375,72.75499725341797,1034
2026-04-28 12:00:00+00:00,73.23500061035156,73.29000091552734,72.5199966430664,72.70999908447266,1297
2026-04-28 12:15:00+00:00,73.49500274658203,73.94999694824219,73.19000244140625,73.22000122070312,2058
2026-04-28 12:30:00+00:00,73.87000274658203,73.95999908447266,73.27999877929688,73.48999786376953,1447
2026-04-28 12:45:00+00:00,73.93499755859375,74.16500091552734,73.86499786376953,73.87000274658203,1333
2026-04-28 13:00:00+00:00,72.99500274658203,73.92500305175781,72.91500091552734,73.92500305175781,2785
2026-04-28 13:15:00+00:00,73.12999725341797,73.19499969482422,72.81999969482422,73.0250015258789,1319
2026-04-28 13:30:00+00:00,73.43000030517578,73.56999969482422,72.82499694824219,73.08999633789062,2387
2026-04-28 13:45:00+00:00,73.37000274658203,73.61000061035156,73.22000122070312,73.40499877929688,1384
2026-04-28 14:00:00+00:00,72.99500274658203,73.37999725341797,72.9800033569336,73.3499984741211,1195
2026-04-28 14:15:00+00:00,73.02999877929688,73.13999938964844,72.66999816894531,72.98999786376953,1245
2026-04-28 14:30:00+00:00,73.01499938964844,73.19999694824219,72.73500061035156,73.04499816894531,1563
2026-04-28 14:45:00+00:00,73.37999725341797,73.38999938964844,72.93499755859375,73.05999755859375,1143
2026-04-28 15:00:00+00:00,73.18499755859375,73.52999877929688,73.08499908447266,73.4000015258789,2090
2026-04-28 15:15:00+00:00,73.37999725341797,73.37999725341797,73.05500030517578,73.16999816894531,655
2026-04-28 15:30:00+00:00,73.47000122070312,73.54000091552734,73.20500183105469,73.3499984741211,806
2026-04-28 15:45:00+00:00,73.68000030517578,73.68000030517578,73.41999816894531,73.46499633789062,750
2026-04-28 16:00:00+00:00,73.55500030517578,73.68499755859375,73.4800033569336,73.66500091552734,781
2026-04-28 16:15:00+00:00,73.40499877929688,73.58000183105469,73.4000015258789,73.56500244140625,605
2026-04-28 16:30:00+00:00,73.6050033569336,73.6050033569336,73.41500091552734,73.41500091552734,539
2026-04-28 16:45:00+00:00,73.69000244140625,73.80999755859375,73.55000305175781,73.59500122070312,1129
2026-04-28 17:00:00+00:00,73.61000061035156,73.7699966430664,73.55999755859375,73.69999694824219,601
2026-04-28 17:15:00+00:00,73.875,74.0,73.43499755859375,73.63500213623047,2090
2026-04-28 17:30:00+00:00,73.91999816894531,74.01000213623047,73.84500122070312,73.87000274658203,375
2026-04-28 17:45:00+00:00,73.74500274658203,73.94499969482422,73.73999786376953,73.91500091552734,342
2026-04-28 18:00:00+00:00,73.7300033569336,73.86499786376953,73.66500091552734,73.76499938964844,311
2026-04-28 18:15:00+00:00,73.83000183105469,73.90499877929688,73.70999908447266,73.73999786376953,297
2026-04-28 18:30:00+00:00,73.78500366210938,73.82499694824219,73.67500305175781,73.81500244140625,185
2026-04-28 18:45:00+00:00,73.6449966430664,73.80999755859375,73.6449966430664,73.79499816894531,84
2026-04-28 19:00:00+00:00,73.67500305175781,73.77999877929688,73.65499877929688,73.65499877929688,131
2026-04-28 19:15:00+00:00,73.62999725341797,73.68000030517578,73.57499694824219,73.68000030517578,139
2026-04-28 19:30:00+00:00,73.75499725341797,73.78500366210938,73.63999938964844,73.63999938964844,187
2026-04-28 19:45:00+00:00,73.63500213623047,73.76499938964844,73.56999969482422,73.76499938964844,590
2026-04-28 20:00:00+00:00,73.62999725341797,73.71499633789062,73.61000061035156,73.625,82
2026-04-28 20:15:00+00:00,73.55999755859375,73.65499877929688,73.50499725341797,73.65499877929688,91
2026-04-28 20:30:00+00:00,73.53500366210938,73.59500122070312,73.51000213623047,73.55500030517578,93
2026-04-28 20:45:00+00:00,73.55000305175781,73.625,73.51000213623047,73.52999877929688,161
2026-04-28 22:00:00+00:00,73.66500091552734,73.69999694824219,73.48999786376953,73.50499725341797,45
2026-04-28 22:15:00+00:00,73.6500015258789,73.69499969482422,73.63999938964844,73.65499877929688,35
2026-04-28 22:30:00+00:00,73.62000274658203,73.67500305175781,73.61000061035156,73.63999938964844,54
2026-04-28 22:45:00+00:00,73.625,73.66000366210938,73.5999984741211,73.61499786376953,54
2026-04-28 23:00:00+00:00,73.58999633789062,73.66000366210938,73.51499938964844,73.63999938964844,154
2026-04-28 23:15:00+00:00,73.63999938964844,73.63999938964844,73.56999969482422,73.57499694824219,52
2026-04-28 23:30:00+00:00,73.62000274658203,73.66999816894531,73.55500030517578,73.6500015258789,23
2026-04-28 23:45:00+00:00,73.80000305175781,73.80000305175781,73.62000274658203,73.63500213623047,68
2026-04-29 00:00:00+00:00,74.0,74.36000061035156,73.7750015258789,73.7750015258789,496
2026-04-29 00:15:00+00:00,73.6500015258789,74.0,73.58999633789062,74.0,303
2026-04-29 00:30:00+00:00,73.83499908447266,73.83499908447266,73.5999984741211,73.70999908447266,58
2026-04-29 00:45:00+00:00,73.70500183105469,73.81500244140625,73.58999633789062,73.81500244140625,41
2026-04-29 01:00:00+00:00,73.44499969482422,73.68000030517578,73.26499938964844,73.68000030517578,498
2026-04-29 01:15:00+00:00,73.55000305175781,73.80000305175781,73.44499969482422,73.44499969482422,605
2026-04-29 01:30:00+00:00,73.8949966430664,73.91999816894531,73.5,73.5,247
2026-04-29 01:45:00+00:00,73.69000244140625,73.87999725341797,73.625,73.875,142
2026-04-29 02:00:00+00:00,74.06999969482422,74.20500183105469,73.78500366210938,73.78500366210938,309
2026-04-29 02:15:00+00:00,74.08000183105469,74.23500061035156,74.04499816894531,74.05500030517578,92
2026-04-29 02:30:00+00:00,74.13500213623047,74.2300033569336,74.04000091552734,74.06999969482422,86
2026-04-29 02:45:00+00:00,74.00499725341797,74.29499816894531,73.99500274658203,74.1500015258789,125
2026-04-29 03:00:00+00:00,74.29499816894531,74.34500122070312,74.02999877929688,74.02999877929688,63
2026-04-29 03:15:00+00:00,74.30000305175781,74.30000305175781,74.17500305175781,74.29499816894531,89
2026-04-29 03:30:00+00:00,74.08499908447266,74.25,74.05999755859375,74.25,68
2026-04-29 03:45:00+00:00,74.0999984741211,74.12000274658203,74.04000091552734,74.0999984741211,53
2026-04-29 04:00:00+00:00,74.2300033569336,74.25,74.07499694824219,74.08000183105469,59
2026-04-29 04:15:00+00:00,74.21499633789062,74.22000122070312,74.12999725341797,74.20500183105469,43
2026-04-29 04:30:00+00:00,74.2699966430664,74.3499984741211,74.2300033569336,74.23500061035156,87
2026-04-29 04:45:00+00:00,74.30000305175781,74.31500244140625,74.24500274658203,74.29000091552734,24
2026-04-29 05:00:00+00:00,74.23999786376953,74.33999633789062,74.18000030517578,74.30000305175781,55
2026-04-29 05:15:00+00:00,74.2249984741211,74.23999786376953,74.13999938964844,74.22000122070312,42
2026-04-29 05:30:00+00:00,74.25,74.25499725341797,74.03500366210938,74.25,71
2026-04-29 05:45:00+00:00,74.07499694824219,74.42500305175781,74.07499694824219,74.2699966430664,149
2026-04-29 06:00:00+00:00,74.08999633789062,74.3499984741211,74.06500244140625,74.06999969482422,153
2026-04-29 06:15:00+00:00,74.06999969482422,74.1449966430664,74.0250015258789,74.08499908447266,137
2026-04-29 06:30:00+00:00,73.99500274658203,74.11000061035156,73.92500305175781,74.05000305175781,239
2026-04-29 06:45:00+00:00,73.87000274658203,74.04499816894531,73.79000091552734,73.99500274658203,294
2026-04-29 07:00:00+00:00,73.74500274658203,74.01499938964844,73.7249984741211,73.88500213623047,336
2026-04-29 07:15:00+00:00,73.7300033569336,73.77999877929688,73.56999969482422,73.7249984741211,132
2026-04-29 07:30:00+00:00,73.58999633789062,73.80000305175781,73.54000091552734,73.77999877929688,114
2026-04-29 07:45:00+00:00,73.44000244140625,73.6449966430664,73.41999816894531,73.5999984741211,350
2026-04-29 08:00:00+00:00,73.18000030517578,73.61499786376953,73.125,73.44000244140625,596
2026-04-29 08:15:00+00:00,73.16500091552734,73.30999755859375,73.08999633789062,73.19999694824219,399
2026-04-29 08:30:00+00:00,73.20999908447266,73.20999908447266,72.95500183105469,73.12000274658203,354
2026-04-29 08:45:00+00:00,73.29000091552734,73.36000061035156,73.19999694824219,73.24500274658203,253
2026-04-29 09:00:00+00:00,73.30500030517578,73.36000061035156,73.24500274658203,73.28500366210938,155
2026-04-29 09:15:00+00:00,73.19000244140625,73.40499877929688,73.15499877929688,73.30000305175781,184
2026-04-29 09:30:00+00:00,73.0999984741211,73.33499908447266,73.0999984741211,73.18499755859375,369
2026-04-29 09:45:00+00:00,73.04499816894531,73.15499877929688,72.99500274658203,73.08499908447266,193
2026-04-29 10:00:00+00:00,73.26499938964844,73.2750015258789,73.0250015258789,73.04499816894531,162
2026-04-29 10:15:00+00:00,73.3550033569336,73.375,73.26499938964844,73.2699966430664,169
2026-04-29 10:30:00+00:00,73.32499694824219,73.53500366210938,73.30999755859375,73.37000274658203,455
2026-04-29 10:45:00+00:00,73.37000274658203,73.41999816894531,73.31500244140625,73.32499694824219,246
2026-04-29 11:00:00+00:00,73.13500213623047,73.42500305175781,73.05000305175781,73.37999725341797,486
2026-04-29 11:15:00+00:00,73.05999755859375,73.2249984741211,73.05999755859375,73.12999725341797,177
2026-04-29 11:30:00+00:00,73.16999816894531,73.29499816894531,73.03500366210938,73.05999755859375,720
2026-04-29 11:45:00+00:00,73.00499725341797,73.17500305175781,72.93499755859375,73.16999816894531,259
2026-04-29 12:00:00+00:00,73.1500015258789,73.19999694824219,72.9000015258789,72.95999908447266,356
2026-04-29 12:15:00+00:00,73.01000213623047,73.23999786376953,72.99500274658203,73.15499877929688,347
2026-04-29 12:30:00+00:00,72.8949966430664,73.01499938964844,72.79499816894531,73.00499725341797,620
2026-04-29 12:45:00+00:00,72.48999786376953,72.95999908447266,72.3550033569336,72.86499786376953,1131
2026-04-29 13:00:00+00:00,72.67500305175781,72.8949966430664,72.48500061035156,72.49500274658203,840
2026-04-29 13:15:00+00:00,72.19999694824219,72.76000213623047,72.12999725341797,72.66500091552734,1514
2026-04-29 13:30:00+00:00,71.80999755859375,72.26000213623047,71.79499816894531,72.18499755859375,1588
2026-04-29 13:45:00+00:00,72.04499816894531,72.2699966430664,71.71499633789062,71.80000305175781,1717
2026-04-29 14:00:00+00:00,72.24500274658203,72.27999877929688,71.94499969482422,72.02999877929688,967
2026-04-29 14:15:00+00:00,72.31999969482422,72.42500305175781,72.16999816894531,72.2300033569336,747
2026-04-29 14:30:00+00:00,72.33499908447266,72.56500244140625,72.18000030517578,72.29499816894531,758
2026-04-29 14:45:00+00:00,72.29499816894531,72.36000061035156,72.05500030517578,72.36000061035156,674
2026-04-29 15:00:00+00:00,72.02999877929688,72.51000213623047,71.87999725341797,72.28500366210938,1088
2026-04-29 15:15:00+00:00,72.11499786376953,72.13999938964844,71.9749984741211,72.03500366210938,630
2026-04-29 15:30:00+00:00,72.19999694824219,72.33499908447266,71.99500274658203,72.13999938964844,609
2026-04-29 15:45:00+00:00,71.97000122070312,72.33000183105469,71.88999938964844,72.20999908447266,953
2026-04-29 16:00:00+00:00,72.12000274658203,72.30999755859375,71.92500305175781,71.9800033569336,788
2026-04-29 16:15:00+00:00,72.26499938964844,72.33999633789062,72.0999984741211,72.12000274658203,1075
2026-04-29 16:30:00+00:00,72.1449966430664,72.26000213623047,72.01499938964844,72.26000213623047,678
2026-04-29 16:45:00+00:00,71.96499633789062,72.16000366210938,71.94499969482422,72.125,546
2026-04-29 17:00:00+00:00,71.9749984741211,72.0250015258789,71.8499984741211,71.95500183105469,511
2026-04-29 17:15:00+00:00,71.98999786376953,72.16999816894531,71.91500091552734,71.97000122070312,1203
2026-04-29 17:30:00+00:00,72.00499725341797,72.06999969482422,71.96499633789062,72.01000213623047,358
2026-04-29 17:45:00+00:00,71.95500183105469,71.98500061035156,71.77999877929688,71.98500061035156,411
2026-04-29 18:00:00+00:00,71.44000244140625,72.07499694824219,71.42500305175781,71.95999908447266,860
2026-04-29 18:15:00+00:00,71.67500305175781,71.78500366210938,71.42500305175781,71.43000030517578,338
2026-04-29 18:30:00+00:00,71.38999938964844,71.94999694824219,71.375,71.67500305175781,790
2026-04-29 18:45:00+00:00,71.94499969482422,71.94999694824219,71.30999755859375,71.38500213623047,443
2026-04-29 19:00:00+00:00,72.27999877929688,72.30000305175781,71.8949966430664,71.97000122070312,454
2026-04-29 19:15:00+00:00,72.1500015258789,72.33499908447266,72.12999725341797,72.30500030517578,230
2026-04-29 19:30:00+00:00,72.04000091552734,72.18000030517578,71.95500183105469,72.1500015258789,168
2026-04-29 19:45:00+00:00,72.18000030517578,72.19000244140625,72.03500366210938,72.05500030517578,208
2026-04-29 20:00:00+00:00,71.8499984741211,72.2300033569336,71.82499694824219,72.16500091552734,374
2026-04-29 20:15:00+00:00,71.82499694824219,71.90499877929688,71.70999908447266,71.8499984741211,134
2026-04-29 20:30:00+00:00,71.83499908447266,71.91000366210938,71.78500366210938,71.8550033569336,116
2026-04-29 20:45:00+00:00,71.78500366210938,71.83000183105469,71.75499725341797,71.83000183105469,109
2026-04-29 22:00:00+00:00,71.8550033569336,71.8949966430664,71.6500015258789,71.76000213623047,63
2026-04-29 22:15:00+00:00,71.95500183105469,71.9800033569336,71.86000061035156,71.86499786376953,60
2026-04-29 22:30:00+00:00,71.91500091552734,72.04499816894531,71.8949966430664,71.98999786376953,64
2026-04-29 22:45:00+00:00,72.02999877929688,72.05500030517578,71.91999816894531,71.91999816894531,80
2026-04-29 23:00:00+00:00,72.05999755859375,72.08000183105469,72.00499725341797,72.0250015258789,42
2026-04-29 23:15:00+00:00,72.03500366210938,72.11499786376953,72.01000213623047,72.06999969482422,40
2026-04-29 23:30:00+00:00,72.16999816894531,72.20999908447266,72.05500030517578,72.05500030517578,44
2026-04-29 23:45:00+00:00,72.2750015258789,72.30000305175781,72.16999816894531,72.18000030517578,97
2026-04-30 00:00:00+00:00,72.40499877929688,72.58499908447266,72.2750015258789,72.29000091552734,379
2026-04-30 00:15:00+00:00,72.58499908447266,72.5999984741211,72.31999969482422,72.3550033569336,103
2026-04-30 00:30:00+00:00,72.56500244140625,72.67500305175781,72.52999877929688,72.5999984741211,81
2026-04-30 00:45:00+00:00,72.5199966430664,72.79499816894531,72.44499969482422,72.62000274658203,236
2026-04-30 01:00:00+00:00,73.0199966430664,73.03500366210938,72.5199966430664,72.5199966430664,431
2026-04-30 01:15:00+00:00,73.30000305175781,73.42500305175781,72.79499816894531,73.05999755859375,446
2026-04-30 01:30:00+00:00,73.26000213623047,73.42500305175781,73.0999984741211,73.33999633789062,300
2026-04-30 01:45:00+00:00,73.3499984741211,73.42500305175781,73.11000061035156,73.19000244140625,150
2026-04-30 02:00:00+00:00,73.40499877929688,73.47000122070312,73.26000213623047,73.34500122070312,158
2026-04-30 02:15:00+00:00,73.09500122070312,73.41500091552734,73.08000183105469,73.38999938964844,228
2026-04-30 02:30:00+00:00,72.62000274658203,73.11000061035156,72.62000274658203,73.08499908447266,613
2026-04-30 02:45:00+00:00,72.73500061035156,72.75499725341797,72.61000061035156,72.6500015258789,239
2026-04-30 03:00:00+00:00,72.75499725341797,72.90499877929688,72.6500015258789,72.71499633789062,309
2026-04-30 03:15:00+00:00,72.72000122070312,72.77999877929688,72.63500213623047,72.75499725341797,115
2026-04-30 03:30:00+00:00,72.51499938964844,72.69999694824219,72.43499755859375,72.6500015258789,165
2026-04-30 03:45:00+00:00,72.45999908447266,72.5199966430664,72.41999816894531,72.5,49
2026-04-30 04:00:00+00:00,72.4800033569336,72.55000305175781,72.37000274658203,72.46499633789062,110
2026-04-30 04:15:00+00:00,72.38500213623047,72.5250015258789,72.30500030517578,72.5250015258789,74
2026-04-30 04:30:00+00:00,72.28500366210938,72.37999725341797,72.15499877929688,72.3550033569336,158
2026-04-30 04:45:00+00:00,72.03500366210938,72.36499786376953,72.02999877929688,72.2750015258789,144
2026-04-30 05:00:00+00:00,72.37999725341797,72.44000244140625,72.04000091552734,72.04000091552734,134
2026-04-30 05:15:00+00:00,72.34500122070312,72.44499969482422,72.25,72.37999725341797,111
2026-04-30 05:30:00+00:00,72.58000183105469,72.61499786376953,72.30000305175781,72.375,204
2026-04-30 05:45:00+00:00,72.62999725341797,72.80500030517578,72.55500030517578,72.56500244140625,139
2026-04-30 06:00:00+00:00,72.69499969482422,72.78500366210938,72.58000183105469,72.69000244140625,238
2026-04-30 06:15:00+00:00,72.82499694824219,72.84500122070312,72.63500213623047,72.66000366210938,87
2026-04-30 06:30:00+00:00,73.01000213623047,73.26499938964844,72.82499694824219,72.83000183105469,680
2026-04-30 06:45:00+00:00,73.41500091552734,73.49500274658203,73.00499725341797,73.00499725341797,467
2026-04-30 07:00:00+00:00,73.4749984741211,73.5999984741211,73.30000305175781,73.42500305175781,385
2026-04-30 07:15:00+00:00,73.31500244140625,73.5,73.1449966430664,73.49500274658203,453
2026-04-30 07:30:00+00:00,73.41999816894531,73.46499633789062,73.22000122070312,73.31999969482422,200
2026-04-30 07:45:00+00:00,73.57499694824219,73.73999786376953,73.41500091552734,73.44499969482422,286
2026-04-30 08:00:00+00:00,73.93499755859375,74.1050033569336,73.54499816894531,73.56999969482422,776
2026-04-30 08:15:00+00:00,73.83000183105469,73.92500305175781,73.7249984741211,73.91500091552734,291
2026-04-30 08:30:00+00:00,73.81999969482422,73.98999786376953,73.78500366210938,73.83000183105469,230
2026-04-30 08:45:00+00:00,73.79499816894531,73.91500091552734,73.78500366210938,73.83999633789062,101
2026-04-30 09:00:00+00:00,73.73999786376953,73.9000015258789,73.66500091552734,73.82499694824219,271
2026-04-30 09:15:00+00:00,73.93499755859375,73.93499755859375,73.61499786376953,73.75,356
2026-04-30 09:30:00+00:00,73.83499908447266,74.13999938964844,73.80000305175781,73.94000244140625,457
2026-04-30 09:45:00+00:00,73.95500183105469,73.95500183105469,73.79000091552734,73.875,279
2026-04-30 10:00:00+00:00,73.98999786376953,74.06500244140625,73.9000015258789,73.9000015258789,218
2026-04-30 10:15:00+00:00,74.17500305175781,74.23500061035156,73.98999786376953,73.98999786376953,230
2026-04-30 10:30:00+00:00,74.05500030517578,74.26499938964844,74.01000213623047,74.23999786376953,220
2026-04-30 10:45:00+00:00,74.15499877929688,74.15499877929688,73.98500061035156,74.05999755859375,207
2026-04-30 11:00:00+00:00,74.11499786376953,74.30999755859375,73.94999694824219,74.16500091552734,573
2026-04-30 11:15:00+00:00,74.3550033569336,74.36000061035156,74.05000305175781,74.0999984741211,329
2026-04-30 11:30:00+00:00,74.01499938964844,74.4000015258789,73.94499969482422,74.3550033569336,396
2026-04-30 11:45:00+00:00,74.01499938964844,74.12000274658203,73.93000030517578,74.0199966430664,343
2026-04-30 12:00:00+00:00,74.125,74.18000030517578,74.0,74.01000213623047,370
2026-04-30 12:15:00+00:00,74.22000122070312,74.29499816894531,74.06999969482422,74.13999938964844,366
2026-04-30 12:30:00+00:00,73.91999816894531,74.27999877929688,73.91999816894531,74.2249984741211,537
2026-04-30 12:45:00+00:00,73.9800033569336,74.08499908447266,73.82499694824219,73.93499755859375,416
2026-04-30 13:00:00+00:00,74.18000030517578,74.2249984741211,73.9749984741211,74.00499725341797,583
2026-04-30 13:15:00+00:00,74.13500213623047,74.22000122070312,74.02999877929688,74.16000366210938,287
2026-04-30 13:30:00+00:00,73.76499938964844,74.16500091552734,73.58999633789062,74.13500213623047,1063
2026-04-30 13:45:00+00:00,73.41000366210938,73.7750015258789,73.32499694824219,73.76499938964844,1097
2026-04-30 14:00:00+00:00,73.5999984741211,73.79499816894531,73.3949966430664,73.43000030517578,647
2026-04-30 14:15:00+00:00,73.8499984741211,73.87000274658203,73.4800033569336,73.61499786376953,504
2026-04-30 14:30:00+00:00,73.50499725341797,73.84500122070312,73.2750015258789,73.84500122070312,614
2026-04-30 14:45:00+00:00,73.63500213623047,73.77999877929688,73.49500274658203,73.49500274658203,427
2026-04-30 15:00:00+00:00,73.6449966430664,73.80999755859375,73.4800033569336,73.62000274658203,294
2026-04-30 15:15:00+00:00,73.79000091552734,73.8499984741211,73.56999969482422,73.66000366210938,292
2026-04-30 15:30:00+00:00,73.63999938964844,73.88500213623047,73.59500122070312,73.80500030517578,297
2026-04-30 15:45:00+00:00,73.62999725341797,73.65499877929688,73.45999908447266,73.62999725341797,361
2026-04-30 16:00:00+00:00,73.58000183105469,73.70999908447266,73.48999786376953,73.6500015258789,313
2026-04-30 16:15:00+00:00,73.58999633789062,73.6050033569336,73.47000122070312,73.55000305175781,211
2026-04-30 16:30:00+00:00,73.75499725341797,73.83000183105469,73.58000183105469,73.5999984741211,399
2026-04-30 16:45:00+00:00,73.77999877929688,73.87999725341797,73.69000244140625,73.73999786376953,388
2026-04-30 17:00:00+00:00,74.0199966430664,74.1050033569336,73.76499938964844,73.78500366210938,836
2026-04-30 17:15:00+00:00,74.05500030517578,74.08999633789062,73.875,74.00499725341797,1826
2026-04-30 17:30:00+00:00,74.03500366210938,74.25,74.0,74.05000305175781,298
2026-04-30 17:45:00+00:00,74.13500213623047,74.18499755859375,74.00499725341797,74.01000213623047,348
2026-04-30 18:00:00+00:00,74.20999908447266,74.32499694824219,74.13999938964844,74.13999938964844,245
2026-04-30 18:15:00+00:00,74.05999755859375,74.29000091552734,74.0250015258789,74.21499633789062,214
2026-04-30 18:30:00+00:00,74.05999755859375,74.16000366210938,74.0250015258789,74.08000183105469,144
2026-04-30 18:45:00+00:00,74.19499969482422,74.25499725341797,74.04499816894531,74.05500030517578,196
2026-04-30 19:00:00+00:00,74.18000030517578,74.30999755859375,74.16999816894531,74.19000244140625,199
2026-04-30 19:15:00+00:00,74.06999969482422,74.19499969482422,74.00499725341797,74.17500305175781,156
2026-04-30 19:30:00+00:00,74.23500061035156,74.23500061035156,74.01000213623047,74.06999969482422,111
2026-04-30 19:45:00+00:00,74.12999725341797,74.2300033569336,74.1050033569336,74.2300033569336,155
2026-04-30 20:00:00+00:00,74.12000274658203,74.2300033569336,74.08000183105469,74.12999725341797,126
2026-04-30 20:15:00+00:00,74.13999938964844,74.19000244140625,74.12999725341797,74.12999725341797,55
2026-04-30 20:30:00+00:00,74.125,74.15499877929688,74.08999633789062,74.11000061035156,46
2026-04-30 20:45:00+00:00,74.2300033569336,74.27999877929688,74.12999725341797,74.13999938964844,94
2026-04-30 22:00:00+00:00,74.58000183105469,75.79499816894531,74.31500244140625,74.31500244140625,160
2026-04-30 22:15:00+00:00,74.65499877929688,74.66000366210938,74.59500122070312,74.6050033569336,78
2026-04-30 22:30:00+00:00,74.68499755859375,74.69000244140625,74.55999755859375,74.66999816894531,45
2026-04-30 22:45:00+00:00,74.65499877929688,74.70999908447266,74.6050033569336,74.69000244140625,39
2026-04-30 23:00:00+00:00,74.625,74.67500305175781,74.62000274658203,74.65499877929688,41
2026-04-30 23:15:00+00:00,74.71499633789062,74.7249984741211,74.5999984741211,74.6050033569336,37
2026-04-30 23:30:00+00:00,74.9000015258789,74.96499633789062,74.69999694824219,74.70500183105469,176
2026-04-30 23:45:00+00:00,74.82499694824219,75.00499725341797,74.82499694824219,74.87999725341797,242
2026-05-01 00:00:00+00:00,74.77999877929688,75.04000091552734,74.76000213623047,74.8550033569336,132
2026-05-01 00:15:00+00:00,74.91500091552734,75.05999755859375,74.78500366210938,74.79000091552734,84
2026-05-01 00:30:00+00:00,74.7249984741211,74.9000015258789,74.70500183105469,74.88999938964844,93
2026-05-01 00:45:00+00:00,74.66000366210938,74.87999725341797,74.65499877929688,74.75,116
2026-05-01 01:00:00+00:00,74.66999816894531,74.69999694824219,74.5250015258789,74.66500091552734,139
2026-05-01 01:15:00+00:00,74.56500244140625,74.66999816894531,74.55000305175781,74.66999816894531,31
2026-05-01 01:30:00+00:00,74.66999816894531,74.72000122070312,74.5999984741211,74.5999984741211,38
2026-05-01 01:45:00+00:00,74.71499633789062,74.7300033569336,74.63999938964844,74.66000366210938,36
2026-05-01 02:00:00+00:00,74.94499969482422,75.08499908447266,74.66000366210938,74.67500305175781,139
2026-05-01 02:15:00+00:00,74.94999694824219,75.1050033569336,74.88999938964844,74.91999816894531,119
2026-05-01 02:30:00+00:00,74.71499633789062,74.9800033569336,74.70500183105469,74.96499633789062,77
2026-05-01 02:45:00+00:00,74.66000366210938,74.70999908447266,74.55999755859375,74.70500183105469,65
2026-05-01 03:00:00+00:00,74.70500183105469,74.70500183105469,74.6050033569336,74.66500091552734,183
2026-05-01 03:15:00+00:00,74.88500213623047,74.9000015258789,74.7249984741211,74.7300033569336,41
2026-05-01 03:30:00+00:00,74.79499816894531,74.99500274658203,74.7750015258789,74.92500305175781,67
2026-05-01 03:45:00+00:00,74.80000305175781,74.8550033569336,74.76000213623047,74.8550033569336,26
2026-05-01 04:00:00+00:00,74.6500015258789,74.83999633789062,74.61499786376953,74.78500366210938,49
2026-05-01 04:15:00+00:00,74.62000274658203,74.66999816894531,74.5999984741211,74.63500213623047,10
2026-05-01 04:30:00+00:00,74.3949966430664,74.58999633789062,74.31999969482422,74.58999633789062,216
2026-05-01 04:45:00+00:00,74.36000061035156,74.41000366210938,74.24500274658203,74.4000015258789,108
2026-05-01 05:00:00+00:00,74.45999908447266,74.47000122070312,74.31500244140625,74.33499908447266,29
2026-05-01 05:15:00+00:00,74.52999877929688,74.54000091552734,74.38500213623047,74.4800033569336,75
2026-05-01 05:30:00+00:00,74.41500091552734,74.54499816894531,74.40499877929688,74.5,49
2026-05-01 05:45:00+00:00,74.28500366210938,74.54000091552734,74.24500274658203,74.41000366210938,95
2026-05-01 06:00:00+00:00,74.28500366210938,74.37999725341797,74.16000366210938,74.33499908447266,147
2026-05-01 06:15:00+00:00,74.19999694824219,74.33000183105469,74.1050033569336,74.29499816894531,207
2026-05-01 06:30:00+00:00,73.94999694824219,74.19000244140625,73.81999969482422,74.12999725341797,403
2026-05-01 06:45:00+00:00,73.94999694824219,74.08000183105469,73.81999969482422,73.97000122070312,153
2026-05-01 07:00:00+00:00,74.06999969482422,74.08999633789062,73.83999633789062,73.94499969482422,201
2026-05-01 07:15:00+00:00,74.04499816894531,74.1449966430664,73.79499816894531,74.06999969482422,161
2026-05-01 07:30:00+00:00,73.86000061035156,74.0250015258789,73.77999877929688,74.0250015258789,286
2026-05-01 07:45:00+00:00,73.63999938964844,73.86000061035156,73.53500366210938,73.83999633789062,283
2026-05-01 08:00:00+00:00,73.6500015258789,73.77999877929688,73.5999984741211,73.6449966430664,148
2026-05-01 08:15:00+00:00,73.59500122070312,73.7300033569336,73.55500030517578,73.63999938964844,144
2026-05-01 08:30:00+00:00,73.6449966430664,73.6449966430664,73.55000305175781,73.58000183105469,62
2026-05-01 08:45:00+00:00,73.6050033569336,73.6449966430664,73.5,73.625,113
2026-05-01 09:00:00+00:00,73.55000305175781,73.59500122070312,73.43499755859375,73.59500122070312,106
2026-05-01 09:15:00+00:00,73.69499969482422,73.70999908447266,73.55500030517578,73.56999969482422,88
2026-05-01 09:30:00+00:00,73.72000122070312,73.78500366210938,73.68000030517578,73.69000244140625,99
2026-05-01 09:45:00+00:00,73.58999633789062,73.79000091552734,73.57499694824219,73.73500061035156,162
2026-05-01 10:00:00+00:00,73.75,73.79499816894531,73.5999984741211,73.5999984741211,59
2026-05-01 10:15:00+00:00,73.75499725341797,73.82499694824219,73.75499725341797,73.77999877929688,97
2026-05-01 10:30:00+00:00,73.80000305175781,73.82499694824219,73.7300033569336,73.76499938964844,69
2026-05-01 10:45:00+00:00,73.77999877929688,73.86000061035156,73.77999877929688,73.80000305175781,93
2026-05-01 11:00:00+00:00,73.73999786376953,73.81500244140625,73.62000274658203,73.79000091552734,307
2026-05-01 11:15:00+00:00,74.0,74.12000274658203,73.71499633789062,73.71499633789062,294
2026-05-01 11:30:00+00:00,74.05000305175781,74.08000183105469,73.95500183105469,73.9800033569336,127
2026-05-01 11:45:00+00:00,74.19499969482422,74.21499633789062,74.0,74.0199966430664,198
2026-05-01 12:00:00+00:00,74.48999786376953,74.70500183105469,74.17500305175781,74.19999694824219,658
2026-05-01 12:15:00+00:00,75.41000366210938,75.76000213623047,74.4800033569336,74.4800033569336,1765
2026-05-01 12:30:00+00:00,74.90499877929688,75.44999694824219,74.81999969482422,75.43000030517578,1066
2026-05-01 12:45:00+00:00,74.69499969482422,74.94499969482422,74.47000122070312,74.8949966430664,1169
2026-05-01 13:00:00+00:00,75.08000183105469,75.18000030517578,74.66500091552734,74.69499969482422,725
2026-05-01 13:15:00+00:00,75.19999694824219,75.26000213623047,75.03500366210938,75.05999755859375,358
2026-05-01 13:30:00+00:00,76.16500091552734,76.19499969482422,75.11000061035156,75.21499633789062,1626
2026-05-01 13:45:00+00:00,76.80500030517578,76.93000030517578,75.86499786376953,76.16500091552734,2179
2026-05-01 14:00:00+00:00,77.36000061035156,77.41500091552734,76.73999786376953,76.83000183105469,2024
2026-05-01 14:15:00+00:00,77.05500030517578,77.5250015258789,77.02999877929688,77.33999633789062,1489
2026-05-01 14:30:00+00:00,76.36499786376953,77.05999755859375,76.3550033569336,77.04499816894531,1500
2026-05-01 14:45:00+00:00,76.2750015258789,76.46499633789062,76.18000030517578,76.3550033569336,682
2026-05-01 15:00:00+00:00,76.16000366210938,76.28500366210938,75.80000305175781,76.2300033569336,878
2026-05-01 15:15:00+00:00,76.23999786376953,76.42500305175781,76.1449966430664,76.16000366210938,826
2026-05-01 15:30:00+00:00,76.63500213623047,76.86499786376953,76.24500274658203,76.24500274658203,1436
2026-05-01 15:45:00+00:00,76.6050033569336,76.83999633789062,76.40499877929688,76.63500213623047,728
2026-05-01 16:00:00+00:00,76.55999755859375,76.68499755859375,76.45999908447266,76.625,391
2026-05-01 16:15:00+00:00,76.30999755859375,76.77999877929688,76.30999755859375,76.57499694824219,903
2026-05-01 16:30:00+00:00,76.44000244140625,76.48999786376953,76.16000366210938,76.30999755859375,596
2026-05-01 16:45:00+00:00,76.55500030517578,76.65499877929688,76.37999725341797,76.4000015258789,346
2026-05-01 17:00:00+00:00,76.68499755859375,76.71499633789062,76.5250015258789,76.54000091552734,597
2026-05-01 17:15:00+00:00,76.48999786376953,76.6500015258789,76.3550033569336,76.6449966430664,1206
2026-05-01 17:30:00+00:00,76.44000244140625,76.48999786376953,76.37999725341797,76.48500061035156,201
2026-05-01 17:45:00+00:00,76.52999877929688,76.66000366210938,76.43000030517578,76.44999694824219,200
2026-05-01 18:00:00+00:00,76.19999694824219,76.52999877929688,76.18000030517578,76.51499938964844,375
2026-05-01 18:15:00+00:00,76.45999908447266,76.45999908447266,76.16999816894531,76.20500183105469,304
2026-05-01 18:30:00+00:00,76.2300033569336,76.45999908447266,76.19000244140625,76.44499969482422,202
2026-05-01 18:45:00+00:00,76.32499694824219,76.33499908447266,76.12999725341797,76.23500061035156,144
2026-05-01 19:00:00+00:00,76.37000274658203,76.37000274658203,76.2249984741211,76.33499908447266,72
2026-05-01 19:15:00+00:00,76.25,76.41000366210938,76.25,76.34500122070312,103
2026-05-01 19:30:00+00:00,75.98500061035156,76.29000091552734,75.95500183105469,76.26499938964844,485
2026-05-01 19:45:00+00:00,75.94499969482422,76.08999633789062,75.9000015258789,75.98999786376953,257
2026-05-01 20:00:00+00:00,75.91999816894531,76.0199966430664,75.80500030517578,75.96499633789062,93
2026-05-01 20:15:00+00:00,75.94000244140625,75.99500274658203,75.91000366210938,75.91999816894531,113
2026-05-01 20:30:00+00:00,75.94499969482422,75.9749984741211,75.87999725341797,75.93499755859375,57
2026-05-01 20:45:00+00:00,76.43099975585938,76.43099975585938,75.80000305175781,75.91000366210938,242
2026-05-03 22:00:00+00:00,76.19999694824219,76.33000183105469,76.06999969482422,76.23999786376953,79
2026-05-03 22:15:00+00:00,76.25499725341797,76.34500122070312,75.94000244140625,76.20500183105469,204
2026-05-03 22:30:00+00:00,76.41999816894531,76.44999694824219,76.16500091552734,76.19000244140625,108
2026-05-03 22:45:00+00:00,76.26000213623047,76.5,76.26000213623047,76.44999694824219,99
2026-05-03 23:00:00+00:00,76.24500274658203,76.52999877929688,76.13999938964844,76.30000305175781,209
2026-05-03 23:15:00+00:00,76.27999877929688,76.28500366210938,76.16500091552734,76.2300033569336,213
2026-05-03 23:30:00+00:00,76.23999786376953,76.38999938964844,76.2249984741211,76.25499725341797,52
2026-05-03 23:45:00+00:00,76.22000122070312,76.3550033569336,76.20999908447266,76.2300033569336,79
2026-05-04 00:00:00+00:00,76.09500122070312,76.32499694824219,75.94999694824219,76.16999816894531,167
2026-05-04 00:15:00+00:00,75.96499633789062,76.16999816894531,75.83000183105469,76.1500015258789,164
2026-05-04 00:30:00+00:00,75.9749984741211,76.04000091552734,75.91999816894531,75.96499633789062,31
2026-05-04 00:45:00+00:00,76.08999633789062,76.17500305175781,75.93499755859375,75.98500061035156,51
2026-05-04 01:00:00+00:00,75.9000015258789,76.13999938964844,75.5250015258789,76.13999938964844,300
2026-05-04 01:15:00+00:00,75.65499877929688,76.01499938964844,75.61499786376953,75.9749984741211,138
2026-05-04 01:30:00+00:00,75.88999938964844,75.91500091552734,75.62000274658203,75.63500213623047,58
2026-05-04 01:45:00+00:00,76.25,76.28500366210938,75.88999938964844,75.88999938964844,84
2026-05-04 02:00:00+00:00,76.17500305175781,76.32499694824219,76.01000213623047,76.23999786376953,150
2026-05-04 02:15:00+00:00,75.66999816894531,76.125,75.6500015258789,76.125,108
2026-05-04 02:30:00+00:00,76.01000213623047,76.01000213623047,75.66500091552734,75.69499969482422,80
2026-05-04 02:45:00+00:00,76.1050033569336,76.23999786376953,75.96499633789062,75.99500274658203,117
2026-05-04 03:00:00+00:00,76.22000122070312,76.27999877929688,76.09500122070312,76.09500122070312,80
2026-05-04 03:15:00+00:00,76.20500183105469,76.23999786376953,76.16999816894531,76.23999786376953,15
2026-05-04 03:30:00+00:00,76.11000061035156,76.21499633789062,75.98500061035156,76.19000244140625,58
2026-05-04 03:45:00+00:00,76.29000091552734,76.30500030517578,76.1500015258789,76.1500015258789,76
2026-05-04 04:00:00+00:00,76.18499755859375,76.23500061035156,76.0999984741211,76.23500061035156,34
2026-05-04 04:15:00+00:00,76.08000183105469,76.22000122070312,76.06500244140625,76.20999908447266,36
2026-05-04 04:30:00+00:00,76.00499725341797,76.15499877929688,75.96499633789062,76.08000183105469,83
2026-05-04 04:45:00+00:00,75.91000366210938,76.04000091552734,75.875,76.00499725341797,42
2026-05-04 05:00:00+00:00,75.83499908447266,75.91000366210938,75.80000305175781,75.87000274658203,96
2026-05-04 05:15:00+00:00,75.68499755859375,76.08000183105469,75.66999816894531,75.83000183105469,216
2026-05-04 05:30:00+00:00,75.81999969482422,75.81999969482422,75.67500305175781,75.70999908447266,96
2026-05-04 05:45:00+00:00,75.7750015258789,75.82499694824219,75.58000183105469,75.81999969482422,61
2026-05-04 06:00:00+00:00,75.56500244140625,75.81999969482422,75.37999725341797,75.79499816894531,264
2026-05-04 06:15:00+00:00,75.5,75.56500244140625,75.3550033569336,75.50499725341797,164
2026-05-04 06:30:00+00:00,75.36499786376953,75.5999984741211,75.2699966430664,75.51499938964844,176
2026-05-04 06:45:00+00:00,75.46499633789062,75.48500061035156,75.29499816894531,75.31999969482422,146
2026-05-04 07:00:00+00:00,75.38500213623047,75.48500061035156,75.30500030517578,75.41000366210938,205
2026-05-04 07:15:00+00:00,75.19000244140625,75.43499755859375,75.11499786376953,75.37000274658203,213
2026-05-04 07:30:00+00:00,75.1500015258789,75.31500244140625,75.06999969482422,75.20999908447266,147
2026-05-04 07:45:00+00:00,74.91999816894531,75.23500061035156,74.91500091552734,75.16000366210938,166
2026-05-04 08:00:00+00:00,74.875,74.96499633789062,74.72000122070312,74.93000030517578,404
2026-05-04 08:15:00+00:00,74.7699966430664,74.87999725341797,74.63999938964844,74.875,220
2026-05-04 08:30:00+00:00,74.79000091552734,74.86499786376953,74.69999694824219,74.7699966430664,113
2026-05-04 08:45:00+00:00,74.84500122070312,74.94999694824219,74.7699966430664,74.78500366210938,172
2026-05-04 09:00:00+00:00,74.99500274658203,74.99500274658203,74.79000091552734,74.83499908447266,139
2026-05-04 09:15:00+00:00,74.95500183105469,75.02999877929688,74.93000030517578,74.9800033569336,158
2026-05-04 09:30:00+00:00,75.0,75.02999877929688,74.95500183105469,74.96499633789062,76
2026-05-04 09:45:00+00:00,74.7750015258789,75.04499816894531,74.76000213623047,74.98999786376953,173
2026-05-04 10:00:00+00:00,73.37999725341797,74.79000091552734,73.0999984741211,74.79000091552734,2415
2026-05-04 10:15:00+00:00,73.44999694824219,73.45999908447266,72.5999984741211,73.40499877929688,2305
2026-05-04 10:30:00+00:00,73.80000305175781,73.94999694824219,73.33999633789062,73.43499755859375,954
2026-05-04 10:45:00+00:00,73.80999755859375,74.0250015258789,73.76499938964844,73.78500366210938,319
2026-05-04 11:00:00+00:00,73.90499877929688,74.1449966430664,73.7750015258789,73.81500244140625,441
2026-05-04 11:15:00+00:00,73.84500122070312,74.04000091552734,73.83000183105469,73.90499877929688,213
2026-05-04 11:30:00+00:00,73.58999633789062,73.87999725341797,73.44499969482422,73.83499908447266,547
2026-05-04 11:45:00+00:00,73.8499984741211,73.87999725341797,73.55500030517578,73.6050033569336,346
2026-05-04 12:00:00+00:00,74.18499755859375,74.18499755859375,73.77999877929688,73.8550033569336,602
2026-05-04 12:15:00+00:00,74.31999969482422,74.75499725341797,74.1449966430664,74.16500091552734,794
2026-05-04 12:30:00+00:00,74.41500091552734,74.44499969482422,74.12999725341797,74.29000091552734,591
2026-05-04 12:45:00+00:00,74.20999908447266,74.5,74.16500091552734,74.4000015258789,592
2026-05-04 13:00:00+00:00,74.1050033569336,74.47000122070312,73.90499877929688,74.18499755859375,981
2026-05-04 13:15:00+00:00,73.82499694824219,74.16000366210938,73.79499816894531,74.09500122070312,289
2026-05-04 13:30:00+00:00,74.32499694824219,74.48999786376953,73.70999908447266,73.81999969482422,993
2026-05-04 13:45:00+00:00,74.33999633789062,74.44000244140625,74.04499816894531,74.30000305175781,413
2026-05-04 14:00:00+00:00,74.37000274658203,74.47000122070312,74.08000183105469,74.31999969482422,603
2026-05-04 14:15:00+00:00,74.70500183105469,75.13500213623047,74.36000061035156,74.36000061035156,1419
2026-05-04 14:30:00+00:00,74.83000183105469,75.08499908447266,74.67500305175781,74.68499755859375,683
2026-05-04 14:45:00+00:00,74.32499694824219,74.90499877929688,74.30999755859375,74.86000061035156,556
2026-05-04 15:00:00+00:00,74.2300033569336,74.4749984741211,74.13999938964844,74.33999633789062,615
2026-05-04 15:15:00+00:00,73.79000091552734,74.49500274658203,73.05500030517578,74.12999725341797,2662
2026-05-04 15:30:00+00:00,73.8499984741211,73.90499877929688,73.56500244140625,73.81999969482422,926
2026-05-04 15:45:00+00:00,73.36000061035156,73.83000183105469,73.02999877929688,73.80999755859375,1374
2026-05-04 16:00:00+00:00,73.17500305175781,73.5999984741211,73.0250015258789,73.33999633789062,989
2026-05-04 16:15:00+00:00,73.5199966430664,73.76000213623047,73.12999725341797,73.17500305175781,877
2026-05-04 16:30:00+00:00,73.36000061035156,73.6449966430664,73.36000061035156,73.51000213623047,538
2026-05-04 16:45:00+00:00,73.17500305175781,73.45999908447266,73.0999984741211,73.37999725341797,510
2026-05-04 17:00:00+00:00,73.51499938964844,73.62000274658203,73.22000122070312,73.2249984741211,673
2026-05-04 17:15:00+00:00,73.36499786376953,73.7249984741211,73.31999969482422,73.5250015258789,1399
2026-05-04 17:30:00+00:00,73.31999969482422,73.45999908447266,73.19999694824219,73.37000274658203,727
2026-05-04 17:45:00+00:00,73.30999755859375,73.38999938964844,73.2750015258789,73.30999755859375,173
2026-05-04 18:00:00+00:00,73.20999908447266,73.43000030517578,73.17500305175781,73.30500030517578,254
2026-05-04 18:15:00+00:00,73.12000274658203,73.19000244140625,72.9000015258789,73.18000030517578,302
2026-05-04 18:30:00+00:00,73.02999877929688,73.18499755859375,73.0199966430664,73.1050033569336,133
2026-05-04 18:45:00+00:00,73.16999816894531,73.18000030517578,72.9749984741211,73.01000213623047,200
2026-05-04 19:00:00+00:00,73.2249984741211,73.44999694824219,73.09500122070312,73.18000030517578,304
2026-05-04 19:15:00+00:00,73.36499786376953,73.48999786376953,73.23999786376953,73.25499725341797,505
2026-05-04 19:30:00+00:00,73.37000274658203,73.5199966430664,73.3499984741211,73.37999725341797,171
2026-05-04 19:45:00+00:00,73.29000091552734,73.43000030517578,73.25,73.36499786376953,181
2026-05-04 20:00:00+00:00,73.18000030517578,73.2750015258789,73.11499786376953,73.2750015258789,88
2026-05-04 20:15:00+00:00,73.12999725341797,73.16999816894531,73.08999633789062,73.15499877929688,38
2026-05-04 20:30:00+00:00,73.19999694824219,73.19999694824219,73.12999725341797,73.1500015258789,49
2026-05-04 20:45:00+00:00,73.16000366210938,73.21499633789062,73.1449966430664,73.19999694824219,64
2026-05-04 22:00:00+00:00,73.26499938964844,73.26499938964844,73.13500213623047,73.16999816894531,18
2026-05-04 22:15:00+00:00,73.2300033569336,73.30000305175781,73.22000122070312,73.26499938964844,50
2026-05-04 22:30:00+00:00,73.22000122070312,73.29499816894531,73.22000122070312,73.23500061035156,27
2026-05-04 22:45:00+00:00,73.0199966430664,73.19999694824219,73.01000213623047,73.19999694824219,120
2026-05-04 23:00:00+00:00,73.09500122070312,73.125,72.93000030517578,73.04000091552734,110
2026-05-04 23:15:00+00:00,73.125,73.1449966430664,73.08999633789062,73.08999633789062,30
2026-05-04 23:30:00+00:00,73.07499694824219,73.15499877929688,73.06500244140625,73.08000183105469,21
2026-05-04 23:45:00+00:00,73.04499816894531,73.0999984741211,72.98500061035156,73.06999969482422,344
2026-05-05 00:00:00+00:00,73.2750015258789,73.30999755859375,73.05500030517578,73.05500030517578,102
2026-05-05 00:15:00+00:00,72.90499877929688,73.25499725341797,72.80500030517578,73.20999908447266,302
2026-05-05 00:30:00+00:00,73.125,73.125,72.91999816894531,72.92500305175781,62
2026-05-05 00:45:00+00:00,73.19999694824219,73.25499725341797,73.1500015258789,73.15499877929688,72
2026-05-05 01:00:00+00:00,73.3949966430664,73.41000366210938,73.06999969482422,73.20999908447266,99
2026-05-05 01:15:00+00:00,73.23999786376953,73.44000244140625,73.23500061035156,73.40499877929688,62
2026-05-05 01:30:00+00:00,73.17500305175781,73.3499984741211,73.01499938964844,73.27999877929688,151
2026-05-05 01:45:00+00:00,73.28500366210938,73.30999755859375,73.11499786376953,73.125,36
2026-05-05 02:00:00+00:00,73.43499755859375,73.5,73.24500274658203,73.32499694824219,147
2026-05-05 02:15:00+00:00,73.48500061035156,73.51000213623047,73.375,73.43499755859375,86
2026-05-05 02:30:00+00:00,73.6449966430664,73.66000366210938,73.45999908447266,73.4749984741211,133
2026-05-05 02:45:00+00:00,73.52999877929688,73.66999816894531,73.4800033569336,73.61000061035156,92
2026-05-05 03:00:00+00:00,73.5250015258789,73.6050033569336,73.5,73.5,64
2026-05-05 03:15:00+00:00,73.26499938964844,73.54000091552734,73.20500183105469,73.54000091552734,111
2026-05-05 03:30:00+00:00,73.2699966430664,73.36000061035156,73.18000030517578,73.23999786376953,93
2026-05-05 03:45:00+00:00,73.12000274658203,73.24500274658203,73.06500244140625,73.24500274658203,57
2026-05-05 04:00:00+00:00,73.15499877929688,73.20500183105469,73.1449966430664,73.16000366210938,48
2026-05-05 04:15:00+00:00,73.19499969482422,73.25,73.12999725341797,73.13999938964844,51
2026-05-05 04:30:00+00:00,73.20500183105469,73.26499938964844,73.13999938964844,73.24500274658203,40
2026-05-05 04:45:00+00:00,73.17500305175781,73.31500244140625,73.12000274658203,73.24500274658203,46
2026-05-05 05:00:00+00:00,73.37999725341797,73.48999786376953,73.0999984741211,73.11499786376953,100
2026-05-05 05:15:00+00:00,73.45500183105469,73.46499633789062,73.26000213623047,73.3550033569336,35
2026-05-05 05:30:00+00:00,73.68499755859375,73.79000091552734,73.41999816894531,73.47000122070312,256
2026-05-05 05:45:00+00:00,73.57499694824219,73.69999694824219,73.55500030517578,73.6500015258789,45
2026-05-05 06:00:00+00:00,73.44000244140625,73.86000061035156,73.36499786376953,73.57499694824219,312
2026-05-05 06:15:00+00:00,73.23999786376953,73.46499633789062,73.03500366210938,73.41999816894531,228
2026-05-05 06:30:00+00:00,73.61499786376953,73.625,73.31500244140625,73.36499786376953,162
2026-05-05 06:45:00+00:00,73.58999633789062,73.70500183105469,73.58000183105469,73.5999984741211,47
2026-05-05 07:00:00+00:00,73.83000183105469,73.8499984741211,73.57499694824219,73.58999633789062,175
2026-05-05 07:15:00+00:00,73.79499816894531,73.97000122070312,73.76499938964844,73.82499694824219,183
2026-05-05 07:30:00+00:00,73.98999786376953,74.21499633789062,73.83999633789062,73.83999633789062,343
2026-05-05 07:45:00+00:00,73.7750015258789,73.99500274658203,73.73999786376953,73.99500274658203,128
2026-05-05 08:00:00+00:00,73.86000061035156,73.8949966430664,73.75,73.7750015258789,146
2026-05-05 08:15:00+00:00,73.87000274658203,73.94000244140625,73.80000305175781,73.84500122070312,71
2026-05-05 08:30:00+00:00,74.0,74.03500366210938,73.83000183105469,73.8499984741211,206
2026-05-05 08:45:00+00:00,74.17500305175781,74.2300033569336,73.9800033569336,73.99500274658203,261
2026-05-05 09:00:00+00:00,74.125,74.20999908447266,74.05000305175781,74.18499755859375,123
2026-05-05 09:15:00+00:00,74.04499816894531,74.13999938964844,73.98500061035156,74.11000061035156,181
2026-05-05 09:30:00+00:00,74.19000244140625,74.25499725341797,74.00499725341797,74.02999877929688,192
2026-05-05 09:45:00+00:00,74.16000366210938,74.2300033569336,74.07499694824219,74.18499755859375,35
2026-05-05 10:00:00+00:00,74.08499908447266,74.19999694824219,74.0250015258789,74.19999694824219,82
2026-05-05 10:15:00+00:00,73.98999786376953,74.1050033569336,73.98999786376953,74.1050033569336,70
2026-05-05 10:30:00+00:00,73.86499786376953,74.20500183105469,73.86499786376953,73.9749984741211,195
2026-05-05 10:45:00+00:00,73.8550033569336,73.94000244140625,73.81500244140625,73.875,142
2026-05-05 11:00:00+00:00,73.98999786376953,74.05999755859375,73.69999694824219,73.8550033569336,465
2026-05-05 11:15:00+00:00,74.06500244140625,74.1050033569336,73.8550033569336,73.9749984741211,133
2026-05-05 11:30:00+00:00,74.19499969482422,74.21499633789062,74.05999755859375,74.0999984741211,168
2026-05-05 11:45:00+00:00,74.16500091552734,74.23999786376953,74.03500366210938,74.19499969482422,254
2026-05-05 12:00:00+00:00,74.40499877929688,74.46499633789062,73.92500305175781,74.17500305175781,606
2026-05-05 12:15:00+00:00,74.3949966430664,74.4749984741211,74.19999694824219,74.41000366210938,490
2026-05-05 12:30:00+00:00,73.98999786376953,74.41500091552734,73.93000030517578,74.37000274658203,498
2026-05-05 12:45:00+00:00,73.88500213623047,74.04000091552734,73.79499816894531,74.01000213623047,382
2026-05-05 13:00:00+00:00,74.32499694824219,74.6449966430664,73.82499694824219,73.9000015258789,1122
2026-05-05 13:15:00+00:00,74.25,74.38999938964844,74.09500122070312,74.31500244140625,479
2026-05-05 13:30:00+00:00,73.92500305175781,74.33499908447266,73.86499786376953,74.2699966430664,526
2026-05-05 13:45:00+00:00,74.19000244140625,74.20999908447266,73.87999725341797,73.91999816894531,370
2026-05-05 14:00:00+00:00,73.9800033569336,74.44999694824219,73.91000366210938,74.19999694824219,784
2026-05-05 14:15:00+00:00,74.28500366210938,74.48999786376953,73.72000122070312,73.9749984741211,1402
2026-05-05 14:30:00+00:00,74.30000305175781,74.37000274658203,74.06999969482422,74.28500366210938,400
2026-05-05 14:45:00+00:00,74.20999908447266,74.30000305175781,74.05999755859375,74.26499938964844,355
2026-05-05 15:00:00+00:00,74.23500061035156,74.30500030517578,74.04000091552734,74.2300033569336,260
2026-05-05 15:15:00+00:00,74.11499786376953,74.24500274658203,74.01000213623047,74.2249984741211,253
2026-05-05 15:30:00+00:00,73.91500091552734,74.20500183105469,73.87999725341797,74.1449966430664,348
2026-05-05 15:45:00+00:00,73.94999694824219,74.08000183105469,73.90499877929688,73.95999908447266,259
2026-05-05 16:00:00+00:00,73.81500244140625,73.95999908447266,73.69999694824219,73.95999908447266,305
2026-05-05 16:15:00+00:00,73.5199966430664,73.80999755859375,73.41999816894531,73.80999755859375,484
2026-05-05 16:30:00+00:00,73.59500122070312,73.6449966430664,73.28500366210938,73.54000091552734,459
2026-05-05 16:45:00+00:00,73.58000183105469,73.69999694824219,73.53500366210938,73.56500244140625,270
2026-05-05 17:00:00+00:00,73.56999969482422,73.61499786376953,73.37999725341797,73.58000183105469,433
2026-05-05 17:15:00+00:00,73.55500030517578,73.78500366210938,73.51499938964844,73.61000061035156,983
2026-05-05 17:30:00+00:00,73.57499694824219,73.66500091552734,73.53500366210938,73.58499908447266,180
2026-05-05 17:45:00+00:00,73.5250015258789,73.67500305175781,73.50499725341797,73.6050033569336,173
2026-05-05 18:00:00+00:00,73.66999816894531,73.66999816894531,73.5,73.5250015258789,180
2026-05-05 18:15:00+00:00,73.69499969482422,73.69999694824219,73.62000274658203,73.66500091552734,50
2026-05-05 18:30:00+00:00,73.59500122070312,73.69499969482422,73.57499694824219,73.69499969482422,73
2026-05-05 18:45:00+00:00,73.40499877929688,73.66000366210938,73.38500213623047,73.63999938964844,303
2026-05-05 19:00:00+00:00,73.2699966430664,73.43499755859375,73.23999786376953,73.41000366210938,190
2026-05-05 19:15:00+00:00,73.28500366210938,73.33999633789062,73.2300033569336,73.2750015258789,84
2026-05-05 19:30:00+00:00,73.29000091552734,73.36499786376953,73.27999877929688,73.31500244140625,87
2026-05-05 19:45:00+00:00,73.27999877929688,73.3949966430664,73.2300033569336,73.29499816894531,194
2026-05-05 20:00:00+00:00,73.30000305175781,73.32499694824219,73.25499725341797,73.31500244140625,54
2026-05-05 20:15:00+00:00,73.40499877929688,73.44999694824219,73.2699966430664,73.30000305175781,80
2026-05-05 20:30:00+00:00,73.25,73.4000015258789,73.25,73.4000015258789,168
2026-05-05 20:45:00+00:00,73.26499938964844,73.29000091552734,73.19999694824219,73.24500274658203,152
2026-05-05 22:00:00+00:00,73.24500274658203,73.33499908447266,73.19999694824219,73.30000305175781,13
2026-05-05 22:15:00+00:00,73.11000061035156,73.2300033569336,73.05000305175781,73.22000122070312,132
2026-05-05 22:30:00+00:00,73.16000366210938,73.21499633789062,73.07499694824219,73.07499694824219,59
2026-05-05 22:45:00+00:00,73.69499969482422,74.03500366210938,73.1050033569336,73.12999725341797,559
2026-05-05 23:00:00+00:00,74.38999938964844,74.44000244140625,73.6449966430664,73.69999694824219,572
2026-05-05 23:15:00+00:00,74.22000122070312,74.54499816894531,74.19499969482422,74.3949966430664,400
2026-05-05 23:30:00+00:00,74.24500274658203,74.3499984741211,74.13999938964844,74.19000244140625,83
2026-05-05 23:45:00+00:00,74.34500122070312,74.44999694824219,74.26000213623047,74.26000213623047,81
2026-05-06 00:00:00+00:00,74.11499786376953,74.38999938964844,74.04499816894531,74.34500122070312,199
2026-05-06 00:15:00+00:00,74.34500122070312,74.45500183105469,74.05500030517578,74.08000183105469,176
2026-05-06 00:30:00+00:00,74.50499725341797,74.58499908447266,74.34500122070312,74.3550033569336,169
2026-05-06 00:45:00+00:00,74.93499755859375,74.9800033569336,74.37000274658203,74.48999786376953,506
2026-05-06 01:00:00+00:00,74.73500061035156,75.2249984741211,74.68000030517578,74.91000366210938,611
2026-05-06 01:15:00+00:00,75.38999938964844,75.43499755859375,74.68000030517578,74.74500274658203,424
2026-05-06 01:30:00+00:00,75.30000305175781,75.48999786376953,75.19999694824219,75.36499786376953,382
2026-05-06 01:45:00+00:00,75.20999908447266,75.54000091552734,75.19999694824219,75.31500244140625,184
2026-05-06 02:00:00+00:00,75.30999755859375,75.44499969482422,75.23999786376953,75.29499816894531,214
2026-05-06 02:15:00+00:00,75.19499969482422,75.3949966430664,75.19499969482422,75.31500244140625,96
2026-05-06 02:30:00+00:00,75.44000244140625,75.4800033569336,75.08000183105469,75.19999694824219,281
2026-05-06 02:45:00+00:00,75.69000244140625,75.78500366210938,75.41500091552734,75.41999816894531,527
2026-05-06 03:00:00+00:00,76.0999984741211,76.19999694824219,75.68000030517578,75.71499633789062,725
2026-05-06 03:15:00+00:00,75.99500274658203,76.0999984741211,75.86000061035156,76.09500122070312,253
2026-05-06 03:30:00+00:00,76.0,76.08999633789062,75.88999938964844,75.98500061035156,170
2026-05-06 03:45:00+00:00,75.98500061035156,76.05500030517578,75.92500305175781,76.0199966430664,148
2026-05-06 04:00:00+00:00,76.11499786376953,76.15499877929688,75.9749984741211,75.9800033569336,112
2026-05-06 04:15:00+00:00,76.29000091552734,76.30999755859375,76.05999755859375,76.17500305175781,234
2026-05-06 04:30:00+00:00,76.16999816894531,76.29000091552734,76.1500015258789,76.2699966430664,126
2026-05-06 04:45:00+00:00,76.12000274658203,76.25,76.12000274658203,76.16999816894531,92
2026-05-06 05:00:00+00:00,76.19000244140625,76.22000122070312,76.02999877929688,76.11000061035156,170
2026-05-06 05:15:00+00:00,76.08999633789062,76.19000244140625,76.06500244140625,76.17500305175781,190
2026-05-06 05:30:00+00:00,76.26499938964844,76.31999969482422,75.91999816894531,76.08999633789062,426
2026-05-06 05:45:00+00:00,76.43000030517578,76.4800033569336,76.23999786376953,76.26499938964844,390
2026-05-06 06:00:00+00:00,76.30000305175781,76.48500061035156,76.2750015258789,76.41999816894531,495
2026-05-06 06:15:00+00:00,76.36000061035156,76.45500183105469,76.23500061035156,76.29000091552734,259
2026-05-06 06:30:00+00:00,76.25,76.38500213623047,76.13500213623047,76.32499694824219,383
2026-05-06 06:45:00+00:00,76.3949966430664,76.41000366210938,76.22000122070312,76.2699966430664,258
2026-05-06 07:00:00+00:00,76.22000122070312,76.47000122070312,76.22000122070312,76.38999938964844,249
2026-05-06 07:15:00+00:00,76.41999816894531,76.48500061035156,76.19999694824219,76.22000122070312,260
2026-05-06 07:30:00+00:00,76.43499755859375,76.44000244140625,76.31500244140625,76.40499877929688,128
2026-05-06 07:45:00+00:00,76.83000183105469,76.83000183105469,76.44499969482422,76.47000122070312,564
2026-05-06 08:00:00+00:00,76.67500305175781,76.8499984741211,76.61499786376953,76.80999755859375,311
2026-05-06 08:15:00+00:00,76.61499786376953,76.69999694824219,76.61499786376953,76.6500015258789,86
2026-05-06 08:30:00+00:00,76.51499938964844,76.6449966430664,76.4800033569336,76.61499786376953,156
2026-05-06 08:45:00+00:00,77.47000122070312,77.7249984741211,76.5250015258789,76.5250015258789,2131
2026-05-06 09:00:00+00:00,77.32499694824219,77.65499877929688,77.13500213623047,77.44999694824219,756
2026-05-06 09:15:00+00:00,77.36499786376953,77.48500061035156,77.29000091552734,77.3550033569336,493
2026-05-06 09:30:00+00:00,77.44999694824219,77.58000183105469,77.33499908447266,77.38500213623047,461
2026-05-06 09:45:00+00:00,77.73500061035156,77.7750015258789,77.42500305175781,77.44999694824219,693
2026-05-06 10:00:00+00:00,77.83999633789062,77.875,77.67500305175781,77.75499725341797,670
2026-05-06 10:15:00+00:00,77.8499984741211,77.94000244140625,77.79000091552734,77.81500244140625,297
2026-05-06 10:30:00+00:00,78.05500030517578,78.125,77.87000274658203,77.87000274658203,670
2026-05-06 10:45:00+00:00,78.11000061035156,78.33499908447266,77.87000274658203,78.04499816894531,1141
2026-05-06 11:00:00+00:00,78.11000061035156,78.20500183105469,77.8499984741211,78.06999969482422,752
2026-05-06 11:15:00+00:00,77.95999908447266,78.13500213623047,77.95999908447266,78.08999633789062,315
2026-05-06 11:30:00+00:00,77.79499816894531,78.30000305175781,77.7699966430664,77.9800033569336,840
2026-05-06 11:45:00+00:00,77.38500213623047,77.83999633789062,77.30999755859375,77.80500030517578,922
2026-05-06 12:00:00+00:00,76.95500183105469,77.4000015258789,76.81999969482422,77.375,1333
2026-05-06 12:15:00+00:00,77.06500244140625,77.16500091552734,76.25499725341797,76.87999725341797,1582
2026-05-06 12:30:00+00:00,77.26000213623047,77.38999938964844,77.03500366210938,77.05500030517578,997
2026-05-06 12:45:00+00:00,77.36000061035156,77.43499755859375,77.23500061035156,77.26499938964844,545
2026-05-06 13:00:00+00:00,77.40499877929688,77.75499725341797,76.91500091552734,77.36000061035156,2048
2026-05-06 13:15:00+00:00,77.41500091552734,77.57499694824219,77.26499938964844,77.41000366210938,589
2026-05-06 13:30:00+00:00,77.67500305175781,77.84500122070312,77.2750015258789,77.42500305175781,1037
2026-05-06 13:45:00+00:00,77.83000183105469,77.97000122070312,77.58000183105469,77.70999908447266,940
2026-05-06 14:00:00+00:00,78.0999984741211,78.17500305175781,77.5199966430664,77.83000183105469,1447
2026-05-06 14:15:00+00:00,77.91500091552734,78.25499725341797,77.8499984741211,78.08999633789062,1190
2026-05-06 14:30:00+00:00,78.2699966430664,78.30999755859375,77.88999938964844,77.91500091552734,849
2026-05-06 14:45:00+00:00,77.9800033569336,78.30000305175781,77.9749984741211,78.27999877929688,488
2026-05-06 15:00:00+00:00,77.79000091552734,78.1050033569336,77.58999633789062,78.0,842
2026-05-06 15:15:00+00:00,77.83999633789062,78.0,77.72000122070312,77.79000091552734,647
2026-05-06 15:30:00+00:00,77.81999969482422,77.93000030517578,77.67500305175781,77.83499908447266,742
2026-05-06 15:45:00+00:00,77.54000091552734,77.87000274658203,77.52999877929688,77.80500030517578,504
2026-05-06 16:00:00+00:00,77.57499694824219,77.63999938964844,77.41500091552734,77.54000091552734,703
2026-05-06 16:15:00+00:00,77.66999816894531,77.7300033569336,77.54000091552734,77.56500244140625,442
2026-05-06 16:30:00+00:00,77.68000030517578,77.76000213623047,77.63500213623047,77.68499755859375,546
2026-05-06 16:45:00+00:00,77.3499984741211,77.69000244140625,77.25499725341797,77.66000366210938,688
2026-05-06 17:00:00+00:00,77.43000030517578,77.5199966430664,77.24500274658203,77.33999633789062,604
2026-05-06 17:15:00+00:00,77.38999938964844,77.44999694824219,77.2300033569336,77.44499969482422,1809
2026-05-06 17:30:00+00:00,77.45999908447266,77.45999908447266,77.30500030517578,77.36000061035156,367
2026-05-06 17:45:00+00:00,77.625,77.625,77.41500091552734,77.4749984741211,407
2026-05-06 18:00:00+00:00,77.7300033569336,77.75499725341797,77.53500366210938,77.62000274658203,350
2026-05-06 18:15:00+00:00,77.69000244140625,77.80999755859375,77.69000244140625,77.73500061035156,212
2026-05-06 18:30:00+00:00,77.68499755859375,77.73999786376953,77.62000274658203,77.69000244140625,171
2026-05-06 18:45:00+00:00,77.56500244140625,77.7249984741211,77.56500244140625,77.66999816894531,154
2026-05-06 19:00:00+00:00,77.87999725341797,77.88999938964844,77.57499694824219,77.57499694824219,241
2026-05-06 19:15:00+00:00,78.00499725341797,78.02999877929688,77.87999725341797,77.88500213623047,334
2026-05-06 19:30:00+00:00,77.9749984741211,78.0199966430664,77.87000274658203,77.99500274658203,266
2026-05-06 19:45:00+00:00,77.94499969482422,78.0250015258789,77.88500213623047,77.95999908447266,308
2026-05-06 20:00:00+00:00,78.08499908447266,78.0999984741211,77.94499969482422,77.94999694824219,197
2026-05-06 20:15:00+00:00,78.00499725341797,78.0999984741211,78.00499725341797,78.08000183105469,96
2026-05-06 20:30:00+00:00,77.94499969482422,78.0199966430664,77.94000244140625,78.01000213623047,101
2026-05-06 20:45:00+00:00,77.82499694824219,77.94499969482422,77.76000213623047,77.94000244140625,203
2026-05-06 22:00:00+00:00,78.07499694824219,78.08000183105469,77.75499725341797,77.83000183105469,158
2026-05-06 22:15:00+00:00,77.83499908447266,78.06500244140625,77.80000305175781,78.06500244140625,64
2026-05-06 22:30:00+00:00,77.95999908447266,78.01499938964844,77.88500213623047,77.91000366210938,93
2026-05-06 22:45:00+00:00,77.88999938964844,77.9749984741211,77.87000274658203,77.9749984741211,72
2026-05-06 23:00:00+00:00,77.91500091552734,77.95999908447266,77.88500213623047,77.90499877929688,46
2026-05-06 23:15:00+00:00,77.88500213623047,77.95999908447266,77.86499786376953,77.8949966430664,18
2026-05-06 23:30:00+00:00,77.94499969482422,77.94499969482422,77.9000015258789,77.91000366210938,12
2026-05-06 23:45:00+00:00,78.02999877929688,78.29000091552734,77.94499969482422,77.97000122070312,351
2026-05-07 00:00:00+00:00,77.87999725341797,78.08000183105469,77.69000244140625,78.04000091552734,137
2026-05-07 00:15:00+00:00,77.70999908447266,77.8949966430664,77.68499755859375,77.8949966430664,83
2026-05-07 00:30:00+00:00,77.61000061035156,77.79000091552734,77.58000183105469,77.70999908447266,144
2026-05-07 00:45:00+00:00,77.6500015258789,77.79499816894531,77.6050033569336,77.66000366210938,112
2026-05-07 01:00:00+00:00,78.36499786376953,78.44499969482422,77.45500183105469,77.6500015258789,684
2026-05-07 01:15:00+00:00,78.2300033569336,78.69999694824219,78.19000244140625,78.36499786376953,679
2026-05-07 01:30:00+00:00,78.62000274658203,78.65499877929688,78.19000244140625,78.2300033569336,369
2026-05-07 01:45:00+00:00,78.59500122070312,78.80999755859375,78.55000305175781,78.58499908447266,392
2026-05-07 02:00:00+00:00,78.24500274658203,78.80500030517578,78.12000274658203,78.56999969482422,385
2026-05-07 02:15:00+00:00,78.36000061035156,78.43499755859375,78.23999786376953,78.2750015258789,103
2026-05-07 02:30:00+00:00,78.37000274658203,78.3949966430664,78.06500244140625,78.30999755859375,206
2026-05-07 02:45:00+00:00,78.38999938964844,78.52999877929688,78.33499908447266,78.37999725341797,168
2026-05-07 03:00:00+00:00,78.25499725341797,78.4000015258789,78.23999786376953,78.36000061035156,111
2026-05-07 03:15:00+00:00,78.3550033569336,78.46499633789062,78.2750015258789,78.2750015258789,75
2026-05-07 03:30:00+00:00,78.23500061035156,78.36000061035156,78.2249984741211,78.31999969482422,79
2026-05-07 03:45:00+00:00,78.16000366210938,78.23999786376953,78.11499786376953,78.20999908447266,55
2026-05-07 04:00:00+00:00,77.9800033569336,78.2300033569336,77.9800033569336,78.08499908447266,225
2026-05-07 04:15:00+00:00,78.11499786376953,78.15499877929688,77.98500061035156,78.01499938964844,50
2026-05-07 04:30:00+00:00,78.20999908447266,78.20999908447266,78.0199966430664,78.12000274658203,119
2026-05-07 04:45:00+00:00,78.20500183105469,78.22000122070312,78.13999938964844,78.19000244140625,33
2026-05-07 05:00:00+00:00,78.4000015258789,78.43000030517578,78.19000244140625,78.19000244140625,147
2026-05-07 05:15:00+00:00,78.1500015258789,78.38999938964844,78.04499816894531,78.37000274658203,290
2026-05-07 05:30:00+00:00,78.45999908447266,78.50499725341797,78.08999633789062,78.1449966430664,384
2026-05-07 05:45:00+00:00,78.23999786376953,78.47000122070312,78.16000366210938,78.43499755859375,238
2026-05-07 06:00:00+00:00,78.5999984741211,78.65499877929688,78.2300033569336,78.2300033569336,342
2026-05-07 06:15:00+00:00,78.98999786376953,78.99500274658203,78.55000305175781,78.56500244140625,1007
2026-05-07 06:30:00+00:00,79.4000015258789,79.4749984741211,78.95999908447266,78.99500274658203,1325
2026-05-07 06:45:00+00:00,79.33999633789062,79.4000015258789,79.19999694824219,79.375,394
2026-05-07 07:00:00+00:00,79.88500213623047,79.94499969482422,79.17500305175781,79.31500244140625,1335
2026-05-07 07:15:00+00:00,79.81500244140625,80.00499725341797,79.75,79.8949966430664,718
2026-05-07 07:30:00+00:00,80.05000305175781,80.08499908447266,79.77999877929688,79.81500244140625,432
2026-05-07 07:45:00+00:00,80.19999694824219,80.26000213623047,79.94000244140625,80.08499908447266,520
2026-05-07 08:00:00+00:00,80.1449966430664,80.37999725341797,80.13500213623047,80.2249984741211,497
2026-05-07 08:15:00+00:00,80.22000122070312,80.2750015258789,80.05000305175781,80.16000366210938,338
2026-05-07 08:30:00+00:00,80.08999633789062,80.37999725341797,80.08000183105469,80.26000213623047,287
2026-05-07 08:45:00+00:00,80.12000274658203,80.18499755859375,80.01499938964844,80.08000183105469,289
2026-05-07 09:00:00+00:00,80.23500061035156,80.2699966430664,79.93499755859375,80.11499786376953,320
2026-05-07 09:15:00+00:00,80.26000213623047,80.30500030517578,80.16500091552734,80.25,242
2026-05-07 09:30:00+00:00,80.7249984741211,80.75,80.25,80.25499725341797,941
2026-05-07 09:45:00+00:00,80.69999694824219,80.77999877929688,80.66000366210938,80.7300033569336,629
2026-05-07 10:00:00+00:00,80.94999694824219,80.98999786376953,80.6500015258789,80.68499755859375,652
2026-05-07 10:15:00+00:00,80.81500244140625,80.97000122070312,80.7249984741211,80.96499633789062,353
2026-05-07 10:30:00+00:00,81.05000305175781,81.08000183105469,80.72000122070312,80.84500122070312,437
2026-05-07 10:45:00+00:00,80.82499694824219,81.08999633789062,80.82499694824219,81.07499694824219,306
2026-05-07 11:00:00+00:00,80.86499786376953,81.02999877929688,80.80999755859375,80.84500122070312,482
2026-05-07 11:15:00+00:00,81.18000030517578,81.29499816894531,80.80000305175781,80.87999725341797,662
2026-05-07 11:30:00+00:00,81.3949966430664,81.5199966430664,81.16999816894531,81.19499969482422,1139
2026-05-07 11:45:00+00:00,81.45999908447266,81.50499725341797,81.31999969482422,81.38500213623047,950
2026-05-07 12:00:00+00:00,81.9000015258789,81.94000244140625,81.44499969482422,81.45999908447266,1231
2026-05-07 12:15:00+00:00,82.08000183105469,82.23999786376953,81.6449966430664,81.87000274658203,1946
2026-05-07 12:30:00+00:00,82.08999633789062,82.1500015258789,81.7300033569336,82.12999725341797,1392
2026-05-07 12:45:00+00:00,82.00499725341797,82.19000244140625,81.95500183105469,82.0999984741211,995
2026-05-07 13:00:00+00:00,81.4000015258789,82.0250015258789,81.36499786376953,82.0199966430664,2174
2026-05-07 13:15:00+00:00,81.5250015258789,81.83000183105469,81.38999938964844,81.38999938964844,1289
2026-05-07 13:30:00+00:00,81.78500366210938,81.86499786376953,81.38999938964844,81.52999877929688,1124
2026-05-07 13:45:00+00:00,81.81500244140625,81.90499877929688,81.4000015258789,81.79000091552734,1170
2026-05-07 14:00:00+00:00,82.33499908447266,82.375,81.76000213623047,81.83499908447266,1188
2026-05-07 14:15:00+00:00,82.26000213623047,82.38500213623047,81.83499908447266,82.33999633789062,1366
2026-05-07 14:30:00+00:00,82.31999969482422,82.4749984741211,82.19000244140625,82.26000213623047,1346
2026-05-07 14:45:00+00:00,82.55000305175781,82.67500305175781,82.33499908447266,82.33499908447266,1089
2026-05-07 15:00:00+00:00,82.1050033569336,82.55999755859375,82.05000305175781,82.54499816894531,1018
2026-05-07 15:15:00+00:00,82.03500366210938,82.16000366210938,81.98999786376953,82.08499908447266,275
2026-05-07 15:30:00+00:00,81.54499816894531,81.8499984741211,77.3030014038086,77.3030014038086,2042
2026-05-07 15:45:00+00:00,80.9749984741211,81.56500244140625,80.91000366210938,81.54000091552734,1511
2026-05-07 16:00:00+00:00,80.38999938964844,81.04499816894531,80.33000183105469,80.96499633789062,2100
2026-05-07 16:15:00+00:00,80.55000305175781,80.72000122070312,79.90499877929688,80.375,2033
2026-05-07 16:30:00+00:00,80.31500244140625,80.58499908447266,80.23500061035156,80.55000305175781,991
2026-05-07 16:45:00+00:00,80.41999816894531,80.54000091552734,80.2750015258789,80.33999633789062,695
2026-05-07 17:00:00+00:00,80.20999908447266,80.55500030517578,80.1449966430664,80.40499877929688,909
2026-05-07 17:15:00+00:00,79.625,80.30000305175781,79.34500122070312,80.19999694824219,3201
2026-05-07 17:30:00+00:00,79.80999755859375,79.96499633789062,79.45500183105469,79.62000274658203,854
2026-05-07 17:45:00+00:00,80.27999877929688,80.30000305175781,79.75499725341797,79.82499694824219,890
2026-05-07 18:00:00+00:00,80.12000274658203,80.30999755859375,80.0999984741211,80.28500366210938,408
2026-05-07 18:15:00+00:00,80.16000366210938,80.19999694824219,79.98500061035156,80.19000244140625,185
2026-05-07 18:30:00+00:00,79.83000183105469,80.19999694824219,79.74500274658203,80.13999938964844,491
2026-05-07 18:45:00+00:00,79.75499725341797,79.83000183105469,79.1500015258789,79.83000183105469,1141
2026-05-07 19:00:00+00:00,79.7750015258789,79.87999725341797,79.52999877929688,79.76000213623047,248
2026-05-07 19:15:00+00:00,79.5250015258789,79.80000305175781,79.2699966430664,79.74500274658203,441
2026-05-07 19:30:00+00:00,79.81500244140625,79.87000274658203,79.5250015258789,79.52999877929688,363
2026-05-07 19:45:00+00:00,79.63500213623047,79.81999969482422,79.55500030517578,79.81999969482422,618
2026-05-07 20:00:00+00:00,80.1449966430664,80.3550033569336,79.62999725341797,79.63999938964844,612
2026-05-07 20:15:00+00:00,80.33499908447266,80.3550033569336,80.07499694824219,80.13999938964844,197
2026-05-07 20:30:00+00:00,79.69999694824219,80.33000183105469,79.62000274658203,80.27999877929688,533
2026-05-07 20:45:00+00:00,78.91500091552734,79.80500030517578,78.8499984741211,79.70999908447266,589
2026-05-07 22:00:00+00:00,79.20500183105469,79.40499877929688,78.58000183105469,78.80000305175781,338
2026-05-07 22:15:00+00:00,79.32499694824219,79.3949966430664,79.16500091552734,79.19000244140625,203
2026-05-07 22:30:00+00:00,79.1449966430664,79.4000015258789,79.07499694824219,79.33499908447266,114
2026-05-07 22:45:00+00:00,79.04000091552734,79.0999984741211,78.80000305175781,79.0999984741211,237
2026-05-07 23:00:00+00:00,79.2249984741211,79.33999633789062,79.05000305175781,79.05000305175781,129
2026-05-07 23:15:00+00:00,79.5199966430664,79.625,79.26000213623047,79.26000213623047,221
2026-05-07 23:30:00+00:00,79.53500366210938,79.625,79.50499725341797,79.5999984741211,58
2026-05-07 23:45:00+00:00,79.74500274658203,79.77999877929688,79.5999984741211,79.6050033569336,150
2026-05-08 00:00:00+00:00,79.70500183105469,79.9749984741211,79.65499877929688,79.75,251
2026-05-08 00:15:00+00:00,79.375,79.68499755859375,79.31500244140625,79.68499755859375,283
2026-05-08 00:30:00+00:00,79.58000183105469,79.69999694824219,79.33999633789062,79.33999633789062,82
2026-05-08 00:45:00+00:00,79.61000061035156,79.66999816894531,79.3499984741211,79.51499938964844,155
2026-05-08 01:00:00+00:00,80.30000305175781,80.5250015258789,79.57499694824219,79.6050033569336,698
2026-05-08 01:15:00+00:00,80.44000244140625,80.51000213623047,80.20500183105469,80.30000305175781,220
2026-05-08 01:30:00+00:00,80.24500274658203,80.56500244140625,80.13999938964844,80.44499969482422,262
2026-05-08 01:45:00+00:00,80.47000122070312,80.75,80.28500366210938,80.28500366210938,582
2026-05-08 02:00:00+00:00,80.44499969482422,80.69499969482422,80.40499877929688,80.48500061035156,175
2026-05-08 02:15:00+00:00,80.33999633789062,80.41500091552734,80.2300033569336,80.41000366210938,227
2026-05-08 02:30:00+00:00,80.0999984741211,80.37999725341797,79.9000015258789,80.24500274658203,389
2026-05-08 02:45:00+00:00,80.19499969482422,80.375,80.06999969482422,80.06999969482422,227
2026-05-08 03:00:00+00:00,80.38500213623047,80.38999938964844,80.0999984741211,80.20999908447266,106
2026-05-08 03:15:00+00:00,80.33999633789062,80.47000122070312,80.25499725341797,80.40499877929688,194
2026-05-08 03:30:00+00:00,80.51499938964844,80.68499755859375,80.3550033569336,80.3550033569336,232
2026-05-08 03:45:00+00:00,80.41500091552734,80.5,80.29000091552734,80.5,152
2026-05-08 04:00:00+00:00,80.25,80.49500274658203,80.25,80.43000030517578,113
2026-05-08 04:15:00+00:00,80.34500122070312,80.36499786376953,80.22000122070312,80.26499938964844,87
2026-05-08 04:30:00+00:00,80.05500030517578,80.37000274658203,79.81999969482422,80.37000274658203,287
2026-05-08 04:45:00+00:00,80.11000061035156,80.2699966430664,79.9749984741211,80.06999969482422,89
2026-05-08 05:00:00+00:00,80.26000213623047,80.27999877929688,80.16999816894531,80.17500305175781,54
2026-05-08 05:15:00+00:00,80.46499633789062,80.47000122070312,80.19999694824219,80.22000122070312,107
2026-05-08 05:30:00+00:00,80.7300033569336,80.93000030517578,80.46499633789062,80.46499633789062,333
2026-05-08 05:45:00+00:00,80.97000122070312,81.07499694824219,80.66999816894531,80.7750015258789,328
2026-05-08 06:00:00+00:00,80.94000244140625,81.25,80.61000061035156,80.99500274658203,625
2026-05-08 06:15:00+00:00,81.20500183105469,81.20999908447266,80.8499984741211,80.94999694824219,374
2026-05-08 06:30:00+00:00,81.05999755859375,81.21499633789062,80.94499969482422,81.21499633789062,262
2026-05-08 06:45:00+00:00,80.8499984741211,81.02999877929688,80.79499816894531,81.00499725341797,269
2026-05-08 07:00:00+00:00,80.5,80.87000274658203,80.47000122070312,80.80999755859375,385
2026-05-08 07:15:00+00:00,80.18000030517578,80.59500122070312,79.86000061035156,80.46499633789062,620
2026-05-08 07:30:00+00:00,80.33000183105469,80.33000183105469,79.91000366210938,80.1500015258789,367
2026-05-08 07:45:00+00:00,80.42500305175781,80.5250015258789,80.2699966430664,80.3550033569336,261
2026-05-08 08:00:00+00:00,80.55000305175781,80.56500244140625,80.34500122070312,80.43000030517578,200
2026-05-08 08:15:00+00:00,80.78500366210938,80.875,80.54499816894531,80.54499816894531,352
2026-05-08 08:30:00+00:00,80.63999938964844,80.87999725341797,80.63999938964844,80.79499816894531,178
2026-05-08 08:45:00+00:00,80.68499755859375,80.77999877929688,80.62999725341797,80.62999725341797,133
2026-05-08 09:00:00+00:00,80.84500122070312,80.8949966430664,80.59500122070312,80.69999694824219,149
2026-05-08 09:15:00+00:00,81.01499938964844,81.13500213623047,80.80500030517578,80.8499984741211,246
2026-05-08 09:30:00+00:00,80.90499877929688,81.01499938964844,80.7699966430664,81.01499938964844,197
2026-05-08 09:45:00+00:00,80.73999786376953,80.91000366210938,80.56999969482422,80.8949966430664,361
2026-05-08 10:00:00+00:00,80.8550033569336,80.91500091552734,80.75499725341797,80.75499725341797,223
2026-05-08 10:15:00+00:00,81.0999984741211,81.25,80.875,80.88500213623047,263
2026-05-08 10:30:00+00:00,81.29000091552734,81.41000366210938,81.08000183105469,81.08000183105469,266
2026-05-08 10:45:00+00:00,81.16500091552734,81.32499694824219,80.91500091552734,81.29499816894531,270
2026-05-08 11:00:00+00:00,81.125,81.33499908447266,81.01000213623047,81.18499755859375,513
2026-05-08 11:15:00+00:00,81.13999938964844,81.20500183105469,81.0999984741211,81.12000274658203,124
2026-05-08 11:30:00+00:00,81.19000244140625,81.30000305175781,81.05500030517578,81.13500213623047,334
2026-05-08 11:45:00+00:00,81.29000091552734,81.30999755859375,81.00499725341797,81.19499969482422,339
2026-05-08 12:00:00+00:00,81.05999755859375,81.3949966430664,80.9800033569336,81.30000305175781,484
2026-05-08 12:15:00+00:00,81.13999938964844,81.25499725341797,80.90499877929688,81.08000183105469,558
2026-05-08 12:30:00+00:00,81.79000091552734,82.0,80.91999816894531,81.15499877929688,2174
2026-05-08 12:45:00+00:00,81.7300033569336,82.06500244140625,81.59500122070312,81.80000305175781,1019
2026-05-08 13:00:00+00:00,81.16999816894531,81.83000183105469,81.11000061035156,81.70999908447266,1540
2026-05-08 13:15:00+00:00,81.54499816894531,81.65499877929688,81.12999725341797,81.16500091552734,605
2026-05-08 13:30:00+00:00,81.7750015258789,82.16000366210938,81.5,81.55000305175781,1671
2026-05-08 13:45:00+00:00,82.07499694824219,82.08999633789062,81.68499755859375,81.81999969482422,732
2026-05-08 14:00:00+00:00,81.5,82.125,81.04000091552734,82.07499694824219,1474
2026-05-08 14:15:00+00:00,81.16000366210938,81.63999938964844,81.1500015258789,81.4800033569336,980
2026-05-08 14:30:00+00:00,81.47000122070312,81.5199966430664,81.06500244140625,81.16000366210938,633
2026-05-08 14:45:00+00:00,81.19000244140625,81.49500274658203,81.1050033569336,81.47000122070312,510
2026-05-08 15:00:00+00:00,80.73999786376953,81.37999725341797,80.66000366210938,81.12999725341797,823
2026-05-08 15:15:00+00:00,80.88999938964844,80.8949966430664,80.55000305175781,80.73999786376953,932
2026-05-08 15:30:00+00:00,80.55999755859375,80.9800033569336,80.44999694824219,80.9000015258789,812
2026-05-08 15:45:00+00:00,80.4749984741211,80.69000244140625,80.43000030517578,80.55000305175781,443
2026-05-08 16:00:00+00:00,80.70999908447266,80.75,80.42500305175781,80.47000122070312,582
2026-05-08 16:15:00+00:00,81.0250015258789,81.03500366210938,80.7300033569336,80.73500061035156,494
2026-05-08 16:30:00+00:00,80.88999938964844,81.08499908447266,80.87000274658203,81.04499816894531,293
2026-05-08 16:45:00+00:00,80.63500213623047,80.94999694824219,80.5999984741211,80.8949966430664,300
2026-05-08 17:00:00+00:00,80.61000061035156,80.73999786376953,80.58000183105469,80.625,437
2026-05-08 17:15:00+00:00,80.91500091552734,80.95999908447266,80.61000061035156,80.61000061035156,1393
2026-05-08 17:30:00+00:00,80.97000122070312,81.05000305175781,80.87000274658203,80.91999816894531,233
2026-05-08 17:45:00+00:00,80.91500091552734,81.0,80.88500213623047,80.95999908447266,212
2026-05-08 18:00:00+00:00,81.37999725341797,81.44000244140625,80.90499877929688,80.92500305175781,758
2026-05-08 18:15:00+00:00,81.19999694824219,81.4000015258789,81.08000183105469,81.4000015258789,290
2026-05-08 18:30:00+00:00,81.06999969482422,81.19000244140625,81.05500030517578,81.16500091552734,133
2026-05-08 18:45:00+00:00,81.01499938964844,81.11000061035156,80.96499633789062,81.05000305175781,130
2026-05-08 19:00:00+00:00,80.97000122070312,81.13999938964844,80.95500183105469,81.00499725341797,206
2026-05-08 19:15:00+00:00,81.06999969482422,81.13500213623047,80.95500183105469,80.98500061035156,243
2026-05-08 19:30:00+00:00,81.2750015258789,81.2750015258789,81.0,81.03500366210938,162
2026-05-08 19:45:00+00:00,81.19000244140625,81.30000305175781,81.11499786376953,81.28500366210938,374
2026-05-08 20:00:00+00:00,80.93499755859375,81.19000244140625,80.8949966430664,81.19000244140625,216
2026-05-08 20:15:00+00:00,80.88500213623047,80.95999908447266,80.81500244140625,80.93000030517578,123
2026-05-08 20:30:00+00:00,80.88500213623047,80.9749984741211,80.83000183105469,80.875,99
2026-05-08 20:45:00+00:00,80.86499786376953,80.91999816894531,80.80500030517578,80.90499877929688,180
2026-05-10 22:00:00+00:00,79.97000122070312,80.07499694824219,79.92500305175781,79.92500305175781,81
2026-05-10 22:15:00+00:00,80.2300033569336,80.2300033569336,79.75499725341797,79.9800033569336,162
2026-05-10 22:30:00+00:00,80.32499694824219,80.33499908447266,80.08999633789062,80.18000030517578,170
2026-05-10 22:45:00+00:00,80.44999694824219,80.52999877929688,80.28500366210938,80.30000305175781,174
2026-05-10 23:00:00+00:00,80.55999755859375,80.65499877929688,80.43000030517578,80.44000244140625,195
2026-05-10 23:15:00+00:00,80.7249984741211,80.80000305175781,80.54000091552734,80.54000091552734,135
2026-05-10 23:30:00+00:00,80.70999908447266,80.80999755859375,80.66500091552734,80.69999694824219,119
2026-05-10 23:45:00+00:00,80.48999786376953,80.7300033569336,80.41500091552734,80.6500015258789,71
2026-05-11 00:00:00+00:00,80.44999694824219,80.65499877929688,80.33000183105469,80.45999908447266,216
2026-05-11 00:15:00+00:00,80.56500244140625,80.69999694824219,80.30500030517578,80.45999908447266,177
2026-05-11 00:30:00+00:00,80.79000091552734,81.03500366210938,80.55000305175781,80.61000061035156,313
2026-05-11 00:45:00+00:00,80.55500030517578,80.79000091552734,80.11000061035156,80.7249984741211,403
2026-05-11 01:00:00+00:00,80.45999908447266,80.88999938964844,80.05500030517578,80.50499725341797,608
2026-05-11 01:15:00+00:00,81.1500015258789,81.29000091552734,80.43499755859375,80.5,406
2026-05-11 01:30:00+00:00,81.21499633789062,81.30000305175781,80.9800033569336,81.16000366210938,364
2026-05-11 01:45:00+00:00,81.30000305175781,81.40499877929688,81.0,81.25,665
2026-05-11 02:00:00+00:00,81.50499725341797,81.7750015258789,81.22000122070312,81.34500122070312,725
2026-05-11 02:15:00+00:00,81.63500213623047,81.63500213623047,81.4000015258789,81.51000213623047,108
2026-05-11 02:30:00+00:00,81.86499786376953,82.20500183105469,81.62000274658203,81.62000274658203,578
2026-05-11 02:45:00+00:00,81.5250015258789,82.00499725341797,81.46499633789062,81.86499786376953,391
2026-05-11 03:00:00+00:00,81.58999633789062,81.69000244140625,81.28500366210938,81.50499725341797,230
2026-05-11 03:15:00+00:00,81.53500366210938,81.58999633789062,81.37000274658203,81.58999633789062,162
2026-05-11 03:30:00+00:00,81.27999877929688,81.57499694824219,81.1449966430664,81.57499694824219,293
2026-05-11 03:45:00+00:00,81.19999694824219,81.3499984741211,81.11499786376953,81.29000091552734,42
2026-05-11 04:00:00+00:00,81.08000183105469,81.2300033569336,81.05999755859375,81.1500015258789,93
2026-05-11 04:15:00+00:00,80.98500061035156,81.15499877929688,80.88999938964844,81.08499908447266,158
2026-05-11 04:30:00+00:00,80.93499755859375,80.95999908447266,80.75,80.95500183105469,154
2026-05-11 04:45:00+00:00,80.83499908447266,81.02999877929688,80.83499908447266,80.96499633789062,96
2026-05-11 05:00:00+00:00,80.87000274658203,81.08000183105469,80.7750015258789,80.86000061035156,213
2026-05-11 05:15:00+00:00,80.7249984741211,80.95500183105469,80.69499969482422,80.87999725341797,151
2026-05-11 05:30:00+00:00,80.55999755859375,81.21499633789062,80.55500030517578,80.71499633789062,498
2026-05-11 05:45:00+00:00,80.3949966430664,80.7249984741211,80.2750015258789,80.55000305175781,467
2026-05-11 06:00:00+00:00,80.80999755859375,80.87999725341797,80.4000015258789,80.43000030517578,327
2026-05-11 06:15:00+00:00,80.94499969482422,80.98999786376953,80.77999877929688,80.80500030517578,213
2026-05-11 06:30:00+00:00,81.05000305175781,81.16500091552734,80.92500305175781,81.0,259
2026-05-11 06:45:00+00:00,81.16000366210938,81.29000091552734,80.98999786376953,81.03500366210938,217
2026-05-11 07:00:00+00:00,80.9800033569336,81.2300033569336,80.91999816894531,81.1500015258789,150
2026-05-11 07:15:00+00:00,81.07499694824219,81.1449966430664,80.92500305175781,80.97000122070312,156
2026-05-11 07:30:00+00:00,80.94499969482422,81.125,80.88500213623047,81.1050033569336,152
2026-05-11 07:45:00+00:00,80.83499908447266,80.93000030517578,80.72000122070312,80.93000030517578,136
2026-05-11 08:00:00+00:00,81.05000305175781,81.07499694824219,80.75499725341797,80.8550033569336,199
2026-05-11 08:15:00+00:00,80.95500183105469,81.23500061035156,80.95500183105469,81.03500366210938,221
2026-05-11 08:30:00+00:00,80.95500183105469,81.06500244140625,80.92500305175781,80.93000030517578,111
2026-05-11 08:45:00+00:00,80.81999969482422,80.95999908447266,80.81999969482422,80.95999908447266,137
2026-05-11 09:00:00+00:00,80.8499984741211,80.86000061035156,80.69000244140625,80.81999969482422,126
2026-05-11 09:15:00+00:00,80.70500183105469,80.87999725341797,80.68000030517578,80.87999725341797,87
2026-05-11 09:30:00+00:00,80.87999725341797,80.87999725341797,80.56999969482422,80.69000244140625,205
2026-05-11 09:45:00+00:00,80.71499633789062,80.95500183105469,80.68499755859375,80.86499786376953,101
2026-05-11 10:00:00+00:00,80.80500030517578,80.83000183105469,80.69000244140625,80.69000244140625,41
2026-05-11 10:15:00+00:00,80.93499755859375,81.00499725341797,80.79000091552734,80.81999969482422,136
2026-05-11 10:30:00+00:00,81.05000305175781,81.12000274658203,80.91000366210938,80.94999694824219,183
2026-05-11 10:45:00+00:00,80.96499633789062,81.12999725341797,80.91000366210938,81.05999755859375,104
2026-05-11 11:00:00+00:00,81.04499816894531,81.08000183105469,80.91999816894531,80.94499969482422,288
2026-05-11 11:15:00+00:00,81.19499969482422,81.20500183105469,80.9749984741211,81.02999877929688,130
2026-05-11 11:30:00+00:00,81.78500366210938,81.9800033569336,81.13999938964844,81.20999908447266,1089
2026-05-11 11:45:00+00:00,81.93000030517578,81.94999694824219,81.43000030517578,81.80500030517578,532
2026-05-11 12:00:00+00:00,81.75,82.11000061035156,81.66999816894531,81.95500183105469,883
2026-05-11 12:15:00+00:00,83.625,83.7300033569336,81.70999908447266,81.71499633789062,3495
2026-05-11 12:30:00+00:00,83.54000091552734,84.0,83.5,83.625,2506
2026-05-11 12:45:00+00:00,84.43499755859375,84.66000366210938,83.46499633789062,83.51499938964844,3476
2026-05-11 13:00:00+00:00,85.86499786376953,85.94999694824219,84.30999755859375,84.45500183105469,4643
2026-05-11 13:15:00+00:00,85.9749984741211,86.125,85.58000183105469,85.875,3288
2026-05-11 13:30:00+00:00,86.625,86.68499755859375,85.80000305175781,85.99500274658203,2847
2026-05-11 13:45:00+00:00,86.37000274658203,86.63500213623047,86.19999694824219,86.625,2837
2026-05-11 14:00:00+00:00,85.90499877929688,86.41999816894531,85.16999816894531,86.36000061035156,3421
2026-05-11 14:15:00+00:00,85.41500091552734,85.93499755859375,85.37999725341797,85.91000366210938,1277
2026-05-11 14:30:00+00:00,85.73999786376953,85.81500244140625,84.9749984741211,85.42500305175781,1898
2026-05-11 14:45:00+00:00,85.69999694824219,85.80500030517578,85.51499938964844,85.74500274658203,684
2026-05-11 15:00:00+00:00,86.01499938964844,86.2699966430664,85.62000274658203,85.68000030517578,1293
2026-05-11 15:15:00+00:00,86.43000030517578,86.63500213623047,85.94000244140625,86.0199966430664,1118
2026-05-11 15:30:00+00:00,86.5199966430664,86.7300033569336,86.33000183105469,86.44000244140625,1036
2026-05-11 15:45:00+00:00,86.7249984741211,86.80000305175781,86.3499984741211,86.45500183105469,913
2026-05-11 16:00:00+00:00,86.4000015258789,86.79499816894531,86.34500122070312,86.74500274658203,595
2026-05-11 16:15:00+00:00,86.29000091552734,86.44000244140625,86.22000122070312,86.41999816894531,694
2026-05-11 16:30:00+00:00,85.86000061035156,86.41999816894531,85.7750015258789,86.2699966430664,956
2026-05-11 16:45:00+00:00,85.94000244140625,86.04000091552734,85.7300033569336,85.8550033569336,689
2026-05-11 17:00:00+00:00,85.80999755859375,86.04499816894531,85.7699966430664,85.95999908447266,776
2026-05-11 17:15:00+00:00,86.13500213623047,86.19499969482422,85.75,85.78500366210938,2666
2026-05-11 17:30:00+00:00,86.33000183105469,86.38500213623047,86.12999725341797,86.13500213623047,386
2026-05-11 17:45:00+00:00,86.3949966430664,86.3949966430664,86.2300033569336,86.30000305175781,300
2026-05-11 18:00:00+00:00,86.33000183105469,86.61000061035156,86.2699966430664,86.3949966430664,467
2026-05-11 18:15:00+00:00,86.58000183105469,86.6449966430664,86.2249984741211,86.34500122070312,669
2026-05-11 18:30:00+00:00,86.6050033569336,86.69000244140625,86.55000305175781,86.55999755859375,248
2026-05-11 18:45:00+00:00,86.55999755859375,86.83000183105469,86.51499938964844,86.625,347
2026-05-11 19:00:00+00:00,86.68499755859375,86.84500122070312,86.51499938964844,86.55000305175781,285
2026-05-11 19:15:00+00:00,86.71499633789062,86.76000213623047,86.6500015258789,86.69999694824219,185
2026-05-11 19:30:00+00:00,86.74500274658203,86.79499816894531,86.51499938964844,86.69999694824219,819
2026-05-11 19:45:00+00:00,86.83499908447266,86.8949966430664,86.73999786376953,86.75499725341797,594
2026-05-11 20:00:00+00:00,86.58000183105469,86.875,86.33999633789062,86.87000274658203,427
2026-05-11 20:15:00+00:00,86.71499633789062,86.7249984741211,86.54499816894531,86.56500244140625,71
2026-05-11 20:30:00+00:00,86.9000015258789,86.94499969482422,86.70999908447266,86.70999908447266,173
2026-05-11 20:45:00+00:00,86.80500030517578,86.9749984741211,86.73500061035156,86.88500213623047,210
2026-05-11 22:00:00+00:00,87.0199966430664,87.13500213623047,86.73999786376953,86.73999786376953,81
2026-05-11 22:15:00+00:00,87.12000274658203,87.19999694824219,86.97000122070312,87.00499725341797,148
2026-05-11 22:30:00+00:00,87.53500366210938,87.53500366210938,87.06999969482422,87.09500122070312,402
2026-05-11 22:45:00+00:00,87.66000366210938,87.79499816894531,87.5,87.54499816894531,384
2026-05-11 23:00:00+00:00,87.16500091552734,87.91999816894531,86.83499908447266,87.69999694824219,775
2026-05-11 23:15:00+00:00,87.38999938964844,87.51499938964844,87.17500305175781,87.17500305175781,262
2026-05-11 23:30:00+00:00,87.63500213623047,88.0,87.36000061035156,87.36499786376953,1031
2026-05-11 23:45:00+00:00,87.93000030517578,87.98500061035156,87.51499938964844,87.66000366210938,201
2026-05-12 00:00:00+00:00,87.55999755859375,87.91000366210938,87.19000244140625,87.91000366210938,309
2026-05-12 00:15:00+00:00,87.34500122070312,87.78500366210938,86.98500061035156,87.50499725341797,371
2026-05-12 00:30:00+00:00,87.05999755859375,87.34500122070312,87.05999755859375,87.34500122070312,177
2026-05-12 00:45:00+00:00,86.7699966430664,87.21499633789062,86.72000122070312,87.09500122070312,315
2026-05-12 01:00:00+00:00,87.5,87.6449966430664,86.57499694824219,86.76000213623047,858
2026-05-12 01:15:00+00:00,87.05000305175781,87.76499938964844,87.05000305175781,87.45500183105469,529
2026-05-12 01:30:00+00:00,86.79000091552734,87.34500122070312,86.17500305175781,87.04000091552734,1132
2026-05-12 01:45:00+00:00,86.69999694824219,86.88999938964844,86.56999969482422,86.79000091552734,448
2026-05-12 02:00:00+00:00,86.95500183105469,87.18499755859375,86.73999786376953,86.73999786376953,380
2026-05-12 02:15:00+00:00,86.69499969482422,87.0,86.61000061035156,86.96499633789062,234
2026-05-12 02:30:00+00:00,86.66500091552734,86.8949966430664,86.2249984741211,86.73500061035156,560
2026-05-12 02:45:00+00:00,86.96499633789062,87.1449966430664,86.58499908447266,86.65499877929688,377
2026-05-12 03:00:00+00:00,86.96499633789062,87.1050033569336,86.79000091552734,86.99500274658203,208
2026-05-12 03:15:00+00:00,86.69499969482422,86.9800033569336,86.6050033569336,86.9749984741211,205
2026-05-12 03:30:00+00:00,86.90499877929688,87.12000274658203,86.72000122070312,86.72000122070312,164
2026-05-12 03:45:00+00:00,86.76499938964844,86.94999694824219,86.56500244140625,86.94000244140625,178
2026-05-12 04:00:00+00:00,86.91999816894531,87.0,86.74500274658203,86.77999877929688,118
2026-05-12 04:15:00+00:00,86.81500244140625,87.18000030517578,86.78500366210938,86.94999694824219,217
2026-05-12 04:30:00+00:00,86.91999816894531,87.0199966430664,86.79499816894531,86.80500030517578,171
2026-05-12 04:45:00+00:00,86.72000122070312,86.97000122070312,86.57499694824219,86.95999908447266,169
2026-05-12 05:00:00+00:00,86.44000244140625,86.88500213623047,86.30999755859375,86.63500213623047,404
2026-05-12 05:15:00+00:00,86.51000213623047,86.53500366210938,86.31999969482422,86.45999908447266,177
2026-05-12 05:30:00+00:00,86.31999969482422,86.83000183105469,86.19999694824219,86.48999786376953,492
2026-05-12 05:45:00+00:00,86.20999908447266,86.41999816894531,85.87999725341797,86.3499984741211,737
2026-05-12 06:00:00+00:00,85.54499816894531,86.21499633789062,85.44999694824219,86.21499633789062,1060
2026-05-12 06:15:00+00:00,85.375,85.80999755859375,85.33499908447266,85.56500244140625,574
2026-05-12 06:30:00+00:00,85.16999816894531,85.55000305175781,85.04499816894531,85.38500213623047,960
2026-05-12 06:45:00+00:00,84.91000366210938,85.36000061035156,84.45999908447266,85.1500015258789,1808
2026-05-12 07:00:00+00:00,84.81500244140625,84.9800033569336,84.1500015258789,84.875,1037
2026-05-12 07:15:00+00:00,84.8949966430664,85.05999755859375,84.69000244140625,84.80500030517578,383
2026-05-12 07:30:00+00:00,84.95999908447266,85.05500030517578,84.7300033569336,84.91999816894531,317
2026-05-12 07:45:00+00:00,85.16000366210938,85.40499877929688,84.81500244140625,84.95500183105469,930
2026-05-12 08:00:00+00:00,84.87999725341797,85.41000366210938,84.75499725341797,85.16000366210938,652
2026-05-12 08:15:00+00:00,84.9749984741211,85.12000274658203,84.79000091552734,84.83999633789062,216
2026-05-12 08:30:00+00:00,84.875,85.01000213623047,84.62999725341797,84.95999908447266,252
2026-05-12 08:45:00+00:00,84.9749984741211,85.06999969482422,84.7750015258789,84.81999969482422,187
2026-05-12 09:00:00+00:00,84.73999786376953,85.01000213623047,84.73999786376953,84.9749984741211,140
2026-05-12 09:15:00+00:00,84.68000030517578,84.83999633789062,84.54499816894531,84.7249984741211,213
2026-05-12 09:30:00+00:00,84.72000122070312,85.11000061035156,84.68499755859375,84.69999694824219,470
2026-05-12 09:45:00+00:00,84.69999694824219,84.87999725341797,84.55500030517578,84.73999786376953,305
2026-05-12 10:00:00+00:00,85.08999633789062,85.1449966430664,84.67500305175781,84.68000030517578,533
2026-05-12 10:15:00+00:00,84.70999908447266,85.05000305175781,84.68499755859375,85.05000305175781,324
2026-05-12 10:30:00+00:00,84.3949966430664,84.70999908447266,84.28500366210938,84.70999908447266,593
2026-05-12 10:45:00+00:00,84.44499969482422,84.49500274658203,84.25,84.3949966430664,305
2026-05-12 11:00:00+00:00,84.125,84.69000244140625,83.81999969482422,84.4800033569336,1248
2026-05-12 11:15:00+00:00,84.37000274658203,84.37000274658203,83.99500274658203,84.15499877929688,345
2026-05-12 11:30:00+00:00,84.6449966430664,84.72000122070312,84.3499984741211,84.3499984741211,500
2026-05-12 11:45:00+00:00,84.87000274658203,84.90499877929688,84.5250015258789,84.63999938964844,379
2026-05-12 12:00:00+00:00,84.37000274658203,84.8949966430664,84.2300033569336,84.87000274658203,712
2026-05-12 12:15:00+00:00,84.69000244140625,84.7699966430664,84.27999877929688,84.3499984741211,955
2026-05-12 12:30:00+00:00,85.0250015258789,85.2300033569336,84.04000091552734,84.5999984741211,1583
2026-05-12 12:45:00+00:00,85.23500061035156,85.58000183105469,85.02999877929688,85.02999877929688,1000
2026-05-12 13:00:00+00:00,85.13500213623047,85.66000366210938,84.98500061035156,85.20500183105469,1411
2026-05-12 13:15:00+00:00,85.19999694824219,85.25,84.66999816894531,85.08999633789062,1242
2026-05-12 13:30:00+00:00,85.93000030517578,86.01499938964844,85.1500015258789,85.19999694824219,2203
2026-05-12 13:45:00+00:00,85.17500305175781,86.05000305175781,85.12000274658203,85.92500305175781,1612
2026-05-12 14:00:00+00:00,86.05500030517578,86.12999725341797,85.0,85.18499755859375,1515
2026-05-12 14:15:00+00:00,85.70999908447266,86.06999969482422,85.5999984741211,86.05500030517578,1174
2026-05-12 14:30:00+00:00,85.68000030517578,85.79499816894531,85.22000122070312,85.69499969482422,1342
2026-05-12 14:45:00+00:00,85.0199966430664,85.66999816894531,84.90499877929688,85.65499877929688,1697
2026-05-12 15:00:00+00:00,84.71499633789062,85.13500213623047,84.71499633789062,85.01000213623047,1224
2026-05-12 15:15:00+00:00,84.2750015258789,84.76499938964844,83.66999816894531,84.69999694824219,2835
2026-05-12 15:30:00+00:00,84.74500274658203,84.82499694824219,84.18000030517578,84.26499938964844,1144
2026-05-12 15:45:00+00:00,84.7699966430664,84.9000015258789,84.61499786376953,84.76000213623047,850
2026-05-12 16:00:00+00:00,85.1449966430664,85.20500183105469,84.69999694824219,84.80500030517578,963
2026-05-12 16:15:00+00:00,85.03500366210938,85.20999908447266,84.94499969482422,85.12000274658203,983
2026-05-12 16:30:00+00:00,84.97000122070312,85.16999816894531,84.91000366210938,85.05000305175781,705
2026-05-12 16:45:00+00:00,85.27999877929688,85.36000061035156,84.79499816894531,84.9800033569336,547
2026-05-12 17:00:00+00:00,85.58499908447266,85.69499969482422,85.30000305175781,85.30000305175781,1093
2026-05-12 17:15:00+00:00,85.56999969482422,85.76499938964844,85.5,85.59500122070312,1318
2026-05-12 17:30:00+00:00,85.93000030517578,85.95500183105469,85.5,85.59500122070312,516
2026-05-12 17:45:00+00:00,85.72000122070312,85.9800033569336,85.68499755859375,85.94000244140625,330
2026-05-12 18:00:00+00:00,85.69499969482422,85.93499755859375,85.53500366210938,85.72000122070312,537
2026-05-12 18:15:00+00:00,86.05000305175781,86.12999725341797,85.66000366210938,85.68499755859375,487
2026-05-12 18:30:00+00:00,86.57499694824219,86.6050033569336,86.03500366210938,86.04499816894531,784
2026-05-12 18:45:00+00:00,86.73500061035156,86.86000061035156,86.37000274658203,86.55999755859375,560
2026-05-12 19:00:00+00:00,86.95999908447266,87.1449966430664,86.75499725341797,86.75499725341797,625
2026-05-12 19:15:00+00:00,86.90499877929688,87.01499938964844,86.6449966430664,86.9800033569336,724
2026-05-12 19:30:00+00:00,87.2249984741211,87.2699966430664,86.91500091552734,86.93499755859375,548
2026-05-12 19:45:00+00:00,87.375,87.45999908447266,87.19999694824219,87.21499633789062,503
2026-05-12 20:00:00+00:00,87.30000305175781,87.45500183105469,87.19000244140625,87.375,352
2026-05-12 20:15:00+00:00,87.2249984741211,87.4000015258789,87.19000244140625,87.30500030517578,138
2026-05-12 20:30:00+00:00,87.21499633789062,87.27999877929688,87.12999725341797,87.25,92
2026-05-12 20:45:00+00:00,87.20500183105469,87.2699966430664,87.11499786376953,87.2300033569336,154
2026-05-12 22:00:00+00:00,87.43499755859375,87.58499908447266,87.26499938964844,87.31999969482422,72
2026-05-12 22:15:00+00:00,87.58999633789062,87.6500015258789,87.44999694824219,87.44999694824219,184
2026-05-12 22:30:00+00:00,87.51499938964844,87.62999725341797,87.5,87.58499908447266,65
2026-05-12 22:45:00+00:00,87.46499633789062,87.7249984741211,87.46499633789062,87.5250015258789,102
2026-05-12 23:00:00+00:00,87.43000030517578,87.59500122070312,87.42500305175781,87.46499633789062,61
2026-05-12 23:15:00+00:00,87.54000091552734,87.54000091552734,87.31999969482422,87.41999816894531,104
2026-05-12 23:30:00+00:00,87.7750015258789,87.78500366210938,87.5,87.5,276
2026-05-12 23:45:00+00:00,87.8949966430664,88.0199966430664,87.61000061035156,87.80000305175781,383
2026-05-13 00:00:00+00:00,87.91999816894531,88.3550033569336,87.69999694824219,87.86000061035156,1165
2026-05-13 00:15:00+00:00,88.19999694824219,88.30000305175781,87.8949966430664,87.91000366210938,255
2026-05-13 00:30:00+00:00,88.22000122070312,88.44000244140625,88.02999877929688,88.24500274658203,291
2026-05-13 00:45:00+00:00,87.94000244140625,88.26499938964844,87.91000366210938,88.18000030517578,363
2026-05-13 01:00:00+00:00,88.29000091552734,88.58000183105469,87.70500183105469,87.96499633789062,1323
2026-05-13 01:15:00+00:00,87.56999969482422,88.3949966430664,87.54000091552734,88.31999969482422,495
2026-05-13 01:30:00+00:00,87.82499694824219,87.91000366210938,87.30500030517578,87.54000091552734,845
2026-05-13 01:45:00+00:00,87.55500030517578,88.04499816894531,87.44499969482422,87.87999725341797,395
2026-05-13 02:00:00+00:00,87.63500213623047,87.9800033569336,87.48999786376953,87.52999877929688,407
2026-05-13 02:15:00+00:00,87.67500305175781,87.82499694824219,87.55999755859375,87.58999633789062,148
2026-05-13 02:30:00+00:00,87.33499908447266,87.69499969482422,87.32499694824219,87.69499969482422,400
2026-05-13 02:45:00+00:00,86.90499877929688,87.37999725341797,86.66000366210938,87.37000274658203,780
2026-05-13 03:00:00+00:00,87.11499786376953,87.12999725341797,86.78500366210938,86.97000122070312,183
2026-05-13 03:15:00+00:00,87.27999877929688,87.37999725341797,87.01499938964844,87.1050033569336,274
2026-05-13 03:30:00+00:00,87.6050033569336,87.70999908447266,87.2699966430664,87.27999877929688,343
2026-05-13 03:45:00+00:00,87.2750015258789,87.68499755859375,87.2750015258789,87.61000061035156,281
2026-05-13 04:00:00+00:00,87.37999725341797,87.5,87.33999633789062,87.33999633789062,105
2026-05-13 04:15:00+00:00,87.37000274658203,87.48500061035156,87.34500122070312,87.41999816894531,107
2026-05-13 04:30:00+00:00,87.15499877929688,87.42500305175781,87.0999984741211,87.3499984741211,166
2026-05-13 04:45:00+00:00,87.125,87.26000213623047,87.06500244140625,87.125,176
2026-05-13 05:00:00+00:00,87.33499908447266,87.44499969482422,87.01000213623047,87.06999969482422,174
2026-05-13 05:15:00+00:00,86.8499984741211,87.30999755859375,86.83499908447266,87.30999755859375,274
2026-05-13 05:30:00+00:00,86.70999908447266,86.94999694824219,86.33000183105469,86.82499694824219,685
2026-05-13 05:45:00+00:00,87.13500213623047,87.17500305175781,86.67500305175781,86.75,160
2026-05-13 06:00:00+00:00,87.40499877929688,87.41000366210938,87.0199966430664,87.1500015258789,399
2026-05-13 06:15:00+00:00,87.32499694824219,87.65499877929688,87.26499938964844,87.41500091552734,505
2026-05-13 06:30:00+00:00,87.5250015258789,87.56999969482422,87.27999877929688,87.28500366210938,330
2026-05-13 06:45:00+00:00,87.34500122070312,87.54000091552734,87.18000030517578,87.54000091552734,290
2026-05-13 07:00:00+00:00,87.4000015258789,87.50499725341797,87.20999908447266,87.31500244140625,371
2026-05-13 07:15:00+00:00,87.50499725341797,87.66999816894531,87.3949966430664,87.3949966430664,310
2026-05-13 07:30:00+00:00,87.33499908447266,87.51000213623047,87.26000213623047,87.51000213623047,125
2026-05-13 07:45:00+00:00,87.2300033569336,87.41000366210938,87.02999877929688,87.33999633789062,290
2026-05-13 08:00:00+00:00,87.19000244140625,87.29499816894531,87.09500122070312,87.23500061035156,109
2026-05-13 08:15:00+00:00,87.0199966430664,87.2249984741211,86.8949966430664,87.21499633789062,308
2026-05-13 08:30:00+00:00,87.01000213623047,87.2249984741211,86.97000122070312,87.04499816894531,170
2026-05-13 08:45:00+00:00,87.18499755859375,87.25,86.94000244140625,87.0199966430664,144
2026-05-13 09:00:00+00:00,86.95999908447266,87.22000122070312,86.95999908447266,87.16500091552734,97
2026-05-13 09:15:00+00:00,87.07499694824219,87.19000244140625,86.875,87.0199966430664,320
2026-05-13 09:30:00+00:00,87.2750015258789,87.33499908447266,86.98999786376953,87.07499694824219,240
2026-05-13 09:45:00+00:00,87.52999877929688,87.62000274658203,87.2750015258789,87.31999969482422,298
2026-05-13 10:00:00+00:00,87.83499908447266,88.23500061035156,87.52999877929688,87.53500366210938,676
2026-05-13 10:15:00+00:00,87.67500305175781,87.93000030517578,87.56999969482422,87.82499694824219,338
2026-05-13 10:30:00+00:00,87.52999877929688,87.69999694824219,87.4749984741211,87.6449966430664,242
2026-05-13 10:45:00+00:00,87.3949966430664,87.5999984741211,87.3550033569336,87.52999877929688,125
2026-05-13 11:00:00+00:00,87.8499984741211,87.8499984741211,87.33000183105469,87.3949966430664,379
2026-05-13 11:15:00+00:00,87.80500030517578,87.86499786376953,87.52999877929688,87.84500122070312,256
2026-05-13 11:30:00+00:00,88.17500305175781,88.30999755859375,87.76499938964844,87.76499938964844,635
2026-05-13 11:45:00+00:00,87.86499786376953,88.38500213623047,87.81999969482422,88.18000030517578,455
2026-05-13 12:00:00+00:00,87.82499694824219,88.05000305175781,87.70500183105469,87.8499984741211,461
2026-05-13 12:15:00+00:00,87.45999908447266,87.81999969482422,87.05000305175781,87.81999969482422,1061
2026-05-13 12:30:00+00:00,87.125,87.5,86.69000244140625,87.5,1827
2026-05-13 12:45:00+00:00,87.09500122070312,87.26499938964844,86.76499938964844,87.09500122070312,1161
2026-05-13 13:00:00+00:00,87.66500091552734,87.70500183105469,87.08999633789062,87.09500122070312,1015
2026-05-13 13:15:00+00:00,87.625,87.82499694824219,87.55500030517578,87.67500305175781,931
2026-05-13 13:30:00+00:00,87.79499816894531,88.08000183105469,87.21499633789062,87.62000274658203,1734
2026-05-13 13:45:00+00:00,87.82499694824219,87.94499969482422,87.21499633789062,87.80999755859375,1260
2026-05-13 14:00:00+00:00,88.19499969482422,88.29000091552734,87.56999969482422,87.80000305175781,1160
2026-05-13 14:15:00+00:00,88.44000244140625,88.5,87.83000183105469,88.19000244140625,1131
2026-05-13 14:30:00+00:00,88.68499755859375,88.96499633789062,88.3949966430664,88.41000366210938,2071
2026-05-13 14:45:00+00:00,88.59500122070312,88.9800033569336,88.4749984741211,88.69000244140625,997
2026-05-13 15:00:00+00:00,89.08000183105469,89.37999725341797,88.5250015258789,88.58499908447266,1487
2026-05-13 15:15:00+00:00,89.11000061035156,89.19999694824219,88.98999786376953,89.07499694824219,733
2026-05-13 15:30:00+00:00,89.36000061035156,89.45999908447266,88.93499755859375,89.08999633789062,923
2026-05-13 15:45:00+00:00,89.55500030517578,89.56500244140625,89.29000091552734,89.36499786376953,697
2026-05-13 16:00:00+00:00,89.93000030517578,89.96499633789062,89.51000213623047,89.55999755859375,1856
2026-05-13 16:15:00+00:00,90.02999877929688,90.1050033569336,89.66999816894531,89.93499755859375,1789
2026-05-13 16:30:00+00:00,89.68000030517578,90.08499908447266,89.58999633789062,90.05500030517578,1568
2026-05-13 16:45:00+00:00,89.36499786376953,89.83499908447266,89.33000183105469,89.68499755859375,1405
2026-05-13 17:00:00+00:00,89.80000305175781,89.83000183105469,89.33999633789062,89.375,792
2026-05-13 17:15:00+00:00,89.20999908447266,89.83999633789062,89.17500305175781,89.79499816894531,2058
2026-05-13 17:30:00+00:00,88.66999816894531,89.23500061035156,88.62000274658203,89.23500061035156,1051
2026-05-13 17:45:00+00:00,88.58999633789062,88.80500030517578,88.51499938964844,88.66999816894531,460
2026-05-13 18:00:00+00:00,88.92500305175781,88.99500274658203,88.5250015258789,88.54000091552734,488
2026-05-13 18:15:00+00:00,88.875,88.97000122070312,88.62000274658203,88.94499969482422,429
2026-05-13 18:30:00+00:00,88.41500091552734,88.93000030517578,88.36000061035156,88.86499786376953,673
2026-05-13 18:45:00+00:00,88.2249984741211,88.5250015258789,87.94000244140625,88.41500091552734,1004
2026-05-13 19:00:00+00:00,88.5999984741211,88.61000061035156,88.22000122070312,88.25499725341797,346
2026-05-13 19:15:00+00:00,88.46499633789062,88.62000274658203,88.4000015258789,88.58999633789062,218
2026-05-13 19:30:00+00:00,88.44000244140625,88.51000213623047,88.30500030517578,88.4800033569336,189
2026-05-13 19:45:00+00:00,88.31500244140625,88.4749984741211,88.26499938964844,88.41500091552734,316
2026-05-13 20:00:00+00:00,88.27999877929688,88.3499984741211,88.13500213623047,88.31500244140625,321
2026-05-13 20:15:00+00:00,88.30500030517578,88.45999908447266,88.26000213623047,88.29000091552734,130
2026-05-13 20:30:00+00:00,88.2300033569336,88.3499984741211,88.11000061035156,88.31999969482422,146
2026-05-13 20:45:00+00:00,88.15499877929688,88.26499938964844,88.07499694824219,88.26499938964844,135
2026-05-13 22:00:00+00:00,88.30000305175781,88.41500091552734,88.125,88.125,48
2026-05-13 22:15:00+00:00,88.45999908447266,88.56500244140625,88.30000305175781,88.30500030517578,185
2026-05-13 22:30:00+00:00,88.625,88.63500213623047,88.41500091552734,88.4800033569336,68
2026-05-13 22:45:00+00:00,88.51499938964844,88.6050033569336,88.4800033569336,88.6050033569336,222
2026-05-13 23:00:00+00:00,88.55500030517578,88.58999633789062,88.40499877929688,88.53500366210938,147
2026-05-13 23:15:00+00:00,88.3499984741211,88.55999755859375,88.2300033569336,88.55500030517578,93
2026-05-13 23:30:00+00:00,88.29499816894531,88.44499969482422,88.28500366210938,88.34500122070312,100
2026-05-13 23:45:00+00:00,88.41500091552734,88.41999816894531,88.0999984741211,88.33999633789062,232
2026-05-14 00:00:00+00:00,88.45500183105469,88.55999755859375,88.06500244140625,88.4000015258789,617
2026-05-14 00:15:00+00:00,88.2249984741211,88.70999908447266,88.125,88.48500061035156,308
2026-05-14 00:30:00+00:00,88.37000274658203,88.37999725341797,88.02999877929688,88.2249984741211,250
2026-05-14 00:45:00+00:00,88.74500274658203,88.81999969482422,88.26000213623047,88.38999938964844,917
2026-05-14 01:00:00+00:00,87.91000366210938,89.16500091552734,87.62999725341797,88.75,1895
2026-05-14 01:15:00+00:00,88.28500366210938,88.37000274658203,87.68000030517578,87.8499984741211,513
2026-05-14 01:30:00+00:00,88.00499725341797,88.23999786376953,87.7750015258789,88.19499969482422,293
2026-05-14 01:45:00+00:00,87.90499877929688,88.3499984741211,87.63500213623047,88.05000305175781,373
2026-05-14 02:00:00+00:00,87.72000122070312,88.06999969482422,87.63999938964844,87.94999694824219,216
2026-05-14 02:15:00+00:00,88.08499908447266,88.13500213623047,87.72000122070312,87.7750015258789,266
2026-05-14 02:30:00+00:00,87.94000244140625,88.375,87.7249984741211,88.07499694824219,420
2026-05-14 02:45:00+00:00,87.62999725341797,88.00499725341797,87.375,87.92500305175781,559
2026-05-14 03:00:00+00:00,87.26499938964844,87.91000366210938,87.19999694824219,87.625,677
2026-05-14 03:15:00+00:00,87.66500091552734,87.67500305175781,87.12999725341797,87.31500244140625,478
2026-05-14 03:30:00+00:00,87.12000274658203,87.70999908447266,86.96499633789062,87.69999694824219,642
2026-05-14 03:45:00+00:00,87.0250015258789,87.23999786376953,86.91000366210938,87.13500213623047,432
2026-05-14 04:00:00+00:00,87.2249984741211,87.2699966430664,86.80000305175781,86.95500183105469,366
2026-05-14 04:15:00+00:00,87.66500091552734,87.87999725341797,87.23500061035156,87.23500061035156,405
2026-05-14 04:30:00+00:00,87.68499755859375,87.91500091552734,87.56500244140625,87.66000366210938,371
2026-05-14 04:45:00+00:00,87.5,87.7750015258789,87.4800033569336,87.6500015258789,297
2026-05-14 05:00:00+00:00,87.49500274658203,87.78500366210938,87.44499969482422,87.48500061035156,343
2026-05-14 05:15:00+00:00,87.4800033569336,87.63999938964844,87.40499877929688,87.47000122070312,198
2026-05-14 05:30:00+00:00,87.87999725341797,87.91000366210938,87.44000244140625,87.45500183105469,512
2026-05-14 05:45:00+00:00,87.51000213623047,88.05999755859375,87.51000213623047,87.88500213623047,372
2026-05-14 06:00:00+00:00,87.6500015258789,87.87000274658203,87.4749984741211,87.5,205
2026-05-14 06:15:00+00:00,87.70500183105469,87.81999969482422,87.55000305175781,87.6050033569336,129
2026-05-14 06:30:00+00:00,87.83999633789062,87.86000061035156,87.5199966430664,87.66000366210938,231
2026-05-14 06:45:00+00:00,87.76000213623047,87.98999786376953,87.52999877929688,87.82499694824219,308
2026-05-14 07:00:00+00:00,87.32499694824219,87.74500274658203,87.19999694824219,87.69999694824219,403
2026-05-14 07:15:00+00:00,87.86499786376953,87.91999816894531,87.25,87.33000183105469,310
2026-05-14 07:30:00+00:00,87.94999694824219,88.16500091552734,87.67500305175781,87.8550033569336,384
2026-05-14 07:45:00+00:00,87.58499908447266,87.9749984741211,87.51499938964844,87.93000030517578,253
2026-05-14 08:00:00+00:00,87.84500122070312,87.90499877929688,87.51000213623047,87.55999755859375,150
2026-05-14 08:15:00+00:00,88.03500366210938,88.03500366210938,87.81999969482422,87.90499877929688,149
2026-05-14 08:30:00+00:00,87.70999908447266,88.16000366210938,87.66500091552734,88.08499908447266,216
2026-05-14 08:45:00+00:00,87.58000183105469,87.76000213623047,87.57499694824219,87.72000122070312,123
2026-05-14 09:00:00+00:00,87.6050033569336,87.81999969482422,87.48500061035156,87.57499694824219,298
2026-05-14 09:15:00+00:00,87.58499908447266,87.76000213623047,87.58499908447266,87.6449966430664,60
2026-05-14 09:30:00+00:00,87.76000213623047,87.875,87.25,87.52999877929688,420
2026-05-14 09:45:00+00:00,87.7300033569336,88.03500366210938,87.7300033569336,87.7750015258789,515
2026-05-14 10:00:00+00:00,87.55500030517578,87.83499908447266,87.44999694824219,87.74500274658203,546
2026-05-14 10:15:00+00:00,87.47000122070312,87.62999725341797,87.3550033569336,87.55999755859375,445
2026-05-14 10:30:00+00:00,87.44499969482422,87.56999969482422,87.36499786376953,87.4800033569336,503
2026-05-14 10:45:00+00:00,87.70999908447266,87.78500366210938,87.4000015258789,87.45500183105469,498
2026-05-14 11:00:00+00:00,87.55500030517578,87.81999969482422,87.25499725341797,87.70999908447266,533
2026-05-14 11:15:00+00:00,87.12000274658203,87.54000091552734,87.04000091552734,87.54000091552734,407
2026-05-14 11:30:00+00:00,87.37999725341797,87.43000030517578,87.04000091552734,87.12000274658203,275
2026-05-14 11:45:00+00:00,87.29000091552734,87.62999725341797,87.29000091552734,87.31999969482422,303
2026-05-14 12:00:00+00:00,87.45999908447266,87.58999633789062,87.2300033569336,87.23999786376953,403
2026-05-14 12:15:00+00:00,87.1500015258789,87.62999725341797,87.11000061035156,87.48999786376953,814
2026-05-14 12:30:00+00:00,86.79499816894531,87.28500366210938,86.75,87.28500366210938,1377
2026-05-14 12:45:00+00:00,87.125,87.23999786376953,86.66999816894531,86.78500366210938,731
2026-05-14 13:00:00+00:00,86.83999633789062,87.33499908447266,86.4800033569336,87.12000274658203,1659
2026-05-14 13:15:00+00:00,85.94999694824219,86.87000274658203,85.76499938964844,86.8499984741211,2553
2026-05-14 13:30:00+00:00,85.0199966430664,85.91000366210938,84.63999938964844,85.91000366210938,3939
2026-05-14 13:45:00+00:00,84.48500061035156,85.4000015258789,84.375,85.00499725341797,2174
2026-05-14 14:00:00+00:00,85.125,85.16500091552734,84.36000061035156,84.47000122070312,2158
2026-05-14 14:15:00+00:00,85.2249984741211,85.6050033569336,85.03500366210938,85.12999725341797,1630
2026-05-14 14:30:00+00:00,85.36000061035156,85.55999755859375,85.16999816894531,85.20999908447266,811
2026-05-14 14:45:00+00:00,85.0199966430664,85.51499938964844,85.0199966430664,85.37000274658203,629
2026-05-14 15:00:00+00:00,85.33999633789062,85.41000366210938,84.97000122070312,85.01000213623047,776
2026-05-14 15:15:00+00:00,85.67500305175781,85.76499938964844,85.20999908447266,85.33499908447266,887
2026-05-14 15:30:00+00:00,85.54499816894531,85.80500030517578,85.47000122070312,85.6050033569336,584
2026-05-14 15:45:00+00:00,85.43499755859375,85.625,85.28500366210938,85.57499694824219,526
2026-05-14 16:00:00+00:00,85.33999633789062,85.54000091552734,85.12999725341797,85.44499969482422,696
2026-05-14 16:15:00+00:00,85.19000244140625,85.53500366210938,85.16500091552734,85.3550033569336,367
2026-05-14 16:30:00+00:00,85.16000366210938,85.26000213623047,84.81999969482422,85.2249984741211,722
2026-05-14 16:45:00+00:00,85.28500366210938,85.33999633789062,85.03500366210938,85.1500015258789,663
2026-05-14 17:00:00+00:00,85.17500305175781,85.4749984741211,85.11000061035156,85.30000305175781,721
2026-05-14 17:15:00+00:00,85.27999877929688,85.42500305175781,85.11000061035156,85.16000366210938,1218
2026-05-14 17:30:00+00:00,85.47000122070312,85.51000213623047,85.2300033569336,85.30999755859375,279
2026-05-14 17:45:00+00:00,85.33499908447266,85.48500061035156,85.33499908447266,85.46499633789062,417
2026-05-14 18:00:00+00:00,85.18000030517578,85.33499908447266,84.88500213623047,85.33499908447266,749
2026-05-14 18:15:00+00:00,85.0999984741211,85.26000213623047,85.08999633789062,85.17500305175781,121
2026-05-14 18:30:00+00:00,84.87999725341797,85.13999938964844,84.87999725341797,85.08000183105469,156
2026-05-14 18:45:00+00:00,85.02999877929688,85.02999877929688,84.66000366210938,84.91000366210938,474
2026-05-14 19:00:00+00:00,84.67500305175781,85.03500366210938,84.6050033569336,85.03500366210938,289
2026-05-14 19:15:00+00:00,84.55500030517578,84.79000091552734,84.55500030517578,84.68499755859375,472
2026-05-14 19:30:00+00:00,84.05500030517578,84.62000274658203,84.01000213623047,84.56999969482422,1238
2026-05-14 19:45:00+00:00,84.04499816894531,84.26499938964844,83.87000274658203,84.02999877929688,996
2026-05-14 20:00:00+00:00,83.80999755859375,84.20500183105469,83.80500030517578,84.05000305175781,411
2026-05-14 20:15:00+00:00,83.83000183105469,83.87999725341797,83.7300033569336,83.81999969482422,196
2026-05-14 20:30:00+00:00,84.01000213623047,84.03500366210938,83.625,83.83000183105469,445
2026-05-14 20:45:00+00:00,84.01000213623047,84.09500122070312,84.0,84.00499725341797,130
2026-05-14 22:00:00+00:00,84.08999633789062,84.17500305175781,83.84500122070312,84.0,93
2026-05-14 22:15:00+00:00,84.11499786376953,84.13500213623047,84.04000091552734,84.11000061035156,120
2026-05-14 22:30:00+00:00,84.37999725341797,84.37999725341797,84.125,84.16500091552734,183
2026-05-14 22:45:00+00:00,84.28500366210938,84.37999725341797,84.1500015258789,84.375,141
2026-05-14 23:00:00+00:00,84.1050033569336,84.33499908447266,84.0999984741211,84.28500366210938,66
2026-05-14 23:15:00+00:00,84.28500366210938,84.30000305175781,83.91000366210938,84.05999755859375,289
2026-05-14 23:30:00+00:00,84.18000030517578,84.34500122070312,83.31500244140625,84.30500030517578,575
2026-05-14 23:45:00+00:00,83.98500061035156,84.17500305175781,83.66500091552734,84.15499877929688,322
2026-05-15 00:00:00+00:00,83.7249984741211,84.06500244140625,83.5999984741211,83.95999908447266,269
2026-05-15 00:15:00+00:00,83.42500305175781,84.18000030517578,83.31999969482422,83.78500366210938,493
2026-05-15 00:30:00+00:00,82.73999786376953,83.44999694824219,82.4000015258789,83.44999694824219,1339
2026-05-15 00:45:00+00:00,82.94999694824219,83.01499938964844,82.25,82.77999877929688,1003
2026-05-15 01:00:00+00:00,81.93499755859375,83.01000213623047,81.5999984741211,82.97000122070312,1916
2026-05-15 01:15:00+00:00,81.45999908447266,82.09500122070312,81.43499755859375,81.91999816894531,784
2026-05-15 01:30:00+00:00,82.06500244140625,82.06500244140625,81.41500091552734,81.47000122070312,735
2026-05-15 01:45:00+00:00,81.21499633789062,82.07499694824219,81.01499938964844,82.02999877929688,864
2026-05-15 02:00:00+00:00,81.5199966430664,81.63999938964844,81.08000183105469,81.23500061035156,537
2026-05-15 02:15:00+00:00,81.51499938964844,81.66000366210938,81.31500244140625,81.48999786376953,165
2026-05-15 02:30:00+00:00,81.69000244140625,81.71499633789062,81.38999938964844,81.54000091552734,243
2026-05-15 02:45:00+00:00,81.81999969482422,82.08999633789062,81.58499908447266,81.71499633789062,475
2026-05-15 03:00:00+00:00,81.81500244140625,82.06999969482422,81.7750015258789,81.84500122070312,295
2026-05-15 03:15:00+00:00,81.43000030517578,81.83999633789062,81.3499984741211,81.83000183105469,321
2026-05-15 03:30:00+00:00,81.6500015258789,81.83000183105469,81.26499938964844,81.47000122070312,398
2026-05-15 03:45:00+00:00,81.81999969482422,81.83999633789062,81.4749984741211,81.6449966430664,158
2026-05-15 04:00:00+00:00,81.92500305175781,81.92500305175781,81.67500305175781,81.82499694824219,102
2026-05-15 04:15:00+00:00,81.81999969482422,81.93499755859375,81.5250015258789,81.93499755859375,253
2026-05-15 04:30:00+00:00,81.44000244140625,81.875,81.38999938964844,81.75499725341797,92
2026-05-15 04:45:00+00:00,81.3949966430664,81.63999938964844,81.3499984741211,81.44499969482422,144
2026-05-15 05:00:00+00:00,80.83000183105469,81.38999938964844,80.63500213623047,81.37999725341797,708
2026-05-15 05:15:00+00:00,80.62999725341797,80.93499755859375,80.40499877929688,80.78500366210938,720
2026-05-15 05:30:00+00:00,78.56999969482422,80.67500305175781,78.19999694824219,80.63500213623047,4636
2026-05-15 05:45:00+00:00,78.3550033569336,78.93000030517578,78.0999984741211,78.55500030517578,1524
2026-05-15 06:00:00+00:00,78.77999877929688,78.77999877929688,77.95500183105469,78.3550033569336,1567
2026-05-15 06:15:00+00:00,78.76499938964844,79.19000244140625,78.68499755859375,78.79000091552734,1191
2026-05-15 06:30:00+00:00,78.9000015258789,79.12000274658203,78.78500366210938,78.78500366210938,529
2026-05-15 06:45:00+00:00,78.76499938964844,79.12000274658203,78.62000274658203,78.94000244140625,508
2026-05-15 07:00:00+00:00,79.625,79.66999816894531,78.51499938964844,78.80000305175781,1035
2026-05-15 07:15:00+00:00,79.63500213623047,79.78500366210938,79.37000274658203,79.62000274658203,1026
2026-05-15 07:30:00+00:00,79.54499816894531,79.65499877929688,79.32499694824219,79.62999725341797,598
2026-05-15 07:45:00+00:00,79.36000061035156,79.56999969482422,79.19499969482422,79.55500030517578,404
2026-05-15 08:00:00+00:00,78.99500274658203,79.44000244140625,78.7750015258789,79.375,722
2026-05-15 08:15:00+00:00,78.56500244140625,78.94499969482422,78.44000244140625,78.94499969482422,867
2026-05-15 08:30:00+00:00,79.0999984741211,79.0999984741211,78.29000091552734,78.55000305175781,665
2026-05-15 08:45:00+00:00,78.57499694824219,79.13500213623047,78.5,79.11000061035156,342
2026-05-15 09:00:00+00:00,78.38500213623047,78.94999694824219,78.23999786376953,78.62000274658203,487
2026-05-15 09:15:00+00:00,78.4000015258789,78.44999694824219,77.69999694824219,78.38500213623047,959
2026-05-15 09:30:00+00:00,77.875,78.47000122070312,77.78500366210938,78.38500213623047,755
2026-05-15 09:45:00+00:00,77.8550033569336,77.98999786376953,77.19999694824219,77.86499786376953,1997
2026-05-15 10:00:00+00:00,78.54499816894531,78.58499908447266,77.80999755859375,77.88500213623047,871
2026-05-15 10:15:00+00:00,78.87999725341797,79.12000274658203,78.46499633789062,78.52999877929688,1104
2026-05-15 10:30:00+00:00,79.08499908447266,79.08499908447266,78.6500015258789,78.88999938964844,624
2026-05-15 10:45:00+00:00,79.33999633789062,79.55000305175781,79.00499725341797,79.06500244140625,1034
2026-05-15 11:00:00+00:00,79.16500091552734,79.4800033569336,79.08999633789062,79.30999755859375,608
2026-05-15 11:15:00+00:00,79.01000213623047,79.375,78.9000015258789,79.1500015258789,489
2026-05-15 11:30:00+00:00,78.73999786376953,79.03500366210938,78.62000274658203,79.02999877929688,418
2026-05-15 11:45:00+00:00,78.79000091552734,79.04000091552734,78.73999786376953,78.73999786376953,417
2026-05-15 12:00:00+00:00,78.48500061035156,78.76499938964844,78.42500305175781,78.76499938964844,488
2026-05-15 12:15:00+00:00,78.79499816894531,79.04000091552734,78.44499969482422,78.44499969482422,746
2026-05-15 12:30:00+00:00,77.99500274658203,78.75,77.9000015258789,78.73500061035156,1347
2026-05-15 12:45:00+00:00,77.6449966430664,78.16000366210938,77.59500122070312,77.94999694824219,1109
2026-05-15 13:00:00+00:00,77.28500366210938,77.73500061035156,76.69999694824219,77.62000274658203,3301
2026-05-15 13:15:00+00:00,77.4800033569336,77.76499938964844,77.0,77.27999877929688,1621
2026-05-15 13:30:00+00:00,76.41999816894531,77.53500366210938,76.3949966430664,77.48999786376953,2700
2026-05-15 13:45:00+00:00,76.83000183105469,77.17500305175781,76.17500305175781,76.41000366210938,2631
2026-05-15 14:00:00+00:00,77.07499694824219,77.22000122070312,76.44000244140625,76.83499908447266,1869
2026-05-15 14:15:00+00:00,77.27999877929688,77.51000213623047,76.73999786376953,77.06999969482422,2116
2026-05-15 14:30:00+00:00,76.95500183105469,77.43499755859375,76.82499694824219,77.29499816894531,1072
2026-05-15 14:45:00+00:00,77.25499725341797,77.33000183105469,76.57499694824219,76.94000244140625,1237
2026-05-15 15:00:00+00:00,76.94499969482422,77.36499786376953,76.81500244140625,77.26499938964844,1081
2026-05-15 15:15:00+00:00,76.82499694824219,77.01000213623047,76.6449966430664,76.92500305175781,888
2026-05-15 15:30:00+00:00,76.87999725341797,77.0199966430664,76.67500305175781,76.83000183105469,817
2026-05-15 15:45:00+00:00,76.5999984741211,76.93000030517578,76.4000015258789,76.8949966430664,807
2026-05-15 16:00:00+00:00,76.41999816894531,76.75499725341797,76.27999877929688,76.6050033569336,597
2026-05-15 16:15:00+00:00,76.69499969482422,76.8550033569336,76.36499786376953,76.41999816894531,650
2026-05-15 16:30:00+00:00,76.76000213623047,76.86000061035156,76.67500305175781,76.70500183105469,576
2026-05-15 16:45:00+00:00,76.69000244140625,76.83499908447266,76.53500366210938,76.79000091552734,564
2026-05-15 17:00:00+00:00,77.0999984741211,77.12000274658203,76.6050033569336,76.66999816894531,1213
2026-05-15 17:15:00+00:00,77.68000030517578,77.80500030517578,77.05000305175781,77.11499786376953,2306
