Datetime,Close,High,Low,Open,Volume
2026-03-06 05:00:00+00:00,83.95999908447266,84.5999984741211,83.62999725341797,84.41500091552734,0
2026-03-06 06:00:00+00:00,84.58999633789062,84.79499816894531,83.75499725341797,83.91500091552734,1129
2026-03-06 07:00:00+00:00,84.93499755859375,84.95500183105469,84.18499755859375,84.56500244140625,714
2026-03-06 08:00:00+00:00,84.45999908447266,85.08499908447266,83.98999786376953,84.91999816894531,1302
2026-03-06 09:00:00+00:00,82.96499633789062,84.48999786376953,82.59500122070312,84.38500213623047,1844
2026-03-06 10:00:00+00:00,83.16999816894531,83.45999908447266,82.55000305175781,82.99500274658203,1206
2026-03-06 11:00:00+00:00,82.43499755859375,83.68499755859375,82.03500366210938,83.16999816894531,1785
2026-03-06 12:00:00+00:00,82.53500366210938,82.98999786376953,82.2750015258789,82.4749984741211,1686
2026-03-06 13:00:00+00:00,82.74500274658203,84.45999908447266,81.78500366210938,82.4749984741211,5790
2026-03-06 14:00:00+00:00,83.9800033569336,83.9800033569336,82.48999786376953,82.71499633789062,3332
2026-03-06 15:00:00+00:00,84.43499755859375,85.33499908447266,83.94999694824219,83.9800033569336,5598
2026-03-06 16:00:00+00:00,84.18499755859375,85.12999725341797,83.82499694824219,84.44000244140625,2022
2026-03-06 17:00:00+00:00,84.2750015258789,84.54000091552734,83.76000213623047,84.23999786376953,1538
2026-03-06 18:00:00+00:00,84.69999694824219,84.9000015258789,83.97000122070312,84.2750015258789,2341
2026-03-06 19:00:00+00:00,84.69999694824219,85.03500366210938,84.51000213623047,84.69000244140625,748
2026-03-06 20:00:00+00:00,84.1500015258789,84.75499725341797,83.86000061035156,84.67500305175781,1201
2026-03-06 21:00:00+00:00,84.31099700927734,84.74500274658203,84.08999633789062,84.15499877929688,603
2026-03-08 22:00:00+00:00,83.44499969482422,84.2249984741211,82.56999969482422,82.8499984741211,1431
2026-03-08 23:00:00+00:00,82.05000305175781,83.75,81.06500244140625,83.5,2848
2026-03-09 00:00:00+00:00,81.51499938964844,82.5,80.84500122070312,82.03500366210938,1992
2026-03-09 01:00:00+00:00,81.05500030517578,81.55000305175781,79.63999938964844,81.48999786376953,4046
2026-03-09 02:00:00+00:00,82.81500244140625,83.08000183105469,80.6500015258789,81.09500122070312,2625
2026-03-09 03:00:00+00:00,83.0999984741211,83.49500274658203,82.43499755859375,82.79499816894531,1136
2026-03-09 04:00:00+00:00,82.66999816894531,83.59500122070312,82.58999633789062,83.12000274658203,702
2026-03-09 05:00:00+00:00,84.31500244140625,84.83000183105469,82.45500183105469,82.62999725341797,2157
2026-03-09 06:00:00+00:00,83.86499786376953,85.03500366210938,83.80999755859375,84.37000274658203,2182
2026-03-09 07:00:00+00:00,83.66999816894531,83.91500091552734,83.22000122070312,83.87000274658203,1276
2026-03-09 08:00:00+00:00,83.92500305175781,84.04000091552734,83.375,83.69499969482422,766
2026-03-09 09:00:00+00:00,84.16500091552734,84.7300033569336,83.7300033569336,83.91500091552734,1118
2026-03-09 10:00:00+00:00,83.32499694824219,84.43499755859375,83.19499969482422,84.19499969482422,1210
2026-03-09 11:00:00+00:00,83.34500122070312,83.67500305175781,82.94499969482422,83.41500091552734,969
2026-03-09 12:00:00+00:00,83.83499908447266,84.25,83.4000015258789,83.40499877929688,1506
2026-03-09 13:00:00+00:00,83.76000213623047,85.43499755859375,83.6449966430664,83.87000274658203,4361
2026-03-09 14:00:00+00:00,84.58499908447266,84.79499816894531,83.31500244140625,83.69999694824219,2110
2026-03-09 15:00:00+00:00,84.70999908447266,84.91500091552734,84.33499908447266,84.5999984741211,1724
2026-03-09 16:00:00+00:00,84.95999908447266,85.09500122070312,84.5250015258789,84.70500183105469,1717
2026-03-09 17:00:00+00:00,84.63999938964844,85.125,84.13500213623047,84.96499633789062,2121
2026-03-09 18:00:00+00:00,86.12999725341797,86.41999816894531,84.33999633789062,84.58999633789062,2979
2026-03-09 19:00:00+00:00,86.72000122070312,87.05500030517578,86.00499725341797,86.13999938964844,2191
2026-03-09 20:00:00+00:00,87.34500122070312,87.40499877929688,86.67500305175781,86.73500061035156,1072
2026-03-09 22:00:00+00:00,87.875,87.92500305175781,86.80500030517578,87.2750015258789,0
2026-03-09 23:00:00+00:00,87.69999694824219,88.48999786376953,87.36000061035156,87.87999725341797,1193
2026-03-10 00:00:00+00:00,87.25499725341797,88.0199966430664,87.2249984741211,87.68000030517578,928
2026-03-10 01:00:00+00:00,89.8550033569336,89.91999816894531,86.91999816894531,87.29000091552734,3540
2026-03-10 02:00:00+00:00,89.17500305175781,90.38500213623047,89.1050033569336,89.86000061035156,1709
2026-03-10 03:00:00+00:00,88.4749984741211,89.68499755859375,88.06999969482422,89.20999908447266,1298
2026-03-10 04:00:00+00:00,88.7249984741211,88.86000061035156,88.2699966430664,88.43000030517578,429
2026-03-10 05:00:00+00:00,89.53500366210938,89.55500030517578,88.75499725341797,88.76499938964844,704
2026-03-10 06:00:00+00:00,89.25499725341797,89.53500366210938,88.94499969482422,89.49500274658203,651
2026-03-10 07:00:00+00:00,89.48500061035156,89.52999877929688,88.70999908447266,89.22000122070312,1341
2026-03-10 08:00:00+00:00,89.28500366210938,89.66999816894531,89.13500213623047,89.51000213623047,1017
2026-03-10 09:00:00+00:00,89.41999816894531,89.75,89.2750015258789,89.34500122070312,425
2026-03-10 10:00:00+00:00,88.6449966430664,89.41000366210938,88.08000183105469,89.40499877929688,1459
2026-03-10 11:00:00+00:00,88.62000274658203,89.20999908447266,88.27999877929688,88.66999816894531,1052
2026-03-10 12:00:00+00:00,88.87999725341797,89.09500122070312,88.15499877929688,88.62000274658203,2292
2026-03-10 13:00:00+00:00,89.1050033569336,89.9749984741211,88.69499969482422,88.88500213623047,4276
2026-03-10 14:00:00+00:00,89.4749984741211,89.63999938964844,88.625,89.0999984741211,2957
2026-03-10 15:00:00+00:00,89.83000183105469,90.09500122070312,89.38999938964844,89.50499725341797,2752
2026-03-10 16:00:00+00:00,89.81500244140625,90.09500122070312,89.32499694824219,89.8499984741211,2141
2026-03-10 17:00:00+00:00,89.34500122070312,89.9749984741211,89.26000213623047,89.83499908447266,3421
2026-03-10 18:00:00+00:00,88.19999694824219,89.4749984741211,87.19999694824219,89.36499786376953,4089
2026-03-10 19:00:00+00:00,88.69499969482422,88.95999908447266,88.0,88.1500015258789,936
2026-03-10 20:00:00+00:00,88.56999969482422,88.91999816894531,88.5250015258789,88.68000030517578,487
2026-03-10 22:00:00+00:00,88.54499816894531,89.21499633789062,88.5,88.50499725341797,0
2026-03-10 23:00:00+00:00,88.70500183105469,88.83499908447266,88.31500244140625,88.61000061035156,251
2026-03-11 00:00:00+00:00,89.53500366210938,89.53500366210938,88.02999877929688,88.75,912
2026-03-11 01:00:00+00:00,88.76000213623047,89.70500183105469,88.68000030517578,89.51499938964844,890
2026-03-11 02:00:00+00:00,89.0199966430664,89.30000305175781,88.06999969482422,88.7699966430664,1068
2026-03-11 03:00:00+00:00,88.38500213623047,89.12000274658203,88.2699966430664,89.05999755859375,214
2026-03-11 04:00:00+00:00,88.48500061035156,88.69000244140625,88.26499938964844,88.43000030517578,182
2026-03-11 05:00:00+00:00,87.88500213623047,88.58499908447266,87.16000366210938,88.48500061035156,1901
2026-03-11 06:00:00+00:00,87.52999877929688,88.27999877929688,87.43499755859375,87.87999725341797,852
2026-03-11 07:00:00+00:00,87.18499755859375,87.75,86.55500030517578,87.51000213623047,1879
2026-03-11 08:00:00+00:00,87.36000061035156,87.48999786376953,86.625,87.19499969482422,1169
2026-03-11 09:00:00+00:00,86.80000305175781,87.58000183105469,86.5999984741211,87.30999755859375,1046
2026-03-11 10:00:00+00:00,86.73999786376953,87.34500122070312,86.6050033569336,86.81500244140625,1268
2026-03-11 11:00:00+00:00,86.44499969482422,87.2249984741211,86.13500213623047,86.75,1926
2026-03-11 12:00:00+00:00,85.41999816894531,86.94499969482422,85.37000274658203,86.41000366210938,3575
2026-03-11 13:00:00+00:00,85.40499877929688,86.38500213623047,84.55500030517578,85.41999816894531,6051
2026-03-11 14:00:00+00:00,85.68000030517578,86.12000274658203,85.375,85.38500213623047,4004
2026-03-11 15:00:00+00:00,84.99500274658203,85.87999725341797,84.80500030517578,85.73500061035156,2656
2026-03-11 16:00:00+00:00,85.47000122070312,85.56999969482422,84.56500244140625,84.9749984741211,2418
2026-03-11 17:00:00+00:00,85.43000030517578,85.76499938964844,84.9000015258789,85.48999786376953,3058
2026-03-11 18:00:00+00:00,85.6500015258789,86.11499786376953,85.42500305175781,85.48500061035156,1159
2026-03-11 19:00:00+00:00,86.19499969482422,86.2300033569336,85.56999969482422,85.625,717
2026-03-11 20:00:00+00:00,85.91000366210938,86.26000213623047,85.80500030517578,86.19000244140625,350
2026-03-11 22:00:00+00:00,85.05999755859375,86.06500244140625,84.75,86.06500244140625,0
2026-03-11 23:00:00+00:00,84.71499633789062,85.375,84.71499633789062,85.05000305175781,465
2026-03-12 00:00:00+00:00,85.77999877929688,85.81999969482422,84.05999755859375,84.75499725341797,1266
2026-03-12 01:00:00+00:00,85.63500213623047,86.05000305175781,85.05500030517578,85.70500183105469,693
2026-03-12 02:00:00+00:00,84.66500091552734,85.87999725341797,84.4749984741211,85.62000274658203,845
2026-03-12 03:00:00+00:00,85.05999755859375,85.1449966430664,84.5250015258789,84.6500015258789,862
2026-03-12 04:00:00+00:00,84.51499938964844,85.05500030517578,84.49500274658203,84.90499877929688,324
2026-03-12 05:00:00+00:00,85.4749984741211,85.59500122070312,84.5250015258789,84.5250015258789,691
2026-03-12 06:00:00+00:00,86.36499786376953,86.70500183105469,85.25499725341797,85.49500274658203,1244
2026-03-12 07:00:00+00:00,87.2249984741211,87.25,86.0,86.36000061035156,1197
2026-03-12 08:00:00+00:00,86.94000244140625,87.38500213623047,86.68000030517578,87.23999786376953,934
2026-03-12 09:00:00+00:00,87.31999969482422,87.33000183105469,86.88500213623047,86.9749984741211,666
2026-03-12 10:00:00+00:00,87.43499755859375,87.44499969482422,86.99500274658203,87.26000213623047,1170
2026-03-12 11:00:00+00:00,87.1500015258789,87.47000122070312,86.97000122070312,87.42500305175781,778
2026-03-12 12:00:00+00:00,87.5199966430664,87.63500213623047,86.7699966430664,87.16000366210938,2285
2026-03-12 13:00:00+00:00,86.07499694824219,87.69499969482422,85.80000305175781,87.51499938964844,4309
2026-03-12 14:00:00+00:00,85.75,86.6449966430664,85.31999969482422,86.05000305175781,3243
2026-03-12 15:00:00+00:00,85.38999938964844,85.80500030517578,84.625,85.76000213623047,3032
2026-03-12 16:00:00+00:00,85.26000213623047,85.79000091552734,85.0199966430664,85.38500213623047,1817
2026-03-12 17:00:00+00:00,84.95999908447266,85.5999984741211,84.86499786376953,85.29000091552734,2134
2026-03-12 18:00:00+00:00,84.95500183105469,85.36000061035156,84.83999633789062,85.0,822
2026-03-12 19:00:00+00:00,84.69499969482422,85.16999816894531,84.52999877929688,84.91999816894531,1119
2026-03-12 20:00:00+00:00,83.95500183105469,84.77999877929688,83.12000274658203,84.66500091552734,2599
2026-03-12 22:00:00+00:00,84.49500274658203,84.49500274658203,83.50499725341797,83.91000366210938,0
2026-03-12 23:00:00+00:00,84.12999725341797,84.51499938964844,84.12999725341797,84.4800033569336,280
2026-03-13 00:00:00+00:00,85.19000244140625,85.23500061035156,84.06500244140625,84.12999725341797,649
2026-03-13 01:00:00+00:00,84.95500183105469,85.62000274658203,84.12000274658203,85.25,1272
2026-03-13 02:00:00+00:00,84.59500122070312,85.37999725341797,84.5,85.04499816894531,724
2026-03-13 03:00:00+00:00,84.88500213623047,84.8949966430664,84.23999786376953,84.50499725341797,624
2026-03-13 04:00:00+00:00,84.44499969482422,84.8499984741211,84.30000305175781,84.80500030517578,421
2026-03-13 05:00:00+00:00,83.77999877929688,84.625,83.25,84.44499969482422,1478
2026-03-13 06:00:00+00:00,82.5250015258789,83.97000122070312,82.25,83.7300033569336,3022
2026-03-13 07:00:00+00:00,82.4749984741211,82.9800033569336,81.51499938964844,82.56999969482422,2095
2026-03-13 08:00:00+00:00,82.80000305175781,83.00499725341797,81.66500091552734,82.4749984741211,2210
2026-03-13 09:00:00+00:00,83.13500213623047,83.25,82.44999694824219,82.80999755859375,1021
2026-03-13 10:00:00+00:00,83.375,83.66500091552734,82.83999633789062,83.1449966430664,619
2026-03-13 11:00:00+00:00,83.81999969482422,83.93499755859375,83.05500030517578,83.31500244140625,952
2026-03-13 12:00:00+00:00,84.44000244140625,84.63500213623047,83.79499816894531,83.83499908447266,2097
2026-03-13 13:00:00+00:00,83.73500061035156,84.6500015258789,83.50499725341797,84.44000244140625,3563
2026-03-13 14:00:00+00:00,80.75,83.80000305175781,80.73999786376953,83.69999694824219,6825
2026-03-13 15:00:00+00:00,80.34500122070312,81.72000122070312,80.25,80.73500061035156,6031
2026-03-13 16:00:00+00:00,80.42500305175781,80.66000366210938,79.5199966430664,80.33999633789062,5322
2026-03-13 17:00:00+00:00,81.04499816894531,81.46499633789062,80.41999816894531,80.46499633789062,3644
2026-03-13 18:00:00+00:00,81.05000305175781,81.33000183105469,80.81500244140625,81.04000091552734,1228
2026-03-13 19:00:00+00:00,80.36499786376953,81.16999816894531,79.95999908447266,81.12000274658203,1567
2026-03-13 20:00:00+00:00,80.6449966430664,80.73500061035156,80.0,80.37000274658203,858
2026-03-15 22:00:00+00:00,80.57499694824219,80.66999816894531,79.4800033569336,80.31500244140625,857
2026-03-15 23:00:00+00:00,80.15499877929688,80.63500213623047,79.32499694824219,80.56999969482422,1033
2026-03-16 00:00:00+00:00,81.58999633789062,81.66000366210938,80.21499633789062,80.21499633789062,1243
2026-03-16 01:00:00+00:00,80.46499633789062,81.6500015258789,78.53500366210938,81.61000061035156,3799
2026-03-16 02:00:00+00:00,79.37999725341797,80.50499725341797,79.2300033569336,80.42500305175781,949
2026-03-16 03:00:00+00:00,80.27999877929688,80.37000274658203,78.92500305175781,79.44999694824219,686
2026-03-16 04:00:00+00:00,80.1449966430664,80.73500061035156,80.13500213623047,80.29000091552734,368
2026-03-16 05:00:00+00:00,80.3499984741211,80.54000091552734,79.51499938964844,80.15499877929688,657
2026-03-16 06:00:00+00:00,80.18499755859375,80.86000061035156,79.67500305175781,80.375,975
2026-03-16 07:00:00+00:00,79.19999694824219,80.46499633789062,79.01000213623047,80.20999908447266,1128
2026-03-16 08:00:00+00:00,79.19999694824219,79.6050033569336,78.7300033569336,79.16999816894531,1331
2026-03-16 09:00:00+00:00,77.91500091552734,79.25499725341797,77.57499694824219,79.22000122070312,2181
2026-03-16 10:00:00+00:00,79.0199966430664,79.12999725341797,77.125,77.8949966430664,3854
2026-03-16 11:00:00+00:00,79.03500366210938,79.53500366210938,78.77999877929688,79.0,1503
2026-03-16 12:00:00+00:00,80.4000015258789,80.41500091552734,78.94999694824219,79.03500366210938,2500
2026-03-16 13:00:00+00:00,81.45500183105469,81.81999969482422,79.88500213623047,80.375,4265
2026-03-16 14:00:00+00:00,80.83499908447266,81.75,80.22000122070312,81.48500061035156,4458
2026-03-16 15:00:00+00:00,80.48999786376953,81.2699966430664,80.4000015258789,80.83999633789062,2078
2026-03-16 16:00:00+00:00,80.44000244140625,80.94999694824219,79.70999908447266,80.4749984741211,2910
2026-03-16 17:00:00+00:00,80.4800033569336,80.92500305175781,80.31999969482422,80.44999694824219,1821
2026-03-16 18:00:00+00:00,81.23999786376953,81.625,80.32499694824219,80.4749984741211,1479
2026-03-16 19:00:00+00:00,81.12000274658203,81.62999725341797,80.95999908447266,81.32499694824219,906
2026-03-16 20:00:00+00:00,81.0,81.30000305175781,80.91999816894531,81.13500213623047,428
2026-03-16 22:00:00+00:00,81.0,81.4000015258789,80.83499908447266,80.91999816894531,0
2026-03-16 23:00:00+00:00,81.37000274658203,81.38500213623047,81.05000305175781,81.06999969482422,217
2026-03-17 00:00:00+00:00,80.61000061035156,81.36000061035156,80.42500305175781,81.33999633789062,653
2026-03-17 01:00:00+00:00,81.6500015258789,81.70999908447266,80.05000305175781,80.57499694824219,1027
2026-03-17 02:00:00+00:00,81.33000183105469,81.76000213623047,81.29000091552734,81.6050033569336,374
2026-03-17 03:00:00+00:00,81.52999877929688,81.78500366210938,81.09500122070312,81.31500244140625,366
2026-03-17 04:00:00+00:00,82.62999725341797,82.76000213623047,81.48999786376953,81.56999969482422,845
2026-03-17 05:00:00+00:00,81.25499725341797,82.69499969482422,81.22000122070312,82.62000274658203,831
2026-03-17 06:00:00+00:00,80.7249984741211,81.38999938964844,80.55999755859375,81.25499725341797,1490
2026-03-17 07:00:00+00:00,81.12999725341797,81.49500274658203,80.76499938964844,80.76499938964844,642
2026-03-17 08:00:00+00:00,81.02999877929688,81.31500244140625,80.66000366210938,81.11000061035156,817
2026-03-17 09:00:00+00:00,80.98500061035156,81.12999725341797,80.65499877929688,81.0250015258789,728
2026-03-17 10:00:00+00:00,80.32499694824219,81.0999984741211,79.91999816894531,80.94999694824219,1371
2026-03-17 11:00:00+00:00,80.3949966430664,80.87000274658203,80.18000030517578,80.31999969482422,670
2026-03-17 12:00:00+00:00,80.83499908447266,81.19499969482422,80.12999725341797,80.37999725341797,1588
2026-03-17 13:00:00+00:00,81.42500305175781,81.59500122070312,80.69999694824219,80.81999969482422,2667
2026-03-17 14:00:00+00:00,80.32499694824219,81.54499816894531,80.29000091552734,81.45500183105469,2206
2026-03-17 15:00:00+00:00,79.30000305175781,80.625,78.375,80.33000183105469,5013
2026-03-17 16:00:00+00:00,79.4749984741211,79.70999908447266,78.87999725341797,79.33000183105469,2366
2026-03-17 17:00:00+00:00,79.62000274658203,80.07499694824219,79.48500061035156,79.52999877929688,1596
2026-03-17 18:00:00+00:00,79.58000183105469,79.95500183105469,79.5199966430664,79.66000366210938,628
2026-03-17 19:00:00+00:00,79.30500030517578,79.57499694824219,79.11499786376953,79.56500244140625,673
2026-03-17 20:00:00+00:00,79.45999908447266,79.45999908447266,79.21499633789062,79.31500244140625,361
2026-03-17 22:00:00+00:00,79.12999725341797,79.48999786376953,78.83499908447266,79.38999938964844,0
2026-03-17 23:00:00+00:00,79.33000183105469,79.34500122070312,79.13999938964844,79.13999938964844,112
2026-03-18 00:00:00+00:00,79.58499908447266,80.02999877929688,79.33999633789062,79.37999725341797,741
2026-03-18 01:00:00+00:00,79.28500366210938,80.21499633789062,78.91500091552734,79.56500244140625,1333
2026-03-18 02:00:00+00:00,78.4800033569336,79.55000305175781,78.26499938964844,79.31999969482422,961
2026-03-18 03:00:00+00:00,78.69499969482422,79.06500244140625,78.22000122070312,78.44999694824219,969
2026-03-18 04:00:00+00:00,78.66500091552734,78.91000366210938,78.34500122070312,78.82499694824219,494
2026-03-18 05:00:00+00:00,79.11000061035156,79.7249984741211,78.63999938964844,78.69999694824219,1107
2026-03-18 06:00:00+00:00,79.94499969482422,80.25499725341797,79.13500213623047,79.15499877929688,1332
2026-03-18 07:00:00+00:00,79.86000061035156,80.31999969482422,79.4000015258789,79.98500061035156,829
2026-03-18 08:00:00+00:00,79.4749984741211,79.90499877929688,79.05500030517578,79.86000061035156,1245
2026-03-18 09:00:00+00:00,80.04499816894531,80.16000366210938,79.4800033569336,79.4800033569336,802
2026-03-18 10:00:00+00:00,79.17500305175781,80.18000030517578,79.05000305175781,80.07499694824219,1202
2026-03-18 11:00:00+00:00,78.69999694824219,79.75,78.45500183105469,79.19000244140625,2454
2026-03-18 12:00:00+00:00,77.6500015258789,79.125,77.46499633789062,78.7249984741211,4776
2026-03-18 13:00:00+00:00,77.56500244140625,77.70500183105469,75.63500213623047,77.61000061035156,9535
2026-03-18 14:00:00+00:00,76.91000366210938,78.05500030517578,76.30000305175781,77.63500213623047,5389
2026-03-18 15:00:00+00:00,76.71499633789062,77.24500274658203,76.65499877929688,76.93499755859375,1940
2026-03-18 16:00:00+00:00,77.25,77.5,76.63500213623047,76.72000122070312,2289
2026-03-18 17:00:00+00:00,77.1500015258789,77.67500305175781,77.06500244140625,77.26000213623047,2478
2026-03-18 18:00:00+00:00,76.13500213623047,77.625,76.09500122070312,77.16000366210938,2540
2026-03-18 19:00:00+00:00,76.04000091552734,76.62999725341797,75.92500305175781,76.09500122070312,2344
2026-03-18 20:00:00+00:00,75.41999816894531,76.11000061035156,75.01499938964844,76.0199966430664,1656
2026-03-18 22:00:00+00:00,75.75,75.8499984741211,75.04000091552734,75.36499786376953,0
2026-03-18 23:00:00+00:00,75.94999694824219,76.32499694824219,75.69000244140625,75.72000122070312,587
2026-03-19 00:00:00+00:00,76.45500183105469,76.7249984741211,75.95999908447266,75.95999908447266,873
2026-03-19 01:00:00+00:00,76.18000030517578,76.75499725341797,75.5,76.49500274658203,1638
2026-03-19 02:00:00+00:00,76.44999694824219,76.7300033569336,75.86499786376953,76.20500183105469,665
2026-03-19 03:00:00+00:00,75.94000244140625,76.63500213623047,75.88999938964844,76.4749984741211,407
2026-03-19 04:00:00+00:00,75.75,75.86499786376953,75.5,75.86499786376953,487
2026-03-19 05:00:00+00:00,74.36000061035156,76.08499908447266,74.36000061035156,75.78500366210938,2037
2026-03-19 06:00:00+00:00,72.5,74.97000122070312,71.80999755859375,74.36000061035156,5785
2026-03-19 07:00:00+00:00,71.30500030517578,72.91500091552734,71.19999694824219,72.4749984741211,2987
2026-03-19 08:00:00+00:00,71.45999908447266,71.92500305175781,70.06999969482422,71.31500244140625,5048
2026-03-19 09:00:00+00:00,71.63999938964844,72.0,71.29499816894531,71.51000213623047,2047
2026-03-19 10:00:00+00:00,70.91500091552734,72.08999633789062,70.58499908447266,71.66000366210938,2275
2026-03-19 11:00:00+00:00,70.375,71.42500305175781,70.37000274658203,70.91999816894531,2558
2026-03-19 12:00:00+00:00,67.44999694824219,70.36499786376953,66.55999755859375,70.3499984741211,10946
2026-03-19 13:00:00+00:00,69.69000244140625,69.75,65.55000305175781,67.42500305175781,13356
2026-03-19 14:00:00+00:00,70.125,70.58999633789062,69.12000274658203,69.7300033569336,7091
2026-03-19 15:00:00+00:00,70.18499755859375,71.125,69.1449966430664,70.1050033569336,4428
2026-03-19 16:00:00+00:00,70.19499969482422,71.19999694824219,69.84500122070312,70.16000366210938,3693
2026-03-19 17:00:00+00:00,71.43499755859375,72.04000091552734,70.125,70.15499877929688,6522
2026-03-19 18:00:00+00:00,71.69499969482422,71.73500061035156,71.0,71.4000015258789,1389
2026-03-19 19:00:00+00:00,72.58499908447266,72.69499969482422,71.69499969482422,71.71499633789062,2875
2026-03-19 20:00:00+00:00,72.80999755859375,72.94000244140625,72.56999969482422,72.58000183105469,869
2026-03-19 22:00:00+00:00,72.25499725341797,73.5,72.25499725341797,72.83000183105469,0
2026-03-19 23:00:00+00:00,72.5999984741211,72.72000122070312,72.0,72.2750015258789,423
2026-03-20 00:00:00+00:00,72.50499725341797,73.30500030517578,72.50499725341797,72.6500015258789,639
2026-03-20 01:00:00+00:00,73.8550033569336,74.62000274658203,72.32499694824219,72.5250015258789,2060
2026-03-20 02:00:00+00:00,73.94000244140625,74.22000122070312,73.55000305175781,73.92500305175781,698
2026-03-20 03:00:00+00:00,74.19999694824219,74.53500366210938,73.86499786376953,73.99500274658203,588
2026-03-20 04:00:00+00:00,73.9000015258789,74.25,73.68499755859375,74.20500183105469,498
2026-03-20 05:00:00+00:00,72.56999969482422,73.91999816894531,72.38500213623047,73.88999938964844,1602
2026-03-20 06:00:00+00:00,71.6500015258789,73.21499633789062,71.29000091552734,72.63999938964844,2074
2026-03-20 07:00:00+00:00,73.0999984741211,73.1050033569336,71.48999786376953,71.66500091552734,1683
2026-03-20 08:00:00+00:00,73.19499969482422,73.77999877929688,72.77999877929688,73.0999984741211,1669
2026-03-20 09:00:00+00:00,71.83499908447266,73.37000274658203,71.70999908447266,73.18000030517578,1419
2026-03-20 10:00:00+00:00,71.70999908447266,72.12000274658203,71.29000091552734,71.81500244140625,1803
2026-03-20 11:00:00+00:00,72.2699966430664,72.45500183105469,71.56500244140625,71.69499969482422,1083
2026-03-20 12:00:00+00:00,71.93000030517578,72.55500030517578,71.44999694824219,72.2750015258789,2268
2026-03-20 13:00:00+00:00,70.30500030517578,72.31500244140625,70.02999877929688,71.94499969482422,4909
2026-03-20 14:00:00+00:00,69.53500366210938,70.5,68.5,70.28500366210938,7169
2026-03-20 15:00:00+00:00,69.33999633789062,70.36000061035156,68.9000015258789,69.5250015258789,4401
2026-03-20 16:00:00+00:00,69.76499938964844,70.47000122070312,69.26000213623047,69.30500030517578,3027
2026-03-20 17:00:00+00:00,69.69499969482422,70.23500061035156,69.08000183105469,69.79000091552734,3719
2026-03-20 18:00:00+00:00,68.12999725341797,69.80500030517578,67.84500122070312,69.75,2876
2026-03-20 19:00:00+00:00,68.02999877929688,68.56500244140625,67.73999786376953,68.17500305175781,2421
2026-03-20 20:00:00+00:00,67.80999755859375,68.3499984741211,67.80999755859375,68.04499816894531,961
2026-03-22 22:00:00+00:00,68.91000366210938,69.72000122070312,67.80500030517578,68.16500091552734,1833
2026-03-22 23:00:00+00:00,68.22000122070312,69.17500305175781,67.66999816894531,68.87000274658203,1124
2026-03-23 00:00:00+00:00,66.54000091552734,68.5199966430664,64.83000183105469,68.26000213623047,5341
2026-03-23 01:00:00+00:00,66.26000213623047,68.0999984741211,65.58999633789062,66.55500030517578,3665
2026-03-23 02:00:00+00:00,65.33499908447266,67.34500122070312,64.80000305175781,66.2699966430664,2803
2026-03-23 03:00:00+00:00,65.40499877929688,65.82499694824219,64.66999816894531,65.3499984741211,1856
2026-03-23 04:00:00+00:00,66.19999694824219,66.22000122070312,65.29499816894531,65.41000366210938,1298
2026-03-23 05:00:00+00:00,63.97999954223633,66.68000030517578,63.53499984741211,66.18000030517578,3098
2026-03-23 06:00:00+00:00,63.02000045776367,64.32499694824219,61.63999938964844,63.974998474121094,7057
2026-03-23 07:00:00+00:00,64.08000183105469,64.08000183105469,61.209999084472656,63.03499984741211,5281
2026-03-23 08:00:00+00:00,64.58999633789062,65.28500366210938,64.0250015258789,64.04499816894531,3618
2026-03-23 09:00:00+00:00,63.709999084472656,65.0,63.38999938964844,64.61000061035156,2794
2026-03-23 10:00:00+00:00,64.26000213623047,64.44499969482422,63.525001525878906,63.720001220703125,1625
2026-03-23 11:00:00+00:00,67.45500183105469,69.5,64.26499938964844,64.26499938964844,9813
2026-03-23 12:00:00+00:00,69.63500213623047,69.9800033569336,66.8550033569336,67.42500305175781,5762
2026-03-23 13:00:00+00:00,69.19000244140625,69.7699966430664,67.58000183105469,69.68000030517578,6930
2026-03-23 14:00:00+00:00,70.24500274658203,71.02999877929688,69.16000366210938,69.16000366210938,7080
2026-03-23 15:00:00+00:00,68.04499816894531,70.79499816894531,67.56500244140625,70.26000213623047,5228
2026-03-23 16:00:00+00:00,69.0199966430664,69.3949966430664,68.0,68.06500244140625,3080
2026-03-23 17:00:00+00:00,69.77999877929688,69.96499633789062,68.97000122070312,69.04499816894531,3168
2026-03-23 18:00:00+00:00,70.05999755859375,70.41500091552734,69.2699966430664,69.79499816894531,1449
2026-03-23 19:00:00+00:00,69.11499786376953,70.0250015258789,69.08499908447266,69.9749984741211,1325
2026-03-23 20:00:00+00:00,69.31999969482422,69.5,68.81999969482422,69.13500213623047,736
2026-03-23 22:00:00+00:00,69.83000183105469,69.9000015258789,68.53500366210938,69.37000274658203,0
2026-03-23 23:00:00+00:00,69.94999694824219,70.36499786376953,69.6500015258789,69.82499694824219,720
2026-03-24 00:00:00+00:00,68.44499969482422,70.16000366210938,67.82499694824219,69.98500061035156,1711
2026-03-24 01:00:00+00:00,66.99500274658203,68.82499694824219,66.6500015258789,68.36000061035156,2883
2026-03-24 02:00:00+00:00,67.63999938964844,68.25499725341797,66.5199966430664,66.9749984741211,1485
2026-03-24 03:00:00+00:00,67.0199966430664,67.77999877929688,66.72000122070312,67.66000366210938,566
2026-03-24 04:00:00+00:00,66.87999725341797,67.43000030517578,66.63500213623047,67.15499877929688,397
2026-03-24 05:00:00+00:00,67.63500213623047,67.875,66.11499786376953,66.93000030517578,1872
2026-03-24 06:00:00+00:00,69.2750015258789,69.5,67.5250015258789,67.56999969482422,1797
2026-03-24 07:00:00+00:00,70.2699966430664,70.73999786376953,69.23999786376953,69.23999786376953,2342
2026-03-24 08:00:00+00:00,69.86499786376953,70.25,69.2300033569336,70.22000122070312,1367
2026-03-24 09:00:00+00:00,70.31999969482422,70.3499984741211,69.25499725341797,69.9000015258789,890
2026-03-24 10:00:00+00:00,70.4749984741211,70.51000213623047,69.8550033569336,70.30999755859375,899
2026-03-24 11:00:00+00:00,70.22000122070312,70.5199966430664,68.71499633789062,70.45999908447266,2709
2026-03-24 12:00:00+00:00,68.58999633789062,70.3550033569336,68.375,70.23999786376953,3601
2026-03-24 13:00:00+00:00,68.52999877929688,69.09500122070312,67.76000213623047,68.5199966430664,4904
2026-03-24 14:00:00+00:00,69.86499786376953,70.4000015258789,68.49500274658203,68.5250015258789,4587
2026-03-24 15:00:00+00:00,69.76499938964844,70.55000305175781,69.7300033569336,69.8949966430664,3112
2026-03-24 16:00:00+00:00,69.98500061035156,70.25499725341797,69.5,69.7750015258789,1660
2026-03-24 17:00:00+00:00,69.52999877929688,70.13999938964844,68.8949966430664,70.0,3932
2026-03-24 18:00:00+00:00,69.56999969482422,70.22000122070312,69.42500305175781,69.51499938964844,1426
2026-03-24 19:00:00+00:00,69.73500061035156,70.2249984741211,69.53500366210938,69.53500366210938,850
2026-03-24 20:00:00+00:00,71.44499969482422,71.49500274658203,69.52999877929688,69.70999908447266,2255
2026-03-24 22:00:00+00:00,71.94000244140625,71.99500274658203,71.30999755859375,71.4800033569336,0
2026-03-24 23:00:00+00:00,73.13999938964844,73.30000305175781,71.6050033569336,71.91999816894531,2206
2026-03-25 00:00:00+00:00,73.96499633789062,74.55000305175781,72.81999969482422,73.13500213623047,2798
2026-03-25 01:00:00+00:00,74.0999984741211,74.80000305175781,73.75,73.94000244140625,2572
2026-03-25 02:00:00+00:00,73.66500091552734,74.31500244140625,73.54000091552734,74.07499694824219,1659
2026-03-25 03:00:00+00:00,73.54499816894531,73.83499908447266,73.27999877929688,73.63999938964844,1025
2026-03-25 04:00:00+00:00,73.62000274658203,73.87999725341797,73.45999908447266,73.5250015258789,370
2026-03-25 05:00:00+00:00,73.26499938964844,73.69499969482422,72.91500091552734,73.625,1168
2026-03-25 06:00:00+00:00,73.20999908447266,73.61000061035156,72.6050033569336,73.25499725341797,1320
2026-03-25 07:00:00+00:00,73.08499908447266,73.56500244140625,73.01000213623047,73.29499816894531,591
2026-03-25 08:00:00+00:00,73.24500274658203,73.87999725341797,73.04499816894531,73.1050033569336,1636
2026-03-25 09:00:00+00:00,72.8550033569336,73.54000091552734,72.09500122070312,73.22000122070312,2211
2026-03-25 10:00:00+00:00,73.12999725341797,73.23999786376953,72.55999755859375,72.87000274658203,1024
2026-03-25 11:00:00+00:00,73.31500244140625,73.625,73.0199966430664,73.11499786376953,987
2026-03-25 12:00:00+00:00,72.87999725341797,73.53500366210938,72.36499786376953,73.32499694824219,2508
2026-03-25 13:00:00+00:00,72.38999938964844,73.45999908447266,72.2249984741211,72.8949966430664,3210
2026-03-25 14:00:00+00:00,73.2249984741211,73.55000305175781,72.05000305175781,72.41000366210938,3200
2026-03-25 15:00:00+00:00,72.7750015258789,73.4000015258789,71.8949966430664,73.23999786376953,2796
2026-03-25 16:00:00+00:00,72.81500244140625,73.05999755859375,72.58000183105469,72.75499725341797,1763
2026-03-25 17:00:00+00:00,72.55999755859375,72.8949966430664,72.46499633789062,72.83000183105469,3221
2026-03-25 18:00:00+00:00,72.20999908447266,72.92500305175781,71.90499877929688,72.55999755859375,1326
2026-03-25 19:00:00+00:00,72.23500061035156,72.23999786376953,71.41999816894531,72.19499969482422,1435
2026-03-25 20:00:00+00:00,71.44499969482422,72.3949966430664,71.06999969482422,72.23500061035156,1243
2026-03-25 22:00:00+00:00,71.33499908447266,71.9000015258789,71.1449966430664,71.50499725341797,0
2026-03-25 23:00:00+00:00,70.83000183105469,71.34500122070312,70.51499938964844,71.34500122070312,864
2026-03-26 00:00:00+00:00,72.16999816894531,72.21499633789062,70.77999877929688,70.79499816894531,1117
2026-03-26 01:00:00+00:00,72.05000305175781,72.31500244140625,71.23500061035156,72.13500213623047,1504
2026-03-26 02:00:00+00:00,71.5,72.38500213623047,71.28500366210938,72.08000183105469,872
2026-03-26 03:00:00+00:00,71.81999969482422,72.04499816894531,71.3550033569336,71.45500183105469,447
2026-03-26 04:00:00+00:00,71.91999816894531,72.16000366210938,71.76499938964844,71.93000030517578,245
2026-03-26 05:00:00+00:00,69.51499938964844,71.90499877929688,69.48999786376953,71.88500213623047,2265
2026-03-26 06:00:00+00:00,70.12999725341797,70.21499633789062,69.08000183105469,69.50499725341797,2538
2026-03-26 07:00:00+00:00,69.46499633789062,70.20500183105469,69.18499755859375,70.1500015258789,1411
2026-03-26 08:00:00+00:00,68.31500244140625,69.7249984741211,67.88500213623047,69.4800033569336,3473
2026-03-26 09:00:00+00:00,68.19000244140625,68.375,67.75,68.32499694824219,1495
2026-03-26 10:00:00+00:00,68.22000122070312,68.62999725341797,67.81500244140625,68.18000030517578,1728
2026-03-26 11:00:00+00:00,67.43000030517578,68.55500030517578,67.06500244140625,68.25499725341797,3367
2026-03-26 12:00:00+00:00,67.56500244140625,68.23999786376953,67.23500061035156,67.42500305175781,2499
2026-03-26 13:00:00+00:00,69.375,69.47000122070312,67.44499969482422,67.58999633789062,5662
2026-03-26 14:00:00+00:00,69.2699966430664,69.83000183105469,68.68000030517578,69.38500213623047,3324
2026-03-26 15:00:00+00:00,68.6500015258789,69.44000244140625,68.42500305175781,69.27999877929688,2514
2026-03-26 16:00:00+00:00,67.8499984741211,68.69999694824219,67.16999816894531,68.5999984741211,5566
2026-03-26 17:00:00+00:00,67.38500213623047,68.26000213623047,67.26000213623047,67.83000183105469,5895
2026-03-26 18:00:00+00:00,67.68000030517578,67.83499908447266,66.70500183105469,67.37999725341797,2492
2026-03-26 19:00:00+00:00,67.28500366210938,67.88999938964844,67.06500244140625,67.75499725341797,1634
2026-03-26 20:00:00+00:00,68.125,69.1449966430664,67.13500213623047,67.25499725341797,3265
2026-03-26 22:00:00+00:00,68.99500274658203,69.1050033569336,68.28500366210938,68.36499786376953,0
2026-03-26 23:00:00+00:00,68.70999908447266,69.04499816894531,68.41500091552734,68.98500061035156,635
2026-03-27 00:00:00+00:00,67.59500122070312,69.16000366210938,67.44000244140625,68.69999694824219,970
2026-03-27 01:00:00+00:00,68.69999694824219,68.7750015258789,67.44999694824219,67.61000061035156,1152
2026-03-27 02:00:00+00:00,68.62999725341797,69.11000061035156,68.56999969482422,68.7249984741211,1145
2026-03-27 03:00:00+00:00,69.3949966430664,69.68000030517578,68.41999816894531,68.66500091552734,1279
2026-03-27 04:00:00+00:00,69.69999694824219,69.79499816894531,69.2249984741211,69.45500183105469,304
2026-03-27 05:00:00+00:00,69.55000305175781,70.43000030517578,69.4749984741211,69.69000244140625,1464
2026-03-27 06:00:00+00:00,69.87000274658203,70.19000244140625,69.40499877929688,69.52999877929688,1165
2026-03-27 07:00:00+00:00,69.59500122070312,69.94000244140625,69.5250015258789,69.8499984741211,945
2026-03-27 08:00:00+00:00,68.80999755859375,69.62999725341797,68.80999755859375,69.56999969482422,1143
2026-03-27 09:00:00+00:00,68.63999938964844,69.19999694824219,68.62000274658203,68.83000183105469,764
2026-03-27 10:00:00+00:00,68.19999694824219,68.9749984741211,68.15499877929688,68.6500015258789,838
2026-03-27 11:00:00+00:00,67.92500305175781,68.44499969482422,67.74500274658203,68.19999694824219,1153
2026-03-27 12:00:00+00:00,68.05500030517578,68.22000122070312,67.56500244140625,67.93000030517578,2197
2026-03-27 13:00:00+00:00,68.06999969482422,68.625,67.57499694824219,68.08000183105469,4238
2026-03-27 14:00:00+00:00,70.45999908447266,70.75,68.0,68.0,5587
2026-03-27 15:00:00+00:00,70.8949966430664,71.7750015258789,70.33999633789062,70.5,5514
2026-03-27 16:00:00+00:00,70.5,71.12999725341797,70.2300033569336,70.92500305175781,2964
2026-03-27 17:00:00+00:00,69.63500213623047,70.6050033569336,69.51000213623047,70.4749984741211,3730
2026-03-27 18:00:00+00:00,70.30000305175781,70.65499877929688,69.62000274658203,69.62000274658203,2103
2026-03-27 19:00:00+00:00,70.11000061035156,70.55999755859375,69.69000244140625,70.30999755859375,2045
2026-03-27 20:00:00+00:00,69.7699966430664,70.19999694824219,69.69499969482422,70.125,640
2026-03-29 22:00:00+00:00,68.7249984741211,69.30999755859375,68.38999938964844,68.55000305175781,1089
2026-03-29 23:00:00+00:00,68.19499969482422,68.9000015258789,67.69999694824219,68.69999694824219,1058
2026-03-30 00:00:00+00:00,68.38500213623047,69.0,67.80000305175781,68.19999694824219,1115
2026-03-30 01:00:00+00:00,68.81999969482422,69.41500091552734,68.25,68.41000366210938,1721
2026-03-30 02:00:00+00:00,69.18000030517578,69.45999908447266,68.5999984741211,68.80999755859375,731
2026-03-30 03:00:00+00:00,69.94999694824219,70.57499694824219,69.1500015258789,69.1500015258789,1084
2026-03-30 04:00:00+00:00,70.19499969482422,70.20500183105469,69.84500122070312,69.94499969482422,271
2026-03-30 05:00:00+00:00,70.63500213623047,70.79000091552734,70.08999633789062,70.15499877929688,748
2026-03-30 06:00:00+00:00,70.45999908447266,70.91000366210938,70.41999816894531,70.59500122070312,914
2026-03-30 07:00:00+00:00,70.63999938964844,70.63999938964844,70.05000305175781,70.42500305175781,689
2026-03-30 08:00:00+00:00,70.97000122070312,71.12000274658203,70.3550033569336,70.61000061035156,789
2026-03-30 09:00:00+00:00,71.13999938964844,71.32499694824219,70.63999938964844,70.98500061035156,754
2026-03-30 10:00:00+00:00,70.79499816894531,71.13500213623047,70.7249984741211,71.09500122070312,630
2026-03-30 11:00:00+00:00,71.3949966430664,71.83000183105469,70.66999816894531,70.80999755859375,1996
2026-03-30 12:00:00+00:00,71.4800033569336,71.73500061035156,71.04000091552734,71.41999816894531,1625
2026-03-30 13:00:00+00:00,70.33000183105469,72.0250015258789,70.16999816894531,71.5,3562
2026-03-30 14:00:00+00:00,71.09500122070312,71.11499786376953,70.34500122070312,70.38500213623047,2042
2026-03-30 15:00:00+00:00,71.16999816894531,71.375,70.76499938964844,71.0999984741211,1607
2026-03-30 16:00:00+00:00,70.67500305175781,71.16500091552734,70.65499877929688,71.16500091552734,1480
2026-03-30 17:00:00+00:00,70.55500030517578,70.81500244140625,70.38500213623047,70.69000244140625,2547
2026-03-30 18:00:00+00:00,70.0199966430664,70.70999908447266,69.94999694824219,70.58000183105469,1257
2026-03-30 19:00:00+00:00,70.28500366210938,70.4000015258789,69.69499969482422,70.0,904
2026-03-30 20:00:00+00:00,70.18000030517578,70.32499694824219,69.98999786376953,70.30000305175781,720
2026-03-30 22:00:00+00:00,70.06999969482422,70.55000305175781,69.98500061035156,70.24500274658203,0
2026-03-30 23:00:00+00:00,70.03500366210938,70.11000061035156,69.63500213623047,70.0,493
2026-03-31 00:00:00+00:00,70.79499816894531,70.82499694824219,69.0999984741211,70.01499938964844,1559
2026-03-31 01:00:00+00:00,73.13999938964844,73.70999908447266,70.58000183105469,70.84500122070312,5574
2026-03-31 02:00:00+00:00,72.16500091552734,73.15499877929688,72.0999984741211,73.13500213623047,1613
2026-03-31 03:00:00+00:00,72.18000030517578,72.63999938964844,72.07499694824219,72.16999816894531,616
2026-03-31 04:00:00+00:00,72.40499877929688,72.48999786376953,72.18499755859375,72.22000122070312,255
2026-03-31 05:00:00+00:00,72.33999633789062,72.73500061035156,71.69000244140625,72.38999938964844,730
2026-03-31 06:00:00+00:00,72.2249984741211,72.37999725341797,71.96499633789062,72.30500030517578,739
2026-03-31 07:00:00+00:00,73.26499938964844,73.30000305175781,71.79000091552734,72.26000213623047,1685
2026-03-31 08:00:00+00:00,73.31500244140625,73.48999786376953,73.05999755859375,73.25499725341797,1507
2026-03-31 09:00:00+00:00,73.0,73.55999755859375,72.88999938964844,73.2699966430664,953
2026-03-31 10:00:00+00:00,72.8550033569336,73.33000183105469,72.46499633789062,72.98500061035156,794
2026-03-31 11:00:00+00:00,73.31999969482422,73.5250015258789,72.69000244140625,72.87999725341797,1663
2026-03-31 12:00:00+00:00,73.0,73.75,72.80000305175781,73.3499984741211,2488
2026-03-31 13:00:00+00:00,73.55999755859375,73.75499725341797,72.68499755859375,73.0199966430664,2657
2026-03-31 14:00:00+00:00,73.34500122070312,74.41000366210938,73.16500091552734,73.56999969482422,4432
2026-03-31 15:00:00+00:00,73.87999725341797,74.18499755859375,73.3550033569336,73.3550033569336,2207
2026-03-31 16:00:00+00:00,74.82499694824219,75.3550033569336,73.80000305175781,73.86000061035156,4747
2026-03-31 17:00:00+00:00,75.04000091552734,75.40499877929688,74.66999816894531,74.83000183105469,4445
2026-03-31 18:00:00+00:00,75.19999694824219,75.44499969482422,75.0250015258789,75.08000183105469,1652
2026-03-31 19:00:00+00:00,75.54000091552734,75.56500244140625,75.01499938964844,75.19999694824219,1339
2026-03-31 20:00:00+00:00,75.34500122070312,75.625,75.27999877929688,75.54499816894531,595
2026-03-31 22:00:00+00:00,75.48999786376953,75.87000274658203,75.31999969482422,75.4800033569336,0
2026-03-31 23:00:00+00:00,75.19499969482422,75.53500366210938,75.0999984741211,75.5199966430664,699
2026-04-01 00:00:00+00:00,75.43499755859375,75.5250015258789,74.93499755859375,75.1500015258789,842
2026-04-01 01:00:00+00:00,74.83000183105469,75.95500183105469,74.51499938964844,75.44999694824219,2127
2026-04-01 02:00:00+00:00,74.2750015258789,75.0999984741211,74.18000030517578,74.8499984741211,1059
2026-04-01 03:00:00+00:00,74.23999786376953,74.5199966430664,74.23999786376953,74.23999786376953,461
2026-04-01 04:00:00+00:00,74.4000015258789,74.58499908447266,74.0,74.2699966430664,824
2026-04-01 05:00:00+00:00,74.33000183105469,75.01000213623047,74.18499755859375,74.40499877929688,1161
2026-04-01 06:00:00+00:00,75.54499816894531,75.5999984741211,74.28500366210938,74.28500366210938,1780
2026-04-01 07:00:00+00:00,74.19000244140625,75.56999969482422,74.06999969482422,75.55999755859375,1607
2026-04-01 08:00:00+00:00,74.625,74.86499786376953,74.125,74.20500183105469,1125
2026-04-01 09:00:00+00:00,74.63999938964844,74.80500030517578,74.33999633789062,74.6050033569336,537
2026-04-01 10:00:00+00:00,75.05000305175781,75.1050033569336,74.51000213623047,74.6500015258789,612
2026-04-01 11:00:00+00:00,75.33000183105469,75.63999938964844,74.94000244140625,75.0250015258789,1037
2026-04-01 12:00:00+00:00,74.83499908447266,75.71499633789062,74.80000305175781,75.36499786376953,2331
2026-04-01 13:00:00+00:00,74.86499786376953,75.5999984741211,74.56500244140625,74.83499908447266,2898
2026-04-01 14:00:00+00:00,75.58499908447266,75.69000244140625,74.5999984741211,74.80000305175781,3919
2026-04-01 15:00:00+00:00,75.8499984741211,75.98500061035156,75.43499755859375,75.57499694824219,2699
2026-04-01 16:00:00+00:00,75.99500274658203,76.0,75.56500244140625,75.875,1600
2026-04-01 17:00:00+00:00,76.01499938964844,76.26499938964844,75.88999938964844,76.0,3619
2026-04-01 18:00:00+00:00,75.30000305175781,76.0250015258789,75.05000305175781,76.0,1829
2026-04-01 19:00:00+00:00,75.33999633789062,75.79499816894531,75.24500274658203,75.33000183105469,848
2026-04-01 20:00:00+00:00,75.19999694824219,75.5,75.08999633789062,75.3550033569336,647
2026-04-01 22:00:00+00:00,75.41500091552734,75.58499908447266,74.4000015258789,75.1500015258789,0
2026-04-01 23:00:00+00:00,75.40499877929688,75.91999816894531,75.36000061035156,75.40499877929688,467
2026-04-02 00:00:00+00:00,75.59500122070312,75.98500061035156,75.32499694824219,75.34500122070312,728
2026-04-02 01:00:00+00:00,73.05999755859375,75.66000366210938,72.31500244140625,75.59500122070312,6631
2026-04-02 02:00:00+00:00,72.34500122070312,73.1500015258789,71.55500030517578,73.07499694824219,3150
2026-04-02 03:00:00+00:00,72.30000305175781,72.5,72.00499725341797,72.28500366210938,714
2026-04-02 04:00:00+00:00,72.05500030517578,72.30000305175781,71.61499786376953,72.28500366210938,828
2026-04-02 05:00:00+00:00,70.7699966430664,72.08999633789062,70.30500030517578,72.04499816894531,2437
2026-04-02 06:00:00+00:00,70.72000122070312,70.91500091552734,69.66000366210938,70.78500366210938,3452
2026-04-02 07:00:00+00:00,71.625,71.6449966430664,70.66500091552734,70.76000213623047,1712
2026-04-02 08:00:00+00:00,71.26000213623047,71.79000091552734,71.23999786376953,71.5999984741211,1230
2026-04-02 09:00:00+00:00,71.08499908447266,71.5999984741211,71.06999969482422,71.23999786376953,684
2026-04-02 10:00:00+00:00,71.00499725341797,71.37999725341797,70.66500091552734,71.06999969482422,1141
2026-04-02 11:00:00+00:00,70.73500061035156,71.2300033569336,70.33499908447266,71.0199966430664,1873
2026-04-02 12:00:00+00:00,70.18499755859375,71.08999633789062,70.1449966430664,70.76499938964844,2245
2026-04-02 13:00:00+00:00,71.44999694824219,71.55500030517578,69.61000061035156,70.19499969482422,6115
2026-04-02 14:00:00+00:00,72.71499633789062,73.20999908447266,71.18000030517578,71.4800033569336,6372
2026-04-02 15:00:00+00:00,71.9800033569336,72.82499694824219,71.69499969482422,72.76000213623047,3076
2026-04-02 16:00:00+00:00,72.45500183105469,72.7249984741211,71.7750015258789,71.98999786376953,2057
2026-04-02 17:00:00+00:00,72.4000015258789,73.02999877929688,72.33499908447266,72.47000122070312,3658
2026-04-02 18:00:00+00:00,72.83499908447266,72.92500305175781,72.38999938964844,72.42500305175781,728
2026-04-02 19:00:00+00:00,72.7750015258789,73.06999969482422,72.4800033569336,72.87999725341797,947
2026-04-02 20:00:00+00:00,73.16999816894531,73.19499969482422,72.73500061035156,72.74500274658203,437
2026-04-05 22:00:00+00:00,72.19999694824219,72.9000015258789,71.33499908447266,72.72000122070312,1441
2026-04-05 23:00:00+00:00,71.80000305175781,72.33999633789062,71.6449966430664,72.19999694824219,476
2026-04-06 00:00:00+00:00,72.3949966430664,72.63999938964844,71.71499633789062,71.76000213623047,490
2026-04-06 01:00:00+00:00,72.03500366210938,72.63500213623047,71.97000122070312,72.40499877929688,537
2026-04-06 02:00:00+00:00,72.4749984741211,73.30500030517578,71.86000061035156,72.0199966430664,935
2026-04-06 03:00:00+00:00,72.0999984741211,72.44499969482422,71.86000061035156,72.44499969482422,476
2026-04-06 04:00:00+00:00,72.58000183105469,72.58000183105469,72.09500122070312,72.09500122070312,170
2026-04-06 05:00:00+00:00,72.33999633789062,72.875,72.33999633789062,72.5999984741211,268
2026-04-06 06:00:00+00:00,72.6449966430664,72.66500091552734,72.05999755859375,72.31500244140625,340
2026-04-06 07:00:00+00:00,72.6449966430664,72.79499816894531,71.8550033569336,72.66000366210938,645
2026-04-06 08:00:00+00:00,73.30000305175781,73.3550033569336,72.58499908447266,72.6449966430664,643
2026-04-06 09:00:00+00:00,73.27999877929688,73.73500061035156,73.16000366210938,73.31999969482422,893
2026-04-06 10:00:00+00:00,73.40499877929688,73.4800033569336,73.08499908447266,73.21499633789062,401
2026-04-06 11:00:00+00:00,73.42500305175781,73.69000244140625,73.27999877929688,73.40499877929688,641
2026-04-06 12:00:00+00:00,73.22000122070312,73.73500061035156,72.9749984741211,73.43499755859375,995
2026-04-06 13:00:00+00:00,72.81999969482422,73.29499816894531,72.36000061035156,73.2300033569336,1706
2026-04-06 14:00:00+00:00,72.86499786376953,73.11000061035156,72.26000213623047,72.83000183105469,1582
2026-04-06 15:00:00+00:00,72.67500305175781,72.875,72.01499938964844,72.875,1426
2026-04-06 16:00:00+00:00,72.66000366210938,72.87000274658203,72.61499786376953,72.69000244140625,792
2026-04-06 17:00:00+00:00,72.75499725341797,73.11499786376953,72.20999908447266,72.625,2335
2026-04-06 18:00:00+00:00,73.26499938964844,73.26499938964844,72.625,72.73999786376953,595
2026-04-06 19:00:00+00:00,73.125,73.30999755859375,72.98500061035156,73.2750015258789,356
2026-04-06 20:00:00+00:00,72.81500244140625,73.16000366210938,72.81500244140625,73.11499786376953,372
2026-04-06 22:00:00+00:00,73.01499938964844,73.51000213623047,72.8499984741211,72.86000061035156,0
2026-04-06 23:00:00+00:00,72.9749984741211,73.19999694824219,72.82499694824219,73.04499816894531,100
2026-04-07 00:00:00+00:00,72.72000122070312,73.2249984741211,72.69000244140625,72.93499755859375,362
2026-04-07 01:00:00+00:00,72.21499633789062,73.2699966430664,71.66999816894531,72.67500305175781,2364
2026-04-07 02:00:00+00:00,72.70500183105469,72.76000213623047,71.91999816894531,72.20500183105469,669
2026-04-07 03:00:00+00:00,72.80500030517578,72.87000274658203,72.24500274658203,72.72000122070312,330
2026-04-07 04:00:00+00:00,73.23500061035156,73.61000061035156,72.68000030517578,72.83499908447266,772
2026-04-07 05:00:00+00:00,72.33000183105469,73.2699966430664,71.9000015258789,73.2699966430664,1294
2026-04-07 06:00:00+00:00,72.43499755859375,72.61000061035156,72.2750015258789,72.3949966430664,443
2026-04-07 07:00:00+00:00,72.38500213623047,72.84700012207031,71.9800033569336,72.84700012207031,703
2026-04-07 08:00:00+00:00,73.0199966430664,73.1449966430664,72.3550033569336,72.3550033569336,1201
2026-04-07 09:00:00+00:00,72.91999816894531,73.31500244140625,72.55500030517578,73.04000091552734,1066
2026-04-07 10:00:00+00:00,72.2249984741211,72.9800033569336,72.05000305175781,72.84500122070312,1636
2026-04-07 11:00:00+00:00,72.24500274658203,72.33499908447266,71.80000305175781,72.22000122070312,1330
2026-04-07 12:00:00+00:00,71.98500061035156,72.55000305175781,71.55000305175781,72.25499725341797,2573
2026-04-07 13:00:00+00:00,71.31999969482422,72.4000015258789,71.26000213623047,71.95500183105469,2654
2026-04-07 14:00:00+00:00,70.625,71.34500122070312,69.77999877929688,71.30500030517578,6287
2026-04-07 15:00:00+00:00,71.5199966430664,71.55500030517578,70.4000015258789,70.6449966430664,3450
2026-04-07 16:00:00+00:00,71.69999694824219,71.91999816894531,71.41000366210938,71.54000091552734,2215
2026-04-07 17:00:00+00:00,72.20500183105469,72.48500061035156,71.6500015258789,71.66500091552734,3391
2026-04-07 18:00:00+00:00,71.48999786376953,72.33000183105469,71.43499755859375,72.23500061035156,1479
2026-04-07 19:00:00+00:00,73.0,73.23500061035156,71.43499755859375,71.51499938964844,2865
2026-04-07 20:00:00+00:00,73.11000061035156,73.27999877929688,72.87999725341797,73.04499816894531,1071
2026-04-07 22:00:00+00:00,76.51000213623047,76.53500366210938,73.34500122070312,73.44999694824219,0
2026-04-07 23:00:00+00:00,76.80000305175781,77.19000244140625,76.22000122070312,76.51499938964844,3218
2026-04-08 00:00:00+00:00,76.86000061035156,77.44499969482422,76.23999786376953,76.77999877929688,2695
2026-04-08 01:00:00+00:00,76.70500183105469,77.19999694824219,76.15499877929688,76.82499694824219,2028
2026-04-08 02:00:00+00:00,76.55000305175781,76.88999938964844,76.43000030517578,76.7300033569336,774
2026-04-08 03:00:00+00:00,76.45500183105469,76.58499908447266,76.24500274658203,76.54499816894531,382
2026-04-08 04:00:00+00:00,76.81999969482422,76.83000183105469,76.4749984741211,76.51499938964844,406
2026-04-08 05:00:00+00:00,77.44999694824219,77.68000030517578,76.71499633789062,76.78500366210938,1558
2026-04-08 06:00:00+00:00,77.30999755859375,77.7699966430664,77.22000122070312,77.4800033569336,1686
2026-04-08 07:00:00+00:00,77.08499908447266,77.31999969482422,77.05500030517578,77.30000305175781,1063
2026-04-08 08:00:00+00:00,77.0250015258789,77.12999725341797,76.63999938964844,77.06500244140625,1191
2026-04-08 09:00:00+00:00,76.80000305175781,77.31500244140625,76.75,77.0,1068
2026-04-08 10:00:00+00:00,76.93499755859375,77.1050033569336,76.71499633789062,76.80000305175781,624
2026-04-08 11:00:00+00:00,77.41999816894531,77.58499908447266,76.82499694824219,76.8949966430664,1751
2026-04-08 12:00:00+00:00,77.63500213623047,77.6500015258789,76.57499694824219,77.44000244140625,3666
2026-04-08 13:00:00+00:00,76.61000061035156,77.80000305175781,76.4000015258789,77.59500122070312,4843
2026-04-08 14:00:00+00:00,74.94999694824219,76.80500030517578,74.80500030517578,76.5999984741211,6234
2026-04-08 15:00:00+00:00,75.6050033569336,75.7699966430664,74.93000030517578,74.98500061035156,2662
2026-04-08 16:00:00+00:00,75.63500213623047,75.875,75.26499938964844,75.625,2443
2026-04-08 17:00:00+00:00,75.26000213623047,75.66000366210938,75.22000122070312,75.62000274658203,6544
2026-04-08 18:00:00+00:00,73.69999694824219,75.4800033569336,73.66500091552734,75.2750015258789,3794
2026-04-08 19:00:00+00:00,74.63500213623047,74.6449966430664,73.56999969482422,73.6500015258789,1385
2026-04-08 20:00:00+00:00,74.24500274658203,74.7300033569336,74.12999725341797,74.62000274658203,649
2026-04-08 22:00:00+00:00,74.19499969482422,74.38999938964844,73.55500030517578,74.30000305175781,0
2026-04-08 23:00:00+00:00,73.79000091552734,74.20999908447266,73.54499816894531,74.19999694824219,640
2026-04-09 00:00:00+00:00,73.58999633789062,74.05999755859375,73.42500305175781,73.78500366210938,756
2026-04-09 01:00:00+00:00,73.90499877929688,73.94000244140625,72.92500305175781,73.55999755859375,1974
2026-04-09 02:00:00+00:00,73.83999633789062,74.51499938964844,73.77999877929688,73.93499755859375,1041
2026-04-09 03:00:00+00:00,74.06999969482422,74.12000274658203,73.70999908447266,73.80500030517578,344
2026-04-09 04:00:00+00:00,74.125,74.29000091552734,73.99500274658203,74.05999755859375,379
2026-04-09 05:00:00+00:00,74.07499694824219,74.23500061035156,73.78500366210938,74.11000061035156,485
2026-04-09 06:00:00+00:00,74.0250015258789,74.19499969482422,73.7699966430664,74.0,592
2026-04-09 07:00:00+00:00,74.15499877929688,74.34500122070312,73.6500015258789,74.02999877929688,1442
2026-04-09 08:00:00+00:00,74.1500015258789,74.30999755859375,73.94499969482422,74.19000244140625,650
2026-04-09 09:00:00+00:00,74.11499786376953,74.23500061035156,73.88999938964844,74.125,779
2026-04-09 10:00:00+00:00,74.0999984741211,74.31999969482422,73.94000244140625,74.1449966430664,394
2026-04-09 11:00:00+00:00,74.69499969482422,74.72000122070312,74.08000183105469,74.08499908447266,1255
2026-04-09 12:00:00+00:00,74.48999786376953,74.8499984741211,74.23500061035156,74.68000030517578,1623
2026-04-09 13:00:00+00:00,75.125,75.4749984741211,74.27999877929688,74.48999786376953,3764
2026-04-09 14:00:00+00:00,74.9749984741211,75.44999694824219,74.3499984741211,75.1500015258789,3800
2026-04-09 15:00:00+00:00,75.96499633789062,76.13500213623047,74.74500274658203,74.96499633789062,5055
2026-04-09 16:00:00+00:00,76.125,76.42500305175781,75.94999694824219,75.94999694824219,3483
2026-04-09 17:00:00+00:00,76.69499969482422,76.83999633789062,76.12000274658203,76.12000274658203,6213
2026-04-09 18:00:00+00:00,75.91500091552734,76.69499969482422,75.75499725341797,76.66000366210938,2373
2026-04-09 19:00:00+00:00,75.72000122070312,76.19999694824219,75.6500015258789,75.9000015258789,873
2026-04-09 20:00:00+00:00,75.4749984741211,75.87000274658203,75.3550033569336,75.73500061035156,0
2026-04-09 22:00:00+00:00,75.50499725341797,75.88999938964844,75.31500244140625,75.5,451
2026-04-09 23:00:00+00:00,75.52999877929688,75.61499786376953,75.30999755859375,75.4749984741211,221
2026-04-10 00:00:00+00:00,75.58999633789062,75.61000061035156,75.07499694824219,75.5,397
2026-04-10 01:00:00+00:00,75.62999725341797,76.12000274658203,75.55999755859375,75.56500244140625,1383
2026-04-10 02:00:00+00:00,75.69499969482422,75.74500274658203,75.0,75.66999816894531,786
2026-04-10 03:00:00+00:00,75.94999694824219,76.05500030517578,75.68499755859375,75.69999694824219,500
2026-04-10 04:00:00+00:00,75.88999938964844,76.05000305175781,75.84500122070312,76.0,231
2026-04-10 05:00:00+00:00,76.0999984741211,76.30500030517578,75.91000366210938,75.91000366210938,652
2026-04-10 06:00:00+00:00,75.44499969482422,76.06500244140625,75.43000030517578,76.06500244140625,625
2026-04-10 07:00:00+00:00,75.41000366210938,75.77999877929688,75.3550033569336,75.43000030517578,429
2026-04-10 08:00:00+00:00,74.98500061035156,75.49500274658203,74.87999725341797,75.43499755859375,729
2026-04-10 09:00:00+00:00,75.5199966430664,75.625,75.0199966430664,75.0199966430664,668
2026-04-10 10:00:00+00:00,75.68499755859375,75.74500274658203,75.26000213623047,75.49500274658203,479
2026-04-10 11:00:00+00:00,75.79499816894531,75.82499694824219,75.53500366210938,75.69499969482422,797
2026-04-10 12:00:00+00:00,76.06999969482422,76.3499984741211,75.62999725341797,75.81999969482422,2648
2026-04-10 13:00:00+00:00,76.48500061035156,76.63999938964844,75.95500183105469,76.04499816894531,3509
2026-04-10 14:00:00+00:00,76.45500183105469,77.00499725341797,76.16000366210938,76.48500061035156,3535
2026-04-10 15:00:00+00:00,76.0999984741211,76.8499984741211,75.9800033569336,76.44999694824219,3137
2026-04-10 16:00:00+00:00,76.36000061035156,76.4000015258789,75.8499984741211,76.1050033569336,1789
2026-04-10 17:00:00+00:00,76.3550033569336,76.55999755859375,76.20999908447266,76.37000274658203,5909
2026-04-10 18:00:00+00:00,76.53500366210938,76.66000366210938,76.125,76.36000061035156,1559
2026-04-10 19:00:00+00:00,76.54499816894531,76.6449966430664,76.43000030517578,76.54499816894531,743
2026-04-10 20:00:00+00:00,76.0250015258789,76.54499816894531,75.94999694824219,76.5199966430664,856
2026-04-12 22:00:00+00:00,73.54499816894531,73.7699966430664,72.54499816894531,73.7699966430664,2593
2026-04-12 23:00:00+00:00,73.81999969482422,73.95500183105469,72.8499984741211,73.51000213623047,1231
2026-04-13 00:00:00+00:00,74.5250015258789,74.5999984741211,73.72000122070312,73.83999633789062,1031
2026-04-13 01:00:00+00:00,74.43000030517578,74.80000305175781,74.25,74.55000305175781,1949
2026-04-13 02:00:00+00:00,74.36499786376953,74.57499694824219,74.04499816894531,74.41999816894531,595
2026-04-13 03:00:00+00:00,74.4749984741211,74.58999633789062,74.13999938964844,74.41999816894531,413
2026-04-13 04:00:00+00:00,74.5199966430664,74.56999969482422,74.2249984741211,74.51499938964844,249
2026-04-13 05:00:00+00:00,74.75499725341797,74.75499725341797,74.28500366210938,74.58000183105469,390
2026-04-13 06:00:00+00:00,74.52999877929688,74.81999969482422,74.44999694824219,74.79000091552734,760
2026-04-13 07:00:00+00:00,74.84500122070312,74.93000030517578,74.43000030517578,74.54000091552734,844
2026-04-13 08:00:00+00:00,74.50499725341797,75.0199966430664,74.45999908447266,74.86000061035156,504
2026-04-13 09:00:00+00:00,74.46499633789062,74.6500015258789,74.32499694824219,74.51000213623047,480
2026-04-13 10:00:00+00:00,74.48999786376953,74.5199966430664,74.22000122070312,74.46499633789062,414
2026-04-13 11:00:00+00:00,74.12999725341797,74.62999725341797,74.06999969482422,74.5,913
2026-04-13 12:00:00+00:00,73.98500061035156,74.40499877929688,73.7249984741211,74.125,1810
2026-04-13 13:00:00+00:00,74.375,74.55999755859375,73.6500015258789,73.9800033569336,3891
2026-04-13 14:00:00+00:00,74.16999816894531,74.42500305175781,73.86000061035156,74.30999755859375,3070
2026-04-13 15:00:00+00:00,74.16500091552734,74.2750015258789,73.78500366210938,74.16999816894531,1686
2026-04-13 16:00:00+00:00,75.47000122070312,76.0,74.08999633789062,74.16999816894531,5734
2026-04-13 17:00:00+00:00,75.33000183105469,75.76000213623047,75.2750015258789,75.47000122070312,5005
2026-04-13 18:00:00+00:00,75.6449966430664,75.73999786376953,75.04499816894531,75.33499908447266,1713
2026-04-13 19:00:00+00:00,75.61000061035156,75.79499816894531,75.45500183105469,75.6449966430664,915
2026-04-13 20:00:00+00:00,75.73999786376953,75.78500366210938,75.58000183105469,75.61000061035156,519
2026-04-13 22:00:00+00:00,76.0199966430664,76.04499816894531,75.65499877929688,75.65499877929688,0
2026-04-13 23:00:00+00:00,75.93499755859375,76.18499755859375,75.86499786376953,76.06999969482422,478
2026-04-14 00:00:00+00:00,76.16500091552734,76.3550033569336,75.6050033569336,75.91500091552734,1134
2026-04-14 01:00:00+00:00,75.9800033569336,76.53500366210938,75.9000015258789,76.15499877929688,1361
2026-04-14 02:00:00+00:00,76.81999969482422,76.88500213623047,75.94999694824219,76.01000213623047,1178
2026-04-14 03:00:00+00:00,77.06999969482422,77.16000366210938,76.69000244140625,76.81500244140625,734
2026-04-14 04:00:00+00:00,77.23500061035156,77.2699966430664,76.95999908447266,77.01000213623047,284
2026-04-14 05:00:00+00:00,76.75,77.27999877929688,76.57499694824219,77.2300033569336,995
2026-04-14 06:00:00+00:00,77.66999816894531,77.68000030517578,76.81999969482422,76.81999969482422,1601
2026-04-14 07:00:00+00:00,77.90499877929688,78.12000274658203,77.54499816894531,77.66999816894531,2173
2026-04-14 08:00:00+00:00,78.2300033569336,78.23999786376953,77.72000122070312,77.86000061035156,1299
2026-04-14 09:00:00+00:00,77.8949966430664,78.28500366210938,77.76000213623047,78.24500274658203,602
2026-04-14 10:00:00+00:00,77.61499786376953,78.04000091552734,77.44499969482422,77.88500213623047,1046
2026-04-14 11:00:00+00:00,77.7249984741211,77.86000061035156,77.41999816894531,77.62000274658203,1597
2026-04-14 12:00:00+00:00,77.67500305175781,77.94000244140625,77.30999755859375,77.7249984741211,2454
2026-04-14 13:00:00+00:00,78.51499938964844,78.57499694824219,77.62999725341797,77.66000366210938,5146
2026-04-14 14:00:00+00:00,79.26000213623047,79.53500366210938,78.49500274658203,78.51499938964844,6369
2026-04-14 15:00:00+00:00,79.29499816894531,79.49500274658203,78.73999786376953,79.25499725341797,3593
2026-04-14 16:00:00+00:00,79.20999908447266,79.70500183105469,79.17500305175781,79.29000091552734,3641
2026-04-14 17:00:00+00:00,79.49500274658203,79.80000305175781,79.16000366210938,79.20999908447266,7269
2026-04-14 18:00:00+00:00,79.40499877929688,79.50499725341797,79.1050033569336,79.50499725341797,2088
2026-04-14 19:00:00+00:00,79.66000366210938,79.70500183105469,79.34500122070312,79.41500091552734,1733
2026-04-14 20:00:00+00:00,79.625,79.79000091552734,79.625,79.66000366210938,601
2026-04-14 22:00:00+00:00,79.44999694824219,79.81500244140625,79.3949966430664,79.70500183105469,0
2026-04-14 23:00:00+00:00,79.63500213623047,79.8550033569336,79.43000030517578,79.43499755859375,677
2026-04-15 00:00:00+00:00,79.80000305175781,79.83499908447266,79.42500305175781,79.62999725341797,449
2026-04-15 01:00:00+00:00,80.6449966430664,80.87999725341797,79.51000213623047,79.81500244140625,2983
2026-04-15 02:00:00+00:00,79.95500183105469,81.15499877929688,79.91000366210938,80.61000061035156,2605
2026-04-15 03:00:00+00:00,79.92500305175781,80.26000213623047,79.80999755859375,79.98999786376953,583
2026-04-15 04:00:00+00:00,79.92500305175781,80.05999755859375,79.76000213623047,79.93000030517578,465
2026-04-15 05:00:00+00:00,79.50499725341797,80.04499816894531,79.0999984741211,79.8949966430664,1510
2026-04-15 06:00:00+00:00,79.2750015258789,79.69999694824219,79.25,79.52999877929688,1104
2026-04-15 07:00:00+00:00,79.31500244140625,79.57499694824219,79.1500015258789,79.30500030517578,1025
2026-04-15 08:00:00+00:00,79.41500091552734,79.44499969482422,79.1050033569336,79.31500244140625,727
2026-04-15 09:00:00+00:00,78.58499908447266,79.45500183105469,78.30500030517578,79.41500091552734,2588
2026-04-15 10:00:00+00:00,78.87999725341797,78.98500061035156,78.44999694824219,78.58000183105469,1237
2026-04-15 11:00:00+00:00,79.19000244140625,79.22000122070312,78.62999725341797,78.875,1766
2026-04-15 12:00:00+00:00,78.69999694824219,79.2249984741211,78.6500015258789,79.15499877929688,1766
2026-04-15 13:00:00+00:00,80.1500015258789,80.15499877929688,78.70999908447266,78.72000122070312,4561
2026-04-15 14:00:00+00:00,80.13999938964844,80.69000244140625,80.01000213623047,80.16000366210938,4374
2026-04-15 15:00:00+00:00,79.45999908447266,80.125,78.87999725341797,80.1050033569336,4400
2026-04-15 16:00:00+00:00,79.48500061035156,79.82499694824219,79.2699966430664,79.44499969482422,1782
2026-04-15 17:00:00+00:00,79.2249984741211,79.71499633789062,79.19000244140625,79.45999908447266,3168
2026-04-15 18:00:00+00:00,79.48500061035156,79.55000305175781,79.16000366210938,79.25499725341797,738
2026-04-15 19:00:00+00:00,79.52999877929688,79.67500305175781,79.38500213623047,79.45999908447266,499
2026-04-15 20:00:00+00:00,79.11000061035156,79.50499725341797,79.0,79.50499725341797,637
2026-04-15 22:00:00+00:00,79.50499725341797,79.54000091552734,79.1050033569336,79.19499969482422,0
2026-04-15 23:00:00+00:00,79.6500015258789,79.75,79.46499633789062,79.46499633789062,386
2026-04-16 00:00:00+00:00,80.30000305175781,80.4749984741211,79.6500015258789,79.6500015258789,1393
2026-04-16 01:00:00+00:00,80.23999786376953,80.69999694824219,80.09500122070312,80.30000305175781,1048
2026-04-16 02:00:00+00:00,80.4749984741211,80.55999755859375,80.06500244140625,80.33499908447266,1001
2026-04-16 03:00:00+00:00,80.61000061035156,80.73500061035156,80.41500091552734,80.47000122070312,604
2026-04-16 04:00:00+00:00,80.82499694824219,80.82499694824219,80.44000244140625,80.48999786376953,389
2026-04-16 05:00:00+00:00,80.55500030517578,81.03500366210938,80.47000122070312,80.83999633789062,755
2026-04-16 06:00:00+00:00,80.4749984741211,80.76499938964844,80.33499908447266,80.58999633789062,781
2026-04-16 07:00:00+00:00,80.23500061035156,80.58999633789062,80.13999938964844,80.46499633789062,710
2026-04-16 08:00:00+00:00,79.87000274658203,80.2699966430664,79.68499755859375,80.25499725341797,1213
2026-04-16 09:00:00+00:00,79.68499755859375,79.98999786376953,79.55500030517578,79.86499786376953,934
2026-04-16 10:00:00+00:00,79.94000244140625,79.98500061035156,79.51499938964844,79.69999694824219,664
2026-04-16 11:00:00+00:00,79.83499908447266,79.95999908447266,79.58499908447266,79.94499969482422,1108
2026-04-16 12:00:00+00:00,79.37999725341797,79.87999725341797,79.11000061035156,79.83999633789062,2506
2026-04-16 13:00:00+00:00,78.7750015258789,79.91999816894531,78.3499984741211,79.37999725341797,5500
2026-04-16 14:00:00+00:00,78.63999938964844,79.04000091552734,78.16000366210938,78.76000213623047,4577
2026-04-16 15:00:00+00:00,79.01499938964844,79.2750015258789,78.6050033569336,78.63999938964844,3056
2026-04-16 16:00:00+00:00,78.69499969482422,79.12000274658203,78.40499877929688,79.00499725341797,2027
2026-04-16 17:00:00+00:00,78.41000366210938,78.82499694824219,78.2699966430664,78.69499969482422,2169
2026-04-16 18:00:00+00:00,78.55999755859375,78.67500305175781,78.36499786376953,78.40499877929688,858
2026-04-16 19:00:00+00:00,78.79000091552734,78.86000061035156,78.58499908447266,78.58499908447266,1384
2026-04-16 20:00:00+00:00,78.45999908447266,78.7699966430664,78.43499755859375,78.7699966430664,389
2026-04-16 22:00:00+00:00,78.88500213623047,78.93000030517578,78.4000015258789,78.66500091552734,0
2026-04-16 23:00:00+00:00,78.77999877929688,78.91999816894531,78.7699966430664,78.8550033569336,208
2026-04-17 00:00:00+00:00,78.80999755859375,78.9749984741211,78.52999877929688,78.75499725341797,311
2026-04-17 01:00:00+00:00,78.52999877929688,78.86499786376953,77.7699966430664,78.80500030517578,1806
2026-04-17 02:00:00+00:00,78.40499877929688,78.69999694824219,78.37000274658203,78.5250015258789,554
2026-04-17 03:00:00+00:00,78.98999786376953,79.33499908447266,78.44999694824219,78.44999694824219,1023
2026-04-17 04:00:00+00:00,79.17500305175781,79.30000305175781,78.9000015258789,78.91500091552734,447
2026-04-17 05:00:00+00:00,78.9749984741211,79.23999786376953,78.91000366210938,79.15499877929688,541
2026-04-17 06:00:00+00:00,78.69499969482422,79.07499694824219,78.55000305175781,78.9800033569336,654
2026-04-17 07:00:00+00:00,78.99500274658203,79.0,78.66999816894531,78.71499633789062,454
2026-04-17 08:00:00+00:00,79.5999984741211,79.5999984741211,78.96499633789062,78.9749984741211,822
2026-04-17 09:00:00+00:00,79.68499755859375,79.90499877929688,79.58499908447266,79.5999984741211,1169
2026-04-17 10:00:00+00:00,79.44999694824219,79.71499633789062,79.33000183105469,79.68499755859375,759
2026-04-17 11:00:00+00:00,79.75,79.7750015258789,79.19999694824219,79.44999694824219,1485
2026-04-17 12:00:00+00:00,81.73500061035156,81.80000305175781,79.7300033569336,79.75499725341797,6519
2026-04-17 13:00:00+00:00,82.5250015258789,82.62000274658203,81.25499725341797,81.76000213623047,9641
2026-04-17 14:00:00+00:00,82.86499786376953,83.24500274658203,82.16999816894531,82.55000305175781,5124
2026-04-17 15:00:00+00:00,82.44000244140625,83.06500244140625,82.16999816894531,82.88500213623047,4731
2026-04-17 16:00:00+00:00,82.37999725341797,82.75,82.30000305175781,82.43000030517578,2306
2026-04-17 17:00:00+00:00,81.96499633789062,82.50499725341797,81.5199966430664,82.38500213623047,4701
2026-04-17 18:00:00+00:00,81.66000366210938,82.23500061035156,81.61000061035156,81.97000122070312,1174
2026-04-17 19:00:00+00:00,81.49500274658203,81.68499755859375,81.26499938964844,81.68499755859375,1493
2026-04-17 20:00:00+00:00,81.84200286865234,81.84200286865234,80.86000061035156,81.48500061035156,912
2026-04-19 22:00:00+00:00,79.66999816894531,79.88500213623047,79.51000213623047,79.76499938964844,885
2026-04-19 23:00:00+00:00,79.08000183105469,79.74500274658203,78.71499633789062,79.62000274658203,1343
2026-04-20 00:00:00+00:00,79.93499755859375,79.96499633789062,78.7699966430664,79.07499694824219,1532
2026-04-20 01:00:00+00:00,80.61000061035156,80.75499725341797,79.82499694824219,79.91500091552734,3224
2026-04-20 02:00:00+00:00,80.30999755859375,80.7249984741211,80.30999755859375,80.62000274658203,1494
2026-04-20 09:00:00+00:00,79.31999969482422,81.84200286865234,79.25,81.84200286865234,7374
2026-04-20 10:00:00+00:00,79.33999633789062,81.84200286865234,79.30999755859375,79.31999969482422,821
2026-04-20 11:00:00+00:00,79.86000061035156,81.84200286865234,79.1449966430664,79.33999633789062,1487
2026-04-20 12:00:00+00:00,79.69499969482422,80.0250015258789,79.4800033569336,79.87999725341797,2123
2026-04-20 13:00:00+00:00,80.32499694824219,80.5250015258789,79.6449966430664,79.69499969482422,5095
2026-04-20 14:00:00+00:00,79.7699966430664,80.45500183105469,79.45500183105469,80.3550033569336,4113
2026-04-20 15:00:00+00:00,79.91999816894531,80.0250015258789,79.50499725341797,79.84500122070312,2373
2026-04-20 16:00:00+00:00,79.9749984741211,80.04499816894531,79.73500061035156,79.90499877929688,1550
2026-04-20 17:00:00+00:00,79.7300033569336,80.19000244140625,79.66500091552734,79.9749984741211,3282
2026-04-20 18:00:00+00:00,79.96499633789062,80.0999984741211,79.75499725341797,79.75499725341797,938
2026-04-20 19:00:00+00:00,79.87999725341797,80.18499755859375,79.73500061035156,80.01000213623047,884
2026-04-20 20:00:00+00:00,79.87000274658203,79.93499755859375,79.75,79.875,524
2026-04-20 22:00:00+00:00,80.21499633789062,80.37999725341797,79.77999877929688,79.84500122070312,0
2026-04-20 23:00:00+00:00,80.0199966430664,80.26499938964844,79.94499969482422,80.19999694824219,265
2026-04-21 00:00:00+00:00,80.0,80.1500015258789,79.57499694824219,79.99500274658203,629
2026-04-21 01:00:00+00:00,79.48999786376953,80.06999969482422,79.16500091552734,80.0,1361
2026-04-21 02:00:00+00:00,79.30999755859375,79.54000091552734,79.07499694824219,79.47000122070312,704
2026-04-21 03:00:00+00:00,78.95500183105469,79.32499694824219,78.58999633789062,79.31999969482422,1198
2026-04-21 04:00:00+00:00,78.94999694824219,79.05500030517578,78.8550033569336,78.9800033569336,347
2026-04-21 05:00:00+00:00,78.93000030517578,79.36499786376953,78.88500213623047,78.91999816894531,778
2026-04-21 06:00:00+00:00,78.94499969482422,80.03800201416016,78.70999908447266,78.9000015258789,817
2026-04-21 07:00:00+00:00,79.08000183105469,79.3949966430664,78.6500015258789,78.92500305175781,984
2026-04-21 08:00:00+00:00,78.91999816894531,79.17500305175781,78.56500244140625,79.06999969482422,1248
2026-04-21 09:00:00+00:00,79.00499725341797,79.06500244140625,78.69999694824219,78.91000366210938,888
2026-04-21 10:00:00+00:00,79.08000183105469,79.1449966430664,78.93000030517578,78.98500061035156,315
2026-04-21 11:00:00+00:00,79.26000213623047,79.36499786376953,78.625,79.09500122070312,1315
2026-04-21 12:00:00+00:00,78.83000183105469,79.31500244140625,78.4000015258789,79.2699966430664,3493
2026-04-21 13:00:00+00:00,78.80500030517578,79.11000061035156,78.16999816894531,78.83999633789062,5494
2026-04-21 14:00:00+00:00,76.88500213623047,78.94499969482422,76.76499938964844,78.80500030517578,8759
2026-04-21 15:00:00+00:00,77.00499725341797,77.45500183105469,76.69999694824219,76.94999694824219,5076
2026-04-21 16:00:00+00:00,76.36000061035156,77.30500030517578,76.08499908447266,77.08000183105469,4591
2026-04-21 17:00:00+00:00,76.78500366210938,76.98500061035156,76.19499969482422,76.3550033569336,4975
2026-04-21 18:00:00+00:00,76.81999969482422,76.91000366210938,76.41000366210938,76.79000091552734,1783
2026-04-21 19:00:00+00:00,75.74500274658203,77.12000274658203,75.53500366210938,76.82499694824219,4244
2026-04-21 20:00:00+00:00,76.66500091552734,76.83499908447266,75.37999725341797,75.73500061035156,2224
2026-04-21 22:00:00+00:00,76.76499938964844,77.06999969482422,76.61499786376953,76.83999633789062,0
2026-04-21 23:00:00+00:00,77.31500244140625,77.38999938964844,76.76000213623047,76.76000213623047,813
2026-04-22 00:00:00+00:00,77.43000030517578,77.69499969482422,77.33000183105469,77.34500122070312,1084
2026-04-22 01:00:00+00:00,77.56500244140625,77.8949966430664,77.33999633789062,77.43000030517578,1323
2026-04-22 02:00:00+00:00,77.84500122070312,77.93000030517578,77.52999877929688,77.59500122070312,914
2026-04-22 03:00:00+00:00,78.08499908447266,78.23999786376953,77.76000213623047,77.7699966430664,951
2026-04-22 04:00:00+00:00,77.97000122070312,78.08499908447266,77.80500030517578,78.0199966430664,525
2026-04-22 05:00:00+00:00,78.47000122070312,78.62999725341797,77.91999816894531,77.95500183105469,1303
2026-04-22 06:00:00+00:00,78.54499816894531,78.55999755859375,78.2249984741211,78.44999694824219,713
2026-04-22 07:00:00+00:00,78.30000305175781,78.59500122070312,78.29000091552734,78.52999877929688,1152
2026-04-22 08:00:00+00:00,78.15499877929688,78.33000183105469,77.9749984741211,78.30500030517578,1287
2026-04-22 09:00:00+00:00,77.94000244140625,78.30000305175781,77.87999725341797,78.13500213623047,932
2026-04-22 10:00:00+00:00,78.08000183105469,78.13500213623047,77.69499969482422,77.9800033569336,1097
2026-04-22 11:00:00+00:00,78.06500244140625,78.24500274658203,77.97000122070312,78.08499908447266,795
2026-04-22 12:00:00+00:00,77.72000122070312,78.31999969482422,77.59500122070312,78.08499908447266,2266
2026-04-22 13:00:00+00:00,78.21499633789062,78.33999633789062,77.41999816894531,77.70999908447266,4366
2026-04-22 14:00:00+00:00,77.83000183105469,78.47000122070312,77.74500274658203,78.19999694824219,3179
2026-04-22 15:00:00+00:00,77.8499984741211,78.18499755859375,77.70999908447266,77.8550033569336,2356
2026-04-22 16:00:00+00:00,77.69499969482422,78.00499725341797,77.58499908447266,77.86000061035156,1664
2026-04-22 17:00:00+00:00,77.91999816894531,78.08999633789062,77.69000244140625,77.69000244140625,3220
2026-04-22 18:00:00+00:00,77.90499877929688,78.03500366210938,77.72000122070312,77.88500213623047,671
2026-04-22 19:00:00+00:00,77.77999877929688,77.83999633789062,77.66000366210938,77.83999633789062,568
2026-04-22 20:00:00+00:00,77.68499755859375,77.80999755859375,77.57499694824219,77.76499938964844,354
2026-04-22 22:00:00+00:00,77.4800033569336,77.8949966430664,77.41500091552734,77.83999633789062,0
2026-04-22 23:00:00+00:00,77.5250015258789,77.59500122070312,77.38999938964844,77.48999786376953,275
2026-04-23 00:00:00+00:00,78.20999908447266,78.40499877929688,76.375,77.53500366210938,3408
2026-04-23 01:00:00+00:00,77.04000091552734,78.3499984741211,77.0,78.20500183105469,1840
2026-04-23 02:00:00+00:00,75.7699966430664,77.04499816894531,75.75,77.02999877929688,2868
2026-04-23 03:00:00+00:00,76.06999969482422,76.30000305175781,75.5999984741211,75.7699966430664,1787
2026-04-23 04:00:00+00:00,76.16000366210938,76.25,75.92500305175781,76.06999969482422,663
2026-04-23 05:00:00+00:00,76.19999694824219,76.30000305175781,75.54000091552734,76.16000366210938,1395
2026-04-23 06:00:00+00:00,76.08499908447266,76.26499938964844,75.75499725341797,76.2249984741211,1922
2026-04-23 07:00:00+00:00,76.16999816894531,76.33499908447266,75.70999908447266,76.08499908447266,1584
2026-04-23 08:00:00+00:00,75.61499786376953,76.2699966430664,75.44000244140625,76.21499633789062,1476
2026-04-23 09:00:00+00:00,75.40499877929688,75.6050033569336,75.07499694824219,75.58499908447266,2289
2026-04-23 10:00:00+00:00,74.58499908447266,75.4749984741211,74.2300033569336,75.40499877929688,4056
2026-04-23 11:00:00+00:00,75.53500366210938,75.65499877929688,74.48999786376953,74.5999984741211,2852
2026-04-23 12:00:00+00:00,76.88999938964844,77.07499694824219,75.49500274658203,75.50499725341797,7404
2026-04-23 13:00:00+00:00,75.94000244140625,77.00499725341797,75.77999877929688,76.91000366210938,6371
2026-04-23 14:00:00+00:00,76.21499633789062,76.4000015258789,75.5250015258789,75.94999694824219,3814
2026-04-23 15:00:00+00:00,76.05999755859375,76.51499938964844,75.79000091552734,76.27999877929688,2662
2026-04-23 16:00:00+00:00,76.37000274658203,76.5199966430664,75.93000030517578,76.04499816894531,2135
2026-04-23 17:00:00+00:00,75.66000366210938,76.41500091552734,74.58499908447266,76.36499786376953,9574
2026-04-23 18:00:00+00:00,75.56500244140625,76.1500015258789,75.51000213623047,75.68000030517578,2387
2026-04-23 19:00:00+00:00,75.55500030517578,75.82499694824219,75.38999938964844,75.56999969482422,1168
2026-04-23 20:00:00+00:00,75.45999908447266,75.59500122070312,75.23500061035156,75.54499816894531,402
2026-04-23 22:00:00+00:00,75.41500091552734,75.80000305175781,75.31500244140625,75.55500030517578,0
2026-04-23 23:00:00+00:00,75.45500183105469,75.69499969482422,75.23999786376953,75.42500305175781,201
2026-04-24 00:00:00+00:00,75.7750015258789,75.94000244140625,75.41999816894531,75.58000183105469,431
2026-04-24 01:00:00+00:00,75.59500122070312,75.88999938964844,75.05000305175781,75.7750015258789,1126
2026-04-24 02:00:00+00:00,74.98999786376953,75.5999984741211,74.8499984741211,75.5999984741211,708
2026-04-24 03:00:00+00:00,74.80999755859375,75.11499786376953,74.66500091552734,74.98999786376953,512
2026-04-24 04:00:00+00:00,75.02999877929688,75.02999877929688,74.6449966430664,74.7699966430664,447
2026-04-24 05:00:00+00:00,75.07499694824219,75.19000244140625,74.80000305175781,75.0199966430664,671
2026-04-24 06:00:00+00:00,74.24500274658203,75.0999984741211,73.84500122070312,75.08000183105469,3342
2026-04-24 07:00:00+00:00,74.87000274658203,74.88500213623047,74.19000244140625,74.23500061035156,1990
2026-04-24 08:00:00+00:00,74.80000305175781,74.94499969482422,74.51000213623047,74.83999633789062,2043
2026-04-24 09:00:00+00:00,74.63999938964844,74.93000030517578,74.53500366210938,74.80500030517578,1620
2026-04-24 10:00:00+00:00,74.78500366210938,74.875,74.62999725341797,74.62999725341797,677
2026-04-24 11:00:00+00:00,75.94000244140625,76.2300033569336,74.7750015258789,74.79000091552734,3929
2026-04-24 12:00:00+00:00,75.55500030517578,76.19999694824219,75.43499755859375,75.94999694824219,3253
2026-04-24 13:00:00+00:00,75.74500274658203,76.06500244140625,75.17500305175781,75.56999969482422,4321
2026-04-24 14:00:00+00:00,75.86499786376953,76.22000122070312,75.5999984741211,75.7249984741211,3889
2026-04-24 15:00:00+00:00,76.34500122070312,76.56500244140625,75.59500122070312,75.87000274658203,4559
2026-04-24 16:00:00+00:00,76.375,76.40499877929688,76.06500244140625,76.33499908447266,2089
2026-04-24 17:00:00+00:00,76.48999786376953,76.66500091552734,76.24500274658203,76.36499786376953,4039
2026-04-24 18:00:00+00:00,76.44000244140625,76.52999877929688,76.29000091552734,76.49500274658203,565
2026-04-24 19:00:00+00:00,75.97000122070312,76.52999877929688,75.95500183105469,76.44999694824219,1652
2026-04-24 20:00:00+00:00,76.41400146484375,76.41400146484375,75.625,75.94999694824219,548
2026-04-26 22:00:00+00:00,75.125,75.2699966430664,74.91000366210938,75.19999694824219,744
2026-04-26 23:00:00+00:00,74.87000274658203,75.09500122070312,74.69000244140625,75.04499816894531,406
2026-04-27 00:00:00+00:00,75.63999938964844,75.67500305175781,74.80000305175781,74.88500213623047,908
2026-04-27 01:00:00+00:00,75.37999725341797,76.0,75.2699966430664,75.6449966430664,2307
2026-04-27 02:00:00+00:00,75.99500274658203,76.16999816894531,75.01000213623047,75.41500091552734,1326
2026-04-27 03:00:00+00:00,76.36000061035156,76.55500030517578,75.90499877929688,76.0199966430664,774
2026-04-27 04:00:00+00:00,76.43499755859375,76.53500366210938,76.32499694824219,76.36499786376953,427
2026-04-27 05:00:00+00:00,75.6050033569336,76.43499755859375,75.57499694824219,76.43499755859375,1495
2026-04-27 06:00:00+00:00,75.81999969482422,76.00499725341797,75.61000061035156,75.65499877929688,924
2026-04-27 07:00:00+00:00,75.69999694824219,75.97000122070312,75.69499969482422,75.81999969482422,1648
2026-04-27 08:00:00+00:00,75.55000305175781,75.76499938964844,75.45999908447266,75.68499755859375,1636
2026-04-27 09:00:00+00:00,75.63999938964844,75.69999694824219,75.41000366210938,75.58000183105469,1162
2026-04-27 10:00:00+00:00,75.88500213623047,75.91500091552734,75.58000183105469,75.65499877929688,734
2026-04-27 11:00:00+00:00,75.6449966430664,75.8949966430664,75.4800033569336,75.87999725341797,1259
2026-04-27 12:00:00+00:00,75.48999786376953,75.93000030517578,75.18499755859375,75.66000366210938,2420
2026-04-27 13:00:00+00:00,75.50499725341797,75.56999969482422,74.95500183105469,75.48999786376953,4596
2026-04-27 14:00:00+00:00,74.94000244140625,75.56999969482422,74.81999969482422,75.48500061035156,2831
2026-04-27 15:00:00+00:00,74.92500305175781,75.2750015258789,74.58999633789062,74.97000122070312,3542
2026-04-27 16:00:00+00:00,75.13500213623047,75.26000213623047,74.7750015258789,74.92500305175781,1881
2026-04-27 17:00:00+00:00,75.30500030517578,75.31999969482422,74.9000015258789,75.1500015258789,3259
2026-04-27 18:00:00+00:00,75.62999725341797,75.70500183105469,75.16000366210938,75.2699966430664,1293
2026-04-27 19:00:00+00:00,75.46499633789062,75.5999984741211,75.36499786376953,75.5999984741211,876
2026-04-27 20:00:00+00:00,75.45999908447266,75.5199966430664,75.30500030517578,75.46499633789062,0
2026-04-27 22:00:00+00:00,75.9000015258789,75.93000030517578,75.44499969482422,75.45999908447266,463
2026-04-27 23:00:00+00:00,75.94499969482422,75.98999786376953,75.83999633789062,75.9000015258789,255
2026-04-28 00:00:00+00:00,75.73999786376953,76.15499877929688,75.7300033569336,75.92500305175781,521
2026-04-28 01:00:00+00:00,74.59500122070312,75.76499938964844,74.57499694824219,75.66999816894531,874
2026-04-28 02:00:00+00:00,74.25,74.9000015258789,74.15499877929688,74.55500030517578,1089
2026-04-28 03:00:00+00:00,74.63500213623047,74.7750015258789,74.32499694824219,74.32499694824219,179
2026-04-28 04:00:00+00:00,74.44499969482422,74.58999633789062,74.44499969482422,74.55500030517578,156
2026-04-28 05:00:00+00:00,73.37000274658203,74.3499984741211,73.09500122070312,74.3499984741211,1181
2026-04-28 06:00:00+00:00,73.18499755859375,73.63999938964844,72.78500366210938,73.37000274658203,1448
2026-04-28 07:00:00+00:00,73.77999877929688,73.8949966430664,73.08999633789062,73.08999633789062,10141
2026-04-28 08:00:00+00:00,73.98500061035156,74.16000366210938,73.03500366210938,73.81500244140625,2672
2026-04-28 09:00:00+00:00,73.41000366210938,73.99500274658203,73.26000213623047,73.98999786376953,1458
2026-04-28 10:00:00+00:00,73.66500091552734,73.94000244140625,73.3949966430664,73.3949966430664,1217
2026-04-28 11:00:00+00:00,72.6449966430664,73.76000213623047,72.43499755859375,73.6500015258789,3990
2026-04-28 12:00:00+00:00,73.93499755859375,74.16500091552734,72.5199966430664,72.70999908447266,6135
2026-04-28 13:00:00+00:00,73.37000274658203,73.92500305175781,72.81999969482422,73.92500305175781,7875
2026-04-28 14:00:00+00:00,73.37999725341797,73.38999938964844,72.66999816894531,73.3499984741211,5146
2026-04-28 15:00:00+00:00,73.68000030517578,73.68000030517578,73.05500030517578,73.4000015258789,4301
2026-04-28 16:00:00+00:00,73.69000244140625,73.80999755859375,73.4000015258789,73.66500091552734,3054
2026-04-28 17:00:00+00:00,73.74500274658203,74.01000213623047,73.43499755859375,73.69999694824219,3408
2026-04-28 18:00:00+00:00,73.6449966430664,73.90499877929688,73.6449966430664,73.76499938964844,877
2026-04-28 19:00:00+00:00,73.63500213623047,73.78500366210938,73.56999969482422,73.65499877929688,1047
2026-04-28 20:00:00+00:00,73.55000305175781,73.71499633789062,73.50499725341797,73.625,427
2026-04-28 22:00:00+00:00,73.625,73.69999694824219,73.48999786376953,73.50499725341797,0
2026-04-28 23:00:00+00:00,73.80000305175781,73.80000305175781,73.51499938964844,73.63999938964844,297
2026-04-29 00:00:00+00:00,73.70500183105469,74.36000061035156,73.58999633789062,73.7750015258789,898
2026-04-29 01:00:00+00:00,73.69000244140625,73.91999816894531,73.26499938964844,73.68000030517578,1492
2026-04-29 02:00:00+00:00,74.00499725341797,74.29499816894531,73.78500366210938,73.78500366210938,612
2026-04-29 03:00:00+00:00,74.0999984741211,74.34500122070312,74.02999877929688,74.02999877929688,273
2026-04-29 04:00:00+00:00,74.30000305175781,74.3499984741211,74.07499694824219,74.08000183105469,213
2026-04-29 05:00:00+00:00,74.07499694824219,74.42500305175781,74.03500366210938,74.30000305175781,317
2026-04-29 06:00:00+00:00,73.87000274658203,74.3499984741211,73.79000091552734,74.06999969482422,823
2026-04-29 07:00:00+00:00,73.44000244140625,74.01499938964844,73.41999816894531,73.88500213623047,932
2026-04-29 08:00:00+00:00,73.29000091552734,73.61499786376953,72.95500183105469,73.44000244140625,1602
2026-04-29 09:00:00+00:00,73.04499816894531,73.40499877929688,72.99500274658203,73.28500366210938,901
2026-04-29 10:00:00+00:00,73.37000274658203,73.53500366210938,73.0250015258789,73.04499816894531,1032
2026-04-29 11:00:00+00:00,73.00499725341797,73.42500305175781,72.93499755859375,73.37999725341797,1642
2026-04-29 12:00:00+00:00,72.48999786376953,73.23999786376953,72.3550033569336,72.95999908447266,2454
2026-04-29 13:00:00+00:00,72.04499816894531,72.8949966430664,71.71499633789062,72.49500274658203,5659
2026-04-29 14:00:00+00:00,72.29499816894531,72.56500244140625,71.94499969482422,72.02999877929688,3146
2026-04-29 15:00:00+00:00,71.97000122070312,72.51000213623047,71.87999725341797,72.28500366210938,3280
2026-04-29 16:00:00+00:00,71.96499633789062,72.33999633789062,71.92500305175781,71.9800033569336,3087
2026-04-29 17:00:00+00:00,71.95500183105469,72.16999816894531,71.77999877929688,71.95500183105469,2483
2026-04-29 18:00:00+00:00,71.94499969482422,72.07499694824219,71.30999755859375,71.95999908447266,2431
2026-04-29 19:00:00+00:00,72.18000030517578,72.33499908447266,71.8949966430664,71.97000122070312,1060
2026-04-29 20:00:00+00:00,71.78500366210938,72.2300033569336,71.70999908447266,72.16500091552734,733
2026-04-29 22:00:00+00:00,72.02999877929688,72.05500030517578,71.6500015258789,71.76000213623047,0
2026-04-29 23:00:00+00:00,72.2750015258789,72.30000305175781,72.00499725341797,72.0250015258789,223
2026-04-30 00:00:00+00:00,72.5199966430664,72.79499816894531,72.2750015258789,72.29000091552734,799
2026-04-30 01:00:00+00:00,73.3499984741211,73.42500305175781,72.5199966430664,72.5199966430664,1327
2026-04-30 02:00:00+00:00,72.73500061035156,73.47000122070312,72.61000061035156,73.34500122070312,1238
2026-04-30 03:00:00+00:00,72.45999908447266,72.90499877929688,72.41999816894531,72.71499633789062,638
2026-04-30 04:00:00+00:00,72.03500366210938,72.55000305175781,72.02999877929688,72.46499633789062,486
2026-04-30 05:00:00+00:00,72.62999725341797,72.80500030517578,72.04000091552734,72.04000091552734,588
2026-04-30 06:00:00+00:00,73.41500091552734,73.49500274658203,72.58000183105469,72.69000244140625,1472
2026-04-30 07:00:00+00:00,73.57499694824219,73.73999786376953,73.1449966430664,73.42500305175781,1324
2026-04-30 08:00:00+00:00,73.79499816894531,74.1050033569336,73.54499816894531,73.56999969482422,1398
2026-04-30 09:00:00+00:00,73.95500183105469,74.13999938964844,73.61499786376953,73.82499694824219,1363
2026-04-30 10:00:00+00:00,74.15499877929688,74.26499938964844,73.9000015258789,73.9000015258789,875
2026-04-30 11:00:00+00:00,74.01499938964844,74.4000015258789,73.93000030517578,74.16500091552734,1641
2026-04-30 12:00:00+00:00,73.9800033569336,74.29499816894531,73.82499694824219,74.01000213623047,1689
2026-04-30 13:00:00+00:00,73.41000366210938,74.2249984741211,73.32499694824219,74.00499725341797,3030
2026-04-30 14:00:00+00:00,73.63500213623047,73.87000274658203,73.2750015258789,73.43000030517578,2192
2026-04-30 15:00:00+00:00,73.62999725341797,73.88500213623047,73.45999908447266,73.62000274658203,1244
2026-04-30 16:00:00+00:00,73.77999877929688,73.87999725341797,73.47000122070312,73.6500015258789,1311
2026-04-30 17:00:00+00:00,74.13500213623047,74.25,73.76499938964844,73.78500366210938,3308
2026-04-30 18:00:00+00:00,74.19499969482422,74.32499694824219,74.0250015258789,74.13999938964844,799
2026-04-30 19:00:00+00:00,74.12999725341797,74.30999755859375,74.00499725341797,74.19000244140625,621
2026-04-30 20:00:00+00:00,74.2300033569336,74.27999877929688,74.08000183105469,74.12999725341797,321
2026-04-30 22:00:00+00:00,74.65499877929688,75.79499816894531,74.31500244140625,74.31500244140625,0
2026-04-30 23:00:00+00:00,74.82499694824219,75.00499725341797,74.5999984741211,74.65499877929688,496
2026-05-01 00:00:00+00:00,74.66000366210938,75.05999755859375,74.65499877929688,74.8550033569336,425
2026-05-01 01:00:00+00:00,74.71499633789062,74.7300033569336,74.5250015258789,74.66500091552734,244
2026-05-01 02:00:00+00:00,74.66000366210938,75.1050033569336,74.55999755859375,74.67500305175781,400
2026-05-01 03:00:00+00:00,74.80000305175781,74.99500274658203,74.6050033569336,74.66500091552734,317
2026-05-01 04:00:00+00:00,74.36000061035156,74.83999633789062,74.24500274658203,74.78500366210938,383
2026-05-01 05:00:00+00:00,74.28500366210938,74.54499816894531,74.24500274658203,74.33499908447266,248
2026-05-01 06:00:00+00:00,73.94999694824219,74.37999725341797,73.81999969482422,74.33499908447266,910
2026-05-01 07:00:00+00:00,73.63999938964844,74.1449966430664,73.53500366210938,73.94499969482422,931
2026-05-01 08:00:00+00:00,73.6050033569336,73.77999877929688,73.5,73.6449966430664,467
2026-05-01 09:00:00+00:00,73.58999633789062,73.79000091552734,73.43499755859375,73.59500122070312,455
2026-05-01 10:00:00+00:00,73.77999877929688,73.86000061035156,73.5999984741211,73.5999984741211,318
2026-05-01 11:00:00+00:00,74.19499969482422,74.21499633789062,73.62000274658203,73.79000091552734,926
2026-05-01 12:00:00+00:00,74.69499969482422,75.76000213623047,74.17500305175781,74.19999694824219,4658
2026-05-01 13:00:00+00:00,76.80500030517578,76.93000030517578,74.66500091552734,74.69499969482422,4888
2026-05-01 14:00:00+00:00,76.2750015258789,77.5250015258789,76.18000030517578,76.83000183105469,5695
2026-05-01 15:00:00+00:00,76.6050033569336,76.86499786376953,75.80000305175781,76.2300033569336,3868
2026-05-01 16:00:00+00:00,76.55500030517578,76.77999877929688,76.16000366210938,76.625,2236
2026-05-01 17:00:00+00:00,76.52999877929688,76.71499633789062,76.3550033569336,76.54000091552734,2204
2026-05-01 18:00:00+00:00,76.32499694824219,76.52999877929688,76.12999725341797,76.51499938964844,1025
2026-05-01 19:00:00+00:00,75.94499969482422,76.41000366210938,75.9000015258789,76.33499908447266,917
2026-05-01 20:00:00+00:00,76.43099975585938,76.43099975585938,75.80000305175781,75.96499633789062,505
2026-05-03 22:00:00+00:00,76.26000213623047,76.5,75.94000244140625,76.23999786376953,490
2026-05-03 23:00:00+00:00,76.22000122070312,76.52999877929688,76.13999938964844,76.30000305175781,553
2026-05-04 00:00:00+00:00,76.08999633789062,76.32499694824219,75.83000183105469,76.16999816894531,413
2026-05-04 01:00:00+00:00,76.25,76.28500366210938,75.5250015258789,76.13999938964844,580
2026-05-04 02:00:00+00:00,76.1050033569336,76.32499694824219,75.6500015258789,76.23999786376953,455
2026-05-04 03:00:00+00:00,76.29000091552734,76.30500030517578,75.98500061035156,76.09500122070312,229
2026-05-04 04:00:00+00:00,75.91000366210938,76.23500061035156,75.875,76.23500061035156,195
2026-05-04 05:00:00+00:00,75.7750015258789,76.08000183105469,75.58000183105469,75.87000274658203,469
2026-05-04 06:00:00+00:00,75.46499633789062,75.81999969482422,75.2699966430664,75.79499816894531,750
2026-05-04 07:00:00+00:00,74.91999816894531,75.48500061035156,74.91500091552734,75.41000366210938,731
2026-05-04 08:00:00+00:00,74.84500122070312,74.96499633789062,74.63999938964844,74.93000030517578,909
2026-05-04 09:00:00+00:00,74.7750015258789,75.04499816894531,74.76000213623047,74.83499908447266,546
2026-05-04 10:00:00+00:00,73.80999755859375,74.79000091552734,72.5999984741211,74.79000091552734,5993
2026-05-04 11:00:00+00:00,73.8499984741211,74.1449966430664,73.44499969482422,73.81500244140625,1547
2026-05-04 12:00:00+00:00,74.20999908447266,74.75499725341797,73.77999877929688,73.8550033569336,2579
2026-05-04 13:00:00+00:00,74.33999633789062,74.48999786376953,73.70999908447266,74.18499755859375,2676
2026-05-04 14:00:00+00:00,74.32499694824219,75.13500213623047,74.08000183105469,74.31999969482422,3261
2026-05-04 15:00:00+00:00,73.36000061035156,74.49500274658203,73.02999877929688,74.33999633789062,5577
2026-05-04 16:00:00+00:00,73.17500305175781,73.76000213623047,73.0250015258789,73.33999633789062,2914
2026-05-04 17:00:00+00:00,73.30999755859375,73.7249984741211,73.19999694824219,73.2249984741211,2972
2026-05-04 18:00:00+00:00,73.16999816894531,73.43000030517578,72.9000015258789,73.30500030517578,889
2026-05-04 19:00:00+00:00,73.29000091552734,73.5199966430664,73.09500122070312,73.18000030517578,1161
2026-05-04 20:00:00+00:00,73.16000366210938,73.2750015258789,73.08999633789062,73.2750015258789,239
2026-05-04 22:00:00+00:00,73.0199966430664,73.30000305175781,73.01000213623047,73.16999816894531,0
2026-05-04 23:00:00+00:00,73.04499816894531,73.15499877929688,72.93000030517578,73.04000091552734,505
2026-05-05 00:00:00+00:00,73.19999694824219,73.30999755859375,72.80500030517578,73.05500030517578,538
2026-05-05 01:00:00+00:00,73.28500366210938,73.44000244140625,73.01499938964844,73.20999908447266,348
2026-05-05 02:00:00+00:00,73.52999877929688,73.66999816894531,73.24500274658203,73.32499694824219,458
2026-05-05 03:00:00+00:00,73.12000274658203,73.6050033569336,73.06500244140625,73.5,325
2026-05-05 04:00:00+00:00,73.17500305175781,73.31500244140625,73.12000274658203,73.16000366210938,185
2026-05-05 05:00:00+00:00,73.57499694824219,73.79000091552734,73.0999984741211,73.11499786376953,436
2026-05-05 06:00:00+00:00,73.58999633789062,73.86000061035156,73.03500366210938,73.57499694824219,749
2026-05-05 07:00:00+00:00,73.7750015258789,74.21499633789062,73.57499694824219,73.58999633789062,829
2026-05-05 08:00:00+00:00,74.17500305175781,74.2300033569336,73.75,73.7750015258789,684
2026-05-05 09:00:00+00:00,74.16000366210938,74.25499725341797,73.98500061035156,74.18499755859375,531
2026-05-05 10:00:00+00:00,73.8550033569336,74.20500183105469,73.81500244140625,74.19999694824219,489
2026-05-05 11:00:00+00:00,74.16500091552734,74.23999786376953,73.69999694824219,73.8550033569336,1020
2026-05-05 12:00:00+00:00,73.88500213623047,74.4749984741211,73.79499816894531,74.17500305175781,1976
2026-05-05 13:00:00+00:00,74.19000244140625,74.6449966430664,73.82499694824219,73.9000015258789,2497
2026-05-05 14:00:00+00:00,74.20999908447266,74.48999786376953,73.72000122070312,74.19999694824219,2941
2026-05-05 15:00:00+00:00,73.94999694824219,74.30500030517578,73.87999725341797,74.2300033569336,1120
2026-05-05 16:00:00+00:00,73.58000183105469,73.95999908447266,73.28500366210938,73.95999908447266,1518
2026-05-05 17:00:00+00:00,73.5250015258789,73.78500366210938,73.37999725341797,73.58000183105469,1769
2026-05-05 18:00:00+00:00,73.40499877929688,73.69999694824219,73.38500213623047,73.5250015258789,606
2026-05-05 19:00:00+00:00,73.27999877929688,73.43499755859375,73.2300033569336,73.41000366210938,555
2026-05-05 20:00:00+00:00,73.26499938964844,73.44999694824219,73.19999694824219,73.31500244140625,454
2026-05-05 22:00:00+00:00,73.69499969482422,74.03500366210938,73.05000305175781,73.30000305175781,0
2026-05-05 23:00:00+00:00,74.34500122070312,74.54499816894531,73.6449966430664,73.69999694824219,1136
2026-05-06 00:00:00+00:00,74.93499755859375,74.9800033569336,74.04499816894531,74.34500122070312,1050
2026-05-06 01:00:00+00:00,75.20999908447266,75.54000091552734,74.68000030517578,74.91000366210938,1601
2026-05-06 02:00:00+00:00,75.69000244140625,75.78500366210938,75.08000183105469,75.29499816894531,1118
2026-05-06 03:00:00+00:00,75.98500061035156,76.19999694824219,75.68000030517578,75.71499633789062,1296
2026-05-06 04:00:00+00:00,76.12000274658203,76.30999755859375,75.9749984741211,75.9800033569336,564
2026-05-06 05:00:00+00:00,76.43000030517578,76.4800033569336,75.91999816894531,76.11000061035156,1176
2026-05-06 06:00:00+00:00,76.3949966430664,76.48500061035156,76.13500213623047,76.41999816894531,1395
2026-05-06 07:00:00+00:00,76.83000183105469,76.83000183105469,76.19999694824219,76.38999938964844,1201
2026-05-06 08:00:00+00:00,77.47000122070312,77.7249984741211,76.4800033569336,76.80999755859375,2684
2026-05-06 09:00:00+00:00,77.73500061035156,77.7750015258789,77.13500213623047,77.44999694824219,2403
2026-05-06 10:00:00+00:00,78.11000061035156,78.33499908447266,77.67500305175781,77.75499725341797,2778
2026-05-06 11:00:00+00:00,77.38500213623047,78.30000305175781,77.30999755859375,78.06999969482422,2829
2026-05-06 12:00:00+00:00,77.36000061035156,77.43499755859375,76.25499725341797,77.375,4457
2026-05-06 13:00:00+00:00,77.83000183105469,77.97000122070312,76.91500091552734,77.36000061035156,4614
2026-05-06 14:00:00+00:00,77.9800033569336,78.30999755859375,77.5199966430664,77.83000183105469,3974
2026-05-06 15:00:00+00:00,77.54000091552734,78.1050033569336,77.52999877929688,78.0,2735
2026-05-06 16:00:00+00:00,77.3499984741211,77.76000213623047,77.25499725341797,77.54000091552734,2379
2026-05-06 17:00:00+00:00,77.625,77.625,77.2300033569336,77.33999633789062,3187
2026-05-06 18:00:00+00:00,77.56500244140625,77.80999755859375,77.53500366210938,77.62000274658203,887
2026-05-06 19:00:00+00:00,77.94499969482422,78.02999877929688,77.57499694824219,77.57499694824219,1149
2026-05-06 20:00:00+00:00,77.82499694824219,78.0999984741211,77.76000213623047,77.94999694824219,597
2026-05-06 22:00:00+00:00,77.88999938964844,78.08000183105469,77.75499725341797,77.83000183105469,0
2026-05-06 23:00:00+00:00,78.02999877929688,78.29000091552734,77.86499786376953,77.90499877929688,427
2026-05-07 00:00:00+00:00,77.6500015258789,78.08000183105469,77.58000183105469,78.04000091552734,476
2026-05-07 01:00:00+00:00,78.59500122070312,78.80999755859375,77.45500183105469,77.6500015258789,2124
2026-05-07 02:00:00+00:00,78.38999938964844,78.80500030517578,78.06500244140625,78.56999969482422,862
2026-05-07 03:00:00+00:00,78.16000366210938,78.46499633789062,78.11499786376953,78.36000061035156,320
2026-05-07 04:00:00+00:00,78.20500183105469,78.2300033569336,77.9800033569336,78.08499908447266,427
2026-05-07 05:00:00+00:00,78.23999786376953,78.50499725341797,78.04499816894531,78.19000244140625,1059
2026-05-07 06:00:00+00:00,79.33999633789062,79.4749984741211,78.2300033569336,78.2300033569336,3068
2026-05-07 07:00:00+00:00,80.19999694824219,80.26000213623047,79.17500305175781,79.31500244140625,3005
2026-05-07 08:00:00+00:00,80.12000274658203,80.37999725341797,80.01499938964844,80.2249984741211,1411
2026-05-07 09:00:00+00:00,80.69999694824219,80.77999877929688,79.93499755859375,80.11499786376953,2132
2026-05-07 10:00:00+00:00,80.82499694824219,81.08999633789062,80.6500015258789,80.68499755859375,1748
2026-05-07 11:00:00+00:00,81.45999908447266,81.5199966430664,80.80000305175781,80.84500122070312,3233
2026-05-07 12:00:00+00:00,82.00499725341797,82.23999786376953,81.44499969482422,81.45999908447266,5564
2026-05-07 13:00:00+00:00,81.81500244140625,82.0250015258789,81.36499786376953,82.0199966430664,5757
2026-05-07 14:00:00+00:00,82.55000305175781,82.67500305175781,81.76000213623047,81.83499908447266,4989
2026-05-07 15:00:00+00:00,80.9749984741211,82.55999755859375,77.3030014038086,82.54499816894531,4846
2026-05-07 16:00:00+00:00,80.41999816894531,81.04499816894531,79.90499877929688,80.96499633789062,5819
2026-05-07 17:00:00+00:00,80.27999877929688,80.55500030517578,79.34500122070312,80.40499877929688,5854
2026-05-07 18:00:00+00:00,79.75499725341797,80.30999755859375,79.1500015258789,80.28500366210938,2225
2026-05-07 19:00:00+00:00,79.63500213623047,79.87999725341797,79.2699966430664,79.76000213623047,1670
2026-05-07 20:00:00+00:00,78.91500091552734,80.3550033569336,78.8499984741211,79.63999938964844,1931
2026-05-07 22:00:00+00:00,79.04000091552734,79.40499877929688,78.58000183105469,78.80000305175781,0
2026-05-07 23:00:00+00:00,79.74500274658203,79.77999877929688,79.05000305175781,79.05000305175781,558
2026-05-08 00:00:00+00:00,79.61000061035156,79.9749984741211,79.31500244140625,79.75,771
2026-05-08 01:00:00+00:00,80.47000122070312,80.75,79.57499694824219,79.6050033569336,1762
2026-05-08 02:00:00+00:00,80.19499969482422,80.69499969482422,79.9000015258789,80.48500061035156,1018
2026-05-08 03:00:00+00:00,80.41500091552734,80.68499755859375,80.0999984741211,80.20999908447266,684
2026-05-08 04:00:00+00:00,80.11000061035156,80.49500274658203,79.81999969482422,80.43000030517578,576
2026-05-08 05:00:00+00:00,80.97000122070312,81.07499694824219,80.16999816894531,80.17500305175781,822
2026-05-08 06:00:00+00:00,80.8499984741211,81.25,80.61000061035156,80.99500274658203,1530
2026-05-08 07:00:00+00:00,80.42500305175781,80.87000274658203,79.86000061035156,80.80999755859375,1633
2026-05-08 08:00:00+00:00,80.68499755859375,80.87999725341797,80.34500122070312,80.43000030517578,863
2026-05-08 09:00:00+00:00,80.73999786376953,81.13500213623047,80.56999969482422,80.69999694824219,953
2026-05-08 10:00:00+00:00,81.16500091552734,81.41000366210938,80.75499725341797,80.75499725341797,1022
2026-05-08 11:00:00+00:00,81.29000091552734,81.33499908447266,81.00499725341797,81.18499755859375,1310
2026-05-08 12:00:00+00:00,81.7300033569336,82.06500244140625,80.90499877929688,81.30000305175781,4235
2026-05-08 13:00:00+00:00,82.07499694824219,82.16000366210938,81.11000061035156,81.70999908447266,4548
2026-05-08 14:00:00+00:00,81.19000244140625,82.125,81.04000091552734,82.07499694824219,3597
2026-05-08 15:00:00+00:00,80.4749984741211,81.37999725341797,80.43000030517578,81.12999725341797,3010
2026-05-08 16:00:00+00:00,80.63500213623047,81.08499908447266,80.42500305175781,80.47000122070312,1669
2026-05-08 17:00:00+00:00,80.91500091552734,81.05000305175781,80.58000183105469,80.625,2275
2026-05-08 18:00:00+00:00,81.01499938964844,81.44000244140625,80.90499877929688,80.92500305175781,1311
2026-05-08 19:00:00+00:00,81.19000244140625,81.30000305175781,80.95500183105469,81.00499725341797,985
2026-05-08 20:00:00+00:00,80.86499786376953,81.19000244140625,80.80500030517578,81.19000244140625,618
2026-05-10 22:00:00+00:00,80.44999694824219,80.52999877929688,79.75499725341797,79.92500305175781,587
2026-05-10 23:00:00+00:00,80.48999786376953,80.80999755859375,80.41500091552734,80.44000244140625,520
2026-05-11 00:00:00+00:00,80.55500030517578,81.03500366210938,80.11000061035156,80.45999908447266,1109
2026-05-11 01:00:00+00:00,81.30000305175781,81.40499877929688,80.05500030517578,80.50499725341797,2043
2026-05-11 02:00:00+00:00,81.5250015258789,82.20500183105469,81.22000122070312,81.34500122070312,1802
2026-05-11 03:00:00+00:00,81.19999694824219,81.69000244140625,81.11499786376953,81.50499725341797,727
2026-05-11 04:00:00+00:00,80.83499908447266,81.2300033569336,80.75,81.1500015258789,501
2026-05-11 05:00:00+00:00,80.3949966430664,81.21499633789062,80.2750015258789,80.86000061035156,1329
2026-05-11 06:00:00+00:00,81.16000366210938,81.29000091552734,80.4000015258789,80.43000030517578,1016
2026-05-11 07:00:00+00:00,80.83499908447266,81.2300033569336,80.72000122070312,81.1500015258789,594
2026-05-11 08:00:00+00:00,80.81999969482422,81.23500061035156,80.75499725341797,80.8550033569336,668
2026-05-11 09:00:00+00:00,80.71499633789062,80.95500183105469,80.56999969482422,80.81999969482422,519
2026-05-11 10:00:00+00:00,80.96499633789062,81.12999725341797,80.69000244140625,80.69000244140625,464
2026-05-11 11:00:00+00:00,81.93000030517578,81.9800033569336,80.91999816894531,80.94499969482422,2039
2026-05-11 12:00:00+00:00,84.43499755859375,84.66000366210938,81.66999816894531,81.95500183105469,10360
2026-05-11 13:00:00+00:00,86.37000274658203,86.68499755859375,84.30999755859375,84.45500183105469,13615
2026-05-11 14:00:00+00:00,85.69999694824219,86.41999816894531,84.9749984741211,86.36000061035156,7280
2026-05-11 15:00:00+00:00,86.7249984741211,86.80000305175781,85.62000274658203,85.68000030517578,4360
2026-05-11 16:00:00+00:00,85.94000244140625,86.79499816894531,85.7300033569336,86.74500274658203,2934
2026-05-11 17:00:00+00:00,86.3949966430664,86.3949966430664,85.75,85.95999908447266,4128
2026-05-11 18:00:00+00:00,86.55999755859375,86.83000183105469,86.2249984741211,86.3949966430664,1731
2026-05-11 19:00:00+00:00,86.83499908447266,86.8949966430664,86.51499938964844,86.55000305175781,1883
2026-05-11 20:00:00+00:00,86.80500030517578,86.9749984741211,86.33999633789062,86.87000274658203,881
2026-05-11 22:00:00+00:00,87.66000366210938,87.79499816894531,86.73999786376953,86.73999786376953,0
2026-05-11 23:00:00+00:00,87.93000030517578,88.0,86.83499908447266,87.69999694824219,2269
2026-05-12 00:00:00+00:00,86.7699966430664,87.91000366210938,86.72000122070312,87.91000366210938,1172
2026-05-12 01:00:00+00:00,86.69999694824219,87.76499938964844,86.17500305175781,86.76000213623047,2967
2026-05-12 02:00:00+00:00,86.96499633789062,87.18499755859375,86.2249984741211,86.73999786376953,1551
2026-05-12 03:00:00+00:00,86.76499938964844,87.12000274658203,86.56500244140625,86.99500274658203,755
2026-05-12 04:00:00+00:00,86.72000122070312,87.18000030517578,86.57499694824219,86.77999877929688,675
2026-05-12 05:00:00+00:00,86.20999908447266,86.88500213623047,85.87999725341797,86.63500213623047,1810
2026-05-12 06:00:00+00:00,84.91000366210938,86.21499633789062,84.45999908447266,86.21499633789062,4402
2026-05-12 07:00:00+00:00,85.16000366210938,85.40499877929688,84.1500015258789,84.875,2667
2026-05-12 08:00:00+00:00,84.9749984741211,85.41000366210938,84.62999725341797,85.16000366210938,1307
2026-05-12 09:00:00+00:00,84.69999694824219,85.11000061035156,84.54499816894531,84.9749984741211,1128
2026-05-12 10:00:00+00:00,84.44499969482422,85.1449966430664,84.25,84.68000030517578,1755
2026-05-12 11:00:00+00:00,84.87000274658203,84.90499877929688,83.81999969482422,84.4800033569336,2472
2026-05-12 12:00:00+00:00,85.23500061035156,85.58000183105469,84.04000091552734,84.87000274658203,4250
2026-05-12 13:00:00+00:00,85.17500305175781,86.05000305175781,84.66999816894531,85.20500183105469,6468
2026-05-12 14:00:00+00:00,85.0199966430664,86.12999725341797,84.90499877929688,85.18499755859375,5728
2026-05-12 15:00:00+00:00,84.7699966430664,85.13500213623047,83.66999816894531,85.01000213623047,6053
2026-05-12 16:00:00+00:00,85.27999877929688,85.36000061035156,84.69999694824219,84.80500030517578,3198
2026-05-12 17:00:00+00:00,85.72000122070312,85.9800033569336,85.30000305175781,85.30000305175781,3257
2026-05-12 18:00:00+00:00,86.73500061035156,86.86000061035156,85.53500366210938,85.72000122070312,2368
2026-05-12 19:00:00+00:00,87.375,87.45999908447266,86.6449966430664,86.75499725341797,2400
2026-05-12 20:00:00+00:00,87.20500183105469,87.45500183105469,87.11499786376953,87.375,736
2026-05-12 22:00:00+00:00,87.46499633789062,87.7249984741211,87.26499938964844,87.31999969482422,0
2026-05-12 23:00:00+00:00,87.8949966430664,88.0199966430664,87.31999969482422,87.46499633789062,824
2026-05-13 00:00:00+00:00,87.94000244140625,88.44000244140625,87.69999694824219,87.86000061035156,2074
2026-05-13 01:00:00+00:00,87.55500030517578,88.58000183105469,87.30500030517578,87.96499633789062,3058
2026-05-13 02:00:00+00:00,86.90499877929688,87.9800033569336,86.66000366210938,87.52999877929688,1735
2026-05-13 03:00:00+00:00,87.2750015258789,87.70999908447266,86.78500366210938,86.97000122070312,1081
2026-05-13 04:00:00+00:00,87.125,87.5,87.06500244140625,87.33999633789062,554
2026-05-13 05:00:00+00:00,87.13500213623047,87.44499969482422,86.33000183105469,87.06999969482422,1293
2026-05-13 06:00:00+00:00,87.34500122070312,87.65499877929688,87.0199966430664,87.1500015258789,1524
2026-05-13 07:00:00+00:00,87.2300033569336,87.66999816894531,87.02999877929688,87.31500244140625,1096
2026-05-13 08:00:00+00:00,87.18499755859375,87.29499816894531,86.8949966430664,87.23500061035156,731
2026-05-13 09:00:00+00:00,87.52999877929688,87.62000274658203,86.875,87.16500091552734,955
2026-05-13 10:00:00+00:00,87.3949966430664,88.23500061035156,87.3550033569336,87.53500366210938,1381
2026-05-13 11:00:00+00:00,87.86499786376953,88.38500213623047,87.33000183105469,87.3949966430664,1725
2026-05-13 12:00:00+00:00,87.09500122070312,88.05000305175781,86.69000244140625,87.8499984741211,4510
2026-05-13 13:00:00+00:00,87.82499694824219,88.08000183105469,87.08999633789062,87.09500122070312,4940
2026-05-13 14:00:00+00:00,88.59500122070312,88.9800033569336,87.56999969482422,87.80000305175781,5359
2026-05-13 15:00:00+00:00,89.55500030517578,89.56500244140625,88.5250015258789,88.58499908447266,3840
2026-05-13 16:00:00+00:00,89.36499786376953,90.1050033569336,89.33000183105469,89.55999755859375,6618
2026-05-13 17:00:00+00:00,88.58999633789062,89.83999633789062,88.51499938964844,89.375,4361
2026-05-13 18:00:00+00:00,88.2249984741211,88.99500274658203,87.94000244140625,88.54000091552734,2594
2026-05-13 19:00:00+00:00,88.31500244140625,88.62000274658203,88.22000122070312,88.25499725341797,1069
2026-05-13 20:00:00+00:00,88.15499877929688,88.45999908447266,88.07499694824219,88.31500244140625,732
2026-05-13 22:00:00+00:00,88.51499938964844,88.63500213623047,88.125,88.125,0
2026-05-13 23:00:00+00:00,88.41500091552734,88.58999633789062,88.0999984741211,88.53500366210938,572
2026-05-14 00:00:00+00:00,88.74500274658203,88.81999969482422,88.02999877929688,88.4000015258789,2092
2026-05-14 01:00:00+00:00,87.90499877929688,89.16500091552734,87.62999725341797,88.75,3074
2026-05-14 02:00:00+00:00,87.62999725341797,88.375,87.375,87.94999694824219,1461
2026-05-14 03:00:00+00:00,87.0250015258789,87.91000366210938,86.91000366210938,87.625,2229
2026-05-14 04:00:00+00:00,87.5,87.91500091552734,86.80000305175781,86.95500183105469,1439
2026-05-14 05:00:00+00:00,87.51000213623047,88.05999755859375,87.40499877929688,87.48500061035156,1425
2026-05-14 06:00:00+00:00,87.76000213623047,87.98999786376953,87.4749984741211,87.5,873
2026-05-14 07:00:00+00:00,87.58499908447266,88.16500091552734,87.19999694824219,87.69999694824219,1350
2026-05-14 08:00:00+00:00,87.58000183105469,88.16000366210938,87.51000213623047,87.55999755859375,638
2026-05-14 09:00:00+00:00,87.7300033569336,88.03500366210938,87.25,87.57499694824219,1293
2026-05-14 10:00:00+00:00,87.70999908447266,87.83499908447266,87.3550033569336,87.74500274658203,1992
2026-05-14 11:00:00+00:00,87.29000091552734,87.81999969482422,87.04000091552734,87.70999908447266,1518
2026-05-14 12:00:00+00:00,87.125,87.62999725341797,86.66999816894531,87.23999786376953,3325
2026-05-14 13:00:00+00:00,84.48500061035156,87.33499908447266,84.375,87.12000274658203,10325
2026-05-14 14:00:00+00:00,85.0199966430664,85.6050033569336,84.36000061035156,84.47000122070312,5228
2026-05-14 15:00:00+00:00,85.43499755859375,85.80500030517578,84.97000122070312,85.01000213623047,2773
2026-05-14 16:00:00+00:00,85.28500366210938,85.54000091552734,84.81999969482422,85.44499969482422,2448
2026-05-14 17:00:00+00:00,85.33499908447266,85.51000213623047,85.11000061035156,85.30000305175781,2635
2026-05-14 18:00:00+00:00,85.02999877929688,85.33499908447266,84.66000366210938,85.33499908447266,1500
2026-05-14 19:00:00+00:00,84.04499816894531,85.03500366210938,83.87000274658203,85.03500366210938,2995
2026-05-14 20:00:00+00:00,84.01000213623047,84.20500183105469,83.625,84.05000305175781,1182
2026-05-14 22:00:00+00:00,84.28500366210938,84.37999725341797,83.84500122070312,84.0,0
2026-05-14 23:00:00+00:00,83.98500061035156,84.34500122070312,83.31500244140625,84.28500366210938,1252
2026-05-15 00:00:00+00:00,82.94999694824219,84.18000030517578,82.25,83.95999908447266,3104
2026-05-15 01:00:00+00:00,81.21499633789062,83.01000213623047,81.01499938964844,82.97000122070312,4299
2026-05-15 02:00:00+00:00,81.81999969482422,82.08999633789062,81.08000183105469,81.23500061035156,1420
2026-05-15 03:00:00+00:00,81.81999969482422,82.06999969482422,81.26499938964844,81.84500122070312,1172
2026-05-15 04:00:00+00:00,81.3949966430664,81.93499755859375,81.3499984741211,81.82499694824219,591
2026-05-15 05:00:00+00:00,78.3550033569336,81.38999938964844,78.0999984741211,81.37999725341797,7588
2026-05-15 06:00:00+00:00,78.76499938964844,79.19000244140625,77.95500183105469,78.3550033569336,3795
2026-05-15 07:00:00+00:00,79.36000061035156,79.78500366210938,78.51499938964844,78.80000305175781,3063
2026-05-15 08:00:00+00:00,78.57499694824219,79.44000244140625,78.29000091552734,79.375,2596
2026-05-15 09:00:00+00:00,77.8550033569336,78.94999694824219,77.19999694824219,78.62000274658203,4198
2026-05-15 10:00:00+00:00,79.33999633789062,79.55000305175781,77.80999755859375,77.88500213623047,3633
2026-05-15 11:00:00+00:00,78.79000091552734,79.4800033569336,78.62000274658203,79.30999755859375,1932
2026-05-15 12:00:00+00:00,77.6449966430664,79.04000091552734,77.59500122070312,78.76499938964844,3690
2026-05-15 13:00:00+00:00,76.83000183105469,77.76499938964844,76.17500305175781,77.62000274658203,10253
2026-05-15 14:00:00+00:00,77.25499725341797,77.51000213623047,76.44000244140625,76.83499908447266,6294
2026-05-15 15:00:00+00:00,76.5999984741211,77.36499786376953,76.4000015258789,77.26499938964844,3593
2026-05-15 16:00:00+00:00,76.69000244140625,76.86000061035156,76.27999877929688,76.6050033569336,2387
2026-05-15 17:00:00+00:00,77.68000030517578,77.80500030517578,76.6050033569336,76.66999816894531,3519
