Datetime,Close,High,Low,Open,Volume
2026-05-08 04:00:00+00:00,80.43000030517578,80.45999908447266,80.43000030517578,80.43000030517578,0
2026-05-08 04:01:00+00:00,80.41999816894531,80.44499969482422,80.40499877929688,80.44499969482422,4
2026-05-08 04:02:00+00:00,80.43000030517578,80.43000030517578,80.43000030517578,80.43000030517578,1
2026-05-08 04:03:00+00:00,80.49500274658203,80.49500274658203,80.43499755859375,80.43499755859375,4
2026-05-08 04:04:00+00:00,80.43499755859375,80.43499755859375,80.43499755859375,80.43499755859375,1
2026-05-08 04:05:00+00:00,80.37999725341797,80.38999938964844,80.37999725341797,80.38999938964844,4
2026-05-08 04:06:00+00:00,80.40499877929688,80.40499877929688,80.375,80.375,22
2026-05-08 04:07:00+00:00,80.40499877929688,80.40499877929688,80.40499877929688,80.40499877929688,1
2026-05-08 04:08:00+00:00,80.38999938964844,80.38999938964844,80.38999938964844,80.38999938964844,1
2026-05-08 04:09:00+00:00,80.40499877929688,80.42500305175781,80.40499877929688,80.42500305175781,3
2026-05-08 04:10:00+00:00,80.43499755859375,80.43499755859375,80.43499755859375,80.43499755859375,2
2026-05-08 04:12:00+00:00,80.33499908447266,80.37000274658203,80.33499908447266,80.37000274658203,15
2026-05-08 04:13:00+00:00,80.30999755859375,80.37000274658203,80.30999755859375,80.3499984741211,30
2026-05-08 04:14:00+00:00,80.25,80.31500244140625,80.25,80.29000091552734,19
2026-05-08 04:15:00+00:00,80.2300033569336,80.2699966430664,80.22000122070312,80.26499938964844,32
2026-05-08 04:16:00+00:00,80.25499725341797,80.2750015258789,80.22000122070312,80.2249984741211,8
2026-05-08 04:17:00+00:00,80.30500030517578,80.30500030517578,80.29499816894531,80.29499816894531,3
2026-05-08 04:18:00+00:00,80.31500244140625,80.31500244140625,80.28500366210938,80.30999755859375,3
2026-05-08 04:19:00+00:00,80.3499984741211,80.36499786376953,80.32499694824219,80.32499694824219,12
2026-05-08 04:20:00+00:00,80.31999969482422,80.32499694824219,80.31999969482422,80.32499694824219,4
2026-05-08 04:23:00+00:00,80.36000061035156,80.36000061035156,80.36000061035156,80.36000061035156,2
2026-05-08 04:24:00+00:00,80.34500122070312,80.34500122070312,80.33499908447266,80.33499908447266,2
2026-05-08 04:26:00+00:00,80.30999755859375,80.31999969482422,80.30999755859375,80.31999969482422,4
2026-05-08 04:27:00+00:00,80.33499908447266,80.33499908447266,80.30500030517578,80.30500030517578,4
2026-05-08 04:28:00+00:00,80.30999755859375,80.31999969482422,80.30999755859375,80.31999969482422,6
2026-05-08 04:29:00+00:00,80.34500122070312,80.34500122070312,80.29000091552734,80.30500030517578,7
2026-05-08 04:30:00+00:00,80.37000274658203,80.37000274658203,80.36499786376953,80.37000274658203,7
2026-05-08 04:31:00+00:00,80.30000305175781,80.30999755859375,80.30000305175781,80.30999755859375,4
2026-05-08 04:32:00+00:00,80.25,80.29000091552734,80.25,80.29000091552734,4
2026-05-08 04:33:00+00:00,80.2249984741211,80.25,80.2249984741211,80.25,2
2026-05-08 04:34:00+00:00,80.22000122070312,80.23999786376953,80.22000122070312,80.23999786376953,5
2026-05-08 04:35:00+00:00,80.15499877929688,80.22000122070312,80.15499877929688,80.22000122070312,12
2026-05-08 04:36:00+00:00,80.05999755859375,80.19000244140625,80.02999877929688,80.19000244140625,81
2026-05-08 04:37:00+00:00,79.98999786376953,80.08000183105469,79.94499969482422,80.05999755859375,65
2026-05-08 04:38:00+00:00,80.02999877929688,80.02999877929688,79.9800033569336,79.9800033569336,23
2026-05-08 04:39:00+00:00,79.93000030517578,80.03500366210938,79.91000366210938,80.03500366210938,19
2026-05-08 04:40:00+00:00,79.86000061035156,79.93499755859375,79.81999969482422,79.93000030517578,32
2026-05-08 04:41:00+00:00,79.91500091552734,79.91500091552734,79.8949966430664,79.9000015258789,6
2026-05-08 04:42:00+00:00,79.91500091552734,79.9800033569336,79.91500091552734,79.94499969482422,9
2026-05-08 04:43:00+00:00,79.93499755859375,79.94499969482422,79.91999816894531,79.93499755859375,13
2026-05-08 04:44:00+00:00,80.05500030517578,80.05500030517578,80.00499725341797,80.00499725341797,5
2026-05-08 04:45:00+00:00,80.0,80.07499694824219,80.0,80.06999969482422,9
2026-05-08 04:46:00+00:00,80.02999877929688,80.02999877929688,80.0250015258789,80.02999877929688,3
2026-05-08 04:47:00+00:00,79.9749984741211,80.03500366210938,79.9749984741211,80.01499938964844,4
2026-05-08 04:48:00+00:00,80.04000091552734,80.04000091552734,80.04000091552734,80.04000091552734,1
2026-05-08 04:49:00+00:00,80.125,80.125,80.08499908447266,80.08499908447266,7
2026-05-08 04:50:00+00:00,80.12000274658203,80.15499877929688,80.12000274658203,80.15499877929688,7
2026-05-08 04:51:00+00:00,80.16999816894531,80.16999816894531,80.12999725341797,80.12999725341797,10
2026-05-08 04:52:00+00:00,80.19999694824219,80.19999694824219,80.15499877929688,80.16999816894531,7
2026-05-08 04:53:00+00:00,80.20500183105469,80.20500183105469,80.17500305175781,80.18499755859375,7
2026-05-08 04:54:00+00:00,80.2699966430664,80.2699966430664,80.2300033569336,80.26000213623047,13
2026-05-08 04:55:00+00:00,80.20500183105469,80.2699966430664,80.20500183105469,80.2699966430664,3
2026-05-08 04:57:00+00:00,80.2249984741211,80.2249984741211,80.20500183105469,80.20500183105469,5
2026-05-08 04:58:00+00:00,80.20999908447266,80.20999908447266,80.20999908447266,80.20999908447266,1
2026-05-08 04:59:00+00:00,80.11000061035156,80.17500305175781,80.08499908447266,80.17500305175781,12
2026-05-08 05:00:00+00:00,80.17500305175781,80.17500305175781,80.17500305175781,80.17500305175781,1
2026-05-08 05:01:00+00:00,80.19999694824219,80.19999694824219,80.16999816894531,80.16999816894531,3
2026-05-08 05:02:00+00:00,80.20500183105469,80.20500183105469,80.19499969482422,80.19999694824219,7
2026-05-08 05:03:00+00:00,80.19499969482422,80.20999908447266,80.19499969482422,80.20999908447266,4
2026-05-08 05:04:00+00:00,80.19999694824219,80.19999694824219,80.19499969482422,80.19499969482422,3
2026-05-08 05:07:00+00:00,80.22000122070312,80.23500061035156,80.19000244140625,80.20500183105469,6
2026-05-08 05:08:00+00:00,80.26000213623047,80.26000213623047,80.26000213623047,80.26000213623047,1
2026-05-08 05:09:00+00:00,80.25499725341797,80.27999877929688,80.25499725341797,80.27999877929688,4
2026-05-08 05:10:00+00:00,80.26499938964844,80.27999877929688,80.26499938964844,80.26499938964844,3
2026-05-08 05:11:00+00:00,80.21499633789062,80.26499938964844,80.21499633789062,80.26499938964844,21
2026-05-08 05:12:00+00:00,80.26000213623047,80.26000213623047,80.26000213623047,80.26000213623047,1
2026-05-08 05:15:00+00:00,80.19999694824219,80.23500061035156,80.19999694824219,80.22000122070312,22
2026-05-08 05:16:00+00:00,80.23500061035156,80.23500061035156,80.23500061035156,80.23500061035156,3
2026-05-08 05:17:00+00:00,80.24500274658203,80.32499694824219,80.2249984741211,80.32499694824219,26
2026-05-08 05:18:00+00:00,80.2750015258789,80.2750015258789,80.2249984741211,80.2249984741211,7
2026-05-08 05:19:00+00:00,80.30000305175781,80.30000305175781,80.2750015258789,80.27999877929688,4
2026-05-08 05:20:00+00:00,80.375,80.375,80.36499786376953,80.36499786376953,5
2026-05-08 05:21:00+00:00,80.36000061035156,80.4000015258789,80.36000061035156,80.4000015258789,8
2026-05-08 05:22:00+00:00,80.375,80.375,80.33999633789062,80.3499984741211,9
2026-05-08 05:23:00+00:00,80.36499786376953,80.4000015258789,80.3499984741211,80.4000015258789,6
2026-05-08 05:24:00+00:00,80.37999725341797,80.37999725341797,80.37999725341797,80.37999725341797,1
2026-05-08 05:26:00+00:00,80.34500122070312,80.34500122070312,80.34500122070312,80.34500122070312,1
2026-05-08 05:28:00+00:00,80.4000015258789,80.4000015258789,80.37999725341797,80.37999725341797,3
2026-05-08 05:29:00+00:00,80.46499633789062,80.47000122070312,80.41500091552734,80.41500091552734,12
2026-05-08 05:30:00+00:00,80.79499816894531,80.79499816894531,80.46499633789062,80.46499633789062,86
2026-05-08 05:31:00+00:00,80.73500061035156,80.79000091552734,80.70500183105469,80.7750015258789,16
2026-05-08 05:32:00+00:00,80.9000015258789,80.93000030517578,80.76000213623047,80.7699966430664,45
2026-05-08 05:33:00+00:00,80.90499877929688,80.90499877929688,80.83499908447266,80.875,9
2026-05-08 05:34:00+00:00,80.87000274658203,80.90499877929688,80.83499908447266,80.87000274658203,16
2026-05-08 05:35:00+00:00,80.78500366210938,80.81500244140625,80.76000213623047,80.80000305175781,36
2026-05-08 05:36:00+00:00,80.81500244140625,80.81500244140625,80.75,80.7699966430664,14
2026-05-08 05:37:00+00:00,80.77999877929688,80.875,80.77999877929688,80.875,7
2026-05-08 05:38:00+00:00,80.70999908447266,80.75499725341797,80.69499969482422,80.75499725341797,19
2026-05-08 05:39:00+00:00,80.65499877929688,80.70500183105469,80.625,80.70500183105469,25
2026-05-08 05:40:00+00:00,80.70500183105469,80.70500183105469,80.6500015258789,80.6500015258789,12
2026-05-08 05:41:00+00:00,80.75,80.76000213623047,80.69000244140625,80.69000244140625,19
2026-05-08 05:42:00+00:00,80.76000213623047,80.76000213623047,80.7249984741211,80.75,9
2026-05-08 05:43:00+00:00,80.75499725341797,80.7750015258789,80.7249984741211,80.7699966430664,8
2026-05-08 05:44:00+00:00,80.7300033569336,80.7699966430664,80.7300033569336,80.7699966430664,12
2026-05-08 05:45:00+00:00,80.75499725341797,80.79499816894531,80.75499725341797,80.7750015258789,9
2026-05-08 05:46:00+00:00,80.69000244140625,80.69000244140625,80.66999816894531,80.67500305175781,5
2026-05-08 05:47:00+00:00,80.70999908447266,80.73500061035156,80.70500183105469,80.70999908447266,12
2026-05-08 05:49:00+00:00,80.72000122070312,80.7249984741211,80.69999694824219,80.7249984741211,3
2026-05-08 05:50:00+00:00,80.7249984741211,80.7699966430664,80.72000122070312,80.7699966430664,9
2026-05-08 05:51:00+00:00,80.69999694824219,80.69999694824219,80.69499969482422,80.69499969482422,2
2026-05-08 05:52:00+00:00,80.68000030517578,80.68499755859375,80.68000030517578,80.68499755859375,2
2026-05-08 05:53:00+00:00,80.75499725341797,80.76499938964844,80.69000244140625,80.70500183105469,9
2026-05-08 05:54:00+00:00,80.74500274658203,80.74500274658203,80.73999786376953,80.74500274658203,4
2026-05-08 05:55:00+00:00,80.9000015258789,80.94000244140625,80.78500366210938,80.78500366210938,89
2026-05-08 05:56:00+00:00,81.06500244140625,81.07499694824219,80.87000274658203,80.93000030517578,86
2026-05-08 05:57:00+00:00,80.99500274658203,81.05000305175781,80.9749984741211,81.05000305175781,78
2026-05-08 05:58:00+00:00,80.94999694824219,80.9800033569336,80.94999694824219,80.97000122070312,12
2026-05-08 05:59:00+00:00,80.97000122070312,81.00499725341797,80.95500183105469,80.95500183105469,8
2026-05-08 06:00:00+00:00,80.68000030517578,81.04499816894531,80.61000061035156,80.99500274658203,105
2026-05-08 06:01:00+00:00,80.88999938964844,80.9000015258789,80.69499969482422,80.71499633789062,52
2026-05-08 06:02:00+00:00,80.94999694824219,80.94999694824219,80.88500213623047,80.91500091552734,36
2026-05-08 06:03:00+00:00,81.08000183105469,81.0999984741211,80.9000015258789,80.93499755859375,57
2026-05-08 06:04:00+00:00,81.16000366210938,81.25,81.06999969482422,81.08000183105469,69
2026-05-08 06:05:00+00:00,81.06999969482422,81.17500305175781,81.05000305175781,81.17500305175781,42
2026-05-08 06:06:00+00:00,81.19999694824219,81.2249984741211,81.06500244140625,81.07499694824219,31
2026-05-08 06:07:00+00:00,81.1449966430664,81.20999908447266,81.125,81.19499969482422,20
2026-05-08 06:08:00+00:00,81.12000274658203,81.16999816894531,81.08999633789062,81.11499786376953,44
2026-05-08 06:09:00+00:00,81.19499969482422,81.19499969482422,81.125,81.125,19
2026-05-08 06:10:00+00:00,81.16999816894531,81.23999786376953,81.15499877929688,81.20999908447266,27
2026-05-08 06:11:00+00:00,81.04499816894531,81.20500183105469,81.04499816894531,81.17500305175781,59
2026-05-08 06:12:00+00:00,81.07499694824219,81.08000183105469,81.0199966430664,81.03500366210938,12
2026-05-08 06:13:00+00:00,81.0199966430664,81.08000183105469,81.00499725341797,81.07499694824219,22
2026-05-08 06:14:00+00:00,80.94000244140625,81.0250015258789,80.94000244140625,81.0250015258789,30
2026-05-08 06:15:00+00:00,80.95500183105469,80.95999908447266,80.93000030517578,80.94999694824219,33
2026-05-08 06:16:00+00:00,80.9000015258789,80.93499755859375,80.87999725341797,80.93499755859375,37
2026-05-08 06:17:00+00:00,80.94999694824219,80.94999694824219,80.8499984741211,80.875,22
2026-05-08 06:18:00+00:00,81.0,81.0,80.95999908447266,80.95999908447266,4
2026-05-08 06:19:00+00:00,80.98999786376953,81.01000213623047,80.96499633789062,80.97000122070312,27
2026-05-08 06:20:00+00:00,81.03500366210938,81.04000091552734,80.96499633789062,81.01000213623047,36
2026-05-08 06:21:00+00:00,80.96499633789062,81.0,80.94000244140625,81.0,8
2026-05-08 06:22:00+00:00,80.94499969482422,81.01000213623047,80.94499969482422,81.0,13
2026-05-08 06:23:00+00:00,80.9749984741211,81.05500030517578,80.94999694824219,80.94999694824219,24
2026-05-08 06:24:00+00:00,80.96499633789062,81.03500366210938,80.94999694824219,80.97000122070312,32
2026-05-08 06:25:00+00:00,81.0,81.0,80.94999694824219,80.9749984741211,5
2026-05-08 06:26:00+00:00,81.00499725341797,81.06500244140625,81.0,81.03500366210938,16
2026-05-08 06:27:00+00:00,81.08999633789062,81.08999633789062,80.96499633789062,80.98999786376953,18
2026-05-08 06:28:00+00:00,81.20999908447266,81.20999908447266,81.08000183105469,81.0999984741211,59
2026-05-08 06:29:00+00:00,81.20500183105469,81.20999908447266,81.11499786376953,81.19499969482422,40
2026-05-08 06:30:00+00:00,81.12999725341797,81.21499633789062,81.12000274658203,81.21499633789062,37
2026-05-08 06:31:00+00:00,81.0999984741211,81.0999984741211,81.08499908447266,81.08999633789062,6
2026-05-08 06:32:00+00:00,81.13500213623047,81.13500213623047,81.08999633789062,81.0999984741211,12
2026-05-08 06:33:00+00:00,81.13999938964844,81.19000244140625,81.12999725341797,81.13999938964844,57
2026-05-08 06:34:00+00:00,81.0199966430664,81.13999938964844,81.0199966430664,81.13999938964844,16
2026-05-08 06:35:00+00:00,81.01000213623047,81.04000091552734,80.99500274658203,81.0,7
2026-05-08 06:36:00+00:00,81.03500366210938,81.04000091552734,81.03500366210938,81.03500366210938,10
2026-05-08 06:37:00+00:00,81.04499816894531,81.05999755859375,81.01499938964844,81.01499938964844,3
2026-05-08 06:38:00+00:00,81.04000091552734,81.04499816894531,81.01000213623047,81.04499816894531,12
2026-05-08 06:39:00+00:00,80.98999786376953,81.00499725341797,80.94499969482422,81.0,20
2026-05-08 06:40:00+00:00,81.09500122070312,81.11499786376953,81.02999877929688,81.02999877929688,22
2026-05-08 06:41:00+00:00,81.16000366210938,81.16000366210938,81.09500122070312,81.09500122070312,14
2026-05-08 06:42:00+00:00,81.09500122070312,81.16500091552734,81.07499694824219,81.12999725341797,13
2026-05-08 06:43:00+00:00,81.12999725341797,81.16000366210938,81.11000061035156,81.13500213623047,7
2026-05-08 06:44:00+00:00,81.05999755859375,81.12999725341797,81.05999755859375,81.11000061035156,26
2026-05-08 06:45:00+00:00,80.94999694824219,81.02999877929688,80.94000244140625,81.00499725341797,20
2026-05-08 06:46:00+00:00,80.86000061035156,80.93499755859375,80.8550033569336,80.93499755859375,23
2026-05-08 06:47:00+00:00,80.86000061035156,80.875,80.81999969482422,80.8499984741211,18
2026-05-08 06:48:00+00:00,80.8499984741211,80.8550033569336,80.79499816894531,80.81500244140625,16
2026-05-08 06:49:00+00:00,80.875,80.87999725341797,80.80999755859375,80.81999969482422,22
2026-05-08 06:50:00+00:00,80.93499755859375,80.93499755859375,80.86499786376953,80.87999725341797,10
2026-05-08 06:51:00+00:00,80.91500091552734,80.95999908447266,80.8499984741211,80.93499755859375,59
2026-05-08 06:52:00+00:00,80.91000366210938,80.91999816894531,80.88999938964844,80.88999938964844,5
2026-05-08 06:53:00+00:00,80.93000030517578,80.93000030517578,80.91000366210938,80.91000366210938,4
2026-05-08 06:54:00+00:00,80.9800033569336,81.01499938964844,80.93499755859375,80.94499969482422,34
2026-05-08 06:55:00+00:00,80.88500213623047,80.97000122070312,80.88500213623047,80.97000122070312,12
2026-05-08 06:56:00+00:00,80.9000015258789,80.91999816894531,80.8949966430664,80.8949966430664,11
2026-05-08 06:57:00+00:00,80.88500213623047,80.91000366210938,80.88500213623047,80.91000366210938,4
2026-05-08 06:58:00+00:00,80.86000061035156,80.91999816894531,80.83499908447266,80.91500091552734,26
2026-05-08 06:59:00+00:00,80.8499984741211,80.87000274658203,80.8499984741211,80.87000274658203,5
2026-05-08 07:00:00+00:00,80.7699966430664,80.87000274658203,80.76000213623047,80.80999755859375,56
2026-05-08 07:01:00+00:00,80.79000091552734,80.80000305175781,80.7249984741211,80.80000305175781,38
2026-05-08 07:02:00+00:00,80.80000305175781,80.84500122070312,80.7300033569336,80.76000213623047,33
2026-05-08 07:03:00+00:00,80.80000305175781,80.81999969482422,80.7699966430664,80.7750015258789,9
2026-05-08 07:04:00+00:00,80.79499816894531,80.80500030517578,80.76499938964844,80.76499938964844,18
2026-05-08 07:05:00+00:00,80.80000305175781,80.8550033569336,80.80000305175781,80.83499908447266,14
2026-05-08 07:06:00+00:00,80.72000122070312,80.76499938964844,80.70500183105469,80.76499938964844,14
2026-05-08 07:07:00+00:00,80.74500274658203,80.7750015258789,80.66999816894531,80.69999694824219,19
2026-05-08 07:08:00+00:00,80.70500183105469,80.73500061035156,80.66999816894531,80.73500061035156,39
2026-05-08 07:09:00+00:00,80.68499755859375,80.71499633789062,80.66500091552734,80.71499633789062,19
2026-05-08 07:10:00+00:00,80.68499755859375,80.68499755859375,80.6449966430664,80.66999816894531,16
2026-05-08 07:11:00+00:00,80.65499877929688,80.69499969482422,80.6500015258789,80.69499969482422,4
2026-05-08 07:12:00+00:00,80.62000274658203,80.65499877929688,80.61000061035156,80.65499877929688,34
2026-05-08 07:13:00+00:00,80.55999755859375,80.5999984741211,80.54000091552734,80.5999984741211,18
2026-05-08 07:14:00+00:00,80.5,80.63999938964844,80.47000122070312,80.55500030517578,54
2026-05-08 07:15:00+00:00,80.57499694824219,80.59500122070312,80.45999908447266,80.46499633789062,25
2026-05-08 07:16:00+00:00,80.42500305175781,80.52999877929688,80.3949966430664,80.5250015258789,33
2026-05-08 07:17:00+00:00,80.375,80.43000030517578,80.33999633789062,80.41999816894531,44
2026-05-08 07:18:00+00:00,80.30999755859375,80.38999938964844,80.28500366210938,80.38999938964844,19
2026-05-08 07:19:00+00:00,80.40499877929688,80.43499755859375,80.30500030517578,80.33499908447266,51
2026-05-08 07:20:00+00:00,80.29499816894531,80.44000244140625,80.2750015258789,80.40499877929688,27
2026-05-08 07:21:00+00:00,80.29499816894531,80.33499908447266,80.2699966430664,80.30999755859375,21
2026-05-08 07:22:00+00:00,80.1449966430664,80.29000091552734,80.12000274658203,80.29000091552734,67
2026-05-08 07:23:00+00:00,80.18499755859375,80.18499755859375,80.09500122070312,80.13500213623047,73
2026-05-08 07:24:00+00:00,80.1500015258789,80.18499755859375,80.07499694824219,80.17500305175781,23
2026-05-08 07:25:00+00:00,79.91999816894531,80.12999725341797,79.91000366210938,80.12999725341797,78
2026-05-08 07:26:00+00:00,79.95999908447266,79.9749984741211,79.86000061035156,79.93499755859375,50
2026-05-08 07:27:00+00:00,80.06500244140625,80.08999633789062,79.91000366210938,79.91000366210938,26
2026-05-08 07:28:00+00:00,80.12000274658203,80.21499633789062,80.08499908447266,80.08499908447266,54
2026-05-08 07:29:00+00:00,80.18000030517578,80.19499969482422,80.12999725341797,80.13500213623047,29
2026-05-08 07:30:00+00:00,80.01499938964844,80.16000366210938,79.91000366210938,80.1500015258789,72
2026-05-08 07:31:00+00:00,80.05000305175781,80.07499694824219,79.9749984741211,79.9749984741211,18
2026-05-08 07:32:00+00:00,80.06500244140625,80.08999633789062,80.04000091552734,80.06500244140625,20
2026-05-08 07:33:00+00:00,80.20500183105469,80.20500183105469,80.11499786376953,80.12000274658203,45
2026-05-08 07:34:00+00:00,80.16500091552734,80.24500274658203,80.15499877929688,80.22000122070312,25
2026-05-08 07:35:00+00:00,80.2300033569336,80.23999786376953,80.13500213623047,80.13500213623047,22
2026-05-08 07:36:00+00:00,80.2249984741211,80.23999786376953,80.18000030517578,80.23500061035156,30
2026-05-08 07:37:00+00:00,80.27999877929688,80.30999755859375,80.2300033569336,80.23999786376953,29
2026-05-08 07:38:00+00:00,80.24500274658203,80.2750015258789,80.24500274658203,80.25,9
2026-05-08 07:39:00+00:00,80.26000213623047,80.26499938964844,80.23999786376953,80.23999786376953,6
2026-05-08 07:40:00+00:00,80.24500274658203,80.30500030517578,80.22000122070312,80.29499816894531,26
2026-05-08 07:41:00+00:00,80.26000213623047,80.26000213623047,80.23500061035156,80.23500061035156,4
2026-05-08 07:42:00+00:00,80.26000213623047,80.27999877929688,80.25499725341797,80.25499725341797,3
2026-05-08 07:43:00+00:00,80.30500030517578,80.32499694824219,80.26000213623047,80.26000213623047,31
2026-05-08 07:44:00+00:00,80.33000183105469,80.33000183105469,80.2750015258789,80.29499816894531,27
2026-05-08 07:45:00+00:00,80.45999908447266,80.5250015258789,80.3550033569336,80.3550033569336,59
2026-05-08 07:46:00+00:00,80.46499633789062,80.5,80.46499633789062,80.4800033569336,17
2026-05-08 07:47:00+00:00,80.45999908447266,80.4800033569336,80.42500305175781,80.4800033569336,27
2026-05-08 07:48:00+00:00,80.4749984741211,80.48500061035156,80.41000366210938,80.44999694824219,23
2026-05-08 07:49:00+00:00,80.46499633789062,80.49500274658203,80.43499755859375,80.46499633789062,9
2026-05-08 07:50:00+00:00,80.48500061035156,80.5199966430664,80.48500061035156,80.51000213623047,8
2026-05-08 07:51:00+00:00,80.41500091552734,80.4749984741211,80.38999938964844,80.44999694824219,14
2026-05-08 07:52:00+00:00,80.42500305175781,80.44000244140625,80.37999725341797,80.44000244140625,6
2026-05-08 07:53:00+00:00,80.45500183105469,80.45500183105469,80.4000015258789,80.4000015258789,14
2026-05-08 07:54:00+00:00,80.45999908447266,80.4749984741211,80.45500183105469,80.45999908447266,7
2026-05-08 07:55:00+00:00,80.38999938964844,80.44999694824219,80.375,80.44999694824219,6
2026-05-08 07:56:00+00:00,80.37000274658203,80.37999725341797,80.2699966430664,80.37999725341797,22
2026-05-08 07:57:00+00:00,80.41000366210938,80.41000366210938,80.37000274658203,80.375,10
2026-05-08 07:58:00+00:00,80.4749984741211,80.48500061035156,80.42500305175781,80.42500305175781,19
2026-05-08 07:59:00+00:00,80.42500305175781,80.48999786376953,80.4000015258789,80.48999786376953,20
2026-05-08 08:00:00+00:00,80.4749984741211,80.4749984741211,80.38999938964844,80.43000030517578,36
2026-05-08 08:01:00+00:00,80.45999908447266,80.51499938964844,80.44000244140625,80.45999908447266,21
2026-05-08 08:02:00+00:00,80.43499755859375,80.45500183105469,80.4000015258789,80.42500305175781,10
2026-05-08 08:03:00+00:00,80.41999816894531,80.46499633789062,80.41999816894531,80.43499755859375,6
2026-05-08 08:04:00+00:00,80.44999694824219,80.44999694824219,80.44999694824219,80.44999694824219,1
2026-05-08 08:05:00+00:00,80.38500213623047,80.46499633789062,80.38500213623047,80.44999694824219,30
2026-05-08 08:06:00+00:00,80.34500122070312,80.41999816894531,80.34500122070312,80.41000366210938,27
2026-05-08 08:07:00+00:00,80.3949966430664,80.3949966430664,80.37999725341797,80.37999725341797,2
2026-05-08 08:08:00+00:00,80.34500122070312,80.38999938964844,80.34500122070312,80.37000274658203,9
2026-05-08 08:09:00+00:00,80.44499969482422,80.44499969482422,80.3550033569336,80.3550033569336,6
2026-05-08 08:10:00+00:00,80.43499755859375,80.4800033569336,80.43499755859375,80.4800033569336,14
2026-05-08 08:11:00+00:00,80.3949966430664,80.43000030517578,80.3949966430664,80.42500305175781,5
2026-05-08 08:12:00+00:00,80.49500274658203,80.49500274658203,80.45999908447266,80.45999908447266,6
2026-05-08 08:13:00+00:00,80.4749984741211,80.48500061035156,80.47000122070312,80.48500061035156,4
2026-05-08 08:14:00+00:00,80.55000305175781,80.56500244140625,80.51499938964844,80.51499938964844,23
2026-05-08 08:15:00+00:00,80.57499694824219,80.6050033569336,80.54499816894531,80.54499816894531,27
2026-05-08 08:16:00+00:00,80.55000305175781,80.63999938964844,80.55000305175781,80.63999938964844,25
2026-05-08 08:17:00+00:00,80.57499694824219,80.58000183105469,80.55999755859375,80.58000183105469,17
2026-05-08 08:18:00+00:00,80.63500213623047,80.63500213623047,80.59500122070312,80.59500122070312,11
2026-05-08 08:19:00+00:00,80.58999633789062,80.63500213623047,80.58999633789062,80.63500213623047,10
2026-05-08 08:20:00+00:00,80.61000061035156,80.62999725341797,80.58999633789062,80.58999633789062,14
2026-05-08 08:21:00+00:00,80.83000183105469,80.8499984741211,80.5999984741211,80.5999984741211,45
2026-05-08 08:22:00+00:00,80.80500030517578,80.875,80.80000305175781,80.83999633789062,52
2026-05-08 08:23:00+00:00,80.77999877929688,80.77999877929688,80.74500274658203,80.76499938964844,12
2026-05-08 08:24:00+00:00,80.7699966430664,80.81500244140625,80.7699966430664,80.7750015258789,17
2026-05-08 08:25:00+00:00,80.83999633789062,80.875,80.7699966430664,80.7699966430664,17
2026-05-08 08:26:00+00:00,80.82499694824219,80.8550033569336,80.76000213623047,80.80000305175781,40
2026-05-08 08:27:00+00:00,80.80000305175781,80.83499908447266,80.75499725341797,80.79000091552734,27
2026-05-08 08:28:00+00:00,80.80000305175781,80.84500122070312,80.80000305175781,80.81500244140625,34
2026-05-08 08:29:00+00:00,80.78500366210938,80.78500366210938,80.78500366210938,80.78500366210938,4
2026-05-08 08:30:00+00:00,80.78500366210938,80.80999755859375,80.76000213623047,80.79499816894531,14
2026-05-08 08:31:00+00:00,80.80000305175781,80.80500030517578,80.79000091552734,80.79000091552734,8
2026-05-08 08:32:00+00:00,80.81500244140625,80.8499984741211,80.79000091552734,80.79000091552734,7
2026-05-08 08:33:00+00:00,80.81999969482422,80.81999969482422,80.81999969482422,80.81999969482422,1
2026-05-08 08:34:00+00:00,80.79499816894531,80.875,80.7699966430664,80.82499694824219,31
2026-05-08 08:35:00+00:00,80.79000091552734,80.87999725341797,80.79000091552734,80.84500122070312,28
2026-05-08 08:36:00+00:00,80.8499984741211,80.8499984741211,80.84500122070312,80.84500122070312,2
2026-05-08 08:37:00+00:00,80.81999969482422,80.83000183105469,80.79000091552734,80.80000305175781,12
2026-05-08 08:38:00+00:00,80.75,80.83999633789062,80.75,80.83000183105469,22
2026-05-08 08:39:00+00:00,80.7699966430664,80.7699966430664,80.7699966430664,80.7699966430664,1
2026-05-08 08:40:00+00:00,80.75499725341797,80.7699966430664,80.73500061035156,80.7699966430664,3
2026-05-08 08:41:00+00:00,80.70999908447266,80.70999908447266,80.70999908447266,80.70999908447266,1
2026-05-08 08:42:00+00:00,80.66999816894531,80.73999786376953,80.66999816894531,80.73999786376953,30
2026-05-08 08:43:00+00:00,80.67500305175781,80.67500305175781,80.6500015258789,80.6500015258789,6
2026-05-08 08:44:00+00:00,80.63999938964844,80.6500015258789,80.63999938964844,80.63999938964844,12
2026-05-08 08:45:00+00:00,80.66999816894531,80.66999816894531,80.62999725341797,80.62999725341797,3
2026-05-08 08:46:00+00:00,80.69999694824219,80.69999694824219,80.67500305175781,80.69999694824219,13
2026-05-08 08:47:00+00:00,80.67500305175781,80.67500305175781,80.67500305175781,80.67500305175781,2
2026-05-08 08:48:00+00:00,80.73500061035156,80.7699966430664,80.66500091552734,80.67500305175781,38
2026-05-08 08:49:00+00:00,80.73500061035156,80.77999877929688,80.73500061035156,80.75,10
2026-05-08 08:50:00+00:00,80.69000244140625,80.73999786376953,80.69000244140625,80.7300033569336,17
2026-05-08 08:51:00+00:00,80.69999694824219,80.71499633789062,80.66999816894531,80.68000030517578,21
2026-05-08 08:52:00+00:00,80.70500183105469,80.70500183105469,80.70500183105469,80.70500183105469,2
2026-05-08 08:55:00+00:00,80.69499969482422,80.70500183105469,80.6500015258789,80.66000366210938,6
2026-05-08 08:56:00+00:00,80.70500183105469,80.70500183105469,80.66000366210938,80.66000366210938,3
2026-05-08 08:57:00+00:00,80.71499633789062,80.72000122070312,80.71499633789062,80.72000122070312,2
2026-05-08 08:58:00+00:00,80.68000030517578,80.72000122070312,80.68000030517578,80.69000244140625,13
2026-05-08 08:59:00+00:00,80.68499755859375,80.70999908447266,80.66999816894531,80.70999908447266,3
2026-05-08 09:00:00+00:00,80.59500122070312,80.69999694824219,80.59500122070312,80.69999694824219,10
2026-05-08 09:01:00+00:00,80.6500015258789,80.66000366210938,80.6500015258789,80.6500015258789,10
2026-05-08 09:02:00+00:00,80.69000244140625,80.69000244140625,80.69000244140625,80.69000244140625,7
2026-05-08 09:03:00+00:00,80.75499725341797,80.79000091552734,80.75499725341797,80.78500366210938,16
2026-05-08 09:04:00+00:00,80.77999877929688,80.77999877929688,80.7750015258789,80.77999877929688,13
2026-05-08 09:05:00+00:00,80.7249984741211,80.75,80.71499633789062,80.75,7
2026-05-08 09:06:00+00:00,80.80000305175781,80.80000305175781,80.75,80.75,11
2026-05-08 09:07:00+00:00,80.83999633789062,80.8949966430664,80.83999633789062,80.8499984741211,24
2026-05-08 09:08:00+00:00,80.78500366210938,80.87000274658203,80.7750015258789,80.87000274658203,13
2026-05-08 09:09:00+00:00,80.83499908447266,80.83499908447266,80.80999755859375,80.80999755859375,10
2026-05-08 09:10:00+00:00,80.81999969482422,80.83000183105469,80.81999969482422,80.83000183105469,3
2026-05-08 09:11:00+00:00,80.81999969482422,80.81999969482422,80.7750015258789,80.79499816894531,8
2026-05-08 09:12:00+00:00,80.81500244140625,80.83499908447266,80.81500244140625,80.83499908447266,6
2026-05-08 09:13:00+00:00,80.81500244140625,80.81500244140625,80.77999877929688,80.78500366210938,10
2026-05-08 09:14:00+00:00,80.84500122070312,80.84500122070312,80.84500122070312,80.84500122070312,1
2026-05-08 09:15:00+00:00,80.83999633789062,80.87000274658203,80.83999633789062,80.8499984741211,3
2026-05-08 09:16:00+00:00,80.86000061035156,80.86000061035156,80.83000183105469,80.83000183105469,4
2026-05-08 09:17:00+00:00,80.81999969482422,80.84500122070312,80.80500030517578,80.84500122070312,12
2026-05-08 09:18:00+00:00,80.90499877929688,80.90499877929688,80.88500213623047,80.88500213623047,8
2026-05-08 09:19:00+00:00,80.87000274658203,80.91500091552734,80.87000274658203,80.91500091552734,12
2026-05-08 09:20:00+00:00,80.95500183105469,80.95999908447266,80.8550033569336,80.87999725341797,17
2026-05-08 09:21:00+00:00,80.95999908447266,80.98500061035156,80.95500183105469,80.95500183105469,29
2026-05-08 09:22:00+00:00,80.94999694824219,80.95999908447266,80.93499755859375,80.95999908447266,5
2026-05-08 09:23:00+00:00,80.97000122070312,81.03500366210938,80.91999816894531,80.91999816894531,34
2026-05-08 09:24:00+00:00,80.94499969482422,81.00499725341797,80.94000244140625,81.00499725341797,18
2026-05-08 09:25:00+00:00,80.99500274658203,80.99500274658203,80.95500183105469,80.9749984741211,14
2026-05-08 09:26:00+00:00,81.06500244140625,81.06500244140625,81.0,81.0,14
2026-05-08 09:27:00+00:00,81.11000061035156,81.13500213623047,81.05999755859375,81.08000183105469,46
2026-05-08 09:28:00+00:00,81.05000305175781,81.09500122070312,81.0250015258789,81.09500122070312,14
2026-05-08 09:29:00+00:00,81.01499938964844,81.0199966430664,80.99500274658203,81.0199966430664,16
2026-05-08 09:30:00+00:00,80.95999908447266,81.01499938964844,80.95999908447266,81.01499938964844,8
2026-05-08 09:31:00+00:00,80.81999969482422,80.99500274658203,80.81999969482422,80.98500061035156,20
2026-05-08 09:32:00+00:00,80.875,80.88500213623047,80.81999969482422,80.86000061035156,17
2026-05-08 09:33:00+00:00,80.7750015258789,80.81500244140625,80.7699966430664,80.81500244140625,13
2026-05-08 09:34:00+00:00,80.875,80.875,80.80000305175781,80.80000305175781,39
2026-05-08 09:35:00+00:00,80.91999816894531,80.96499633789062,80.90499877929688,80.90499877929688,32
2026-05-08 09:36:00+00:00,80.8949966430664,80.9000015258789,80.8949966430664,80.9000015258789,3
2026-05-08 09:37:00+00:00,80.91000366210938,80.91000366210938,80.91000366210938,80.91000366210938,1
2026-05-08 09:38:00+00:00,80.87999725341797,80.88999938964844,80.87000274658203,80.88999938964844,3
2026-05-08 09:39:00+00:00,80.94499969482422,80.94499969482422,80.8550033569336,80.91500091552734,7
2026-05-08 09:40:00+00:00,80.88999938964844,80.93499755859375,80.875,80.93499755859375,6
2026-05-08 09:41:00+00:00,80.95999908447266,80.95999908447266,80.86000061035156,80.86000061035156,17
2026-05-08 09:42:00+00:00,80.97000122070312,80.9800033569336,80.97000122070312,80.97000122070312,3
2026-05-08 09:43:00+00:00,80.94499969482422,80.94499969482422,80.87000274658203,80.91000366210938,19
2026-05-08 09:44:00+00:00,80.90499877929688,80.94999694824219,80.90499877929688,80.94499969482422,9
2026-05-08 09:45:00+00:00,80.86000061035156,80.91000366210938,80.86000061035156,80.8949966430664,33
2026-05-08 09:46:00+00:00,80.7300033569336,80.80999755859375,80.7300033569336,80.80999755859375,33
2026-05-08 09:47:00+00:00,80.73500061035156,80.75499725341797,80.7249984741211,80.7249984741211,27
2026-05-08 09:48:00+00:00,80.69999694824219,80.75499725341797,80.69999694824219,80.75499725341797,29
2026-05-08 09:49:00+00:00,80.7300033569336,80.7300033569336,80.68499755859375,80.71499633789062,30
2026-05-08 09:50:00+00:00,80.69499969482422,80.7300033569336,80.6500015258789,80.72000122070312,24
2026-05-08 09:51:00+00:00,80.71499633789062,80.7300033569336,80.69999694824219,80.71499633789062,14
2026-05-08 09:52:00+00:00,80.61000061035156,80.68499755859375,80.58499908447266,80.68499755859375,53
2026-05-08 09:53:00+00:00,80.59500122070312,80.62999725341797,80.56999969482422,80.62999725341797,36
2026-05-08 09:54:00+00:00,80.63999938964844,80.66500091552734,80.6050033569336,80.6050033569336,5
2026-05-08 09:55:00+00:00,80.62000274658203,80.66500091552734,80.58999633789062,80.66500091552734,9
2026-05-08 09:56:00+00:00,80.6449966430664,80.6449966430664,80.58499908447266,80.62999725341797,13
2026-05-08 09:57:00+00:00,80.70999908447266,80.70999908447266,80.66999816894531,80.66999816894531,3
2026-05-08 09:58:00+00:00,80.70500183105469,80.7249984741211,80.70500183105469,80.71499633789062,3
2026-05-08 09:59:00+00:00,80.73999786376953,80.7699966430664,80.70500183105469,80.70500183105469,49
2026-05-08 10:00:00+00:00,80.80500030517578,80.83499908447266,80.75499725341797,80.75499725341797,55
2026-05-08 10:01:00+00:00,80.81999969482422,80.83499908447266,80.80000305175781,80.80500030517578,9
2026-05-08 10:02:00+00:00,80.81500244140625,80.83000183105469,80.79499816894531,80.83000183105469,15
2026-05-08 10:03:00+00:00,80.88999938964844,80.88999938964844,80.7699966430664,80.80000305175781,47
2026-05-08 10:04:00+00:00,80.90499877929688,80.91500091552734,80.8550033569336,80.91500091552734,12
2026-05-08 10:05:00+00:00,80.875,80.875,80.87000274658203,80.87000274658203,8
2026-05-08 10:06:00+00:00,80.86000061035156,80.91000366210938,80.8499984741211,80.91000366210938,16
2026-05-08 10:07:00+00:00,80.87999725341797,80.87999725341797,80.8499984741211,80.87999725341797,6
2026-05-08 10:08:00+00:00,80.83499908447266,80.875,80.83499908447266,80.8550033569336,9
2026-05-08 10:09:00+00:00,80.80000305175781,80.83000183105469,80.77999877929688,80.83000183105469,13
2026-05-08 10:10:00+00:00,80.78500366210938,80.81500244140625,80.76000213623047,80.76000213623047,6
2026-05-08 10:11:00+00:00,80.79499816894531,80.79499816894531,80.79499816894531,80.79499816894531,9
2026-05-08 10:12:00+00:00,80.80000305175781,80.82499694824219,80.80000305175781,80.82499694824219,7
2026-05-08 10:13:00+00:00,80.8550033569336,80.8550033569336,80.79499816894531,80.80500030517578,11
2026-05-08 10:15:00+00:00,80.90499877929688,80.93000030517578,80.875,80.88500213623047,26
2026-05-08 10:17:00+00:00,80.93000030517578,80.93000030517578,80.92500305175781,80.92500305175781,2
2026-05-08 10:18:00+00:00,80.94499969482422,80.97000122070312,80.94499969482422,80.95999908447266,4
2026-05-08 10:19:00+00:00,80.96499633789062,80.96499633789062,80.93000030517578,80.93000030517578,14
2026-05-08 10:20:00+00:00,80.97000122070312,80.97000122070312,80.97000122070312,80.97000122070312,2
2026-05-08 10:21:00+00:00,80.94499969482422,80.94999694824219,80.94499969482422,80.94999694824219,2
2026-05-08 10:22:00+00:00,81.05000305175781,81.05000305175781,80.95999908447266,80.95999908447266,25
2026-05-08 10:23:00+00:00,81.19999694824219,81.19999694824219,81.06999969482422,81.06999969482422,39
2026-05-08 10:24:00+00:00,81.19000244140625,81.25,81.19000244140625,81.23500061035156,61
2026-05-08 10:25:00+00:00,81.1500015258789,81.18000030517578,81.1449966430664,81.15499877929688,12
2026-05-08 10:26:00+00:00,81.19999694824219,81.19999694824219,81.16000366210938,81.18499755859375,15
2026-05-08 10:27:00+00:00,81.16500091552734,81.16999816894531,81.11499786376953,81.125,20
2026-05-08 10:28:00+00:00,81.12999725341797,81.16000366210938,81.125,81.1500015258789,6
2026-05-08 10:29:00+00:00,81.0999984741211,81.1449966430664,81.07499694824219,81.1449966430664,35
2026-05-08 10:30:00+00:00,81.08999633789062,81.0999984741211,81.08000183105469,81.08000183105469,3
2026-05-08 10:31:00+00:00,81.11499786376953,81.13999938964844,81.11000061035156,81.13999938964844,3
2026-05-08 10:32:00+00:00,81.08000183105469,81.11499786376953,81.08000183105469,81.11000061035156,8
2026-05-08 10:34:00+00:00,81.13500213623047,81.16500091552734,81.12000274658203,81.1449966430664,8
2026-05-08 10:35:00+00:00,81.125,81.1500015258789,81.125,81.1500015258789,13
2026-05-08 10:36:00+00:00,81.23500061035156,81.25,81.1500015258789,81.1500015258789,44
2026-05-08 10:37:00+00:00,81.25,81.28500366210938,81.24500274658203,81.24500274658203,24
2026-05-08 10:38:00+00:00,81.25,81.25499725341797,81.2300033569336,81.23500061035156,16
2026-05-08 10:39:00+00:00,81.29000091552734,81.29000091552734,81.2300033569336,81.26000213623047,12
2026-05-08 10:40:00+00:00,81.34500122070312,81.34500122070312,81.29499816894531,81.29499816894531,15
2026-05-08 10:41:00+00:00,81.33000183105469,81.33000183105469,81.2300033569336,81.32499694824219,34
2026-05-08 10:42:00+00:00,81.37000274658203,81.41000366210938,81.33499908447266,81.33499908447266,70
2026-05-08 10:43:00+00:00,81.37999725341797,81.37999725341797,81.3550033569336,81.3550033569336,7
2026-05-08 10:44:00+00:00,81.29000091552734,81.33499908447266,81.29000091552734,81.33499908447266,9
2026-05-08 10:45:00+00:00,81.30500030517578,81.32499694824219,81.2750015258789,81.29499816894531,15
2026-05-08 10:46:00+00:00,81.29499816894531,81.29499816894531,81.2699966430664,81.2750015258789,7
2026-05-08 10:47:00+00:00,81.30000305175781,81.30999755859375,81.28500366210938,81.28500366210938,12
2026-05-08 10:48:00+00:00,81.25,81.25,81.22000122070312,81.23999786376953,7
2026-05-08 10:49:00+00:00,81.2300033569336,81.2300033569336,81.20999908447266,81.20999908447266,5
2026-05-08 10:50:00+00:00,81.19999694824219,81.2300033569336,81.19999694824219,81.21499633789062,6
2026-05-08 10:51:00+00:00,81.16000366210938,81.19999694824219,81.1500015258789,81.19499969482422,33
2026-05-08 10:52:00+00:00,81.22000122070312,81.22000122070312,81.1500015258789,81.16000366210938,12
2026-05-08 10:53:00+00:00,81.19499969482422,81.20500183105469,81.19499969482422,81.20500183105469,7
2026-05-08 10:54:00+00:00,81.15499877929688,81.16000366210938,81.15499877929688,81.16000366210938,2
2026-05-08 10:55:00+00:00,80.9749984741211,81.16500091552734,80.91500091552734,81.16000366210938,90
2026-05-08 10:56:00+00:00,81.0999984741211,81.0999984741211,80.98500061035156,81.00499725341797,35
2026-05-08 10:57:00+00:00,81.12999725341797,81.12999725341797,81.07499694824219,81.07499694824219,7
2026-05-08 10:58:00+00:00,81.19000244140625,81.20500183105469,81.18499755859375,81.19000244140625,12
2026-05-08 10:59:00+00:00,81.16500091552734,81.19999694824219,81.125,81.16999816894531,20
2026-05-08 11:00:00+00:00,81.18499755859375,81.33499908447266,81.1449966430664,81.18499755859375,146
2026-05-08 11:01:00+00:00,81.16500091552734,81.23500061035156,81.1500015258789,81.18499755859375,61
2026-05-08 11:02:00+00:00,81.19999694824219,81.23500061035156,81.15499877929688,81.15499877929688,37
2026-05-08 11:03:00+00:00,81.1500015258789,81.19000244140625,81.1500015258789,81.18000030517578,18
2026-05-08 11:04:00+00:00,81.29000091552734,81.29000091552734,81.19000244140625,81.19999694824219,32
2026-05-08 11:05:00+00:00,81.26000213623047,81.32499694824219,81.2300033569336,81.31500244140625,25
2026-05-08 11:06:00+00:00,81.18499755859375,81.26499938964844,81.1449966430664,81.24500274658203,53
2026-05-08 11:07:00+00:00,81.17500305175781,81.22000122070312,81.16500091552734,81.16500091552734,12
2026-05-08 11:08:00+00:00,81.15499877929688,81.19000244140625,81.15499877929688,81.18499755859375,11
2026-05-08 11:09:00+00:00,81.19999694824219,81.19999694824219,81.13999938964844,81.16000366210938,16
2026-05-08 11:10:00+00:00,81.11000061035156,81.25,81.09500122070312,81.20500183105469,27
2026-05-08 11:11:00+00:00,81.0199966430664,81.12999725341797,81.01000213623047,81.12999725341797,36
2026-05-08 11:12:00+00:00,81.04499816894531,81.1050033569336,81.04499816894531,81.05000305175781,13
2026-05-08 11:13:00+00:00,81.05500030517578,81.12000274658203,81.05500030517578,81.09500122070312,13
2026-05-08 11:14:00+00:00,81.125,81.125,81.05000305175781,81.05000305175781,13
2026-05-08 11:15:00+00:00,81.12999725341797,81.17500305175781,81.12000274658203,81.12000274658203,10
2026-05-08 11:16:00+00:00,81.19000244140625,81.20500183105469,81.1500015258789,81.1500015258789,10
2026-05-08 11:17:00+00:00,81.1050033569336,81.18000030517578,81.0999984741211,81.18000030517578,11
2026-05-08 11:18:00+00:00,81.1050033569336,81.1449966430664,81.1050033569336,81.125,7
2026-05-08 11:19:00+00:00,81.125,81.12999725341797,81.11000061035156,81.11499786376953,12
2026-05-08 11:20:00+00:00,81.16500091552734,81.18000030517578,81.11499786376953,81.11499786376953,14
2026-05-08 11:21:00+00:00,81.15499877929688,81.18499755859375,81.12999725341797,81.16999816894531,29
2026-05-08 11:22:00+00:00,81.12999725341797,81.17500305175781,81.11499786376953,81.13999938964844,11
2026-05-08 11:23:00+00:00,81.16999816894531,81.18499755859375,81.16500091552734,81.16500091552734,5
2026-05-08 11:24:00+00:00,81.16500091552734,81.16500091552734,81.11499786376953,81.16500091552734,5
2026-05-08 11:25:00+00:00,81.12999725341797,81.16500091552734,81.12999725341797,81.13999938964844,4
2026-05-08 11:26:00+00:00,81.16500091552734,81.16500091552734,81.15499877929688,81.15499877929688,2
2026-05-08 11:27:00+00:00,81.1449966430664,81.1449966430664,81.1449966430664,81.1449966430664,1
2026-05-08 11:28:00+00:00,81.1449966430664,81.1449966430664,81.13500213623047,81.13500213623047,2
2026-05-08 11:29:00+00:00,81.13999938964844,81.13999938964844,81.13999938964844,81.13999938964844,1
2026-05-08 11:30:00+00:00,81.125,81.1449966430664,81.125,81.13500213623047,8
2026-05-08 11:31:00+00:00,81.09500122070312,81.125,81.05500030517578,81.11000061035156,12
2026-05-08 11:32:00+00:00,81.125,81.125,81.07499694824219,81.07499694824219,53
2026-05-08 11:33:00+00:00,81.18000030517578,81.18000030517578,81.1449966430664,81.16000366210938,52
2026-05-08 11:34:00+00:00,81.1449966430664,81.15499877929688,81.125,81.15499877929688,7
2026-05-08 11:35:00+00:00,81.23500061035156,81.30000305175781,81.16999816894531,81.16999816894531,40
2026-05-08 11:36:00+00:00,81.20999908447266,81.26000213623047,81.20999908447266,81.2249984741211,37
2026-05-08 11:37:00+00:00,81.28500366210938,81.28500366210938,81.20999908447266,81.20999908447266,51
2026-05-08 11:38:00+00:00,81.23500061035156,81.29000091552734,81.23500061035156,81.29000091552734,16
2026-05-08 11:39:00+00:00,81.25,81.25,81.20999908447266,81.20999908447266,11
2026-05-08 11:40:00+00:00,81.2249984741211,81.23500061035156,81.20999908447266,81.20999908447266,13
2026-05-08 11:41:00+00:00,81.15499877929688,81.19499969482422,81.15499877929688,81.18000030517578,9
2026-05-08 11:42:00+00:00,81.18000030517578,81.20500183105469,81.16500091552734,81.16500091552734,17
2026-05-08 11:43:00+00:00,81.19999694824219,81.19999694824219,81.16999816894531,81.16999816894531,3
2026-05-08 11:44:00+00:00,81.19000244140625,81.19499969482422,81.16999816894531,81.19000244140625,5
2026-05-08 11:45:00+00:00,81.06999969482422,81.19499969482422,81.05000305175781,81.19499969482422,40
2026-05-08 11:46:00+00:00,81.06999969482422,81.09500122070312,81.00499725341797,81.05500030517578,50
2026-05-08 11:47:00+00:00,81.04000091552734,81.0999984741211,81.01000213623047,81.06500244140625,22
2026-05-08 11:48:00+00:00,81.12000274658203,81.12000274658203,81.04499816894531,81.04499816894531,10
2026-05-08 11:49:00+00:00,81.08999633789062,81.12000274658203,81.05000305175781,81.12000274658203,15
2026-05-08 11:50:00+00:00,81.13500213623047,81.16000366210938,81.08499908447266,81.0999984741211,23
2026-05-08 11:51:00+00:00,81.16000366210938,81.16000366210938,81.11000061035156,81.11000061035156,6
2026-05-08 11:52:00+00:00,81.06999969482422,81.16000366210938,81.04000091552734,81.16000366210938,10
2026-05-08 11:53:00+00:00,81.12000274658203,81.12999725341797,81.08999633789062,81.08999633789062,14
2026-05-08 11:54:00+00:00,81.1500015258789,81.15499877929688,81.09500122070312,81.11499786376953,8
2026-05-08 11:55:00+00:00,81.25499725341797,81.30999755859375,81.16999816894531,81.16999816894531,48
2026-05-08 11:56:00+00:00,81.20999908447266,81.2750015258789,81.20999908447266,81.26499938964844,17
2026-05-08 11:57:00+00:00,81.26000213623047,81.26000213623047,81.19999694824219,81.20999908447266,41
2026-05-08 11:58:00+00:00,81.30999755859375,81.30999755859375,81.24500274658203,81.25499725341797,19
2026-05-08 11:59:00+00:00,81.29000091552734,81.29499816894531,81.2699966430664,81.29499816894531,16
2026-05-08 12:00:00+00:00,81.31999969482422,81.3949966430664,81.29000091552734,81.30000305175781,69
2026-05-08 12:01:00+00:00,81.37000274658203,81.37000274658203,81.31999969482422,81.33499908447266,12
2026-05-08 12:02:00+00:00,81.3499984741211,81.37999725341797,81.33499908447266,81.37999725341797,16
2026-05-08 12:03:00+00:00,81.23999786376953,81.33000183105469,81.19999694824219,81.33000183105469,28
2026-05-08 12:04:00+00:00,81.19999694824219,81.23999786376953,81.18000030517578,81.23999786376953,19
2026-05-08 12:05:00+00:00,81.16999816894531,81.20500183105469,81.1500015258789,81.19999694824219,21
2026-05-08 12:06:00+00:00,81.20999908447266,81.25,81.1449966430664,81.16500091552734,36
2026-05-08 12:07:00+00:00,81.27999877929688,81.27999877929688,81.20500183105469,81.20500183105469,11
2026-05-08 12:08:00+00:00,81.2699966430664,81.30000305175781,81.2699966430664,81.30000305175781,8
2026-05-08 12:09:00+00:00,81.27999877929688,81.29499816894531,81.24500274658203,81.29499816894531,10
2026-05-08 12:10:00+00:00,81.1449966430664,81.28500366210938,81.1449966430664,81.26499938964844,78
2026-05-08 12:11:00+00:00,81.05500030517578,81.15499877929688,80.9800033569336,81.13999938964844,94
2026-05-08 12:12:00+00:00,81.09500122070312,81.125,80.98999786376953,81.01499938964844,46
2026-05-08 12:13:00+00:00,81.04000091552734,81.11000061035156,81.04000091552734,81.09500122070312,15
2026-05-08 12:14:00+00:00,81.05999755859375,81.1449966430664,81.05999755859375,81.06999969482422,21
2026-05-08 12:15:00+00:00,81.06999969482422,81.09500122070312,81.04000091552734,81.08000183105469,26
2026-05-08 12:16:00+00:00,81.05500030517578,81.08999633789062,81.0199966430664,81.05000305175781,25
2026-05-08 12:17:00+00:00,81.1449966430664,81.15499877929688,81.06500244140625,81.06500244140625,43
2026-05-08 12:18:00+00:00,81.13999938964844,81.13999938964844,81.11499786376953,81.13999938964844,15
2026-05-08 12:19:00+00:00,81.12000274658203,81.16000366210938,81.12000274658203,81.15499877929688,16
2026-05-08 12:20:00+00:00,81.20999908447266,81.25499725341797,81.17500305175781,81.19999694824219,50
2026-05-08 12:21:00+00:00,81.18000030517578,81.23500061035156,81.18000030517578,81.2249984741211,30
2026-05-08 12:22:00+00:00,81.08000183105469,81.15499877929688,81.08000183105469,81.13500213623047,27
2026-05-08 12:23:00+00:00,81.0199966430664,81.07499694824219,81.0,81.06500244140625,57
2026-05-08 12:24:00+00:00,81.01499938964844,81.04499816894531,80.96499633789062,81.01499938964844,40
2026-05-08 12:25:00+00:00,81.04499816894531,81.04499816894531,80.90499877929688,81.01000213623047,94
2026-05-08 12:26:00+00:00,80.9800033569336,81.0250015258789,80.96499633789062,81.0250015258789,30
2026-05-08 12:27:00+00:00,81.06500244140625,81.06999969482422,80.98500061035156,80.98500061035156,39
2026-05-08 12:28:00+00:00,81.16000366210938,81.16000366210938,81.06999969482422,81.06999969482422,31
2026-05-08 12:29:00+00:00,81.13999938964844,81.17500305175781,81.1050033569336,81.16999816894531,35
2026-05-08 12:30:00+00:00,81.11000061035156,81.3499984741211,80.91999816894531,81.15499877929688,191
2026-05-08 12:31:00+00:00,81.2249984741211,81.26000213623047,81.125,81.13999938964844,120
2026-05-08 12:32:00+00:00,81.33000183105469,81.37999725341797,81.23500061035156,81.23500061035156,142
2026-05-08 12:33:00+00:00,81.6449966430664,81.6449966430664,81.3499984741211,81.36000061035156,226
2026-05-08 12:34:00+00:00,81.71499633789062,81.75,81.5250015258789,81.63500213623047,176
2026-05-08 12:35:00+00:00,81.61499786376953,81.76000213623047,81.61000061035156,81.72000122070312,124
2026-05-08 12:36:00+00:00,81.74500274658203,81.7750015258789,81.58499908447266,81.5999984741211,87
2026-05-08 12:37:00+00:00,81.70999908447266,81.86000061035156,81.66500091552734,81.70999908447266,227
2026-05-08 12:38:00+00:00,81.77999877929688,81.80000305175781,81.69000244140625,81.69999694824219,96
2026-05-08 12:39:00+00:00,81.90499877929688,81.91000366210938,81.7699966430664,81.7699966430664,112
2026-05-08 12:40:00+00:00,81.8949966430664,81.98999786376953,81.88500213623047,81.88500213623047,182
2026-05-08 12:41:00+00:00,81.86000061035156,81.91500091552734,81.80999755859375,81.88500213623047,164
2026-05-08 12:42:00+00:00,81.83000183105469,81.87999725341797,81.83000183105469,81.83999633789062,50
2026-05-08 12:43:00+00:00,81.9800033569336,81.98999786376953,81.71499633789062,81.83000183105469,151
2026-05-08 12:44:00+00:00,81.79000091552734,82.0,81.77999877929688,81.9749984741211,126
2026-05-08 12:45:00+00:00,81.71499633789062,81.81500244140625,81.68499755859375,81.80000305175781,76
2026-05-08 12:46:00+00:00,81.81500244140625,81.8499984741211,81.68000030517578,81.68499755859375,53
2026-05-08 12:47:00+00:00,81.81500244140625,81.86000061035156,81.80000305175781,81.81500244140625,38
2026-05-08 12:48:00+00:00,81.81500244140625,81.82499694824219,81.76499938964844,81.80999755859375,40
2026-05-08 12:49:00+00:00,81.79000091552734,81.83999633789062,81.79000091552734,81.82499694824219,20
2026-05-08 12:50:00+00:00,81.69999694824219,81.82499694824219,81.69000244140625,81.82499694824219,40
2026-05-08 12:51:00+00:00,81.78500366210938,81.78500366210938,81.66999816894531,81.68000030517578,49
2026-05-08 12:52:00+00:00,81.86000061035156,81.875,81.81500244140625,81.8499984741211,39
2026-05-08 12:53:00+00:00,81.91999816894531,81.94000244140625,81.81500244140625,81.84500122070312,71
2026-05-08 12:54:00+00:00,82.0199966430664,82.04000091552734,81.86000061035156,81.94499969482422,113
2026-05-08 12:55:00+00:00,82.00499725341797,82.05500030517578,81.9749984741211,82.01000213623047,82
2026-05-08 12:56:00+00:00,82.01499938964844,82.06500244140625,81.9749984741211,81.9749984741211,75
2026-05-08 12:57:00+00:00,81.9800033569336,82.01499938964844,81.97000122070312,82.01499938964844,10
2026-05-08 12:58:00+00:00,81.77999877929688,82.01499938964844,81.73999786376953,81.96499633789062,133
2026-05-08 12:59:00+00:00,81.7300033569336,81.81999969482422,81.59500122070312,81.7699966430664,180
2026-05-08 13:00:00+00:00,81.68000030517578,81.73999786376953,81.55000305175781,81.70999908447266,265
2026-05-08 13:01:00+00:00,81.73500061035156,81.73500061035156,81.6050033569336,81.68000030517578,86
2026-05-08 13:02:00+00:00,81.66999816894531,81.83000183105469,81.66999816894531,81.75,93
2026-05-08 13:03:00+00:00,81.73500061035156,81.73999786376953,81.61499786376953,81.68000030517578,31
2026-05-08 13:04:00+00:00,81.65499877929688,81.7300033569336,81.55000305175781,81.7300033569336,100
2026-05-08 13:05:00+00:00,81.6449966430664,81.69499969482422,81.57499694824219,81.66500091552734,97
2026-05-08 13:06:00+00:00,81.44499969482422,81.62999725341797,81.4000015258789,81.62999725341797,148
2026-05-08 13:07:00+00:00,81.36499786376953,81.45999908447266,81.2699966430664,81.45999908447266,181
2026-05-08 13:08:00+00:00,81.33000183105469,81.3949966430664,81.30000305175781,81.37999725341797,80
2026-05-08 13:09:00+00:00,81.34500122070312,81.36000061035156,81.30000305175781,81.33000183105469,61
2026-05-08 13:10:00+00:00,81.31500244140625,81.41999816894531,81.29000091552734,81.37999725341797,56
2026-05-08 13:11:00+00:00,81.24500274658203,81.30500030517578,81.23500061035156,81.30500030517578,56
2026-05-08 13:12:00+00:00,81.18000030517578,81.30000305175781,81.11499786376953,81.2249984741211,153
2026-05-08 13:13:00+00:00,81.13500213623047,81.2249984741211,81.11000061035156,81.18000030517578,71
2026-05-08 13:14:00+00:00,81.16999816894531,81.2300033569336,81.12000274658203,81.13500213623047,62
2026-05-08 13:15:00+00:00,81.2249984741211,81.23500061035156,81.12999725341797,81.16500091552734,80
2026-05-08 13:16:00+00:00,81.33000183105469,81.3550033569336,81.22000122070312,81.2249984741211,96
2026-05-08 13:17:00+00:00,81.41500091552734,81.41999816894531,81.33000183105469,81.33999633789062,50
2026-05-08 13:18:00+00:00,81.37000274658203,81.38500213623047,81.33000183105469,81.38500213623047,31
2026-05-08 13:19:00+00:00,81.42500305175781,81.42500305175781,81.33999633789062,81.33999633789062,28
2026-05-08 13:20:00+00:00,81.50499725341797,81.5250015258789,81.43499755859375,81.45999908447266,28
2026-05-08 13:21:00+00:00,81.45999908447266,81.50499725341797,81.38999938964844,81.46499633789062,54
2026-05-08 13:22:00+00:00,81.51000213623047,81.51000213623047,81.40499877929688,81.44999694824219,35
2026-05-08 13:23:00+00:00,81.5199966430664,81.56999969482422,81.48999786376953,81.51000213623047,48
2026-05-08 13:24:00+00:00,81.54499816894531,81.55000305175781,81.51000213623047,81.51499938964844,10
2026-05-08 13:25:00+00:00,81.5999984741211,81.6449966430664,81.55000305175781,81.55000305175781,32
2026-05-08 13:26:00+00:00,81.61499786376953,81.65499877929688,81.58499908447266,81.62999725341797,37
2026-05-08 13:27:00+00:00,81.59500122070312,81.63999938964844,81.55500030517578,81.625,34
2026-05-08 13:28:00+00:00,81.56999969482422,81.58000183105469,81.52999877929688,81.56999969482422,18
2026-05-08 13:29:00+00:00,81.54499816894531,81.57499694824219,81.5,81.57499694824219,24
2026-05-08 13:30:00+00:00,81.63500213623047,81.68000030517578,81.5,81.55000305175781,138
2026-05-08 13:31:00+00:00,81.73500061035156,81.73500061035156,81.62000274658203,81.62999725341797,52
2026-05-08 13:32:00+00:00,81.78500366210938,81.87999725341797,81.75,81.75,102
2026-05-08 13:33:00+00:00,81.96499633789062,81.9800033569336,81.7699966430664,81.7699966430664,147
2026-05-08 13:34:00+00:00,81.95999908447266,82.0,81.91500091552734,81.9749984741211,159
2026-05-08 13:35:00+00:00,82.1050033569336,82.15499877929688,81.96499633789062,81.96499633789062,252
2026-05-08 13:36:00+00:00,82.08000183105469,82.16000366210938,82.05500030517578,82.11499786376953,129
2026-05-08 13:37:00+00:00,81.91000366210938,82.06999969482422,81.91000366210938,82.06999969482422,129
2026-05-08 13:38:00+00:00,81.88999938964844,81.94499969482422,81.8499984741211,81.90499877929688,63
2026-05-08 13:39:00+00:00,81.8499984741211,81.93499755859375,81.84500122070312,81.9000015258789,79
2026-05-08 13:40:00+00:00,81.92500305175781,81.95500183105469,81.70999908447266,81.86000061035156,109
2026-05-08 13:41:00+00:00,81.72000122070312,82.0199966430664,81.71499633789062,81.97000122070312,110
2026-05-08 13:42:00+00:00,81.7699966430664,81.7699966430664,81.625,81.74500274658203,129
2026-05-08 13:43:00+00:00,81.75499725341797,81.80500030517578,81.69000244140625,81.77999877929688,44
2026-05-08 13:44:00+00:00,81.7750015258789,81.81500244140625,81.7300033569336,81.7699966430664,29
2026-05-08 13:45:00+00:00,81.7300033569336,81.81999969482422,81.7300033569336,81.81999969482422,28
2026-05-08 13:46:00+00:00,81.8499984741211,81.8499984741211,81.68499755859375,81.7249984741211,20
2026-05-08 13:47:00+00:00,81.94000244140625,81.96499633789062,81.82499694824219,81.86000061035156,103
2026-05-08 13:48:00+00:00,81.86499786376953,81.94999694824219,81.86499786376953,81.92500305175781,36
2026-05-08 13:49:00+00:00,81.94000244140625,81.94000244140625,81.8499984741211,81.86499786376953,24
2026-05-08 13:50:00+00:00,81.8949966430664,81.95500183105469,81.88500213623047,81.95500183105469,20
2026-05-08 13:51:00+00:00,81.9800033569336,82.0,81.87000274658203,81.87000274658203,48
2026-05-08 13:52:00+00:00,81.95999908447266,82.04499816894531,81.95999908447266,82.04000091552734,48
2026-05-08 13:53:00+00:00,81.84500122070312,82.0,81.84500122070312,81.94999694824219,59
2026-05-08 13:54:00+00:00,81.83000183105469,81.86000061035156,81.75499725341797,81.83499908447266,118
2026-05-08 13:55:00+00:00,81.91500091552734,81.94499969482422,81.80999755859375,81.84500122070312,35
2026-05-08 13:56:00+00:00,81.90499877929688,81.94000244140625,81.90499877929688,81.91000366210938,25
2026-05-08 13:57:00+00:00,82.08999633789062,82.08999633789062,81.94999694824219,81.94999694824219,80
2026-05-08 13:58:00+00:00,81.97000122070312,82.07499694824219,81.94999694824219,82.07499694824219,66
2026-05-08 13:59:00+00:00,82.07499694824219,82.08000183105469,81.98999786376953,81.98999786376953,22
2026-05-08 14:00:00+00:00,81.94499969482422,82.125,81.92500305175781,82.07499694824219,136
2026-05-08 14:01:00+00:00,81.88500213623047,81.95500183105469,81.87999725341797,81.94999694824219,37
2026-05-08 14:02:00+00:00,81.90499877929688,81.94000244140625,81.8499984741211,81.9000015258789,61
2026-05-08 14:03:00+00:00,81.87000274658203,81.91999816894531,81.86000061035156,81.88500213623047,18
2026-05-08 14:04:00+00:00,81.79499816894531,81.875,81.75,81.86499786376953,132
2026-05-08 14:05:00+00:00,81.73999786376953,81.7750015258789,81.66999816894531,81.7699966430664,136
2026-05-08 14:06:00+00:00,81.58999633789062,81.7300033569336,81.5250015258789,81.7300033569336,172
2026-05-08 14:07:00+00:00,81.47000122070312,81.62000274658203,81.44999694824219,81.58499908447266,80
2026-05-08 14:08:00+00:00,81.52999877929688,81.52999877929688,81.40499877929688,81.47000122070312,68
2026-05-08 14:09:00+00:00,81.32499694824219,81.5199966430664,81.27999877929688,81.5199966430664,130
2026-05-08 14:10:00+00:00,81.18499755859375,81.33499908447266,81.04000091552734,81.31999969482422,151
2026-05-08 14:11:00+00:00,81.29499816894531,81.30000305175781,81.09500122070312,81.18000030517578,115
2026-05-08 14:12:00+00:00,81.36000061035156,81.36000061035156,81.16500091552734,81.31500244140625,57
2026-05-08 14:13:00+00:00,81.5250015258789,81.53500366210938,81.32499694824219,81.33000183105469,128
2026-05-08 14:14:00+00:00,81.5,81.54000091552734,81.44499969482422,81.5199966430664,53
2026-05-08 14:15:00+00:00,81.51499938964844,81.55000305175781,81.45500183105469,81.4800033569336,46
2026-05-08 14:16:00+00:00,81.55999755859375,81.56999969482422,81.45999908447266,81.5199966430664,146
2026-05-08 14:17:00+00:00,81.55000305175781,81.63999938964844,81.53500366210938,81.55999755859375,76
2026-05-08 14:18:00+00:00,81.51499938964844,81.55500030517578,81.48999786376953,81.55000305175781,65
2026-05-08 14:19:00+00:00,81.44000244140625,81.48999786376953,81.37000274658203,81.47000122070312,73
2026-05-08 14:20:00+00:00,81.31999969482422,81.45999908447266,81.25499725341797,81.45999908447266,104
2026-05-08 14:21:00+00:00,81.34500122070312,81.36499786376953,81.29000091552734,81.33000183105469,46
2026-05-08 14:22:00+00:00,81.3550033569336,81.44000244140625,81.3550033569336,81.44000244140625,31
2026-05-08 14:23:00+00:00,81.34500122070312,81.36499786376953,81.2300033569336,81.33999633789062,43
2026-05-08 14:24:00+00:00,81.38500213623047,81.38999938964844,81.31500244140625,81.3499984741211,25
2026-05-08 14:25:00+00:00,81.51000213623047,81.53500366210938,81.38999938964844,81.4000015258789,64
2026-05-08 14:26:00+00:00,81.50499725341797,81.55500030517578,81.49500274658203,81.49500274658203,25
2026-05-08 14:27:00+00:00,81.31999969482422,81.49500274658203,81.31500244140625,81.49500274658203,93
2026-05-08 14:28:00+00:00,81.23500061035156,81.33499908447266,81.2300033569336,81.33000183105469,70
2026-05-08 14:29:00+00:00,81.16000366210938,81.32499694824219,81.1500015258789,81.23500061035156,73
2026-05-08 14:30:00+00:00,81.0999984741211,81.22000122070312,81.06999969482422,81.16000366210938,103
2026-05-08 14:31:00+00:00,81.26499938964844,81.29499816894531,81.06500244140625,81.06500244140625,81
2026-05-08 14:32:00+00:00,81.2699966430664,81.30500030517578,81.2300033569336,81.26499938964844,51
2026-05-08 14:33:00+00:00,81.19499969482422,81.25,81.12999725341797,81.25,52
2026-05-08 14:34:00+00:00,81.30500030517578,81.36000061035156,81.23500061035156,81.23500061035156,36
2026-05-08 14:35:00+00:00,81.2750015258789,81.3499984741211,81.24500274658203,81.33999633789062,35
2026-05-08 14:36:00+00:00,81.31999969482422,81.31999969482422,81.2300033569336,81.26499938964844,33
2026-05-08 14:37:00+00:00,81.37999725341797,81.37999725341797,81.27999877929688,81.31999969482422,44
2026-05-08 14:38:00+00:00,81.41999816894531,81.41999816894531,81.3499984741211,81.38999938964844,20
2026-05-08 14:39:00+00:00,81.47000122070312,81.47000122070312,81.3550033569336,81.44000244140625,75
2026-05-08 14:40:00+00:00,81.46499633789062,81.50499725341797,81.43000030517578,81.43000030517578,23
2026-05-08 14:41:00+00:00,81.45500183105469,81.46499633789062,81.44000244140625,81.46499633789062,9
2026-05-08 14:42:00+00:00,81.44000244140625,81.50499725341797,81.42500305175781,81.42500305175781,24
2026-05-08 14:43:00+00:00,81.49500274658203,81.49500274658203,81.43499755859375,81.4749984741211,19
2026-05-08 14:44:00+00:00,81.47000122070312,81.5199966430664,81.44999694824219,81.5199966430664,28
2026-05-08 14:45:00+00:00,81.44999694824219,81.47000122070312,81.43000030517578,81.47000122070312,47
2026-05-08 14:46:00+00:00,81.43499755859375,81.43499755859375,81.37000274658203,81.43499755859375,25
2026-05-08 14:47:00+00:00,81.44000244140625,81.49500274658203,81.41500091552734,81.4800033569336,23
2026-05-08 14:48:00+00:00,81.30500030517578,81.42500305175781,81.2699966430664,81.42500305175781,37
2026-05-08 14:49:00+00:00,81.33499908447266,81.34500122070312,81.2750015258789,81.30000305175781,16
2026-05-08 14:50:00+00:00,81.22000122070312,81.3499984741211,81.22000122070312,81.30999755859375,22
2026-05-08 14:51:00+00:00,81.21499633789062,81.2699966430664,81.20999908447266,81.24500274658203,60
2026-05-08 14:52:00+00:00,81.18000030517578,81.26499938964844,81.1500015258789,81.19999694824219,41
2026-05-08 14:53:00+00:00,81.16999816894531,81.18000030517578,81.1050033569336,81.16500091552734,71
2026-05-08 14:54:00+00:00,81.25499725341797,81.25499725341797,81.13999938964844,81.1500015258789,81
2026-05-08 14:55:00+00:00,81.26000213623047,81.26000213623047,81.2300033569336,81.25499725341797,10
2026-05-08 14:56:00+00:00,81.18499755859375,81.2699966430664,81.13500213623047,81.2699966430664,32
2026-05-08 14:57:00+00:00,81.18000030517578,81.22000122070312,81.17500305175781,81.18499755859375,16
2026-05-08 14:58:00+00:00,81.19999694824219,81.2300033569336,81.16999816894531,81.19000244140625,8
2026-05-08 14:59:00+00:00,81.19000244140625,81.21499633789062,81.13999938964844,81.21499633789062,21
2026-05-08 15:00:00+00:00,81.2249984741211,81.2249984741211,81.05000305175781,81.12999725341797,58
2026-05-08 15:01:00+00:00,81.20500183105469,81.27999877929688,81.19999694824219,81.23999786376953,42
2026-05-08 15:02:00+00:00,81.12999725341797,81.25499725341797,81.125,81.24500274658203,25
2026-05-08 15:03:00+00:00,81.125,81.19000244140625,81.0999984741211,81.18000030517578,19
2026-05-08 15:04:00+00:00,81.16000366210938,81.18000030517578,81.13500213623047,81.13500213623047,17
2026-05-08 15:05:00+00:00,81.19000244140625,81.19999694824219,81.16000366210938,81.16000366210938,38
2026-05-08 15:06:00+00:00,81.34500122070312,81.37000274658203,81.23999786376953,81.24500274658203,77
2026-05-08 15:07:00+00:00,81.33000183105469,81.37999725341797,81.33000183105469,81.33999633789062,41
2026-05-08 15:08:00+00:00,81.37999725341797,81.37999725341797,81.3499984741211,81.3499984741211,22
2026-05-08 15:09:00+00:00,81.25,81.3499984741211,81.2300033569336,81.3499984741211,30
2026-05-08 15:10:00+00:00,81.2750015258789,81.2750015258789,81.2300033569336,81.2300033569336,7
2026-05-08 15:11:00+00:00,81.2699966430664,81.30999755859375,81.26499938964844,81.30500030517578,14
2026-05-08 15:12:00+00:00,80.94000244140625,81.26000213623047,80.93000030517578,81.26000213623047,136
2026-05-08 15:13:00+00:00,80.83000183105469,80.94499969482422,80.7699966430664,80.94499969482422,194
2026-05-08 15:14:00+00:00,80.73999786376953,80.86000061035156,80.66000366210938,80.86000061035156,103
2026-05-08 15:15:00+00:00,80.79000091552734,80.83000183105469,80.69000244140625,80.73999786376953,100
2026-05-08 15:16:00+00:00,80.7249984741211,80.7699966430664,80.68000030517578,80.7699966430664,93
2026-05-08 15:17:00+00:00,80.66000366210938,80.73999786376953,80.58499908447266,80.7300033569336,121
2026-05-08 15:18:00+00:00,80.57499694824219,80.67500305175781,80.55000305175781,80.66999816894531,91
2026-05-08 15:19:00+00:00,80.68000030517578,80.73500061035156,80.61499786376953,80.61499786376953,65
2026-05-08 15:20:00+00:00,80.79000091552734,80.79000091552734,80.68499755859375,80.71499633789062,34
2026-05-08 15:21:00+00:00,80.84500122070312,80.86000061035156,80.77999877929688,80.80000305175781,59
2026-05-08 15:22:00+00:00,80.7300033569336,80.84500122070312,80.66000366210938,80.84500122070312,44
2026-05-08 15:23:00+00:00,80.69499969482422,80.81500244140625,80.68000030517578,80.73500061035156,34
2026-05-08 15:24:00+00:00,80.7750015258789,80.80000305175781,80.70999908447266,80.70999908447266,20
2026-05-08 15:25:00+00:00,80.73500061035156,80.75,80.67500305175781,80.75,32
2026-05-08 15:26:00+00:00,80.68000030517578,80.78500366210938,80.68000030517578,80.7300033569336,54
2026-05-08 15:27:00+00:00,80.78500366210938,80.84500122070312,80.66000366210938,80.69999694824219,102
2026-05-08 15:28:00+00:00,80.78500366210938,80.80999755859375,80.7750015258789,80.80500030517578,21
2026-05-08 15:29:00+00:00,80.88999938964844,80.8949966430664,80.75,80.75499725341797,62
2026-05-08 15:30:00+00:00,80.63999938964844,80.9800033569336,80.53500366210938,80.9000015258789,189
2026-05-08 15:31:00+00:00,80.66500091552734,80.66500091552734,80.44999694824219,80.6050033569336,162
2026-05-08 15:32:00+00:00,80.66500091552734,80.69000244140625,80.62000274658203,80.62000274658203,16
2026-05-08 15:33:00+00:00,80.62999725341797,80.69499969482422,80.62999725341797,80.65499877929688,21
2026-05-08 15:34:00+00:00,80.68499755859375,80.68499755859375,80.6050033569336,80.6449966430664,23
2026-05-08 15:35:00+00:00,80.70999908447266,80.75,80.66999816894531,80.69999694824219,81
2026-05-08 15:36:00+00:00,80.73500061035156,80.80000305175781,80.69000244140625,80.69499969482422,47
2026-05-08 15:37:00+00:00,80.69999694824219,80.7750015258789,80.66500091552734,80.7699966430664,26
2026-05-08 15:38:00+00:00,80.7750015258789,80.7750015258789,80.67500305175781,80.70500183105469,21
2026-05-08 15:39:00+00:00,80.77999877929688,80.83499908447266,80.73999786376953,80.80000305175781,39
2026-05-08 15:40:00+00:00,80.75,80.77999877929688,80.73999786376953,80.75499725341797,20
2026-05-08 15:41:00+00:00,80.70999908447266,80.75,80.69499969482422,80.7300033569336,15
2026-05-08 15:42:00+00:00,80.70500183105469,80.71499633789062,80.62999725341797,80.66500091552734,40
2026-05-08 15:43:00+00:00,80.58000183105469,80.69999694824219,80.45999908447266,80.69499969482422,98
2026-05-08 15:44:00+00:00,80.55999755859375,80.58999633789062,80.51499938964844,80.52999877929688,14
2026-05-08 15:45:00+00:00,80.56999969482422,80.56999969482422,80.43000030517578,80.55000305175781,43
2026-05-08 15:46:00+00:00,80.55000305175781,80.58499908447266,80.51000213623047,80.55000305175781,28
2026-05-08 15:47:00+00:00,80.62999725341797,80.6500015258789,80.54000091552734,80.55000305175781,26
2026-05-08 15:48:00+00:00,80.625,80.66500091552734,80.62000274658203,80.65499877929688,13
2026-05-08 15:49:00+00:00,80.62000274658203,80.63999938964844,80.58999633789062,80.62000274658203,22
2026-05-08 15:50:00+00:00,80.66999816894531,80.69000244140625,80.63999938964844,80.63999938964844,18
2026-05-08 15:51:00+00:00,80.65499877929688,80.69000244140625,80.62000274658203,80.66000366210938,22
2026-05-08 15:52:00+00:00,80.56500244140625,80.66000366210938,80.55000305175781,80.6500015258789,8
2026-05-08 15:53:00+00:00,80.61499786376953,80.61499786376953,80.58499908447266,80.58499908447266,11
2026-05-08 15:54:00+00:00,80.63500213623047,80.65499877929688,80.61499786376953,80.65499877929688,10
2026-05-08 15:55:00+00:00,80.46499633789062,80.61499786376953,80.46499633789062,80.61499786376953,31
2026-05-08 15:56:00+00:00,80.55500030517578,80.57499694824219,80.44499969482422,80.44499969482422,21
2026-05-08 15:57:00+00:00,80.50499725341797,80.58999633789062,80.50499725341797,80.58000183105469,17
2026-05-08 15:58:00+00:00,80.45500183105469,80.53500366210938,80.44999694824219,80.53500366210938,35
2026-05-08 15:59:00+00:00,80.4749984741211,80.55000305175781,80.44999694824219,80.44999694824219,138
2026-05-08 16:00:00+00:00,80.50499725341797,80.54499816894531,80.44499969482422,80.47000122070312,157
2026-05-08 16:01:00+00:00,80.54000091552734,80.56999969482422,80.4749984741211,80.5199966430664,51
2026-05-08 16:02:00+00:00,80.57499694824219,80.57499694824219,80.52999877929688,80.56999969482422,37
2026-05-08 16:03:00+00:00,80.5,80.55000305175781,80.42500305175781,80.55000305175781,27
2026-05-08 16:04:00+00:00,80.44999694824219,80.5,80.44499969482422,80.48999786376953,16
2026-05-08 16:05:00+00:00,80.625,80.63999938964844,80.44499969482422,80.44499969482422,57
2026-05-08 16:06:00+00:00,80.59500122070312,80.62999725341797,80.58499908447266,80.62999725341797,16
2026-05-08 16:07:00+00:00,80.62000274658203,80.6500015258789,80.61000061035156,80.61499786376953,17
2026-05-08 16:08:00+00:00,80.5,80.61000061035156,80.5,80.61000061035156,20
2026-05-08 16:09:00+00:00,80.56999969482422,80.56999969482422,80.51000213623047,80.51000213623047,9
2026-05-08 16:10:00+00:00,80.5999984741211,80.61499786376953,80.5250015258789,80.5250015258789,28
2026-05-08 16:11:00+00:00,80.66000366210938,80.66000366210938,80.62000274658203,80.62000274658203,12
2026-05-08 16:12:00+00:00,80.66500091552734,80.66999816894531,80.62999725341797,80.66500091552734,33
2026-05-08 16:13:00+00:00,80.72000122070312,80.75,80.63500213623047,80.63999938964844,78
2026-05-08 16:14:00+00:00,80.70999908447266,80.73500061035156,80.70999908447266,80.72000122070312,24
2026-05-08 16:15:00+00:00,80.80000305175781,80.82499694824219,80.73500061035156,80.73500061035156,24
2026-05-08 16:16:00+00:00,80.7699966430664,80.81500244140625,80.73999786376953,80.77999877929688,29
2026-05-08 16:17:00+00:00,80.77999877929688,80.79000091552734,80.76499938964844,80.78500366210938,13
2026-05-08 16:18:00+00:00,80.80999755859375,80.81999969482422,80.76000213623047,80.76000213623047,18
2026-05-08 16:19:00+00:00,80.7300033569336,80.80999755859375,80.7300033569336,80.80500030517578,14
2026-05-08 16:20:00+00:00,80.76499938964844,80.80999755859375,80.7300033569336,80.7300033569336,50
2026-05-08 16:21:00+00:00,80.7699966430664,80.78500366210938,80.7699966430664,80.78500366210938,5
2026-05-08 16:22:00+00:00,80.80999755859375,80.84500122070312,80.79000091552734,80.80000305175781,39
2026-05-08 16:23:00+00:00,80.84500122070312,80.8499984741211,80.80500030517578,80.80500030517578,37
2026-05-08 16:24:00+00:00,80.80999755859375,80.82499694824219,80.75,80.81999969482422,46
2026-05-08 16:25:00+00:00,80.84500122070312,80.88500213623047,80.81999969482422,80.81999969482422,45
2026-05-08 16:26:00+00:00,80.88999938964844,80.91000366210938,80.8550033569336,80.8550033569336,26
2026-05-08 16:27:00+00:00,80.91500091552734,80.94999694824219,80.8949966430664,80.8949966430664,36
2026-05-08 16:28:00+00:00,80.98999786376953,81.00499725341797,80.88999938964844,80.90499877929688,72
2026-05-08 16:29:00+00:00,81.0250015258789,81.03500366210938,80.9800033569336,80.98999786376953,40
2026-05-08 16:30:00+00:00,80.98500061035156,81.07499694824219,80.9749984741211,81.04499816894531,43
2026-05-08 16:31:00+00:00,81.01499938964844,81.04000091552734,80.98500061035156,80.98500061035156,20
2026-05-08 16:32:00+00:00,81.00499725341797,81.02999877929688,80.98999786376953,81.01499938964844,13
2026-05-08 16:33:00+00:00,81.06500244140625,81.08499908447266,81.01499938964844,81.0199966430664,17
2026-05-08 16:34:00+00:00,81.01000213623047,81.03500366210938,81.01000213623047,81.03500366210938,4
2026-05-08 16:35:00+00:00,80.97000122070312,81.0199966430664,80.94999694824219,81.0,27
2026-05-08 16:36:00+00:00,81.0,81.0199966430664,80.95999908447266,80.95999908447266,15
2026-05-08 16:37:00+00:00,81.0250015258789,81.0250015258789,81.00499725341797,81.00499725341797,6
2026-05-08 16:38:00+00:00,80.96499633789062,80.9800033569336,80.95500183105469,80.9800033569336,10
2026-05-08 16:39:00+00:00,80.95500183105469,80.9749984741211,80.94000244140625,80.96499633789062,18
2026-05-08 16:40:00+00:00,80.97000122070312,80.9800033569336,80.94999694824219,80.95500183105469,10
2026-05-08 16:41:00+00:00,80.87999725341797,80.94999694824219,80.87000274658203,80.93000030517578,46
2026-05-08 16:42:00+00:00,80.9000015258789,80.91999816894531,80.87000274658203,80.87000274658203,26
2026-05-08 16:43:00+00:00,80.91000366210938,80.91500091552734,80.87999725341797,80.91500091552734,15
2026-05-08 16:44:00+00:00,80.88999938964844,80.91999816894531,80.88500213623047,80.91500091552734,23
2026-05-08 16:45:00+00:00,80.9000015258789,80.92500305175781,80.86499786376953,80.8949966430664,15
2026-05-08 16:46:00+00:00,80.875,80.92500305175781,80.86499786376953,80.90499877929688,26
2026-05-08 16:47:00+00:00,80.83000183105469,80.94999694824219,80.83000183105469,80.88999938964844,29
2026-05-08 16:48:00+00:00,80.79499816894531,80.83499908447266,80.79499816894531,80.83499908447266,20
2026-05-08 16:49:00+00:00,80.73500061035156,80.79499816894531,80.71499633789062,80.78500366210938,43
2026-05-08 16:50:00+00:00,80.73999786376953,80.75,80.7300033569336,80.73500061035156,7
2026-05-08 16:51:00+00:00,80.76000213623047,80.76499938964844,80.7300033569336,80.7300033569336,14
2026-05-08 16:52:00+00:00,80.75499725341797,80.7699966430664,80.75499725341797,80.76000213623047,3
2026-05-08 16:53:00+00:00,80.79000091552734,80.82499694824219,80.76499938964844,80.76499938964844,21
2026-05-08 16:54:00+00:00,80.7249984741211,80.79499816894531,80.70999908447266,80.79499816894531,12
2026-05-08 16:55:00+00:00,80.63500213623047,80.76000213623047,80.61499786376953,80.74500274658203,42
2026-05-08 16:56:00+00:00,80.62999725341797,80.6449966430664,80.5999984741211,80.61000061035156,24
2026-05-08 16:57:00+00:00,80.66000366210938,80.66999816894531,80.5999984741211,80.6449966430664,19
2026-05-08 16:58:00+00:00,80.63999938964844,80.6500015258789,80.62000274658203,80.62999725341797,13
2026-05-08 16:59:00+00:00,80.63500213623047,80.6500015258789,80.625,80.62999725341797,12
2026-05-08 17:00:00+00:00,80.66000366210938,80.73999786376953,80.62000274658203,80.625,27
2026-05-08 17:01:00+00:00,80.6500015258789,80.69999694824219,80.6500015258789,80.66500091552734,24
2026-05-08 17:02:00+00:00,80.6500015258789,80.66000366210938,80.63500213623047,80.6500015258789,13
2026-05-08 17:03:00+00:00,80.61000061035156,80.63999938964844,80.59500122070312,80.62999725341797,14
2026-05-08 17:04:00+00:00,80.69499969482422,80.69999694824219,80.61000061035156,80.61000061035156,25
2026-05-08 17:05:00+00:00,80.69999694824219,80.69999694824219,80.66999816894531,80.69999694824219,34
2026-05-08 17:06:00+00:00,80.7249984741211,80.73500061035156,80.68499755859375,80.68499755859375,27
2026-05-08 17:07:00+00:00,80.66999816894531,80.70999908447266,80.66999816894531,80.69999694824219,25
2026-05-08 17:08:00+00:00,80.70500183105469,80.72000122070312,80.66000366210938,80.66500091552734,32
2026-05-08 17:09:00+00:00,80.62000274658203,80.69499969482422,80.61499786376953,80.69499969482422,20
2026-05-08 17:10:00+00:00,80.63999938964844,80.63999938964844,80.58999633789062,80.61499786376953,41
2026-05-08 17:11:00+00:00,80.6500015258789,80.68000030517578,80.6500015258789,80.65499877929688,13
2026-05-08 17:12:00+00:00,80.6449966430664,80.66000366210938,80.5999984741211,80.66000366210938,97
2026-05-08 17:13:00+00:00,80.63999938964844,80.63999938964844,80.62000274658203,80.63500213623047,11
2026-05-08 17:14:00+00:00,80.61000061035156,80.625,80.58000183105469,80.625,34
2026-05-08 17:15:00+00:00,80.68499755859375,80.69499969482422,80.61000061035156,80.61000061035156,43
2026-05-08 17:16:00+00:00,80.70500183105469,80.7300033569336,80.68499755859375,80.69000244140625,38
2026-05-08 17:17:00+00:00,80.79499816894531,80.79499816894531,80.70500183105469,80.70999908447266,53
2026-05-08 17:18:00+00:00,80.7699966430664,80.78500366210938,80.75,80.7750015258789,19
2026-05-08 17:19:00+00:00,80.77999877929688,80.80500030517578,80.76000213623047,80.76000213623047,75
2026-05-08 17:20:00+00:00,80.75,80.80000305175781,80.75,80.7750015258789,18
2026-05-08 17:21:00+00:00,80.84500122070312,80.8550033569336,80.75,80.76000213623047,57
2026-05-08 17:22:00+00:00,80.83999633789062,80.86499786376953,80.80999755859375,80.8499984741211,57
2026-05-08 17:23:00+00:00,80.78500366210938,80.8499984741211,80.78500366210938,80.8499984741211,106
2026-05-08 17:24:00+00:00,80.88999938964844,80.90499877929688,80.7699966430664,80.7699966430664,726
2026-05-08 17:25:00+00:00,80.91999816894531,80.94999694824219,80.875,80.88500213623047,90
2026-05-08 17:26:00+00:00,80.87999725341797,80.91999816894531,80.87999725341797,80.91000366210938,27
2026-05-08 17:27:00+00:00,80.94499969482422,80.95500183105469,80.91999816894531,80.91999816894531,48
2026-05-08 17:28:00+00:00,80.94999694824219,80.94999694824219,80.93000030517578,80.93000030517578,12
2026-05-08 17:29:00+00:00,80.91500091552734,80.95999908447266,80.91500091552734,80.93000030517578,24
2026-05-08 17:30:00+00:00,80.90499877929688,80.95500183105469,80.90499877929688,80.91999816894531,16
2026-05-08 17:31:00+00:00,80.92500305175781,80.92500305175781,80.8949966430664,80.8949966430664,6
2026-05-08 17:32:00+00:00,80.875,80.91500091552734,80.875,80.90499877929688,29
2026-05-08 17:33:00+00:00,80.90499877929688,80.90499877929688,80.87000274658203,80.875,28
2026-05-08 17:34:00+00:00,81.00499725341797,81.02999877929688,80.90499877929688,80.91500091552734,66
2026-05-08 17:35:00+00:00,81.00499725341797,81.01000213623047,80.98999786376953,81.00499725341797,16
2026-05-08 17:36:00+00:00,81.0250015258789,81.05000305175781,81.01499938964844,81.01499938964844,13
2026-05-08 17:37:00+00:00,80.96499633789062,81.0250015258789,80.95999908447266,81.0250015258789,15
2026-05-08 17:38:00+00:00,80.97000122070312,80.98500061035156,80.94499969482422,80.95999908447266,11
2026-05-08 17:39:00+00:00,80.93499755859375,80.95999908447266,80.93499755859375,80.94499969482422,8
2026-05-08 17:40:00+00:00,80.91000366210938,80.93000030517578,80.90499877929688,80.93000030517578,7
2026-05-08 17:41:00+00:00,80.91500091552734,80.94999694824219,80.91500091552734,80.94999694824219,6
2026-05-08 17:42:00+00:00,80.93499755859375,80.93499755859375,80.93499755859375,80.93499755859375,4
2026-05-08 17:43:00+00:00,80.94999694824219,80.94999694824219,80.94999694824219,80.94999694824219,5
2026-05-08 17:44:00+00:00,80.97000122070312,80.97000122070312,80.97000122070312,80.97000122070312,3
2026-05-08 17:45:00+00:00,80.9749984741211,80.9800033569336,80.95500183105469,80.95999908447266,6
2026-05-08 17:46:00+00:00,80.98999786376953,80.98999786376953,80.95999908447266,80.96499633789062,6
2026-05-08 17:47:00+00:00,80.98999786376953,81.0,80.98999786376953,80.99500274658203,4
2026-05-08 17:48:00+00:00,80.9800033569336,80.9800033569336,80.95999908447266,80.95999908447266,10
2026-05-08 17:49:00+00:00,80.94000244140625,80.99500274658203,80.93499755859375,80.99500274658203,26
2026-05-08 17:50:00+00:00,80.94999694824219,80.95999908447266,80.91000366210938,80.94000244140625,47
2026-05-08 17:51:00+00:00,80.93499755859375,80.93499755859375,80.91500091552734,80.92500305175781,9
2026-05-08 17:52:00+00:00,80.94499969482422,80.94999694824219,80.90499877929688,80.91999816894531,13
2026-05-08 17:53:00+00:00,80.96499633789062,80.97000122070312,80.95999908447266,80.95999908447266,7
2026-05-08 17:54:00+00:00,80.9749984741211,80.9749984741211,80.94999694824219,80.9749984741211,8
2026-05-08 17:55:00+00:00,80.97000122070312,80.99500274658203,80.95999908447266,80.98500061035156,11
2026-05-08 17:56:00+00:00,80.96499633789062,80.9749984741211,80.94999694824219,80.94999694824219,7
2026-05-08 17:57:00+00:00,80.91500091552734,80.94499969482422,80.91000366210938,80.94499969482422,18
2026-05-08 17:58:00+00:00,80.94999694824219,80.94999694824219,80.88500213623047,80.91000366210938,33
2026-05-08 17:59:00+00:00,80.91500091552734,80.95500183105469,80.90499877929688,80.95500183105469,7
2026-05-08 18:00:00+00:00,81.04000091552734,81.16000366210938,80.90499877929688,80.92500305175781,293
2026-05-08 18:01:00+00:00,81.13500213623047,81.13500213623047,81.05999755859375,81.05999755859375,31
2026-05-08 18:02:00+00:00,81.16000366210938,81.19499969482422,81.1449966430664,81.1449966430664,54
2026-05-08 18:03:00+00:00,81.15499877929688,81.18000030517578,81.15499877929688,81.16500091552734,19
2026-05-08 18:04:00+00:00,81.19499969482422,81.23999786376953,81.1449966430664,81.1449966430664,28
2026-05-08 18:05:00+00:00,81.23500061035156,81.26499938964844,81.2249984741211,81.24500274658203,43
2026-05-08 18:06:00+00:00,81.30999755859375,81.31999969482422,81.25499725341797,81.25499725341797,55
2026-05-08 18:07:00+00:00,81.26499938964844,81.31999969482422,81.2300033569336,81.30999755859375,112
2026-05-08 18:08:00+00:00,81.28500366210938,81.30500030517578,81.26000213623047,81.26000213623047,8
2026-05-08 18:09:00+00:00,81.24500274658203,81.26000213623047,81.24500274658203,81.25499725341797,14
2026-05-08 18:10:00+00:00,81.30999755859375,81.30999755859375,81.23999786376953,81.25,21
2026-05-08 18:11:00+00:00,81.33999633789062,81.38999938964844,81.33000183105469,81.33000183105469,29
2026-05-08 18:12:00+00:00,81.37000274658203,81.375,81.34500122070312,81.3499984741211,10
2026-05-08 18:13:00+00:00,81.4000015258789,81.4000015258789,81.3499984741211,81.375,19
2026-05-08 18:14:00+00:00,81.37999725341797,81.44000244140625,81.37999725341797,81.38999938964844,22
2026-05-08 18:15:00+00:00,81.31999969482422,81.4000015258789,81.31999969482422,81.4000015258789,10
2026-05-08 18:16:00+00:00,81.36000061035156,81.36000061035156,81.31999969482422,81.33000183105469,11
2026-05-08 18:17:00+00:00,81.36000061035156,81.36499786376953,81.3499984741211,81.3550033569336,6
2026-05-08 18:18:00+00:00,81.34500122070312,81.34500122070312,81.34500122070312,81.34500122070312,11
2026-05-08 18:19:00+00:00,81.28500366210938,81.33499908447266,81.26499938964844,81.33499908447266,32
2026-05-08 18:20:00+00:00,81.25,81.27999877929688,81.24500274658203,81.2750015258789,31
2026-05-08 18:21:00+00:00,81.25,81.2750015258789,81.23500061035156,81.23500061035156,24
2026-05-08 18:22:00+00:00,81.27999877929688,81.28500366210938,81.25499725341797,81.25499725341797,16
2026-05-08 18:23:00+00:00,81.26499938964844,81.26499938964844,81.26499938964844,81.26499938964844,1
2026-05-08 18:24:00+00:00,81.18000030517578,81.24500274658203,81.18000030517578,81.23999786376953,19
2026-05-08 18:25:00+00:00,81.11499786376953,81.19000244140625,81.08000183105469,81.19000244140625,60
2026-05-08 18:26:00+00:00,81.15499877929688,81.16999816894531,81.11000061035156,81.11000061035156,24
2026-05-08 18:27:00+00:00,81.12999725341797,81.16500091552734,81.1050033569336,81.16500091552734,5
2026-05-08 18:28:00+00:00,81.12999725341797,81.1500015258789,81.12999725341797,81.13500213623047,12
2026-05-08 18:29:00+00:00,81.19999694824219,81.20999908447266,81.15499877929688,81.15499877929688,28
2026-05-08 18:30:00+00:00,81.16500091552734,81.16500091552734,81.16000366210938,81.16500091552734,6
2026-05-08 18:31:00+00:00,81.1050033569336,81.125,81.1050033569336,81.11499786376953,6
2026-05-08 18:32:00+00:00,81.1500015258789,81.1500015258789,81.1500015258789,81.1500015258789,1
2026-05-08 18:33:00+00:00,81.16500091552734,81.16500091552734,81.13500213623047,81.13500213623047,12
2026-05-08 18:34:00+00:00,81.16500091552734,81.19000244140625,81.15499877929688,81.17500305175781,11
2026-05-08 18:35:00+00:00,81.16500091552734,81.16500091552734,81.15499877929688,81.15499877929688,5
2026-05-08 18:36:00+00:00,81.12999725341797,81.1449966430664,81.11499786376953,81.1449966430664,25
2026-05-08 18:37:00+00:00,81.1050033569336,81.125,81.1050033569336,81.125,2
2026-05-08 18:38:00+00:00,81.13500213623047,81.1449966430664,81.0999984741211,81.0999984741211,6
2026-05-08 18:39:00+00:00,81.11000061035156,81.1500015258789,81.11000061035156,81.1500015258789,3
2026-05-08 18:40:00+00:00,81.08999633789062,81.11000061035156,81.05999755859375,81.11000061035156,28
2026-05-08 18:41:00+00:00,81.05500030517578,81.07499694824219,81.05500030517578,81.06999969482422,8
2026-05-08 18:42:00+00:00,81.1050033569336,81.1050033569336,81.06999969482422,81.06999969482422,8
2026-05-08 18:43:00+00:00,81.11000061035156,81.11000061035156,81.1050033569336,81.11000061035156,4
2026-05-08 18:44:00+00:00,81.06999969482422,81.125,81.06999969482422,81.12000274658203,8
2026-05-08 18:45:00+00:00,81.06999969482422,81.06999969482422,81.05000305175781,81.05000305175781,7
2026-05-08 18:46:00+00:00,81.04499816894531,81.08000183105469,81.04000091552734,81.05999755859375,6
2026-05-08 18:47:00+00:00,81.06500244140625,81.06500244140625,81.04000091552734,81.04000091552734,2
2026-05-08 18:48:00+00:00,81.05500030517578,81.05500030517578,81.05000305175781,81.05000305175781,3
2026-05-08 18:49:00+00:00,81.06999969482422,81.06999969482422,81.01499938964844,81.06500244140625,19
2026-05-08 18:50:00+00:00,81.05999755859375,81.08999633789062,81.05999755859375,81.07499694824219,4
2026-05-08 18:51:00+00:00,81.05999755859375,81.08000183105469,81.05999755859375,81.06500244140625,10
2026-05-08 18:52:00+00:00,81.06500244140625,81.08000183105469,81.06500244140625,81.08000183105469,4
2026-05-08 18:53:00+00:00,81.04499816894531,81.04499816894531,81.04499816894531,81.04499816894531,1
2026-05-08 18:54:00+00:00,81.03500366210938,81.08999633789062,81.0,81.08000183105469,13
2026-05-08 18:55:00+00:00,80.98999786376953,80.99500274658203,80.96499633789062,80.99500274658203,15
2026-05-08 18:56:00+00:00,81.05500030517578,81.05500030517578,81.00499725341797,81.00499725341797,8
2026-05-08 18:57:00+00:00,81.04000091552734,81.04000091552734,81.02999877929688,81.02999877929688,4
2026-05-08 18:58:00+00:00,81.07499694824219,81.11000061035156,81.04000091552734,81.04000091552734,16
2026-05-08 18:59:00+00:00,81.01499938964844,81.05999755859375,81.01499938964844,81.05999755859375,18
2026-05-08 19:00:00+00:00,81.06500244140625,81.06500244140625,81.00499725341797,81.00499725341797,2
2026-05-08 19:01:00+00:00,81.11499786376953,81.13999938964844,81.06999969482422,81.07499694824219,19
2026-05-08 19:02:00+00:00,81.11000061035156,81.11499786376953,81.08000183105469,81.11000061035156,35
2026-05-08 19:03:00+00:00,81.06500244140625,81.12999725341797,81.06500244140625,81.12000274658203,15
2026-05-08 19:04:00+00:00,80.98999786376953,81.07499694824219,80.97000122070312,81.05999755859375,29
2026-05-08 19:05:00+00:00,80.98999786376953,81.0,80.9800033569336,80.99500274658203,4
2026-05-08 19:06:00+00:00,81.06999969482422,81.07499694824219,81.00499725341797,81.00499725341797,26
2026-05-08 19:07:00+00:00,80.99500274658203,81.08000183105469,80.99500274658203,81.07499694824219,27
2026-05-08 19:08:00+00:00,80.98999786376953,81.0,80.98999786376953,80.99500274658203,8
2026-05-08 19:09:00+00:00,80.98999786376953,80.98999786376953,80.9800033569336,80.9800033569336,3
2026-05-08 19:10:00+00:00,81.00499725341797,81.00499725341797,81.00499725341797,81.00499725341797,1
2026-05-08 19:11:00+00:00,81.0,81.0,81.0,81.0,2
2026-05-08 19:12:00+00:00,81.0,81.0,80.98500061035156,80.98500061035156,7
2026-05-08 19:13:00+00:00,80.97000122070312,81.01499938964844,80.96499633789062,80.99500274658203,23
2026-05-08 19:14:00+00:00,80.97000122070312,80.97000122070312,80.95500183105469,80.95500183105469,5
2026-05-08 19:15:00+00:00,80.97000122070312,80.98500061035156,80.97000122070312,80.98500061035156,6
2026-05-08 19:16:00+00:00,80.99500274658203,80.99500274658203,80.9749984741211,80.98999786376953,6
2026-05-08 19:17:00+00:00,81.01000213623047,81.0199966430664,81.0,81.00499725341797,15
2026-05-08 19:18:00+00:00,81.01000213623047,81.01000213623047,81.00499725341797,81.00499725341797,8
2026-05-08 19:19:00+00:00,80.99500274658203,81.01000213623047,80.98999786376953,81.01000213623047,10
2026-05-08 19:20:00+00:00,81.0,81.01499938964844,81.0,81.00499725341797,5
2026-05-08 19:21:00+00:00,80.96499633789062,80.9749984741211,80.95500183105469,80.97000122070312,7
2026-05-08 19:22:00+00:00,80.98999786376953,80.98999786376953,80.9749984741211,80.9749984741211,3
2026-05-08 19:23:00+00:00,81.01499938964844,81.02999877929688,80.97000122070312,80.97000122070312,33
2026-05-08 19:24:00+00:00,80.99500274658203,81.02999877929688,80.98999786376953,81.01000213623047,17
2026-05-08 19:25:00+00:00,80.98500061035156,80.98999786376953,80.96499633789062,80.98500061035156,11
2026-05-08 19:26:00+00:00,81.07499694824219,81.07499694824219,80.99500274658203,80.99500274658203,26
2026-05-08 19:27:00+00:00,81.12000274658203,81.12000274658203,81.04499816894531,81.04499816894531,74
2026-05-08 19:28:00+00:00,81.08000183105469,81.13500213623047,81.08000183105469,81.12999725341797,19
2026-05-08 19:29:00+00:00,81.06999969482422,81.06999969482422,81.05999755859375,81.05999755859375,3
2026-05-08 19:30:00+00:00,81.05500030517578,81.05500030517578,81.0199966430664,81.03500366210938,9
2026-05-08 19:31:00+00:00,81.03500366210938,81.05000305175781,81.0250015258789,81.05000305175781,5
2026-05-08 19:32:00+00:00,81.01499938964844,81.04000091552734,81.0,81.04000091552734,4
2026-05-08 19:33:00+00:00,81.05500030517578,81.05500030517578,81.03500366210938,81.03500366210938,3
2026-05-08 19:34:00+00:00,81.08999633789062,81.0999984741211,81.08000183105469,81.08000183105469,6
2026-05-08 19:35:00+00:00,81.04000091552734,81.06999969482422,81.04000091552734,81.06999969482422,4
2026-05-08 19:36:00+00:00,81.1050033569336,81.11499786376953,81.05000305175781,81.05000305175781,11
2026-05-08 19:37:00+00:00,81.125,81.13999938964844,81.125,81.13999938964844,5
2026-05-08 19:38:00+00:00,81.13500213623047,81.13500213623047,81.11000061035156,81.12000274658203,4
2026-05-08 19:39:00+00:00,81.13999938964844,81.13999938964844,81.11499786376953,81.11499786376953,6
2026-05-08 19:40:00+00:00,81.25,81.25,81.12000274658203,81.13500213623047,44
2026-05-08 19:41:00+00:00,81.2300033569336,81.26000213623047,81.22000122070312,81.23999786376953,31
2026-05-08 19:42:00+00:00,81.22000122070312,81.23500061035156,81.20500183105469,81.21499633789062,16
2026-05-08 19:43:00+00:00,81.23500061035156,81.23500061035156,81.21499633789062,81.2300033569336,5
2026-05-08 19:44:00+00:00,81.2750015258789,81.2750015258789,81.22000122070312,81.22000122070312,9
2026-05-08 19:45:00+00:00,81.28500366210938,81.30000305175781,81.28500366210938,81.28500366210938,12
2026-05-08 19:46:00+00:00,81.26000213623047,81.29499816894531,81.25499725341797,81.2699966430664,21
2026-05-08 19:47:00+00:00,81.29499816894531,81.30000305175781,81.24500274658203,81.24500274658203,14
2026-05-08 19:48:00+00:00,81.2750015258789,81.29000091552734,81.2750015258789,81.29000091552734,6
2026-05-08 19:49:00+00:00,81.24500274658203,81.28500366210938,81.24500274658203,81.2699966430664,12
2026-05-08 19:50:00+00:00,81.2300033569336,81.27999877929688,81.19499969482422,81.23999786376953,53
2026-05-08 19:51:00+00:00,81.23500061035156,81.23500061035156,81.2249984741211,81.2249984741211,6
2026-05-08 19:52:00+00:00,81.2249984741211,81.26000213623047,81.2249984741211,81.25,8
2026-05-08 19:53:00+00:00,81.16500091552734,81.23999786376953,81.15499877929688,81.23999786376953,34
2026-05-08 19:54:00+00:00,81.18499755859375,81.20999908447266,81.16500091552734,81.16500091552734,34
2026-05-08 19:55:00+00:00,81.12999725341797,81.18000030517578,81.12000274658203,81.18000030517578,66
2026-05-08 19:56:00+00:00,81.125,81.1500015258789,81.11499786376953,81.12999725341797,41
2026-05-08 19:57:00+00:00,81.1500015258789,81.15499877929688,81.125,81.13500213623047,13
2026-05-08 19:58:00+00:00,81.1500015258789,81.17500305175781,81.13500213623047,81.16000366210938,31
2026-05-08 19:59:00+00:00,81.19000244140625,81.19499969482422,81.13500213623047,81.1500015258789,23
2026-05-08 20:00:00+00:00,81.11499786376953,81.19000244140625,81.0999984741211,81.19000244140625,26
2026-05-08 20:01:00+00:00,81.06500244140625,81.1050033569336,81.05500030517578,81.1050033569336,37
2026-05-08 20:02:00+00:00,81.05500030517578,81.08000183105469,81.0199966430664,81.08000183105469,28
2026-05-08 20:03:00+00:00,81.06500244140625,81.07499694824219,81.05000305175781,81.05999755859375,21
2026-05-08 20:04:00+00:00,81.03500366210938,81.07499694824219,81.0250015258789,81.07499694824219,27
2026-05-08 20:05:00+00:00,81.04000091552734,81.04000091552734,81.01499938964844,81.02999877929688,12
2026-05-08 20:06:00+00:00,81.04000091552734,81.05000305175781,81.03500366210938,81.05000305175781,3
2026-05-08 20:07:00+00:00,81.0,81.0199966430664,81.0,81.00499725341797,8
2026-05-08 20:08:00+00:00,80.98999786376953,81.0,80.98500061035156,81.0,5
2026-05-08 20:09:00+00:00,80.9800033569336,81.01000213623047,80.97000122070312,80.98999786376953,9
2026-05-08 20:10:00+00:00,80.91000366210938,80.97000122070312,80.91000366210938,80.97000122070312,18
2026-05-08 20:11:00+00:00,80.90499877929688,80.91500091552734,80.9000015258789,80.91000366210938,8
2026-05-08 20:12:00+00:00,80.90499877929688,80.91000366210938,80.9000015258789,80.91000366210938,4
2026-05-08 20:13:00+00:00,80.91000366210938,80.91999816894531,80.8949966430664,80.91999816894531,4
2026-05-08 20:14:00+00:00,80.93499755859375,80.96499633789062,80.91999816894531,80.91999816894531,6
2026-05-08 20:15:00+00:00,80.91500091552734,80.93000030517578,80.90499877929688,80.93000030517578,7
2026-05-08 20:16:00+00:00,80.94499969482422,80.95999908447266,80.90499877929688,80.90499877929688,18
2026-05-08 20:17:00+00:00,80.88500213623047,80.94499969482422,80.88500213623047,80.93499755859375,13
2026-05-08 20:18:00+00:00,80.86499786376953,80.88999938964844,80.86499786376953,80.875,16
2026-05-08 20:19:00+00:00,80.81999969482422,80.86499786376953,80.81999969482422,80.86499786376953,19
2026-05-08 20:20:00+00:00,80.83499908447266,80.84500122070312,80.81500244140625,80.81500244140625,7
2026-05-08 20:21:00+00:00,80.88999938964844,80.88999938964844,80.84500122070312,80.84500122070312,4
2026-05-08 20:22:00+00:00,80.83999633789062,80.8949966430664,80.83999633789062,80.8949966430664,9
2026-05-08 20:23:00+00:00,80.8499984741211,80.8499984741211,80.8499984741211,80.8499984741211,1
2026-05-08 20:24:00+00:00,80.84500122070312,80.90499877929688,80.84500122070312,80.875,5
2026-05-08 20:25:00+00:00,80.8499984741211,80.8499984741211,80.84500122070312,80.84500122070312,2
2026-05-08 20:27:00+00:00,80.83000183105469,80.83000183105469,80.83000183105469,80.83000183105469,1
2026-05-08 20:28:00+00:00,80.83000183105469,80.8550033569336,80.83000183105469,80.83499908447266,16
2026-05-08 20:29:00+00:00,80.88500213623047,80.88500213623047,80.8499984741211,80.8499984741211,5
2026-05-08 20:30:00+00:00,80.8499984741211,80.875,80.84500122070312,80.875,9
2026-05-08 20:31:00+00:00,80.86000061035156,80.86000061035156,80.83000183105469,80.83000183105469,6
2026-05-08 20:32:00+00:00,80.9000015258789,80.9000015258789,80.86000061035156,80.86000061035156,3
2026-05-08 20:33:00+00:00,80.87000274658203,80.88500213623047,80.86000061035156,80.88500213623047,6
2026-05-08 20:34:00+00:00,80.91500091552734,80.91500091552734,80.86000061035156,80.88500213623047,30
2026-05-08 20:35:00+00:00,80.92500305175781,80.94499969482422,80.9000015258789,80.9000015258789,14
2026-05-08 20:36:00+00:00,80.93499755859375,80.93499755859375,80.93499755859375,80.93499755859375,1
2026-05-08 20:37:00+00:00,80.9749984741211,80.9749984741211,80.94000244140625,80.94000244140625,8
2026-05-08 20:38:00+00:00,80.91999816894531,80.94000244140625,80.91500091552734,80.94000244140625,3
2026-05-08 20:39:00+00:00,80.91500091552734,80.91500091552734,80.9000015258789,80.9000015258789,2
2026-05-08 20:40:00+00:00,80.92500305175781,80.92500305175781,80.8949966430664,80.8949966430664,4
2026-05-08 20:41:00+00:00,80.8949966430664,80.90499877929688,80.8949966430664,80.90499877929688,2
2026-05-08 20:42:00+00:00,80.90499877929688,80.91500091552734,80.8949966430664,80.8949966430664,7
2026-05-08 20:43:00+00:00,80.90499877929688,80.90499877929688,80.90499877929688,80.90499877929688,1
2026-05-08 20:44:00+00:00,80.88500213623047,80.88999938964844,80.88500213623047,80.88999938964844,3
2026-05-08 20:45:00+00:00,80.87000274658203,80.90499877929688,80.86499786376953,80.90499877929688,11
2026-05-08 20:46:00+00:00,80.87000274658203,80.88500213623047,80.87000274658203,80.88500213623047,3
2026-05-08 20:47:00+00:00,80.88500213623047,80.88500213623047,80.88500213623047,80.88500213623047,1
2026-05-08 20:48:00+00:00,80.91999816894531,80.91999816894531,80.87999725341797,80.87999725341797,29
2026-05-08 20:49:00+00:00,80.9000015258789,80.91000366210938,80.9000015258789,80.91000366210938,14
2026-05-08 20:50:00+00:00,80.8550033569336,80.91000366210938,80.8550033569336,80.8949966430664,6
2026-05-08 20:51:00+00:00,80.83999633789062,80.87000274658203,80.81999969482422,80.84500122070312,31
2026-05-08 20:52:00+00:00,80.84500122070312,80.8499984741211,80.81999969482422,80.81999969482422,6
2026-05-08 20:53:00+00:00,80.80999755859375,80.84500122070312,80.80500030517578,80.84500122070312,12
2026-05-08 20:54:00+00:00,80.8499984741211,80.8499984741211,80.80999755859375,80.83999633789062,20
2026-05-08 20:55:00+00:00,80.82499694824219,80.83999633789062,80.80500030517578,80.83999633789062,10
2026-05-08 20:56:00+00:00,80.8550033569336,80.88500213623047,80.83499908447266,80.87999725341797,12
2026-05-08 20:57:00+00:00,80.8499984741211,80.8499984741211,80.83000183105469,80.8499984741211,7
2026-05-08 20:58:00+00:00,80.87000274658203,80.87000274658203,80.86000061035156,80.86000061035156,4
2026-05-08 20:59:00+00:00,80.86499786376953,80.87000274658203,80.83499908447266,80.87000274658203,14
2026-05-10 22:10:00+00:00,79.92500305175781,79.92500305175781,79.92500305175781,79.92500305175781,0
2026-05-10 22:11:00+00:00,80.02999877929688,80.02999877929688,79.93000030517578,79.93000030517578,19
2026-05-10 22:12:00+00:00,80.07499694824219,80.07499694824219,80.0,80.0,30
2026-05-10 22:13:00+00:00,80.0,80.06999969482422,79.9749984741211,80.05999755859375,22
2026-05-10 22:14:00+00:00,79.97000122070312,80.00499725341797,79.95500183105469,80.00499725341797,10
2026-05-10 22:15:00+00:00,79.93000030517578,79.9800033569336,79.93000030517578,79.9800033569336,9
2026-05-10 22:16:00+00:00,79.93000030517578,79.94999694824219,79.91999816894531,79.91999816894531,3
2026-05-10 22:17:00+00:00,79.75499725341797,79.91500091552734,79.75499725341797,79.91500091552734,30
2026-05-10 22:18:00+00:00,79.7699966430664,79.82499694824219,79.7699966430664,79.82499694824219,10
2026-05-10 22:19:00+00:00,79.80500030517578,79.80500030517578,79.77999877929688,79.80500030517578,3
2026-05-10 22:20:00+00:00,79.88500213623047,79.88500213623047,79.86499786376953,79.86499786376953,4
2026-05-10 22:21:00+00:00,79.9000015258789,79.90499877929688,79.88500213623047,79.88500213623047,5
2026-05-10 22:22:00+00:00,79.9000015258789,79.91500091552734,79.9000015258789,79.91500091552734,4
2026-05-10 22:23:00+00:00,79.91000366210938,79.94999694824219,79.91000366210938,79.93000030517578,8
2026-05-10 22:24:00+00:00,80.01000213623047,80.01499938964844,79.96499633789062,79.96499633789062,5
2026-05-10 22:25:00+00:00,80.01499938964844,80.03500366210938,80.01499938964844,80.0199966430664,7
2026-05-10 22:26:00+00:00,80.07499694824219,80.07499694824219,80.01499938964844,80.01499938964844,14
2026-05-10 22:27:00+00:00,80.16500091552734,80.16500091552734,80.08000183105469,80.08499908447266,24
2026-05-10 22:28:00+00:00,80.19000244140625,80.19499969482422,80.1449966430664,80.16999816894531,18
2026-05-10 22:29:00+00:00,80.2300033569336,80.2300033569336,80.1500015258789,80.16500091552734,18
2026-05-10 22:30:00+00:00,80.16500091552734,80.2249984741211,80.16500091552734,80.18000030517578,11
2026-05-10 22:31:00+00:00,80.2249984741211,80.25,80.16000366210938,80.16000366210938,31
2026-05-10 22:32:00+00:00,80.19499969482422,80.2249984741211,80.19499969482422,80.20500183105469,23
2026-05-10 22:33:00+00:00,80.25499725341797,80.25499725341797,80.19999694824219,80.22000122070312,17
2026-05-10 22:34:00+00:00,80.31500244140625,80.33499908447266,80.22000122070312,80.22000122070312,19
2026-05-10 22:35:00+00:00,80.23500061035156,80.30999755859375,80.2300033569336,80.30999755859375,12
2026-05-10 22:36:00+00:00,80.26000213623047,80.26499938964844,80.26000213623047,80.26499938964844,3
2026-05-10 22:37:00+00:00,80.15499877929688,80.25,80.13500213623047,80.25,20
2026-05-10 22:38:00+00:00,80.15499877929688,80.19999694824219,80.15499877929688,80.19999694824219,14
2026-05-10 22:39:00+00:00,80.16999816894531,80.16999816894531,80.08999633789062,80.13500213623047,6
2026-05-10 22:40:00+00:00,80.17500305175781,80.20999908447266,80.17500305175781,80.18499755859375,4
2026-05-10 22:41:00+00:00,80.19499969482422,80.19499969482422,80.19499969482422,80.19499969482422,1
2026-05-10 22:42:00+00:00,80.18000030517578,80.18000030517578,80.16999816894531,80.16999816894531,2
2026-05-10 22:44:00+00:00,80.32499694824219,80.32499694824219,80.2249984741211,80.2249984741211,7
2026-05-10 22:45:00+00:00,80.28500366210938,80.30000305175781,80.28500366210938,80.30000305175781,7
2026-05-10 22:46:00+00:00,80.33499908447266,80.36499786376953,80.32499694824219,80.32499694824219,9
2026-05-10 22:47:00+00:00,80.3949966430664,80.3949966430664,80.36000061035156,80.36000061035156,11
2026-05-10 22:48:00+00:00,80.38999938964844,80.41999816894531,80.36499786376953,80.41999816894531,5
2026-05-10 22:49:00+00:00,80.46499633789062,80.46499633789062,80.38999938964844,80.4000015258789,16
2026-05-10 22:50:00+00:00,80.41500091552734,80.45500183105469,80.4000015258789,80.45500183105469,18
2026-05-10 22:51:00+00:00,80.41999816894531,80.42500305175781,80.375,80.41999816894531,31
2026-05-10 22:52:00+00:00,80.37999725341797,80.37999725341797,80.36499786376953,80.375,6
2026-05-10 22:53:00+00:00,80.37999725341797,80.4000015258789,80.37999725341797,80.38500213623047,7
2026-05-10 22:54:00+00:00,80.3550033569336,80.4000015258789,80.34500122070312,80.4000015258789,19
2026-05-10 22:55:00+00:00,80.41500091552734,80.41500091552734,80.33499908447266,80.33999633789062,18
2026-05-10 22:56:00+00:00,80.41000366210938,80.41000366210938,80.40499877929688,80.40499877929688,2
2026-05-10 22:57:00+00:00,80.48999786376953,80.52999877929688,80.46499633789062,80.4800033569336,9
2026-05-10 22:58:00+00:00,80.51000213623047,80.51499938964844,80.47000122070312,80.47000122070312,4
2026-05-10 22:59:00+00:00,80.44999694824219,80.5250015258789,80.44999694824219,80.5199966430664,12
2026-05-10 23:00:00+00:00,80.51499938964844,80.5250015258789,80.43000030517578,80.44000244140625,13
2026-05-10 23:01:00+00:00,80.4800033569336,80.48500061035156,80.4800033569336,80.48500061035156,2
2026-05-10 23:02:00+00:00,80.47000122070312,80.4749984741211,80.46499633789062,80.4749984741211,3
2026-05-10 23:03:00+00:00,80.51000213623047,80.51000213623047,80.44999694824219,80.45999908447266,13
2026-05-10 23:04:00+00:00,80.6449966430664,80.6500015258789,80.51499938964844,80.54499816894531,21
2026-05-10 23:05:00+00:00,80.63500213623047,80.6449966430664,80.55500030517578,80.61000061035156,27
2026-05-10 23:06:00+00:00,80.6500015258789,80.6500015258789,80.62000274658203,80.625,6
2026-05-10 23:07:00+00:00,80.63999938964844,80.65499877929688,80.63999938964844,80.65499877929688,4
2026-05-10 23:08:00+00:00,80.62000274658203,80.65499877929688,80.59500122070312,80.65499877929688,5
2026-05-10 23:09:00+00:00,80.5999984741211,80.63500213623047,80.5999984741211,80.63500213623047,4
2026-05-10 23:10:00+00:00,80.57499694824219,80.58999633789062,80.55999755859375,80.58999633789062,10
2026-05-10 23:11:00+00:00,80.56500244140625,80.625,80.52999877929688,80.6050033569336,42
2026-05-10 23:12:00+00:00,80.61000061035156,80.625,80.56999969482422,80.56999969482422,7
2026-05-10 23:13:00+00:00,80.58000183105469,80.625,80.58000183105469,80.6050033569336,16
2026-05-10 23:14:00+00:00,80.55999755859375,80.58999633789062,80.5199966430664,80.58000183105469,22
2026-05-10 23:15:00+00:00,80.57499694824219,80.57499694824219,80.54000091552734,80.54000091552734,13
2026-05-10 23:16:00+00:00,80.625,80.66500091552734,80.58000183105469,80.58000183105469,31
2026-05-10 23:17:00+00:00,80.6449966430664,80.66500091552734,80.6449966430664,80.65499877929688,3
2026-05-10 23:18:00+00:00,80.66500091552734,80.69000244140625,80.62999725341797,80.66999816894531,11
2026-05-10 23:19:00+00:00,80.7249984741211,80.73999786376953,80.66999816894531,80.66999816894531,16
2026-05-10 23:20:00+00:00,80.7300033569336,80.80000305175781,80.7300033569336,80.75,21
2026-05-10 23:22:00+00:00,80.7249984741211,80.73999786376953,80.68499755859375,80.73999786376953,11
2026-05-10 23:23:00+00:00,80.69499969482422,80.69499969482422,80.69499969482422,80.69499969482422,1
2026-05-10 23:24:00+00:00,80.75,80.75,80.7249984741211,80.7249984741211,22
2026-05-10 23:26:00+00:00,80.75499725341797,80.75499725341797,80.75499725341797,80.75499725341797,1
2026-05-10 23:27:00+00:00,80.77999877929688,80.77999877929688,80.7699966430664,80.7699966430664,2
2026-05-10 23:28:00+00:00,80.73999786376953,80.73999786376953,80.73999786376953,80.73999786376953,1
2026-05-10 23:29:00+00:00,80.7249984741211,80.7249984741211,80.70500183105469,80.70500183105469,2
2026-05-10 23:30:00+00:00,80.75,80.75,80.69999694824219,80.69999694824219,6
2026-05-10 23:31:00+00:00,80.70500183105469,80.73999786376953,80.70500183105469,80.73999786376953,2
2026-05-10 23:32:00+00:00,80.75,80.75,80.71499633789062,80.71499633789062,11
2026-05-10 23:33:00+00:00,80.73999786376953,80.76000213623047,80.73999786376953,80.76000213623047,10
2026-05-10 23:34:00+00:00,80.75499725341797,80.78500366210938,80.7300033569336,80.7300033569336,26
2026-05-10 23:35:00+00:00,80.7699966430664,80.7699966430664,80.73999786376953,80.74500274658203,4
2026-05-10 23:37:00+00:00,80.72000122070312,80.75,80.72000122070312,80.75,3
2026-05-10 23:39:00+00:00,80.73999786376953,80.75,80.73999786376953,80.75,4
2026-05-10 23:40:00+00:00,80.80999755859375,80.80999755859375,80.76000213623047,80.76000213623047,19
2026-05-10 23:41:00+00:00,80.76000213623047,80.76000213623047,80.74500274658203,80.74500274658203,6
2026-05-10 23:42:00+00:00,80.68000030517578,80.7249984741211,80.68000030517578,80.7249984741211,22
2026-05-10 23:43:00+00:00,80.66500091552734,80.69999694824219,80.66500091552734,80.69499969482422,5
2026-05-10 23:44:00+00:00,80.70999908447266,80.70999908447266,80.70999908447266,80.70999908447266,1
2026-05-10 23:45:00+00:00,80.55000305175781,80.6500015258789,80.55000305175781,80.6500015258789,11
2026-05-10 23:46:00+00:00,80.57499694824219,80.57499694824219,80.56999969482422,80.56999969482422,2
2026-05-10 23:47:00+00:00,80.61000061035156,80.61000061035156,80.61000061035156,80.61000061035156,1
2026-05-10 23:48:00+00:00,80.7249984741211,80.7249984741211,80.61000061035156,80.61000061035156,8
2026-05-10 23:49:00+00:00,80.7300033569336,80.7300033569336,80.7300033569336,80.7300033569336,1
2026-05-10 23:50:00+00:00,80.69999694824219,80.7249984741211,80.69999694824219,80.7249984741211,7
2026-05-10 23:51:00+00:00,80.66999816894531,80.68499755859375,80.66999816894531,80.68499755859375,3
2026-05-10 23:52:00+00:00,80.5999984741211,80.61000061035156,80.57499694824219,80.61000061035156,8
2026-05-10 23:54:00+00:00,80.62999725341797,80.62999725341797,80.62999725341797,80.62999725341797,1
2026-05-10 23:56:00+00:00,80.55000305175781,80.55000305175781,80.55000305175781,80.55000305175781,7
2026-05-10 23:57:00+00:00,80.55000305175781,80.55000305175781,80.55000305175781,80.55000305175781,1
2026-05-10 23:58:00+00:00,80.5250015258789,80.5250015258789,80.5250015258789,80.5250015258789,1
2026-05-10 23:59:00+00:00,80.48999786376953,80.51000213623047,80.41500091552734,80.51000213623047,20
2026-05-11 00:00:00+00:00,80.41500091552734,80.47000122070312,80.375,80.45999908447266,61
2026-05-11 00:01:00+00:00,80.44000244140625,80.45999908447266,80.3550033569336,80.3550033569336,15
2026-05-11 00:02:00+00:00,80.48999786376953,80.5,80.44999694824219,80.44999694824219,14
2026-05-11 00:03:00+00:00,80.44000244140625,80.4800033569336,80.36000061035156,80.46499633789062,39
2026-05-11 00:04:00+00:00,80.47000122070312,80.47000122070312,80.47000122070312,80.47000122070312,1
2026-05-11 00:05:00+00:00,80.61499786376953,80.65499877929688,80.54000091552734,80.55000305175781,16
2026-05-11 00:06:00+00:00,80.55999755859375,80.6050033569336,80.55999755859375,80.6050033569336,4
2026-05-11 00:08:00+00:00,80.55999755859375,80.56999969482422,80.55000305175781,80.55000305175781,4
2026-05-11 00:09:00+00:00,80.45999908447266,80.53500366210938,80.45500183105469,80.53500366210938,8
2026-05-11 00:10:00+00:00,80.3949966430664,80.48500061035156,80.3949966430664,80.4749984741211,13
2026-05-11 00:11:00+00:00,80.44999694824219,80.44999694824219,80.41500091552734,80.43000030517578,6
2026-05-11 00:12:00+00:00,80.44499969482422,80.44999694824219,80.41000366210938,80.41000366210938,3
2026-05-11 00:13:00+00:00,80.3499984741211,80.41500091552734,80.33000183105469,80.41500091552734,18
2026-05-11 00:14:00+00:00,80.44999694824219,80.44999694824219,80.34500122070312,80.3550033569336,14
2026-05-11 00:15:00+00:00,80.375,80.46499633789062,80.33000183105469,80.45999908447266,27
2026-05-11 00:16:00+00:00,80.375,80.38999938964844,80.375,80.38999938964844,7
2026-05-11 00:17:00+00:00,80.38500213623047,80.40499877929688,80.30500030517578,80.3499984741211,22
2026-05-11 00:18:00+00:00,80.375,80.375,80.375,80.375,1
2026-05-11 00:19:00+00:00,80.3949966430664,80.41500091552734,80.36000061035156,80.36000061035156,4
2026-05-11 00:20:00+00:00,80.54499816894531,80.56500244140625,80.36000061035156,80.36000061035156,41
2026-05-11 00:21:00+00:00,80.56500244140625,80.57499694824219,80.54000091552734,80.55000305175781,19
2026-05-11 00:22:00+00:00,80.59500122070312,80.59500122070312,80.56500244140625,80.56500244140625,6
2026-05-11 00:23:00+00:00,80.59500122070312,80.61000061035156,80.59500122070312,80.59500122070312,5
2026-05-11 00:24:00+00:00,80.58499908447266,80.58499908447266,80.58499908447266,80.58499908447266,2
2026-05-11 00:25:00+00:00,80.66999816894531,80.69999694824219,80.58499908447266,80.58499908447266,24
2026-05-11 00:26:00+00:00,80.61499786376953,80.66000366210938,80.58499908447266,80.66000366210938,6
2026-05-11 00:27:00+00:00,80.55500030517578,80.6050033569336,80.5199966430664,80.6050033569336,8
2026-05-11 00:28:00+00:00,80.54499816894531,80.55000305175781,80.5250015258789,80.5250015258789,4
2026-05-11 00:29:00+00:00,80.56500244140625,80.56500244140625,80.56500244140625,80.56500244140625,1
2026-05-11 00:30:00+00:00,80.6500015258789,80.6500015258789,80.55000305175781,80.61000061035156,11
2026-05-11 00:31:00+00:00,80.81500244140625,80.8499984741211,80.6500015258789,80.6500015258789,35
2026-05-11 00:32:00+00:00,80.94999694824219,80.94999694824219,80.80999755859375,80.80999755859375,35
2026-05-11 00:33:00+00:00,80.93000030517578,80.93000030517578,80.8949966430664,80.90499877929688,27
2026-05-11 00:34:00+00:00,80.90499877929688,80.92500305175781,80.88500213623047,80.92500305175781,3
2026-05-11 00:35:00+00:00,80.91000366210938,80.92500305175781,80.8550033569336,80.92500305175781,12
2026-05-11 00:36:00+00:00,81.00499725341797,81.02999877929688,80.9000015258789,80.9000015258789,33
2026-05-11 00:37:00+00:00,80.91500091552734,81.03500366210938,80.91500091552734,80.9749984741211,17
2026-05-11 00:38:00+00:00,80.82499694824219,80.91500091552734,80.82499694824219,80.9000015258789,19
2026-05-11 00:39:00+00:00,80.77999877929688,80.80500030517578,80.73999786376953,80.80500030517578,42
2026-05-11 00:40:00+00:00,80.83000183105469,80.8499984741211,80.77999877929688,80.77999877929688,23
2026-05-11 00:41:00+00:00,80.83000183105469,80.88999938964844,80.83000183105469,80.83499908447266,16
2026-05-11 00:42:00+00:00,80.87000274658203,80.875,80.83999633789062,80.83999633789062,13
2026-05-11 00:43:00+00:00,80.7300033569336,80.87000274658203,80.7300033569336,80.87000274658203,7
2026-05-11 00:44:00+00:00,80.79000091552734,80.79499816894531,80.74500274658203,80.74500274658203,20
2026-05-11 00:45:00+00:00,80.76000213623047,80.76000213623047,80.72000122070312,80.7249984741211,5
2026-05-11 00:46:00+00:00,80.75499725341797,80.79000091552734,80.75499725341797,80.79000091552734,3
2026-05-11 00:47:00+00:00,80.76000213623047,80.76000213623047,80.71499633789062,80.71499633789062,3
2026-05-11 00:48:00+00:00,80.74500274658203,80.74500274658203,80.71499633789062,80.71499633789062,26
2026-05-11 00:49:00+00:00,80.67500305175781,80.71499633789062,80.66000366210938,80.68499755859375,10
2026-05-11 00:50:00+00:00,80.7300033569336,80.7300033569336,80.65499877929688,80.67500305175781,6
2026-05-11 00:51:00+00:00,80.70999908447266,80.70999908447266,80.65499877929688,80.65499877929688,10
2026-05-11 00:52:00+00:00,80.19999694824219,80.66500091552734,80.11000061035156,80.66500091552734,100
2026-05-11 00:53:00+00:00,80.4000015258789,80.4000015258789,80.125,80.25,94
2026-05-11 00:54:00+00:00,80.47000122070312,80.47000122070312,80.38999938964844,80.38999938964844,13
2026-05-11 00:55:00+00:00,80.31999969482422,80.44999694824219,80.30500030517578,80.44999694824219,14
2026-05-11 00:56:00+00:00,80.26000213623047,80.30000305175781,80.21499633789062,80.30000305175781,74
2026-05-11 00:57:00+00:00,80.41999816894531,80.43000030517578,80.25,80.25,11
2026-05-11 00:58:00+00:00,80.38500213623047,80.45999908447266,80.38500213623047,80.44999694824219,7
2026-05-11 00:59:00+00:00,80.55500030517578,80.56500244140625,80.47000122070312,80.4800033569336,27
2026-05-11 01:00:00+00:00,80.08999633789062,80.62999725341797,80.05999755859375,80.50499725341797,154
2026-05-11 01:01:00+00:00,80.15499877929688,80.25,80.05500030517578,80.07499694824219,82
2026-05-11 01:02:00+00:00,80.30500030517578,80.30500030517578,80.13500213623047,80.16500091552734,24
2026-05-11 01:03:00+00:00,80.5199966430664,80.55000305175781,80.2699966430664,80.2699966430664,67
2026-05-11 01:04:00+00:00,80.68499755859375,80.70500183105469,80.45999908447266,80.51499938964844,21
2026-05-11 01:05:00+00:00,80.82499694824219,80.86000061035156,80.58499908447266,80.6500015258789,77
2026-05-11 01:06:00+00:00,80.7750015258789,80.88500213623047,80.76000213623047,80.80500030517578,27
2026-05-11 01:07:00+00:00,80.8550033569336,80.88999938964844,80.80000305175781,80.80000305175781,27
2026-05-11 01:08:00+00:00,80.81500244140625,80.81500244140625,80.73999786376953,80.75499725341797,8
2026-05-11 01:09:00+00:00,80.6050033569336,80.71499633789062,80.6050033569336,80.70999908447266,6
2026-05-11 01:10:00+00:00,80.30000305175781,80.61499786376953,80.25499725341797,80.58000183105469,54
2026-05-11 01:11:00+00:00,80.46499633789062,80.47000122070312,80.30000305175781,80.36499786376953,17
2026-05-11 01:12:00+00:00,80.54000091552734,80.55999755859375,80.4800033569336,80.51000213623047,26
2026-05-11 01:13:00+00:00,80.50499725341797,80.6050033569336,80.50499725341797,80.55500030517578,6
2026-05-11 01:14:00+00:00,80.45999908447266,80.57499694824219,80.45999908447266,80.47000122070312,12
2026-05-11 01:15:00+00:00,80.50499725341797,80.51000213623047,80.43499755859375,80.5,11
2026-05-11 01:16:00+00:00,80.69000244140625,80.69000244140625,80.5250015258789,80.5250015258789,13
2026-05-11 01:17:00+00:00,80.73999786376953,80.76499938964844,80.6500015258789,80.6500015258789,17
2026-05-11 01:18:00+00:00,80.70500183105469,80.70500183105469,80.69999694824219,80.69999694824219,3
2026-05-11 01:19:00+00:00,80.76000213623047,80.79000091552734,80.76000213623047,80.79000091552734,2
2026-05-11 01:20:00+00:00,80.80000305175781,80.80000305175781,80.70999908447266,80.76499938964844,18
2026-05-11 01:21:00+00:00,80.86000061035156,80.86000061035156,80.79499816894531,80.79499816894531,6
2026-05-11 01:22:00+00:00,81.11000061035156,81.11000061035156,80.82499694824219,80.83000183105469,78
2026-05-11 01:23:00+00:00,81.11000061035156,81.18000030517578,81.08499908447266,81.125,31
2026-05-11 01:24:00+00:00,81.07499694824219,81.11000061035156,81.05000305175781,81.0999984741211,17
2026-05-11 01:25:00+00:00,81.05999755859375,81.22000122070312,81.0250015258789,81.06500244140625,29
2026-05-11 01:26:00+00:00,81.16999816894531,81.19499969482422,81.11499786376953,81.12999725341797,32
2026-05-11 01:27:00+00:00,81.19499969482422,81.2750015258789,81.17500305175781,81.20999908447266,34
2026-05-11 01:28:00+00:00,81.24500274658203,81.29000091552734,81.11499786376953,81.125,89
2026-05-11 01:29:00+00:00,81.1500015258789,81.2699966430664,81.1500015258789,81.2699966430664,26
2026-05-11 01:30:00+00:00,81.08499908447266,81.16000366210938,81.05999755859375,81.16000366210938,17
2026-05-11 01:31:00+00:00,81.04499816894531,81.125,80.98500061035156,81.08999633789062,70
2026-05-11 01:32:00+00:00,81.08000183105469,81.12000274658203,80.9800033569336,81.0,40
2026-05-11 01:33:00+00:00,81.25499725341797,81.27999877929688,81.05500030517578,81.0999984741211,36
2026-05-11 01:34:00+00:00,81.13999938964844,81.20999908447266,81.11000061035156,81.20999908447266,6
2026-05-11 01:35:00+00:00,81.08499908447266,81.19499969482422,81.08499908447266,81.18000030517578,32
2026-05-11 01:36:00+00:00,81.16500091552734,81.18000030517578,81.05500030517578,81.05500030517578,9
2026-05-11 01:37:00+00:00,81.11000061035156,81.2249984741211,81.11000061035156,81.21499633789062,4
2026-05-11 01:38:00+00:00,81.2750015258789,81.27999877929688,81.0999984741211,81.125,18
2026-05-11 01:39:00+00:00,81.19499969482422,81.28500366210938,81.19499969482422,81.25499725341797,11
2026-05-11 01:40:00+00:00,81.08999633789062,81.22000122070312,81.05000305175781,81.21499633789062,41
2026-05-11 01:41:00+00:00,81.22000122070312,81.23500061035156,81.08999633789062,81.11000061035156,26
2026-05-11 01:42:00+00:00,81.30000305175781,81.30000305175781,81.1449966430664,81.16500091552734,22
2026-05-11 01:43:00+00:00,81.20500183105469,81.20500183105469,81.17500305175781,81.18000030517578,10
2026-05-11 01:44:00+00:00,81.21499633789062,81.29499816894531,81.19000244140625,81.22000122070312,22
2026-05-11 01:45:00+00:00,81.25499725341797,81.25499725341797,81.17500305175781,81.25,10
2026-05-11 01:46:00+00:00,81.1500015258789,81.2249984741211,81.1500015258789,81.2249984741211,6
2026-05-11 01:47:00+00:00,81.2300033569336,81.2300033569336,81.21499633789062,81.21499633789062,5
2026-05-11 01:48:00+00:00,81.2750015258789,81.2750015258789,81.19999694824219,81.21499633789062,8
2026-05-11 01:49:00+00:00,81.33000183105469,81.36499786376953,81.26000213623047,81.26499938964844,18
2026-05-11 01:50:00+00:00,81.1500015258789,81.26499938964844,81.12000274658203,81.26499938964844,23
2026-05-11 01:51:00+00:00,81.04000091552734,81.12000274658203,81.0,81.12000274658203,48
2026-05-11 01:52:00+00:00,81.30000305175781,81.40499877929688,81.0199966430664,81.0199966430664,277
2026-05-11 01:53:00+00:00,81.31500244140625,81.33999633789062,81.16500091552734,81.28500366210938,61
2026-05-11 01:54:00+00:00,81.2699966430664,81.3499984741211,81.2699966430664,81.33499908447266,26
2026-05-11 01:55:00+00:00,81.16500091552734,81.27999877929688,81.1500015258789,81.27999877929688,136
2026-05-11 01:56:00+00:00,81.21499633789062,81.21499633789062,81.125,81.125,9
2026-05-11 01:57:00+00:00,81.16999816894531,81.19999694824219,81.16999816894531,81.19499969482422,4
2026-05-11 01:58:00+00:00,81.25,81.29499816894531,81.16999816894531,81.19999694824219,22
2026-05-11 01:59:00+00:00,81.30000305175781,81.34500122070312,81.23500061035156,81.23500061035156,12
2026-05-11 02:00:00+00:00,81.61499786376953,81.61499786376953,81.34500122070312,81.34500122070312,72
2026-05-11 02:01:00+00:00,81.65499877929688,81.66999816894531,81.54499816894531,81.58499908447266,53
2026-05-11 02:02:00+00:00,81.7249984741211,81.76499938964844,81.61499786376953,81.63999938964844,190
2026-05-11 02:03:00+00:00,81.72000122070312,81.7750015258789,81.69000244140625,81.7249984741211,35
2026-05-11 02:04:00+00:00,81.58000183105469,81.75,81.57499694824219,81.72000122070312,183
2026-05-11 02:05:00+00:00,81.56500244140625,81.62999725341797,81.56500244140625,81.61000061035156,18
2026-05-11 02:06:00+00:00,81.29499816894531,81.52999877929688,81.29499816894531,81.52999877929688,70
2026-05-11 02:07:00+00:00,81.31999969482422,81.34500122070312,81.22000122070312,81.31999969482422,17
2026-05-11 02:08:00+00:00,81.38500213623047,81.38500213623047,81.36499786376953,81.36499786376953,6
2026-05-11 02:09:00+00:00,81.45500183105469,81.4749984741211,81.44999694824219,81.45999908447266,15
2026-05-11 02:10:00+00:00,81.49500274658203,81.50499725341797,81.44000244140625,81.44000244140625,14
2026-05-11 02:11:00+00:00,81.58000183105469,81.58000183105469,81.44999694824219,81.45999908447266,11
2026-05-11 02:12:00+00:00,81.55000305175781,81.58499908447266,81.48500061035156,81.57499694824219,14
2026-05-11 02:13:00+00:00,81.58499908447266,81.5999984741211,81.52999877929688,81.56500244140625,18
2026-05-11 02:14:00+00:00,81.50499725341797,81.55999755859375,81.50499725341797,81.55999755859375,9
2026-05-11 02:15:00+00:00,81.48500061035156,81.5250015258789,81.46499633789062,81.51000213623047,6
2026-05-11 02:16:00+00:00,81.50499725341797,81.50499725341797,81.5,81.5,3
2026-05-11 02:17:00+00:00,81.51499938964844,81.55999755859375,81.50499725341797,81.50499725341797,5
2026-05-11 02:18:00+00:00,81.51499938964844,81.53500366210938,81.51499938964844,81.53500366210938,5
2026-05-11 02:19:00+00:00,81.44999694824219,81.45999908447266,81.44999694824219,81.45999908447266,3
2026-05-11 02:20:00+00:00,81.42500305175781,81.42500305175781,81.4000015258789,81.41999816894531,21
2026-05-11 02:21:00+00:00,81.47000122070312,81.51000213623047,81.46499633789062,81.4749984741211,13
2026-05-11 02:22:00+00:00,81.44999694824219,81.45999908447266,81.44999694824219,81.45999908447266,3
2026-05-11 02:23:00+00:00,81.46499633789062,81.47000122070312,81.41000366210938,81.41000366210938,9
2026-05-11 02:24:00+00:00,81.48500061035156,81.48500061035156,81.44000244140625,81.44000244140625,11
2026-05-11 02:25:00+00:00,81.45999908447266,81.4800033569336,81.45999908447266,81.4800033569336,3
2026-05-11 02:26:00+00:00,81.54000091552734,81.54000091552734,81.5,81.5,5
2026-05-11 02:27:00+00:00,81.55999755859375,81.58499908447266,81.55999755859375,81.55999755859375,3
2026-05-11 02:28:00+00:00,81.58499908447266,81.5999984741211,81.57499694824219,81.57499694824219,9
2026-05-11 02:29:00+00:00,81.63500213623047,81.63500213623047,81.5999984741211,81.5999984741211,9
2026-05-11 02:30:00+00:00,81.80500030517578,81.83499908447266,81.62000274658203,81.62000274658203,60
2026-05-11 02:31:00+00:00,81.91000366210938,81.91999816894531,81.80500030517578,81.83999633789062,69
2026-05-11 02:32:00+00:00,81.83499908447266,81.94999694824219,81.81500244140625,81.92500305175781,28
2026-05-11 02:33:00+00:00,81.83499908447266,81.83499908447266,81.80500030517578,81.83000183105469,6
2026-05-11 02:34:00+00:00,81.84500122070312,81.8499984741211,81.84500122070312,81.8499984741211,2
2026-05-11 02:35:00+00:00,81.86499786376953,81.87000274658203,81.81500244140625,81.81500244140625,5
2026-05-11 02:36:00+00:00,81.97000122070312,81.97000122070312,81.88999938964844,81.9000015258789,22
2026-05-11 02:37:00+00:00,82.15499877929688,82.19000244140625,81.9800033569336,81.98999786376953,162
2026-05-11 02:38:00+00:00,82.08000183105469,82.17500305175781,82.05000305175781,82.17500305175781,29
2026-05-11 02:39:00+00:00,82.18000030517578,82.20500183105469,82.02999877929688,82.06500244140625,115
2026-05-11 02:40:00+00:00,82.06500244140625,82.18499755859375,82.03500366210938,82.18499755859375,18
2026-05-11 02:41:00+00:00,81.9800033569336,82.04000091552734,81.9800033569336,82.03500366210938,24
2026-05-11 02:42:00+00:00,82.0,82.0,81.91000366210938,81.94000244140625,12
2026-05-11 02:43:00+00:00,81.94999694824219,82.0,81.94000244140625,82.0,9
2026-05-11 02:44:00+00:00,81.86499786376953,81.90499877929688,81.84500122070312,81.90499877929688,17
2026-05-11 02:45:00+00:00,81.94999694824219,81.98999786376953,81.8550033569336,81.86499786376953,12
2026-05-11 02:46:00+00:00,82.00499725341797,82.00499725341797,81.94499969482422,81.96499633789062,24
2026-05-11 02:47:00+00:00,81.96499633789062,81.96499633789062,81.95999908447266,81.95999908447266,2
2026-05-11 02:48:00+00:00,81.81500244140625,81.94999694824219,81.76000213623047,81.94999694824219,25
2026-05-11 02:49:00+00:00,81.76000213623047,81.80000305175781,81.72000122070312,81.79000091552734,41
2026-05-11 02:50:00+00:00,81.625,81.74500274658203,81.59500122070312,81.73999786376953,44
2026-05-11 02:51:00+00:00,81.6500015258789,81.6500015258789,81.61000061035156,81.625,18
2026-05-11 02:52:00+00:00,81.6050033569336,81.6449966430664,81.53500366210938,81.62999725341797,33
2026-05-11 02:53:00+00:00,81.55000305175781,81.67500305175781,81.52999877929688,81.6500015258789,23
2026-05-11 02:54:00+00:00,81.6449966430664,81.6500015258789,81.55000305175781,81.55000305175781,22
2026-05-11 02:55:00+00:00,81.54499816894531,81.69499969482422,81.5199966430664,81.6500015258789,27
2026-05-11 02:56:00+00:00,81.51000213623047,81.59500122070312,81.4800033569336,81.55500030517578,22
2026-05-11 02:57:00+00:00,81.52999877929688,81.52999877929688,81.4800033569336,81.5250015258789,32
2026-05-11 02:58:00+00:00,81.62999725341797,81.68000030517578,81.46499633789062,81.5,55
2026-05-11 02:59:00+00:00,81.5250015258789,81.58000183105469,81.47000122070312,81.55000305175781,11
2026-05-11 03:00:00+00:00,81.47000122070312,81.53500366210938,81.45500183105469,81.50499725341797,12
2026-05-11 03:01:00+00:00,81.4000015258789,81.44000244140625,81.28500366210938,81.41999816894531,56
2026-05-11 03:02:00+00:00,81.43499755859375,81.5,81.43499755859375,81.43499755859375,18
2026-05-11 03:03:00+00:00,81.58999633789062,81.58999633789062,81.41999816894531,81.42500305175781,36
2026-05-11 03:04:00+00:00,81.52999877929688,81.6050033569336,81.5199966430664,81.57499694824219,15
2026-05-11 03:05:00+00:00,81.5999984741211,81.62999725341797,81.54499816894531,81.54499816894531,20
2026-05-11 03:06:00+00:00,81.59500122070312,81.62000274658203,81.59500122070312,81.61000061035156,4
2026-05-11 03:07:00+00:00,81.5,81.5,81.5,81.5,1
2026-05-11 03:08:00+00:00,81.56999969482422,81.56999969482422,81.48500061035156,81.48500061035156,7
2026-05-11 03:09:00+00:00,81.58999633789062,81.63999938964844,81.58999633789062,81.58999633789062,5
2026-05-11 03:10:00+00:00,81.58999633789062,81.58999633789062,81.58999633789062,81.58999633789062,1
2026-05-11 03:11:00+00:00,81.62999725341797,81.62999725341797,81.58499908447266,81.58499908447266,7
2026-05-11 03:12:00+00:00,81.68000030517578,81.69000244140625,81.62000274658203,81.63999938964844,25
2026-05-11 03:13:00+00:00,81.61499786376953,81.66500091552734,81.57499694824219,81.66500091552734,7
2026-05-11 03:14:00+00:00,81.58999633789062,81.66999816894531,81.58999633789062,81.63999938964844,16
2026-05-11 03:15:00+00:00,81.55000305175781,81.58999633789062,81.5,81.58999633789062,16
2026-05-11 03:16:00+00:00,81.48999786376953,81.51499938964844,81.48999786376953,81.48999786376953,7
2026-05-11 03:17:00+00:00,81.54000091552734,81.54000091552734,81.48999786376953,81.48999786376953,11
2026-05-11 03:18:00+00:00,81.49500274658203,81.52999877929688,81.48999786376953,81.51000213623047,10
2026-05-11 03:19:00+00:00,81.51000213623047,81.55500030517578,81.50499725341797,81.55500030517578,15
2026-05-11 03:20:00+00:00,81.47000122070312,81.50499725341797,81.45500183105469,81.50499725341797,9
2026-05-11 03:21:00+00:00,81.41999816894531,81.43499755859375,81.40499877929688,81.43499755859375,9
2026-05-11 03:22:00+00:00,81.46499633789062,81.47000122070312,81.37999725341797,81.4000015258789,37
2026-05-11 03:23:00+00:00,81.4749984741211,81.48500061035156,81.37000274658203,81.4800033569336,31
2026-05-11 03:24:00+00:00,81.54499816894531,81.54499816894531,81.4800033569336,81.4800033569336,4
2026-05-11 03:25:00+00:00,81.45999908447266,81.5199966430664,81.45999908447266,81.5199966430664,3
2026-05-11 03:26:00+00:00,81.5250015258789,81.5250015258789,81.5250015258789,81.5250015258789,2
2026-05-11 03:27:00+00:00,81.52999877929688,81.55000305175781,81.51000213623047,81.55000305175781,6
2026-05-11 03:28:00+00:00,81.55999755859375,81.55999755859375,81.55999755859375,81.55999755859375,1
2026-05-11 03:29:00+00:00,81.53500366210938,81.53500366210938,81.53500366210938,81.53500366210938,1
2026-05-11 03:30:00+00:00,81.41999816894531,81.57499694824219,81.41999816894531,81.57499694824219,16
2026-05-11 03:31:00+00:00,81.36000061035156,81.43499755859375,81.33999633789062,81.43499755859375,17
2026-05-11 03:32:00+00:00,81.3550033569336,81.375,81.30999755859375,81.36000061035156,16
2026-05-11 03:33:00+00:00,81.33499908447266,81.40499877929688,81.29499816894531,81.36499786376953,9
2026-05-11 03:34:00+00:00,81.30999755859375,81.34500122070312,81.28500366210938,81.32499694824219,15
2026-05-11 03:35:00+00:00,81.30999755859375,81.40499877929688,81.30999755859375,81.31999969482422,13
2026-05-11 03:36:00+00:00,81.27999877929688,81.3550033569336,81.26499938964844,81.3550033569336,25
2026-05-11 03:37:00+00:00,81.2249984741211,81.29000091552734,81.2249984741211,81.29000091552734,13
2026-05-11 03:38:00+00:00,81.16000366210938,81.21499633789062,81.15499877929688,81.21499633789062,94
2026-05-11 03:39:00+00:00,81.2300033569336,81.2300033569336,81.1449966430664,81.17500305175781,6
2026-05-11 03:40:00+00:00,81.33499908447266,81.33499908447266,81.28500366210938,81.28500366210938,9
2026-05-11 03:41:00+00:00,81.23999786376953,81.3499984741211,81.23500061035156,81.33999633789062,17
2026-05-11 03:42:00+00:00,81.19999694824219,81.26499938964844,81.19999694824219,81.26499938964844,38
2026-05-11 03:43:00+00:00,81.22000122070312,81.23500061035156,81.20500183105469,81.20500183105469,4
2026-05-11 03:44:00+00:00,81.27999877929688,81.27999877929688,81.27999877929688,81.27999877929688,1
2026-05-11 03:45:00+00:00,81.29000091552734,81.29000091552734,81.29000091552734,81.29000091552734,2
2026-05-11 03:46:00+00:00,81.26499938964844,81.2699966430664,81.26000213623047,81.2699966430664,3
2026-05-11 03:48:00+00:00,81.30500030517578,81.30999755859375,81.29000091552734,81.30999755859375,3
2026-05-11 03:49:00+00:00,81.18000030517578,81.3499984741211,81.18000030517578,81.34500122070312,10
2026-05-11 03:50:00+00:00,81.11499786376953,81.19000244140625,81.11499786376953,81.19000244140625,6
2026-05-11 03:51:00+00:00,81.16500091552734,81.19499969482422,81.16500091552734,81.19499969482422,2
2026-05-11 03:52:00+00:00,81.19999694824219,81.19999694824219,81.16500091552734,81.16500091552734,5
2026-05-11 03:53:00+00:00,81.1449966430664,81.1449966430664,81.12999725341797,81.12999725341797,2
2026-05-11 03:54:00+00:00,81.16000366210938,81.16000366210938,81.1449966430664,81.1449966430664,3
2026-05-11 03:55:00+00:00,81.16000366210938,81.16500091552734,81.1500015258789,81.16500091552734,4
2026-05-11 03:57:00+00:00,81.1500015258789,81.1500015258789,81.1500015258789,81.1500015258789,1
2026-05-11 03:58:00+00:00,81.19999694824219,81.19999694824219,81.19999694824219,81.19999694824219,1
2026-05-11 04:02:00+00:00,81.1500015258789,81.1500015258789,81.05999755859375,81.1500015258789,30
2026-05-11 04:03:00+00:00,81.08000183105469,81.125,81.06999969482422,81.125,12
2026-05-11 04:04:00+00:00,81.11000061035156,81.11000061035156,81.1050033569336,81.1050033569336,2
2026-05-11 04:05:00+00:00,81.12000274658203,81.12000274658203,81.12000274658203,81.12000274658203,2
2026-05-11 04:06:00+00:00,81.1449966430664,81.1449966430664,81.125,81.125,2
2026-05-11 04:07:00+00:00,81.21499633789062,81.2300033569336,81.19999694824219,81.19999694824219,5
2026-05-11 04:08:00+00:00,81.22000122070312,81.2300033569336,81.22000122070312,81.2300033569336,3
2026-05-11 04:09:00+00:00,81.11000061035156,81.1449966430664,81.11000061035156,81.1449966430664,3
2026-05-11 04:10:00+00:00,81.11000061035156,81.11000061035156,81.06500244140625,81.06500244140625,6
2026-05-11 04:11:00+00:00,81.12999725341797,81.15499877929688,81.1050033569336,81.1050033569336,6
2026-05-11 04:12:00+00:00,81.08000183105469,81.08000183105469,81.06999969482422,81.06999969482422,3
2026-05-11 04:13:00+00:00,81.07499694824219,81.09500122070312,81.07499694824219,81.08000183105469,6
2026-05-11 04:14:00+00:00,81.08000183105469,81.08000183105469,81.05999755859375,81.06500244140625,12
2026-05-11 04:15:00+00:00,81.1500015258789,81.1500015258789,81.08499908447266,81.08499908447266,3
2026-05-11 04:16:00+00:00,81.09500122070312,81.15499877929688,81.09500122070312,81.15499877929688,9
2026-05-11 04:17:00+00:00,81.03500366210938,81.06999969482422,81.01000213623047,81.06999969482422,21
2026-05-11 04:18:00+00:00,80.98999786376953,81.0199966430664,80.9749984741211,81.01499938964844,21
2026-05-11 04:19:00+00:00,80.95999908447266,81.01000213623047,80.94999694824219,81.01000213623047,13
2026-05-11 04:20:00+00:00,80.93000030517578,80.97000122070312,80.93000030517578,80.97000122070312,7
2026-05-11 04:21:00+00:00,80.91000366210938,80.97000122070312,80.88999938964844,80.97000122070312,39
2026-05-11 04:22:00+00:00,80.9749984741211,80.9749984741211,80.90499877929688,80.90499877929688,5
2026-05-11 04:23:00+00:00,81.04000091552734,81.04000091552734,80.94999694824219,80.94999694824219,6
2026-05-11 04:24:00+00:00,81.05999755859375,81.05999755859375,81.05999755859375,81.05999755859375,1
2026-05-11 04:25:00+00:00,81.01000213623047,81.0199966430664,81.01000213623047,81.0199966430664,2
2026-05-11 04:26:00+00:00,81.08000183105469,81.0999984741211,81.01499938964844,81.0199966430664,9
2026-05-11 04:27:00+00:00,81.08499908447266,81.08499908447266,81.08000183105469,81.08000183105469,2
2026-05-11 04:28:00+00:00,81.11000061035156,81.125,81.08999633789062,81.08999633789062,18
2026-05-11 04:29:00+00:00,80.98500061035156,81.01000213623047,80.98500061035156,81.01000213623047,2
2026-05-11 04:30:00+00:00,80.86499786376953,80.95500183105469,80.83000183105469,80.95500183105469,37
2026-05-11 04:31:00+00:00,80.8499984741211,80.86000061035156,80.8499984741211,80.8550033569336,8
2026-05-11 04:32:00+00:00,80.80999755859375,80.8499984741211,80.75,80.8499984741211,50
2026-05-11 04:33:00+00:00,80.88500213623047,80.91000366210938,80.83000183105469,80.83000183105469,9
2026-05-11 04:34:00+00:00,80.94999694824219,80.94999694824219,80.88999938964844,80.91500091552734,9
2026-05-11 04:35:00+00:00,80.8949966430664,80.92500305175781,80.88500213623047,80.92500305175781,6
2026-05-11 04:36:00+00:00,80.92500305175781,80.92500305175781,80.86499786376953,80.9000015258789,7
2026-05-11 04:37:00+00:00,80.93000030517578,80.93000030517578,80.91999816894531,80.91999816894531,2
2026-05-11 04:38:00+00:00,80.93000030517578,80.93000030517578,80.93000030517578,80.93000030517578,3
2026-05-11 04:39:00+00:00,80.8499984741211,80.91500091552734,80.82499694824219,80.91500091552734,9
2026-05-11 04:40:00+00:00,80.86499786376953,80.87000274658203,80.86000061035156,80.86499786376953,6
2026-05-11 04:43:00+00:00,80.94499969482422,80.94499969482422,80.91999816894531,80.93000030517578,5
2026-05-11 04:44:00+00:00,80.93499755859375,80.95999908447266,80.93499755859375,80.95999908447266,3
2026-05-11 04:45:00+00:00,80.93499755859375,80.96499633789062,80.93499755859375,80.96499633789062,4
2026-05-11 04:46:00+00:00,80.94000244140625,80.94000244140625,80.91999816894531,80.91999816894531,6
2026-05-11 04:48:00+00:00,80.95999908447266,80.96499633789062,80.95999908447266,80.95999908447266,3
2026-05-11 04:49:00+00:00,80.99500274658203,81.0,80.9800033569336,80.99500274658203,7
2026-05-11 04:50:00+00:00,81.02999877929688,81.02999877929688,80.99500274658203,80.99500274658203,3
2026-05-11 04:51:00+00:00,81.0199966430664,81.02999877929688,80.99500274658203,81.02999877929688,13
2026-05-11 04:52:00+00:00,81.0,81.0199966430664,80.96499633789062,81.0199966430664,20
2026-05-11 04:53:00+00:00,80.95999908447266,80.9800033569336,80.95999908447266,80.9800033569336,2
2026-05-11 04:54:00+00:00,80.94000244140625,80.94999694824219,80.92500305175781,80.94999694824219,21
2026-05-11 04:56:00+00:00,80.9000015258789,80.9000015258789,80.8949966430664,80.9000015258789,3
2026-05-11 04:57:00+00:00,80.94000244140625,80.94000244140625,80.91500091552734,80.91500091552734,8
2026-05-11 04:58:00+00:00,80.91999816894531,80.91999816894531,80.91999816894531,80.91999816894531,1
2026-05-11 04:59:00+00:00,80.83499908447266,80.87999725341797,80.83499908447266,80.87999725341797,5
2026-05-11 05:00:00+00:00,80.91000366210938,80.91000366210938,80.86000061035156,80.86000061035156,4
2026-05-11 05:01:00+00:00,80.93499755859375,80.98999786376953,80.91000366210938,80.91000366210938,10
2026-05-11 05:02:00+00:00,80.95500183105469,80.95500183105469,80.95500183105469,80.95500183105469,2
2026-05-11 05:03:00+00:00,81.01499938964844,81.02999877929688,80.99500274658203,80.99500274658203,11
2026-05-11 05:04:00+00:00,81.04499816894531,81.05000305175781,81.03500366210938,81.03500366210938,11
2026-05-11 05:05:00+00:00,81.08000183105469,81.08000183105469,81.01499938964844,81.05000305175781,25
2026-05-11 05:06:00+00:00,80.99500274658203,81.05000305175781,80.99500274658203,81.04000091552734,23
2026-05-11 05:07:00+00:00,80.90499877929688,81.00499725341797,80.8949966430664,81.0,21
2026-05-11 05:08:00+00:00,80.80500030517578,80.875,80.7750015258789,80.875,44
2026-05-11 05:09:00+00:00,80.9000015258789,80.9000015258789,80.81999969482422,80.82499694824219,29
2026-05-11 05:10:00+00:00,80.82499694824219,80.875,80.81999969482422,80.87000274658203,8
2026-05-11 05:11:00+00:00,80.78500366210938,80.83499908447266,80.77999877929688,80.83499908447266,21
2026-05-11 05:12:00+00:00,80.83499908447266,80.83499908447266,80.80000305175781,80.80000305175781,3
2026-05-11 05:14:00+00:00,80.87000274658203,80.87000274658203,80.87000274658203,80.87000274658203,1
2026-05-11 05:15:00+00:00,80.88999938964844,80.93000030517578,80.87999725341797,80.87999725341797,27
2026-05-11 05:16:00+00:00,80.86000061035156,80.87999725341797,80.86000061035156,80.87000274658203,10
2026-05-11 05:17:00+00:00,80.86499786376953,80.86499786376953,80.86499786376953,80.86499786376953,10
2026-05-11 05:18:00+00:00,80.8499984741211,80.8499984741211,80.8499984741211,80.8499984741211,1
2026-05-11 05:19:00+00:00,80.86000061035156,80.875,80.86000061035156,80.875,7
2026-05-11 05:20:00+00:00,80.8550033569336,80.8550033569336,80.80500030517578,80.8499984741211,7
2026-05-11 05:23:00+00:00,80.87000274658203,80.88500213623047,80.87000274658203,80.87999725341797,10
2026-05-11 05:24:00+00:00,80.91500091552734,80.91500091552734,80.86499786376953,80.86499786376953,9
2026-05-11 05:25:00+00:00,80.875,80.95500183105469,80.875,80.93000030517578,12
2026-05-11 05:26:00+00:00,80.83499908447266,80.875,80.83000183105469,80.87000274658203,10
2026-05-11 05:27:00+00:00,80.82499694824219,80.82499694824219,80.79499816894531,80.81999969482422,4
2026-05-11 05:28:00+00:00,80.7750015258789,80.80500030517578,80.7750015258789,80.80500030517578,3
2026-05-11 05:29:00+00:00,80.7249984741211,80.76000213623047,80.69499969482422,80.76000213623047,41
2026-05-11 05:30:00+00:00,80.75,80.98500061035156,80.69999694824219,80.71499633789062,161
2026-05-11 05:31:00+00:00,80.9749984741211,81.0,80.74500274658203,80.78500366210938,33
2026-05-11 05:32:00+00:00,80.9800033569336,80.9800033569336,80.9000015258789,80.91500091552734,32
2026-05-11 05:33:00+00:00,81.11000061035156,81.125,80.94999694824219,80.94999694824219,36
2026-05-11 05:34:00+00:00,81.18000030517578,81.18000030517578,81.07499694824219,81.08499908447266,25
2026-05-11 05:35:00+00:00,81.1449966430664,81.21499633789062,81.13999938964844,81.17500305175781,25
2026-05-11 05:36:00+00:00,81.02999877929688,81.1500015258789,81.02999877929688,81.1500015258789,15
2026-05-11 05:37:00+00:00,81.08499908447266,81.12000274658203,81.05500030517578,81.05500030517578,12
2026-05-11 05:38:00+00:00,81.0,81.04499816894531,81.0,81.04499816894531,2
2026-05-11 05:39:00+00:00,81.01000213623047,81.06999969482422,81.01000213623047,81.06999969482422,3
2026-05-11 05:40:00+00:00,81.01000213623047,81.01000213623047,81.01000213623047,81.01000213623047,3
2026-05-11 05:41:00+00:00,80.98999786376953,81.04499816894531,80.98999786376953,81.04499816894531,5
2026-05-11 05:42:00+00:00,80.86000061035156,80.98500061035156,80.86000061035156,80.98500061035156,17
2026-05-11 05:43:00+00:00,80.62999725341797,80.82499694824219,80.58999633789062,80.82499694824219,114
2026-05-11 05:44:00+00:00,80.55999755859375,80.6449966430664,80.55500030517578,80.6050033569336,15
2026-05-11 05:45:00+00:00,80.48500061035156,80.55000305175781,80.44499969482422,80.55000305175781,100
2026-05-11 05:46:00+00:00,80.47000122070312,80.52999877929688,80.43000030517578,80.46499633789062,42
2026-05-11 05:47:00+00:00,80.51000213623047,80.51000213623047,80.44499969482422,80.4749984741211,14
2026-05-11 05:48:00+00:00,80.61000061035156,80.61000061035156,80.54000091552734,80.54499816894531,7
2026-05-11 05:49:00+00:00,80.63500213623047,80.7249984741211,80.63500213623047,80.6500015258789,16
2026-05-11 05:50:00+00:00,80.55999755859375,80.65499877929688,80.55999755859375,80.6500015258789,9
2026-05-11 05:51:00+00:00,80.50499725341797,80.61000061035156,80.5,80.61000061035156,28
2026-05-11 05:52:00+00:00,80.49500274658203,80.51000213623047,80.43499755859375,80.45500183105469,17
2026-05-11 05:53:00+00:00,80.55999755859375,80.56500244140625,80.48500061035156,80.56500244140625,31
2026-05-11 05:54:00+00:00,80.58000183105469,80.5999984741211,80.58000183105469,80.5999984741211,2
2026-05-11 05:55:00+00:00,80.31999969482422,80.44000244140625,80.31500244140625,80.44000244140625,66
2026-05-11 05:56:00+00:00,80.30999755859375,80.37000274658203,80.2750015258789,80.30000305175781,29
2026-05-11 05:57:00+00:00,80.50499725341797,80.50499725341797,80.31999969482422,80.32499694824219,56
2026-05-11 05:58:00+00:00,80.3949966430664,80.5,80.38500213623047,80.45500183105469,36
2026-05-11 05:59:00+00:00,80.3949966430664,80.4800033569336,80.3949966430664,80.41999816894531,14
2026-05-11 06:00:00+00:00,80.51499938964844,80.51499938964844,80.4000015258789,80.43000030517578,24
2026-05-11 06:01:00+00:00,80.53500366210938,80.55500030517578,80.4800033569336,80.50499725341797,20
2026-05-11 06:02:00+00:00,80.55999755859375,80.55999755859375,80.4800033569336,80.52999877929688,13
2026-05-11 06:03:00+00:00,80.625,80.625,80.5199966430664,80.5199966430664,38
2026-05-11 06:04:00+00:00,80.69499969482422,80.7300033569336,80.6500015258789,80.6500015258789,29
2026-05-11 06:05:00+00:00,80.7300033569336,80.7300033569336,80.69000244140625,80.70500183105469,5
2026-05-11 06:06:00+00:00,80.68499755859375,80.73500061035156,80.62000274658203,80.73500061035156,30
2026-05-11 06:07:00+00:00,80.65499877929688,80.69000244140625,80.59500122070312,80.66999816894531,26
2026-05-11 06:08:00+00:00,80.77999877929688,80.77999877929688,80.63999938964844,80.69000244140625,28
2026-05-11 06:09:00+00:00,80.76499938964844,80.7750015258789,80.71499633789062,80.7750015258789,8
2026-05-11 06:10:00+00:00,80.72000122070312,80.79000091552734,80.72000122070312,80.75499725341797,15
2026-05-11 06:11:00+00:00,80.69499969482422,80.7750015258789,80.69499969482422,80.75499725341797,15
2026-05-11 06:12:00+00:00,80.82499694824219,80.84500122070312,80.71499633789062,80.7249984741211,35
2026-05-11 06:13:00+00:00,80.8550033569336,80.8550033569336,80.7699966430664,80.80000305175781,27
2026-05-11 06:14:00+00:00,80.80999755859375,80.87999725341797,80.80999755859375,80.83000183105469,14
2026-05-11 06:15:00+00:00,80.86000061035156,80.8949966430664,80.80500030517578,80.80500030517578,20
2026-05-11 06:16:00+00:00,80.9000015258789,80.9000015258789,80.81500244140625,80.8499984741211,9
2026-05-11 06:17:00+00:00,80.87000274658203,80.875,80.83000183105469,80.875,7
2026-05-11 06:18:00+00:00,80.83999633789062,80.86000061035156,80.82499694824219,80.82499694824219,11
2026-05-11 06:19:00+00:00,80.83499908447266,80.8499984741211,80.82499694824219,80.8499984741211,4
2026-05-11 06:20:00+00:00,80.9000015258789,80.93000030517578,80.78500366210938,80.80000305175781,16
2026-05-11 06:21:00+00:00,80.83000183105469,80.90499877929688,80.83000183105469,80.8949966430664,13
2026-05-11 06:22:00+00:00,80.80500030517578,80.81999969482422,80.77999877929688,80.80500030517578,10
2026-05-11 06:23:00+00:00,80.86499786376953,80.9000015258789,80.83499908447266,80.86499786376953,17
2026-05-11 06:24:00+00:00,80.875,80.88500213623047,80.84500122070312,80.86499786376953,10
2026-05-11 06:25:00+00:00,80.90499877929688,80.90499877929688,80.83000183105469,80.88500213623047,26
2026-05-11 06:26:00+00:00,80.94000244140625,80.98999786376953,80.91500091552734,80.91999816894531,37
2026-05-11 06:27:00+00:00,80.94499969482422,80.94499969482422,80.93499755859375,80.93499755859375,4
2026-05-11 06:28:00+00:00,80.87999725341797,80.95999908447266,80.87999725341797,80.91000366210938,14
2026-05-11 06:29:00+00:00,80.94499969482422,80.94499969482422,80.9000015258789,80.91500091552734,15
2026-05-11 06:30:00+00:00,81.08000183105469,81.16500091552734,80.98999786376953,81.0,86
2026-05-11 06:31:00+00:00,81.0199966430664,81.05999755859375,81.0199966430664,81.05999755859375,18
2026-05-11 06:32:00+00:00,81.04000091552734,81.05000305175781,81.04000091552734,81.04000091552734,10
2026-05-11 06:33:00+00:00,81.08499908447266,81.08499908447266,81.04000091552734,81.04499816894531,14
2026-05-11 06:34:00+00:00,80.94999694824219,81.07499694824219,80.94999694824219,81.06999969482422,8
2026-05-11 06:35:00+00:00,80.96499633789062,81.0,80.93499755859375,80.94999694824219,9
2026-05-11 06:36:00+00:00,81.03500366210938,81.05500030517578,81.00499725341797,81.00499725341797,11
2026-05-11 06:37:00+00:00,81.01499938964844,81.06500244140625,81.01499938964844,81.06500244140625,10
2026-05-11 06:38:00+00:00,81.06500244140625,81.08499908447266,81.01000213623047,81.01000213623047,18
2026-05-11 06:39:00+00:00,81.0199966430664,81.0199966430664,80.99500274658203,81.00499725341797,25
2026-05-11 06:40:00+00:00,81.0,81.0199966430664,81.0,81.0199966430664,3
2026-05-11 06:41:00+00:00,80.96499633789062,80.98999786376953,80.92500305175781,80.98999786376953,13
2026-05-11 06:42:00+00:00,80.9800033569336,80.9800033569336,80.94499969482422,80.9800033569336,15
2026-05-11 06:43:00+00:00,81.06500244140625,81.06500244140625,80.9749984741211,80.9749984741211,8
2026-05-11 06:44:00+00:00,81.05000305175781,81.07499694824219,81.04499816894531,81.04499816894531,11
2026-05-11 06:45:00+00:00,81.05000305175781,81.05000305175781,80.98999786376953,81.03500366210938,15
2026-05-11 06:46:00+00:00,81.05999755859375,81.05999755859375,81.05999755859375,81.05999755859375,1
2026-05-11 06:47:00+00:00,81.04000091552734,81.06500244140625,81.0199966430664,81.04000091552734,17
2026-05-11 06:48:00+00:00,81.12999725341797,81.12999725341797,81.08000183105469,81.08000183105469,21
2026-05-11 06:49:00+00:00,81.1050033569336,81.13500213623047,81.1050033569336,81.12999725341797,11
2026-05-11 06:50:00+00:00,81.05000305175781,81.125,81.02999877929688,81.09500122070312,9
2026-05-11 06:51:00+00:00,81.12000274658203,81.12000274658203,81.05999755859375,81.06999969482422,5
2026-05-11 06:52:00+00:00,81.25,81.25,81.13999938964844,81.13999938964844,28
2026-05-11 06:53:00+00:00,81.20999908447266,81.29000091552734,81.20999908447266,81.25499725341797,38
2026-05-11 06:54:00+00:00,81.19999694824219,81.23500061035156,81.19999694824219,81.23500061035156,4
2026-05-11 06:55:00+00:00,81.18499755859375,81.2249984741211,81.16999816894531,81.19999694824219,17
2026-05-11 06:56:00+00:00,81.19000244140625,81.21499633789062,81.19000244140625,81.19000244140625,4
2026-05-11 06:57:00+00:00,81.19999694824219,81.19999694824219,81.15499877929688,81.15499877929688,3
2026-05-11 06:58:00+00:00,81.16500091552734,81.20999908447266,81.16500091552734,81.20999908447266,17
2026-05-11 06:59:00+00:00,81.16000366210938,81.19499969482422,81.1449966430664,81.1500015258789,27
2026-05-11 07:00:00+00:00,81.1050033569336,81.2300033569336,81.1050033569336,81.1500015258789,23
2026-05-11 07:01:00+00:00,81.07499694824219,81.125,81.06999969482422,81.06999969482422,8
2026-05-11 07:02:00+00:00,81.05000305175781,81.11499786376953,81.05000305175781,81.11499786376953,3
2026-05-11 07:03:00+00:00,81.07499694824219,81.07499694824219,81.0250015258789,81.07499694824219,7
2026-05-11 07:04:00+00:00,81.08000183105469,81.08000183105469,81.07499694824219,81.07499694824219,2
2026-05-11 07:05:00+00:00,81.0250015258789,81.0250015258789,81.0199966430664,81.0199966430664,3
2026-05-11 07:06:00+00:00,81.02999877929688,81.05500030517578,81.01499938964844,81.05500030517578,5
2026-05-11 07:07:00+00:00,81.03500366210938,81.03500366210938,81.01000213623047,81.01000213623047,4
2026-05-11 07:08:00+00:00,81.0199966430664,81.06999969482422,80.98999786376953,81.05000305175781,11
2026-05-11 07:09:00+00:00,81.02999877929688,81.02999877929688,80.9749984741211,81.0,14
2026-05-11 07:10:00+00:00,81.05999755859375,81.06999969482422,81.01499938964844,81.0250015258789,8
2026-05-11 07:11:00+00:00,81.04499816894531,81.08999633789062,81.03500366210938,81.05999755859375,10
2026-05-11 07:12:00+00:00,81.00499725341797,81.0199966430664,80.98999786376953,81.0199966430664,11
2026-05-11 07:13:00+00:00,80.99500274658203,80.99500274658203,80.97000122070312,80.99500274658203,7
2026-05-11 07:14:00+00:00,80.9800033569336,81.00499725341797,80.91999816894531,80.99500274658203,34
2026-05-11 07:15:00+00:00,80.97000122070312,80.98999786376953,80.94999694824219,80.97000122070312,7
2026-05-11 07:16:00+00:00,80.95999908447266,80.98999786376953,80.95999908447266,80.98999786376953,3
2026-05-11 07:17:00+00:00,80.95999908447266,80.9749984741211,80.95999908447266,80.9749984741211,2
2026-05-11 07:18:00+00:00,80.96499633789062,80.96499633789062,80.92500305175781,80.92500305175781,5
2026-05-11 07:19:00+00:00,80.96499633789062,80.96499633789062,80.96499633789062,80.96499633789062,7
2026-05-11 07:20:00+00:00,80.9749984741211,80.98999786376953,80.9749984741211,80.9749984741211,4
2026-05-11 07:21:00+00:00,80.9749984741211,80.9749984741211,80.94999694824219,80.95999908447266,3
2026-05-11 07:22:00+00:00,81.04000091552734,81.04000091552734,81.0199966430664,81.02999877929688,16
2026-05-11 07:23:00+00:00,81.07499694824219,81.08999633789062,81.0250015258789,81.02999877929688,17
2026-05-11 07:24:00+00:00,81.05999755859375,81.05999755859375,81.05999755859375,81.05999755859375,1
2026-05-11 07:25:00+00:00,81.13999938964844,81.1449966430664,81.08999633789062,81.08999633789062,25
2026-05-11 07:26:00+00:00,81.06500244140625,81.13500213623047,81.06500244140625,81.13500213623047,23
2026-05-11 07:27:00+00:00,81.08000183105469,81.12999725341797,81.06500244140625,81.11000061035156,19
2026-05-11 07:28:00+00:00,81.08000183105469,81.08999633789062,81.06500244140625,81.06500244140625,18
2026-05-11 07:29:00+00:00,81.07499694824219,81.07499694824219,81.05000305175781,81.06500244140625,6
2026-05-11 07:30:00+00:00,81.12000274658203,81.125,81.0999984741211,81.1050033569336,11
2026-05-11 07:31:00+00:00,81.02999877929688,81.08999633789062,81.02999877929688,81.08999633789062,8
2026-05-11 07:32:00+00:00,81.01000213623047,81.0199966430664,81.01000213623047,81.0199966430664,2
2026-05-11 07:33:00+00:00,80.93499755859375,80.9800033569336,80.93000030517578,80.96499633789062,17
2026-05-11 07:34:00+00:00,80.94499969482422,80.94499969482422,80.91999816894531,80.91999816894531,8
2026-05-11 07:35:00+00:00,80.88999938964844,80.91000366210938,80.88500213623047,80.91000366210938,5
2026-05-11 07:36:00+00:00,80.94000244140625,80.95500183105469,80.88999938964844,80.91500091552734,13
2026-05-11 07:37:00+00:00,80.93000030517578,80.94000244140625,80.91999816894531,80.91999816894531,3
2026-05-11 07:38:00+00:00,80.9749984741211,80.98999786376953,80.96499633789062,80.96499633789062,15
2026-05-11 07:39:00+00:00,80.9000015258789,80.97000122070312,80.8949966430664,80.97000122070312,16
2026-05-11 07:40:00+00:00,80.9800033569336,80.9800033569336,80.94499969482422,80.94499969482422,3
2026-05-11 07:41:00+00:00,81.02999877929688,81.06999969482422,80.98999786376953,80.98999786376953,26
2026-05-11 07:42:00+00:00,80.99500274658203,81.02999877929688,80.98999786376953,81.02999877929688,3
2026-05-11 07:43:00+00:00,80.96499633789062,80.96499633789062,80.96499633789062,80.96499633789062,1
2026-05-11 07:44:00+00:00,80.94499969482422,80.9800033569336,80.94000244140625,80.95999908447266,21
2026-05-11 07:45:00+00:00,80.9000015258789,80.93000030517578,80.9000015258789,80.93000030517578,12
2026-05-11 07:46:00+00:00,80.87000274658203,80.9000015258789,80.87000274658203,80.9000015258789,8
2026-05-11 07:47:00+00:00,80.76000213623047,80.83499908447266,80.72000122070312,80.83000183105469,42
2026-05-11 07:48:00+00:00,80.76000213623047,80.79000091552734,80.76000213623047,80.76499938964844,6
2026-05-11 07:49:00+00:00,80.80000305175781,80.80000305175781,80.75,80.75,7
2026-05-11 07:50:00+00:00,80.80000305175781,80.80000305175781,80.77999877929688,80.78500366210938,5
2026-05-11 07:51:00+00:00,80.79499816894531,80.79499816894531,80.7750015258789,80.7750015258789,4
2026-05-11 07:52:00+00:00,80.75,80.82499694824219,80.75,80.82499694824219,3
2026-05-11 07:53:00+00:00,80.875,80.87999725341797,80.75,80.75,16
2026-05-11 07:55:00+00:00,80.83499908447266,80.83499908447266,80.83499908447266,80.83499908447266,10
2026-05-11 07:56:00+00:00,80.83000183105469,80.84500122070312,80.83000183105469,80.84500122070312,12
2026-05-11 07:57:00+00:00,80.84500122070312,80.84500122070312,80.80999755859375,80.80999755859375,3
2026-05-11 07:58:00+00:00,80.79000091552734,80.83000183105469,80.79000091552734,80.83000183105469,3
2026-05-11 07:59:00+00:00,80.83499908447266,80.83499908447266,80.7750015258789,80.7750015258789,5
2026-05-11 08:00:00+00:00,80.84500122070312,80.86000061035156,80.83999633789062,80.8550033569336,12
2026-05-11 08:02:00+00:00,80.83499908447266,80.9000015258789,80.83499908447266,80.9000015258789,16
2026-05-11 08:03:00+00:00,80.7750015258789,80.86499786376953,80.76000213623047,80.86499786376953,11
2026-05-11 08:04:00+00:00,80.91500091552734,80.91500091552734,80.83999633789062,80.83999633789062,8
2026-05-11 08:05:00+00:00,81.0199966430664,81.02999877929688,80.91500091552734,80.91500091552734,25
2026-05-11 08:06:00+00:00,80.95500183105469,81.03500366210938,80.92500305175781,81.02999877929688,34
2026-05-11 08:07:00+00:00,80.98500061035156,80.98500061035156,80.92500305175781,80.92500305175781,13
2026-05-11 08:08:00+00:00,80.88999938964844,80.95500183105469,80.86000061035156,80.95500183105469,25
2026-05-11 08:09:00+00:00,80.80000305175781,80.83000183105469,80.80000305175781,80.83000183105469,6
2026-05-11 08:10:00+00:00,80.91000366210938,80.91000366210938,80.75499725341797,80.75499725341797,18
2026-05-11 08:11:00+00:00,81.00499725341797,81.00499725341797,80.93000030517578,80.93000030517578,14
2026-05-11 08:12:00+00:00,81.04499816894531,81.05000305175781,81.0,81.0,13
2026-05-11 08:13:00+00:00,81.07499694824219,81.07499694824219,81.07499694824219,81.07499694824219,1
2026-05-11 08:14:00+00:00,81.05000305175781,81.06500244140625,81.03500366210938,81.06500244140625,3
2026-05-11 08:15:00+00:00,81.11000061035156,81.11000061035156,81.03500366210938,81.03500366210938,4
2026-05-11 08:16:00+00:00,81.09500122070312,81.1050033569336,81.05999755859375,81.09500122070312,22
2026-05-11 08:18:00+00:00,81.0999984741211,81.12000274658203,81.09500122070312,81.09500122070312,6
2026-05-11 08:19:00+00:00,81.13999938964844,81.16000366210938,81.11499786376953,81.11499786376953,16
2026-05-11 08:20:00+00:00,81.07499694824219,81.19999694824219,81.07499694824219,81.13999938964844,47
2026-05-11 08:21:00+00:00,81.19499969482422,81.2249984741211,81.06500244140625,81.06500244140625,17
2026-05-11 08:22:00+00:00,81.18000030517578,81.23500061035156,81.18000030517578,81.23500061035156,42
2026-05-11 08:23:00+00:00,81.15499877929688,81.16500091552734,81.11000061035156,81.13999938964844,14
2026-05-11 08:24:00+00:00,81.11499786376953,81.16000366210938,81.11499786376953,81.16000366210938,3
2026-05-11 08:25:00+00:00,81.12999725341797,81.12999725341797,81.1050033569336,81.11499786376953,8
2026-05-11 08:26:00+00:00,81.06999969482422,81.08999633789062,81.05500030517578,81.08499908447266,19
2026-05-11 08:27:00+00:00,81.05999755859375,81.05999755859375,81.05999755859375,81.05999755859375,2
2026-05-11 08:28:00+00:00,81.06500244140625,81.06500244140625,81.06500244140625,81.06500244140625,1
2026-05-11 08:29:00+00:00,80.95500183105469,81.01499938964844,80.95500183105469,81.01499938964844,20
2026-05-11 08:30:00+00:00,80.98500061035156,80.98500061035156,80.93000030517578,80.93000030517578,4
2026-05-11 08:31:00+00:00,81.0,81.0,81.0,81.0,1
2026-05-11 08:32:00+00:00,81.06500244140625,81.06500244140625,81.05000305175781,81.05500030517578,3
2026-05-11 08:33:00+00:00,81.03500366210938,81.04000091552734,81.03500366210938,81.04000091552734,2
2026-05-11 08:34:00+00:00,81.02999877929688,81.04499816894531,81.02999877929688,81.04499816894531,3
2026-05-11 08:35:00+00:00,80.95500183105469,81.04499816894531,80.95500183105469,81.0199966430664,19
2026-05-11 08:36:00+00:00,80.98500061035156,80.98999786376953,80.9749984741211,80.98999786376953,4
2026-05-11 08:37:00+00:00,81.02999877929688,81.02999877929688,81.00499725341797,81.0199966430664,8
2026-05-11 08:38:00+00:00,81.00499725341797,81.00499725341797,81.00499725341797,81.00499725341797,2
2026-05-11 08:39:00+00:00,80.92500305175781,80.95500183105469,80.92500305175781,80.95500183105469,7
2026-05-11 08:40:00+00:00,80.97000122070312,80.97000122070312,80.97000122070312,80.97000122070312,1
2026-05-11 08:41:00+00:00,80.94499969482422,80.95999908447266,80.94000244140625,80.95999908447266,31
2026-05-11 08:43:00+00:00,80.97000122070312,80.98999786376953,80.97000122070312,80.98999786376953,19
2026-05-11 08:44:00+00:00,80.95500183105469,80.95500183105469,80.95500183105469,80.95500183105469,7
2026-05-11 08:45:00+00:00,80.95999908447266,80.95999908447266,80.95999908447266,80.95999908447266,2
2026-05-11 08:46:00+00:00,80.93499755859375,80.95500183105469,80.91500091552734,80.95500183105469,8
2026-05-11 08:47:00+00:00,80.87999725341797,80.95999908447266,80.87999725341797,80.95999908447266,7
2026-05-11 08:48:00+00:00,80.91000366210938,80.91999816894531,80.91000366210938,80.91999816894531,4
2026-05-11 08:49:00+00:00,80.94499969482422,80.94499969482422,80.91999816894531,80.91999816894531,8
2026-05-11 08:50:00+00:00,80.91999816894531,80.94499969482422,80.87999725341797,80.94499969482422,6
2026-05-11 08:52:00+00:00,80.91500091552734,80.91500091552734,80.91500091552734,80.91500091552734,1
2026-05-11 08:53:00+00:00,80.8949966430664,80.91000366210938,80.88999938964844,80.91000366210938,7
2026-05-11 08:54:00+00:00,80.88999938964844,80.9000015258789,80.87000274658203,80.88999938964844,37
2026-05-11 08:56:00+00:00,80.8949966430664,80.8949966430664,80.8949966430664,80.8949966430664,3
2026-05-11 08:57:00+00:00,80.84500122070312,80.84500122070312,80.84500122070312,80.84500122070312,20
2026-05-11 08:58:00+00:00,80.8949966430664,80.8949966430664,80.8499984741211,80.86000061035156,9
2026-05-11 08:59:00+00:00,80.81999969482422,80.9000015258789,80.81999969482422,80.88999938964844,25
2026-05-11 09:00:00+00:00,80.73999786376953,80.81999969482422,80.69000244140625,80.81999969482422,51
2026-05-11 09:01:00+00:00,80.78500366210938,80.78500366210938,80.76499938964844,80.77999877929688,10
2026-05-11 09:02:00+00:00,80.82499694824219,80.82499694824219,80.80000305175781,80.80000305175781,5
2026-05-11 09:03:00+00:00,80.81500244140625,80.81500244140625,80.77999877929688,80.77999877929688,5
2026-05-11 09:04:00+00:00,80.80000305175781,80.80500030517578,80.80000305175781,80.80500030517578,2
2026-05-11 09:05:00+00:00,80.76499938964844,80.83499908447266,80.76499938964844,80.80999755859375,15
2026-05-11 09:06:00+00:00,80.80500030517578,80.82499694824219,80.80000305175781,80.80000305175781,8
2026-05-11 09:07:00+00:00,80.80000305175781,80.80000305175781,80.80000305175781,80.80000305175781,1
2026-05-11 09:08:00+00:00,80.79499816894531,80.79499816894531,80.79499816894531,80.79499816894531,1
2026-05-11 09:09:00+00:00,80.76499938964844,80.76499938964844,80.76499938964844,80.76499938964844,2
2026-05-11 09:10:00+00:00,80.79499816894531,80.79499816894531,80.79499816894531,80.79499816894531,1
2026-05-11 09:11:00+00:00,80.79499816894531,80.80999755859375,80.79499816894531,80.79499816894531,6
2026-05-11 09:12:00+00:00,80.84500122070312,80.84500122070312,80.82499694824219,80.82499694824219,8
2026-05-11 09:13:00+00:00,80.83000183105469,80.83000183105469,80.81999969482422,80.81999969482422,3
2026-05-11 09:14:00+00:00,80.8499984741211,80.86000061035156,80.8499984741211,80.8550033569336,8
2026-05-11 09:15:00+00:00,80.87999725341797,80.87999725341797,80.87999725341797,80.87999725341797,1
2026-05-11 09:16:00+00:00,80.8550033569336,80.87999725341797,80.8550033569336,80.875,5
2026-05-11 09:17:00+00:00,80.86000061035156,80.86000061035156,80.83999633789062,80.83999633789062,3
2026-05-11 09:18:00+00:00,80.86499786376953,80.86499786376953,80.86499786376953,80.86499786376953,1
2026-05-11 09:19:00+00:00,80.83999633789062,80.83999633789062,80.83999633789062,80.83999633789062,1
2026-05-11 09:20:00+00:00,80.82499694824219,80.8550033569336,80.81999969482422,80.81999969482422,11
2026-05-11 09:21:00+00:00,80.77999877929688,80.83000183105469,80.77999877929688,80.83000183105469,15
2026-05-11 09:22:00+00:00,80.77999877929688,80.79000091552734,80.77999877929688,80.78500366210938,6
2026-05-11 09:23:00+00:00,80.76000213623047,80.76000213623047,80.75,80.75,3
2026-05-11 09:24:00+00:00,80.68000030517578,80.7699966430664,80.68000030517578,80.7699966430664,12
2026-05-11 09:25:00+00:00,80.68000030517578,80.7249984741211,80.68000030517578,80.70999908447266,11
2026-05-11 09:26:00+00:00,80.71499633789062,80.71499633789062,80.68499755859375,80.69499969482422,10
2026-05-11 09:27:00+00:00,80.74500274658203,80.74500274658203,80.74500274658203,80.74500274658203,1
2026-05-11 09:28:00+00:00,80.69999694824219,80.69999694824219,80.69999694824219,80.69999694824219,2
2026-05-11 09:29:00+00:00,80.70500183105469,80.70500183105469,80.70500183105469,80.70500183105469,5
2026-05-11 09:30:00+00:00,80.66999816894531,80.7249984741211,80.66000366210938,80.69000244140625,30
2026-05-11 09:31:00+00:00,80.6050033569336,80.67500305175781,80.58000183105469,80.67500305175781,40
2026-05-11 09:32:00+00:00,80.63500213623047,80.63999938964844,80.63500213623047,80.63999938964844,7
2026-05-11 09:33:00+00:00,80.58499908447266,80.63500213623047,80.56999969482422,80.63500213623047,14
2026-05-11 09:34:00+00:00,80.61499786376953,80.625,80.61499786376953,80.625,3
2026-05-11 09:35:00+00:00,80.71499633789062,80.71499633789062,80.6449966430664,80.6449966430664,11
2026-05-11 09:36:00+00:00,80.69499969482422,80.69499969482422,80.67500305175781,80.69499969482422,12
2026-05-11 09:37:00+00:00,80.72000122070312,80.72000122070312,80.68499755859375,80.68499755859375,11
2026-05-11 09:38:00+00:00,80.75499725341797,80.75499725341797,80.7249984741211,80.75,4
2026-05-11 09:39:00+00:00,80.76000213623047,80.76000213623047,80.75499725341797,80.75499725341797,7
2026-05-11 09:40:00+00:00,80.74500274658203,80.74500274658203,80.74500274658203,80.74500274658203,1
2026-05-11 09:41:00+00:00,80.80000305175781,80.80000305175781,80.7249984741211,80.73999786376953,16
2026-05-11 09:42:00+00:00,80.7750015258789,80.80500030517578,80.7750015258789,80.78500366210938,9
2026-05-11 09:43:00+00:00,80.82499694824219,80.82499694824219,80.82499694824219,80.82499694824219,1
2026-05-11 09:44:00+00:00,80.87999725341797,80.87999725341797,80.81500244140625,80.83000183105469,39
2026-05-11 09:45:00+00:00,80.87999725341797,80.87999725341797,80.83000183105469,80.86499786376953,13
2026-05-11 09:46:00+00:00,80.90499877929688,80.95500183105469,80.88999938964844,80.88999938964844,21
2026-05-11 09:47:00+00:00,80.9000015258789,80.91500091552734,80.9000015258789,80.90499877929688,14
2026-05-11 09:48:00+00:00,80.9000015258789,80.91999816894531,80.87999725341797,80.91999816894531,5
2026-05-11 09:49:00+00:00,80.8550033569336,80.88999938964844,80.8550033569336,80.88999938964844,4
2026-05-11 09:51:00+00:00,80.76499938964844,80.86499786376953,80.76499938964844,80.86499786376953,7
2026-05-11 09:52:00+00:00,80.83000183105469,80.83000183105469,80.80500030517578,80.80500030517578,8
2026-05-11 09:54:00+00:00,80.81500244140625,80.81500244140625,80.81500244140625,80.81500244140625,2
2026-05-11 09:55:00+00:00,80.78500366210938,80.78500366210938,80.78500366210938,80.78500366210938,6
2026-05-11 09:56:00+00:00,80.76000213623047,80.76499938964844,80.73500061035156,80.76499938964844,5
2026-05-11 09:57:00+00:00,80.75499725341797,80.75499725341797,80.75499725341797,80.75499725341797,1
2026-05-11 09:58:00+00:00,80.69499969482422,80.76000213623047,80.68499755859375,80.71499633789062,12
2026-05-11 09:59:00+00:00,80.71499633789062,80.71499633789062,80.70999908447266,80.70999908447266,3
2026-05-11 10:00:00+00:00,80.7300033569336,80.7300033569336,80.69000244140625,80.69000244140625,3
2026-05-11 10:01:00+00:00,80.76000213623047,80.78500366210938,80.74500274658203,80.74500274658203,7
2026-05-11 10:02:00+00:00,80.76499938964844,80.76499938964844,80.75499725341797,80.75499725341797,2
2026-05-11 10:03:00+00:00,80.75,80.75,80.75,80.75,1
2026-05-11 10:07:00+00:00,80.72000122070312,80.74500274658203,80.72000122070312,80.74500274658203,3
2026-05-11 10:08:00+00:00,80.7750015258789,80.7750015258789,80.73999786376953,80.73999786376953,3
2026-05-11 10:09:00+00:00,80.78500366210938,80.78500366210938,80.77999877929688,80.77999877929688,3
2026-05-11 10:10:00+00:00,80.83000183105469,80.83000183105469,80.83000183105469,80.83000183105469,3
2026-05-11 10:11:00+00:00,80.79499816894531,80.80999755859375,80.77999877929688,80.80999755859375,9
2026-05-11 10:13:00+00:00,80.76499938964844,80.76499938964844,80.76499938964844,80.76499938964844,1
2026-05-11 10:14:00+00:00,80.80500030517578,80.80500030517578,80.79000091552734,80.79000091552734,6
2026-05-11 10:15:00+00:00,80.79000091552734,80.81999969482422,80.79000091552734,80.81999969482422,4
2026-05-11 10:16:00+00:00,80.80999755859375,80.8499984741211,80.80999755859375,80.83999633789062,9
2026-05-11 10:17:00+00:00,80.8499984741211,80.87000274658203,80.8499984741211,80.86499786376953,9
2026-05-11 10:18:00+00:00,80.87999725341797,80.87999725341797,80.87999725341797,80.87999725341797,1
2026-05-11 10:20:00+00:00,80.83000183105469,80.87000274658203,80.80999755859375,80.87000274658203,21
2026-05-11 10:21:00+00:00,80.88999938964844,80.88999938964844,80.79499816894531,80.80999755859375,41
2026-05-11 10:22:00+00:00,80.91500091552734,80.93000030517578,80.90499877929688,80.90499877929688,6
2026-05-11 10:23:00+00:00,80.93000030517578,80.93000030517578,80.8949966430664,80.8949966430664,4
2026-05-11 10:24:00+00:00,80.94499969482422,80.94499969482422,80.92500305175781,80.93499755859375,3
2026-05-11 10:25:00+00:00,80.98500061035156,80.98999786376953,80.94499969482422,80.94499969482422,15
2026-05-11 10:26:00+00:00,80.99500274658203,81.00499725341797,80.96499633789062,81.0,13
2026-05-11 10:27:00+00:00,80.97000122070312,80.98999786376953,80.97000122070312,80.98999786376953,3
2026-05-11 10:28:00+00:00,80.95999908447266,80.95999908447266,80.94999694824219,80.94999694824219,2
2026-05-11 10:29:00+00:00,80.93499755859375,80.95999908447266,80.93499755859375,80.94999694824219,5
2026-05-11 10:30:00+00:00,81.00499725341797,81.0199966430664,80.94999694824219,80.94999694824219,15
2026-05-11 10:31:00+00:00,81.08499908447266,81.12000274658203,81.01000213623047,81.03500366210938,25
2026-05-11 10:32:00+00:00,81.12000274658203,81.12000274658203,81.09500122070312,81.1050033569336,13
2026-05-11 10:33:00+00:00,81.1050033569336,81.12000274658203,81.1050033569336,81.11499786376953,7
2026-05-11 10:34:00+00:00,81.0999984741211,81.1050033569336,81.08999633789062,81.1050033569336,5
2026-05-11 10:35:00+00:00,81.07499694824219,81.0999984741211,81.05000305175781,81.0999984741211,17
2026-05-11 10:36:00+00:00,81.0199966430664,81.08499908447266,81.0199966430664,81.07499694824219,7
2026-05-11 10:37:00+00:00,80.98500061035156,81.06999969482422,80.98500061035156,81.06999969482422,12
2026-05-11 10:38:00+00:00,80.9800033569336,81.02999877929688,80.9749984741211,81.01000213623047,31
2026-05-11 10:39:00+00:00,80.95500183105469,80.95500183105469,80.91000366210938,80.95500183105469,17
2026-05-11 10:40:00+00:00,80.95500183105469,81.01000213623047,80.95500183105469,81.0,8
2026-05-11 10:41:00+00:00,81.0,81.0,80.94499969482422,80.96499633789062,5
2026-05-11 10:42:00+00:00,80.98500061035156,81.0,80.98500061035156,81.0,5
2026-05-11 10:43:00+00:00,80.9800033569336,80.9800033569336,80.9800033569336,80.9800033569336,1
2026-05-11 10:44:00+00:00,81.05000305175781,81.05000305175781,81.0250015258789,81.0250015258789,15
2026-05-11 10:45:00+00:00,81.05000305175781,81.05999755859375,81.02999877929688,81.05999755859375,4
2026-05-11 10:46:00+00:00,80.99500274658203,81.0,80.9749984741211,80.99500274658203,13
2026-05-11 10:47:00+00:00,81.01499938964844,81.01499938964844,80.91000366210938,80.95999908447266,28
2026-05-11 10:48:00+00:00,81.0250015258789,81.0250015258789,81.01000213623047,81.0199966430664,6
2026-05-11 10:49:00+00:00,81.05000305175781,81.06500244140625,81.04000091552734,81.05500030517578,5
2026-05-11 10:50:00+00:00,81.05000305175781,81.05000305175781,81.05000305175781,81.05000305175781,2
2026-05-11 10:52:00+00:00,81.12000274658203,81.12000274658203,81.08999633789062,81.08999633789062,2
2026-05-11 10:53:00+00:00,81.0999984741211,81.12999725341797,81.09500122070312,81.12999725341797,5
2026-05-11 10:54:00+00:00,81.08499908447266,81.08499908447266,81.07499694824219,81.07499694824219,2
2026-05-11 10:55:00+00:00,81.05500030517578,81.05500030517578,81.05000305175781,81.05500030517578,3
2026-05-11 10:56:00+00:00,80.97000122070312,81.05000305175781,80.97000122070312,81.05000305175781,22
2026-05-11 10:57:00+00:00,80.99500274658203,81.01000213623047,80.9800033569336,80.9800033569336,3
2026-05-11 10:58:00+00:00,80.9749984741211,80.98500061035156,80.94999694824219,80.94999694824219,6
2026-05-11 10:59:00+00:00,80.96499633789062,80.97000122070312,80.95999908447266,80.95999908447266,3
2026-05-11 11:00:00+00:00,80.94499969482422,81.04000091552734,80.91999816894531,80.94499969482422,81
2026-05-11 11:01:00+00:00,80.98999786376953,81.0,80.95999908447266,80.95999908447266,50
2026-05-11 11:02:00+00:00,80.97000122070312,81.00499725341797,80.97000122070312,81.0,13
2026-05-11 11:03:00+00:00,81.03500366210938,81.03500366210938,80.98999786376953,80.98999786376953,33
2026-05-11 11:04:00+00:00,81.05000305175781,81.07499694824219,80.97000122070312,81.05999755859375,32
2026-05-11 11:05:00+00:00,81.03500366210938,81.08000183105469,81.03500366210938,81.08000183105469,15
2026-05-11 11:06:00+00:00,81.04000091552734,81.04000091552734,81.0199966430664,81.02999877929688,12
2026-05-11 11:07:00+00:00,81.03500366210938,81.05999755859375,81.02999877929688,81.05000305175781,12
2026-05-11 11:08:00+00:00,80.95999908447266,81.02999877929688,80.95999908447266,81.02999877929688,4
2026-05-11 11:09:00+00:00,81.01499938964844,81.01499938964844,81.0,81.0,3
2026-05-11 11:10:00+00:00,81.04499816894531,81.05000305175781,81.03500366210938,81.03500366210938,3
2026-05-11 11:11:00+00:00,81.03500366210938,81.04000091552734,81.01499938964844,81.04000091552734,4
2026-05-11 11:12:00+00:00,80.98500061035156,81.0250015258789,80.97000122070312,81.0199966430664,15
2026-05-11 11:13:00+00:00,81.01499938964844,81.01499938964844,80.98500061035156,80.98500061035156,7
2026-05-11 11:14:00+00:00,81.04499816894531,81.04499816894531,81.03500366210938,81.03500366210938,4
2026-05-11 11:15:00+00:00,80.9749984741211,81.03500366210938,80.9749984741211,81.02999877929688,13
2026-05-11 11:16:00+00:00,80.9800033569336,81.0,80.9800033569336,81.0,4
2026-05-11 11:17:00+00:00,81.00499725341797,81.00499725341797,81.0,81.0,2
2026-05-11 11:18:00+00:00,81.08000183105469,81.08000183105469,81.02999877929688,81.02999877929688,12
2026-05-11 11:19:00+00:00,81.05500030517578,81.0999984741211,81.05500030517578,81.09500122070312,7
2026-05-11 11:20:00+00:00,81.07499694824219,81.07499694824219,81.06500244140625,81.06500244140625,3
2026-05-11 11:21:00+00:00,81.1050033569336,81.1050033569336,81.07499694824219,81.08999633789062,3
2026-05-11 11:23:00+00:00,81.06500244140625,81.125,81.06500244140625,81.125,11
2026-05-11 11:24:00+00:00,81.0999984741211,81.0999984741211,81.08499908447266,81.08499908447266,15
2026-05-11 11:25:00+00:00,81.03500366210938,81.0999984741211,81.03500366210938,81.08499908447266,3
2026-05-11 11:26:00+00:00,81.0199966430664,81.02999877929688,81.0199966430664,81.02999877929688,2
2026-05-11 11:28:00+00:00,81.1449966430664,81.16000366210938,81.08999633789062,81.08999633789062,27
2026-05-11 11:29:00+00:00,81.19499969482422,81.20500183105469,81.125,81.125,28
2026-05-11 11:30:00+00:00,81.26499938964844,81.26499938964844,81.13999938964844,81.20999908447266,56
2026-05-11 11:31:00+00:00,81.37000274658203,81.3949966430664,81.2699966430664,81.2750015258789,127
2026-05-11 11:32:00+00:00,81.37000274658203,81.3949966430664,81.33499908447266,81.37999725341797,58
2026-05-11 11:33:00+00:00,81.4000015258789,81.43000030517578,81.37000274658203,81.4000015258789,71
2026-05-11 11:34:00+00:00,81.44000244140625,81.46499633789062,81.38500213623047,81.3949966430664,33
2026-05-11 11:35:00+00:00,81.44999694824219,81.44999694824219,81.375,81.4000015258789,31
2026-05-11 11:36:00+00:00,81.55000305175781,81.58999633789062,81.46499633789062,81.4800033569336,139
2026-05-11 11:37:00+00:00,81.61499786376953,81.63999938964844,81.56999969482422,81.56999969482422,57
2026-05-11 11:38:00+00:00,81.74500274658203,81.78500366210938,81.57499694824219,81.61000061035156,158
2026-05-11 11:39:00+00:00,81.7699966430664,81.78500366210938,81.69999694824219,81.75,59
2026-05-11 11:40:00+00:00,81.77999877929688,81.81500244140625,81.74500274658203,81.74500274658203,58
2026-05-11 11:41:00+00:00,81.875,81.90499877929688,81.77999877929688,81.77999877929688,99
2026-05-11 11:42:00+00:00,81.94000244140625,81.9749984741211,81.88500213623047,81.91000366210938,81
2026-05-11 11:43:00+00:00,81.86499786376953,81.9800033569336,81.8499984741211,81.95500183105469,26
2026-05-11 11:44:00+00:00,81.78500366210938,81.87000274658203,81.7699966430664,81.87000274658203,36
2026-05-11 11:45:00+00:00,81.83499908447266,81.83499908447266,81.80500030517578,81.80500030517578,13
2026-05-11 11:46:00+00:00,81.73500061035156,81.84500122070312,81.73500061035156,81.84500122070312,22
2026-05-11 11:47:00+00:00,81.75,81.75,81.70999908447266,81.7300033569336,10
2026-05-11 11:48:00+00:00,81.76000213623047,81.76499938964844,81.69499969482422,81.71499633789062,30
2026-05-11 11:49:00+00:00,81.72000122070312,81.7699966430664,81.65499877929688,81.7699966430664,75
2026-05-11 11:50:00+00:00,81.55999755859375,81.70999908447266,81.51499938964844,81.70999908447266,81
2026-05-11 11:51:00+00:00,81.56999969482422,81.56999969482422,81.51499938964844,81.53500366210938,32
2026-05-11 11:52:00+00:00,81.52999877929688,81.52999877929688,81.5250015258789,81.5250015258789,4
2026-05-11 11:53:00+00:00,81.5999984741211,81.5999984741211,81.43000030517578,81.4749984741211,33
2026-05-11 11:54:00+00:00,81.70500183105469,81.70500183105469,81.58000183105469,81.6050033569336,49
2026-05-11 11:55:00+00:00,81.66000366210938,81.71499633789062,81.66000366210938,81.70999908447266,15
2026-05-11 11:56:00+00:00,81.83499908447266,81.83499908447266,81.65499877929688,81.66500091552734,54
2026-05-11 11:57:00+00:00,81.83499908447266,81.86499786376953,81.80500030517578,81.82499694824219,61
2026-05-11 11:58:00+00:00,81.88999938964844,81.88999938964844,81.80000305175781,81.80000305175781,33
2026-05-11 11:59:00+00:00,81.93000030517578,81.94999694824219,81.88500213623047,81.88500213623047,20
2026-05-11 12:00:00+00:00,81.94499969482422,81.98999786376953,81.90499877929688,81.95500183105469,61
2026-05-11 12:01:00+00:00,82.08000183105469,82.11000061035156,81.95999908447266,81.95999908447266,169
2026-05-11 12:02:00+00:00,82.07499694824219,82.11000061035156,82.02999877929688,82.08999633789062,111
2026-05-11 12:03:00+00:00,81.9800033569336,82.07499694824219,81.94499969482422,82.06999969482422,66
2026-05-11 12:04:00+00:00,81.9000015258789,82.00499725341797,81.87999725341797,81.97000122070312,59
2026-05-11 12:05:00+00:00,81.7750015258789,81.93000030517578,81.75499725341797,81.90499877929688,90
2026-05-11 12:06:00+00:00,81.80999755859375,81.80999755859375,81.74500274658203,81.78500366210938,52
2026-05-11 12:07:00+00:00,81.80999755859375,81.81500244140625,81.75,81.81500244140625,46
2026-05-11 12:08:00+00:00,81.84500122070312,81.8550033569336,81.81999969482422,81.83000183105469,20
2026-05-11 12:09:00+00:00,81.80500030517578,81.84500122070312,81.74500274658203,81.82499694824219,48
2026-05-11 12:10:00+00:00,81.76499938964844,81.82499694824219,81.7300033569336,81.79499816894531,43
2026-05-11 12:11:00+00:00,81.71499633789062,81.7750015258789,81.66999816894531,81.7750015258789,40
2026-05-11 12:12:00+00:00,81.78500366210938,81.79499816894531,81.70999908447266,81.70999908447266,37
2026-05-11 12:13:00+00:00,81.73999786376953,81.77999877929688,81.70500183105469,81.77999877929688,24
2026-05-11 12:14:00+00:00,81.75,81.75,81.68499755859375,81.72000122070312,17
2026-05-11 12:15:00+00:00,81.80500030517578,81.8499984741211,81.70999908447266,81.71499633789062,95
2026-05-11 12:16:00+00:00,81.83000183105469,81.8499984741211,81.7699966430664,81.82499694824219,30
2026-05-11 12:17:00+00:00,81.94499969482422,81.98500061035156,81.83499908447266,81.83999633789062,77
2026-05-11 12:18:00+00:00,82.0999984741211,82.11000061035156,81.92500305175781,81.94499969482422,55
2026-05-11 12:19:00+00:00,82.08000183105469,82.11000061035156,82.01000213623047,82.06500244140625,132
2026-05-11 12:20:00+00:00,82.19499969482422,82.23999786376953,82.06500244140625,82.06500244140625,147
2026-05-11 12:21:00+00:00,82.90499877929688,82.96499633789062,82.21499633789062,82.21499633789062,661
2026-05-11 12:22:00+00:00,83.13999938964844,83.1500015258789,82.81999969482422,82.86499786376953,455
2026-05-11 12:23:00+00:00,83.28500366210938,83.37999725341797,83.11499786376953,83.16000366210938,337
2026-05-11 12:24:00+00:00,83.5250015258789,83.58999633789062,83.20500183105469,83.25499725341797,557
2026-05-11 12:25:00+00:00,83.0999984741211,83.54000091552734,83.06999969482422,83.54000091552734,362
2026-05-11 12:26:00+00:00,83.19000244140625,83.2300033569336,83.0250015258789,83.08499908447266,113
2026-05-11 12:27:00+00:00,83.3949966430664,83.5250015258789,83.1500015258789,83.17500305175781,152
2026-05-11 12:28:00+00:00,83.33999633789062,83.48500061035156,83.30999755859375,83.41000366210938,97
2026-05-11 12:29:00+00:00,83.625,83.7300033569336,83.30500030517578,83.33000183105469,225
2026-05-11 12:30:00+00:00,83.69000244140625,83.77999877929688,83.55500030517578,83.625,204
2026-05-11 12:31:00+00:00,83.76000213623047,83.9000015258789,83.70500183105469,83.7300033569336,366
2026-05-11 12:32:00+00:00,83.77999877929688,83.86000061035156,83.71499633789062,83.7699966430664,114
2026-05-11 12:33:00+00:00,83.70999908447266,83.78500366210938,83.68000030517578,83.78500366210938,125
2026-05-11 12:34:00+00:00,83.75499725341797,83.86499786376953,83.62999725341797,83.69000244140625,170
2026-05-11 12:35:00+00:00,83.91500091552734,83.9749984741211,83.7300033569336,83.75499725341797,238
2026-05-11 12:36:00+00:00,83.92500305175781,83.96499633789062,83.8550033569336,83.91500091552734,172
2026-05-11 12:37:00+00:00,83.93000030517578,83.9800033569336,83.86499786376953,83.88500213623047,85
2026-05-11 12:38:00+00:00,83.69000244140625,84.0,83.68499755859375,83.95500183105469,280
2026-05-11 12:39:00+00:00,83.72000122070312,83.75,83.66000366210938,83.72000122070312,108
2026-05-11 12:40:00+00:00,83.625,83.69999694824219,83.61000061035156,83.69999694824219,153
2026-05-11 12:41:00+00:00,83.5199966430664,83.62999725341797,83.5,83.62999725341797,144
2026-05-11 12:42:00+00:00,83.625,83.6500015258789,83.51499938964844,83.5199966430664,79
2026-05-11 12:43:00+00:00,83.57499694824219,83.74500274658203,83.55500030517578,83.62999725341797,113
2026-05-11 12:44:00+00:00,83.54000091552734,83.62999725341797,83.50499725341797,83.58000183105469,155
2026-05-11 12:45:00+00:00,83.79000091552734,83.79000091552734,83.51499938964844,83.51499938964844,373
2026-05-11 12:46:00+00:00,83.66999816894531,83.77999877929688,83.63999938964844,83.76000213623047,231
2026-05-11 12:47:00+00:00,83.53500366210938,83.80999755859375,83.51000213623047,83.67500305175781,221
2026-05-11 12:48:00+00:00,83.66000366210938,83.76000213623047,83.46499633789062,83.53500366210938,213
2026-05-11 12:49:00+00:00,83.68499755859375,83.76000213623047,83.5999984741211,83.625,147
2026-05-11 12:50:00+00:00,83.66999816894531,83.73999786376953,83.63500213623047,83.69000244140625,115
2026-05-11 12:51:00+00:00,83.81999969482422,83.8550033569336,83.69000244140625,83.69499969482422,102
2026-05-11 12:52:00+00:00,83.90499877929688,83.91000366210938,83.80000305175781,83.83000183105469,81
2026-05-11 12:53:00+00:00,84.04499816894531,84.13999938964844,83.8550033569336,83.91000366210938,316
2026-05-11 12:54:00+00:00,84.18000030517578,84.18499755859375,84.00499725341797,84.03500366210938,312
2026-05-11 12:55:00+00:00,84.23999786376953,84.26000213623047,84.0999984741211,84.16999816894531,251
2026-05-11 12:56:00+00:00,84.4749984741211,84.55000305175781,84.2249984741211,84.2300033569336,300
2026-05-11 12:57:00+00:00,84.54499816894531,84.65499877929688,84.45999908447266,84.45999908447266,224
2026-05-11 12:58:00+00:00,84.56500244140625,84.66000366210938,84.50499725341797,84.50499725341797,270
2026-05-11 12:59:00+00:00,84.43499755859375,84.58499908447266,84.3499984741211,84.57499694824219,320
2026-05-11 13:00:00+00:00,84.61499786376953,84.69000244140625,84.30999755859375,84.45500183105469,701
2026-05-11 13:01:00+00:00,84.49500274658203,84.62000274658203,84.44999694824219,84.62000274658203,189
2026-05-11 13:02:00+00:00,84.65499877929688,84.83499908447266,84.5,84.5,211
2026-05-11 13:03:00+00:00,84.67500305175781,84.68499755859375,84.5250015258789,84.63999938964844,246
2026-05-11 13:04:00+00:00,84.95999908447266,84.98500061035156,84.66999816894531,84.68499755859375,192
2026-05-11 13:05:00+00:00,85.1500015258789,85.15499877929688,84.91999816894531,84.96499633789062,252
2026-05-11 13:06:00+00:00,85.23999786376953,85.31999969482422,85.05500030517578,85.13999938964844,242
2026-05-11 13:07:00+00:00,85.29499816894531,85.36000061035156,85.22000122070312,85.23500061035156,252
2026-05-11 13:08:00+00:00,85.54499816894531,85.55500030517578,85.28500366210938,85.30000305175781,336
2026-05-11 13:09:00+00:00,85.69000244140625,85.74500274658203,85.54499816894531,85.54499816894531,440
2026-05-11 13:10:00+00:00,85.48999786376953,85.81999969482422,85.45999908447266,85.69000244140625,586
2026-05-11 13:11:00+00:00,85.34500122070312,85.59500122070312,85.30500030517578,85.48500061035156,239
2026-05-11 13:12:00+00:00,85.55999755859375,85.62000274658203,85.33000183105469,85.36499786376953,291
2026-05-11 13:13:00+00:00,85.77999877929688,85.82499694824219,85.5199966430664,85.56500244140625,236
2026-05-11 13:14:00+00:00,85.86499786376953,85.94999694824219,85.74500274658203,85.76000213623047,230
2026-05-11 13:15:00+00:00,85.68499755859375,85.87999725341797,85.68499755859375,85.875,177
2026-05-11 13:16:00+00:00,85.81999969482422,85.87000274658203,85.61000061035156,85.69499969482422,220
2026-05-11 13:17:00+00:00,85.75,85.86000061035156,85.72000122070312,85.83499908447266,160
2026-05-11 13:18:00+00:00,85.9000015258789,85.95500183105469,85.73999786376953,85.73999786376953,147
2026-05-11 13:19:00+00:00,85.875,85.99500274658203,85.83999633789062,85.91000366210938,104
2026-05-11 13:20:00+00:00,85.93000030517578,86.0,85.81500244140625,85.8550033569336,189
2026-05-11 13:21:00+00:00,85.69999694824219,85.91500091552734,85.67500305175781,85.91500091552734,206
2026-05-11 13:22:00+00:00,85.7300033569336,85.75499725341797,85.58000183105469,85.70500183105469,404
2026-05-11 13:23:00+00:00,85.875,85.93000030517578,85.66500091552734,85.70999908447266,276
2026-05-11 13:24:00+00:00,85.75499725341797,85.92500305175781,85.7300033569336,85.87000274658203,102
2026-05-11 13:25:00+00:00,85.98500061035156,86.0,85.70500183105469,85.70500183105469,245
2026-05-11 13:26:00+00:00,86.08000183105469,86.11499786376953,85.91500091552734,85.93000030517578,282
2026-05-11 13:27:00+00:00,86.05500030517578,86.125,85.98999786376953,86.05000305175781,197
2026-05-11 13:28:00+00:00,85.91999816894531,86.05999755859375,85.87000274658203,86.04499816894531,369
2026-05-11 13:29:00+00:00,85.9749984741211,86.09500122070312,85.88500213623047,85.9000015258789,210
2026-05-11 13:30:00+00:00,85.91000366210938,86.04000091552734,85.80000305175781,85.99500274658203,221
2026-05-11 13:31:00+00:00,86.13999938964844,86.16999816894531,85.87999725341797,85.91500091552734,154
2026-05-11 13:32:00+00:00,86.05500030517578,86.19999694824219,85.9749984741211,86.15499877929688,118
2026-05-11 13:33:00+00:00,86.11499786376953,86.19999694824219,86.05500030517578,86.06999969482422,213
2026-05-11 13:34:00+00:00,86.07499694824219,86.19499969482422,86.01000213623047,86.12999725341797,147
2026-05-11 13:35:00+00:00,85.98999786376953,86.0999984741211,85.97000122070312,86.06500244140625,148
2026-05-11 13:36:00+00:00,86.09500122070312,86.1449966430664,85.94499969482422,85.98999786376953,145
2026-05-11 13:37:00+00:00,86.08499908447266,86.12999725341797,86.0,86.07499694824219,132
2026-05-11 13:38:00+00:00,86.23999786376953,86.25499725341797,86.02999877929688,86.05000305175781,226
2026-05-11 13:39:00+00:00,86.16500091552734,86.33000183105469,86.13999938964844,86.23500061035156,168
2026-05-11 13:40:00+00:00,86.33499908447266,86.37000274658203,86.18000030517578,86.18000030517578,184
2026-05-11 13:41:00+00:00,86.59500122070312,86.6050033569336,86.3550033569336,86.37000274658203,275
2026-05-11 13:42:00+00:00,86.61499786376953,86.67500305175781,86.58499908447266,86.61000061035156,251
2026-05-11 13:43:00+00:00,86.61499786376953,86.68499755859375,86.55000305175781,86.61000061035156,305
2026-05-11 13:44:00+00:00,86.625,86.63999938964844,86.55500030517578,86.625,160
2026-05-11 13:45:00+00:00,86.55500030517578,86.63500213623047,86.45500183105469,86.625,219
2026-05-11 13:46:00+00:00,86.41000366210938,86.57499694824219,86.3499984741211,86.56500244140625,210
2026-05-11 13:47:00+00:00,86.30500030517578,86.47000122070312,86.30500030517578,86.40499877929688,230
2026-05-11 13:48:00+00:00,86.33499908447266,86.3550033569336,86.23500061035156,86.30999755859375,350
2026-05-11 13:49:00+00:00,86.37999725341797,86.41999816894531,86.30000305175781,86.37000274658203,212
2026-05-11 13:50:00+00:00,86.27999877929688,86.44999694824219,86.2750015258789,86.3949966430664,116
2026-05-11 13:51:00+00:00,86.26499938964844,86.375,86.25,86.27999877929688,163
2026-05-11 13:52:00+00:00,86.32499694824219,86.3550033569336,86.19999694824219,86.26499938964844,144
2026-05-11 13:53:00+00:00,86.44499969482422,86.51000213623047,86.31500244140625,86.33000183105469,234
2026-05-11 13:54:00+00:00,86.375,86.44999694824219,86.36000061035156,86.42500305175781,106
2026-05-11 13:55:00+00:00,86.46499633789062,86.46499633789062,86.28500366210938,86.36000061035156,378
2026-05-11 13:56:00+00:00,86.5199966430664,86.56999969482422,86.44000244140625,86.4800033569336,168
2026-05-11 13:57:00+00:00,86.49500274658203,86.55000305175781,86.46499633789062,86.54000091552734,72
2026-05-11 13:58:00+00:00,86.55500030517578,86.61499786376953,86.4800033569336,86.48999786376953,162
2026-05-11 13:59:00+00:00,86.37000274658203,86.55999755859375,86.37000274658203,86.55500030517578,73
2026-05-11 14:00:00+00:00,86.19999694824219,86.41999816894531,86.18000030517578,86.36000061035156,193
2026-05-11 14:01:00+00:00,86.05500030517578,86.25499725341797,86.05000305175781,86.19999694824219,299
2026-05-11 14:02:00+00:00,85.91500091552734,86.12000274658203,85.91500091552734,86.11499786376953,309
2026-05-11 14:03:00+00:00,85.73999786376953,85.95500183105469,85.73500061035156,85.94000244140625,303
2026-05-11 14:04:00+00:00,85.71499633789062,85.78500366210938,85.69499969482422,85.73500061035156,236
2026-05-11 14:05:00+00:00,85.61499786376953,85.79000091552734,85.57499694824219,85.73500061035156,177
2026-05-11 14:06:00+00:00,85.33999633789062,85.63999938964844,85.30999755859375,85.6050033569336,376
2026-05-11 14:07:00+00:00,85.26000213623047,85.3499984741211,85.16999816894531,85.33999633789062,274
2026-05-11 14:08:00+00:00,85.56500244140625,85.57499694824219,85.25,85.26499938964844,321
2026-05-11 14:09:00+00:00,85.61000061035156,85.69499969482422,85.51000213623047,85.52999877929688,181
2026-05-11 14:10:00+00:00,85.54000091552734,85.625,85.41000366210938,85.61499786376953,129
2026-05-11 14:11:00+00:00,85.70999908447266,85.70999908447266,85.42500305175781,85.54000091552734,153
2026-05-11 14:12:00+00:00,85.70500183105469,85.76499938964844,85.59500122070312,85.70500183105469,161
2026-05-11 14:13:00+00:00,85.87000274658203,85.87000274658203,85.68000030517578,85.70500183105469,103
2026-05-11 14:14:00+00:00,85.90499877929688,85.92500305175781,85.83999633789062,85.87000274658203,206
2026-05-11 14:15:00+00:00,85.7300033569336,85.93499755859375,85.7249984741211,85.91000366210938,160
2026-05-11 14:16:00+00:00,85.76499938964844,85.83499908447266,85.68000030517578,85.71499633789062,119
2026-05-11 14:17:00+00:00,85.7300033569336,85.7699966430664,85.68499755859375,85.7699966430664,46
2026-05-11 14:18:00+00:00,85.88500213623047,85.88500213623047,85.7300033569336,85.7300033569336,46
2026-05-11 14:19:00+00:00,85.86000061035156,85.9000015258789,85.78500366210938,85.9000015258789,36
2026-05-11 14:20:00+00:00,85.77999877929688,85.8550033569336,85.76499938964844,85.83499908447266,35
2026-05-11 14:21:00+00:00,85.73500061035156,85.83000183105469,85.68000030517578,85.79000091552734,155
2026-05-11 14:22:00+00:00,85.7249984741211,85.76000213623047,85.69000244140625,85.70500183105469,71
2026-05-11 14:23:00+00:00,85.6500015258789,85.79499816894531,85.6500015258789,85.75,43
2026-05-11 14:24:00+00:00,85.72000122070312,85.75,85.63500213623047,85.6500015258789,75
2026-05-11 14:25:00+00:00,85.61000061035156,85.74500274658203,85.58499908447266,85.72000122070312,91
2026-05-11 14:26:00+00:00,85.63500213623047,85.6449966430664,85.53500366210938,85.6050033569336,81
2026-05-11 14:27:00+00:00,85.44999694824219,85.63999938964844,85.43499755859375,85.63999938964844,122
2026-05-11 14:28:00+00:00,85.5,85.55999755859375,85.41500091552734,85.45999908447266,118
2026-05-11 14:29:00+00:00,85.41500091552734,85.5,85.37999725341797,85.49500274658203,79
2026-05-11 14:30:00+00:00,85.56999969482422,85.56999969482422,85.38999938964844,85.42500305175781,78
2026-05-11 14:31:00+00:00,85.28500366210938,85.58999633789062,85.22000122070312,85.55999755859375,262
2026-05-11 14:32:00+00:00,85.19999694824219,85.26499938964844,84.9749984741211,85.26000213623047,345
2026-05-11 14:33:00+00:00,85.16999816894531,85.21499633789062,85.05999755859375,85.18000030517578,185
2026-05-11 14:34:00+00:00,85.27999877929688,85.28500366210938,85.06500244140625,85.1500015258789,99
2026-05-11 14:35:00+00:00,85.47000122070312,85.4800033569336,85.25499725341797,85.29000091552734,205
2026-05-11 14:36:00+00:00,85.36000061035156,85.55000305175781,85.26499938964844,85.48500061035156,155
2026-05-11 14:37:00+00:00,85.50499725341797,85.51499938964844,85.31999969482422,85.36000061035156,99
2026-05-11 14:38:00+00:00,85.44000244140625,85.5250015258789,85.44000244140625,85.5250015258789,43
2026-05-11 14:39:00+00:00,85.48500061035156,85.53500366210938,85.44499969482422,85.44499969482422,38
2026-05-11 14:40:00+00:00,85.45999908447266,85.5,85.44499969482422,85.4800033569336,32
2026-05-11 14:41:00+00:00,85.62000274658203,85.62000274658203,85.41500091552734,85.44999694824219,50
2026-05-11 14:42:00+00:00,85.75499725341797,85.7699966430664,85.62000274658203,85.6449966430664,164
2026-05-11 14:43:00+00:00,85.76000213623047,85.81500244140625,85.7300033569336,85.74500274658203,108
2026-05-11 14:44:00+00:00,85.73999786376953,85.77999877929688,85.73999786376953,85.75,35
2026-05-11 14:45:00+00:00,85.77999877929688,85.80500030517578,85.7300033569336,85.74500274658203,33
2026-05-11 14:46:00+00:00,85.72000122070312,85.76000213623047,85.66999816894531,85.75,43
2026-05-11 14:47:00+00:00,85.57499694824219,85.7249984741211,85.54000091552734,85.7249984741211,74
2026-05-11 14:48:00+00:00,85.57499694824219,85.65499877929688,85.53500366210938,85.58000183105469,51
2026-05-11 14:49:00+00:00,85.625,85.625,85.52999877929688,85.55999755859375,93
2026-05-11 14:50:00+00:00,85.61000061035156,85.65499877929688,85.58000183105469,85.6050033569336,28
2026-05-11 14:51:00+00:00,85.63500213623047,85.66500091552734,85.5999984741211,85.61000061035156,51
2026-05-11 14:52:00+00:00,85.63500213623047,85.63500213623047,85.58999633789062,85.61499786376953,29
2026-05-11 14:53:00+00:00,85.74500274658203,85.74500274658203,85.62999725341797,85.62999725341797,36
2026-05-11 14:54:00+00:00,85.72000122070312,85.7300033569336,85.69000244140625,85.70999908447266,25
2026-05-11 14:55:00+00:00,85.66500091552734,85.7249984741211,85.66500091552734,85.69000244140625,24
2026-05-11 14:56:00+00:00,85.57499694824219,85.6449966430664,85.55500030517578,85.6449966430664,45
2026-05-11 14:57:00+00:00,85.58000183105469,85.625,85.51499938964844,85.56999969482422,62
2026-05-11 14:58:00+00:00,85.63999938964844,85.65499877929688,85.56500244140625,85.56999969482422,56
2026-05-11 14:59:00+00:00,85.69999694824219,85.71499633789062,85.63999938964844,85.6500015258789,34
2026-05-11 15:00:00+00:00,85.6500015258789,85.69000244140625,85.62000274658203,85.68000030517578,58
2026-05-11 15:01:00+00:00,85.83499908447266,85.83999633789062,85.625,85.65499877929688,92
2026-05-11 15:02:00+00:00,85.81999969482422,85.87000274658203,85.80000305175781,85.83499908447266,96
2026-05-11 15:03:00+00:00,85.86499786376953,85.96499633789062,85.83999633789062,85.83999633789062,150
2026-05-11 15:04:00+00:00,85.90499877929688,85.91000366210938,85.83000183105469,85.83999633789062,50
2026-05-11 15:05:00+00:00,85.91000366210938,85.91000366210938,85.8499984741211,85.88500213623047,20
2026-05-11 15:06:00+00:00,85.95500183105469,86.05000305175781,85.93499755859375,85.94499969482422,88
2026-05-11 15:07:00+00:00,85.96499633789062,86.0,85.94999694824219,85.95999908447266,78
2026-05-11 15:08:00+00:00,86.06500244140625,86.06999969482422,85.91000366210938,85.95999908447266,57
2026-05-11 15:09:00+00:00,86.06500244140625,86.0999984741211,86.0250015258789,86.05999755859375,49
2026-05-11 15:10:00+00:00,86.12000274658203,86.19999694824219,86.06500244140625,86.08499908447266,104
2026-05-11 15:11:00+00:00,86.17500305175781,86.2699966430664,86.08000183105469,86.12000274658203,219
2026-05-11 15:12:00+00:00,86.0999984741211,86.19499969482422,86.05500030517578,86.17500305175781,55
2026-05-11 15:13:00+00:00,86.04499816894531,86.0999984741211,86.02999877929688,86.08000183105469,25
2026-05-11 15:14:00+00:00,86.01499938964844,86.05500030517578,85.95999908447266,86.04499816894531,152
2026-05-11 15:15:00+00:00,86.18499755859375,86.19499969482422,85.94000244140625,86.0199966430664,114
2026-05-11 15:16:00+00:00,86.23500061035156,86.25,86.16500091552734,86.19000244140625,94
2026-05-11 15:17:00+00:00,86.36000061035156,86.37999725341797,86.22000122070312,86.2300033569336,99
2026-05-11 15:18:00+00:00,86.42500305175781,86.44000244140625,86.30999755859375,86.37000274658203,134
2026-05-11 15:19:00+00:00,86.3499984741211,86.43000030517578,86.3499984741211,86.4000015258789,64
2026-05-11 15:20:00+00:00,86.4000015258789,86.43000030517578,86.28500366210938,86.33499908447266,80
2026-05-11 15:21:00+00:00,86.37999725341797,86.41500091552734,86.33999633789062,86.38999938964844,65
2026-05-11 15:22:00+00:00,86.41500091552734,86.43000030517578,86.37999725341797,86.38999938964844,45
2026-05-11 15:23:00+00:00,86.46499633789062,86.46499633789062,86.36000061035156,86.41999816894531,56
2026-05-11 15:24:00+00:00,86.61000061035156,86.63500213623047,86.44999694824219,86.44999694824219,111
2026-05-11 15:25:00+00:00,86.48999786376953,86.63500213623047,86.48999786376953,86.6050033569336,64
2026-05-11 15:26:00+00:00,86.41000366210938,86.48999786376953,86.4000015258789,86.48999786376953,52
2026-05-11 15:27:00+00:00,86.40499877929688,86.44499969482422,86.38500213623047,86.41000366210938,56
2026-05-11 15:28:00+00:00,86.44999694824219,86.48999786376953,86.41999816894531,86.41999816894531,30
2026-05-11 15:29:00+00:00,86.43000030517578,86.44499969482422,86.38500213623047,86.44499969482422,54
2026-05-11 15:30:00+00:00,86.5199966430664,86.5199966430664,86.43000030517578,86.44000244140625,66
2026-05-11 15:31:00+00:00,86.51000213623047,86.55500030517578,86.49500274658203,86.49500274658203,30
2026-05-11 15:32:00+00:00,86.43499755859375,86.50499725341797,86.41500091552734,86.50499725341797,52
2026-05-11 15:33:00+00:00,86.38500213623047,86.44499969482422,86.38500213623047,86.44000244140625,40
2026-05-11 15:34:00+00:00,86.38500213623047,86.41500091552734,86.3550033569336,86.3550033569336,53
2026-05-11 15:35:00+00:00,86.36499786376953,86.43499755859375,86.33000183105469,86.38999938964844,66
2026-05-11 15:36:00+00:00,86.51000213623047,86.5199966430664,86.36000061035156,86.36000061035156,48
2026-05-11 15:37:00+00:00,86.41000366210938,86.56500244140625,86.41000366210938,86.51000213623047,58
2026-05-11 15:38:00+00:00,86.48999786376953,86.5,86.4000015258789,86.43499755859375,43
2026-05-11 15:39:00+00:00,86.53500366210938,86.55000305175781,86.48500061035156,86.48500061035156,23
2026-05-11 15:40:00+00:00,86.4800033569336,86.55999755859375,86.45999908447266,86.55000305175781,22
2026-05-11 15:41:00+00:00,86.55999755859375,86.55999755859375,86.46499633789062,86.47000122070312,28
2026-05-11 15:42:00+00:00,86.71499633789062,86.71499633789062,86.48999786376953,86.56500244140625,178
2026-05-11 15:43:00+00:00,86.65499877929688,86.7300033569336,86.625,86.70999908447266,143
2026-05-11 15:44:00+00:00,86.5199966430664,86.68000030517578,86.45999908447266,86.62999725341797,186
2026-05-11 15:45:00+00:00,86.51000213623047,86.5199966430664,86.3499984741211,86.45500183105469,142
2026-05-11 15:46:00+00:00,86.42500305175781,86.55000305175781,86.3949966430664,86.5,106
2026-05-11 15:47:00+00:00,86.41500091552734,86.51000213623047,86.41500091552734,86.43499755859375,89
2026-05-11 15:48:00+00:00,86.4800033569336,86.4800033569336,86.37999725341797,86.40499877929688,35
2026-05-11 15:49:00+00:00,86.50499725341797,86.54499816894531,86.4749984741211,86.4749984741211,58
2026-05-11 15:50:00+00:00,86.45500183105469,86.48500061035156,86.4000015258789,86.48500061035156,52
2026-05-11 15:51:00+00:00,86.54000091552734,86.54000091552734,86.44000244140625,86.46499633789062,29
2026-05-11 15:52:00+00:00,86.59500122070312,86.625,86.5,86.5199966430664,19
2026-05-11 15:53:00+00:00,86.6500015258789,86.6500015258789,86.58999633789062,86.58999633789062,20
2026-05-11 15:54:00+00:00,86.66999816894531,86.68000030517578,86.56999969482422,86.6500015258789,57
2026-05-11 15:55:00+00:00,86.68499755859375,86.72000122070312,86.6050033569336,86.62999725341797,91
2026-05-11 15:56:00+00:00,86.63999938964844,86.68499755859375,86.63500213623047,86.68499755859375,57
2026-05-11 15:57:00+00:00,86.63999938964844,86.65499877929688,86.61499786376953,86.65499877929688,20
2026-05-11 15:58:00+00:00,86.71499633789062,86.80000305175781,86.625,86.625,117
2026-05-11 15:59:00+00:00,86.7249984741211,86.76000213623047,86.68499755859375,86.73500061035156,21
2026-05-11 16:00:00+00:00,86.7300033569336,86.76000213623047,86.67500305175781,86.74500274658203,27
2026-05-11 16:01:00+00:00,86.68499755859375,86.79499816894531,86.65499877929688,86.73999786376953,62
2026-05-11 16:02:00+00:00,86.69999694824219,86.71499633789062,86.66999816894531,86.68000030517578,25
2026-05-11 16:03:00+00:00,86.70999908447266,86.75,86.69999694824219,86.69999694824219,19
2026-05-11 16:04:00+00:00,86.63999938964844,86.70999908447266,86.6050033569336,86.68499755859375,28
2026-05-11 16:05:00+00:00,86.6050033569336,86.63500213623047,86.56500244140625,86.62999725341797,53
2026-05-11 16:06:00+00:00,86.58000183105469,86.58999633789062,86.54499816894531,86.58999633789062,41
2026-05-11 16:07:00+00:00,86.6500015258789,86.66500091552734,86.58499908447266,86.58999633789062,36
2026-05-11 16:08:00+00:00,86.54000091552734,86.6500015258789,86.54000091552734,86.6500015258789,44
2026-05-11 16:09:00+00:00,86.5199966430664,86.56500244140625,86.50499725341797,86.55999755859375,30
2026-05-11 16:10:00+00:00,86.5250015258789,86.54000091552734,86.51000213623047,86.5199966430664,19
2026-05-11 16:11:00+00:00,86.51000213623047,86.57499694824219,86.48500061035156,86.5199966430664,57
2026-05-11 16:12:00+00:00,86.5250015258789,86.52999877929688,86.48999786376953,86.49500274658203,46
2026-05-11 16:13:00+00:00,86.38999938964844,86.50499725341797,86.34500122070312,86.50499725341797,79
2026-05-11 16:14:00+00:00,86.4000015258789,86.43000030517578,86.3949966430664,86.3949966430664,29
2026-05-11 16:15:00+00:00,86.33999633789062,86.43499755859375,86.31500244140625,86.41999816894531,60
2026-05-11 16:16:00+00:00,86.33499908447266,86.44000244140625,86.32499694824219,86.33499908447266,70
2026-05-11 16:17:00+00:00,86.29000091552734,86.31999969482422,86.25,86.30999755859375,113
2026-05-11 16:18:00+00:00,86.31999969482422,86.34500122070312,86.2699966430664,86.29499816894531,28
2026-05-11 16:19:00+00:00,86.3949966430664,86.4000015258789,86.27999877929688,86.30999755859375,47
2026-05-11 16:20:00+00:00,86.27999877929688,86.36499786376953,86.27999877929688,86.36499786376953,35
2026-05-11 16:21:00+00:00,86.23999786376953,86.30999755859375,86.2249984741211,86.29000091552734,59
2026-05-11 16:22:00+00:00,86.28500366210938,86.30000305175781,86.25499725341797,86.25499725341797,27
2026-05-11 16:23:00+00:00,86.28500366210938,86.34500122070312,86.2699966430664,86.31999969482422,33
2026-05-11 16:24:00+00:00,86.33499908447266,86.36000061035156,86.26499938964844,86.27999877929688,37
2026-05-11 16:25:00+00:00,86.3949966430664,86.41000366210938,86.31999969482422,86.33000183105469,29
2026-05-11 16:26:00+00:00,86.31999969482422,86.38999938964844,86.31500244140625,86.38500213623047,26
2026-05-11 16:27:00+00:00,86.3550033569336,86.37000274658203,86.22000122070312,86.32499694824219,66
2026-05-11 16:28:00+00:00,86.2699966430664,86.36000061035156,86.2699966430664,86.36000061035156,42
2026-05-11 16:29:00+00:00,86.29000091552734,86.33000183105469,86.25499725341797,86.26000213623047,22
2026-05-11 16:30:00+00:00,86.33000183105469,86.33000183105469,86.20500183105469,86.2699966430664,48
2026-05-11 16:31:00+00:00,86.37000274658203,86.41999816894531,86.33000183105469,86.33000183105469,45
2026-05-11 16:32:00+00:00,86.37000274658203,86.3949966430664,86.33000183105469,86.375,22
2026-05-11 16:33:00+00:00,86.2300033569336,86.3550033569336,86.22000122070312,86.3550033569336,50
2026-05-11 16:34:00+00:00,86.25499725341797,86.2699966430664,86.24500274658203,86.24500274658203,8
2026-05-11 16:35:00+00:00,86.17500305175781,86.21499633789062,86.15499877929688,86.21499633789062,48
2026-05-11 16:36:00+00:00,86.13999938964844,86.23500061035156,86.11000061035156,86.18499755859375,54
2026-05-11 16:37:00+00:00,86.18499755859375,86.20500183105469,86.12000274658203,86.15499877929688,37
2026-05-11 16:38:00+00:00,86.19000244140625,86.19999694824219,86.12000274658203,86.19000244140625,52
2026-05-11 16:39:00+00:00,86.23999786376953,86.29499816894531,86.16999816894531,86.16999816894531,52
2026-05-11 16:40:00+00:00,86.26499938964844,86.30000305175781,86.19999694824219,86.2300033569336,28
2026-05-11 16:41:00+00:00,86.06999969482422,86.27999877929688,86.06999969482422,86.27999877929688,114
2026-05-11 16:42:00+00:00,85.91999816894531,86.08000183105469,85.86000061035156,86.08000183105469,187
2026-05-11 16:43:00+00:00,85.97000122070312,85.97000122070312,85.7750015258789,85.875,158
2026-05-11 16:44:00+00:00,85.86000061035156,85.95500183105469,85.81500244140625,85.95500183105469,53
2026-05-11 16:45:00+00:00,85.88500213623047,85.88500213623047,85.7300033569336,85.8550033569336,92
2026-05-11 16:46:00+00:00,85.83999633789062,85.93499755859375,85.79000091552734,85.91000366210938,54
2026-05-11 16:47:00+00:00,85.94999694824219,85.98999786376953,85.83000183105469,85.83000183105469,39
2026-05-11 16:48:00+00:00,85.9000015258789,85.94000244140625,85.88500213623047,85.94000244140625,17
2026-05-11 16:49:00+00:00,85.91500091552734,85.94999694824219,85.9000015258789,85.91500091552734,31
2026-05-11 16:50:00+00:00,85.88999938964844,85.9000015258789,85.8499984741211,85.8949966430664,31
2026-05-11 16:51:00+00:00,85.94499969482422,85.94499969482422,85.86499786376953,85.86499786376953,23
2026-05-11 16:52:00+00:00,85.8499984741211,85.95999908447266,85.8499984741211,85.95999908447266,23
2026-05-11 16:53:00+00:00,85.8550033569336,85.8550033569336,85.78500366210938,85.84500122070312,37
2026-05-11 16:54:00+00:00,85.88999938964844,85.94499969482422,85.87000274658203,85.88500213623047,30
2026-05-11 16:55:00+00:00,85.8499984741211,85.95999908447266,85.83999633789062,85.9000015258789,96
2026-05-11 16:56:00+00:00,85.91500091552734,85.91500091552734,85.80000305175781,85.86000061035156,49
2026-05-11 16:57:00+00:00,85.81999969482422,85.94499969482422,85.80000305175781,85.91000366210938,49
2026-05-11 16:58:00+00:00,85.94999694824219,85.94999694824219,85.8499984741211,85.86499786376953,28
2026-05-11 16:59:00+00:00,85.94000244140625,86.04000091552734,85.91999816894531,85.97000122070312,90
2026-05-11 17:00:00+00:00,85.94499969482422,86.04499816894531,85.90499877929688,85.95999908447266,64
2026-05-11 17:01:00+00:00,85.97000122070312,85.98999786376953,85.94000244140625,85.96499633789062,33
2026-05-11 17:02:00+00:00,85.9000015258789,86.0,85.88500213623047,85.99500274658203,45
2026-05-11 17:03:00+00:00,85.84500122070312,85.95500183105469,85.83499908447266,85.88500213623047,58
2026-05-11 17:04:00+00:00,85.90499877929688,85.91500091552734,85.86499786376953,85.86499786376953,18
2026-05-11 17:05:00+00:00,85.95999908447266,86.0250015258789,85.8949966430664,85.91999816894531,28
2026-05-11 17:06:00+00:00,85.98999786376953,86.01499938964844,85.95500183105469,85.9749984741211,46
2026-05-11 17:07:00+00:00,85.91000366210938,85.9749984741211,85.8550033569336,85.9749984741211,49
2026-05-11 17:08:00+00:00,85.96499633789062,85.96499633789062,85.91000366210938,85.92500305175781,68
2026-05-11 17:09:00+00:00,85.88999938964844,85.95500183105469,85.88500213623047,85.94999694824219,29
2026-05-11 17:10:00+00:00,85.94999694824219,85.94999694824219,85.8550033569336,85.88500213623047,53
2026-05-11 17:11:00+00:00,85.9749984741211,86.01499938964844,85.92500305175781,85.94499969482422,72
2026-05-11 17:12:00+00:00,85.79499816894531,85.97000122070312,85.78500366210938,85.97000122070312,90
2026-05-11 17:13:00+00:00,85.83000183105469,85.86000061035156,85.79000091552734,85.79000091552734,66
2026-05-11 17:14:00+00:00,85.80999755859375,85.84500122070312,85.7699966430664,85.80000305175781,57
2026-05-11 17:15:00+00:00,85.83000183105469,85.83000183105469,85.75,85.78500366210938,71
2026-05-11 17:16:00+00:00,85.79499816894531,85.87000274658203,85.77999877929688,85.81999969482422,60
2026-05-11 17:17:00+00:00,85.80000305175781,85.8550033569336,85.79499816894531,85.80500030517578,31
2026-05-11 17:18:00+00:00,85.77999877929688,85.83499908447266,85.77999877929688,85.81999969482422,45
2026-05-11 17:19:00+00:00,85.78500366210938,85.80000305175781,85.76000213623047,85.77999877929688,85
2026-05-11 17:20:00+00:00,85.83999633789062,85.86000061035156,85.78500366210938,85.80000305175781,92
2026-05-11 17:21:00+00:00,85.90499877929688,85.93000030517578,85.87999725341797,85.87999725341797,121
2026-05-11 17:22:00+00:00,85.91500091552734,85.94999694824219,85.86499786376953,85.90499877929688,130
2026-05-11 17:23:00+00:00,85.9000015258789,85.99500274658203,85.88999938964844,85.90499877929688,220
2026-05-11 17:24:00+00:00,86.01000213623047,86.0199966430664,85.80500030517578,85.88500213623047,1243
2026-05-11 17:25:00+00:00,86.16000366210938,86.16500091552734,85.99500274658203,86.01499938964844,241
2026-05-11 17:26:00+00:00,86.1500015258789,86.17500305175781,86.12999725341797,86.15499877929688,101
2026-05-11 17:27:00+00:00,86.16000366210938,86.19000244140625,86.1050033569336,86.1449966430664,145
2026-05-11 17:28:00+00:00,86.16000366210938,86.19499969482422,86.125,86.17500305175781,39
2026-05-11 17:29:00+00:00,86.13500213623047,86.19499969482422,86.12000274658203,86.16999816894531,42
2026-05-11 17:30:00+00:00,86.25499725341797,86.25499725341797,86.12999725341797,86.13500213623047,53
2026-05-11 17:31:00+00:00,86.28500366210938,86.32499694824219,86.23999786376953,86.26499938964844,84
2026-05-11 17:32:00+00:00,86.29000091552734,86.31500244140625,86.2699966430664,86.2699966430664,21
2026-05-11 17:33:00+00:00,86.2699966430664,86.33000183105469,86.2699966430664,86.30000305175781,37
2026-05-11 17:34:00+00:00,86.28500366210938,86.29000091552734,86.25499725341797,86.26000213623047,30
2026-05-11 17:35:00+00:00,86.25,86.2750015258789,86.20999908447266,86.2750015258789,23
2026-05-11 17:36:00+00:00,86.29499816894531,86.29499816894531,86.25499725341797,86.26000213623047,14
2026-05-11 17:37:00+00:00,86.31500244140625,86.31500244140625,86.2699966430664,86.2750015258789,7
2026-05-11 17:38:00+00:00,86.33000183105469,86.33499908447266,86.29499816894531,86.30500030517578,31
2026-05-11 17:39:00+00:00,86.2750015258789,86.33499908447266,86.2750015258789,86.32499694824219,23
2026-05-11 17:40:00+00:00,86.33000183105469,86.33999633789062,86.27999877929688,86.29000091552734,14
2026-05-11 17:41:00+00:00,86.37000274658203,86.38500213623047,86.31500244140625,86.32499694824219,32
2026-05-11 17:42:00+00:00,86.33000183105469,86.34500122070312,86.32499694824219,86.34500122070312,6
2026-05-11 17:43:00+00:00,86.30500030517578,86.33499908447266,86.30500030517578,86.33499908447266,9
2026-05-11 17:44:00+00:00,86.33000183105469,86.33499908447266,86.33000183105469,86.33499908447266,2
2026-05-11 17:45:00+00:00,86.3499984741211,86.37999725341797,86.29499816894531,86.30000305175781,49
2026-05-11 17:46:00+00:00,86.36000061035156,86.38500213623047,86.34500122070312,86.36000061035156,18
2026-05-11 17:47:00+00:00,86.36000061035156,86.36000061035156,86.3499984741211,86.3499984741211,5
2026-05-11 17:48:00+00:00,86.3499984741211,86.3499984741211,86.3499984741211,86.3499984741211,1
2026-05-11 17:49:00+00:00,86.2750015258789,86.36000061035156,86.2750015258789,86.3499984741211,19
2026-05-11 17:50:00+00:00,86.27999877929688,86.27999877929688,86.2300033569336,86.26000213623047,21
2026-05-11 17:51:00+00:00,86.2750015258789,86.27999877929688,86.26499938964844,86.27999877929688,11
2026-05-11 17:52:00+00:00,86.28500366210938,86.29000091552734,86.2699966430664,86.27999877929688,13
2026-05-11 17:53:00+00:00,86.25499725341797,86.2750015258789,86.25,86.2750015258789,51
2026-05-11 17:54:00+00:00,86.2699966430664,86.2699966430664,86.2300033569336,86.26000213623047,11
2026-05-11 17:55:00+00:00,86.30000305175781,86.32499694824219,86.2699966430664,86.2750015258789,49
2026-05-11 17:56:00+00:00,86.31999969482422,86.31999969482422,86.28500366210938,86.28500366210938,11
2026-05-11 17:57:00+00:00,86.33499908447266,86.33499908447266,86.31500244140625,86.31999969482422,6
2026-05-11 17:58:00+00:00,86.31500244140625,86.31999969482422,86.29499816894531,86.30999755859375,8
2026-05-11 17:59:00+00:00,86.3949966430664,86.3949966430664,86.30999755859375,86.31999969482422,27
2026-05-11 18:00:00+00:00,86.43000030517578,86.43000030517578,86.375,86.3949966430664,51
2026-05-11 18:01:00+00:00,86.375,86.45999908447266,86.375,86.43499755859375,31
2026-05-11 18:02:00+00:00,86.38999938964844,86.3949966430664,86.375,86.3949966430664,16
2026-05-11 18:03:00+00:00,86.44999694824219,86.45500183105469,86.3949966430664,86.3949966430664,22
2026-05-11 18:04:00+00:00,86.4749984741211,86.50499725341797,86.44000244140625,86.45500183105469,37
2026-05-11 18:05:00+00:00,86.44000244140625,86.45500183105469,86.43000030517578,86.45500183105469,15
2026-05-11 18:06:00+00:00,86.45999908447266,86.4749984741211,86.44999694824219,86.44999694824219,10
2026-05-11 18:07:00+00:00,86.58999633789062,86.58999633789062,86.4800033569336,86.48500061035156,47
2026-05-11 18:08:00+00:00,86.48999786376953,86.61000061035156,86.45999908447266,86.56999969482422,89
2026-05-11 18:09:00+00:00,86.46499633789062,86.49500274658203,86.46499633789062,86.48999786376953,19
2026-05-11 18:10:00+00:00,86.41999816894531,86.47000122070312,86.38999938964844,86.47000122070312,30
2026-05-11 18:11:00+00:00,86.3499984741211,86.43499755859375,86.34500122070312,86.41999816894531,48
2026-05-11 18:12:00+00:00,86.34500122070312,86.34500122070312,86.2699966430664,86.31500244140625,26
2026-05-11 18:13:00+00:00,86.38999938964844,86.41000366210938,86.33999633789062,86.33999633789062,18
2026-05-11 18:14:00+00:00,86.33000183105469,86.375,86.33000183105469,86.375,8
2026-05-11 18:15:00+00:00,86.30000305175781,86.36000061035156,86.30000305175781,86.34500122070312,21
2026-05-11 18:16:00+00:00,86.3550033569336,86.36000061035156,86.31500244140625,86.31500244140625,21
2026-05-11 18:17:00+00:00,86.38999938964844,86.40499877929688,86.37000274658203,86.37000274658203,11
2026-05-11 18:18:00+00:00,86.37000274658203,86.3949966430664,86.37000274658203,86.38500213623047,4
2026-05-11 18:19:00+00:00,86.3499984741211,86.3550033569336,86.3499984741211,86.3550033569336,4
2026-05-11 18:20:00+00:00,86.3499984741211,86.3550033569336,86.2249984741211,86.3550033569336,126
2026-05-11 18:21:00+00:00,86.33999633789062,86.3550033569336,86.31500244140625,86.33999633789062,19
2026-05-11 18:22:00+00:00,86.32499694824219,86.3550033569336,86.31999969482422,86.3499984741211,11
2026-05-11 18:23:00+00:00,86.29000091552734,86.375,86.27999877929688,86.33999633789062,22
2026-05-11 18:24:00+00:00,86.36499786376953,86.36499786376953,86.29000091552734,86.29000091552734,11
2026-05-11 18:25:00+00:00,86.37000274658203,86.37000274658203,86.33000183105469,86.33499908447266,6
2026-05-11 18:26:00+00:00,86.43000030517578,86.43000030517578,86.38500213623047,86.38999938964844,12
2026-05-11 18:27:00+00:00,86.3949966430664,86.43000030517578,86.38999938964844,86.42500305175781,137
2026-05-11 18:28:00+00:00,86.45999908447266,86.45999908447266,86.41000366210938,86.41000366210938,89
2026-05-11 18:29:00+00:00,86.58000183105469,86.6449966430664,86.45500183105469,86.46499633789062,175
2026-05-11 18:30:00+00:00,86.5999984741211,86.5999984741211,86.55500030517578,86.55999755859375,38
2026-05-11 18:31:00+00:00,86.62000274658203,86.63999938964844,86.59500122070312,86.59500122070312,22
2026-05-11 18:32:00+00:00,86.5999984741211,86.6449966430664,86.5999984741211,86.63500213623047,15
2026-05-11 18:33:00+00:00,86.5999984741211,86.61499786376953,86.5999984741211,86.61499786376953,8
2026-05-11 18:34:00+00:00,86.58499908447266,86.58499908447266,86.58499908447266,86.58499908447266,1
2026-05-11 18:35:00+00:00,86.6500015258789,86.67500305175781,86.6050033569336,86.6050033569336,14
2026-05-11 18:36:00+00:00,86.6500015258789,86.6500015258789,86.5999984741211,86.62999725341797,17
2026-05-11 18:37:00+00:00,86.6500015258789,86.65499877929688,86.62000274658203,86.65499877929688,7
2026-05-11 18:38:00+00:00,86.68000030517578,86.69000244140625,86.6449966430664,86.6449966430664,21
2026-05-11 18:39:00+00:00,86.65499877929688,86.68499755859375,86.65499877929688,86.67500305175781,19
2026-05-11 18:40:00+00:00,86.57499694824219,86.6449966430664,86.57499694824219,86.6449966430664,29
2026-05-11 18:41:00+00:00,86.56999969482422,86.6050033569336,86.55999755859375,86.58499908447266,15
2026-05-11 18:42:00+00:00,86.58499908447266,86.58499908447266,86.55000305175781,86.56999969482422,12
2026-05-11 18:43:00+00:00,86.5999984741211,86.6050033569336,86.57499694824219,86.57499694824219,9
2026-05-11 18:44:00+00:00,86.6050033569336,86.6500015258789,86.6050033569336,86.62000274658203,21
2026-05-11 18:45:00+00:00,86.55000305175781,86.625,86.51499938964844,86.625,19
2026-05-11 18:46:00+00:00,86.56999969482422,86.58000183105469,86.56500244140625,86.56500244140625,5
2026-05-11 18:47:00+00:00,86.6050033569336,86.6050033569336,86.58499908447266,86.58999633789062,18
2026-05-11 18:48:00+00:00,86.6050033569336,86.6050033569336,86.59500122070312,86.6050033569336,10
2026-05-11 18:49:00+00:00,86.58499908447266,86.59500122070312,86.58499908447266,86.59500122070312,3
2026-05-11 18:50:00+00:00,86.56500244140625,86.58999633789062,86.56500244140625,86.58000183105469,8
2026-05-11 18:51:00+00:00,86.63500213623047,86.66000366210938,86.5999984741211,86.5999984741211,15
2026-05-11 18:52:00+00:00,86.6449966430664,86.66500091552734,86.63999938964844,86.65499877929688,10
2026-05-11 18:53:00+00:00,86.63500213623047,86.65499877929688,86.63500213623047,86.6500015258789,11
2026-05-11 18:54:00+00:00,86.63999938964844,86.63999938964844,86.6050033569336,86.625,11
2026-05-11 18:55:00+00:00,86.72000122070312,86.7249984741211,86.62000274658203,86.63500213623047,27
2026-05-11 18:56:00+00:00,86.76499938964844,86.83000183105469,86.69999694824219,86.70500183105469,113
2026-05-11 18:57:00+00:00,86.69999694824219,86.79499816894531,86.67500305175781,86.78500366210938,42
2026-05-11 18:58:00+00:00,86.70999908447266,86.72000122070312,86.66500091552734,86.70500183105469,18
2026-05-11 18:59:00+00:00,86.55999755859375,86.68499755859375,86.55999755859375,86.68499755859375,37
2026-05-11 19:00:00+00:00,86.61000061035156,86.61000061035156,86.51499938964844,86.55000305175781,24
2026-05-11 19:01:00+00:00,86.58000183105469,86.65499877929688,86.58000183105469,86.62000274658203,12
2026-05-11 19:02:00+00:00,86.55999755859375,86.58999633789062,86.55999755859375,86.58999633789062,10
2026-05-11 19:03:00+00:00,86.56500244140625,86.57499694824219,86.54000091552734,86.54000091552734,4
2026-05-11 19:04:00+00:00,86.58000183105469,86.59500122070312,86.56999969482422,86.56999969482422,8
2026-05-11 19:05:00+00:00,86.6500015258789,86.6500015258789,86.58499908447266,86.58499908447266,16
2026-05-11 19:06:00+00:00,86.73999786376953,86.73999786376953,86.65499877929688,86.65499877929688,26
2026-05-11 19:07:00+00:00,86.78500366210938,86.80000305175781,86.73500061035156,86.73500061035156,19
2026-05-11 19:08:00+00:00,86.81999969482422,86.83000183105469,86.76499938964844,86.77999877929688,26
2026-05-11 19:09:00+00:00,86.79499816894531,86.84500122070312,86.79499816894531,86.80999755859375,33
2026-05-11 19:10:00+00:00,86.80000305175781,86.83499908447266,86.76000213623047,86.80500030517578,29
2026-05-11 19:11:00+00:00,86.7249984741211,86.80000305175781,86.71499633789062,86.80000305175781,17
2026-05-11 19:12:00+00:00,86.76499938964844,86.7699966430664,86.7249984741211,86.74500274658203,14
2026-05-11 19:13:00+00:00,86.69999694824219,86.7750015258789,86.68499755859375,86.75499725341797,27
2026-05-11 19:14:00+00:00,86.68499755859375,86.7300033569336,86.68499755859375,86.70999908447266,20
2026-05-11 19:15:00+00:00,86.68499755859375,86.73999786376953,86.68000030517578,86.69999694824219,21
2026-05-11 19:16:00+00:00,86.69000244140625,86.75,86.68499755859375,86.69499969482422,22
2026-05-11 19:17:00+00:00,86.69999694824219,86.69999694824219,86.66500091552734,86.68000030517578,11
2026-05-11 19:18:00+00:00,86.71499633789062,86.76000213623047,86.70999908447266,86.70999908447266,13
2026-05-11 19:19:00+00:00,86.69999694824219,86.7249984741211,86.69999694824219,86.72000122070312,10
2026-05-11 19:20:00+00:00,86.66999816894531,86.70500183105469,86.65499877929688,86.70500183105469,12
2026-05-11 19:21:00+00:00,86.68000030517578,86.68499755859375,86.67500305175781,86.67500305175781,4
2026-05-11 19:22:00+00:00,86.7249984741211,86.7249984741211,86.65499877929688,86.66500091552734,7
2026-05-11 19:23:00+00:00,86.7300033569336,86.73999786376953,86.69499969482422,86.69499969482422,13
2026-05-11 19:24:00+00:00,86.68000030517578,86.76000213623047,86.68000030517578,86.75499725341797,7
2026-05-11 19:25:00+00:00,86.66999816894531,86.70500183105469,86.66999816894531,86.70500183105469,11
2026-05-11 19:26:00+00:00,86.66500091552734,86.68499755859375,86.66000366210938,86.66000366210938,7
2026-05-11 19:27:00+00:00,86.7249984741211,86.75,86.6500015258789,86.6500015258789,32
2026-05-11 19:28:00+00:00,86.70500183105469,86.70999908447266,86.67500305175781,86.70999908447266,8
2026-05-11 19:29:00+00:00,86.71499633789062,86.71499633789062,86.69000244140625,86.69000244140625,7
2026-05-11 19:30:00+00:00,86.74500274658203,86.76000213623047,86.66000366210938,86.69999694824219,193
2026-05-11 19:31:00+00:00,86.71499633789062,86.79499816894531,86.71499633789062,86.74500274658203,73
2026-05-11 19:32:00+00:00,86.65499877929688,86.73999786376953,86.65499877929688,86.70999908447266,114
2026-05-11 19:33:00+00:00,86.58000183105469,86.65499877929688,86.56999969482422,86.65499877929688,59
2026-05-11 19:34:00+00:00,86.57499694824219,86.6050033569336,86.51499938964844,86.58000183105469,67
2026-05-11 19:35:00+00:00,86.62999725341797,86.62999725341797,86.58999633789062,86.5999984741211,7
2026-05-11 19:36:00+00:00,86.73999786376953,86.73999786376953,86.61499786376953,86.625,18
2026-05-11 19:37:00+00:00,86.75,86.75,86.69499969482422,86.73999786376953,19
2026-05-11 19:38:00+00:00,86.73999786376953,86.76000213623047,86.73999786376953,86.75499725341797,20
2026-05-11 19:39:00+00:00,86.7300033569336,86.73500061035156,86.6500015258789,86.73500061035156,106
2026-05-11 19:40:00+00:00,86.7699966430664,86.79000091552734,86.73999786376953,86.75,106
2026-05-11 19:41:00+00:00,86.74500274658203,86.7750015258789,86.73999786376953,86.76000213623047,5
2026-05-11 19:42:00+00:00,86.7300033569336,86.76000213623047,86.7249984741211,86.76000213623047,17
2026-05-11 19:43:00+00:00,86.76000213623047,86.76000213623047,86.7249984741211,86.7249984741211,3
2026-05-11 19:44:00+00:00,86.74500274658203,86.76499938964844,86.71499633789062,86.74500274658203,12
2026-05-11 19:45:00+00:00,86.80000305175781,86.83999633789062,86.75499725341797,86.75499725341797,26
2026-05-11 19:46:00+00:00,86.81500244140625,86.83499908447266,86.7699966430664,86.79000091552734,15
2026-05-11 19:47:00+00:00,86.83999633789062,86.8499984741211,86.81500244140625,86.83000183105469,22
2026-05-11 19:48:00+00:00,86.875,86.875,86.81999969482422,86.84500122070312,25
2026-05-11 19:49:00+00:00,86.82499694824219,86.8499984741211,86.79499816894531,86.83499908447266,10
2026-05-11 19:50:00+00:00,86.8499984741211,86.875,86.81500244140625,86.83999633789062,42
2026-05-11 19:51:00+00:00,86.81500244140625,86.8499984741211,86.81500244140625,86.84500122070312,24
2026-05-11 19:52:00+00:00,86.84500122070312,86.84500122070312,86.80999755859375,86.80999755859375,8
2026-05-11 19:53:00+00:00,86.83999633789062,86.86499786376953,86.83000183105469,86.83999633789062,17
2026-05-11 19:54:00+00:00,86.8499984741211,86.8550033569336,86.82499694824219,86.83000183105469,16
2026-05-11 19:55:00+00:00,86.88500213623047,86.8949966430664,86.83999633789062,86.8499984741211,97
2026-05-11 19:56:00+00:00,86.77999877929688,86.88500213623047,86.73999786376953,86.875,138
2026-05-11 19:57:00+00:00,86.81999969482422,86.84500122070312,86.75499725341797,86.7699966430664,80
2026-05-11 19:58:00+00:00,86.86499786376953,86.87000274658203,86.82499694824219,86.82499694824219,32
2026-05-11 19:59:00+00:00,86.83499908447266,86.86000061035156,86.81500244140625,86.86000061035156,42
2026-05-11 20:00:00+00:00,86.83999633789062,86.875,86.83999633789062,86.87000274658203,16
2026-05-11 20:01:00+00:00,86.86499786376953,86.86499786376953,86.86000061035156,86.86499786376953,6
2026-05-11 20:02:00+00:00,86.81999969482422,86.83999633789062,86.80500030517578,86.83999633789062,6
2026-05-11 20:03:00+00:00,86.79499816894531,86.81999969482422,86.79499816894531,86.81999969482422,10
2026-05-11 20:04:00+00:00,86.80000305175781,86.80000305175781,86.77999877929688,86.77999877929688,10
2026-05-11 20:05:00+00:00,86.75,86.79000091552734,86.75,86.79000091552734,5
2026-05-11 20:06:00+00:00,86.71499633789062,86.76499938964844,86.70500183105469,86.76499938964844,15
2026-05-11 20:07:00+00:00,86.66000366210938,86.71499633789062,86.66000366210938,86.69999694824219,16
2026-05-11 20:08:00+00:00,86.625,86.66999816894531,86.58999633789062,86.66999816894531,25
2026-05-11 20:09:00+00:00,86.62000274658203,86.6449966430664,86.61000061035156,86.61000061035156,18
2026-05-11 20:10:00+00:00,86.62999725341797,86.62999725341797,86.59500122070312,86.62000274658203,26
2026-05-11 20:11:00+00:00,86.43499755859375,86.62999725341797,86.34500122070312,86.61499786376953,148
2026-05-11 20:12:00+00:00,86.43000030517578,86.46499633789062,86.33999633789062,86.41999816894531,47
2026-05-11 20:13:00+00:00,86.61499786376953,86.6449966430664,86.43499755859375,86.43499755859375,66
2026-05-11 20:14:00+00:00,86.58000183105469,86.62000274658203,86.55999755859375,86.62000274658203,13
2026-05-11 20:15:00+00:00,86.55999755859375,86.56500244140625,86.54499816894531,86.56500244140625,7
2026-05-11 20:16:00+00:00,86.57499694824219,86.57499694824219,86.56999969482422,86.56999969482422,3
2026-05-11 20:17:00+00:00,86.58499908447266,86.58499908447266,86.55000305175781,86.55000305175781,7
2026-05-11 20:18:00+00:00,86.6050033569336,86.6050033569336,86.5999984741211,86.5999984741211,2
2026-05-11 20:19:00+00:00,86.66999816894531,86.66999816894531,86.61499786376953,86.61499786376953,8
2026-05-11 20:20:00+00:00,86.62999725341797,86.66000366210938,86.62999725341797,86.66000366210938,4
2026-05-11 20:21:00+00:00,86.6449966430664,86.6449966430664,86.61000061035156,86.62999725341797,8
2026-05-11 20:22:00+00:00,86.62999725341797,86.62999725341797,86.62999725341797,86.62999725341797,1
2026-05-11 20:23:00+00:00,86.58499908447266,86.58499908447266,86.58499908447266,86.58499908447266,1
2026-05-11 20:24:00+00:00,86.62000274658203,86.62000274658203,86.61499786376953,86.62000274658203,4
2026-05-11 20:25:00+00:00,86.63500213623047,86.63500213623047,86.63500213623047,86.63500213623047,1
2026-05-11 20:26:00+00:00,86.63500213623047,86.63500213623047,86.61499786376953,86.61499786376953,4
2026-05-11 20:27:00+00:00,86.68000030517578,86.68000030517578,86.63500213623047,86.63500213623047,2
2026-05-11 20:28:00+00:00,86.69999694824219,86.7249984741211,86.69999694824219,86.69999694824219,14
2026-05-11 20:29:00+00:00,86.71499633789062,86.7249984741211,86.70999908447266,86.70999908447266,5
2026-05-11 20:30:00+00:00,86.73500061035156,86.75,86.70999908447266,86.70999908447266,18
2026-05-11 20:31:00+00:00,86.71499633789062,86.7249984741211,86.71499633789062,86.7249984741211,6
2026-05-11 20:32:00+00:00,86.87999725341797,86.87999725341797,86.72000122070312,86.72000122070312,30
2026-05-11 20:33:00+00:00,86.88500213623047,86.8949966430664,86.87999725341797,86.87999725341797,5
2026-05-11 20:34:00+00:00,86.88500213623047,86.88999938964844,86.88500213623047,86.88999938964844,6
2026-05-11 20:35:00+00:00,86.91000366210938,86.94499969482422,86.8550033569336,86.88500213623047,51
2026-05-11 20:37:00+00:00,86.90499877929688,86.90499877929688,86.90499877929688,86.90499877929688,22
2026-05-11 20:38:00+00:00,86.91999816894531,86.91999816894531,86.91500091552734,86.91500091552734,3
2026-05-11 20:39:00+00:00,86.88999938964844,86.91500091552734,86.88999938964844,86.9000015258789,6
2026-05-11 20:40:00+00:00,86.87000274658203,86.88999938964844,86.86499786376953,86.88999938964844,8
2026-05-11 20:41:00+00:00,86.88999938964844,86.9000015258789,86.88500213623047,86.88999938964844,10
2026-05-11 20:42:00+00:00,86.87999725341797,86.87999725341797,86.87999725341797,86.87999725341797,1
2026-05-11 20:43:00+00:00,86.8949966430664,86.9000015258789,86.88500213623047,86.8949966430664,5
2026-05-11 20:44:00+00:00,86.9000015258789,86.9000015258789,86.88500213623047,86.88500213623047,2
2026-05-11 20:45:00+00:00,86.90499877929688,86.91999816894531,86.87999725341797,86.88500213623047,15
2026-05-11 20:46:00+00:00,86.94000244140625,86.94000244140625,86.91500091552734,86.91500091552734,2
2026-05-11 20:47:00+00:00,86.94000244140625,86.95500183105469,86.93499755859375,86.94000244140625,8
2026-05-11 20:48:00+00:00,86.96499633789062,86.9749984741211,86.93000030517578,86.95999908447266,22
2026-05-11 20:49:00+00:00,86.93000030517578,86.97000122070312,86.93000030517578,86.95500183105469,11
2026-05-11 20:50:00+00:00,86.88500213623047,86.97000122070312,86.88500213623047,86.94000244140625,15
2026-05-11 20:51:00+00:00,86.7750015258789,86.84500122070312,86.7750015258789,86.84500122070312,19
2026-05-11 20:52:00+00:00,86.83999633789062,86.83999633789062,86.73500061035156,86.7699966430664,16
2026-05-11 20:53:00+00:00,86.8550033569336,86.8550033569336,86.83499908447266,86.83499908447266,3
2026-05-11 20:54:00+00:00,86.81500244140625,86.86499786376953,86.78500366210938,86.8499984741211,24
2026-05-11 20:55:00+00:00,86.7699966430664,86.84500122070312,86.73500061035156,86.84500122070312,19
2026-05-11 20:56:00+00:00,86.83499908447266,86.83499908447266,86.7699966430664,86.79499816894531,13
2026-05-11 20:57:00+00:00,86.80500030517578,86.83999633789062,86.80500030517578,86.80999755859375,7
2026-05-11 20:58:00+00:00,86.84500122070312,86.84500122070312,86.80999755859375,86.83000183105469,6
2026-05-11 20:59:00+00:00,86.80500030517578,86.87000274658203,86.80500030517578,86.83999633789062,30
2026-05-11 22:00:00+00:00,87.04499816894531,87.08499908447266,86.73999786376953,86.73999786376953,0
2026-05-11 22:01:00+00:00,86.99500274658203,87.04000091552734,86.97000122070312,87.01000213623047,21
2026-05-11 22:02:00+00:00,87.09500122070312,87.13500213623047,86.99500274658203,87.01499938964844,50
2026-05-11 22:03:00+00:00,87.05000305175781,87.0999984741211,87.05000305175781,87.09500122070312,12
2026-05-11 22:04:00+00:00,87.05999755859375,87.07499694824219,87.0199966430664,87.0199966430664,9
2026-05-11 22:05:00+00:00,87.06999969482422,87.06999969482422,87.01499938964844,87.05000305175781,7
2026-05-11 22:06:00+00:00,87.05000305175781,87.08000183105469,87.05000305175781,87.08000183105469,3
2026-05-11 22:07:00+00:00,87.02999877929688,87.05500030517578,87.02999877929688,87.05500030517578,7
2026-05-11 22:08:00+00:00,87.05000305175781,87.09500122070312,87.01499938964844,87.01499938964844,15
2026-05-11 22:09:00+00:00,86.96499633789062,87.0999984741211,86.96499633789062,87.07499694824219,15
2026-05-11 22:10:00+00:00,87.0250015258789,87.0250015258789,86.91500091552734,86.96499633789062,14
2026-05-11 22:11:00+00:00,87.00499725341797,87.01000213623047,86.9749984741211,86.9800033569336,13
2026-05-11 22:13:00+00:00,86.9749984741211,86.9749984741211,86.96499633789062,86.9749984741211,5
2026-05-11 22:14:00+00:00,87.0199966430664,87.0199966430664,86.99500274658203,86.99500274658203,2
2026-05-11 22:15:00+00:00,87.0,87.00499725341797,87.0,87.00499725341797,3
2026-05-11 22:16:00+00:00,87.01000213623047,87.01000213623047,86.9749984741211,86.9749984741211,11
2026-05-11 22:17:00+00:00,87.0,87.0199966430664,86.97000122070312,87.0199966430664,17
2026-05-11 22:18:00+00:00,86.99500274658203,87.0250015258789,86.99500274658203,87.0199966430664,3
2026-05-11 22:19:00+00:00,87.04000091552734,87.05500030517578,87.01000213623047,87.01499938964844,23
2026-05-11 22:20:00+00:00,87.0250015258789,87.05000305175781,87.0250015258789,87.04000091552734,6
2026-05-11 22:22:00+00:00,87.02999877929688,87.04499816894531,87.02999877929688,87.04499816894531,9
2026-05-11 22:23:00+00:00,87.06500244140625,87.07499694824219,87.04499816894531,87.04499816894531,8
2026-05-11 22:24:00+00:00,87.05000305175781,87.06999969482422,87.05000305175781,87.05000305175781,4
2026-05-11 22:25:00+00:00,87.05000305175781,87.05000305175781,87.05000305175781,87.05000305175781,1
2026-05-11 22:26:00+00:00,87.06500244140625,87.06500244140625,87.05999755859375,87.05999755859375,3
2026-05-11 22:27:00+00:00,87.18499755859375,87.18499755859375,87.07499694824219,87.07499694824219,22
2026-05-11 22:28:00+00:00,87.1500015258789,87.19999694824219,87.13999938964844,87.18000030517578,36
2026-05-11 22:29:00+00:00,87.12000274658203,87.13999938964844,87.12000274658203,87.13999938964844,2
2026-05-11 22:30:00+00:00,87.09500122070312,87.09500122070312,87.06999969482422,87.09500122070312,9
2026-05-11 22:31:00+00:00,87.16999816894531,87.19999694824219,87.12999725341797,87.1500015258789,16
2026-05-11 22:32:00+00:00,87.27999877929688,87.34500122070312,87.16000366210938,87.16000366210938,135
2026-05-11 22:33:00+00:00,87.31999969482422,87.33999633789062,87.2249984741211,87.2750015258789,61
2026-05-11 22:34:00+00:00,87.29000091552734,87.33499908447266,87.29000091552734,87.31500244140625,7
2026-05-11 22:35:00+00:00,87.24500274658203,87.25,87.21499633789062,87.24500274658203,12
2026-05-11 22:36:00+00:00,87.23999786376953,87.23999786376953,87.2300033569336,87.2300033569336,8
2026-05-11 22:37:00+00:00,87.26499938964844,87.26499938964844,87.19000244140625,87.2249984741211,12
2026-05-11 22:38:00+00:00,87.28500366210938,87.28500366210938,87.24500274658203,87.26499938964844,16
2026-05-11 22:39:00+00:00,87.23999786376953,87.25,87.23500061035156,87.25,6
2026-05-11 22:40:00+00:00,87.2750015258789,87.2750015258789,87.2699966430664,87.2699966430664,2
2026-05-11 22:41:00+00:00,87.3949966430664,87.3949966430664,87.29000091552734,87.29000091552734,13
2026-05-11 22:42:00+00:00,87.37000274658203,87.44000244140625,87.37000274658203,87.40499877929688,22
2026-05-11 22:43:00+00:00,87.45999908447266,87.4749984741211,87.37000274658203,87.37999725341797,22
2026-05-11 22:44:00+00:00,87.53500366210938,87.53500366210938,87.47000122070312,87.4800033569336,61
2026-05-11 22:45:00+00:00,87.54499816894531,87.54499816894531,87.5,87.54499816894531,22
2026-05-11 22:46:00+00:00,87.75499725341797,87.7750015258789,87.55999755859375,87.56999969482422,95
2026-05-11 22:47:00+00:00,87.76499938964844,87.79000091552734,87.68000030517578,87.7300033569336,35
2026-05-11 22:48:00+00:00,87.75499725341797,87.79499816894531,87.73500061035156,87.7750015258789,49
2026-05-11 22:49:00+00:00,87.69999694824219,87.75,87.69999694824219,87.75,14
2026-05-11 22:50:00+00:00,87.625,87.70999908447266,87.625,87.70999908447266,26
2026-05-11 22:51:00+00:00,87.72000122070312,87.74500274658203,87.61499786376953,87.61499786376953,30
2026-05-11 22:52:00+00:00,87.69499969482422,87.69999694824219,87.66500091552734,87.69499969482422,8
2026-05-11 22:53:00+00:00,87.69499969482422,87.73999786376953,87.69499969482422,87.71499633789062,5
2026-05-11 22:54:00+00:00,87.76000213623047,87.76000213623047,87.68000030517578,87.68000030517578,23
2026-05-11 22:55:00+00:00,87.63500213623047,87.73999786376953,87.63500213623047,87.73999786376953,30
2026-05-11 22:56:00+00:00,87.69000244140625,87.69999694824219,87.6500015258789,87.6500015258789,14
2026-05-11 22:57:00+00:00,87.68499755859375,87.68499755859375,87.68499755859375,87.68499755859375,2
2026-05-11 22:58:00+00:00,87.69000244140625,87.69499969482422,87.67500305175781,87.69499969482422,9
2026-05-11 22:59:00+00:00,87.66000366210938,87.69000244140625,87.63500213623047,87.65499877929688,22
2026-05-11 23:00:00+00:00,87.65499877929688,87.76499938964844,87.65499877929688,87.69999694824219,46
2026-05-11 23:01:00+00:00,87.62999725341797,87.70500183105469,87.57499694824219,87.69000244140625,67
2026-05-11 23:02:00+00:00,87.5999984741211,87.66000366210938,87.52999877929688,87.65499877929688,39
2026-05-11 23:03:00+00:00,87.56500244140625,87.65499877929688,87.56500244140625,87.61000061035156,27
2026-05-11 23:04:00+00:00,87.61499786376953,87.625,87.58499908447266,87.58499908447266,11
2026-05-11 23:05:00+00:00,87.6449966430664,87.6449966430664,87.61499786376953,87.61499786376953,6
2026-05-11 23:06:00+00:00,87.76499938964844,87.7699966430664,87.63999938964844,87.63999938964844,17
2026-05-11 23:07:00+00:00,87.9000015258789,87.91999816894531,87.7300033569336,87.7300033569336,38
2026-05-11 23:08:00+00:00,87.81500244140625,87.91999816894531,87.81500244140625,87.87000274658203,24
2026-05-11 23:09:00+00:00,87.76000213623047,87.82499694824219,87.76000213623047,87.80000305175781,19
2026-05-11 23:10:00+00:00,87.69999694824219,87.76000213623047,87.69999694824219,87.76000213623047,18
2026-05-11 23:11:00+00:00,86.83499908447266,87.69999694824219,86.83499908447266,87.69999694824219,249
2026-05-11 23:12:00+00:00,87.19499969482422,87.27999877929688,86.86000061035156,86.86000061035156,82
2026-05-11 23:13:00+00:00,87.25,87.30999755859375,87.18000030517578,87.19499969482422,47
2026-05-11 23:14:00+00:00,87.16500091552734,87.24500274658203,87.02999877929688,87.24500274658203,85
2026-05-11 23:15:00+00:00,87.3949966430664,87.4000015258789,87.17500305175781,87.17500305175781,52
2026-05-11 23:16:00+00:00,87.30999755859375,87.4000015258789,87.29000091552734,87.37999725341797,14
2026-05-11 23:17:00+00:00,87.36499786376953,87.36499786376953,87.30999755859375,87.30999755859375,6
2026-05-11 23:18:00+00:00,87.32499694824219,87.33499908447266,87.32499694824219,87.32499694824219,3
2026-05-11 23:19:00+00:00,87.375,87.375,87.32499694824219,87.32499694824219,5
2026-05-11 23:20:00+00:00,87.38500213623047,87.3949966430664,87.33499908447266,87.33999633789062,16
2026-05-11 23:21:00+00:00,87.44999694824219,87.51499938964844,87.41999816894531,87.41999816894531,12
2026-05-11 23:22:00+00:00,87.45999908447266,87.45999908447266,87.43000030517578,87.43000030517578,8
2026-05-11 23:23:00+00:00,87.41999816894531,87.45999908447266,87.41999816894531,87.45999908447266,5
2026-05-11 23:24:00+00:00,87.3949966430664,87.3949966430664,87.3949966430664,87.3949966430664,1
2026-05-11 23:25:00+00:00,87.36000061035156,87.38999938964844,87.18499755859375,87.38999938964844,114
2026-05-11 23:26:00+00:00,87.3550033569336,87.3550033569336,87.3550033569336,87.3550033569336,13
2026-05-11 23:27:00+00:00,87.41500091552734,87.41500091552734,87.41500091552734,87.41500091552734,1
2026-05-11 23:28:00+00:00,87.4000015258789,87.4000015258789,87.38999938964844,87.38999938964844,2
2026-05-11 23:29:00+00:00,87.38999938964844,87.41500091552734,87.38999938964844,87.4000015258789,10
2026-05-11 23:30:00+00:00,87.36499786376953,87.36499786376953,87.36000061035156,87.36499786376953,11
2026-05-11 23:31:00+00:00,87.73500061035156,87.73500061035156,87.4000015258789,87.4000015258789,90
2026-05-11 23:32:00+00:00,87.68000030517578,87.78500366210938,87.66000366210938,87.7249984741211,39
2026-05-11 23:33:00+00:00,87.7249984741211,87.75,87.6500015258789,87.6500015258789,17
2026-05-11 23:34:00+00:00,87.80000305175781,87.81999969482422,87.69999694824219,87.71499633789062,78
2026-05-11 23:35:00+00:00,87.8499984741211,87.86499786376953,87.77999877929688,87.82499694824219,58
2026-05-11 23:36:00+00:00,87.70500183105469,87.94999694824219,87.66500091552734,87.82499694824219,237
2026-05-11 23:37:00+00:00,87.94000244140625,87.9749984741211,87.68499755859375,87.69499969482422,147
2026-05-11 23:38:00+00:00,87.98500061035156,88.0,87.86499786376953,87.95500183105469,226
2026-05-11 23:39:00+00:00,87.76000213623047,87.9749984741211,87.76000213623047,87.9749984741211,34
2026-05-11 23:40:00+00:00,87.81500244140625,87.82499694824219,87.76000213623047,87.76499938964844,44
2026-05-11 23:41:00+00:00,87.72000122070312,87.80999755859375,87.70500183105469,87.80999755859375,12
2026-05-11 23:42:00+00:00,87.61499786376953,87.71499633789062,87.61499786376953,87.70500183105469,24
2026-05-11 23:43:00+00:00,87.65499877929688,87.69999694824219,87.65499877929688,87.66000366210938,4
2026-05-11 23:44:00+00:00,87.63500213623047,87.66999816894531,87.63500213623047,87.66999816894531,10
2026-05-11 23:45:00+00:00,87.62000274658203,87.66500091552734,87.62000274658203,87.66000366210938,8
2026-05-11 23:46:00+00:00,87.54000091552734,87.61499786376953,87.54000091552734,87.61499786376953,21
2026-05-11 23:47:00+00:00,87.53500366210938,87.54499816894531,87.51499938964844,87.5250015258789,14
2026-05-11 23:48:00+00:00,87.59500122070312,87.59500122070312,87.53500366210938,87.53500366210938,4
2026-05-11 23:49:00+00:00,87.63999938964844,87.63999938964844,87.5999984741211,87.5999984741211,4
2026-05-11 23:50:00+00:00,87.62000274658203,87.63999938964844,87.61000061035156,87.625,5
2026-05-11 23:52:00+00:00,87.82499694824219,87.8499984741211,87.66000366210938,87.66000366210938,20
2026-05-11 23:53:00+00:00,87.7699966430664,87.80500030517578,87.7699966430664,87.7750015258789,13
2026-05-11 23:54:00+00:00,87.73999786376953,87.78500366210938,87.73999786376953,87.78500366210938,9
2026-05-11 23:55:00+00:00,87.78500366210938,87.78500366210938,87.7249984741211,87.7300033569336,6
2026-05-11 23:56:00+00:00,87.76000213623047,87.80500030517578,87.7300033569336,87.73999786376953,19
2026-05-11 23:57:00+00:00,87.77999877929688,87.80500030517578,87.77999877929688,87.80500030517578,4
2026-05-11 23:58:00+00:00,87.8949966430664,87.94499969482422,87.79000091552734,87.79000091552734,24
2026-05-11 23:59:00+00:00,87.93000030517578,87.98500061035156,87.88999938964844,87.88999938964844,50
2026-05-12 00:00:00+00:00,87.41000366210938,87.91000366210938,87.37000274658203,87.91000366210938,62
2026-05-12 00:01:00+00:00,87.30500030517578,87.36499786376953,87.19000244140625,87.36499786376953,42
2026-05-12 00:02:00+00:00,87.375,87.4000015258789,87.2249984741211,87.37999725341797,35
2026-05-12 00:03:00+00:00,87.31500244140625,87.33999633789062,87.2699966430664,87.33999633789062,18
2026-05-12 00:04:00+00:00,87.55000305175781,87.55000305175781,87.4000015258789,87.4000015258789,33
2026-05-12 00:05:00+00:00,87.4749984741211,87.61499786376953,87.4749984741211,87.5,29
2026-05-12 00:06:00+00:00,87.50499725341797,87.52999877929688,87.41000366210938,87.44499969482422,8
2026-05-12 00:07:00+00:00,87.44499969482422,87.48999786376953,87.44000244140625,87.48999786376953,4
2026-05-12 00:08:00+00:00,87.54000091552734,87.54000091552734,87.53500366210938,87.53500366210938,3
2026-05-12 00:09:00+00:00,87.61000061035156,87.61000061035156,87.48999786376953,87.48999786376953,3
2026-05-12 00:10:00+00:00,87.55999755859375,87.7249984741211,87.55999755859375,87.5999984741211,28
2026-05-12 00:11:00+00:00,87.52999877929688,87.55999755859375,87.51000213623047,87.55500030517578,10
2026-05-12 00:12:00+00:00,87.61499786376953,87.61499786376953,87.54000091552734,87.54000091552734,5
2026-05-12 00:13:00+00:00,87.43499755859375,87.5199966430664,87.43499755859375,87.5199966430664,13
2026-05-12 00:14:00+00:00,87.55999755859375,87.6050033569336,87.48999786376953,87.48999786376953,16
2026-05-12 00:15:00+00:00,87.59500122070312,87.59500122070312,87.5,87.50499725341797,11
2026-05-12 00:16:00+00:00,87.625,87.6500015258789,87.53500366210938,87.62999725341797,15
2026-05-12 00:17:00+00:00,87.7300033569336,87.7300033569336,87.625,87.625,8
2026-05-12 00:18:00+00:00,87.70500183105469,87.78500366210938,87.70500183105469,87.75,4
2026-05-12 00:19:00+00:00,87.65499877929688,87.75,87.62000274658203,87.75,15
2026-05-12 00:20:00+00:00,87.66999816894531,87.66999816894531,87.625,87.6500015258789,5
2026-05-12 00:21:00+00:00,87.57499694824219,87.63500213623047,87.57499694824219,87.62999725341797,6
2026-05-12 00:22:00+00:00,87.42500305175781,87.56500244140625,87.38999938964844,87.56500244140625,33
2026-05-12 00:23:00+00:00,87.12000274658203,87.42500305175781,86.98500061035156,87.42500305175781,44
2026-05-12 00:24:00+00:00,87.27999877929688,87.33000183105469,87.13500213623047,87.13500213623047,64
2026-05-12 00:25:00+00:00,87.3949966430664,87.44499969482422,87.29000091552734,87.29000091552734,143
2026-05-12 00:26:00+00:00,87.5,87.5,87.44499969482422,87.44499969482422,7
2026-05-12 00:27:00+00:00,87.41999816894531,87.5,87.41000366210938,87.5,9
2026-05-12 00:28:00+00:00,87.34500122070312,87.40499877929688,87.34500122070312,87.40499877929688,7
2026-05-12 00:30:00+00:00,87.2699966430664,87.34500122070312,87.23500061035156,87.34500122070312,28
2026-05-12 00:31:00+00:00,87.31500244140625,87.31500244140625,87.30999755859375,87.30999755859375,3
2026-05-12 00:32:00+00:00,87.26499938964844,87.30999755859375,87.23999786376953,87.30999755859375,9
2026-05-12 00:33:00+00:00,87.20999908447266,87.26499938964844,87.20999908447266,87.26499938964844,8
2026-05-12 00:34:00+00:00,87.19999694824219,87.26000213623047,87.19999694824219,87.26000213623047,3
2026-05-12 00:35:00+00:00,87.22000122070312,87.22000122070312,87.20999908447266,87.20999908447266,4
2026-05-12 00:37:00+00:00,87.30000305175781,87.33499908447266,87.30000305175781,87.30000305175781,8
2026-05-12 00:38:00+00:00,87.30000305175781,87.33499908447266,87.25,87.33499908447266,14
2026-05-12 00:39:00+00:00,87.29000091552734,87.29000091552734,87.25,87.26000213623047,8
2026-05-12 00:40:00+00:00,87.29499816894531,87.29499816894531,87.26499938964844,87.2699966430664,15
2026-05-12 00:41:00+00:00,87.27999877929688,87.27999877929688,87.23999786376953,87.27999877929688,14
2026-05-12 00:42:00+00:00,87.16500091552734,87.27999877929688,87.1500015258789,87.27999877929688,7
2026-05-12 00:43:00+00:00,87.125,87.20500183105469,87.12000274658203,87.20500183105469,31
2026-05-12 00:44:00+00:00,87.05999755859375,87.15499877929688,87.05999755859375,87.13999938964844,25
2026-05-12 00:45:00+00:00,87.13999938964844,87.20999908447266,87.09500122070312,87.09500122070312,29
2026-05-12 00:46:00+00:00,87.08000183105469,87.21499633789062,87.08000183105469,87.16000366210938,9
2026-05-12 00:47:00+00:00,87.08000183105469,87.12999725341797,87.0199966430664,87.06500244140625,23
2026-05-12 00:48:00+00:00,87.08999633789062,87.16000366210938,87.08999633789062,87.0999984741211,5
2026-05-12 00:49:00+00:00,87.1050033569336,87.1050033569336,87.08999633789062,87.08999633789062,3
2026-05-12 00:50:00+00:00,87.06500244140625,87.0999984741211,87.05000305175781,87.0999984741211,6
2026-05-12 00:51:00+00:00,87.08999633789062,87.11000061035156,87.08999633789062,87.11000061035156,3
2026-05-12 00:52:00+00:00,87.07499694824219,87.08999633789062,87.05000305175781,87.08999633789062,8
2026-05-12 00:53:00+00:00,86.99500274658203,87.0,86.94499969482422,87.0,10
2026-05-12 00:54:00+00:00,87.0,87.0,86.91000366210938,86.99500274658203,26
2026-05-12 00:55:00+00:00,87.02999877929688,87.02999877929688,86.9800033569336,87.0,12
2026-05-12 00:56:00+00:00,86.9800033569336,87.0250015258789,86.94000244140625,87.01499938964844,23
2026-05-12 00:57:00+00:00,87.05000305175781,87.05500030517578,86.9800033569336,86.98500061035156,33
2026-05-12 00:58:00+00:00,86.92500305175781,87.00499725341797,86.92500305175781,87.00499725341797,16
2026-05-12 00:59:00+00:00,86.7699966430664,86.91999816894531,86.72000122070312,86.91999816894531,109
2026-05-12 01:00:00+00:00,87.09500122070312,87.18000030517578,86.57499694824219,86.76000213623047,186
2026-05-12 01:01:00+00:00,87.30500030517578,87.31999969482422,87.12000274658203,87.12999725341797,91
2026-05-12 01:02:00+00:00,87.41000366210938,87.41999816894531,87.12000274658203,87.29000091552734,71
2026-05-12 01:03:00+00:00,87.36499786376953,87.46499633789062,87.3499984741211,87.36000061035156,47
2026-05-12 01:04:00+00:00,87.08000183105469,87.37999725341797,87.08000183105469,87.36499786376953,46
2026-05-12 01:05:00+00:00,87.30999755859375,87.30999755859375,87.0,87.0,57
2026-05-12 01:06:00+00:00,87.45500183105469,87.61499786376953,87.29499816894531,87.30000305175781,112
2026-05-12 01:07:00+00:00,87.62999725341797,87.62999725341797,87.3499984741211,87.46499633789062,71
2026-05-12 01:08:00+00:00,87.55000305175781,87.57499694824219,87.48500061035156,87.55999755859375,32
2026-05-12 01:09:00+00:00,87.61499786376953,87.6449966430664,87.48500061035156,87.51499938964844,25
2026-05-12 01:10:00+00:00,87.55000305175781,87.62000274658203,87.52999877929688,87.62000274658203,14
2026-05-12 01:11:00+00:00,87.54000091552734,87.63500213623047,87.54000091552734,87.58499908447266,43
2026-05-12 01:12:00+00:00,87.51000213623047,87.56500244140625,87.47000122070312,87.54499816894531,30
2026-05-12 01:13:00+00:00,87.47000122070312,87.55000305175781,87.44999694824219,87.52999877929688,26
2026-05-12 01:14:00+00:00,87.5,87.55500030517578,87.5,87.55500030517578,7
2026-05-12 01:15:00+00:00,87.55999755859375,87.55999755859375,87.4000015258789,87.45500183105469,17
2026-05-12 01:16:00+00:00,87.41999816894531,87.5999984741211,87.41999816894531,87.56999969482422,23
2026-05-12 01:17:00+00:00,87.51499938964844,87.51499938964844,87.41000366210938,87.41999816894531,9
2026-05-12 01:18:00+00:00,87.55000305175781,87.55000305175781,87.40499877929688,87.49500274658203,30
2026-05-12 01:19:00+00:00,87.62999725341797,87.76000213623047,87.61000061035156,87.61000061035156,50
2026-05-12 01:20:00+00:00,87.67500305175781,87.76000213623047,87.65499877929688,87.69999694824219,25
2026-05-12 01:21:00+00:00,87.69000244140625,87.70999908447266,87.62999725341797,87.67500305175781,26
2026-05-12 01:22:00+00:00,87.62999725341797,87.70500183105469,87.62000274658203,87.70500183105469,40
2026-05-12 01:23:00+00:00,87.68000030517578,87.75,87.62999725341797,87.62999725341797,33
2026-05-12 01:24:00+00:00,87.66999816894531,87.7300033569336,87.66999816894531,87.67500305175781,7
2026-05-12 01:25:00+00:00,87.5,87.76499938964844,87.4800033569336,87.66999816894531,69
2026-05-12 01:26:00+00:00,87.3550033569336,87.5199966430664,87.30999755859375,87.4800033569336,55
2026-05-12 01:27:00+00:00,87.22000122070312,87.42500305175781,87.0999984741211,87.38999938964844,56
2026-05-12 01:28:00+00:00,87.2249984741211,87.2300033569336,87.05500030517578,87.19999694824219,53
2026-05-12 01:29:00+00:00,87.05000305175781,87.24500274658203,87.05000305175781,87.24500274658203,36
2026-05-12 01:30:00+00:00,87.1449966430664,87.1449966430664,87.04000091552734,87.04000091552734,36
2026-05-12 01:31:00+00:00,87.12999725341797,87.2300033569336,87.12999725341797,87.19000244140625,11
2026-05-12 01:32:00+00:00,87.30500030517578,87.33000183105469,87.19499969482422,87.19499969482422,35
2026-05-12 01:33:00+00:00,87.34500122070312,87.34500122070312,87.29499816894531,87.33000183105469,11
2026-05-12 01:34:00+00:00,87.05000305175781,87.26000213623047,87.0250015258789,87.24500274658203,33
2026-05-12 01:35:00+00:00,86.9749984741211,87.12000274658203,86.9749984741211,87.05500030517578,59
2026-05-12 01:36:00+00:00,86.86499786376953,86.9800033569336,86.8499984741211,86.96499633789062,81
2026-05-12 01:37:00+00:00,86.87000274658203,86.95500183105469,86.80999755859375,86.84500122070312,34
2026-05-12 01:38:00+00:00,86.62000274658203,86.84500122070312,86.56999969482422,86.84500122070312,194
2026-05-12 01:39:00+00:00,86.46499633789062,86.70999908447266,86.30999755859375,86.62000274658203,204
2026-05-12 01:40:00+00:00,86.29499816894531,86.58499908447266,86.28500366210938,86.5,51
2026-05-12 01:41:00+00:00,86.30500030517578,86.3499984741211,86.17500305175781,86.30500030517578,159
2026-05-12 01:42:00+00:00,86.44999694824219,86.46499633789062,86.21499633789062,86.31500244140625,89
2026-05-12 01:43:00+00:00,86.55999755859375,86.56500244140625,86.44000244140625,86.44999694824219,54
2026-05-12 01:44:00+00:00,86.79000091552734,86.82499694824219,86.55999755859375,86.58999633789062,81
2026-05-12 01:45:00+00:00,86.75499725341797,86.80500030517578,86.66000366210938,86.79000091552734,82
2026-05-12 01:46:00+00:00,86.6449966430664,86.77999877929688,86.61499786376953,86.73999786376953,51
2026-05-12 01:47:00+00:00,86.66500091552734,86.75,86.62999725341797,86.69000244140625,32
2026-05-12 01:48:00+00:00,86.77999877929688,86.77999877929688,86.63500213623047,86.6449966430664,24
2026-05-12 01:49:00+00:00,86.87000274658203,86.87999725341797,86.75499725341797,86.75499725341797,21
2026-05-12 01:50:00+00:00,86.74500274658203,86.88999938964844,86.7249984741211,86.875,43
2026-05-12 01:51:00+00:00,86.78500366210938,86.80999755859375,86.7249984741211,86.73500061035156,38
2026-05-12 01:52:00+00:00,86.77999877929688,86.84500122070312,86.77999877929688,86.81500244140625,13
2026-05-12 01:53:00+00:00,86.84500122070312,86.86000061035156,86.80500030517578,86.82499694824219,14
2026-05-12 01:54:00+00:00,86.81500244140625,86.87999725341797,86.73500061035156,86.83000183105469,24
2026-05-12 01:55:00+00:00,86.69499969482422,86.76000213623047,86.62999725341797,86.76000213623047,38
2026-05-12 01:56:00+00:00,86.7300033569336,86.76499938964844,86.66000366210938,86.69999694824219,17
2026-05-12 01:57:00+00:00,86.69499969482422,86.86000061035156,86.69499969482422,86.80999755859375,21
2026-05-12 01:58:00+00:00,86.69000244140625,86.69499969482422,86.68000030517578,86.68000030517578,4
2026-05-12 01:59:00+00:00,86.69999694824219,86.73999786376953,86.56999969482422,86.69999694824219,26
2026-05-12 02:00:00+00:00,86.87000274658203,86.87999725341797,86.73999786376953,86.73999786376953,26
2026-05-12 02:01:00+00:00,86.88999938964844,86.9000015258789,86.80000305175781,86.8499984741211,26
2026-05-12 02:02:00+00:00,86.875,86.88999938964844,86.79499816894531,86.88999938964844,17
2026-05-12 02:03:00+00:00,86.77999877929688,86.91000366210938,86.76000213623047,86.91000366210938,20
2026-05-12 02:04:00+00:00,86.90499877929688,86.90499877929688,86.80500030517578,86.82499694824219,19
2026-05-12 02:05:00+00:00,86.82499694824219,86.94000244140625,86.82499694824219,86.91000366210938,14
2026-05-12 02:06:00+00:00,86.83499908447266,86.8550033569336,86.74500274658203,86.8550033569336,10
2026-05-12 02:07:00+00:00,86.86499786376953,86.86499786376953,86.81500244140625,86.8550033569336,6
2026-05-12 02:08:00+00:00,86.88999938964844,86.88999938964844,86.8499984741211,86.8499984741211,3
2026-05-12 02:09:00+00:00,86.9000015258789,86.9000015258789,86.83000183105469,86.83000183105469,26
2026-05-12 02:10:00+00:00,87.11499786376953,87.11499786376953,86.90499877929688,86.90499877929688,57
2026-05-12 02:11:00+00:00,87.13999938964844,87.16000366210938,87.09500122070312,87.11499786376953,54
2026-05-12 02:12:00+00:00,87.09500122070312,87.18499755859375,87.07499694824219,87.1500015258789,18
2026-05-12 02:13:00+00:00,86.91999816894531,87.17500305175781,86.91999816894531,87.12000274658203,46
2026-05-12 02:14:00+00:00,86.95500183105469,86.95500183105469,86.83000183105469,86.93000030517578,38
2026-05-12 02:15:00+00:00,86.91500091552734,86.96499633789062,86.84500122070312,86.96499633789062,28
2026-05-12 02:16:00+00:00,86.95999908447266,86.95999908447266,86.9000015258789,86.91500091552734,12
2026-05-12 02:17:00+00:00,86.98999786376953,87.0,86.91999816894531,86.92500305175781,11
2026-05-12 02:18:00+00:00,86.93499755859375,86.95999908447266,86.93499755859375,86.95999908447266,11
2026-05-12 02:19:00+00:00,86.79000091552734,86.94999694824219,86.79000091552734,86.94999694824219,11
2026-05-12 02:20:00+00:00,86.84500122070312,86.86000061035156,86.76499938964844,86.80999755859375,35
2026-05-12 02:21:00+00:00,86.82499694824219,86.83999633789062,86.81500244140625,86.83000183105469,10
2026-05-12 02:22:00+00:00,86.8499984741211,86.8499984741211,86.81500244140625,86.83000183105469,15
2026-05-12 02:23:00+00:00,86.83499908447266,86.83999633789062,86.83499908447266,86.83999633789062,2
2026-05-12 02:24:00+00:00,86.84500122070312,86.87000274658203,86.83000183105469,86.83000183105469,13
2026-05-12 02:25:00+00:00,86.80000305175781,86.8550033569336,86.80000305175781,86.8499984741211,15
2026-05-12 02:26:00+00:00,86.69999694824219,86.75,86.69499969482422,86.75,25
2026-05-12 02:27:00+00:00,86.66999816894531,86.68000030517578,86.61499786376953,86.6500015258789,18
2026-05-12 02:28:00+00:00,86.71499633789062,86.73999786376953,86.61000061035156,86.68000030517578,26
2026-05-12 02:29:00+00:00,86.69499969482422,86.7300033569336,86.69499969482422,86.7300033569336,2
2026-05-12 02:30:00+00:00,86.46499633789062,86.8949966430664,86.46499633789062,86.73500061035156,77
2026-05-12 02:31:00+00:00,86.44999694824219,86.5,86.33000183105469,86.46499633789062,87
2026-05-12 02:32:00+00:00,86.44499969482422,86.50499725341797,86.44000244140625,86.45999908447266,14
2026-05-12 02:33:00+00:00,86.45999908447266,86.5,86.31999969482422,86.40499877929688,43
2026-05-12 02:34:00+00:00,86.3949966430664,86.5,86.32499694824219,86.5,29
2026-05-12 02:35:00+00:00,86.3499984741211,86.4000015258789,86.29499816894531,86.4000015258789,50
2026-05-12 02:36:00+00:00,86.43000030517578,86.44999694824219,86.30500030517578,86.34500122070312,49
2026-05-12 02:37:00+00:00,86.44499969482422,86.4800033569336,86.43499755859375,86.44999694824219,24
2026-05-12 02:38:00+00:00,86.31500244140625,86.45500183105469,86.28500366210938,86.45500183105469,23
2026-05-12 02:39:00+00:00,86.375,86.43000030517578,86.32499694824219,86.32499694824219,24
2026-05-12 02:40:00+00:00,86.31999969482422,86.34500122070312,86.2249984741211,86.34500122070312,66
2026-05-12 02:41:00+00:00,86.37000274658203,86.43000030517578,86.31500244140625,86.33999633789062,18
2026-05-12 02:42:00+00:00,86.48500061035156,86.5,86.375,86.43000030517578,30
2026-05-12 02:43:00+00:00,86.55500030517578,86.55999755859375,86.48999786376953,86.50499725341797,15
2026-05-12 02:44:00+00:00,86.66500091552734,86.66500091552734,86.58499908447266,86.58499908447266,11
2026-05-12 02:45:00+00:00,86.78500366210938,86.79000091552734,86.65499877929688,86.65499877929688,27
2026-05-12 02:46:00+00:00,86.8499984741211,86.8949966430664,86.79499816894531,86.80000305175781,17
2026-05-12 02:47:00+00:00,86.76499938964844,86.86000061035156,86.73999786376953,86.84500122070312,27
2026-05-12 02:48:00+00:00,86.65499877929688,86.7699966430664,86.63500213623047,86.73999786376953,55
2026-05-12 02:49:00+00:00,86.69999694824219,86.69999694824219,86.58499908447266,86.6449966430664,11
2026-05-12 02:50:00+00:00,86.9000015258789,86.9000015258789,86.69999694824219,86.69999694824219,28
2026-05-12 02:51:00+00:00,86.87999725341797,86.87999725341797,86.80000305175781,86.86499786376953,24
2026-05-12 02:52:00+00:00,87.1050033569336,87.12000274658203,86.91999816894531,86.91999816894531,70
2026-05-12 02:53:00+00:00,87.11499786376953,87.1449966430664,87.04499816894531,87.1050033569336,38
2026-05-12 02:54:00+00:00,87.08000183105469,87.08999633789062,87.04499816894531,87.08000183105469,16
2026-05-12 02:55:00+00:00,87.05000305175781,87.0999984741211,87.02999877929688,87.08999633789062,16
2026-05-12 02:56:00+00:00,87.05999755859375,87.05999755859375,86.99500274658203,87.0,15
2026-05-12 02:57:00+00:00,86.97000122070312,87.02999877929688,86.93000030517578,87.02999877929688,16
2026-05-12 02:58:00+00:00,87.03500366210938,87.05000305175781,86.98999786376953,86.98999786376953,8
2026-05-12 02:59:00+00:00,86.96499633789062,87.04499816894531,86.96499633789062,87.04499816894531,9
2026-05-12 03:00:00+00:00,87.05000305175781,87.06999969482422,86.9800033569336,86.99500274658203,15
2026-05-12 03:01:00+00:00,86.8949966430664,87.1050033569336,86.8949966430664,87.04499816894531,23
2026-05-12 03:02:00+00:00,86.88999938964844,86.94000244140625,86.87999725341797,86.88999938964844,16
2026-05-12 03:03:00+00:00,86.9000015258789,86.91999816894531,86.9000015258789,86.91000366210938,5
2026-05-12 03:04:00+00:00,87.0250015258789,87.0250015258789,86.88500213623047,86.88500213623047,7
2026-05-12 03:05:00+00:00,87.0199966430664,87.0199966430664,86.98500061035156,87.0,10
2026-05-12 03:06:00+00:00,86.9800033569336,87.02999877929688,86.9749984741211,86.98999786376953,9
2026-05-12 03:07:00+00:00,86.9800033569336,87.0,86.9800033569336,86.99500274658203,12
2026-05-12 03:08:00+00:00,86.88999938964844,86.98500061035156,86.87999725341797,86.98500061035156,11
2026-05-12 03:09:00+00:00,86.88500213623047,86.93499755859375,86.88500213623047,86.93499755859375,7
2026-05-12 03:10:00+00:00,86.875,86.94499969482422,86.875,86.90499877929688,9
2026-05-12 03:11:00+00:00,86.94000244140625,86.9800033569336,86.79000091552734,86.83499908447266,12
2026-05-12 03:12:00+00:00,86.83999633789062,86.91500091552734,86.83999633789062,86.91500091552734,6
2026-05-12 03:13:00+00:00,86.83999633789062,86.86000061035156,86.83000183105469,86.86000061035156,7
2026-05-12 03:14:00+00:00,86.96499633789062,87.00499725341797,86.88500213623047,86.88500213623047,59
2026-05-12 03:15:00+00:00,86.93499755859375,86.9800033569336,86.93499755859375,86.9749984741211,6
2026-05-12 03:16:00+00:00,86.93000030517578,86.93000030517578,86.9000015258789,86.91000366210938,13
2026-05-12 03:17:00+00:00,86.88999938964844,86.94999694824219,86.86499786376953,86.94999694824219,11
2026-05-12 03:18:00+00:00,86.86499786376953,86.875,86.86000061035156,86.875,12
2026-05-12 03:19:00+00:00,86.80500030517578,86.8499984741211,86.80000305175781,86.8499984741211,16
2026-05-12 03:20:00+00:00,86.80500030517578,86.81999969482422,86.80000305175781,86.81500244140625,7
2026-05-12 03:21:00+00:00,86.73500061035156,86.83000183105469,86.73500061035156,86.79499816894531,13
2026-05-12 03:22:00+00:00,86.68499755859375,86.71499633789062,86.625,86.69999694824219,46
2026-05-12 03:23:00+00:00,86.7300033569336,86.76499938964844,86.71499633789062,86.72000122070312,7
2026-05-12 03:24:00+00:00,86.69499969482422,86.73999786376953,86.69000244140625,86.69999694824219,7
2026-05-12 03:25:00+00:00,86.68499755859375,86.70999908447266,86.66999816894531,86.66999816894531,6
2026-05-12 03:26:00+00:00,86.68000030517578,86.68000030517578,86.62000274658203,86.6500015258789,9
2026-05-12 03:27:00+00:00,86.69499969482422,86.69499969482422,86.6449966430664,86.69499969482422,8
2026-05-12 03:28:00+00:00,86.6050033569336,86.66000366210938,86.6050033569336,86.66000366210938,27
2026-05-12 03:29:00+00:00,86.69499969482422,86.69999694824219,86.61000061035156,86.62999725341797,17
2026-05-12 03:30:00+00:00,86.75499725341797,86.7750015258789,86.72000122070312,86.72000122070312,24
2026-05-12 03:31:00+00:00,86.875,86.875,86.77999877929688,86.77999877929688,14
2026-05-12 03:32:00+00:00,86.80500030517578,86.88500213623047,86.80000305175781,86.88500213623047,12
2026-05-12 03:33:00+00:00,86.83499908447266,86.86000061035156,86.80999755859375,86.80999755859375,6
2026-05-12 03:34:00+00:00,86.8550033569336,86.86000061035156,86.8499984741211,86.86000061035156,5
2026-05-12 03:35:00+00:00,86.87000274658203,86.875,86.84500122070312,86.8499984741211,8
2026-05-12 03:36:00+00:00,86.98999786376953,86.99500274658203,86.87000274658203,86.87999725341797,14
2026-05-12 03:37:00+00:00,87.02999877929688,87.02999877929688,86.9800033569336,86.9800033569336,12
2026-05-12 03:38:00+00:00,87.0199966430664,87.04499816894531,87.00499725341797,87.0199966430664,8
2026-05-12 03:39:00+00:00,87.05999755859375,87.05999755859375,87.0250015258789,87.04000091552734,14
2026-05-12 03:40:00+00:00,87.11000061035156,87.12000274658203,87.05000305175781,87.05000305175781,29
2026-05-12 03:41:00+00:00,87.0,87.06500244140625,87.0,87.05000305175781,6
2026-05-12 03:42:00+00:00,87.06500244140625,87.06500244140625,87.05000305175781,87.05000305175781,2
2026-05-12 03:43:00+00:00,86.94000244140625,87.02999877929688,86.94000244140625,87.02999877929688,7
2026-05-12 03:44:00+00:00,86.90499877929688,86.94000244140625,86.90499877929688,86.94000244140625,3
2026-05-12 03:45:00+00:00,86.76499938964844,86.94000244140625,86.76499938964844,86.94000244140625,24
2026-05-12 03:46:00+00:00,86.76000213623047,86.79499816894531,86.76000213623047,86.79499816894531,5
2026-05-12 03:47:00+00:00,86.83499908447266,86.86000061035156,86.79499816894531,86.79499816894531,11
2026-05-12 03:48:00+00:00,86.86499786376953,86.88500213623047,86.83499908447266,86.87000274658203,9
2026-05-12 03:49:00+00:00,86.80500030517578,86.81500244140625,86.80500030517578,86.81500244140625,3
2026-05-12 03:50:00+00:00,86.73500061035156,86.73500061035156,86.73500061035156,86.73500061035156,1
2026-05-12 03:51:00+00:00,86.79000091552734,86.80999755859375,86.79000091552734,86.80999755859375,2
2026-05-12 03:52:00+00:00,86.87999725341797,86.87999725341797,86.875,86.875,2
2026-05-12 03:53:00+00:00,86.93499755859375,86.93499755859375,86.90499877929688,86.90499877929688,4
2026-05-12 03:54:00+00:00,86.76000213623047,86.94999694824219,86.73999786376953,86.94999694824219,44
2026-05-12 03:55:00+00:00,86.69499969482422,86.79499816894531,86.67500305175781,86.77999877929688,22
2026-05-12 03:56:00+00:00,86.63500213623047,86.71499633789062,86.61499786376953,86.71499633789062,18
2026-05-12 03:57:00+00:00,86.72000122070312,86.72000122070312,86.56500244140625,86.61000061035156,25
2026-05-12 03:58:00+00:00,86.76499938964844,86.7750015258789,86.76499938964844,86.7699966430664,8
2026-05-12 04:00:00+00:00,86.76499938964844,86.77999877929688,86.76499938964844,86.77999877929688,2
2026-05-12 04:01:00+00:00,86.91999816894531,86.91999816894531,86.80999755859375,86.80999755859375,15
2026-05-12 04:02:00+00:00,86.80999755859375,86.87000274658203,86.80999755859375,86.87000274658203,9
2026-05-12 04:03:00+00:00,86.76499938964844,86.83999633789062,86.74500274658203,86.81999969482422,6
2026-05-12 04:04:00+00:00,86.79499816894531,86.79499816894531,86.74500274658203,86.74500274658203,3
2026-05-12 04:05:00+00:00,86.87999725341797,86.87999725341797,86.80999755859375,86.80999755859375,10
2026-05-12 04:06:00+00:00,86.8949966430664,86.8949966430664,86.8499984741211,86.86000061035156,6
2026-05-12 04:07:00+00:00,86.94000244140625,86.94000244140625,86.875,86.90499877929688,36
2026-05-12 04:08:00+00:00,86.86499786376953,86.9800033569336,86.86499786376953,86.95999908447266,9
2026-05-12 04:10:00+00:00,87.0,87.0,86.93499755859375,86.93499755859375,11
2026-05-12 04:11:00+00:00,86.94999694824219,86.96499633789062,86.92500305175781,86.96499633789062,6
2026-05-12 04:12:00+00:00,86.91999816894531,86.94999694824219,86.91999816894531,86.94999694824219,3
2026-05-12 04:13:00+00:00,86.91999816894531,86.91999816894531,86.91999816894531,86.91999816894531,1
2026-05-12 04:15:00+00:00,87.08000183105469,87.08000183105469,86.94999694824219,86.94999694824219,17
2026-05-12 04:16:00+00:00,87.1449966430664,87.18000030517578,87.11499786376953,87.12000274658203,26
2026-05-12 04:17:00+00:00,87.13999938964844,87.16500091552734,87.13999938964844,87.1500015258789,6
2026-05-12 04:18:00+00:00,86.97000122070312,87.06999969482422,86.93499755859375,87.06999969482422,13
2026-05-12 04:19:00+00:00,86.95500183105469,86.98500061035156,86.875,86.9800033569336,17
2026-05-12 04:20:00+00:00,87.02999877929688,87.02999877929688,86.95999908447266,86.95999908447266,4
2026-05-12 04:21:00+00:00,87.06999969482422,87.07499694824219,87.0,87.0,9
2026-05-12 04:22:00+00:00,86.99500274658203,87.07499694824219,86.99500274658203,87.07499694824219,5
2026-05-12 04:23:00+00:00,86.94999694824219,86.9800033569336,86.93499755859375,86.95999908447266,8
2026-05-12 04:24:00+00:00,86.95999908447266,86.98500061035156,86.94499969482422,86.94499969482422,9
2026-05-12 04:25:00+00:00,86.95500183105469,86.96499633789062,86.95500183105469,86.96499633789062,8
2026-05-12 04:26:00+00:00,86.9800033569336,86.9800033569336,86.95999908447266,86.95999908447266,2
2026-05-12 04:27:00+00:00,86.95500183105469,86.98999786376953,86.95500183105469,86.97000122070312,18
2026-05-12 04:28:00+00:00,86.94499969482422,86.94999694824219,86.94499969482422,86.94999694824219,2
2026-05-12 04:29:00+00:00,86.81500244140625,86.93000030517578,86.78500366210938,86.93000030517578,73
2026-05-12 04:30:00+00:00,86.83000183105469,86.83000183105469,86.79499816894531,86.80500030517578,35
2026-05-12 04:31:00+00:00,86.81500244140625,86.83999633789062,86.81500244140625,86.83000183105469,6
2026-05-12 04:32:00+00:00,86.8550033569336,86.875,86.81500244140625,86.83999633789062,17
2026-05-12 04:33:00+00:00,86.86499786376953,86.91000366210938,86.84500122070312,86.8949966430664,24
2026-05-12 04:34:00+00:00,86.80999755859375,86.82499694824219,86.79499816894531,86.82499694824219,5
2026-05-12 04:35:00+00:00,86.80500030517578,86.82499694824219,86.80500030517578,86.80999755859375,3
2026-05-12 04:36:00+00:00,86.92500305175781,86.95999908447266,86.80999755859375,86.83499908447266,26
2026-05-12 04:37:00+00:00,86.96499633789062,87.0,86.94000244140625,86.94000244140625,20
2026-05-12 04:38:00+00:00,86.95500183105469,86.9749984741211,86.94999694824219,86.9749984741211,5
2026-05-12 04:39:00+00:00,86.97000122070312,87.0199966430664,86.97000122070312,86.99500274658203,17
2026-05-12 04:40:00+00:00,86.94999694824219,86.94999694824219,86.94999694824219,86.94999694824219,1
2026-05-12 04:41:00+00:00,86.88999938964844,86.9000015258789,86.88999938964844,86.9000015258789,2
2026-05-12 04:42:00+00:00,86.86499786376953,86.91000366210938,86.86499786376953,86.91000366210938,6
2026-05-12 04:43:00+00:00,86.88500213623047,86.88500213623047,86.88500213623047,86.88500213623047,1
2026-05-12 04:44:00+00:00,86.91999816894531,86.91999816894531,86.91500091552734,86.91500091552734,3
2026-05-12 04:45:00+00:00,86.97000122070312,86.97000122070312,86.95999908447266,86.95999908447266,3
2026-05-12 04:47:00+00:00,86.83000183105469,86.91500091552734,86.81500244140625,86.88500213623047,12
2026-05-12 04:48:00+00:00,86.72000122070312,86.80000305175781,86.72000122070312,86.80000305175781,24
2026-05-12 04:49:00+00:00,86.7699966430664,86.7699966430664,86.7699966430664,86.7699966430664,1
2026-05-12 04:50:00+00:00,86.77999877929688,86.77999877929688,86.76499938964844,86.76499938964844,5
2026-05-12 04:51:00+00:00,86.69499969482422,86.72000122070312,86.69499969482422,86.72000122070312,5
2026-05-12 04:52:00+00:00,86.57499694824219,86.75,86.57499694824219,86.66999816894531,45
2026-05-12 04:53:00+00:00,86.70999908447266,86.70999908447266,86.62000274658203,86.62000274658203,10
2026-05-12 04:54:00+00:00,86.62999725341797,86.65499877929688,86.58999633789062,86.63999938964844,18
2026-05-12 04:55:00+00:00,86.69999694824219,86.69999694824219,86.58499908447266,86.61499786376953,16
2026-05-12 04:56:00+00:00,86.71499633789062,86.71499633789062,86.66500091552734,86.66500091552734,2
2026-05-12 04:57:00+00:00,86.80000305175781,86.80000305175781,86.7249984741211,86.7249984741211,21
2026-05-12 04:58:00+00:00,86.7699966430664,86.7750015258789,86.74500274658203,86.74500274658203,4
2026-05-12 04:59:00+00:00,86.72000122070312,86.75499725341797,86.72000122070312,86.75499725341797,3
2026-05-12 05:00:00+00:00,86.6050033569336,86.63500213623047,86.55999755859375,86.63500213623047,21
2026-05-12 05:01:00+00:00,86.79000091552734,86.79000091552734,86.72000122070312,86.73500061035156,11
2026-05-12 05:02:00+00:00,86.80000305175781,86.80000305175781,86.73999786376953,86.75,6
2026-05-12 05:03:00+00:00,86.80500030517578,86.81500244140625,86.78500366210938,86.81500244140625,6
2026-05-12 05:04:00+00:00,86.83499908447266,86.83499908447266,86.81999969482422,86.81999969482422,10
2026-05-12 05:05:00+00:00,86.87000274658203,86.87000274658203,86.83499908447266,86.8499984741211,6
2026-05-12 05:06:00+00:00,86.81500244140625,86.88500213623047,86.81500244140625,86.88500213623047,8
2026-05-12 05:07:00+00:00,86.7750015258789,86.79000091552734,86.7300033569336,86.76499938964844,10
2026-05-12 05:08:00+00:00,86.61499786376953,86.76000213623047,86.58499908447266,86.76000213623047,46
2026-05-12 05:09:00+00:00,86.58000183105469,86.62000274658203,86.52999877929688,86.61499786376953,37
2026-05-12 05:10:00+00:00,86.53500366210938,86.56500244140625,86.53500366210938,86.56500244140625,24
2026-05-12 05:11:00+00:00,86.44999694824219,86.56999969482422,86.44999694824219,86.56999969482422,30
2026-05-12 05:12:00+00:00,86.33499908447266,86.45999908447266,86.30999755859375,86.45500183105469,126
2026-05-12 05:13:00+00:00,86.44499969482422,86.45999908447266,86.31500244140625,86.34500122070312,40
2026-05-12 05:14:00+00:00,86.44000244140625,86.4800033569336,86.41000366210938,86.43499755859375,23
2026-05-12 05:15:00+00:00,86.48500061035156,86.51000213623047,86.45999908447266,86.45999908447266,34
2026-05-12 05:16:00+00:00,86.48500061035156,86.51499938964844,86.46499633789062,86.46499633789062,10
2026-05-12 05:17:00+00:00,86.3550033569336,86.46499633789062,86.3550033569336,86.46499633789062,12
2026-05-12 05:18:00+00:00,86.3550033569336,86.375,86.31999969482422,86.375,25
2026-05-12 05:19:00+00:00,86.3550033569336,86.37000274658203,86.33999633789062,86.37000274658203,9
2026-05-12 05:20:00+00:00,86.53500366210938,86.53500366210938,86.3949966430664,86.3949966430664,11
2026-05-12 05:21:00+00:00,86.51000213623047,86.51000213623047,86.49500274658203,86.5,3
2026-05-12 05:22:00+00:00,86.44000244140625,86.45500183105469,86.40499877929688,86.40499877929688,9
2026-05-12 05:23:00+00:00,86.42500305175781,86.46499633789062,86.40499877929688,86.41500091552734,16
2026-05-12 05:24:00+00:00,86.44999694824219,86.52999877929688,86.44999694824219,86.46499633789062,24
2026-05-12 05:25:00+00:00,86.45999908447266,86.45999908447266,86.43000030517578,86.43499755859375,5
2026-05-12 05:26:00+00:00,86.43000030517578,86.47000122070312,86.43000030517578,86.47000122070312,7
2026-05-12 05:27:00+00:00,86.50499725341797,86.51499938964844,86.44499969482422,86.44499969482422,5
2026-05-12 05:28:00+00:00,86.4800033569336,86.4800033569336,86.46499633789062,86.47000122070312,3
2026-05-12 05:29:00+00:00,86.51000213623047,86.51000213623047,86.4800033569336,86.4800033569336,4
2026-05-12 05:30:00+00:00,86.72000122070312,86.72000122070312,86.42500305175781,86.48999786376953,61
2026-05-12 05:31:00+00:00,86.75,86.79499816894531,86.69499969482422,86.72000122070312,37
2026-05-12 05:32:00+00:00,86.70500183105469,86.83000183105469,86.69999694824219,86.74500274658203,29
2026-05-12 05:33:00+00:00,86.68000030517578,86.80000305175781,86.68000030517578,86.74500274658203,24
2026-05-12 05:34:00+00:00,86.31999969482422,86.65499877929688,86.19999694824219,86.65499877929688,162
2026-05-12 05:35:00+00:00,86.48500061035156,86.51000213623047,86.27999877929688,86.3499984741211,55
2026-05-12 05:36:00+00:00,86.32499694824219,86.45500183105469,86.28500366210938,86.45500183105469,25
2026-05-12 05:37:00+00:00,86.34500122070312,86.34500122070312,86.26000213623047,86.26000213623047,9
2026-05-12 05:38:00+00:00,86.37000274658203,86.37000274658203,86.24500274658203,86.26000213623047,18
2026-05-12 05:39:00+00:00,86.47000122070312,86.47000122070312,86.3949966430664,86.3949966430664,3
2026-05-12 05:40:00+00:00,86.375,86.41500091552734,86.36499786376953,86.41500091552734,7
2026-05-12 05:41:00+00:00,86.29499816894531,86.33499908447266,86.25499725341797,86.28500366210938,9
2026-05-12 05:42:00+00:00,86.2249984741211,86.28500366210938,86.21499633789062,86.28500366210938,27
2026-05-12 05:43:00+00:00,86.25,86.31500244140625,86.25,86.29499816894531,15
2026-05-12 05:44:00+00:00,86.31999969482422,86.31999969482422,86.21499633789062,86.21499633789062,11
2026-05-12 05:45:00+00:00,86.25499725341797,86.41999816894531,86.24500274658203,86.3499984741211,21
2026-05-12 05:46:00+00:00,86.24500274658203,86.30500030517578,86.20500183105469,86.30500030517578,27
2026-05-12 05:47:00+00:00,86.3499984741211,86.3499984741211,86.23999786376953,86.2699966430664,10
2026-05-12 05:48:00+00:00,86.27999877929688,86.36000061035156,86.27999877929688,86.36000061035156,16
2026-05-12 05:49:00+00:00,86.30000305175781,86.33999633789062,86.30000305175781,86.31999969482422,5
2026-05-12 05:50:00+00:00,86.2300033569336,86.30500030517578,86.21499633789062,86.30500030517578,18
2026-05-12 05:51:00+00:00,86.06500244140625,86.23500061035156,86.0,86.2249984741211,180
2026-05-12 05:52:00+00:00,86.08499908447266,86.16000366210938,86.05000305175781,86.06500244140625,42
2026-05-12 05:53:00+00:00,86.125,86.125,85.99500274658203,86.06500244140625,60
2026-05-12 05:54:00+00:00,85.94999694824219,86.16000366210938,85.9000015258789,86.1449966430664,102
2026-05-12 05:55:00+00:00,86.16000366210938,86.16000366210938,85.87999725341797,85.96499633789062,140
2026-05-12 05:56:00+00:00,86.25,86.26000213623047,86.13999938964844,86.18499755859375,61
2026-05-12 05:57:00+00:00,86.32499694824219,86.32499694824219,86.25499725341797,86.2699966430664,31
2026-05-12 05:58:00+00:00,86.23500061035156,86.3550033569336,86.2249984741211,86.33999633789062,17
2026-05-12 05:59:00+00:00,86.20999908447266,86.20999908447266,86.17500305175781,86.19999694824219,7
2026-05-12 06:00:00+00:00,85.86499786376953,86.21499633789062,85.78500366210938,86.21499633789062,188
2026-05-12 06:01:00+00:00,85.88999938964844,86.05000305175781,85.86000061035156,85.87000274658203,103
2026-05-12 06:02:00+00:00,85.8550033569336,85.91500091552734,85.80000305175781,85.90499877929688,35
2026-05-12 06:03:00+00:00,85.69999694824219,85.84500122070312,85.63999938964844,85.84500122070312,137
2026-05-12 06:04:00+00:00,85.73500061035156,85.75499725341797,85.68499755859375,85.69999694824219,39
2026-05-12 06:05:00+00:00,85.80999755859375,85.88500213623047,85.73500061035156,85.7750015258789,40
2026-05-12 06:06:00+00:00,85.75,85.82499694824219,85.70999908447266,85.81999969482422,60
2026-05-12 06:07:00+00:00,85.79000091552734,85.80000305175781,85.63500213623047,85.74500274658203,41
2026-05-12 06:08:00+00:00,85.69999694824219,85.80999755859375,85.68000030517578,85.80500030517578,40
2026-05-12 06:09:00+00:00,85.7249984741211,85.74500274658203,85.68499755859375,85.73500061035156,33
2026-05-12 06:10:00+00:00,85.55000305175781,85.70500183105469,85.5250015258789,85.69499969482422,125
2026-05-12 06:11:00+00:00,85.57499694824219,85.6050033569336,85.48999786376953,85.55999755859375,72
2026-05-12 06:12:00+00:00,85.5999984741211,85.67500305175781,85.56500244140625,85.63999938964844,36
2026-05-12 06:13:00+00:00,85.5199966430664,85.61000061035156,85.51000213623047,85.59500122070312,23
2026-05-12 06:14:00+00:00,85.54499816894531,85.54499816894531,85.44999694824219,85.54000091552734,88
2026-05-12 06:15:00+00:00,85.6449966430664,85.66000366210938,85.54499816894531,85.56500244140625,44
2026-05-12 06:16:00+00:00,85.56999969482422,85.6449966430664,85.5199966430664,85.6449966430664,31
2026-05-12 06:17:00+00:00,85.7300033569336,85.7300033569336,85.52999877929688,85.54000091552734,79
2026-05-12 06:18:00+00:00,85.77999877929688,85.80999755859375,85.70500183105469,85.73999786376953,45
2026-05-12 06:19:00+00:00,85.75,85.80500030517578,85.7300033569336,85.79499816894531,18
2026-05-12 06:20:00+00:00,85.79000091552734,85.79499816894531,85.7249984741211,85.7249984741211,25
2026-05-12 06:21:00+00:00,85.78500366210938,85.79499816894531,85.73500061035156,85.73500061035156,21
2026-05-12 06:22:00+00:00,85.6500015258789,85.79000091552734,85.6500015258789,85.79000091552734,12
2026-05-12 06:23:00+00:00,85.47000122070312,85.61000061035156,85.44499969482422,85.6050033569336,56
2026-05-12 06:24:00+00:00,85.44999694824219,85.51499938964844,85.44999694824219,85.4749984741211,23
2026-05-12 06:25:00+00:00,85.5,85.51499938964844,85.4000015258789,85.44999694824219,41
2026-05-12 06:26:00+00:00,85.38999938964844,85.51000213623047,85.36000061035156,85.51000213623047,30
2026-05-12 06:27:00+00:00,85.41500091552734,85.46499633789062,85.37000274658203,85.4000015258789,51
2026-05-12 06:28:00+00:00,85.40499877929688,85.43000030517578,85.37000274658203,85.41500091552734,40
2026-05-12 06:29:00+00:00,85.375,85.3949966430664,85.33499908447266,85.37999725341797,58
2026-05-12 06:30:00+00:00,85.41000366210938,85.41000366210938,85.34500122070312,85.38500213623047,82
2026-05-12 06:31:00+00:00,85.38500213623047,85.41999816894531,85.2249984741211,85.4000015258789,111
2026-05-12 06:32:00+00:00,85.30500030517578,85.4000015258789,85.26000213623047,85.37999725341797,32
2026-05-12 06:33:00+00:00,85.3550033569336,85.4000015258789,85.29000091552734,85.29000091552734,55
2026-05-12 06:34:00+00:00,85.4000015258789,85.45500183105469,85.36000061035156,85.36000061035156,37
2026-05-12 06:35:00+00:00,85.54499816894531,85.55000305175781,85.40499877929688,85.40499877929688,57
2026-05-12 06:36:00+00:00,85.43000030517578,85.51000213623047,85.3949966430664,85.51000213623047,36
2026-05-12 06:37:00+00:00,85.38500213623047,85.4800033569336,85.38500213623047,85.44999694824219,156
2026-05-12 06:38:00+00:00,85.32499694824219,85.32499694824219,85.21499633789062,85.31500244140625,64
2026-05-12 06:39:00+00:00,85.33000183105469,85.3499984741211,85.23500061035156,85.34500122070312,64
2026-05-12 06:40:00+00:00,85.23999786376953,85.28500366210938,85.19999694824219,85.28500366210938,27
2026-05-12 06:41:00+00:00,85.20999908447266,85.26499938964844,85.16500091552734,85.26499938964844,59
2026-05-12 06:42:00+00:00,85.08000183105469,85.16999816894531,85.08000183105469,85.16999816894531,79
2026-05-12 06:43:00+00:00,85.20999908447266,85.23999786376953,85.04499816894531,85.0999984741211,59
2026-05-12 06:44:00+00:00,85.16999816894531,85.21499633789062,85.12999725341797,85.16999816894531,42
2026-05-12 06:45:00+00:00,85.20999908447266,85.20999908447266,85.1500015258789,85.1500015258789,23
2026-05-12 06:46:00+00:00,85.31999969482422,85.31999969482422,85.2300033569336,85.2300033569336,35
2026-05-12 06:47:00+00:00,85.30999755859375,85.36000061035156,85.28500366210938,85.31500244140625,42
2026-05-12 06:48:00+00:00,85.20500183105469,85.30999755859375,85.18499755859375,85.29499816894531,28
2026-05-12 06:49:00+00:00,84.76499938964844,85.19000244140625,84.74500274658203,85.19000244140625,314
2026-05-12 06:50:00+00:00,84.63999938964844,84.80500030517578,84.6050033569336,84.79000091552734,243
2026-05-12 06:51:00+00:00,84.6500015258789,84.7249984741211,84.57499694824219,84.65499877929688,167
2026-05-12 06:52:00+00:00,84.5250015258789,84.66000366210938,84.45999908447266,84.6449966430664,274
2026-05-12 06:53:00+00:00,84.7750015258789,84.79499816894531,84.5,84.55500030517578,191
2026-05-12 06:54:00+00:00,84.71499633789062,84.78500366210938,84.63999938964844,84.76000213623047,62
2026-05-12 06:55:00+00:00,84.58000183105469,84.7249984741211,84.45999908447266,84.7249984741211,98
2026-05-12 06:56:00+00:00,84.5250015258789,84.5999984741211,84.5250015258789,84.55500030517578,28
2026-05-12 06:57:00+00:00,84.69000244140625,84.72000122070312,84.5199966430664,84.5250015258789,66
2026-05-12 06:58:00+00:00,84.9000015258789,84.92500305175781,84.71499633789062,84.71499633789062,163
2026-05-12 06:59:00+00:00,84.91000366210938,84.91500091552734,84.8499984741211,84.9000015258789,74
2026-05-12 07:00:00+00:00,84.74500274658203,84.9800033569336,84.70500183105469,84.875,124
2026-05-12 07:01:00+00:00,84.56999969482422,84.74500274658203,84.51000213623047,84.69499969482422,108
2026-05-12 07:02:00+00:00,84.46499633789062,84.55000305175781,84.43000030517578,84.55000305175781,39
2026-05-12 07:03:00+00:00,84.26499938964844,84.54000091552734,84.19000244140625,84.48500061035156,158
2026-05-12 07:04:00+00:00,84.20999908447266,84.29499816894531,84.1500015258789,84.28500366210938,100
2026-05-12 07:05:00+00:00,84.25,84.25,84.16000366210938,84.2249984741211,27
2026-05-12 07:06:00+00:00,84.54000091552734,84.55500030517578,84.22000122070312,84.25,117
2026-05-12 07:07:00+00:00,84.41500091552734,84.51000213623047,84.33000183105469,84.51000213623047,44
2026-05-12 07:08:00+00:00,84.5199966430664,84.5199966430664,84.43000030517578,84.43000030517578,32
2026-05-12 07:09:00+00:00,84.68499755859375,84.69999694824219,84.58000183105469,84.58000183105469,66
2026-05-12 07:10:00+00:00,84.69000244140625,84.71499633789062,84.625,84.67500305175781,53
2026-05-12 07:11:00+00:00,84.86000061035156,84.86000061035156,84.69999694824219,84.69999694824219,80
2026-05-12 07:12:00+00:00,84.79499816894531,84.8550033569336,84.78500366210938,84.8499984741211,18
2026-05-12 07:13:00+00:00,84.7750015258789,84.8499984741211,84.75499725341797,84.7699966430664,56
2026-05-12 07:14:00+00:00,84.81500244140625,84.82499694824219,84.74500274658203,84.7699966430664,15
2026-05-12 07:15:00+00:00,84.86000061035156,84.86499786376953,84.69000244140625,84.80500030517578,47
2026-05-12 07:16:00+00:00,84.9000015258789,84.9000015258789,84.84500122070312,84.875,17
2026-05-12 07:17:00+00:00,84.93000030517578,85.05500030517578,84.9000015258789,84.9000015258789,62
2026-05-12 07:18:00+00:00,84.98999786376953,85.03500366210938,84.91999816894531,84.91999816894531,59
2026-05-12 07:19:00+00:00,85.05000305175781,85.05500030517578,84.97000122070312,84.98500061035156,28
2026-05-12 07:20:00+00:00,84.94000244140625,85.05999755859375,84.91999816894531,85.04499816894531,21
2026-05-12 07:21:00+00:00,84.93000030517578,85.00499725341797,84.9000015258789,84.91999816894531,37
2026-05-12 07:22:00+00:00,84.92500305175781,84.94499969482422,84.91999816894531,84.94499969482422,7
2026-05-12 07:23:00+00:00,84.91000366210938,84.91000366210938,84.87000274658203,84.87000274658203,2
2026-05-12 07:24:00+00:00,84.8499984741211,84.92500305175781,84.8499984741211,84.91000366210938,25
2026-05-12 07:25:00+00:00,84.91999816894531,84.91999816894531,84.82499694824219,84.84500122070312,16
2026-05-12 07:26:00+00:00,84.83000183105469,84.9000015258789,84.72000122070312,84.9000015258789,33
2026-05-12 07:27:00+00:00,84.91999816894531,84.91999816894531,84.83999633789062,84.83999633789062,15
2026-05-12 07:28:00+00:00,84.87999725341797,84.91500091552734,84.8550033569336,84.91500091552734,6
2026-05-12 07:29:00+00:00,84.8949966430664,84.91500091552734,84.87999725341797,84.88999938964844,8
2026-05-12 07:30:00+00:00,84.87999725341797,84.91999816894531,84.83499908447266,84.91999816894531,10
2026-05-12 07:31:00+00:00,84.83999633789062,84.87999725341797,84.83999633789062,84.8550033569336,6
2026-05-12 07:32:00+00:00,84.83000183105469,84.83000183105469,84.80000305175781,84.83000183105469,6
2026-05-12 07:33:00+00:00,84.86000061035156,84.9000015258789,84.80500030517578,84.83499908447266,32
2026-05-12 07:34:00+00:00,84.86499786376953,84.90499877929688,84.86499786376953,84.87000274658203,20
2026-05-12 07:35:00+00:00,84.875,84.87999725341797,84.86499786376953,84.87000274658203,11
2026-05-12 07:36:00+00:00,84.86499786376953,84.86499786376953,84.82499694824219,84.86000061035156,10
2026-05-12 07:37:00+00:00,84.91999816894531,84.91999816894531,84.86000061035156,84.86000061035156,27
2026-05-12 07:38:00+00:00,84.79000091552734,84.95500183105469,84.79000091552734,84.93000030517578,29
2026-05-12 07:39:00+00:00,84.8550033569336,84.8550033569336,84.7300033569336,84.75499725341797,18
2026-05-12 07:40:00+00:00,84.86499786376953,84.91000366210938,84.86000061035156,84.91000366210938,10
2026-05-12 07:41:00+00:00,84.9000015258789,84.9000015258789,84.875,84.875,2
2026-05-12 07:42:00+00:00,84.91999816894531,84.94000244140625,84.91000366210938,84.91000366210938,18
2026-05-12 07:43:00+00:00,85.03500366210938,85.05500030517578,84.88500213623047,84.9000015258789,66
2026-05-12 07:44:00+00:00,84.95999908447266,85.03500366210938,84.95500183105469,85.03500366210938,52
2026-05-12 07:45:00+00:00,84.91999816894531,84.99500274658203,84.8499984741211,84.95500183105469,50
2026-05-12 07:46:00+00:00,84.93000030517578,84.93000030517578,84.87999725341797,84.91999816894531,18
2026-05-12 07:47:00+00:00,84.91999816894531,84.95999908447266,84.91999816894531,84.94999694824219,18
2026-05-12 07:48:00+00:00,84.87999725341797,84.91999816894531,84.87999725341797,84.91999816894531,7
2026-05-12 07:49:00+00:00,84.93499755859375,84.93499755859375,84.8550033569336,84.86499786376953,12
2026-05-12 07:50:00+00:00,84.9800033569336,84.9800033569336,84.81500244140625,84.9000015258789,64
2026-05-12 07:51:00+00:00,85.20500183105469,85.29499816894531,84.98500061035156,85.00499725341797,402
2026-05-12 07:52:00+00:00,85.21499633789062,85.2249984741211,85.13500213623047,85.19000244140625,72
2026-05-12 07:53:00+00:00,85.18499755859375,85.31500244140625,85.18499755859375,85.23999786376953,67
2026-05-12 07:54:00+00:00,85.24500274658203,85.3550033569336,85.125,85.17500305175781,60
2026-05-12 07:55:00+00:00,85.30500030517578,85.31500244140625,85.22000122070312,85.2750015258789,47
2026-05-12 07:56:00+00:00,85.36000061035156,85.36000061035156,85.2699966430664,85.30000305175781,26
2026-05-12 07:57:00+00:00,85.37000274658203,85.40499877929688,85.3499984741211,85.3499984741211,16
2026-05-12 07:58:00+00:00,85.27999877929688,85.4000015258789,85.27999877929688,85.36000061035156,33
2026-05-12 07:59:00+00:00,85.16000366210938,85.25499725341797,85.15499877929688,85.25499725341797,38
2026-05-12 08:00:00+00:00,85.29499816894531,85.30999755859375,85.16000366210938,85.16000366210938,104
2026-05-12 08:01:00+00:00,85.31500244140625,85.33499908447266,85.25499725341797,85.31999969482422,47
2026-05-12 08:02:00+00:00,85.41000366210938,85.41000366210938,85.30000305175781,85.30000305175781,24
2026-05-12 08:03:00+00:00,85.30999755859375,85.37000274658203,85.28500366210938,85.37000274658203,44
2026-05-12 08:04:00+00:00,85.30000305175781,85.34500122070312,85.30000305175781,85.31500244140625,6
2026-05-12 08:05:00+00:00,85.25499725341797,85.30000305175781,85.24500274658203,85.24500274658203,9
2026-05-12 08:06:00+00:00,85.1050033569336,85.21499633789062,85.06999969482422,85.21499633789062,74
2026-05-12 08:07:00+00:00,85.0,85.09500122070312,84.98999786376953,85.09500122070312,42
2026-05-12 08:08:00+00:00,84.98999786376953,85.04000091552734,84.94999694824219,85.01000213623047,72
2026-05-12 08:09:00+00:00,85.04000091552734,85.04000091552734,84.98999786376953,85.00499725341797,24
2026-05-12 08:10:00+00:00,84.91999816894531,85.04499816894531,84.90499877929688,85.04499816894531,32
2026-05-12 08:11:00+00:00,84.78500366210938,84.91000366210938,84.75499725341797,84.90499877929688,123
2026-05-12 08:12:00+00:00,84.91000366210938,84.91000366210938,84.79000091552734,84.79000091552734,16
2026-05-12 08:13:00+00:00,84.95999908447266,84.95999908447266,84.9000015258789,84.90499877929688,17
2026-05-12 08:14:00+00:00,84.87999725341797,84.95500183105469,84.86499786376953,84.93000030517578,18
2026-05-12 08:15:00+00:00,84.79499816894531,84.83999633789062,84.79000091552734,84.83999633789062,11
2026-05-12 08:16:00+00:00,84.80500030517578,84.8550033569336,84.79499816894531,84.79499816894531,16
2026-05-12 08:17:00+00:00,84.8499984741211,84.91500091552734,84.84500122070312,84.86499786376953,12
2026-05-12 08:18:00+00:00,84.93000030517578,84.93000030517578,84.88999938964844,84.88999938964844,2
2026-05-12 08:19:00+00:00,84.83000183105469,84.9000015258789,84.80500030517578,84.9000015258789,24
2026-05-12 08:20:00+00:00,84.93499755859375,84.93499755859375,84.8550033569336,84.8550033569336,15
2026-05-12 08:21:00+00:00,85.04000091552734,85.06999969482422,84.98500061035156,84.98500061035156,44
2026-05-12 08:22:00+00:00,85.05999755859375,85.06999969482422,84.98999786376953,85.06999969482422,15
2026-05-12 08:23:00+00:00,85.05999755859375,85.09500122070312,85.04499816894531,85.04499816894531,11
2026-05-12 08:24:00+00:00,85.0,85.12000274658203,85.0,85.1050033569336,34
2026-05-12 08:25:00+00:00,84.98500061035156,84.98500061035156,84.94999694824219,84.94999694824219,6
2026-05-12 08:26:00+00:00,85.01000213623047,85.0250015258789,84.9749984741211,84.9749984741211,5
2026-05-12 08:27:00+00:00,85.01000213623047,85.0250015258789,85.0,85.0250015258789,4
2026-05-12 08:28:00+00:00,85.0199966430664,85.0199966430664,85.0,85.0,4
2026-05-12 08:29:00+00:00,84.9749984741211,85.0199966430664,84.95500183105469,85.0199966430664,13
2026-05-12 08:30:00+00:00,84.92500305175781,85.01000213623047,84.92500305175781,84.95999908447266,36
2026-05-12 08:31:00+00:00,84.8949966430664,84.93499755859375,84.84500122070312,84.9000015258789,15
2026-05-12 08:32:00+00:00,84.80000305175781,84.93000030517578,84.77999877929688,84.92500305175781,52
2026-05-12 08:33:00+00:00,84.81999969482422,84.8499984741211,84.76499938964844,84.76499938964844,29
2026-05-12 08:34:00+00:00,84.76000213623047,84.7750015258789,84.73999786376953,84.7750015258789,14
2026-05-12 08:35:00+00:00,84.7699966430664,84.81999969482422,84.76000213623047,84.76499938964844,27
2026-05-12 08:36:00+00:00,84.62999725341797,84.73500061035156,84.62999725341797,84.73500061035156,18
2026-05-12 08:37:00+00:00,84.71499633789062,84.72000122070312,84.65499877929688,84.65499877929688,5
2026-05-12 08:38:00+00:00,84.75,84.75,84.72000122070312,84.73500061035156,4
2026-05-12 08:39:00+00:00,84.81999969482422,84.83000183105469,84.72000122070312,84.72000122070312,23
2026-05-12 08:40:00+00:00,84.7750015258789,84.79000091552734,84.73999786376953,84.79000091552734,5
2026-05-12 08:41:00+00:00,84.83999633789062,84.83999633789062,84.76499938964844,84.78500366210938,16
2026-05-12 08:42:00+00:00,84.80000305175781,84.83000183105469,84.80000305175781,84.83000183105469,3
2026-05-12 08:43:00+00:00,84.87000274658203,84.87000274658203,84.87000274658203,84.87000274658203,3
2026-05-12 08:44:00+00:00,84.875,84.875,84.83499908447266,84.83499908447266,2
2026-05-12 08:45:00+00:00,85.06999969482422,85.06999969482422,84.7750015258789,84.81999969482422,52
2026-05-12 08:46:00+00:00,84.95500183105469,85.04499816894531,84.93499755859375,85.04499816894531,19
2026-05-12 08:47:00+00:00,84.95500183105469,84.98999786376953,84.94999694824219,84.94999694824219,10
2026-05-12 08:48:00+00:00,84.95500183105469,84.98999786376953,84.95500183105469,84.98999786376953,8
2026-05-12 08:49:00+00:00,84.94499969482422,84.94499969482422,84.9000015258789,84.91500091552734,44
2026-05-12 08:50:00+00:00,84.8949966430664,84.91000366210938,84.87999725341797,84.9000015258789,10
2026-05-12 08:51:00+00:00,84.96499633789062,84.97000122070312,84.9000015258789,84.9000015258789,10
2026-05-12 08:52:00+00:00,84.91999816894531,84.92500305175781,84.91999816894531,84.92500305175781,4
2026-05-12 08:54:00+00:00,84.91999816894531,84.95500183105469,84.90499877929688,84.92500305175781,6
2026-05-12 08:55:00+00:00,84.92500305175781,84.94000244140625,84.92500305175781,84.94000244140625,6
2026-05-12 08:56:00+00:00,84.86000061035156,84.86499786376953,84.86000061035156,84.86499786376953,9
2026-05-12 08:57:00+00:00,84.91500091552734,84.91500091552734,84.91000366210938,84.91000366210938,2
2026-05-12 08:58:00+00:00,84.9800033569336,84.9800033569336,84.94999694824219,84.94999694824219,5
2026-05-12 08:59:00+00:00,84.9749984741211,84.99500274658203,84.9749984741211,84.99500274658203,2
2026-05-12 09:00:00+00:00,84.94999694824219,85.01000213623047,84.93499755859375,84.9749984741211,21
2026-05-12 09:01:00+00:00,84.87999725341797,84.94999694824219,84.87999725341797,84.94999694824219,10
2026-05-12 09:02:00+00:00,84.94499969482422,84.94499969482422,84.8499984741211,84.8550033569336,8
2026-05-12 09:03:00+00:00,84.95999908447266,84.9749984741211,84.94499969482422,84.9749984741211,4
2026-05-12 09:04:00+00:00,84.9000015258789,84.92500305175781,84.9000015258789,84.91999816894531,3
2026-05-12 09:05:00+00:00,84.80000305175781,84.87999725341797,84.77999877929688,84.87999725341797,24
2026-05-12 09:06:00+00:00,84.76499938964844,84.80000305175781,84.75499725341797,84.76499938964844,10
2026-05-12 09:07:00+00:00,84.77999877929688,84.77999877929688,84.76000213623047,84.76000213623047,7
2026-05-12 09:08:00+00:00,84.83000183105469,84.83000183105469,84.76000213623047,84.77999877929688,16
2026-05-12 09:09:00+00:00,84.79000091552734,84.79000091552734,84.76000213623047,84.77999877929688,4
2026-05-12 09:10:00+00:00,84.90499877929688,84.90499877929688,84.81500244140625,84.81500244140625,7
2026-05-12 09:11:00+00:00,84.86499786376953,84.92500305175781,84.86499786376953,84.92500305175781,7
2026-05-12 09:12:00+00:00,84.80500030517578,84.86499786376953,84.80500030517578,84.86499786376953,4
2026-05-12 09:13:00+00:00,84.7750015258789,84.80500030517578,84.76499938964844,84.80500030517578,6
2026-05-12 09:14:00+00:00,84.73999786376953,84.80000305175781,84.73999786376953,84.78500366210938,9
2026-05-12 09:15:00+00:00,84.75,84.75499725341797,84.7249984741211,84.7249984741211,7
2026-05-12 09:16:00+00:00,84.7699966430664,84.7699966430664,84.7699966430664,84.7699966430664,2
2026-05-12 09:17:00+00:00,84.76000213623047,84.76000213623047,84.7300033569336,84.7300033569336,4
2026-05-12 09:18:00+00:00,84.83999633789062,84.83999633789062,84.76000213623047,84.76000213623047,30
2026-05-12 09:19:00+00:00,84.76499938964844,84.80999755859375,84.76499938964844,84.80999755859375,3
2026-05-12 09:20:00+00:00,84.74500274658203,84.74500274658203,84.7300033569336,84.7300033569336,3
2026-05-12 09:21:00+00:00,84.69000244140625,84.70999908447266,84.63999938964844,84.69999694824219,23
2026-05-12 09:22:00+00:00,84.66000366210938,84.67500305175781,84.625,84.63500213623047,22
2026-05-12 09:23:00+00:00,84.74500274658203,84.74500274658203,84.63999938964844,84.63999938964844,18
2026-05-12 09:24:00+00:00,84.75,84.75,84.7249984741211,84.7249984741211,2
2026-05-12 09:25:00+00:00,84.70500183105469,84.73999786376953,84.70500183105469,84.73999786376953,4
2026-05-12 09:26:00+00:00,84.66000366210938,84.69999694824219,84.62999725341797,84.69999694824219,4
2026-05-12 09:27:00+00:00,84.61499786376953,84.7300033569336,84.56500244140625,84.69499969482422,49
2026-05-12 09:28:00+00:00,84.61000061035156,84.6500015258789,84.5999984741211,84.62999725341797,10
2026-05-12 09:29:00+00:00,84.68000030517578,84.68000030517578,84.54499816894531,84.58499908447266,32
2026-05-12 09:30:00+00:00,84.91000366210938,84.9749984741211,84.69999694824219,84.69999694824219,81
2026-05-12 09:31:00+00:00,84.83499908447266,84.91000366210938,84.7699966430664,84.91000366210938,18
2026-05-12 09:32:00+00:00,84.88500213623047,84.88500213623047,84.87000274658203,84.87000274658203,2
2026-05-12 09:33:00+00:00,85.00499725341797,85.01499938964844,84.8550033569336,84.86499786376953,84
2026-05-12 09:34:00+00:00,84.91000366210938,85.11000061035156,84.90499877929688,85.02999877929688,41
2026-05-12 09:35:00+00:00,84.8550033569336,84.93499755859375,84.8550033569336,84.90499877929688,17
2026-05-12 09:36:00+00:00,84.80000305175781,84.875,84.80000305175781,84.875,17
2026-05-12 09:37:00+00:00,84.81500244140625,84.83000183105469,84.80999755859375,84.80999755859375,4
2026-05-12 09:38:00+00:00,84.81999969482422,84.81999969482422,84.80500030517578,84.81500244140625,3
2026-05-12 09:39:00+00:00,84.91999816894531,84.95500183105469,84.83000183105469,84.83499908447266,17
2026-05-12 09:40:00+00:00,84.90499877929688,84.90499877929688,84.88999938964844,84.88999938964844,11
2026-05-12 09:41:00+00:00,84.91999816894531,84.91999816894531,84.91999816894531,84.91999816894531,4
2026-05-12 09:42:00+00:00,84.8550033569336,84.87999725341797,84.81999969482422,84.87999725341797,43
2026-05-12 09:43:00+00:00,84.7699966430664,84.84500122070312,84.76499938964844,84.84500122070312,33
2026-05-12 09:44:00+00:00,84.72000122070312,84.79499816894531,84.68499755859375,84.77999877929688,95
2026-05-12 09:45:00+00:00,84.72000122070312,84.73999786376953,84.70999908447266,84.73999786376953,5
2026-05-12 09:46:00+00:00,84.70500183105469,84.70999908447266,84.69499969482422,84.70500183105469,9
2026-05-12 09:47:00+00:00,84.7300033569336,84.75499725341797,84.68000030517578,84.70999908447266,10
2026-05-12 09:48:00+00:00,84.79000091552734,84.79000091552734,84.75499725341797,84.75499725341797,17
2026-05-12 09:49:00+00:00,84.83000183105469,84.83000183105469,84.77999877929688,84.77999877929688,14
2026-05-12 09:50:00+00:00,84.8499984741211,84.87999725341797,84.83499908447266,84.83499908447266,34
2026-05-12 09:51:00+00:00,84.7750015258789,84.83499908447266,84.7750015258789,84.83499908447266,15
2026-05-12 09:52:00+00:00,84.7249984741211,84.78500366210938,84.72000122070312,84.78500366210938,10
2026-05-12 09:53:00+00:00,84.65499877929688,84.7249984741211,84.63999938964844,84.69499969482422,63
2026-05-12 09:54:00+00:00,84.5999984741211,84.62999725341797,84.55999755859375,84.61499786376953,46
2026-05-12 09:55:00+00:00,84.55500030517578,84.6050033569336,84.55500030517578,84.6050033569336,18
2026-05-12 09:56:00+00:00,84.6500015258789,84.69000244140625,84.58000183105469,84.58000183105469,26
2026-05-12 09:57:00+00:00,84.5999984741211,84.63999938964844,84.58499908447266,84.63999938964844,16
2026-05-12 09:58:00+00:00,84.63500213623047,84.66500091552734,84.625,84.63999938964844,13
2026-05-12 09:59:00+00:00,84.69999694824219,84.70500183105469,84.68499755859375,84.68499755859375,9
2026-05-12 10:00:00+00:00,84.77999877929688,84.77999877929688,84.67500305175781,84.68000030517578,24
2026-05-12 10:01:00+00:00,84.81999969482422,84.8499984741211,84.80500030517578,84.80500030517578,15
2026-05-12 10:02:00+00:00,84.81500244140625,84.8499984741211,84.79499816894531,84.8499984741211,49
2026-05-12 10:03:00+00:00,84.8499984741211,84.8499984741211,84.83000183105469,84.83000183105469,6
2026-05-12 10:04:00+00:00,84.95999908447266,84.95999908447266,84.8499984741211,84.8499984741211,42
2026-05-12 10:05:00+00:00,84.92500305175781,84.94000244140625,84.92500305175781,84.93499755859375,20
2026-05-12 10:06:00+00:00,84.93000030517578,84.94000244140625,84.87999725341797,84.94000244140625,36
2026-05-12 10:07:00+00:00,84.96499633789062,84.98999786376953,84.91999816894531,84.91999816894531,67
2026-05-12 10:08:00+00:00,85.05000305175781,85.05000305175781,84.98500061035156,84.98999786376953,20
2026-05-12 10:09:00+00:00,85.0199966430664,85.05500030517578,84.9800033569336,85.02999877929688,55
2026-05-12 10:10:00+00:00,85.08000183105469,85.08000183105469,85.0199966430664,85.0199966430664,29
2026-05-12 10:11:00+00:00,85.05500030517578,85.125,85.05000305175781,85.05000305175781,16
2026-05-12 10:12:00+00:00,85.1449966430664,85.1449966430664,85.07499694824219,85.07499694824219,16
2026-05-12 10:13:00+00:00,85.06500244140625,85.12999725341797,85.05000305175781,85.12999725341797,15
2026-05-12 10:14:00+00:00,85.08999633789062,85.08999633789062,85.05000305175781,85.05000305175781,123
2026-05-12 10:15:00+00:00,84.95999908447266,85.05000305175781,84.95999908447266,85.05000305175781,3
2026-05-12 10:16:00+00:00,84.7699966430664,84.93000030517578,84.74500274658203,84.91000366210938,36
2026-05-12 10:17:00+00:00,84.80999755859375,84.84500122070312,84.79000091552734,84.79499816894531,39
2026-05-12 10:18:00+00:00,84.83999633789062,84.84500122070312,84.80500030517578,84.84500122070312,34
2026-05-12 10:20:00+00:00,84.81999969482422,84.84500122070312,84.76000213623047,84.84500122070312,78
2026-05-12 10:21:00+00:00,84.8550033569336,84.8550033569336,84.83499908447266,84.83499908447266,4
2026-05-12 10:22:00+00:00,84.77999877929688,84.86000061035156,84.77999877929688,84.8550033569336,54
2026-05-12 10:23:00+00:00,84.77999877929688,84.79000091552734,84.7750015258789,84.7750015258789,5
2026-05-12 10:25:00+00:00,84.86499786376953,84.86499786376953,84.7699966430664,84.79000091552734,11
2026-05-12 10:26:00+00:00,84.80000305175781,84.8499984741211,84.7699966430664,84.8499984741211,20
2026-05-12 10:27:00+00:00,84.71499633789062,84.79499816894531,84.68499755859375,84.79499816894531,27
2026-05-12 10:28:00+00:00,84.79499816894531,84.80000305175781,84.79499816894531,84.79499816894531,8
2026-05-12 10:29:00+00:00,84.70999908447266,84.74500274658203,84.70999908447266,84.74500274658203,5
2026-05-12 10:30:00+00:00,84.48500061035156,84.70999908447266,84.41999816894531,84.70999908447266,82
2026-05-12 10:31:00+00:00,84.45500183105469,84.50499725341797,84.41999816894531,84.48500061035156,35
2026-05-12 10:32:00+00:00,84.3550033569336,84.4800033569336,84.31999969482422,84.4800033569336,74
2026-05-12 10:33:00+00:00,84.36499786376953,84.40499877929688,84.33499908447266,84.3550033569336,25
2026-05-12 10:34:00+00:00,84.44499969482422,84.55000305175781,84.3550033569336,84.3550033569336,74
2026-05-12 10:35:00+00:00,84.50499725341797,84.54000091552734,84.45500183105469,84.45500183105469,25
2026-05-12 10:36:00+00:00,84.5999984741211,84.5999984741211,84.44000244140625,84.5199966430664,35
2026-05-12 10:37:00+00:00,84.56500244140625,84.58000183105469,84.53500366210938,84.58000183105469,5
2026-05-12 10:38:00+00:00,84.5250015258789,84.58000183105469,84.5250015258789,84.56500244140625,22
2026-05-12 10:39:00+00:00,84.32499694824219,84.5,84.29499816894531,84.5,84
2026-05-12 10:40:00+00:00,84.4000015258789,84.4000015258789,84.28500366210938,84.34500122070312,62
2026-05-12 10:41:00+00:00,84.58499908447266,84.58499908447266,84.45500183105469,84.45500183105469,20
2026-05-12 10:42:00+00:00,84.49500274658203,84.56999969482422,84.49500274658203,84.56999969482422,25
2026-05-12 10:43:00+00:00,84.51000213623047,84.51000213623047,84.4000015258789,84.42500305175781,9
2026-05-12 10:44:00+00:00,84.3949966430664,84.4800033569336,84.3949966430664,84.44999694824219,16
2026-05-12 10:45:00+00:00,84.41500091552734,84.44499969482422,84.375,84.3949966430664,17
2026-05-12 10:46:00+00:00,84.41999816894531,84.44999694824219,84.41999816894531,84.44999694824219,2
2026-05-12 10:47:00+00:00,84.29499816894531,84.4000015258789,84.29499816894531,84.4000015258789,12
2026-05-12 10:48:00+00:00,84.30999755859375,84.3499984741211,84.25,84.30000305175781,23
2026-05-12 10:49:00+00:00,84.4000015258789,84.4000015258789,84.31500244140625,84.32499694824219,14
2026-05-12 10:50:00+00:00,84.44999694824219,84.49500274658203,84.36499786376953,84.37999725341797,28
2026-05-12 10:51:00+00:00,84.375,84.44999694824219,84.30999755859375,84.44999694824219,24
2026-05-12 10:52:00+00:00,84.44000244140625,84.4800033569336,84.375,84.37999725341797,43
2026-05-12 10:53:00+00:00,84.45999908447266,84.45999908447266,84.41500091552734,84.43499755859375,19
2026-05-12 10:54:00+00:00,84.45500183105469,84.45999908447266,84.41999816894531,84.41999816894531,25
2026-05-12 10:55:00+00:00,84.36000061035156,84.44999694824219,84.36000061035156,84.44999694824219,15
2026-05-12 10:56:00+00:00,84.33499908447266,84.375,84.32499694824219,84.375,26
2026-05-12 10:57:00+00:00,84.3550033569336,84.42500305175781,84.33499908447266,84.36499786376953,15
2026-05-12 10:58:00+00:00,84.31999969482422,84.36000061035156,84.31500244140625,84.3499984741211,26
2026-05-12 10:59:00+00:00,84.44499969482422,84.44499969482422,84.3499984741211,84.36499786376953,16
2026-05-12 11:00:00+00:00,84.36000061035156,84.54000091552734,84.33499908447266,84.4800033569336,73
2026-05-12 11:01:00+00:00,84.2249984741211,84.38999938964844,84.12000274658203,84.3499984741211,171
2026-05-12 11:02:00+00:00,84.20999908447266,84.26000213623047,84.17500305175781,84.2249984741211,31
2026-05-12 11:03:00+00:00,84.17500305175781,84.33499908447266,84.1500015258789,84.23500061035156,51
2026-05-12 11:04:00+00:00,84.2249984741211,84.23999786376953,84.16000366210938,84.19999694824219,33
2026-05-12 11:05:00+00:00,83.94999694824219,84.20999908447266,83.81999969482422,84.20999908447266,418
2026-05-12 11:06:00+00:00,84.11499786376953,84.1449966430664,83.88500213623047,83.94999694824219,88
2026-05-12 11:07:00+00:00,84.24500274658203,84.30000305175781,84.13999938964844,84.13999938964844,56
2026-05-12 11:08:00+00:00,84.26499938964844,84.26499938964844,84.1500015258789,84.22000122070312,43
2026-05-12 11:09:00+00:00,84.36000061035156,84.36000061035156,84.2249984741211,84.25,43
2026-05-12 11:10:00+00:00,84.30000305175781,84.69000244140625,84.30000305175781,84.38500213623047,122
2026-05-12 11:11:00+00:00,84.25499725341797,84.31999969482422,84.25499725341797,84.30500030517578,20
2026-05-12 11:12:00+00:00,84.21499633789062,84.34500122070312,84.21499633789062,84.29499816894531,22
2026-05-12 11:13:00+00:00,84.06999969482422,84.2300033569336,84.0199966430664,84.20999908447266,59
2026-05-12 11:14:00+00:00,84.125,84.125,84.04000091552734,84.05000305175781,18
2026-05-12 11:15:00+00:00,84.28500366210938,84.29000091552734,84.1449966430664,84.15499877929688,31
2026-05-12 11:16:00+00:00,84.23999786376953,84.34500122070312,84.20999908447266,84.28500366210938,23
2026-05-12 11:17:00+00:00,84.2750015258789,84.2750015258789,84.24500274658203,84.24500274658203,9
2026-05-12 11:18:00+00:00,84.28500366210938,84.28500366210938,84.16000366210938,84.25499725341797,18
2026-05-12 11:19:00+00:00,84.31999969482422,84.31999969482422,84.26499938964844,84.30000305175781,50
2026-05-12 11:20:00+00:00,84.2249984741211,84.30000305175781,84.2249984741211,84.30000305175781,12
2026-05-12 11:21:00+00:00,84.20500183105469,84.25499725341797,84.18499755859375,84.25499725341797,13
2026-05-12 11:22:00+00:00,84.19499969482422,84.20500183105469,84.11000061035156,84.17500305175781,28
2026-05-12 11:23:00+00:00,84.13999938964844,84.16500091552734,84.125,84.16000366210938,17
2026-05-12 11:24:00+00:00,84.05999755859375,84.12999725341797,83.99500274658203,84.12999725341797,45
2026-05-12 11:25:00+00:00,84.125,84.125,84.04499816894531,84.05500030517578,25
2026-05-12 11:26:00+00:00,84.11499786376953,84.12999725341797,84.08499908447266,84.08499908447266,7
2026-05-12 11:27:00+00:00,84.25,84.2750015258789,84.11499786376953,84.11499786376953,20
2026-05-12 11:28:00+00:00,84.27999877929688,84.31999969482422,84.21499633789062,84.24500274658203,8
2026-05-12 11:29:00+00:00,84.37000274658203,84.37000274658203,84.27999877929688,84.30000305175781,39
2026-05-12 11:30:00+00:00,84.38999938964844,84.44999694824219,84.3499984741211,84.3499984741211,62
2026-05-12 11:31:00+00:00,84.3949966430664,84.43499755859375,84.37000274658203,84.37999725341797,40
2026-05-12 11:32:00+00:00,84.4000015258789,84.44999694824219,84.4000015258789,84.41000366210938,16
2026-05-12 11:33:00+00:00,84.4000015258789,84.40499877929688,84.3499984741211,84.37999725341797,20
2026-05-12 11:34:00+00:00,84.37000274658203,84.43499755859375,84.37000274658203,84.4000015258789,7
2026-05-12 11:35:00+00:00,84.5199966430664,84.5199966430664,84.38999938964844,84.38999938964844,53
2026-05-12 11:36:00+00:00,84.4800033569336,84.5,84.47000122070312,84.4800033569336,17
2026-05-12 11:37:00+00:00,84.4000015258789,84.50499725341797,84.4000015258789,84.50499725341797,14
2026-05-12 11:38:00+00:00,84.44499969482422,84.44499969482422,84.375,84.38999938964844,12
2026-05-12 11:39:00+00:00,84.54499816894531,84.55000305175781,84.5,84.5,17
2026-05-12 11:40:00+00:00,84.51499938964844,84.56999969482422,84.51499938964844,84.55999755859375,52
2026-05-12 11:41:00+00:00,84.6050033569336,84.63500213623047,84.51499938964844,84.5199966430664,69
2026-05-12 11:42:00+00:00,84.57499694824219,84.61499786376953,84.54499816894531,84.58000183105469,55
2026-05-12 11:43:00+00:00,84.66999816894531,84.66999816894531,84.56500244140625,84.56500244140625,23
2026-05-12 11:44:00+00:00,84.6449966430664,84.72000122070312,84.6449966430664,84.66999816894531,43
2026-05-12 11:45:00+00:00,84.7249984741211,84.7249984741211,84.6050033569336,84.63999938964844,23
2026-05-12 11:46:00+00:00,84.69000244140625,84.69999694824219,84.67500305175781,84.69999694824219,9
2026-05-12 11:47:00+00:00,84.63500213623047,84.66500091552734,84.59500122070312,84.66500091552734,18
2026-05-12 11:48:00+00:00,84.65499877929688,84.65499877929688,84.63500213623047,84.6449966430664,8
2026-05-12 11:49:00+00:00,84.61499786376953,84.68499755859375,84.61499786376953,84.67500305175781,19
2026-05-12 11:50:00+00:00,84.61499786376953,84.63500213623047,84.58999633789062,84.63500213623047,17
2026-05-12 11:51:00+00:00,84.61499786376953,84.6449966430664,84.61499786376953,84.6449966430664,5
2026-05-12 11:52:00+00:00,84.625,84.62999725341797,84.5250015258789,84.62999725341797,20
2026-05-12 11:53:00+00:00,84.66500091552734,84.66500091552734,84.59500122070312,84.625,35
2026-05-12 11:54:00+00:00,84.83499908447266,84.8550033569336,84.66000366210938,84.66999816894531,93
2026-05-12 11:55:00+00:00,84.86000061035156,84.86000061035156,84.7750015258789,84.80999755859375,31
2026-05-12 11:56:00+00:00,84.8499984741211,84.88999938964844,84.81500244140625,84.8550033569336,41
2026-05-12 11:57:00+00:00,84.86499786376953,84.87999725341797,84.78500366210938,84.81999969482422,21
2026-05-12 11:58:00+00:00,84.86000061035156,84.90499877929688,84.86000061035156,84.88999938964844,19
2026-05-12 11:59:00+00:00,84.87000274658203,84.87000274658203,84.79499816894531,84.80000305175781,20
2026-05-12 12:00:00+00:00,84.76000213623047,84.8949966430664,84.76000213623047,84.87000274658203,52
2026-05-12 12:01:00+00:00,84.73500061035156,84.79000091552734,84.73500061035156,84.76499938964844,32
2026-05-12 12:02:00+00:00,84.68499755859375,84.75499725341797,84.66999816894531,84.69000244140625,40
2026-05-12 12:03:00+00:00,84.6500015258789,84.7249984741211,84.6500015258789,84.68499755859375,164
2026-05-12 12:04:00+00:00,84.57499694824219,84.6500015258789,84.53500366210938,84.6500015258789,48
2026-05-12 12:05:00+00:00,84.57499694824219,84.62000274658203,84.5250015258789,84.58999633789062,39
2026-05-12 12:06:00+00:00,84.44999694824219,84.57499694824219,84.37999725341797,84.55999755859375,67
2026-05-12 12:07:00+00:00,84.34500122070312,84.41500091552734,84.31500244140625,84.38999938964844,44
2026-05-12 12:08:00+00:00,84.26000213623047,84.3499984741211,84.25,84.33999633789062,57
2026-05-12 12:09:00+00:00,84.30000305175781,84.31500244140625,84.2300033569336,84.27999877929688,25
2026-05-12 12:10:00+00:00,84.32499694824219,84.33499908447266,84.2750015258789,84.2750015258789,19
2026-05-12 12:11:00+00:00,84.34500122070312,84.34500122070312,84.23500061035156,84.32499694824219,17
2026-05-12 12:12:00+00:00,84.375,84.43499755859375,84.3550033569336,84.3550033569336,41
2026-05-12 12:13:00+00:00,84.37000274658203,84.375,84.33000183105469,84.36000061035156,18
2026-05-12 12:14:00+00:00,84.37000274658203,84.4000015258789,84.33000183105469,84.3499984741211,49
2026-05-12 12:15:00+00:00,84.59500122070312,84.6449966430664,84.32499694824219,84.3499984741211,103
2026-05-12 12:16:00+00:00,84.62000274658203,84.63500213623047,84.54499816894531,84.625,39
2026-05-12 12:17:00+00:00,84.55000305175781,84.63500213623047,84.55000305175781,84.6050033569336,26
2026-05-12 12:18:00+00:00,84.59500122070312,84.63500213623047,84.52999877929688,84.52999877929688,66
2026-05-12 12:19:00+00:00,84.62000274658203,84.70500183105469,84.5999984741211,84.5999984741211,71
2026-05-12 12:20:00+00:00,84.69999694824219,84.7699966430664,84.6050033569336,84.6050033569336,76
2026-05-12 12:21:00+00:00,84.5999984741211,84.66999816894531,84.53500366210938,84.6500015258789,64
2026-05-12 12:22:00+00:00,84.43499755859375,84.63999938964844,84.43499755859375,84.61000061035156,54
2026-05-12 12:23:00+00:00,84.48999786376953,84.49500274658203,84.4000015258789,84.41999816894531,42
2026-05-12 12:24:00+00:00,84.33000183105469,84.4749984741211,84.30500030517578,84.4749984741211,44
2026-05-12 12:25:00+00:00,84.62000274658203,84.62000274658203,84.27999877929688,84.29000091552734,124
2026-05-12 12:26:00+00:00,84.5999984741211,84.62999725341797,84.55000305175781,84.5999984741211,96
2026-05-12 12:27:00+00:00,84.55000305175781,84.59500122070312,84.52999877929688,84.55999755859375,34
2026-05-12 12:28:00+00:00,84.58999633789062,84.61499786376953,84.5250015258789,84.5250015258789,39
2026-05-12 12:29:00+00:00,84.69000244140625,84.69499969482422,84.56999969482422,84.63999938964844,77
2026-05-12 12:30:00+00:00,84.375,84.73999786376953,84.3550033569336,84.5999984741211,95
2026-05-12 12:31:00+00:00,84.13500213623047,84.44000244140625,84.13500213623047,84.41500091552734,99
2026-05-12 12:32:00+00:00,84.26000213623047,84.30500030517578,84.04000091552734,84.1449966430664,123
2026-05-12 12:33:00+00:00,84.28500366210938,84.33999633789062,84.25,84.2750015258789,36
2026-05-12 12:34:00+00:00,84.31999969482422,84.4000015258789,84.24500274658203,84.26499938964844,66
2026-05-12 12:35:00+00:00,84.28500366210938,84.3499984741211,84.2300033569336,84.32499694824219,74
2026-05-12 12:36:00+00:00,84.45999908447266,84.47000122070312,84.24500274658203,84.29499816894531,111
2026-05-12 12:37:00+00:00,84.5250015258789,84.68499755859375,84.48500061035156,84.5,129
2026-05-12 12:38:00+00:00,84.66999816894531,84.69000244140625,84.56500244140625,84.58499908447266,68
2026-05-12 12:39:00+00:00,84.75,84.75499725341797,84.67500305175781,84.69000244140625,66
2026-05-12 12:40:00+00:00,84.7699966430664,84.83000183105469,84.62999725341797,84.70999908447266,73
2026-05-12 12:41:00+00:00,84.82499694824219,84.8499984741211,84.73500061035156,84.75,76
2026-05-12 12:42:00+00:00,84.9800033569336,85.02999877929688,84.83499908447266,84.83499908447266,254
2026-05-12 12:43:00+00:00,85.2249984741211,85.2300033569336,84.95999908447266,84.97000122070312,217
2026-05-12 12:44:00+00:00,85.0250015258789,85.19499969482422,85.01000213623047,85.19499969482422,96
2026-05-12 12:45:00+00:00,85.23999786376953,85.29499816894531,85.02999877929688,85.02999877929688,74
2026-05-12 12:46:00+00:00,85.26000213623047,85.37999725341797,85.19499969482422,85.26000213623047,86
2026-05-12 12:47:00+00:00,85.21499633789062,85.26000213623047,85.18000030517578,85.25,80
2026-05-12 12:48:00+00:00,85.19999694824219,85.25,85.17500305175781,85.20500183105469,32
2026-05-12 12:49:00+00:00,85.38999938964844,85.38999938964844,85.1449966430664,85.20500183105469,70
2026-05-12 12:50:00+00:00,85.30500030517578,85.4000015258789,85.29000091552734,85.37000274658203,70
2026-05-12 12:51:00+00:00,85.3499984741211,85.4000015258789,85.29499816894531,85.33999633789062,55
2026-05-12 12:52:00+00:00,85.47000122070312,85.58000183105469,85.375,85.375,195
2026-05-12 12:53:00+00:00,85.375,85.47000122070312,85.36499786376953,85.44499969482422,90
2026-05-12 12:54:00+00:00,85.43000030517578,85.46499633789062,85.37999725341797,85.38500213623047,23
2026-05-12 12:55:00+00:00,85.42500305175781,85.50499725341797,85.3550033569336,85.44000244140625,47
2026-05-12 12:56:00+00:00,85.19499969482422,85.38999938964844,85.19499969482422,85.38500213623047,57
2026-05-12 12:57:00+00:00,85.24500274658203,85.2699966430664,85.19000244140625,85.19000244140625,35
2026-05-12 12:58:00+00:00,85.21499633789062,85.30000305175781,85.18499755859375,85.2699966430664,36
2026-05-12 12:59:00+00:00,85.23500061035156,85.25499725341797,85.19999694824219,85.23500061035156,50
2026-05-12 13:00:00+00:00,85.54000091552734,85.54499816894531,85.18499755859375,85.20500183105469,259
2026-05-12 13:01:00+00:00,85.54499816894531,85.62999725341797,85.51000213623047,85.55500030517578,127
2026-05-12 13:02:00+00:00,85.58000183105469,85.66000366210938,85.5,85.54000091552734,154
2026-05-12 13:03:00+00:00,85.41999816894531,85.625,85.33000183105469,85.55500030517578,156
2026-05-12 13:04:00+00:00,85.2249984741211,85.48500061035156,85.19499969482422,85.43000030517578,137
2026-05-12 13:05:00+00:00,85.19499969482422,85.24500274658203,85.0250015258789,85.2249984741211,72
2026-05-12 13:06:00+00:00,85.2300033569336,85.23500061035156,85.1050033569336,85.19499969482422,50
2026-05-12 13:07:00+00:00,85.18000030517578,85.2249984741211,85.13500213623047,85.18000030517578,38
2026-05-12 13:08:00+00:00,85.26000213623047,85.30000305175781,85.19499969482422,85.19499969482422,49
2026-05-12 13:09:00+00:00,85.19999694824219,85.26499938964844,85.1500015258789,85.26499938964844,45
2026-05-12 13:10:00+00:00,85.12999725341797,85.23500061035156,85.0999984741211,85.20999908447266,40
2026-05-12 13:11:00+00:00,85.2249984741211,85.2249984741211,84.98500061035156,85.07499694824219,129
2026-05-12 13:12:00+00:00,85.08999633789062,85.2249984741211,85.04499816894531,85.21499633789062,40
2026-05-12 13:13:00+00:00,85.1050033569336,85.16000366210938,85.0199966430664,85.11000061035156,43
2026-05-12 13:14:00+00:00,85.13500213623047,85.1449966430664,85.01499938964844,85.08999633789062,72
2026-05-12 13:15:00+00:00,84.94000244140625,85.08999633789062,84.8550033569336,85.08999633789062,114
2026-05-12 13:16:00+00:00,84.7300033569336,84.94000244140625,84.69499969482422,84.92500305175781,121
2026-05-12 13:17:00+00:00,84.75,84.81999969482422,84.68000030517578,84.73999786376953,86
2026-05-12 13:18:00+00:00,84.8499984741211,84.91000366210938,84.66999816894531,84.73999786376953,97
2026-05-12 13:19:00+00:00,84.7699966430664,84.91000366210938,84.76000213623047,84.8550033569336,144
2026-05-12 13:20:00+00:00,84.7750015258789,84.8499984741211,84.75,84.78500366210938,74
2026-05-12 13:21:00+00:00,84.91999816894531,84.93000030517578,84.78500366210938,84.78500366210938,68
2026-05-12 13:22:00+00:00,85.0,85.0250015258789,84.875,84.93000030517578,95
2026-05-12 13:23:00+00:00,85.03500366210938,85.06999969482422,84.97000122070312,84.99500274658203,62
2026-05-12 13:24:00+00:00,85.0999984741211,85.12999725341797,84.91999816894531,85.0,75
2026-05-12 13:25:00+00:00,85.05999755859375,85.05999755859375,84.98999786376953,85.04000091552734,43
2026-05-12 13:26:00+00:00,85.05000305175781,85.0999984741211,84.95999908447266,85.04000091552734,62
2026-05-12 13:27:00+00:00,85.15499877929688,85.19499969482422,85.08000183105469,85.1050033569336,89
2026-05-12 13:28:00+00:00,85.19999694824219,85.25,85.15499877929688,85.16000366210938,53
2026-05-12 13:29:00+00:00,85.19999694824219,85.22000122070312,85.1449966430664,85.19000244140625,59
2026-05-12 13:30:00+00:00,85.30000305175781,85.30000305175781,85.1500015258789,85.19999694824219,137
2026-05-12 13:31:00+00:00,85.40499877929688,85.49500274658203,85.26000213623047,85.29499816894531,121
2026-05-12 13:32:00+00:00,85.33999633789062,85.41999816894531,85.26000213623047,85.4000015258789,81
2026-05-12 13:33:00+00:00,85.375,85.43499755859375,85.2750015258789,85.30999755859375,120
2026-05-12 13:34:00+00:00,85.37999725341797,85.37999725341797,85.23500061035156,85.33499908447266,95
2026-05-12 13:35:00+00:00,85.31500244140625,85.41000366210938,85.2750015258789,85.38999938964844,105
2026-05-12 13:36:00+00:00,85.44499969482422,85.4749984741211,85.34500122070312,85.34500122070312,124
2026-05-12 13:37:00+00:00,85.70999908447266,85.7750015258789,85.43499755859375,85.44499969482422,260
2026-05-12 13:38:00+00:00,85.77999877929688,85.83000183105469,85.68499755859375,85.71499633789062,250
2026-05-12 13:39:00+00:00,85.8949966430664,85.94000244140625,85.69499969482422,85.74500274658203,189
2026-05-12 13:40:00+00:00,85.83999633789062,85.91999816894531,85.80500030517578,85.8949966430664,116
2026-05-12 13:41:00+00:00,85.83000183105469,85.875,85.79499816894531,85.81500244140625,122
2026-05-12 13:42:00+00:00,85.96499633789062,85.9749984741211,85.80999755859375,85.83999633789062,157
2026-05-12 13:43:00+00:00,85.93499755859375,86.01499938964844,85.91500091552734,85.95500183105469,194
2026-05-12 13:44:00+00:00,85.93000030517578,86.01000213623047,85.82499694824219,85.94499969482422,132
2026-05-12 13:45:00+00:00,86.0199966430664,86.05000305175781,85.91000366210938,85.92500305175781,96
2026-05-12 13:46:00+00:00,85.83499908447266,86.02999877929688,85.79000091552734,86.0199966430664,206
2026-05-12 13:47:00+00:00,85.81500244140625,85.9749984741211,85.79000091552734,85.80999755859375,117
2026-05-12 13:48:00+00:00,85.5999984741211,85.86000061035156,85.5999984741211,85.84500122070312,133
2026-05-12 13:49:00+00:00,85.79499816894531,85.80000305175781,85.58499908447266,85.61499786376953,89
2026-05-12 13:50:00+00:00,85.68499755859375,85.73500061035156,85.5999984741211,85.69499969482422,66
2026-05-12 13:51:00+00:00,85.6500015258789,85.68000030517578,85.58999633789062,85.68000030517578,54
2026-05-12 13:52:00+00:00,85.6449966430664,85.65499877929688,85.58000183105469,85.65499877929688,46
2026-05-12 13:53:00+00:00,85.75499725341797,85.77999877929688,85.6449966430664,85.66000366210938,123
2026-05-12 13:54:00+00:00,85.70999908447266,85.75,85.70999908447266,85.74500274658203,15
2026-05-12 13:55:00+00:00,85.61000061035156,85.6449966430664,85.52999877929688,85.63500213623047,85
2026-05-12 13:56:00+00:00,85.44499969482422,85.61000061035156,85.4000015258789,85.61000061035156,106
2026-05-12 13:57:00+00:00,85.44999694824219,85.51000213623047,85.37000274658203,85.44499969482422,176
2026-05-12 13:58:00+00:00,85.18499755859375,85.41999816894531,85.16999816894531,85.41999816894531,156
2026-05-12 13:59:00+00:00,85.17500305175781,85.2300033569336,85.12000274658203,85.20500183105469,144
2026-05-12 14:00:00+00:00,85.16000366210938,85.2300033569336,85.0,85.18499755859375,192
2026-05-12 14:01:00+00:00,85.41000366210938,85.41000366210938,85.16999816894531,85.16999816894531,156
2026-05-12 14:02:00+00:00,85.54499816894531,85.56999969482422,85.3550033569336,85.375,129
2026-05-12 14:03:00+00:00,85.625,85.7249984741211,85.57499694824219,85.57499694824219,179
2026-05-12 14:04:00+00:00,85.62999725341797,85.66999816894531,85.52999877929688,85.61000061035156,71
2026-05-12 14:05:00+00:00,85.71499633789062,85.75499725341797,85.63999938964844,85.66000366210938,61
2026-05-12 14:06:00+00:00,85.55500030517578,85.69000244140625,85.55000305175781,85.69000244140625,66
2026-05-12 14:07:00+00:00,85.68000030517578,85.70999908447266,85.58499908447266,85.58999633789062,39
2026-05-12 14:08:00+00:00,85.70999908447266,85.73999786376953,85.65499877929688,85.69999694824219,38
2026-05-12 14:09:00+00:00,85.79000091552734,85.81500244140625,85.69499969482422,85.70999908447266,83
2026-05-12 14:10:00+00:00,85.7300033569336,85.8550033569336,85.72000122070312,85.79499816894531,54
2026-05-12 14:11:00+00:00,85.7750015258789,85.7750015258789,85.69000244140625,85.72000122070312,35
2026-05-12 14:12:00+00:00,85.86499786376953,85.91500091552734,85.76499938964844,85.76499938964844,82
2026-05-12 14:13:00+00:00,86.01499938964844,86.06999969482422,85.86499786376953,85.86499786376953,163
2026-05-12 14:14:00+00:00,86.05500030517578,86.12999725341797,86.01499938964844,86.01499938964844,167
2026-05-12 14:15:00+00:00,85.96499633789062,86.06999969482422,85.91500091552734,86.05500030517578,147
2026-05-12 14:16:00+00:00,85.76000213623047,85.98999786376953,85.72000122070312,85.9800033569336,79
2026-05-12 14:17:00+00:00,85.73500061035156,85.78500366210938,85.69000244140625,85.7699966430664,140
2026-05-12 14:18:00+00:00,85.62999725341797,85.80999755859375,85.5999984741211,85.74500274658203,139
2026-05-12 14:19:00+00:00,85.81500244140625,85.81500244140625,85.62000274658203,85.62000274658203,86
2026-05-12 14:20:00+00:00,85.91000366210938,85.91000366210938,85.7699966430664,85.82499694824219,73
2026-05-12 14:21:00+00:00,85.86000061035156,85.93000030517578,85.82499694824219,85.91999816894531,70
2026-05-12 14:22:00+00:00,85.80999755859375,85.94000244140625,85.7699966430664,85.86000061035156,29
2026-05-12 14:23:00+00:00,85.74500274658203,85.83499908447266,85.73500061035156,85.7750015258789,28
2026-05-12 14:24:00+00:00,85.79499816894531,85.80999755859375,85.69999694824219,85.7249984741211,43
2026-05-12 14:25:00+00:00,85.90499877929688,85.90499877929688,85.76499938964844,85.77999877929688,75
2026-05-12 14:26:00+00:00,85.78500366210938,85.90499877929688,85.76000213623047,85.87999725341797,62
2026-05-12 14:27:00+00:00,85.91000366210938,85.95999908447266,85.80999755859375,85.80999755859375,56
2026-05-12 14:28:00+00:00,85.73500061035156,85.91999816894531,85.70999908447266,85.91999816894531,84
2026-05-12 14:29:00+00:00,85.70999908447266,85.79000091552734,85.63999938964844,85.73500061035156,63
2026-05-12 14:30:00+00:00,85.5,85.69499969482422,85.44999694824219,85.69499969482422,160
2026-05-12 14:31:00+00:00,85.54499816894531,85.55999755859375,85.36499786376953,85.5,174
2026-05-12 14:32:00+00:00,85.43000030517578,85.63999938964844,85.42500305175781,85.55500030517578,134
2026-05-12 14:33:00+00:00,85.48500061035156,85.51000213623047,85.22000122070312,85.42500305175781,260
2026-05-12 14:34:00+00:00,85.70999908447266,85.72000122070312,85.47000122070312,85.48500061035156,126
2026-05-12 14:35:00+00:00,85.44999694824219,85.79499816894531,85.44999694824219,85.70999908447266,147
2026-05-12 14:36:00+00:00,85.5250015258789,85.55500030517578,85.43499755859375,85.43499755859375,76
2026-05-12 14:37:00+00:00,85.67500305175781,85.67500305175781,85.55000305175781,85.55000305175781,40
2026-05-12 14:38:00+00:00,85.70500183105469,85.77999877929688,85.66000366210938,85.66000366210938,46
2026-05-12 14:39:00+00:00,85.75499725341797,85.7699966430664,85.66999816894531,85.72000122070312,17
2026-05-12 14:40:00+00:00,85.63999938964844,85.7699966430664,85.61499786376953,85.74500274658203,36
2026-05-12 14:41:00+00:00,85.66999816894531,85.69000244140625,85.62000274658203,85.66000366210938,12
2026-05-12 14:42:00+00:00,85.67500305175781,85.67500305175781,85.61499786376953,85.66500091552734,35
2026-05-12 14:43:00+00:00,85.70500183105469,85.73999786376953,85.6449966430664,85.66000366210938,69
2026-05-12 14:44:00+00:00,85.68000030517578,85.71499633789062,85.66999816894531,85.71499633789062,10
2026-05-12 14:45:00+00:00,85.54499816894531,85.66999816894531,85.5,85.65499877929688,65
2026-05-12 14:46:00+00:00,85.50499725341797,85.55000305175781,85.4749984741211,85.52999877929688,49
2026-05-12 14:47:00+00:00,85.47000122070312,85.51499938964844,85.41000366210938,85.5,36
2026-05-12 14:48:00+00:00,85.44000244140625,85.48999786376953,85.44000244140625,85.44000244140625,24
2026-05-12 14:49:00+00:00,85.33499908447266,85.41000366210938,85.31500244140625,85.40499877929688,72
2026-05-12 14:50:00+00:00,85.23999786376953,85.3550033569336,85.2300033569336,85.31500244140625,85
2026-05-12 14:51:00+00:00,85.27999877929688,85.30000305175781,85.08999633789062,85.22000122070312,270
2026-05-12 14:52:00+00:00,85.30999755859375,85.3550033569336,85.24500274658203,85.24500274658203,76
2026-05-12 14:53:00+00:00,85.27999877929688,85.375,85.26000213623047,85.27999877929688,39
2026-05-12 14:54:00+00:00,85.36000061035156,85.375,85.25499725341797,85.2699966430664,59
2026-05-12 14:55:00+00:00,85.29000091552734,85.42500305175781,85.24500274658203,85.3499984741211,161
2026-05-12 14:56:00+00:00,85.17500305175781,85.27999877929688,85.15499877929688,85.27999877929688,87
2026-05-12 14:57:00+00:00,84.98999786376953,85.1500015258789,84.96499633789062,85.12999725341797,312
2026-05-12 14:58:00+00:00,85.0250015258789,85.06999969482422,84.90499877929688,85.0199966430664,257
2026-05-12 14:59:00+00:00,85.0199966430664,85.06500244140625,84.99500274658203,85.0199966430664,105
2026-05-12 15:00:00+00:00,84.95999908447266,85.125,84.8949966430664,85.01000213623047,86
2026-05-12 15:01:00+00:00,84.90499877929688,85.02999877929688,84.83000183105469,84.9800033569336,263
2026-05-12 15:02:00+00:00,84.86000061035156,84.93000030517578,84.72000122070312,84.88500213623047,145
2026-05-12 15:03:00+00:00,84.87000274658203,85.0250015258789,84.86000061035156,84.86000061035156,95
2026-05-12 15:04:00+00:00,85.01000213623047,85.01000213623047,84.87999725341797,84.91000366210938,46
2026-05-12 15:05:00+00:00,85.03500366210938,85.03500366210938,84.88500213623047,84.94999694824219,53
2026-05-12 15:06:00+00:00,84.95999908447266,85.06999969482422,84.94499969482422,85.03500366210938,53
2026-05-12 15:07:00+00:00,85.08499908447266,85.13500213623047,84.9749984741211,84.9800033569336,60
2026-05-12 15:08:00+00:00,85.01000213623047,85.13500213623047,84.94999694824219,85.07499694824219,54
2026-05-12 15:09:00+00:00,85.12000274658203,85.12000274658203,84.95500183105469,85.01000213623047,66
2026-05-12 15:10:00+00:00,85.1050033569336,85.1050033569336,85.02999877929688,85.1050033569336,77
2026-05-12 15:11:00+00:00,84.94999694824219,85.11000061035156,84.90499877929688,85.11000061035156,33
2026-05-12 15:12:00+00:00,84.83999633789062,84.93000030517578,84.75,84.93000030517578,96
2026-05-12 15:13:00+00:00,84.88500213623047,84.9000015258789,84.79000091552734,84.82499694824219,41
2026-05-12 15:14:00+00:00,84.71499633789062,84.8550033569336,84.71499633789062,84.8550033569336,56
2026-05-12 15:15:00+00:00,84.66000366210938,84.76499938964844,84.59500122070312,84.69999694824219,169
2026-05-12 15:16:00+00:00,84.58999633789062,84.66500091552734,84.5250015258789,84.65499877929688,157
2026-05-12 15:17:00+00:00,84.43499755859375,84.56999969482422,84.41999816894531,84.56999969482422,177
2026-05-12 15:18:00+00:00,84.4000015258789,84.47000122070312,84.30999755859375,84.44000244140625,210
2026-05-12 15:19:00+00:00,84.46499633789062,84.47000122070312,84.31999969482422,84.38500213623047,100
2026-05-12 15:20:00+00:00,84.31500244140625,84.47000122070312,84.29499816894531,84.45500183105469,78
2026-05-12 15:21:00+00:00,84.2249984741211,84.38999938964844,84.125,84.32499694824219,172
2026-05-12 15:22:00+00:00,83.86499786376953,84.24500274658203,83.8550033569336,84.20999908447266,305
2026-05-12 15:23:00+00:00,83.79000091552734,83.86499786376953,83.66999816894531,83.86499786376953,534
2026-05-12 15:24:00+00:00,83.84500122070312,83.91999816894531,83.68499755859375,83.80999755859375,261
2026-05-12 15:25:00+00:00,84.19999694824219,84.2699966430664,83.75,83.83999633789062,260
2026-05-12 15:26:00+00:00,84.25499725341797,84.31999969482422,84.16000366210938,84.19000244140625,170
2026-05-12 15:27:00+00:00,84.19000244140625,84.26000213623047,84.05999755859375,84.19999694824219,102
2026-05-12 15:28:00+00:00,84.11000061035156,84.30500030517578,84.11000061035156,84.2300033569336,55
2026-05-12 15:29:00+00:00,84.2750015258789,84.29000091552734,84.06999969482422,84.07499694824219,85
2026-05-12 15:30:00+00:00,84.27999877929688,84.38500213623047,84.26499938964844,84.26499938964844,119
2026-05-12 15:31:00+00:00,84.30000305175781,84.31500244140625,84.18000030517578,84.23999786376953,58
2026-05-12 15:32:00+00:00,84.48500061035156,84.48500061035156,84.30000305175781,84.33000183105469,124
2026-05-12 15:33:00+00:00,84.5,84.55500030517578,84.44499969482422,84.48999786376953,112
2026-05-12 15:34:00+00:00,84.58000183105469,84.6449966430664,84.45500183105469,84.48500061035156,93
2026-05-12 15:35:00+00:00,84.58499908447266,84.63500213623047,84.51499938964844,84.59500122070312,81
2026-05-12 15:36:00+00:00,84.59500122070312,84.5999984741211,84.51000213623047,84.58000183105469,34
2026-05-12 15:37:00+00:00,84.63999938964844,84.68000030517578,84.58000183105469,84.6050033569336,29
2026-05-12 15:38:00+00:00,84.76499938964844,84.77999877929688,84.66000366210938,84.66000366210938,41
2026-05-12 15:39:00+00:00,84.76499938964844,84.82499694824219,84.75,84.76000213623047,105
2026-05-12 15:40:00+00:00,84.69000244140625,84.80999755859375,84.69000244140625,84.76499938964844,81
2026-05-12 15:41:00+00:00,84.66500091552734,84.78500366210938,84.66500091552734,84.72000122070312,139
2026-05-12 15:42:00+00:00,84.7300033569336,84.7300033569336,84.63999938964844,84.66000366210938,59
2026-05-12 15:43:00+00:00,84.70999908447266,84.74500274658203,84.66999816894531,84.69999694824219,35
2026-05-12 15:44:00+00:00,84.74500274658203,84.7750015258789,84.71499633789062,84.75499725341797,34
2026-05-12 15:45:00+00:00,84.8499984741211,84.9000015258789,84.74500274658203,84.76000213623047,59
2026-05-12 15:46:00+00:00,84.70500183105469,84.86000061035156,84.69499969482422,84.8499984741211,171
2026-05-12 15:47:00+00:00,84.76499938964844,84.76499938964844,84.70999908447266,84.71499633789062,25
2026-05-12 15:48:00+00:00,84.74500274658203,84.80999755859375,84.72000122070312,84.7300033569336,30
2026-05-12 15:49:00+00:00,84.7300033569336,84.76000213623047,84.69999694824219,84.75499725341797,19
2026-05-12 15:50:00+00:00,84.69000244140625,84.76000213623047,84.61499786376953,84.7249984741211,49
2026-05-12 15:51:00+00:00,84.75,84.76499938964844,84.66500091552734,84.67500305175781,49
2026-05-12 15:52:00+00:00,84.80999755859375,84.81999969482422,84.75,84.75499725341797,42
2026-05-12 15:53:00+00:00,84.75499725341797,84.8550033569336,84.75499725341797,84.81500244140625,44
2026-05-12 15:54:00+00:00,84.82499694824219,84.86499786376953,84.75499725341797,84.77999877929688,47
2026-05-12 15:55:00+00:00,84.83000183105469,84.83000183105469,84.77999877929688,84.82499694824219,20
2026-05-12 15:56:00+00:00,84.86000061035156,84.87999725341797,84.81999969482422,84.83499908447266,73
2026-05-12 15:57:00+00:00,84.83499908447266,84.88999938964844,84.80500030517578,84.84500122070312,86
2026-05-12 15:58:00+00:00,84.86499786376953,84.88999938964844,84.80999755859375,84.81999969482422,95
2026-05-12 15:59:00+00:00,84.7699966430664,84.875,84.7699966430664,84.86000061035156,41
2026-05-12 16:00:00+00:00,84.94000244140625,84.94999694824219,84.69999694824219,84.80500030517578,98
2026-05-12 16:01:00+00:00,85.04000091552734,85.04499816894531,84.95500183105469,84.95500183105469,99
2026-05-12 16:02:00+00:00,85.08000183105469,85.08000183105469,84.9800033569336,85.02999877929688,57
2026-05-12 16:03:00+00:00,85.05000305175781,85.13999938964844,84.98999786376953,85.08000183105469,193
2026-05-12 16:04:00+00:00,85.06999969482422,85.11000061035156,85.05000305175781,85.08499908447266,44
2026-05-12 16:05:00+00:00,85.06999969482422,85.09500122070312,85.05000305175781,85.06500244140625,30
2026-05-12 16:06:00+00:00,85.05000305175781,85.08499908447266,85.05000305175781,85.07499694824219,12
2026-05-12 16:07:00+00:00,85.04000091552734,85.1500015258789,85.04000091552734,85.04499816894531,46
2026-05-12 16:08:00+00:00,85.03500366210938,85.06999969482422,84.9749984741211,85.04000091552734,88
2026-05-12 16:09:00+00:00,85.04499816894531,85.06500244140625,84.99500274658203,85.01499938964844,37
2026-05-12 16:10:00+00:00,85.03500366210938,85.05999755859375,84.9800033569336,85.0250015258789,66
2026-05-12 16:11:00+00:00,85.05500030517578,85.07499694824219,85.04000091552734,85.05000305175781,22
2026-05-12 16:12:00+00:00,85.05999755859375,85.06999969482422,85.04499816894531,85.05500030517578,18
2026-05-12 16:13:00+00:00,85.1500015258789,85.20500183105469,85.0999984741211,85.0999984741211,142
2026-05-12 16:14:00+00:00,85.1449966430664,85.15499877929688,85.12000274658203,85.15499877929688,11
2026-05-12 16:15:00+00:00,85.13999938964844,85.1500015258789,85.08499908447266,85.12000274658203,24
2026-05-12 16:16:00+00:00,85.16500091552734,85.20999908447266,85.1500015258789,85.1500015258789,53
2026-05-12 16:17:00+00:00,85.13500213623047,85.18499755859375,85.11499786376953,85.18499755859375,65
2026-05-12 16:18:00+00:00,85.13999938964844,85.13999938964844,85.11000061035156,85.13500213623047,12
2026-05-12 16:19:00+00:00,85.0999984741211,85.13500213623047,85.06500244140625,85.13500213623047,26
2026-05-12 16:20:00+00:00,85.08999633789062,85.11000061035156,85.05500030517578,85.08999633789062,30
2026-05-12 16:21:00+00:00,85.0,85.09500122070312,84.98500061035156,85.09500122070312,46
2026-05-12 16:22:00+00:00,85.0199966430664,85.05999755859375,84.98999786376953,85.0,378
2026-05-12 16:23:00+00:00,85.04000091552734,85.05999755859375,85.0250015258789,85.0250015258789,28
2026-05-12 16:24:00+00:00,85.08000183105469,85.08000183105469,85.0199966430664,85.04499816894531,27
2026-05-12 16:25:00+00:00,85.06500244140625,85.12000274658203,85.05500030517578,85.08999633789062,15
2026-05-12 16:26:00+00:00,85.0199966430664,85.06500244140625,85.01499938964844,85.04499816894531,39
2026-05-12 16:27:00+00:00,85.1050033569336,85.11000061035156,84.94499969482422,85.01000213623047,184
2026-05-12 16:28:00+00:00,85.1050033569336,85.13999938964844,85.09500122070312,85.0999984741211,32
2026-05-12 16:29:00+00:00,85.03500366210938,85.12999725341797,85.03500366210938,85.125,24
2026-05-12 16:30:00+00:00,85.0250015258789,85.05000305175781,85.01000213623047,85.05000305175781,10
2026-05-12 16:31:00+00:00,84.98999786376953,85.04000091552734,84.9800033569336,85.01000213623047,87
2026-05-12 16:32:00+00:00,85.09500122070312,85.11499786376953,84.94999694824219,85.0,264
2026-05-12 16:33:00+00:00,85.04499816894531,85.08999633789062,85.0250015258789,85.08999633789062,50
2026-05-12 16:34:00+00:00,85.08999633789062,85.08999633789062,85.05500030517578,85.06500244140625,11
2026-05-12 16:35:00+00:00,85.09500122070312,85.11499786376953,85.08499908447266,85.1050033569336,35
2026-05-12 16:36:00+00:00,85.16000366210938,85.16999816894531,85.11499786376953,85.11499786376953,42
2026-05-12 16:37:00+00:00,85.0999984741211,85.125,85.06999969482422,85.125,30
2026-05-12 16:38:00+00:00,85.07499694824219,85.07499694824219,85.05000305175781,85.07499694824219,13
2026-05-12 16:39:00+00:00,85.05999755859375,85.0999984741211,85.04499816894531,85.05999755859375,12
2026-05-12 16:40:00+00:00,85.06999969482422,85.11499786376953,85.05999755859375,85.05999755859375,15
2026-05-12 16:41:00+00:00,84.96499633789062,85.05500030517578,84.95500183105469,85.05500030517578,41
2026-05-12 16:42:00+00:00,84.92500305175781,84.97000122070312,84.91500091552734,84.97000122070312,30
2026-05-12 16:43:00+00:00,85.0250015258789,85.03500366210938,84.91000366210938,84.91999816894531,42
2026-05-12 16:44:00+00:00,84.97000122070312,85.03500366210938,84.96499633789062,85.0250015258789,23
2026-05-12 16:45:00+00:00,84.88999938964844,84.98999786376953,84.87999725341797,84.9800033569336,36
2026-05-12 16:46:00+00:00,84.91000366210938,84.91999816894531,84.81999969482422,84.9000015258789,36
2026-05-12 16:47:00+00:00,84.84500122070312,84.92500305175781,84.83499908447266,84.92500305175781,26
2026-05-12 16:48:00+00:00,84.80500030517578,84.8550033569336,84.79499816894531,84.84500122070312,17
2026-05-12 16:49:00+00:00,84.8949966430664,84.91999816894531,84.79499816894531,84.82499694824219,37
2026-05-12 16:50:00+00:00,84.95999908447266,84.95999908447266,84.87999725341797,84.90499877929688,18
2026-05-12 16:51:00+00:00,85.03500366210938,85.04000091552734,84.91500091552734,84.94999694824219,25
2026-05-12 16:52:00+00:00,84.96499633789062,85.05500030517578,84.95500183105469,85.02999877929688,36
2026-05-12 16:53:00+00:00,84.99500274658203,84.99500274658203,84.9749984741211,84.98999786376953,9
2026-05-12 16:54:00+00:00,84.9000015258789,84.98500061035156,84.88999938964844,84.98500061035156,17
2026-05-12 16:55:00+00:00,85.07499694824219,85.07499694824219,84.97000122070312,84.97000122070312,24
2026-05-12 16:56:00+00:00,85.23500061035156,85.24500274658203,85.0999984741211,85.0999984741211,68
2026-05-12 16:57:00+00:00,85.28500366210938,85.31999969482422,85.22000122070312,85.23500061035156,97
2026-05-12 16:58:00+00:00,85.28500366210938,85.31500244140625,85.2699966430664,85.2750015258789,33
2026-05-12 16:59:00+00:00,85.27999877929688,85.36000061035156,85.25,85.28500366210938,68
2026-05-12 17:00:00+00:00,85.41000366210938,85.41500091552734,85.30000305175781,85.30000305175781,96
2026-05-12 17:01:00+00:00,85.46499633789062,85.5,85.42500305175781,85.42500305175781,180
2026-05-12 17:02:00+00:00,85.51499938964844,85.5199966430664,85.46499633789062,85.46499633789062,53
2026-05-12 17:03:00+00:00,85.38999938964844,85.50499725341797,85.38999938964844,85.48999786376953,68
2026-05-12 17:04:00+00:00,85.4000015258789,85.44999694824219,85.38999938964844,85.4000015258789,71
2026-05-12 17:05:00+00:00,85.56999969482422,85.56999969482422,85.38999938964844,85.4000015258789,49
2026-05-12 17:06:00+00:00,85.66500091552734,85.69499969482422,85.49500274658203,85.58499908447266,158
2026-05-12 17:07:00+00:00,85.61499786376953,85.6500015258789,85.5999984741211,85.6500015258789,30
2026-05-12 17:08:00+00:00,85.56500244140625,85.625,85.55500030517578,85.61499786376953,68
2026-05-12 17:09:00+00:00,85.57499694824219,85.5999984741211,85.57499694824219,85.58499908447266,16
2026-05-12 17:10:00+00:00,85.55500030517578,85.58000183105469,85.51000213623047,85.57499694824219,146
2026-05-12 17:11:00+00:00,85.54000091552734,85.58000183105469,85.51499938964844,85.51499938964844,22
2026-05-12 17:12:00+00:00,85.5250015258789,85.55000305175781,85.47000122070312,85.51499938964844,51
2026-05-12 17:13:00+00:00,85.55500030517578,85.58999633789062,85.51000213623047,85.5250015258789,48
2026-05-12 17:14:00+00:00,85.58499908447266,85.5999984741211,85.5250015258789,85.59500122070312,37
2026-05-12 17:15:00+00:00,85.62000274658203,85.63999938964844,85.58499908447266,85.59500122070312,55
2026-05-12 17:16:00+00:00,85.67500305175781,85.70500183105469,85.5999984741211,85.62000274658203,53
2026-05-12 17:17:00+00:00,85.6449966430664,85.69999694824219,85.63500213623047,85.69499969482422,44
2026-05-12 17:18:00+00:00,85.68000030517578,85.69999694824219,85.62000274658203,85.65499877929688,35
2026-05-12 17:19:00+00:00,85.63999938964844,85.68499755859375,85.63999938964844,85.66500091552734,31
2026-05-12 17:20:00+00:00,85.6500015258789,85.68000030517578,85.62999725341797,85.66000366210938,48
2026-05-12 17:21:00+00:00,85.67500305175781,85.67500305175781,85.63500213623047,85.63500213623047,27
2026-05-12 17:22:00+00:00,85.73500061035156,85.76499938964844,85.69000244140625,85.69499969482422,56
2026-05-12 17:23:00+00:00,85.6050033569336,85.73500061035156,85.59500122070312,85.73500061035156,146
2026-05-12 17:24:00+00:00,85.61499786376953,85.6500015258789,85.5,85.5999984741211,645
2026-05-12 17:25:00+00:00,85.6449966430664,85.71499633789062,85.6050033569336,85.61499786376953,80
2026-05-12 17:26:00+00:00,85.6449966430664,85.6449966430664,85.5999984741211,85.63500213623047,23
2026-05-12 17:27:00+00:00,85.63500213623047,85.6500015258789,85.59500122070312,85.63500213623047,24
2026-05-12 17:28:00+00:00,85.6500015258789,85.65499877929688,85.62000274658203,85.63999938964844,17
2026-05-12 17:29:00+00:00,85.56999969482422,85.63999938964844,85.56999969482422,85.625,34
2026-05-12 17:30:00+00:00,85.55000305175781,85.61499786376953,85.52999877929688,85.59500122070312,44
2026-05-12 17:31:00+00:00,85.52999877929688,85.57499694824219,85.5,85.55500030517578,24
2026-05-12 17:32:00+00:00,85.5999984741211,85.6050033569336,85.51499938964844,85.5250015258789,45
2026-05-12 17:33:00+00:00,85.56999969482422,85.65499877929688,85.56999969482422,85.5999984741211,20
2026-05-12 17:34:00+00:00,85.625,85.63500213623047,85.61499786376953,85.625,8
2026-05-12 17:35:00+00:00,85.55999755859375,85.61499786376953,85.54499816894531,85.6050033569336,14
2026-05-12 17:36:00+00:00,85.62000274658203,85.625,85.56999969482422,85.56999969482422,26
2026-05-12 17:37:00+00:00,85.61499786376953,85.63999938964844,85.58999633789062,85.5999984741211,64
2026-05-12 17:38:00+00:00,85.73999786376953,85.76000213623047,85.59500122070312,85.5999984741211,38
2026-05-12 17:39:00+00:00,85.81500244140625,85.83000183105469,85.73999786376953,85.76499938964844,57
2026-05-12 17:40:00+00:00,85.86000061035156,85.86499786376953,85.79000091552734,85.80500030517578,53
2026-05-12 17:41:00+00:00,85.82499694824219,85.8499984741211,85.79499816894531,85.83000183105469,19
2026-05-12 17:42:00+00:00,85.8550033569336,85.86000061035156,85.83499908447266,85.83999633789062,15
2026-05-12 17:43:00+00:00,85.9000015258789,85.93000030517578,85.87000274658203,85.875,48
2026-05-12 17:44:00+00:00,85.93000030517578,85.95500183105469,85.8949966430664,85.8949966430664,41
2026-05-12 17:45:00+00:00,85.94999694824219,85.9800033569336,85.90499877929688,85.94000244140625,26
2026-05-12 17:46:00+00:00,85.86000061035156,85.93000030517578,85.86000061035156,85.91999816894531,44
2026-05-12 17:47:00+00:00,85.90499877929688,85.90499877929688,85.8499984741211,85.875,21
2026-05-12 17:48:00+00:00,85.875,85.91000366210938,85.86499786376953,85.91000366210938,10
2026-05-12 17:49:00+00:00,85.81500244140625,85.87000274658203,85.80500030517578,85.86499786376953,43
2026-05-12 17:50:00+00:00,85.74500274658203,85.83499908447266,85.74500274658203,85.83499908447266,31
2026-05-12 17:51:00+00:00,85.73500061035156,85.79000091552734,85.7300033569336,85.75,35
2026-05-12 17:52:00+00:00,85.73999786376953,85.76000213623047,85.73999786376953,85.76000213623047,10
2026-05-12 17:53:00+00:00,85.81999969482422,85.8550033569336,85.7249984741211,85.73999786376953,42
2026-05-12 17:54:00+00:00,85.83499908447266,85.83499908447266,85.80500030517578,85.82499694824219,6
2026-05-12 17:55:00+00:00,85.80000305175781,85.8499984741211,85.77999877929688,85.8499984741211,8
2026-05-12 17:56:00+00:00,85.76499938964844,85.79000091552734,85.76000213623047,85.79000091552734,5
2026-05-12 17:57:00+00:00,85.79000091552734,85.79000091552734,85.73999786376953,85.73999786376953,8
2026-05-12 17:58:00+00:00,85.7249984741211,85.74500274658203,85.7249984741211,85.74500274658203,4
2026-05-12 17:59:00+00:00,85.72000122070312,85.75499725341797,85.68499755859375,85.7249984741211,37
2026-05-12 18:00:00+00:00,85.76000213623047,85.7750015258789,85.69999694824219,85.72000122070312,14
2026-05-12 18:01:00+00:00,85.88999938964844,85.93499755859375,85.7750015258789,85.7750015258789,60
2026-05-12 18:02:00+00:00,85.79499816894531,85.91000366210938,85.69000244140625,85.88500213623047,131
2026-05-12 18:03:00+00:00,85.75499725341797,85.81999969482422,85.75499725341797,85.80500030517578,36
2026-05-12 18:04:00+00:00,85.63500213623047,85.76000213623047,85.63500213623047,85.73999786376953,55
2026-05-12 18:05:00+00:00,85.66999816894531,85.66999816894531,85.61499786376953,85.61499786376953,23
2026-05-12 18:06:00+00:00,85.66500091552734,85.66500091552734,85.66000366210938,85.66000366210938,7
2026-05-12 18:07:00+00:00,85.55999755859375,85.66999816894531,85.53500366210938,85.66500091552734,35
2026-05-12 18:08:00+00:00,85.6050033569336,85.63999938964844,85.55999755859375,85.55999755859375,67
2026-05-12 18:09:00+00:00,85.625,85.63999938964844,85.56999969482422,85.58499908447266,17
2026-05-12 18:10:00+00:00,85.6500015258789,85.66000366210938,85.62999725341797,85.6449966430664,12
2026-05-12 18:11:00+00:00,85.56999969482422,85.63500213623047,85.55999755859375,85.63500213623047,25
2026-05-12 18:12:00+00:00,85.57499694824219,85.61000061035156,85.55000305175781,85.55000305175781,14
2026-05-12 18:13:00+00:00,85.61000061035156,85.63500213623047,85.5999984741211,85.63500213623047,16
2026-05-12 18:14:00+00:00,85.69499969482422,85.69499969482422,85.5999984741211,85.5999984741211,25
2026-05-12 18:15:00+00:00,85.75,85.75,85.66000366210938,85.68499755859375,26
2026-05-12 18:16:00+00:00,85.75499725341797,85.77999877929688,85.73500061035156,85.75499725341797,35
2026-05-12 18:17:00+00:00,85.73999786376953,85.73999786376953,85.72000122070312,85.7300033569336,9
2026-05-12 18:18:00+00:00,85.76499938964844,85.76499938964844,85.7300033569336,85.7300033569336,9
2026-05-12 18:19:00+00:00,85.88500213623047,85.88500213623047,85.79000091552734,85.79000091552734,29
2026-05-12 18:20:00+00:00,85.93499755859375,85.9800033569336,85.83499908447266,85.8550033569336,52
2026-05-12 18:21:00+00:00,85.91500091552734,85.96499633789062,85.90499877929688,85.93000030517578,8
2026-05-12 18:22:00+00:00,85.94499969482422,85.95500183105469,85.9000015258789,85.94499969482422,19
2026-05-12 18:23:00+00:00,85.93499755859375,85.94999694824219,85.91000366210938,85.94999694824219,31
2026-05-12 18:24:00+00:00,85.94999694824219,85.97000122070312,85.92500305175781,85.92500305175781,23
2026-05-12 18:25:00+00:00,85.98500061035156,86.02999877929688,85.94000244140625,85.94000244140625,52
2026-05-12 18:26:00+00:00,86.00499725341797,86.04000091552734,85.9749984741211,86.0,26
2026-05-12 18:27:00+00:00,86.05999755859375,86.07499694824219,86.0199966430664,86.0199966430664,39
2026-05-12 18:28:00+00:00,86.08499908447266,86.12999725341797,86.05999755859375,86.05999755859375,83
2026-05-12 18:29:00+00:00,86.05000305175781,86.11499786376953,86.05000305175781,86.11000061035156,46
2026-05-12 18:30:00+00:00,86.08499908447266,86.08499908447266,86.03500366210938,86.04499816894531,15
2026-05-12 18:31:00+00:00,86.08499908447266,86.16999816894531,86.08499908447266,86.08999633789062,58
2026-05-12 18:32:00+00:00,86.19999694824219,86.19999694824219,86.12000274658203,86.12999725341797,71
2026-05-12 18:33:00+00:00,86.15499877929688,86.19000244140625,86.13500213623047,86.18499755859375,36
2026-05-12 18:34:00+00:00,86.25,86.25,86.16500091552734,86.16500091552734,30
2026-05-12 18:35:00+00:00,86.3499984741211,86.3499984741211,86.22000122070312,86.24500274658203,94
2026-05-12 18:36:00+00:00,86.375,86.41999816894531,86.33999633789062,86.3550033569336,43
2026-05-12 18:37:00+00:00,86.36499786376953,86.4000015258789,86.34500122070312,86.37999725341797,43
2026-05-12 18:38:00+00:00,86.375,86.41999816894531,86.36499786376953,86.36499786376953,69
2026-05-12 18:39:00+00:00,86.30999755859375,86.40499877929688,86.30999755859375,86.37999725341797,71
2026-05-12 18:40:00+00:00,86.37000274658203,86.37999725341797,86.29499816894531,86.29499816894531,8
2026-05-12 18:41:00+00:00,86.44999694824219,86.44999694824219,86.30999755859375,86.37999725341797,40
2026-05-12 18:42:00+00:00,86.45999908447266,86.6050033569336,86.44999694824219,86.44999694824219,110
2026-05-12 18:43:00+00:00,86.5199966430664,86.5250015258789,86.46499633789062,86.46499633789062,49
2026-05-12 18:44:00+00:00,86.57499694824219,86.58999633789062,86.5,86.5,47
2026-05-12 18:45:00+00:00,86.56999969482422,86.58000183105469,86.54000091552734,86.55999755859375,22
2026-05-12 18:46:00+00:00,86.51499938964844,86.54499816894531,86.49500274658203,86.54499816894531,45
2026-05-12 18:47:00+00:00,86.47000122070312,86.51000213623047,86.42500305175781,86.51000213623047,52
2026-05-12 18:48:00+00:00,86.40499877929688,86.46499633789062,86.40499877929688,86.46499633789062,8
2026-05-12 18:49:00+00:00,86.44000244140625,86.44000244140625,86.37000274658203,86.41000366210938,23
2026-05-12 18:50:00+00:00,86.54499816894531,86.55000305175781,86.44000244140625,86.45999908447266,44
2026-05-12 18:51:00+00:00,86.56999969482422,86.56999969482422,86.50499725341797,86.53500366210938,22
2026-05-12 18:52:00+00:00,86.7249984741211,86.7249984741211,86.55999755859375,86.55999755859375,52
2026-05-12 18:53:00+00:00,86.75499725341797,86.79499816894531,86.71499633789062,86.71499633789062,41
2026-05-12 18:54:00+00:00,86.73500061035156,86.79000091552734,86.7300033569336,86.7750015258789,31
2026-05-12 18:55:00+00:00,86.81999969482422,86.83999633789062,86.75,86.76499938964844,54
2026-05-12 18:56:00+00:00,86.79000091552734,86.83000183105469,86.7750015258789,86.80999755859375,29
2026-05-12 18:57:00+00:00,86.78500366210938,86.81500244140625,86.7300033569336,86.79499816894531,39
2026-05-12 18:58:00+00:00,86.80500030517578,86.86000061035156,86.77999877929688,86.77999877929688,59
2026-05-12 18:59:00+00:00,86.73500061035156,86.80000305175781,86.72000122070312,86.80000305175781,39
2026-05-12 19:00:00+00:00,86.8499984741211,86.86499786376953,86.75499725341797,86.75499725341797,36
2026-05-12 19:01:00+00:00,86.83000183105469,86.8499984741211,86.77999877929688,86.8499984741211,50
2026-05-12 19:02:00+00:00,86.88500213623047,86.91000366210938,86.83000183105469,86.83000183105469,48
2026-05-12 19:03:00+00:00,86.8499984741211,86.91999816894531,86.84500122070312,86.9000015258789,24
2026-05-12 19:04:00+00:00,86.88999938964844,86.8949966430664,86.875,86.875,4
2026-05-12 19:05:00+00:00,86.875,86.90499877929688,86.86499786376953,86.86499786376953,22
2026-05-12 19:06:00+00:00,86.91500091552734,86.91999816894531,86.8550033569336,86.875,43
2026-05-12 19:07:00+00:00,86.9800033569336,86.98500061035156,86.92500305175781,86.94000244140625,33
2026-05-12 19:08:00+00:00,86.98500061035156,87.01000213623047,86.95999908447266,86.98500061035156,68
2026-05-12 19:09:00+00:00,87.0,87.0,86.94499969482422,86.9800033569336,32
2026-05-12 19:10:00+00:00,86.95999908447266,87.01499938964844,86.95999908447266,87.0,44
2026-05-12 19:11:00+00:00,87.01499938964844,87.0199966430664,86.94999694824219,86.94999694824219,34
2026-05-12 19:12:00+00:00,87.11000061035156,87.125,87.0199966430664,87.0199966430664,64
2026-05-12 19:13:00+00:00,87.08999633789062,87.1449966430664,87.08999633789062,87.11000061035156,35
2026-05-12 19:14:00+00:00,86.95999908447266,87.08999633789062,86.94999694824219,87.08999633789062,88
2026-05-12 19:15:00+00:00,86.94000244140625,87.01499938964844,86.94000244140625,86.9800033569336,51
2026-05-12 19:16:00+00:00,86.81999969482422,86.93499755859375,86.81500244140625,86.92500305175781,97
2026-05-12 19:17:00+00:00,86.77999877929688,86.81999969482422,86.77999877929688,86.81999969482422,31
2026-05-12 19:18:00+00:00,86.91000366210938,86.91500091552734,86.81999969482422,86.81999969482422,20
2026-05-12 19:19:00+00:00,86.87999725341797,86.94499969482422,86.86499786376953,86.91500091552734,44
2026-05-12 19:20:00+00:00,86.82499694824219,86.92500305175781,86.81500244140625,86.90499877929688,18
2026-05-12 19:21:00+00:00,86.81999969482422,86.86000061035156,86.80500030517578,86.8550033569336,12
2026-05-12 19:22:00+00:00,86.74500274658203,86.81500244140625,86.6449966430664,86.81500244140625,206
2026-05-12 19:23:00+00:00,86.79000091552734,86.80999755859375,86.76000213623047,86.7699966430664,35
2026-05-12 19:24:00+00:00,86.79499816894531,86.8499984741211,86.79499816894531,86.80500030517578,11
2026-05-12 19:25:00+00:00,86.81500244140625,86.84500122070312,86.80000305175781,86.81500244140625,27
2026-05-12 19:26:00+00:00,86.91000366210938,86.92500305175781,86.80999755859375,86.80999755859375,30
2026-05-12 19:27:00+00:00,86.93000030517578,86.93000030517578,86.88999938964844,86.91500091552734,100
2026-05-12 19:28:00+00:00,86.87000274658203,86.91999816894531,86.86499786376953,86.91999816894531,34
2026-05-12 19:29:00+00:00,86.90499877929688,86.91999816894531,86.8949966430664,86.90499877929688,8
2026-05-12 19:30:00+00:00,86.9749984741211,86.98500061035156,86.91500091552734,86.93499755859375,67
2026-05-12 19:31:00+00:00,87.04000091552734,87.04499816894531,86.9800033569336,86.9800033569336,21
2026-05-12 19:32:00+00:00,87.13500213623047,87.13500213623047,86.98500061035156,87.02999877929688,42
2026-05-12 19:33:00+00:00,87.13500213623047,87.16999816894531,87.13500213623047,87.13500213623047,31
2026-05-12 19:34:00+00:00,87.20999908447266,87.23999786376953,87.12000274658203,87.12000274658203,56
2026-05-12 19:35:00+00:00,87.16000366210938,87.26000213623047,87.1500015258789,87.2249984741211,61
2026-05-12 19:36:00+00:00,87.21499633789062,87.2249984741211,87.20500183105469,87.20500183105469,46
2026-05-12 19:37:00+00:00,87.16000366210938,87.2249984741211,87.13500213623047,87.2249984741211,26
2026-05-12 19:38:00+00:00,87.16999816894531,87.2249984741211,87.16999816894531,87.2249984741211,16
2026-05-12 19:39:00+00:00,87.1500015258789,87.16500091552734,87.13999938964844,87.15499877929688,18
2026-05-12 19:40:00+00:00,87.1500015258789,87.1500015258789,87.1050033569336,87.1500015258789,49
2026-05-12 19:41:00+00:00,87.22000122070312,87.22000122070312,87.16999816894531,87.16999816894531,3
2026-05-12 19:42:00+00:00,87.18000030517578,87.20500183105469,87.17500305175781,87.20500183105469,9
2026-05-12 19:43:00+00:00,87.20999908447266,87.2249984741211,87.20500183105469,87.22000122070312,30
2026-05-12 19:44:00+00:00,87.2249984741211,87.2699966430664,87.22000122070312,87.2249984741211,73
2026-05-12 19:45:00+00:00,87.2249984741211,87.23500061035156,87.20500183105469,87.21499633789062,13
2026-05-12 19:46:00+00:00,87.25,87.25,87.20999908447266,87.2249984741211,28
2026-05-12 19:47:00+00:00,87.2300033569336,87.26000213623047,87.2300033569336,87.25,20
2026-05-12 19:48:00+00:00,87.2699966430664,87.2699966430664,87.19999694824219,87.21499633789062,26
2026-05-12 19:49:00+00:00,87.24500274658203,87.2699966430664,87.23500061035156,87.2699966430664,16
2026-05-12 19:50:00+00:00,87.24500274658203,87.27999877929688,87.19999694824219,87.25,112
2026-05-12 19:51:00+00:00,87.31999969482422,87.32499694824219,87.28500366210938,87.28500366210938,19
2026-05-12 19:52:00+00:00,87.33000183105469,87.33999633789062,87.28500366210938,87.30000305175781,19
2026-05-12 19:53:00+00:00,87.37000274658203,87.41999816894531,87.28500366210938,87.30000305175781,54
2026-05-12 19:54:00+00:00,87.37000274658203,87.4000015258789,87.33999633789062,87.3499984741211,47
2026-05-12 19:55:00+00:00,87.40499877929688,87.43000030517578,87.3550033569336,87.37000274658203,35
2026-05-12 19:56:00+00:00,87.44000244140625,87.45999908447266,87.3949966430664,87.3949966430664,30
2026-05-12 19:57:00+00:00,87.44999694824219,87.45999908447266,87.4000015258789,87.44999694824219,25
2026-05-12 19:58:00+00:00,87.43499755859375,87.45500183105469,87.36000061035156,87.43499755859375,40
2026-05-12 19:59:00+00:00,87.375,87.44999694824219,87.36000061035156,87.44999694824219,19
2026-05-12 20:00:00+00:00,87.44499969482422,87.44999694824219,87.36000061035156,87.375,28
2026-05-12 20:01:00+00:00,87.45500183105469,87.45500183105469,87.40499877929688,87.41000366210938,10
2026-05-12 20:02:00+00:00,87.33000183105469,87.44999694824219,87.33000183105469,87.42500305175781,30
2026-05-12 20:03:00+00:00,87.26499938964844,87.32499694824219,87.26499938964844,87.30500030517578,29
2026-05-12 20:04:00+00:00,87.30000305175781,87.30000305175781,87.25,87.2750015258789,17
2026-05-12 20:05:00+00:00,87.26000213623047,87.30500030517578,87.26000213623047,87.30000305175781,14
2026-05-12 20:06:00+00:00,87.29499816894531,87.30000305175781,87.27999877929688,87.27999877929688,16
2026-05-12 20:07:00+00:00,87.2300033569336,87.29499816894531,87.2300033569336,87.29499816894531,34
2026-05-12 20:08:00+00:00,87.20999908447266,87.25,87.20999908447266,87.24500274658203,32
2026-05-12 20:09:00+00:00,87.2699966430664,87.2750015258789,87.24500274658203,87.24500274658203,13
2026-05-12 20:10:00+00:00,87.25499725341797,87.26499938964844,87.25499725341797,87.26499938964844,8
2026-05-12 20:11:00+00:00,87.26000213623047,87.26000213623047,87.19000244140625,87.24500274658203,85
2026-05-12 20:12:00+00:00,87.30000305175781,87.31999969482422,87.26000213623047,87.26000213623047,26
2026-05-12 20:13:00+00:00,87.2699966430664,87.28500366210938,87.26499938964844,87.28500366210938,5
2026-05-12 20:14:00+00:00,87.30000305175781,87.30000305175781,87.2699966430664,87.2750015258789,5
2026-05-12 20:15:00+00:00,87.30500030517578,87.33000183105469,87.30000305175781,87.30500030517578,11
2026-05-12 20:16:00+00:00,87.30999755859375,87.30999755859375,87.30000305175781,87.30000305175781,2
2026-05-12 20:17:00+00:00,87.30000305175781,87.31500244140625,87.30000305175781,87.31500244140625,3
2026-05-12 20:18:00+00:00,87.4000015258789,87.4000015258789,87.33000183105469,87.33000183105469,9
2026-05-12 20:19:00+00:00,87.30500030517578,87.38999938964844,87.30500030517578,87.38500213623047,20
2026-05-12 20:20:00+00:00,87.2750015258789,87.30500030517578,87.2699966430664,87.30500030517578,11
2026-05-12 20:21:00+00:00,87.2750015258789,87.2750015258789,87.2750015258789,87.2750015258789,1
2026-05-12 20:22:00+00:00,87.24500274658203,87.27999877929688,87.24500274658203,87.2699966430664,7
2026-05-12 20:23:00+00:00,87.22000122070312,87.2300033569336,87.20500183105469,87.2300033569336,20
2026-05-12 20:24:00+00:00,87.2249984741211,87.2249984741211,87.19499969482422,87.21499633789062,12
2026-05-12 20:25:00+00:00,87.19000244140625,87.2300033569336,87.19000244140625,87.22000122070312,7
2026-05-12 20:26:00+00:00,87.23500061035156,87.23500061035156,87.19000244140625,87.19499969482422,9
2026-05-12 20:27:00+00:00,87.26499938964844,87.27999877929688,87.23999786376953,87.23999786376953,11
2026-05-12 20:28:00+00:00,87.2699966430664,87.2699966430664,87.26499938964844,87.2699966430664,7
2026-05-12 20:29:00+00:00,87.2249984741211,87.25,87.2249984741211,87.25,8
2026-05-12 20:30:00+00:00,87.21499633789062,87.25,87.21499633789062,87.25,4
2026-05-12 20:31:00+00:00,87.25,87.25,87.21499633789062,87.21499633789062,7
2026-05-12 20:33:00+00:00,87.25499725341797,87.27999877929688,87.22000122070312,87.22000122070312,5
2026-05-12 20:34:00+00:00,87.23999786376953,87.25,87.23999786376953,87.25,2
2026-05-12 20:35:00+00:00,87.20500183105469,87.23999786376953,87.19499969482422,87.23999786376953,9
2026-05-12 20:37:00+00:00,87.2699966430664,87.2699966430664,87.2699966430664,87.2699966430664,4
2026-05-12 20:38:00+00:00,87.24500274658203,87.25499725341797,87.23999786376953,87.25499725341797,3
2026-05-12 20:39:00+00:00,87.22000122070312,87.22000122070312,87.22000122070312,87.22000122070312,2
2026-05-12 20:40:00+00:00,87.23500061035156,87.25499725341797,87.20999908447266,87.21499633789062,10
2026-05-12 20:41:00+00:00,87.16500091552734,87.24500274658203,87.16500091552734,87.2300033569336,15
2026-05-12 20:42:00+00:00,87.16999816894531,87.17500305175781,87.12999725341797,87.1500015258789,19
2026-05-12 20:43:00+00:00,87.16500091552734,87.16999816894531,87.16500091552734,87.16999816894531,8
2026-05-12 20:44:00+00:00,87.21499633789062,87.22000122070312,87.20999908447266,87.20999908447266,4
2026-05-12 20:45:00+00:00,87.19000244140625,87.23500061035156,87.19000244140625,87.2300033569336,10
2026-05-12 20:46:00+00:00,87.18499755859375,87.18499755859375,87.18499755859375,87.18499755859375,1
2026-05-12 20:47:00+00:00,87.16500091552734,87.16500091552734,87.16500091552734,87.16500091552734,5
2026-05-12 20:48:00+00:00,87.2249984741211,87.2249984741211,87.19499969482422,87.19499969482422,5
2026-05-12 20:49:00+00:00,87.23500061035156,87.23500061035156,87.22000122070312,87.22000122070312,5
2026-05-12 20:50:00+00:00,87.24500274658203,87.2699966430664,87.23500061035156,87.26000213623047,9
2026-05-12 20:51:00+00:00,87.19000244140625,87.25,87.19000244140625,87.25,47
2026-05-12 20:52:00+00:00,87.19499969482422,87.19499969482422,87.19499969482422,87.19499969482422,1
2026-05-12 20:53:00+00:00,87.20500183105469,87.20500183105469,87.20500183105469,87.20500183105469,2
2026-05-12 20:54:00+00:00,87.13999938964844,87.19499969482422,87.12999725341797,87.19499969482422,20
2026-05-12 20:55:00+00:00,87.16999816894531,87.17500305175781,87.11499786376953,87.11499786376953,8
2026-05-12 20:56:00+00:00,87.16000366210938,87.19000244140625,87.15499877929688,87.15499877929688,5
2026-05-12 20:57:00+00:00,87.18499755859375,87.19000244140625,87.16000366210938,87.16999816894531,10
2026-05-12 20:58:00+00:00,87.17500305175781,87.18499755859375,87.16000366210938,87.16500091552734,11
2026-05-12 20:59:00+00:00,87.20500183105469,87.24500274658203,87.20500183105469,87.20500183105469,15
2026-05-12 22:00:00+00:00,87.30999755859375,87.4800033569336,87.30999755859375,87.31999969482422,0
2026-05-12 22:01:00+00:00,87.29499816894531,87.30000305175781,87.29499816894531,87.30000305175781,3
2026-05-12 22:02:00+00:00,87.40499877929688,87.40499877929688,87.26499938964844,87.29499816894531,24
2026-05-12 22:03:00+00:00,87.40499877929688,87.44000244140625,87.30500030517578,87.36000061035156,26
2026-05-12 22:04:00+00:00,87.56500244140625,87.56999969482422,87.41999816894531,87.41999816894531,63
2026-05-12 22:05:00+00:00,87.49500274658203,87.58499908447266,87.49500274658203,87.57499694824219,16
2026-05-12 22:06:00+00:00,87.45999908447266,87.52999877929688,87.45999908447266,87.45999908447266,11
2026-05-12 22:07:00+00:00,87.43000030517578,87.43000030517578,87.43000030517578,87.43000030517578,1
2026-05-12 22:08:00+00:00,87.34500122070312,87.41999816894531,87.33999633789062,87.41999816894531,11
2026-05-12 22:09:00+00:00,87.31500244140625,87.36000061035156,87.31500244140625,87.3499984741211,5
2026-05-12 22:10:00+00:00,87.36000061035156,87.36000061035156,87.33499908447266,87.36000061035156,4
2026-05-12 22:11:00+00:00,87.4000015258789,87.43499755859375,87.37000274658203,87.37000274658203,11
2026-05-12 22:12:00+00:00,87.40499877929688,87.40499877929688,87.40499877929688,87.40499877929688,1
2026-05-12 22:13:00+00:00,87.42500305175781,87.43000030517578,87.38500213623047,87.4000015258789,9
2026-05-12 22:14:00+00:00,87.43499755859375,87.45500183105469,87.43499755859375,87.44499969482422,3
2026-05-12 22:15:00+00:00,87.44999694824219,87.45999908447266,87.44999694824219,87.44999694824219,5
2026-05-12 22:17:00+00:00,87.47000122070312,87.47000122070312,87.47000122070312,87.47000122070312,1
2026-05-12 22:18:00+00:00,87.57499694824219,87.57499694824219,87.4749984741211,87.4749984741211,20
2026-05-12 22:19:00+00:00,87.5250015258789,87.57499694824219,87.5250015258789,87.57499694824219,25
2026-05-12 22:20:00+00:00,87.62999725341797,87.6500015258789,87.55999755859375,87.55999755859375,20
2026-05-12 22:21:00+00:00,87.61499786376953,87.6500015258789,87.61000061035156,87.6500015258789,8
2026-05-12 22:22:00+00:00,87.58999633789062,87.63500213623047,87.58999633789062,87.61499786376953,13
2026-05-12 22:23:00+00:00,87.61499786376953,87.6449966430664,87.58000183105469,87.58999633789062,11
2026-05-12 22:24:00+00:00,87.55999755859375,87.6050033569336,87.54000091552734,87.6050033569336,15
2026-05-12 22:25:00+00:00,87.56500244140625,87.56500244140625,87.5199966430664,87.55500030517578,10
2026-05-12 22:26:00+00:00,87.51000213623047,87.55999755859375,87.50499725341797,87.55999755859375,10
2026-05-12 22:27:00+00:00,87.53500366210938,87.54000091552734,87.5,87.5,29
2026-05-12 22:28:00+00:00,87.5199966430664,87.5199966430664,87.5199966430664,87.5199966430664,3
2026-05-12 22:29:00+00:00,87.58999633789062,87.59500122070312,87.54499816894531,87.54499816894531,14
2026-05-12 22:30:00+00:00,87.55000305175781,87.58499908447266,87.54000091552734,87.58499908447266,10
2026-05-12 22:31:00+00:00,87.55000305175781,87.58499908447266,87.55000305175781,87.58499908447266,11
2026-05-12 22:32:00+00:00,87.55999755859375,87.56500244140625,87.55999755859375,87.56500244140625,2
2026-05-12 22:33:00+00:00,87.5999984741211,87.62000274658203,87.5999984741211,87.62000274658203,3
2026-05-12 22:34:00+00:00,87.61499786376953,87.62999725341797,87.5999984741211,87.62999725341797,4
2026-05-12 22:35:00+00:00,87.58999633789062,87.61499786376953,87.56500244140625,87.56500244140625,9
2026-05-12 22:37:00+00:00,87.55000305175781,87.55000305175781,87.55000305175781,87.55000305175781,1
2026-05-12 22:38:00+00:00,87.58999633789062,87.58999633789062,87.58999633789062,87.58999633789062,1
2026-05-12 22:40:00+00:00,87.55999755859375,87.55999755859375,87.53500366210938,87.55999755859375,4
2026-05-12 22:41:00+00:00,87.50499725341797,87.5199966430664,87.50499725341797,87.5199966430664,2
2026-05-12 22:42:00+00:00,87.50499725341797,87.55000305175781,87.50499725341797,87.52999877929688,5
2026-05-12 22:43:00+00:00,87.5199966430664,87.5199966430664,87.5,87.5,8
2026-05-12 22:44:00+00:00,87.51499938964844,87.52999877929688,87.51499938964844,87.52999877929688,5
2026-05-12 22:45:00+00:00,87.5250015258789,87.5250015258789,87.5250015258789,87.5250015258789,1
2026-05-12 22:47:00+00:00,87.55000305175781,87.58000183105469,87.55000305175781,87.55500030517578,3
2026-05-12 22:49:00+00:00,87.52999877929688,87.54499816894531,87.5199966430664,87.5199966430664,7
2026-05-12 22:50:00+00:00,87.52999877929688,87.55500030517578,87.52999877929688,87.54000091552734,3
2026-05-12 22:52:00+00:00,87.52999877929688,87.52999877929688,87.52999877929688,87.52999877929688,1
2026-05-12 22:53:00+00:00,87.6500015258789,87.6500015258789,87.55999755859375,87.55999755859375,16
2026-05-12 22:54:00+00:00,87.63999938964844,87.68000030517578,87.63999938964844,87.65499877929688,12
2026-05-12 22:55:00+00:00,87.66999816894531,87.7249984741211,87.65499877929688,87.65499877929688,17
2026-05-12 22:56:00+00:00,87.61499786376953,87.6500015258789,87.61499786376953,87.6500015258789,16
2026-05-12 22:57:00+00:00,87.5199966430664,87.57499694824219,87.5199966430664,87.57499694824219,13
2026-05-12 22:58:00+00:00,87.48999786376953,87.5250015258789,87.4800033569336,87.5250015258789,12
2026-05-12 22:59:00+00:00,87.46499633789062,87.46499633789062,87.46499633789062,87.46499633789062,1
2026-05-12 23:00:00+00:00,87.4800033569336,87.48500061035156,87.44999694824219,87.46499633789062,7
2026-05-12 23:01:00+00:00,87.5199966430664,87.5199966430664,87.5199966430664,87.5199966430664,2
2026-05-12 23:02:00+00:00,87.51000213623047,87.5199966430664,87.5,87.5,4
2026-05-12 23:03:00+00:00,87.5,87.5,87.5,87.5,4
2026-05-12 23:04:00+00:00,87.5250015258789,87.5250015258789,87.4800033569336,87.4800033569336,2
2026-05-12 23:05:00+00:00,87.48999786376953,87.51000213623047,87.48999786376953,87.51000213623047,4
2026-05-12 23:06:00+00:00,87.48500061035156,87.48500061035156,87.48500061035156,87.48500061035156,1
2026-05-12 23:07:00+00:00,87.5199966430664,87.5199966430664,87.51000213623047,87.51000213623047,2
2026-05-12 23:08:00+00:00,87.59500122070312,87.59500122070312,87.52999877929688,87.52999877929688,4
2026-05-12 23:09:00+00:00,87.56999969482422,87.56999969482422,87.56500244140625,87.56500244140625,2
2026-05-12 23:10:00+00:00,87.4800033569336,87.5250015258789,87.4749984741211,87.5,10
2026-05-12 23:11:00+00:00,87.50499725341797,87.5199966430664,87.50499725341797,87.5199966430664,2
2026-05-12 23:12:00+00:00,87.48999786376953,87.48999786376953,87.48999786376953,87.48999786376953,1
2026-05-12 23:13:00+00:00,87.45500183105469,87.47000122070312,87.43499755859375,87.47000122070312,6
2026-05-12 23:14:00+00:00,87.43000030517578,87.45500183105469,87.42500305175781,87.43499755859375,10
2026-05-12 23:15:00+00:00,87.44000244140625,87.44000244140625,87.41000366210938,87.41999816894531,8
2026-05-12 23:16:00+00:00,87.41999816894531,87.41999816894531,87.41999816894531,87.41999816894531,1
2026-05-12 23:17:00+00:00,87.5,87.5,87.43000030517578,87.43000030517578,27
2026-05-12 23:18:00+00:00,87.4749984741211,87.4800033569336,87.4749984741211,87.4800033569336,2
2026-05-12 23:19:00+00:00,87.37999725341797,87.43000030517578,87.31999969482422,87.43000030517578,18
2026-05-12 23:20:00+00:00,87.36000061035156,87.37999725341797,87.3499984741211,87.36499786376953,6
2026-05-12 23:21:00+00:00,87.375,87.375,87.36000061035156,87.36000061035156,3
2026-05-12 23:22:00+00:00,87.44499969482422,87.45500183105469,87.38999938964844,87.38999938964844,5
2026-05-12 23:23:00+00:00,87.41999816894531,87.41999816894531,87.41999816894531,87.41999816894531,5
2026-05-12 23:24:00+00:00,87.51499938964844,87.51499938964844,87.4800033569336,87.4800033569336,10
2026-05-12 23:25:00+00:00,87.51499938964844,87.5199966430664,87.51000213623047,87.5199966430664,6
2026-05-12 23:26:00+00:00,87.5199966430664,87.5199966430664,87.5199966430664,87.5199966430664,2
2026-05-12 23:27:00+00:00,87.51000213623047,87.51000213623047,87.5,87.5,4
2026-05-12 23:28:00+00:00,87.5199966430664,87.52999877929688,87.5,87.5,5
2026-05-12 23:29:00+00:00,87.54000091552734,87.54000091552734,87.52999877929688,87.52999877929688,2
2026-05-12 23:30:00+00:00,87.5,87.5,87.5,87.5,1
2026-05-12 23:31:00+00:00,87.5250015258789,87.5250015258789,87.5250015258789,87.5250015258789,1
2026-05-12 23:32:00+00:00,87.55000305175781,87.57499694824219,87.53500366210938,87.57499694824219,11
2026-05-12 23:33:00+00:00,87.55000305175781,87.57499694824219,87.55000305175781,87.57499694824219,5
2026-05-12 23:34:00+00:00,87.56999969482422,87.56999969482422,87.54000091552734,87.54499816894531,10
2026-05-12 23:35:00+00:00,87.54499816894531,87.58999633789062,87.52999877929688,87.58999633789062,8
2026-05-12 23:36:00+00:00,87.55999755859375,87.55999755859375,87.5250015258789,87.5250015258789,2
2026-05-12 23:37:00+00:00,87.62000274658203,87.66999816894531,87.55500030517578,87.55500030517578,12
2026-05-12 23:38:00+00:00,87.7249984741211,87.7249984741211,87.63500213623047,87.63500213623047,19
2026-05-12 23:39:00+00:00,87.66000366210938,87.73500061035156,87.66000366210938,87.7249984741211,16
2026-05-12 23:40:00+00:00,87.6500015258789,87.68000030517578,87.6500015258789,87.68000030517578,4
2026-05-12 23:41:00+00:00,87.66999816894531,87.70500183105469,87.66999816894531,87.68499755859375,9
2026-05-12 23:42:00+00:00,87.69999694824219,87.7249984741211,87.62999725341797,87.67500305175781,41
2026-05-12 23:43:00+00:00,87.65499877929688,87.68499755859375,87.62000274658203,87.6449966430664,45
2026-05-12 23:44:00+00:00,87.7750015258789,87.78500366210938,87.67500305175781,87.67500305175781,92
2026-05-12 23:45:00+00:00,87.91000366210938,87.91999816894531,87.80000305175781,87.80000305175781,36
2026-05-12 23:46:00+00:00,87.87999725341797,87.9000015258789,87.83499908447266,87.9000015258789,51
2026-05-12 23:47:00+00:00,87.7699966430664,87.8550033569336,87.7699966430664,87.8550033569336,12
2026-05-12 23:48:00+00:00,87.69499969482422,87.71499633789062,87.66500091552734,87.71499633789062,35
2026-05-12 23:49:00+00:00,87.73999786376953,87.73999786376953,87.70500183105469,87.70500183105469,3
2026-05-12 23:50:00+00:00,87.66500091552734,87.70500183105469,87.66500091552734,87.70500183105469,6
2026-05-12 23:51:00+00:00,87.69000244140625,87.69000244140625,87.69000244140625,87.69000244140625,1
2026-05-12 23:52:00+00:00,87.67500305175781,87.68000030517578,87.61000061035156,87.63999938964844,23
2026-05-12 23:53:00+00:00,87.9800033569336,88.0199966430664,87.6449966430664,87.66000366210938,151
2026-05-12 23:54:00+00:00,87.92500305175781,87.9800033569336,87.87999725341797,87.9800033569336,21
2026-05-12 23:55:00+00:00,87.87999725341797,87.95999908447266,87.875,87.95500183105469,20
2026-05-12 23:56:00+00:00,87.88500213623047,87.88500213623047,87.82499694824219,87.8499984741211,11
2026-05-12 23:57:00+00:00,87.93499755859375,87.93499755859375,87.91999816894531,87.91999816894531,6
2026-05-12 23:58:00+00:00,87.88999938964844,87.95999908447266,87.88999938964844,87.95999908447266,3
2026-05-12 23:59:00+00:00,87.8949966430664,87.8949966430664,87.88500213623047,87.88500213623047,4
2026-05-13 00:00:00+00:00,87.80999755859375,88.01000213623047,87.80999755859375,87.86000061035156,141
2026-05-13 00:01:00+00:00,87.77999877929688,87.90499877929688,87.77999877929688,87.84500122070312,59
2026-05-13 00:02:00+00:00,87.90499877929688,87.93000030517578,87.69999694824219,87.73999786376953,30
2026-05-13 00:03:00+00:00,88.08000183105469,88.08000183105469,87.98999786376953,87.98999786376953,31
2026-05-13 00:04:00+00:00,88.12999725341797,88.3550033569336,88.01499938964844,88.06999969482422,488
2026-05-13 00:05:00+00:00,88.12000274658203,88.21499633789062,88.12000274658203,88.13999938964844,46
2026-05-13 00:06:00+00:00,88.03500366210938,88.13999938964844,88.0199966430664,88.12000274658203,50
2026-05-13 00:07:00+00:00,88.05999755859375,88.08499908447266,88.0,88.01499938964844,27
2026-05-13 00:08:00+00:00,88.03500366210938,88.05000305175781,87.93499755859375,87.95999908447266,21
2026-05-13 00:09:00+00:00,87.9000015258789,88.06999969482422,87.9000015258789,88.04000091552734,42
2026-05-13 00:10:00+00:00,88.02999877929688,88.02999877929688,87.86000061035156,87.87000274658203,158
2026-05-13 00:11:00+00:00,88.125,88.1500015258789,88.01499938964844,88.05500030517578,23
2026-05-13 00:12:00+00:00,88.07499694824219,88.1449966430664,88.07499694824219,88.12000274658203,14
2026-05-13 00:13:00+00:00,88.0199966430664,88.05000305175781,87.9800033569336,88.05000305175781,31
2026-05-13 00:14:00+00:00,87.91999816894531,88.02999877929688,87.91500091552734,88.02999877929688,4
2026-05-13 00:15:00+00:00,88.05500030517578,88.05500030517578,87.8949966430664,87.91000366210938,19
2026-05-13 00:16:00+00:00,88.05999755859375,88.05999755859375,88.05999755859375,88.05999755859375,1
2026-05-13 00:17:00+00:00,88.07499694824219,88.13500213623047,88.0199966430664,88.0199966430664,9
2026-05-13 00:18:00+00:00,88.125,88.125,88.06999969482422,88.06999969482422,7
2026-05-13 00:19:00+00:00,88.18499755859375,88.19999694824219,88.16500091552734,88.16500091552734,15
2026-05-13 00:20:00+00:00,88.18000030517578,88.23500061035156,88.125,88.20500183105469,21
2026-05-13 00:21:00+00:00,88.24500274658203,88.27999877929688,88.20500183105469,88.20500183105469,35
2026-05-13 00:22:00+00:00,88.26000213623047,88.26000213623047,88.20500183105469,88.22000122070312,19
2026-05-13 00:23:00+00:00,88.26000213623047,88.30000305175781,88.23500061035156,88.23999786376953,19
2026-05-13 00:24:00+00:00,88.20999908447266,88.22000122070312,88.12999725341797,88.19999694824219,26
2026-05-13 00:25:00+00:00,88.20500183105469,88.2249984741211,88.20500183105469,88.20999908447266,5
2026-05-13 00:26:00+00:00,88.2699966430664,88.27999877929688,88.24500274658203,88.24500274658203,9
2026-05-13 00:27:00+00:00,88.25,88.27999877929688,88.19999694824219,88.27999877929688,29
2026-05-13 00:28:00+00:00,88.11499786376953,88.22000122070312,88.0999984741211,88.19000244140625,17
2026-05-13 00:29:00+00:00,88.19999694824219,88.19999694824219,88.0999984741211,88.1050033569336,24
2026-05-13 00:30:00+00:00,88.2699966430664,88.2699966430664,88.23500061035156,88.24500274658203,23
2026-05-13 00:31:00+00:00,88.29000091552734,88.33000183105469,88.26000213623047,88.27999877929688,27
2026-05-13 00:32:00+00:00,88.19499969482422,88.23500061035156,88.19499969482422,88.23500061035156,26
2026-05-13 00:33:00+00:00,88.20500183105469,88.20500183105469,88.17500305175781,88.17500305175781,8
2026-05-13 00:34:00+00:00,88.20999908447266,88.20999908447266,88.20999908447266,88.20999908447266,1
2026-05-13 00:35:00+00:00,88.20500183105469,88.20999908447266,88.18499755859375,88.20999908447266,7
2026-05-13 00:36:00+00:00,88.02999877929688,88.16999816894531,88.02999877929688,88.16999816894531,36
2026-05-13 00:37:00+00:00,88.18000030517578,88.18000030517578,88.05999755859375,88.05999755859375,17
2026-05-13 00:38:00+00:00,88.12000274658203,88.18000030517578,88.12000274658203,88.18000030517578,11
2026-05-13 00:39:00+00:00,88.2300033569336,88.2300033569336,88.06500244140625,88.06500244140625,22
2026-05-13 00:40:00+00:00,88.375,88.44000244140625,88.23500061035156,88.25499725341797,55
2026-05-13 00:41:00+00:00,88.30500030517578,88.4000015258789,88.30000305175781,88.37999725341797,24
2026-05-13 00:42:00+00:00,88.30999755859375,88.33000183105469,88.2750015258789,88.31999969482422,12
2026-05-13 00:43:00+00:00,88.23500061035156,88.29499816894531,88.23500061035156,88.29499816894531,12
2026-05-13 00:44:00+00:00,88.22000122070312,88.23500061035156,88.19499969482422,88.23500061035156,10
2026-05-13 00:45:00+00:00,88.00499725341797,88.25,88.0,88.18000030517578,30
2026-05-13 00:46:00+00:00,88.08499908447266,88.08499908447266,88.0199966430664,88.0199966430664,4
2026-05-13 00:47:00+00:00,88.05500030517578,88.07499694824219,88.0250015258789,88.06999969482422,11
2026-05-13 00:48:00+00:00,88.05000305175781,88.05000305175781,88.05000305175781,88.05000305175781,2
2026-05-13 00:49:00+00:00,88.00499725341797,88.0250015258789,87.9749984741211,88.0250015258789,5
2026-05-13 00:50:00+00:00,87.9800033569336,88.0199966430664,87.96499633789062,88.0199966430664,12
2026-05-13 00:51:00+00:00,88.08499908447266,88.11000061035156,87.91000366210938,87.91000366210938,29
2026-05-13 00:52:00+00:00,87.98500061035156,88.05999755859375,87.98500061035156,88.05999755859375,26
2026-05-13 00:53:00+00:00,88.04000091552734,88.05999755859375,88.0,88.0,20
2026-05-13 00:54:00+00:00,88.05500030517578,88.05500030517578,87.95999908447266,87.98500061035156,36
2026-05-13 00:55:00+00:00,88.18000030517578,88.19499969482422,88.05500030517578,88.05500030517578,26
2026-05-13 00:56:00+00:00,88.20999908447266,88.26499938964844,88.18499755859375,88.19999694824219,46
2026-05-13 00:57:00+00:00,88.11000061035156,88.2249984741211,88.11000061035156,88.21499633789062,14
2026-05-13 00:58:00+00:00,88.11499786376953,88.15499877929688,88.11000061035156,88.13999938964844,10
2026-05-13 00:59:00+00:00,87.94000244140625,88.11000061035156,87.93000030517578,88.11000061035156,92
2026-05-13 01:00:00+00:00,88.23500061035156,88.33000183105469,87.83999633789062,87.96499633789062,310
2026-05-13 01:01:00+00:00,87.95500183105469,88.34500122070312,87.84500122070312,88.24500274658203,86
2026-05-13 01:02:00+00:00,88.30999755859375,88.31500244140625,87.9000015258789,87.94499969482422,76
2026-05-13 01:03:00+00:00,88.1050033569336,88.25,88.04499816894531,88.25,50
2026-05-13 01:04:00+00:00,88.07499694824219,88.18000030517578,88.05500030517578,88.13999938964844,26
2026-05-13 01:05:00+00:00,87.87999725341797,88.12999725341797,87.84500122070312,88.06999969482422,178
2026-05-13 01:06:00+00:00,87.875,87.94000244140625,87.81999969482422,87.9000015258789,55
2026-05-13 01:07:00+00:00,87.7249984741211,87.83499908447266,87.70500183105469,87.83499908447266,76
2026-05-13 01:08:00+00:00,88.0199966430664,88.12999725341797,87.74500274658203,87.74500274658203,67
2026-05-13 01:09:00+00:00,88.13500213623047,88.19999694824219,88.0199966430664,88.0199966430664,22
2026-05-13 01:10:00+00:00,88.36000061035156,88.38999938964844,88.1050033569336,88.11000061035156,57
2026-05-13 01:11:00+00:00,88.45999908447266,88.51000213623047,88.36499786376953,88.38999938964844,112
2026-05-13 01:12:00+00:00,88.54499816894531,88.58000183105469,88.48500061035156,88.49500274658203,72
2026-05-13 01:13:00+00:00,88.37999725341797,88.55000305175781,88.34500122070312,88.55000305175781,62
2026-05-13 01:14:00+00:00,88.29000091552734,88.38500213623047,88.22000122070312,88.375,74
2026-05-13 01:15:00+00:00,88.19000244140625,88.3949966430664,88.19000244140625,88.31999969482422,31
2026-05-13 01:16:00+00:00,88.09500122070312,88.2300033569336,88.09500122070312,88.18499755859375,18
2026-05-13 01:17:00+00:00,88.08499908447266,88.18499755859375,88.03500366210938,88.1449966430664,25
2026-05-13 01:18:00+00:00,88.12000274658203,88.12000274658203,87.93499755859375,88.06500244140625,48
2026-05-13 01:19:00+00:00,88.02999877929688,88.11499786376953,88.00499725341797,88.08000183105469,46
2026-05-13 01:20:00+00:00,87.92500305175781,88.0199966430664,87.90499877929688,88.0199966430664,24
2026-05-13 01:21:00+00:00,87.95500183105469,87.98500061035156,87.91500091552734,87.91500091552734,10
2026-05-13 01:22:00+00:00,87.96499633789062,88.0,87.96499633789062,88.0,5
2026-05-13 01:23:00+00:00,87.88500213623047,88.01499938964844,87.88500213623047,88.01000213623047,28
2026-05-13 01:24:00+00:00,87.88500213623047,87.88999938964844,87.81999969482422,87.88999938964844,17
2026-05-13 01:25:00+00:00,87.78500366210938,87.81500244140625,87.66999816894531,87.81500244140625,47
2026-05-13 01:26:00+00:00,87.86000061035156,87.87999725341797,87.75,87.75,22
2026-05-13 01:27:00+00:00,87.62999725341797,87.86499786376953,87.58999633789062,87.86499786376953,53
2026-05-13 01:28:00+00:00,87.57499694824219,87.69999694824219,87.56999969482422,87.65499877929688,48
2026-05-13 01:29:00+00:00,87.56999969482422,87.625,87.54000091552734,87.61000061035156,73
2026-05-13 01:30:00+00:00,87.70999908447266,87.71499633789062,87.5199966430664,87.54000091552734,45
2026-05-13 01:31:00+00:00,87.5999984741211,87.7300033569336,87.5999984741211,87.71499633789062,18
2026-05-13 01:32:00+00:00,87.58000183105469,87.62000274658203,87.5,87.53500366210938,68
2026-05-13 01:33:00+00:00,87.53500366210938,87.625,87.5,87.62000274658203,43
2026-05-13 01:34:00+00:00,87.55000305175781,87.59500122070312,87.52999877929688,87.55000305175781,22
2026-05-13 01:35:00+00:00,87.41500091552734,87.52999877929688,87.30500030517578,87.52999877929688,124
2026-05-13 01:36:00+00:00,87.55000305175781,87.56999969482422,87.32499694824219,87.41500091552734,129
2026-05-13 01:37:00+00:00,87.57499694824219,87.66500091552734,87.48999786376953,87.56999969482422,74
2026-05-13 01:38:00+00:00,87.55999755859375,87.58000183105469,87.45500183105469,87.56999969482422,41
2026-05-13 01:39:00+00:00,87.62999725341797,87.63999938964844,87.5250015258789,87.54499816894531,26
2026-05-13 01:40:00+00:00,87.70999908447266,87.76000213623047,87.61499786376953,87.63500213623047,40
2026-05-13 01:41:00+00:00,87.73500061035156,87.73500061035156,87.6449966430664,87.65499877929688,23
2026-05-13 01:42:00+00:00,87.91000366210938,87.91000366210938,87.69999694824219,87.72000122070312,113
2026-05-13 01:43:00+00:00,87.8949966430664,87.90499877929688,87.86000061035156,87.875,25
2026-05-13 01:44:00+00:00,87.82499694824219,87.91000366210938,87.7699966430664,87.875,54
2026-05-13 01:45:00+00:00,87.8499984741211,87.93499755859375,87.84500122070312,87.87999725341797,18
2026-05-13 01:46:00+00:00,87.8499984741211,87.86499786376953,87.80500030517578,87.86000061035156,9
2026-05-13 01:47:00+00:00,87.82499694824219,87.82499694824219,87.7750015258789,87.79499816894531,10
2026-05-13 01:48:00+00:00,87.83499908447266,87.86499786376953,87.77999877929688,87.86499786376953,10
2026-05-13 01:49:00+00:00,88.0,88.04499816894531,87.86000061035156,87.86000061035156,63
2026-05-13 01:50:00+00:00,87.94499969482422,88.0,87.94499969482422,87.99500274658203,11
2026-05-13 01:51:00+00:00,88.0199966430664,88.03500366210938,87.91500091552734,87.91999816894531,29
2026-05-13 01:52:00+00:00,87.80500030517578,88.02999877929688,87.79499816894531,88.02999877929688,17
2026-05-13 01:53:00+00:00,87.80999755859375,87.84500122070312,87.79000091552734,87.79499816894531,15
2026-05-13 01:54:00+00:00,87.76499938964844,87.80999755859375,87.76499938964844,87.79000091552734,14
2026-05-13 01:55:00+00:00,87.70500183105469,87.73500061035156,87.625,87.72000122070312,38
2026-05-13 01:56:00+00:00,87.6500015258789,87.69000244140625,87.6500015258789,87.68499755859375,13
2026-05-13 01:57:00+00:00,87.5199966430664,87.5999984741211,87.5,87.56999969482422,82
2026-05-13 01:58:00+00:00,87.57499694824219,87.62000274658203,87.55000305175781,87.55000305175781,12
2026-05-13 01:59:00+00:00,87.55500030517578,87.55500030517578,87.44499969482422,87.55000305175781,54
2026-05-13 02:00:00+00:00,87.63500213623047,87.6449966430664,87.52999877929688,87.52999877929688,18
2026-05-13 02:01:00+00:00,87.62999725341797,87.68000030517578,87.62000274658203,87.6449966430664,10
2026-05-13 02:02:00+00:00,87.78500366210938,87.78500366210938,87.67500305175781,87.67500305175781,19
2026-05-13 02:03:00+00:00,87.86000061035156,87.86000061035156,87.73999786376953,87.79000091552734,23
2026-05-13 02:04:00+00:00,87.90499877929688,87.95500183105469,87.83999633789062,87.83999633789062,9
2026-05-13 02:05:00+00:00,87.93499755859375,87.93499755859375,87.80500030517578,87.83999633789062,18
2026-05-13 02:06:00+00:00,87.87000274658203,87.9800033569336,87.81999969482422,87.94000244140625,30
2026-05-13 02:07:00+00:00,87.65499877929688,87.87000274658203,87.65499877929688,87.87000274658203,39
2026-05-13 02:08:00+00:00,87.55999755859375,87.68000030517578,87.53500366210938,87.66500091552734,86
2026-05-13 02:09:00+00:00,87.55000305175781,87.59500122070312,87.5,87.54499816894531,44
2026-05-13 02:10:00+00:00,87.55500030517578,87.58999633789062,87.48999786376953,87.5250015258789,34
2026-05-13 02:11:00+00:00,87.70999908447266,87.73999786376953,87.58000183105469,87.58000183105469,33
2026-05-13 02:12:00+00:00,87.7249984741211,87.76499938964844,87.7249984741211,87.73500061035156,7
2026-05-13 02:13:00+00:00,87.76000213623047,87.76000213623047,87.71499633789062,87.71499633789062,9
2026-05-13 02:14:00+00:00,87.63500213623047,87.70500183105469,87.63500213623047,87.69499969482422,28
2026-05-13 02:15:00+00:00,87.6449966430664,87.6449966430664,87.58999633789062,87.58999633789062,5
2026-05-13 02:16:00+00:00,87.69999694824219,87.7300033569336,87.69999694824219,87.7300033569336,2
2026-05-13 02:17:00+00:00,87.69000244140625,87.69499969482422,87.62000274658203,87.66500091552734,9
2026-05-13 02:18:00+00:00,87.55999755859375,87.69000244140625,87.55999755859375,87.66999816894531,28
2026-05-13 02:19:00+00:00,87.63500213623047,87.63500213623047,87.61000061035156,87.61000061035156,9
2026-05-13 02:20:00+00:00,87.63999938964844,87.68000030517578,87.63999938964844,87.6449966430664,8
2026-05-13 02:21:00+00:00,87.66000366210938,87.67500305175781,87.625,87.67500305175781,7
2026-05-13 02:22:00+00:00,87.7300033569336,87.7300033569336,87.625,87.625,6
2026-05-13 02:23:00+00:00,87.69000244140625,87.70999908447266,87.69000244140625,87.70999908447266,4
2026-05-13 02:24:00+00:00,87.7249984741211,87.73999786376953,87.69499969482422,87.71499633789062,6
2026-05-13 02:25:00+00:00,87.7699966430664,87.7699966430664,87.72000122070312,87.72000122070312,12
2026-05-13 02:26:00+00:00,87.7249984741211,87.82499694824219,87.7249984741211,87.81500244140625,29
2026-05-13 02:27:00+00:00,87.68499755859375,87.7249984741211,87.68499755859375,87.7249984741211,4
2026-05-13 02:28:00+00:00,87.58000183105469,87.63999938964844,87.58000183105469,87.63999938964844,12
2026-05-13 02:29:00+00:00,87.67500305175781,87.69000244140625,87.6449966430664,87.6449966430664,7
2026-05-13 02:30:00+00:00,87.5,87.69499969482422,87.48500061035156,87.69499969482422,61
2026-05-13 02:31:00+00:00,87.51000213623047,87.5199966430664,87.4000015258789,87.48999786376953,50
2026-05-13 02:32:00+00:00,87.41500091552734,87.5199966430664,87.3499984741211,87.49500274658203,68
2026-05-13 02:33:00+00:00,87.375,87.5,87.375,87.40499877929688,15
2026-05-13 02:34:00+00:00,87.42500305175781,87.43499755859375,87.38999938964844,87.40499877929688,11
2026-05-13 02:35:00+00:00,87.6050033569336,87.6050033569336,87.43000030517578,87.44000244140625,59
2026-05-13 02:36:00+00:00,87.5,87.58999633789062,87.48999786376953,87.58999633789062,19
2026-05-13 02:37:00+00:00,87.48999786376953,87.51499938964844,87.46499633789062,87.51499938964844,18
2026-05-13 02:38:00+00:00,87.61000061035156,87.61000061035156,87.50499725341797,87.53500366210938,8
2026-05-13 02:39:00+00:00,87.41999816894531,87.58999633789062,87.41999816894531,87.58999633789062,25
2026-05-13 02:40:00+00:00,87.45500183105469,87.46499633789062,87.41000366210938,87.41000366210938,7
2026-05-13 02:41:00+00:00,87.56500244140625,87.56500244140625,87.51000213623047,87.5250015258789,4
2026-05-13 02:43:00+00:00,87.36000061035156,87.44499969482422,87.33000183105469,87.44000244140625,36
2026-05-13 02:44:00+00:00,87.33499908447266,87.4000015258789,87.32499694824219,87.37999725341797,19
2026-05-13 02:45:00+00:00,87.30999755859375,87.37999725341797,87.27999877929688,87.37000274658203,27
2026-05-13 02:46:00+00:00,87.19999694824219,87.33000183105469,87.19999694824219,87.30000305175781,34
2026-05-13 02:47:00+00:00,87.1050033569336,87.19000244140625,87.05000305175781,87.19000244140625,148
2026-05-13 02:48:00+00:00,87.08000183105469,87.125,86.9800033569336,87.11000061035156,88
2026-05-13 02:49:00+00:00,87.1449966430664,87.16500091552734,87.05000305175781,87.05000305175781,26
2026-05-13 02:50:00+00:00,87.05999755859375,87.25499725341797,87.05999755859375,87.18000030517578,44
2026-05-13 02:51:00+00:00,87.05999755859375,87.08000183105469,87.04000091552734,87.04000091552734,14
2026-05-13 02:52:00+00:00,86.78500366210938,87.02999877929688,86.66000366210938,87.02999877929688,197
2026-05-13 02:53:00+00:00,86.75,86.83999633789062,86.71499633789062,86.81500244140625,62
2026-05-13 02:54:00+00:00,86.76000213623047,86.83999633789062,86.7300033569336,86.75,19
2026-05-13 02:55:00+00:00,86.83499908447266,86.88999938964844,86.73999786376953,86.73999786376953,27
2026-05-13 02:56:00+00:00,87.01000213623047,87.01000213623047,86.82499694824219,86.82499694824219,44
2026-05-13 02:57:00+00:00,86.9800033569336,86.99500274658203,86.91500091552734,86.96499633789062,18
2026-05-13 02:58:00+00:00,86.95500183105469,87.05000305175781,86.94499969482422,86.98999786376953,24
2026-05-13 02:59:00+00:00,86.90499877929688,87.01499938964844,86.9000015258789,87.01499938964844,8
2026-05-13 03:00:00+00:00,86.96499633789062,86.98999786376953,86.91999816894531,86.97000122070312,14
2026-05-13 03:01:00+00:00,86.90499877929688,87.0199966430664,86.90499877929688,86.9749984741211,14
2026-05-13 03:02:00+00:00,86.80000305175781,86.88500213623047,86.80000305175781,86.86499786376953,21
2026-05-13 03:03:00+00:00,86.91000366210938,86.91000366210938,86.78500366210938,86.78500366210938,14
2026-05-13 03:04:00+00:00,87.00499725341797,87.01000213623047,86.91000366210938,86.91000366210938,12
2026-05-13 03:05:00+00:00,87.01000213623047,87.0199966430664,86.98999786376953,87.0199966430664,7
2026-05-13 03:06:00+00:00,87.02999877929688,87.06999969482422,87.0199966430664,87.0199966430664,13
2026-05-13 03:07:00+00:00,86.91500091552734,87.01499938964844,86.8499984741211,87.01499938964844,14
2026-05-13 03:08:00+00:00,86.88500213623047,86.90499877929688,86.88500213623047,86.9000015258789,9
2026-05-13 03:09:00+00:00,86.88500213623047,86.91500091552734,86.84500122070312,86.91500091552734,5
2026-05-13 03:10:00+00:00,86.9800033569336,87.04499816894531,86.86000061035156,86.87999725341797,22
2026-05-13 03:11:00+00:00,86.9800033569336,86.9800033569336,86.97000122070312,86.97000122070312,2
2026-05-13 03:12:00+00:00,87.04499816894531,87.05000305175781,87.0199966430664,87.0199966430664,4
2026-05-13 03:13:00+00:00,87.11499786376953,87.11499786376953,87.06500244140625,87.06500244140625,19
2026-05-13 03:14:00+00:00,87.11499786376953,87.12999725341797,87.08499908447266,87.1050033569336,13
2026-05-13 03:15:00+00:00,87.12999725341797,87.16500091552734,87.1050033569336,87.1050033569336,16
2026-05-13 03:16:00+00:00,87.1449966430664,87.19000244140625,87.11499786376953,87.18000030517578,20
2026-05-13 03:17:00+00:00,87.04499816894531,87.13500213623047,87.01499938964844,87.13500213623047,33
2026-05-13 03:18:00+00:00,87.08499908447266,87.08499908447266,87.08499908447266,87.08499908447266,1
2026-05-13 03:19:00+00:00,87.20999908447266,87.24500274658203,87.1500015258789,87.15499877929688,18
2026-05-13 03:20:00+00:00,87.24500274658203,87.24500274658203,87.19000244140625,87.20500183105469,36
2026-05-13 03:21:00+00:00,87.2699966430664,87.27999877929688,87.23999786376953,87.25,23
2026-05-13 03:22:00+00:00,87.17500305175781,87.24500274658203,87.1500015258789,87.22000122070312,13
2026-05-13 03:23:00+00:00,87.19499969482422,87.19499969482422,87.1500015258789,87.1500015258789,2
2026-05-13 03:24:00+00:00,87.19499969482422,87.2300033569336,87.18000030517578,87.18000030517578,27
2026-05-13 03:25:00+00:00,87.19999694824219,87.23999786376953,87.15499877929688,87.17500305175781,41
2026-05-13 03:26:00+00:00,87.23500061035156,87.26499938964844,87.2249984741211,87.2249984741211,13
2026-05-13 03:27:00+00:00,87.29499816894531,87.30000305175781,87.29000091552734,87.29000091552734,7
2026-05-13 03:28:00+00:00,87.375,87.37999725341797,87.30999755859375,87.30999755859375,17
2026-05-13 03:29:00+00:00,87.27999877929688,87.3499984741211,87.25499725341797,87.3499984741211,7
2026-05-13 03:30:00+00:00,87.31999969482422,87.33000183105469,87.2699966430664,87.27999877929688,21
2026-05-13 03:31:00+00:00,87.33999633789062,87.33999633789062,87.2699966430664,87.29499816894531,11
2026-05-13 03:32:00+00:00,87.36000061035156,87.38500213623047,87.27999877929688,87.27999877929688,28
2026-05-13 03:33:00+00:00,87.51000213623047,87.56999969482422,87.38500213623047,87.38500213623047,88
2026-05-13 03:34:00+00:00,87.52999877929688,87.56999969482422,87.51499938964844,87.51499938964844,45
2026-05-13 03:35:00+00:00,87.59500122070312,87.59500122070312,87.48500061035156,87.56500244140625,34
2026-05-13 03:36:00+00:00,87.56999969482422,87.58000183105469,87.56999969482422,87.56999969482422,3
2026-05-13 03:37:00+00:00,87.61499786376953,87.625,87.55999755859375,87.58000183105469,22
2026-05-13 03:38:00+00:00,87.68000030517578,87.70999908447266,87.61499786376953,87.61499786376953,42
2026-05-13 03:39:00+00:00,87.63500213623047,87.6500015258789,87.625,87.6500015258789,8
2026-05-13 03:40:00+00:00,87.62999725341797,87.63999938964844,87.59500122070312,87.5999984741211,11
2026-05-13 03:41:00+00:00,87.59500122070312,87.62999725341797,87.58999633789062,87.61499786376953,25
2026-05-13 03:43:00+00:00,87.66000366210938,87.66000366210938,87.66000366210938,87.66000366210938,1
2026-05-13 03:44:00+00:00,87.6050033569336,87.62999725341797,87.6050033569336,87.6050033569336,4
2026-05-13 03:45:00+00:00,87.52999877929688,87.6449966430664,87.52999877929688,87.61000061035156,18
2026-05-13 03:46:00+00:00,87.65499877929688,87.68499755859375,87.56500244140625,87.56500244140625,24
2026-05-13 03:47:00+00:00,87.51000213623047,87.66000366210938,87.51000213623047,87.66000366210938,15
2026-05-13 03:48:00+00:00,87.54000091552734,87.61499786376953,87.5,87.5250015258789,21
2026-05-13 03:49:00+00:00,87.59500122070312,87.59500122070312,87.53500366210938,87.55500030517578,9
2026-05-13 03:50:00+00:00,87.52999877929688,87.63500213623047,87.5,87.62999725341797,34
2026-05-13 03:51:00+00:00,87.4800033569336,87.5250015258789,87.44499969482422,87.5250015258789,23
2026-05-13 03:52:00+00:00,87.49500274658203,87.53500366210938,87.44999694824219,87.4749984741211,18
2026-05-13 03:53:00+00:00,87.38999938964844,87.47000122070312,87.36499786376953,87.47000122070312,55
2026-05-13 03:54:00+00:00,87.38500213623047,87.38500213623047,87.3499984741211,87.37999725341797,10
2026-05-13 03:55:00+00:00,87.37000274658203,87.41500091552734,87.37000274658203,87.38500213623047,10
2026-05-13 03:56:00+00:00,87.34500122070312,87.36499786376953,87.34500122070312,87.3550033569336,3
2026-05-13 03:57:00+00:00,87.30000305175781,87.3550033569336,87.30000305175781,87.33499908447266,34
2026-05-13 03:58:00+00:00,87.2750015258789,87.30500030517578,87.2750015258789,87.30000305175781,7
2026-05-13 04:00:00+00:00,87.44000244140625,87.44000244140625,87.33999633789062,87.33999633789062,13
2026-05-13 04:01:00+00:00,87.3949966430664,87.41500091552734,87.3949966430664,87.41500091552734,3
2026-05-13 04:02:00+00:00,87.49500274658203,87.49500274658203,87.44000244140625,87.44000244140625,10
2026-05-13 04:03:00+00:00,87.49500274658203,87.5,87.49500274658203,87.5,3
2026-05-13 04:04:00+00:00,87.42500305175781,87.45999908447266,87.42500305175781,87.45999908447266,7
2026-05-13 04:05:00+00:00,87.47000122070312,87.47000122070312,87.44000244140625,87.44000244140625,2
2026-05-13 04:06:00+00:00,87.42500305175781,87.48999786376953,87.42500305175781,87.47000122070312,13
2026-05-13 04:07:00+00:00,87.41000366210938,87.41500091552734,87.36000061035156,87.41500091552734,12
2026-05-13 04:08:00+00:00,87.38500213623047,87.41000366210938,87.38500213623047,87.41000366210938,3
2026-05-13 04:09:00+00:00,87.38999938964844,87.40499877929688,87.37000274658203,87.40499877929688,5
2026-05-13 04:10:00+00:00,87.36000061035156,87.36000061035156,87.36000061035156,87.36000061035156,3
2026-05-13 04:11:00+00:00,87.41500091552734,87.41500091552734,87.3550033569336,87.37000274658203,5
2026-05-13 04:12:00+00:00,87.41500091552734,87.41500091552734,87.375,87.37999725341797,5
2026-05-13 04:13:00+00:00,87.43499755859375,87.43499755859375,87.43499755859375,87.43499755859375,2
2026-05-13 04:14:00+00:00,87.37999725341797,87.41000366210938,87.37999725341797,87.41000366210938,4
2026-05-13 04:16:00+00:00,87.34500122070312,87.42500305175781,87.34500122070312,87.41999816894531,9
2026-05-13 04:17:00+00:00,87.47000122070312,87.47000122070312,87.37999725341797,87.37999725341797,9
2026-05-13 04:18:00+00:00,87.44000244140625,87.46499633789062,87.44000244140625,87.46499633789062,3
2026-05-13 04:19:00+00:00,87.44000244140625,87.45500183105469,87.43000030517578,87.45500183105469,10
2026-05-13 04:20:00+00:00,87.45999908447266,87.48500061035156,87.43499755859375,87.44999694824219,29
2026-05-13 04:21:00+00:00,87.44000244140625,87.44000244140625,87.42500305175781,87.44000244140625,7
2026-05-13 04:22:00+00:00,87.41500091552734,87.43000030517578,87.41500091552734,87.43000030517578,4
2026-05-13 04:23:00+00:00,87.46499633789062,87.4800033569336,87.41999816894531,87.44000244140625,10
2026-05-13 04:24:00+00:00,87.46499633789062,87.46499633789062,87.44000244140625,87.45999908447266,4
2026-05-13 04:25:00+00:00,87.44499969482422,87.44499969482422,87.44499969482422,87.44499969482422,1
2026-05-13 04:26:00+00:00,87.375,87.43499755859375,87.36499786376953,87.43499755859375,9
2026-05-13 04:27:00+00:00,87.37000274658203,87.37999725341797,87.36499786376953,87.37999725341797,5
2026-05-13 04:28:00+00:00,87.3550033569336,87.40499877929688,87.3550033569336,87.40499877929688,6
2026-05-13 04:29:00+00:00,87.37000274658203,87.37000274658203,87.37000274658203,87.37000274658203,1
2026-05-13 04:30:00+00:00,87.33499908447266,87.3499984741211,87.33499908447266,87.3499984741211,4
2026-05-13 04:31:00+00:00,87.42500305175781,87.42500305175781,87.3949966430664,87.3949966430664,5
2026-05-13 04:32:00+00:00,87.3550033569336,87.3949966430664,87.3550033569336,87.3949966430664,5
2026-05-13 04:33:00+00:00,87.31999969482422,87.3550033569336,87.30000305175781,87.33999633789062,9
2026-05-13 04:34:00+00:00,87.23500061035156,87.29499816894531,87.21499633789062,87.29000091552734,41
2026-05-13 04:35:00+00:00,87.2300033569336,87.25,87.22000122070312,87.22000122070312,7
2026-05-13 04:36:00+00:00,87.17500305175781,87.19499969482422,87.15499877929688,87.19499969482422,21
2026-05-13 04:37:00+00:00,87.17500305175781,87.21499633789062,87.16000366210938,87.16500091552734,25
2026-05-13 04:38:00+00:00,87.18499755859375,87.20999908447266,87.18499755859375,87.19000244140625,7
2026-05-13 04:39:00+00:00,87.2300033569336,87.26499938964844,87.19499969482422,87.19999694824219,12
2026-05-13 04:40:00+00:00,87.0999984741211,87.19000244140625,87.0999984741211,87.19000244140625,12
2026-05-13 04:41:00+00:00,87.1500015258789,87.15499877929688,87.125,87.125,6
2026-05-13 04:42:00+00:00,87.16999816894531,87.16999816894531,87.16999816894531,87.16999816894531,1
2026-05-13 04:43:00+00:00,87.21499633789062,87.23500061035156,87.21499633789062,87.23500061035156,3
2026-05-13 04:44:00+00:00,87.15499877929688,87.19999694824219,87.15499877929688,87.19999694824219,8
2026-05-13 04:45:00+00:00,87.13500213623047,87.1500015258789,87.125,87.125,6
2026-05-13 04:46:00+00:00,87.1449966430664,87.16500091552734,87.13500213623047,87.16500091552734,4
2026-05-13 04:47:00+00:00,87.16999816894531,87.16999816894531,87.1500015258789,87.1500015258789,12
2026-05-13 04:48:00+00:00,87.19999694824219,87.20500183105469,87.19999694824219,87.20500183105469,8
2026-05-13 04:49:00+00:00,87.26000213623047,87.26000213623047,87.24500274658203,87.24500274658203,2
2026-05-13 04:51:00+00:00,87.15499877929688,87.20500183105469,87.15499877929688,87.20500183105469,7
2026-05-13 04:52:00+00:00,87.12000274658203,87.16500091552734,87.12000274658203,87.16500091552734,15
2026-05-13 04:53:00+00:00,87.11499786376953,87.11499786376953,87.11000061035156,87.11000061035156,6
2026-05-13 04:54:00+00:00,87.11499786376953,87.17500305175781,87.06500244140625,87.17500305175781,48
2026-05-13 04:55:00+00:00,87.16000366210938,87.16999816894531,87.13999938964844,87.16999816894531,19
2026-05-13 04:56:00+00:00,87.15499877929688,87.19000244140625,87.1449966430664,87.16999816894531,14
2026-05-13 04:57:00+00:00,87.0999984741211,87.13500213623047,87.0999984741211,87.13500213623047,18
2026-05-13 04:58:00+00:00,87.12000274658203,87.12000274658203,87.06500244140625,87.06500244140625,8
2026-05-13 04:59:00+00:00,87.125,87.16000366210938,87.12000274658203,87.12000274658203,9
2026-05-13 05:00:00+00:00,87.08000183105469,87.08000183105469,87.06999969482422,87.06999969482422,3
2026-05-13 05:01:00+00:00,87.07499694824219,87.0999984741211,87.05999755859375,87.0999984741211,25
2026-05-13 05:02:00+00:00,87.125,87.12999725341797,87.01000213623047,87.05999755859375,24
2026-05-13 05:03:00+00:00,87.23500061035156,87.23500061035156,87.15499877929688,87.16000366210938,16
2026-05-13 05:04:00+00:00,87.37999725341797,87.37999725341797,87.24500274658203,87.24500274658203,18
2026-05-13 05:05:00+00:00,87.41000366210938,87.41000366210938,87.36000061035156,87.4000015258789,4
2026-05-13 05:06:00+00:00,87.375,87.44499969482422,87.375,87.43000030517578,8
2026-05-13 05:07:00+00:00,87.33000183105469,87.41000366210938,87.30500030517578,87.41000366210938,28
2026-05-13 05:08:00+00:00,87.375,87.37999725341797,87.33499908447266,87.33499908447266,4
2026-05-13 05:09:00+00:00,87.3499984741211,87.375,87.30999755859375,87.3499984741211,25
2026-05-13 05:11:00+00:00,87.41000366210938,87.41500091552734,87.38500213623047,87.38500213623047,7
2026-05-13 05:12:00+00:00,87.3550033569336,87.43499755859375,87.3550033569336,87.43499755859375,5
2026-05-13 05:13:00+00:00,87.33000183105469,87.36499786376953,87.31500244140625,87.31500244140625,6
2026-05-13 05:14:00+00:00,87.33499908447266,87.33499908447266,87.33499908447266,87.33499908447266,1
2026-05-13 05:15:00+00:00,87.2300033569336,87.30999755859375,87.2300033569336,87.30999755859375,10
2026-05-13 05:16:00+00:00,87.19999694824219,87.25,87.19999694824219,87.2249984741211,9
2026-05-13 05:17:00+00:00,87.04499816894531,87.18499755859375,87.04499816894531,87.18000030517578,44
2026-05-13 05:18:00+00:00,86.98500061035156,87.05500030517578,86.98500061035156,87.04000091552734,36
2026-05-13 05:19:00+00:00,86.93000030517578,86.99500274658203,86.93000030517578,86.99500274658203,21
2026-05-13 05:20:00+00:00,87.04000091552734,87.05999755859375,86.9800033569336,86.9800033569336,14
2026-05-13 05:21:00+00:00,87.02999877929688,87.07499694824219,87.01000213623047,87.07499694824219,33
2026-05-13 05:22:00+00:00,87.1050033569336,87.1050033569336,87.06999969482422,87.08000183105469,5
2026-05-13 05:23:00+00:00,87.07499694824219,87.11000061035156,87.07499694824219,87.11000061035156,7
2026-05-13 05:24:00+00:00,86.91000366210938,87.06999969482422,86.91000366210938,87.06999969482422,24
2026-05-13 05:25:00+00:00,86.88500213623047,86.95500183105469,86.875,86.95500183105469,18
2026-05-13 05:26:00+00:00,86.91000366210938,86.94999694824219,86.91000366210938,86.94999694824219,4
2026-05-13 05:27:00+00:00,86.8499984741211,86.90499877929688,86.8499984741211,86.87000274658203,9
2026-05-13 05:28:00+00:00,86.8949966430664,86.93499755859375,86.8499984741211,86.8499984741211,21
2026-05-13 05:29:00+00:00,86.8499984741211,86.875,86.83499908447266,86.8499984741211,19
2026-05-13 05:30:00+00:00,86.56999969482422,86.8499984741211,86.33000183105469,86.82499694824219,339
2026-05-13 05:31:00+00:00,86.58999633789062,86.66000366210938,86.5250015258789,86.58499908447266,35
2026-05-13 05:32:00+00:00,86.49500274658203,86.61000061035156,86.45999908447266,86.61000061035156,34
2026-05-13 05:33:00+00:00,86.7699966430664,86.80000305175781,86.51000213623047,86.51000213623047,71
2026-05-13 05:34:00+00:00,86.75499725341797,86.80500030517578,86.73500061035156,86.75499725341797,44
2026-05-13 05:35:00+00:00,86.76499938964844,86.79000091552734,86.69999694824219,86.7750015258789,10
2026-05-13 05:36:00+00:00,86.84500122070312,86.90499877929688,86.80999755859375,86.81999969482422,23
2026-05-13 05:37:00+00:00,86.84500122070312,86.9000015258789,86.84500122070312,86.84500122070312,27
2026-05-13 05:38:00+00:00,86.83499908447266,86.83499908447266,86.78500366210938,86.78500366210938,7
2026-05-13 05:39:00+00:00,86.91000366210938,86.93499755859375,86.8499984741211,86.8499984741211,3
2026-05-13 05:40:00+00:00,86.94999694824219,86.94999694824219,86.93000030517578,86.93000030517578,3
2026-05-13 05:41:00+00:00,86.76000213623047,86.91000366210938,86.76000213623047,86.91000366210938,19
2026-05-13 05:42:00+00:00,86.72000122070312,86.7750015258789,86.67500305175781,86.7249984741211,33
2026-05-13 05:43:00+00:00,86.69499969482422,86.76499938964844,86.68000030517578,86.7300033569336,19
2026-05-13 05:44:00+00:00,86.70999908447266,86.80000305175781,86.69999694824219,86.69999694824219,18
2026-05-13 05:45:00+00:00,86.80999755859375,86.80999755859375,86.75,86.75,6
2026-05-13 05:46:00+00:00,86.75,86.83999633789062,86.73999786376953,86.83000183105469,9
2026-05-13 05:47:00+00:00,86.70999908447266,86.7249984741211,86.69999694824219,86.7249984741211,9
2026-05-13 05:48:00+00:00,86.74500274658203,86.78500366210938,86.69499969482422,86.74500274658203,22
2026-05-13 05:49:00+00:00,86.73999786376953,86.78500366210938,86.68000030517578,86.77999877929688,13
2026-05-13 05:50:00+00:00,86.75499725341797,86.79499816894531,86.74500274658203,86.7699966430664,9
2026-05-13 05:51:00+00:00,86.76499938964844,86.76499938964844,86.67500305175781,86.73500061035156,16
2026-05-13 05:52:00+00:00,86.8499984741211,86.91999816894531,86.84500122070312,86.84500122070312,12
2026-05-13 05:53:00+00:00,86.88999938964844,86.88999938964844,86.875,86.875,3
2026-05-13 05:54:00+00:00,86.90499877929688,86.90499877929688,86.90499877929688,86.90499877929688,2
2026-05-13 05:55:00+00:00,86.9800033569336,86.98999786376953,86.93499755859375,86.93499755859375,9
2026-05-13 05:56:00+00:00,87.08000183105469,87.08000183105469,86.96499633789062,86.9749984741211,10
2026-05-13 05:57:00+00:00,87.04499816894531,87.11000061035156,87.04000091552734,87.06999969482422,11
2026-05-13 05:58:00+00:00,87.11000061035156,87.12000274658203,87.04499816894531,87.05500030517578,9
2026-05-13 05:59:00+00:00,87.13500213623047,87.17500305175781,87.0999984741211,87.0999984741211,20
2026-05-13 06:00:00+00:00,87.16000366210938,87.18499755859375,87.12999725341797,87.1500015258789,23
2026-05-13 06:01:00+00:00,87.12999725341797,87.18499755859375,87.1050033569336,87.16999816894531,44
2026-05-13 06:02:00+00:00,87.09500122070312,87.11499786376953,87.08000183105469,87.08999633789062,9
2026-05-13 06:03:00+00:00,87.06500244140625,87.1050033569336,87.0199966430664,87.1050033569336,16
2026-05-13 06:04:00+00:00,87.32499694824219,87.32499694824219,87.09500122070312,87.11499786376953,79
2026-05-13 06:05:00+00:00,87.37000274658203,87.375,87.2750015258789,87.30500030517578,46
2026-05-13 06:06:00+00:00,87.28500366210938,87.38500213623047,87.2750015258789,87.36499786376953,40
2026-05-13 06:07:00+00:00,87.2249984741211,87.30000305175781,87.20999908447266,87.2750015258789,40
2026-05-13 06:08:00+00:00,87.32499694824219,87.34500122070312,87.19000244140625,87.19000244140625,33
2026-05-13 06:09:00+00:00,87.38500213623047,87.40499877929688,87.33000183105469,87.33000183105469,36
2026-05-13 06:10:00+00:00,87.30999755859375,87.33499908447266,87.29499816894531,87.33499908447266,4
2026-05-13 06:11:00+00:00,87.2699966430664,87.33999633789062,87.2699966430664,87.33499908447266,3
2026-05-13 06:12:00+00:00,87.3499984741211,87.4000015258789,87.3499984741211,87.3499984741211,8
2026-05-13 06:13:00+00:00,87.41000366210938,87.41000366210938,87.32499694824219,87.3499984741211,7
2026-05-13 06:14:00+00:00,87.40499877929688,87.40499877929688,87.36000061035156,87.375,11
2026-05-13 06:15:00+00:00,87.56500244140625,87.61000061035156,87.41500091552734,87.41500091552734,122
2026-05-13 06:16:00+00:00,87.57499694824219,87.59500122070312,87.54499816894531,87.55999755859375,45
2026-05-13 06:17:00+00:00,87.56500244140625,87.58499908447266,87.55000305175781,87.55500030517578,29
2026-05-13 06:18:00+00:00,87.59500122070312,87.65499877929688,87.59500122070312,87.5999984741211,41
2026-05-13 06:19:00+00:00,87.58499908447266,87.6050033569336,87.58000183105469,87.58000183105469,25
2026-05-13 06:20:00+00:00,87.44000244140625,87.51000213623047,87.42500305175781,87.5,32
2026-05-13 06:21:00+00:00,87.31999969482422,87.41500091552734,87.26499938964844,87.41500091552734,92
2026-05-13 06:22:00+00:00,87.3949966430664,87.3949966430664,87.33999633789062,87.33999633789062,13
2026-05-13 06:23:00+00:00,87.4000015258789,87.41000366210938,87.33999633789062,87.4000015258789,25
2026-05-13 06:24:00+00:00,87.46499633789062,87.48999786376953,87.41999816894531,87.41999816894531,29
2026-05-13 06:25:00+00:00,87.43499755859375,87.43499755859375,87.3550033569336,87.36000061035156,18
2026-05-13 06:26:00+00:00,87.37000274658203,87.44999694824219,87.36499786376953,87.44999694824219,10
2026-05-13 06:27:00+00:00,87.40499877929688,87.40499877929688,87.40499877929688,87.40499877929688,1
2026-05-13 06:28:00+00:00,87.36499786376953,87.41000366210938,87.36000061035156,87.37999725341797,11
2026-05-13 06:29:00+00:00,87.32499694824219,87.37000274658203,87.27999877929688,87.37000274658203,12
2026-05-13 06:30:00+00:00,87.33000183105469,87.3499984741211,87.27999877929688,87.28500366210938,17
2026-05-13 06:31:00+00:00,87.29000091552734,87.375,87.29000091552734,87.375,23
2026-05-13 06:32:00+00:00,87.33999633789062,87.33999633789062,87.30999755859375,87.32499694824219,7
2026-05-13 06:33:00+00:00,87.46499633789062,87.46499633789062,87.3499984741211,87.3499984741211,35
2026-05-13 06:34:00+00:00,87.44999694824219,87.5199966430664,87.43499755859375,87.47000122070312,21
2026-05-13 06:35:00+00:00,87.51000213623047,87.51000213623047,87.43000030517578,87.46499633789062,33
2026-05-13 06:36:00+00:00,87.45500183105469,87.48500061035156,87.41999816894531,87.48500061035156,17
2026-05-13 06:37:00+00:00,87.46499633789062,87.46499633789062,87.45500183105469,87.45500183105469,8
2026-05-13 06:38:00+00:00,87.41999816894531,87.43499755859375,87.3949966430664,87.41999816894531,12
2026-05-13 06:39:00+00:00,87.45999908447266,87.5,87.45999908447266,87.48999786376953,22
2026-05-13 06:40:00+00:00,87.41999816894531,87.50499725341797,87.4000015258789,87.44499969482422,34
2026-05-13 06:41:00+00:00,87.56999969482422,87.56999969482422,87.43000030517578,87.43000030517578,25
2026-05-13 06:42:00+00:00,87.5199966430664,87.55500030517578,87.5,87.55500030517578,18
2026-05-13 06:43:00+00:00,87.5250015258789,87.5250015258789,87.50499725341797,87.5250015258789,12
2026-05-13 06:44:00+00:00,87.5250015258789,87.56999969482422,87.5250015258789,87.55500030517578,46
2026-05-13 06:45:00+00:00,87.5,87.54000091552734,87.48999786376953,87.54000091552734,14
2026-05-13 06:46:00+00:00,87.40499877929688,87.54000091552734,87.40499877929688,87.50499725341797,13
2026-05-13 06:47:00+00:00,87.40499877929688,87.44999694824219,87.40499877929688,87.42500305175781,11
2026-05-13 06:48:00+00:00,87.4749984741211,87.4749984741211,87.44999694824219,87.45999908447266,5
2026-05-13 06:49:00+00:00,87.46499633789062,87.5,87.45999908447266,87.48999786376953,18
2026-05-13 06:50:00+00:00,87.2750015258789,87.45999908447266,87.2750015258789,87.45999908447266,29
2026-05-13 06:51:00+00:00,87.30999755859375,87.31500244140625,87.30500030517578,87.30500030517578,3
2026-05-13 06:52:00+00:00,87.2300033569336,87.31500244140625,87.20500183105469,87.29000091552734,31
2026-05-13 06:53:00+00:00,87.33499908447266,87.33499908447266,87.20999908447266,87.23999786376953,34
2026-05-13 06:54:00+00:00,87.2249984741211,87.28500366210938,87.2249984741211,87.28500366210938,12
2026-05-13 06:55:00+00:00,87.2249984741211,87.25,87.18000030517578,87.18000030517578,8
2026-05-13 06:56:00+00:00,87.24500274658203,87.27999877929688,87.24500274658203,87.25499725341797,9
2026-05-13 06:57:00+00:00,87.29499816894531,87.31500244140625,87.25,87.25499725341797,43
2026-05-13 06:58:00+00:00,87.31999969482422,87.3550033569336,87.28500366210938,87.3499984741211,31
2026-05-13 06:59:00+00:00,87.34500122070312,87.3949966430664,87.30000305175781,87.30000305175781,29
2026-05-13 07:00:00+00:00,87.48500061035156,87.50499725341797,87.30999755859375,87.31500244140625,55
2026-05-13 07:01:00+00:00,87.3499984741211,87.4749984741211,87.30999755859375,87.47000122070312,22
2026-05-13 07:02:00+00:00,87.30999755859375,87.36000061035156,87.30500030517578,87.36000061035156,36
2026-05-13 07:03:00+00:00,87.37999725341797,87.4749984741211,87.33000183105469,87.33000183105469,54
2026-05-13 07:04:00+00:00,87.34500122070312,87.37999725341797,87.33499908447266,87.37999725341797,6
2026-05-13 07:05:00+00:00,87.32499694824219,87.38999938964844,87.30500030517578,87.3550033569336,17
2026-05-13 07:06:00+00:00,87.31500244140625,87.3499984741211,87.30999755859375,87.33499908447266,7
2026-05-13 07:07:00+00:00,87.32499694824219,87.40499877929688,87.32499694824219,87.33000183105469,22
2026-05-13 07:08:00+00:00,87.32499694824219,87.3499984741211,87.32499694824219,87.3499984741211,8
2026-05-13 07:09:00+00:00,87.31999969482422,87.375,87.30500030517578,87.30500030517578,12
2026-05-13 07:10:00+00:00,87.25,87.31999969482422,87.25,87.30500030517578,51
2026-05-13 07:11:00+00:00,87.21499633789062,87.29499816894531,87.20999908447266,87.24500274658203,26
2026-05-13 07:12:00+00:00,87.23500061035156,87.26000213623047,87.22000122070312,87.22000122070312,12
2026-05-13 07:13:00+00:00,87.3550033569336,87.37000274658203,87.2300033569336,87.2300033569336,13
2026-05-13 07:14:00+00:00,87.4000015258789,87.41999816894531,87.375,87.40499877929688,30
2026-05-13 07:15:00+00:00,87.54000091552734,87.54000091552734,87.3949966430664,87.3949966430664,17
2026-05-13 07:16:00+00:00,87.55000305175781,87.5999984741211,87.5199966430664,87.5250015258789,33
2026-05-13 07:17:00+00:00,87.52999877929688,87.55500030517578,87.5,87.55500030517578,8
2026-05-13 07:18:00+00:00,87.52999877929688,87.55500030517578,87.5199966430664,87.54499816894531,15
2026-05-13 07:19:00+00:00,87.56500244140625,87.6050033569336,87.54499816894531,87.58499908447266,21
2026-05-13 07:20:00+00:00,87.625,87.625,87.55500030517578,87.55500030517578,46
2026-05-13 07:21:00+00:00,87.58000183105469,87.66999816894531,87.58000183105469,87.6500015258789,17
2026-05-13 07:22:00+00:00,87.52999877929688,87.56500244140625,87.46499633789062,87.56500244140625,28
2026-05-13 07:23:00+00:00,87.5,87.50499725341797,87.5,87.50499725341797,3
2026-05-13 07:24:00+00:00,87.43499755859375,87.51499938964844,87.40499877929688,87.51499938964844,17
2026-05-13 07:25:00+00:00,87.51499938964844,87.55000305175781,87.45500183105469,87.45500183105469,66
2026-05-13 07:26:00+00:00,87.47000122070312,87.50499725341797,87.47000122070312,87.50499725341797,3
2026-05-13 07:27:00+00:00,87.4749984741211,87.49500274658203,87.44000244140625,87.49500274658203,5
2026-05-13 07:28:00+00:00,87.51499938964844,87.53500366210938,87.4800033569336,87.48999786376953,24
2026-05-13 07:29:00+00:00,87.50499725341797,87.51499938964844,87.4749984741211,87.49500274658203,7
2026-05-13 07:30:00+00:00,87.4000015258789,87.51000213623047,87.37999725341797,87.51000213623047,13
2026-05-13 07:31:00+00:00,87.38500213623047,87.41999816894531,87.37999725341797,87.41999816894531,18
2026-05-13 07:32:00+00:00,87.36499786376953,87.36499786376953,87.31500244140625,87.36000061035156,13
2026-05-13 07:33:00+00:00,87.36000061035156,87.36000061035156,87.34500122070312,87.36000061035156,8
2026-05-13 07:35:00+00:00,87.44999694824219,87.44999694824219,87.38500213623047,87.41999816894531,13
2026-05-13 07:36:00+00:00,87.36000061035156,87.44499969482422,87.36000061035156,87.44499969482422,8
2026-05-13 07:37:00+00:00,87.37000274658203,87.37000274658203,87.37000274658203,87.37000274658203,3
2026-05-13 07:38:00+00:00,87.30999755859375,87.30999755859375,87.30999755859375,87.30999755859375,1
2026-05-13 07:39:00+00:00,87.28500366210938,87.31999969482422,87.28500366210938,87.29000091552734,12
2026-05-13 07:40:00+00:00,87.26000213623047,87.27999877929688,87.26000213623047,87.27999877929688,5
2026-05-13 07:41:00+00:00,87.33999633789062,87.34500122070312,87.33999633789062,87.34500122070312,2
2026-05-13 07:42:00+00:00,87.29499816894531,87.30000305175781,87.29499816894531,87.30000305175781,2
2026-05-13 07:43:00+00:00,87.3499984741211,87.3499984741211,87.28500366210938,87.28500366210938,20
2026-05-13 07:44:00+00:00,87.33499908447266,87.3949966430664,87.33499908447266,87.37999725341797,7
2026-05-13 07:45:00+00:00,87.37999725341797,87.37999725341797,87.33499908447266,87.33999633789062,10
2026-05-13 07:46:00+00:00,87.30999755859375,87.41000366210938,87.30999755859375,87.41000366210938,10
2026-05-13 07:47:00+00:00,87.25499725341797,87.29000091552734,87.23500061035156,87.28500366210938,10
2026-05-13 07:48:00+00:00,87.2699966430664,87.29000091552734,87.2699966430664,87.2699966430664,3
2026-05-13 07:49:00+00:00,87.19999694824219,87.23500061035156,87.1500015258789,87.23500061035156,26
2026-05-13 07:50:00+00:00,87.1050033569336,87.19999694824219,87.08000183105469,87.19999694824219,34
2026-05-13 07:51:00+00:00,87.0999984741211,87.12000274658203,87.09500122070312,87.12000274658203,21
2026-05-13 07:52:00+00:00,87.16500091552734,87.16999816894531,87.09500122070312,87.0999984741211,17
2026-05-13 07:53:00+00:00,87.1449966430664,87.16999816894531,87.12999725341797,87.12999725341797,10
2026-05-13 07:54:00+00:00,87.08000183105469,87.11000061035156,87.02999877929688,87.11000061035156,25
2026-05-13 07:55:00+00:00,87.12000274658203,87.13500213623047,87.07499694824219,87.07499694824219,10
2026-05-13 07:56:00+00:00,87.1050033569336,87.1050033569336,87.08000183105469,87.09500122070312,25
2026-05-13 07:57:00+00:00,87.05500030517578,87.13500213623047,87.02999877929688,87.12999725341797,19
2026-05-13 07:58:00+00:00,87.18499755859375,87.18499755859375,87.05500030517578,87.05500030517578,48
2026-05-13 07:59:00+00:00,87.2300033569336,87.26000213623047,87.18499755859375,87.18499755859375,22
2026-05-13 08:00:00+00:00,87.24500274658203,87.2699966430664,87.15499877929688,87.23500061035156,24
2026-05-13 08:01:00+00:00,87.25,87.2699966430664,87.25,87.25,7
2026-05-13 08:02:00+00:00,87.23999786376953,87.24500274658203,87.20999908447266,87.24500274658203,3
2026-05-13 08:03:00+00:00,87.23999786376953,87.25499725341797,87.22000122070312,87.22000122070312,4
2026-05-13 08:04:00+00:00,87.12999725341797,87.12999725341797,87.12000274658203,87.12999725341797,7
2026-05-13 08:05:00+00:00,87.16500091552734,87.17500305175781,87.16500091552734,87.17500305175781,2
2026-05-13 08:06:00+00:00,87.09500122070312,87.1500015258789,87.09500122070312,87.1500015258789,13
2026-05-13 08:07:00+00:00,87.23500061035156,87.23500061035156,87.11000061035156,87.13999938964844,15
2026-05-13 08:08:00+00:00,87.19499969482422,87.19499969482422,87.19499969482422,87.19499969482422,1
2026-05-13 08:09:00+00:00,87.23999786376953,87.23999786376953,87.21499633789062,87.23500061035156,3
2026-05-13 08:10:00+00:00,87.2750015258789,87.29499816894531,87.26499938964844,87.29000091552734,8
2026-05-13 08:11:00+00:00,87.26499938964844,87.29499816894531,87.26499938964844,87.2750015258789,3
2026-05-13 08:12:00+00:00,87.23500061035156,87.23500061035156,87.16999816894531,87.20999908447266,10
2026-05-13 08:13:00+00:00,87.24500274658203,87.24500274658203,87.19000244140625,87.2249984741211,3
2026-05-13 08:14:00+00:00,87.19000244140625,87.2249984741211,87.18000030517578,87.2249984741211,6
2026-05-13 08:15:00+00:00,87.19499969482422,87.2249984741211,87.19499969482422,87.21499633789062,5
2026-05-13 08:16:00+00:00,87.13500213623047,87.19999694824219,87.11000061035156,87.16999816894531,28
2026-05-13 08:17:00+00:00,87.125,87.18000030517578,87.125,87.16000366210938,32
2026-05-13 08:18:00+00:00,87.16000366210938,87.16500091552734,87.125,87.125,22
2026-05-13 08:19:00+00:00,87.1050033569336,87.12000274658203,87.09500122070312,87.12000274658203,11
2026-05-13 08:20:00+00:00,87.19499969482422,87.19499969482422,87.09500122070312,87.1050033569336,34
2026-05-13 08:21:00+00:00,87.18000030517578,87.19999694824219,87.16500091552734,87.19999694824219,5
2026-05-13 08:22:00+00:00,87.17500305175781,87.2249984741211,87.17500305175781,87.18499755859375,14
2026-05-13 08:23:00+00:00,87.16000366210938,87.18499755859375,87.13999938964844,87.16999816894531,20
2026-05-13 08:24:00+00:00,87.125,87.13500213623047,87.125,87.13500213623047,9
2026-05-13 08:25:00+00:00,87.0999984741211,87.0999984741211,87.08999633789062,87.09500122070312,5
2026-05-13 08:26:00+00:00,87.04499816894531,87.0999984741211,86.98999786376953,87.0999984741211,26
2026-05-13 08:27:00+00:00,86.94000244140625,87.05500030517578,86.94000244140625,87.04000091552734,40
2026-05-13 08:28:00+00:00,86.97000122070312,86.97000122070312,86.91999816894531,86.94999694824219,15
2026-05-13 08:29:00+00:00,87.0199966430664,87.0199966430664,86.8949966430664,86.93000030517578,42
2026-05-13 08:30:00+00:00,87.0,87.07499694824219,87.0,87.04499816894531,21
2026-05-13 08:31:00+00:00,87.02999877929688,87.02999877929688,87.02999877929688,87.02999877929688,3
2026-05-13 08:32:00+00:00,87.04000091552734,87.08000183105469,87.04000091552734,87.05000305175781,16
2026-05-13 08:33:00+00:00,87.05999755859375,87.05999755859375,87.04499816894531,87.05000305175781,4
2026-05-13 08:34:00+00:00,87.13999938964844,87.13999938964844,87.07499694824219,87.08499908447266,22
2026-05-13 08:35:00+00:00,87.16500091552734,87.20999908447266,87.16500091552734,87.19999694824219,6
2026-05-13 08:36:00+00:00,87.1449966430664,87.1449966430664,87.1449966430664,87.1449966430664,4
2026-05-13 08:37:00+00:00,87.16999816894531,87.18499755859375,87.16999816894531,87.18499755859375,7
2026-05-13 08:38:00+00:00,87.20999908447266,87.20999908447266,87.1449966430664,87.15499877929688,7
2026-05-13 08:39:00+00:00,87.17500305175781,87.20500183105469,87.1500015258789,87.19000244140625,6
2026-05-13 08:40:00+00:00,87.17500305175781,87.2249984741211,87.15499877929688,87.20500183105469,25
2026-05-13 08:41:00+00:00,87.13500213623047,87.13999938964844,87.08000183105469,87.08499908447266,17
2026-05-13 08:42:00+00:00,87.08999633789062,87.12999725341797,87.08999633789062,87.12999725341797,2
2026-05-13 08:43:00+00:00,86.97000122070312,87.09500122070312,86.97000122070312,87.09500122070312,28
2026-05-13 08:44:00+00:00,87.01000213623047,87.01000213623047,86.98500061035156,86.98500061035156,2
2026-05-13 08:45:00+00:00,87.02999877929688,87.04000091552734,87.0199966430664,87.0199966430664,4
2026-05-13 08:46:00+00:00,87.0,87.0199966430664,86.9749984741211,87.0199966430664,3
2026-05-13 08:47:00+00:00,87.00499725341797,87.00499725341797,86.98500061035156,86.98500061035156,5
2026-05-13 08:48:00+00:00,87.01499938964844,87.01499938964844,87.01499938964844,87.01499938964844,1
2026-05-13 08:49:00+00:00,86.97000122070312,87.0199966430664,86.94000244140625,87.0199966430664,8
2026-05-13 08:50:00+00:00,87.00499725341797,87.00499725341797,86.97000122070312,86.9749984741211,6
2026-05-13 08:51:00+00:00,87.01000213623047,87.0250015258789,87.00499725341797,87.00499725341797,6
2026-05-13 08:53:00+00:00,87.1449966430664,87.15499877929688,87.04499816894531,87.04499816894531,25
2026-05-13 08:54:00+00:00,87.2249984741211,87.2249984741211,87.12999725341797,87.15499877929688,17
2026-05-13 08:55:00+00:00,87.2249984741211,87.25,87.16000366210938,87.2249984741211,35
2026-05-13 08:56:00+00:00,87.18000030517578,87.25,87.18000030517578,87.25,6
2026-05-13 08:57:00+00:00,87.18499755859375,87.19499969482422,87.12000274658203,87.16000366210938,20
2026-05-13 08:58:00+00:00,87.21499633789062,87.21499633789062,87.16999816894531,87.16999816894531,4
2026-05-13 08:59:00+00:00,87.18499755859375,87.23500061035156,87.18499755859375,87.20999908447266,4
2026-05-13 09:00:00+00:00,87.18000030517578,87.20999908447266,87.16500091552734,87.16500091552734,7
2026-05-13 09:01:00+00:00,87.15499877929688,87.22000122070312,87.15499877929688,87.19999694824219,6
2026-05-13 09:02:00+00:00,87.21499633789062,87.21499633789062,87.16999816894531,87.16999816894531,2
2026-05-13 09:03:00+00:00,87.22000122070312,87.22000122070312,87.20500183105469,87.20500183105469,4
2026-05-13 09:04:00+00:00,87.18499755859375,87.18499755859375,87.16999816894531,87.16999816894531,2
2026-05-13 09:05:00+00:00,87.15499877929688,87.19499969482422,87.13999938964844,87.18000030517578,9
2026-05-13 09:06:00+00:00,87.12999725341797,87.18000030517578,87.12999725341797,87.18000030517578,4
2026-05-13 09:07:00+00:00,87.13500213623047,87.13500213623047,87.11000061035156,87.12000274658203,5
2026-05-13 09:08:00+00:00,87.16500091552734,87.16500091552734,87.1449966430664,87.1449966430664,5
2026-05-13 09:09:00+00:00,87.13500213623047,87.19999694824219,87.11499786376953,87.16000366210938,18
2026-05-13 09:10:00+00:00,87.11499786376953,87.12999725341797,87.11000061035156,87.11000061035156,7
2026-05-13 09:11:00+00:00,87.07499694824219,87.0999984741211,87.05999755859375,87.0999984741211,7
2026-05-13 09:12:00+00:00,87.08499908447266,87.08499908447266,87.08499908447266,87.08499908447266,1
2026-05-13 09:13:00+00:00,87.06500244140625,87.13500213623047,87.04000091552734,87.13500213623047,13
2026-05-13 09:14:00+00:00,86.95999908447266,87.01000213623047,86.95999908447266,87.01000213623047,7
2026-05-13 09:15:00+00:00,87.0199966430664,87.0199966430664,87.0199966430664,87.0199966430664,1
2026-05-13 09:16:00+00:00,86.95500183105469,86.98500061035156,86.95500183105469,86.97000122070312,9
2026-05-13 09:17:00+00:00,86.9000015258789,86.9800033569336,86.9000015258789,86.9800033569336,12
2026-05-13 09:18:00+00:00,86.8949966430664,86.93000030517578,86.88999938964844,86.8949966430664,16
2026-05-13 09:19:00+00:00,86.91500091552734,86.91500091552734,86.91500091552734,86.91500091552734,2
2026-05-13 09:20:00+00:00,86.9800033569336,86.9800033569336,86.91500091552734,86.91500091552734,6
2026-05-13 09:21:00+00:00,86.97000122070312,86.97000122070312,86.93000030517578,86.95500183105469,13
2026-05-13 09:22:00+00:00,86.94499969482422,86.96499633789062,86.875,86.96499633789062,19
2026-05-13 09:23:00+00:00,86.98500061035156,86.98500061035156,86.93499755859375,86.93499755859375,11
2026-05-13 09:24:00+00:00,86.93000030517578,86.94999694824219,86.8949966430664,86.94000244140625,25
2026-05-13 09:25:00+00:00,87.04499816894531,87.06500244140625,86.96499633789062,86.97000122070312,81
2026-05-13 09:26:00+00:00,87.11499786376953,87.19000244140625,87.08499908447266,87.1050033569336,98
2026-05-13 09:27:00+00:00,87.1449966430664,87.1449966430664,87.12000274658203,87.12000274658203,5
2026-05-13 09:28:00+00:00,87.12000274658203,87.125,87.07499694824219,87.125,15
2026-05-13 09:29:00+00:00,87.07499694824219,87.1500015258789,87.07499694824219,87.13999938964844,7
2026-05-13 09:30:00+00:00,87.00499725341797,87.07499694824219,87.00499725341797,87.07499694824219,10
2026-05-13 09:31:00+00:00,87.0199966430664,87.08499908447266,86.98999786376953,87.04499816894531,45
2026-05-13 09:32:00+00:00,87.19000244140625,87.19000244140625,87.08499908447266,87.08499908447266,10
2026-05-13 09:33:00+00:00,87.16000366210938,87.22000122070312,87.1500015258789,87.19499969482422,9
2026-05-13 09:34:00+00:00,87.1500015258789,87.18000030517578,87.125,87.18000030517578,16
2026-05-13 09:35:00+00:00,87.29499816894531,87.30500030517578,87.1449966430664,87.1449966430664,52
2026-05-13 09:36:00+00:00,87.2750015258789,87.33499908447266,87.2750015258789,87.30500030517578,28
2026-05-13 09:37:00+00:00,87.25,87.27999877929688,87.23999786376953,87.25499725341797,12
2026-05-13 09:38:00+00:00,87.29000091552734,87.29000091552734,87.22000122070312,87.22000122070312,20
2026-05-13 09:39:00+00:00,87.2699966430664,87.29499816894531,87.26499938964844,87.29499816894531,8
2026-05-13 09:40:00+00:00,87.2699966430664,87.30500030517578,87.25,87.30500030517578,6
2026-05-13 09:42:00+00:00,87.25499725341797,87.2699966430664,87.25499725341797,87.2699966430664,8
2026-05-13 09:43:00+00:00,87.2699966430664,87.2699966430664,87.26000213623047,87.26000213623047,2
2026-05-13 09:44:00+00:00,87.2750015258789,87.29499816894531,87.2750015258789,87.29499816894531,14
2026-05-13 09:45:00+00:00,87.3499984741211,87.36000061035156,87.30500030517578,87.31999969482422,15
2026-05-13 09:46:00+00:00,87.27999877929688,87.36000061035156,87.27999877929688,87.36000061035156,11
2026-05-13 09:47:00+00:00,87.28500366210938,87.31999969482422,87.28500366210938,87.31999969482422,3
2026-05-13 09:48:00+00:00,87.30999755859375,87.30999755859375,87.2750015258789,87.2750015258789,4
2026-05-13 09:49:00+00:00,87.3499984741211,87.3499984741211,87.3499984741211,87.3499984741211,7
2026-05-13 09:50:00+00:00,87.37000274658203,87.37999725341797,87.3550033569336,87.37999725341797,16
2026-05-13 09:51:00+00:00,87.45999908447266,87.46499633789062,87.38500213623047,87.38500213623047,26
2026-05-13 09:52:00+00:00,87.4749984741211,87.49500274658203,87.45999908447266,87.45999908447266,21
2026-05-13 09:53:00+00:00,87.56500244140625,87.56500244140625,87.45999908447266,87.45999908447266,49
2026-05-13 09:54:00+00:00,87.59500122070312,87.61000061035156,87.55000305175781,87.57499694824219,65
2026-05-13 09:55:00+00:00,87.58000183105469,87.62000274658203,87.58000183105469,87.62000274658203,3
2026-05-13 09:56:00+00:00,87.57499694824219,87.61000061035156,87.55500030517578,87.6050033569336,26
2026-05-13 09:57:00+00:00,87.59500122070312,87.5999984741211,87.57499694824219,87.57499694824219,16
2026-05-13 09:58:00+00:00,87.52999877929688,87.58999633789062,87.52999877929688,87.58999633789062,24
2026-05-13 09:59:00+00:00,87.52999877929688,87.54499816894531,87.52999877929688,87.54499816894531,12
2026-05-13 10:00:00+00:00,87.58999633789062,87.58999633789062,87.53500366210938,87.53500366210938,18
2026-05-13 10:01:00+00:00,87.56500244140625,87.59500122070312,87.56500244140625,87.58499908447266,10
2026-05-13 10:02:00+00:00,87.62000274658203,87.6500015258789,87.52999877929688,87.52999877929688,29
2026-05-13 10:03:00+00:00,87.61000061035156,87.6500015258789,87.58999633789062,87.62000274658203,26
2026-05-13 10:04:00+00:00,87.7300033569336,87.75499725341797,87.63999938964844,87.6449966430664,45
2026-05-13 10:05:00+00:00,87.75499725341797,87.75499725341797,87.70500183105469,87.71499633789062,24
2026-05-13 10:06:00+00:00,87.72000122070312,87.76499938964844,87.72000122070312,87.75499725341797,18
2026-05-13 10:07:00+00:00,87.73500061035156,87.73500061035156,87.69499969482422,87.70999908447266,6
2026-05-13 10:08:00+00:00,88.07499694824219,88.08499908447266,87.7699966430664,87.7699966430664,186
2026-05-13 10:09:00+00:00,88.19999694824219,88.23500061035156,88.04000091552734,88.07499694824219,85
2026-05-13 10:10:00+00:00,88.09500122070312,88.19499969482422,88.01000213623047,88.16500091552734,62
2026-05-13 10:11:00+00:00,88.05999755859375,88.1500015258789,88.03500366210938,88.09500122070312,50
2026-05-13 10:12:00+00:00,87.91999816894531,88.12000274658203,87.87000274658203,88.05500030517578,76
2026-05-13 10:13:00+00:00,87.94000244140625,88.01000213623047,87.91999816894531,87.94999694824219,24
2026-05-13 10:14:00+00:00,87.83499908447266,87.91000366210938,87.83000183105469,87.91000366210938,17
2026-05-13 10:15:00+00:00,87.72000122070312,87.82499694824219,87.72000122070312,87.82499694824219,38
2026-05-13 10:16:00+00:00,87.66000366210938,87.69999694824219,87.62999725341797,87.69999694824219,22
2026-05-13 10:17:00+00:00,87.66500091552734,87.70500183105469,87.65499877929688,87.69000244140625,46
2026-05-13 10:18:00+00:00,87.7249984741211,87.7249984741211,87.69000244140625,87.69000244140625,11
2026-05-13 10:19:00+00:00,87.68000030517578,87.74500274658203,87.68000030517578,87.7300033569336,26
2026-05-13 10:20:00+00:00,87.7699966430664,87.7699966430664,87.68000030517578,87.69999694824219,20
2026-05-13 10:21:00+00:00,87.82499694824219,87.82499694824219,87.77999877929688,87.80000305175781,26
2026-05-13 10:22:00+00:00,87.93000030517578,87.93000030517578,87.80500030517578,87.82499694824219,39
2026-05-13 10:23:00+00:00,87.87000274658203,87.93000030517578,87.87000274658203,87.92500305175781,14
2026-05-13 10:24:00+00:00,87.79000091552734,87.8550033569336,87.79000091552734,87.8550033569336,16
2026-05-13 10:25:00+00:00,87.77999877929688,87.80500030517578,87.76499938964844,87.80500030517578,9
2026-05-13 10:26:00+00:00,87.61499786376953,87.79499816894531,87.61499786376953,87.79499816894531,18
2026-05-13 10:27:00+00:00,87.62000274658203,87.6500015258789,87.5999984741211,87.5999984741211,22
2026-05-13 10:28:00+00:00,87.6050033569336,87.625,87.56999969482422,87.625,21
2026-05-13 10:29:00+00:00,87.67500305175781,87.71499633789062,87.62999725341797,87.62999725341797,10
2026-05-13 10:30:00+00:00,87.58499908447266,87.65499877929688,87.58499908447266,87.6449966430664,13
2026-05-13 10:31:00+00:00,87.63999938964844,87.67500305175781,87.58499908447266,87.59500122070312,26
2026-05-13 10:32:00+00:00,87.65499877929688,87.69999694824219,87.65499877929688,87.66000366210938,30
2026-05-13 10:33:00+00:00,87.54000091552734,87.69999694824219,87.5199966430664,87.6449966430664,32
2026-05-13 10:34:00+00:00,87.55000305175781,87.58999633789062,87.55000305175781,87.56999969482422,18
2026-05-13 10:35:00+00:00,87.55500030517578,87.58000183105469,87.5199966430664,87.55000305175781,21
2026-05-13 10:36:00+00:00,87.55000305175781,87.55000305175781,87.5250015258789,87.54499816894531,6
2026-05-13 10:37:00+00:00,87.5199966430664,87.54000091552734,87.5199966430664,87.54000091552734,9
2026-05-13 10:38:00+00:00,87.48500061035156,87.5199966430664,87.48500061035156,87.5199966430664,27
2026-05-13 10:39:00+00:00,87.50499725341797,87.51499938964844,87.50499725341797,87.51499938964844,2
2026-05-13 10:40:00+00:00,87.51000213623047,87.5199966430664,87.4749984741211,87.5,17
2026-05-13 10:41:00+00:00,87.54000091552734,87.54000091552734,87.5,87.5,4
2026-05-13 10:42:00+00:00,87.56999969482422,87.58499908447266,87.54000091552734,87.55000305175781,13
2026-05-13 10:43:00+00:00,87.5199966430664,87.61000061035156,87.51000213623047,87.6050033569336,15
2026-05-13 10:44:00+00:00,87.52999877929688,87.54000091552734,87.50499725341797,87.51499938964844,9
2026-05-13 10:45:00+00:00,87.49500274658203,87.52999877929688,87.49500274658203,87.52999877929688,4
2026-05-13 10:46:00+00:00,87.49500274658203,87.52999877929688,87.48500061035156,87.52999877929688,7
2026-05-13 10:47:00+00:00,87.5,87.5199966430664,87.48500061035156,87.48500061035156,4
2026-05-13 10:48:00+00:00,87.56999969482422,87.57499694824219,87.48999786376953,87.55000305175781,9
2026-05-13 10:49:00+00:00,87.55000305175781,87.59500122070312,87.55000305175781,87.56999969482422,6
2026-05-13 10:50:00+00:00,87.55999755859375,87.55999755859375,87.51499938964844,87.52999877929688,6
2026-05-13 10:51:00+00:00,87.5199966430664,87.5999984741211,87.5199966430664,87.5999984741211,9
2026-05-13 10:52:00+00:00,87.51000213623047,87.51000213623047,87.45500183105469,87.49500274658203,12
2026-05-13 10:53:00+00:00,87.51000213623047,87.51000213623047,87.48999786376953,87.5,4
2026-05-13 10:54:00+00:00,87.46499633789062,87.49500274658203,87.46499633789062,87.49500274658203,5
2026-05-13 10:55:00+00:00,87.47000122070312,87.4800033569336,87.45500183105469,87.4800033569336,5
2026-05-13 10:56:00+00:00,87.41000366210938,87.47000122070312,87.3949966430664,87.47000122070312,20
2026-05-13 10:57:00+00:00,87.47000122070312,87.47000122070312,87.4000015258789,87.4000015258789,3
2026-05-13 10:58:00+00:00,87.3550033569336,87.45500183105469,87.3550033569336,87.45500183105469,22
2026-05-13 10:59:00+00:00,87.3949966430664,87.3949966430664,87.36499786376953,87.37000274658203,9
2026-05-13 11:00:00+00:00,87.375,87.43499755859375,87.33000183105469,87.3949966430664,34
2026-05-13 11:01:00+00:00,87.4800033569336,87.58499908447266,87.41000366210938,87.44000244140625,53
2026-05-13 11:02:00+00:00,87.47000122070312,87.4800033569336,87.44999694824219,87.45999908447266,23
2026-05-13 11:03:00+00:00,87.36499786376953,87.45999908447266,87.36499786376953,87.45999908447266,13
2026-05-13 11:04:00+00:00,87.4000015258789,87.41000366210938,87.4000015258789,87.40499877929688,12
2026-05-13 11:05:00+00:00,87.3550033569336,87.42500305175781,87.33499908447266,87.41999816894531,42
2026-05-13 11:06:00+00:00,87.38999938964844,87.38999938964844,87.33999633789062,87.33999633789062,15
2026-05-13 11:07:00+00:00,87.44000244140625,87.47000122070312,87.4000015258789,87.4000015258789,16
2026-05-13 11:08:00+00:00,87.5250015258789,87.5250015258789,87.45999908447266,87.45999908447266,13
2026-05-13 11:09:00+00:00,87.5,87.51499938964844,87.5,87.5,6
2026-05-13 11:10:00+00:00,87.6500015258789,87.70999908447266,87.5,87.5,71
2026-05-13 11:11:00+00:00,87.65499877929688,87.66500091552734,87.63500213623047,87.65499877929688,16
2026-05-13 11:12:00+00:00,87.625,87.66500091552734,87.61000061035156,87.66500091552734,15
2026-05-13 11:13:00+00:00,87.625,87.65499877929688,87.625,87.625,7
2026-05-13 11:14:00+00:00,87.8499984741211,87.8499984741211,87.59500122070312,87.61499786376953,43
2026-05-13 11:15:00+00:00,87.76000213623047,87.86499786376953,87.73999786376953,87.84500122070312,31
2026-05-13 11:16:00+00:00,87.80500030517578,87.81999969482422,87.74500274658203,87.76499938964844,12
2026-05-13 11:17:00+00:00,87.73999786376953,87.78500366210938,87.73999786376953,87.76499938964844,15
2026-05-13 11:18:00+00:00,87.6449966430664,87.69999694824219,87.52999877929688,87.69999694824219,42
2026-05-13 11:19:00+00:00,87.69000244140625,87.69999694824219,87.66999816894531,87.66999816894531,5
2026-05-13 11:20:00+00:00,87.66000366210938,87.69499969482422,87.62999725341797,87.69499969482422,17
2026-05-13 11:21:00+00:00,87.7300033569336,87.7300033569336,87.66999816894531,87.66999816894531,16
2026-05-13 11:22:00+00:00,87.78500366210938,87.80500030517578,87.73999786376953,87.74500274658203,44
2026-05-13 11:23:00+00:00,87.80999755859375,87.83499908447266,87.78500366210938,87.80999755859375,10
2026-05-13 11:24:00+00:00,87.75,87.80500030517578,87.75,87.80500030517578,10
2026-05-13 11:25:00+00:00,87.73999786376953,87.73999786376953,87.73999786376953,87.73999786376953,3
2026-05-13 11:26:00+00:00,87.76499938964844,87.7750015258789,87.71499633789062,87.73999786376953,15
2026-05-13 11:27:00+00:00,87.80000305175781,87.80999755859375,87.73500061035156,87.75,11
2026-05-13 11:28:00+00:00,87.83000183105469,87.83000183105469,87.79499816894531,87.80500030517578,11
2026-05-13 11:29:00+00:00,87.80500030517578,87.84500122070312,87.7750015258789,87.83999633789062,14
2026-05-13 11:30:00+00:00,87.88500213623047,87.9000015258789,87.76499938964844,87.76499938964844,18
2026-05-13 11:31:00+00:00,87.95999908447266,87.98999786376953,87.91000366210938,87.91000366210938,57
2026-05-13 11:32:00+00:00,88.02999877929688,88.05999755859375,87.91999816894531,87.91999816894531,47
2026-05-13 11:33:00+00:00,88.12999725341797,88.12999725341797,87.94000244140625,88.05500030517578,48
2026-05-13 11:34:00+00:00,88.16500091552734,88.30000305175781,88.12000274658203,88.12000274658203,108
2026-05-13 11:35:00+00:00,88.28500366210938,88.30999755859375,88.16500091552734,88.19499969482422,87
2026-05-13 11:36:00+00:00,88.16500091552734,88.29499816894531,88.16000366210938,88.25499725341797,81
2026-05-13 11:37:00+00:00,88.13999938964844,88.17500305175781,88.11499786376953,88.17500305175781,17
2026-05-13 11:38:00+00:00,88.19999694824219,88.19999694824219,88.125,88.13999938964844,14
2026-05-13 11:39:00+00:00,88.19999694824219,88.2300033569336,88.16500091552734,88.16500091552734,28
2026-05-13 11:40:00+00:00,88.22000122070312,88.22000122070312,88.13500213623047,88.17500305175781,49
2026-05-13 11:41:00+00:00,88.19000244140625,88.23500061035156,88.15499877929688,88.22000122070312,25
2026-05-13 11:42:00+00:00,88.26000213623047,88.27999877929688,88.16000366210938,88.16000366210938,25
2026-05-13 11:43:00+00:00,88.25499725341797,88.2750015258789,88.2300033569336,88.23500061035156,12
2026-05-13 11:44:00+00:00,88.17500305175781,88.2699966430664,88.16000366210938,88.2699966430664,19
2026-05-13 11:45:00+00:00,88.30999755859375,88.31999969482422,88.18000030517578,88.18000030517578,87
2026-05-13 11:46:00+00:00,88.3550033569336,88.38500213623047,88.27999877929688,88.29000091552734,48
2026-05-13 11:47:00+00:00,88.25,88.34500122070312,88.25,88.33499908447266,24
2026-05-13 11:48:00+00:00,88.22000122070312,88.25499725341797,88.21499633789062,88.25,15
2026-05-13 11:49:00+00:00,88.08000183105469,88.19999694824219,88.08000183105469,88.18499755859375,27
2026-05-13 11:50:00+00:00,88.05999755859375,88.06999969482422,87.99500274658203,88.06999969482422,51
2026-05-13 11:51:00+00:00,88.0250015258789,88.02999877929688,87.97000122070312,88.02999877929688,37
2026-05-13 11:52:00+00:00,88.01000213623047,88.02999877929688,87.96499633789062,88.02999877929688,26
2026-05-13 11:53:00+00:00,88.06500244140625,88.06500244140625,88.0,88.0,8
2026-05-13 11:54:00+00:00,88.05000305175781,88.05000305175781,88.03500366210938,88.05000305175781,6
2026-05-13 11:55:00+00:00,87.9749984741211,88.04000091552734,87.95500183105469,88.04000091552734,17
2026-05-13 11:56:00+00:00,87.94999694824219,88.0,87.93499755859375,87.9749984741211,29
2026-05-13 11:57:00+00:00,87.92500305175781,87.95999908447266,87.91500091552734,87.93499755859375,13
2026-05-13 11:58:00+00:00,87.86000061035156,87.93499755859375,87.81999969482422,87.93499755859375,44
2026-05-13 11:59:00+00:00,87.86499786376953,87.87000274658203,87.84500122070312,87.84500122070312,23
2026-05-13 12:00:00+00:00,87.8499984741211,87.88500213623047,87.83000183105469,87.8499984741211,26
2026-05-13 12:01:00+00:00,87.79499816894531,87.8499984741211,87.70500183105469,87.8499984741211,55
2026-05-13 12:02:00+00:00,87.83999633789062,87.86499786376953,87.83499908447266,87.83999633789062,23
2026-05-13 12:03:00+00:00,87.88500213623047,87.88500213623047,87.83499908447266,87.83999633789062,13
2026-05-13 12:04:00+00:00,88.0250015258789,88.05000305175781,87.88500213623047,87.8949966430664,62
2026-05-13 12:05:00+00:00,88.0250015258789,88.0250015258789,87.94999694824219,88.01000213623047,32
2026-05-13 12:06:00+00:00,87.91999816894531,87.98999786376953,87.90499877929688,87.98999786376953,31
2026-05-13 12:07:00+00:00,87.91500091552734,87.96499633789062,87.90499877929688,87.94499969482422,30
2026-05-13 12:08:00+00:00,87.92500305175781,87.92500305175781,87.87000274658203,87.9000015258789,19
2026-05-13 12:09:00+00:00,87.8499984741211,87.87999725341797,87.84500122070312,87.87999725341797,9
2026-05-13 12:10:00+00:00,87.80000305175781,87.86000061035156,87.7750015258789,87.86000061035156,21
2026-05-13 12:11:00+00:00,87.80500030517578,87.83999633789062,87.79000091552734,87.80500030517578,50
2026-05-13 12:12:00+00:00,87.87000274658203,87.87000274658203,87.78500366210938,87.82499694824219,22
2026-05-13 12:13:00+00:00,87.83499908447266,87.875,87.83499908447266,87.875,57
2026-05-13 12:14:00+00:00,87.82499694824219,87.84500122070312,87.80000305175781,87.84500122070312,11
2026-05-13 12:15:00+00:00,87.76000213623047,87.81999969482422,87.7300033569336,87.81999969482422,25
2026-05-13 12:16:00+00:00,87.62999725341797,87.76499938964844,87.56500244140625,87.76499938964844,104
2026-05-13 12:17:00+00:00,87.625,87.6449966430664,87.55999755859375,87.625,70
2026-05-13 12:18:00+00:00,87.56500244140625,87.6050033569336,87.5199966430664,87.6050033569336,44
2026-05-13 12:19:00+00:00,87.41500091552734,87.56500244140625,87.40499877929688,87.56500244140625,45
2026-05-13 12:20:00+00:00,87.33999633789062,87.4800033569336,87.2699966430664,87.40499877929688,151
2026-05-13 12:21:00+00:00,87.34500122070312,87.36000061035156,87.18000030517578,87.31999969482422,96
2026-05-13 12:22:00+00:00,87.18000030517578,87.33000183105469,87.05000305175781,87.31500244140625,125
2026-05-13 12:23:00+00:00,87.30999755859375,87.31500244140625,87.17500305175781,87.17500305175781,50
2026-05-13 12:24:00+00:00,87.31999969482422,87.41999816894531,87.26000213623047,87.26499938964844,65
2026-05-13 12:25:00+00:00,87.41500091552734,87.41500091552734,87.30500030517578,87.33000183105469,64
2026-05-13 12:26:00+00:00,87.38999938964844,87.3949966430664,87.32499694824219,87.38999938964844,68
2026-05-13 12:27:00+00:00,87.43499755859375,87.43499755859375,87.33499908447266,87.36499786376953,54
2026-05-13 12:28:00+00:00,87.43000030517578,87.47000122070312,87.40499877929688,87.42500305175781,54
2026-05-13 12:29:00+00:00,87.45999908447266,87.51000213623047,87.3949966430664,87.43499755859375,46
2026-05-13 12:30:00+00:00,87.25,87.5,87.04000091552734,87.5,214
2026-05-13 12:31:00+00:00,87.20500183105469,87.27999877929688,87.09500122070312,87.23999786376953,94
2026-05-13 12:32:00+00:00,87.08499908447266,87.23500061035156,86.91999816894531,87.20999908447266,234
2026-05-13 12:33:00+00:00,87.06999969482422,87.12000274658203,86.91000366210938,87.09500122070312,136
2026-05-13 12:34:00+00:00,87.16000366210938,87.21499633789062,87.00499725341797,87.08000183105469,114
2026-05-13 12:35:00+00:00,87.06999969482422,87.28500366210938,87.04000091552734,87.1500015258789,127
2026-05-13 12:36:00+00:00,86.7750015258789,87.06500244140625,86.7699966430664,87.06500244140625,190
2026-05-13 12:37:00+00:00,86.70999908447266,86.83499908447266,86.69000244140625,86.7699966430664,111
2026-05-13 12:38:00+00:00,86.84500122070312,86.84500122070312,86.69999694824219,86.7249984741211,114
2026-05-13 12:39:00+00:00,86.83000183105469,86.91500091552734,86.77999877929688,86.84500122070312,113
2026-05-13 12:40:00+00:00,86.80999755859375,86.90499877929688,86.74500274658203,86.83000183105469,122
2026-05-13 12:41:00+00:00,86.98999786376953,87.0199966430664,86.80999755859375,86.80999755859375,65
2026-05-13 12:42:00+00:00,87.01000213623047,87.04499816894531,86.97000122070312,87.01000213623047,58
2026-05-13 12:43:00+00:00,87.04000091552734,87.08999633789062,86.94499969482422,87.0250015258789,44
2026-05-13 12:44:00+00:00,87.125,87.1500015258789,87.05500030517578,87.05999755859375,91
2026-05-13 12:45:00+00:00,87.04000091552734,87.11000061035156,87.01000213623047,87.09500122070312,52
2026-05-13 12:46:00+00:00,86.81500244140625,87.05999755859375,86.76499938964844,87.03500366210938,117
2026-05-13 12:47:00+00:00,86.9000015258789,86.91999816894531,86.79499816894531,86.83499908447266,42
2026-05-13 12:48:00+00:00,86.8550033569336,86.93499755859375,86.80500030517578,86.92500305175781,25
2026-05-13 12:49:00+00:00,86.91999816894531,86.91999816894531,86.80000305175781,86.84500122070312,187
2026-05-13 12:50:00+00:00,87.02999877929688,87.02999877929688,86.92500305175781,86.93499755859375,38
2026-05-13 12:51:00+00:00,86.83499908447266,87.05999755859375,86.83499908447266,87.02999877929688,94
2026-05-13 12:52:00+00:00,86.94000244140625,86.94000244140625,86.86000061035156,86.87999725341797,32
2026-05-13 12:53:00+00:00,86.95999908447266,86.96499633789062,86.90499877929688,86.92500305175781,50
2026-05-13 12:54:00+00:00,86.94999694824219,87.03500366210938,86.91500091552734,86.96499633789062,68
2026-05-13 12:55:00+00:00,86.9000015258789,86.94999694824219,86.8499984741211,86.94999694824219,35
2026-05-13 12:56:00+00:00,86.91000366210938,86.91000366210938,86.84500122070312,86.91000366210938,21
2026-05-13 12:57:00+00:00,87.08999633789062,87.11000061035156,86.93499755859375,86.97000122070312,148
2026-05-13 12:58:00+00:00,87.19999694824219,87.26499938964844,87.05500030517578,87.06999969482422,160
2026-05-13 12:59:00+00:00,87.09500122070312,87.19000244140625,87.04000091552734,87.19000244140625,92
2026-05-13 13:00:00+00:00,87.30500030517578,87.30500030517578,87.08999633789062,87.09500122070312,100
2026-05-13 13:01:00+00:00,87.20999908447266,87.31999969482422,87.16999816894531,87.28500366210938,103
2026-05-13 13:02:00+00:00,87.4000015258789,87.41000366210938,87.23500061035156,87.23500061035156,63
2026-05-13 13:03:00+00:00,87.375,87.44000244140625,87.33999633789062,87.41999816894531,127
2026-05-13 13:04:00+00:00,87.37999725341797,87.44000244140625,87.3550033569336,87.37000274658203,74
2026-05-13 13:05:00+00:00,87.42500305175781,87.45999908447266,87.4000015258789,87.4000015258789,63
2026-05-13 13:06:00+00:00,87.38500213623047,87.50499725341797,87.375,87.41500091552734,92
2026-05-13 13:07:00+00:00,87.38999938964844,87.44999694824219,87.38999938964844,87.4000015258789,34
2026-05-13 13:08:00+00:00,87.46499633789062,87.52999877929688,87.43000030517578,87.43000030517578,86
2026-05-13 13:09:00+00:00,87.44499969482422,87.5,87.41000366210938,87.48999786376953,37
2026-05-13 13:10:00+00:00,87.5250015258789,87.5250015258789,87.38999938964844,87.4000015258789,34
2026-05-13 13:11:00+00:00,87.5199966430664,87.56999969482422,87.50499725341797,87.54499816894531,56
2026-05-13 13:12:00+00:00,87.5999984741211,87.6050033569336,87.5,87.51000213623047,42
2026-05-13 13:13:00+00:00,87.62000274658203,87.62000274658203,87.55000305175781,87.61000061035156,51
2026-05-13 13:14:00+00:00,87.66500091552734,87.70500183105469,87.5999984741211,87.5999984741211,53
2026-05-13 13:15:00+00:00,87.62999725341797,87.67500305175781,87.5999984741211,87.67500305175781,52
2026-05-13 13:16:00+00:00,87.62999725341797,87.69000244140625,87.62000274658203,87.625,70
2026-05-13 13:17:00+00:00,87.75,87.76499938964844,87.63999938964844,87.63999938964844,71
2026-05-13 13:18:00+00:00,87.78500366210938,87.81999969482422,87.7300033569336,87.7300033569336,62
2026-05-13 13:19:00+00:00,87.77999877929688,87.79499816894531,87.75499725341797,87.79499816894531,32
2026-05-13 13:20:00+00:00,87.75,87.7750015258789,87.69499969482422,87.74500274658203,83
2026-05-13 13:21:00+00:00,87.75499725341797,87.75499725341797,87.66999816894531,87.7300033569336,46
2026-05-13 13:22:00+00:00,87.70999908447266,87.74500274658203,87.66500091552734,87.74500274658203,13
2026-05-13 13:23:00+00:00,87.80000305175781,87.82499694824219,87.70999908447266,87.70999908447266,214
2026-05-13 13:24:00+00:00,87.76000213623047,87.81999969482422,87.74500274658203,87.80999755859375,34
2026-05-13 13:25:00+00:00,87.7699966430664,87.78500366210938,87.71499633789062,87.78500366210938,34
2026-05-13 13:26:00+00:00,87.75,87.75,87.72000122070312,87.75,32
2026-05-13 13:27:00+00:00,87.61499786376953,87.69999694824219,87.55500030517578,87.69999694824219,105
2026-05-13 13:28:00+00:00,87.62000274658203,87.63999938964844,87.56500244140625,87.6050033569336,45
2026-05-13 13:29:00+00:00,87.625,87.68499755859375,87.625,87.63500213623047,38
2026-05-13 13:30:00+00:00,87.7249984741211,87.7249984741211,87.55999755859375,87.62000274658203,97
2026-05-13 13:31:00+00:00,87.625,87.7249984741211,87.61499786376953,87.70999908447266,81
2026-05-13 13:32:00+00:00,87.78500366210938,87.88500213623047,87.625,87.625,127
2026-05-13 13:33:00+00:00,87.7300033569336,87.83999633789062,87.66999816894531,87.77999877929688,72
2026-05-13 13:34:00+00:00,87.6500015258789,87.7249984741211,87.56500244140625,87.70500183105469,72
2026-05-13 13:35:00+00:00,87.45999908447266,87.65499877929688,87.45999908447266,87.65499877929688,85
2026-05-13 13:36:00+00:00,87.37999725341797,87.44499969482422,87.31500244140625,87.44499969482422,183
2026-05-13 13:37:00+00:00,87.34500122070312,87.38500213623047,87.33000183105469,87.3499984741211,34
2026-05-13 13:38:00+00:00,87.30500030517578,87.37999725341797,87.25499725341797,87.375,60
2026-05-13 13:39:00+00:00,87.37000274658203,87.37000274658203,87.21499633789062,87.27999877929688,74
2026-05-13 13:40:00+00:00,87.59500122070312,87.62999725341797,87.36000061035156,87.37999725341797,78
2026-05-13 13:41:00+00:00,87.74500274658203,87.78500366210938,87.58999633789062,87.58999633789062,210
2026-05-13 13:42:00+00:00,87.98999786376953,88.02999877929688,87.6500015258789,87.7300033569336,367
2026-05-13 13:43:00+00:00,87.87000274658203,88.08000183105469,87.80999755859375,88.01499938964844,162
2026-05-13 13:44:00+00:00,87.79499816894531,87.87999725341797,87.77999877929688,87.86000061035156,32
2026-05-13 13:45:00+00:00,87.8499984741211,87.8550033569336,87.75,87.80999755859375,58
2026-05-13 13:46:00+00:00,87.58000183105469,87.8550033569336,87.4749984741211,87.8550033569336,128
2026-05-13 13:47:00+00:00,87.5,87.58000183105469,87.43000030517578,87.55500030517578,72
2026-05-13 13:48:00+00:00,87.37000274658203,87.48999786376953,87.32499694824219,87.4749984741211,108
2026-05-13 13:49:00+00:00,87.48500061035156,87.48500061035156,87.21499633789062,87.36499786376953,127
2026-05-13 13:50:00+00:00,87.3499984741211,87.53500366210938,87.33499908447266,87.4749984741211,77
2026-05-13 13:51:00+00:00,87.53500366210938,87.58999633789062,87.33499908447266,87.34500122070312,47
2026-05-13 13:52:00+00:00,87.625,87.65499877929688,87.55500030517578,87.55500030517578,68
2026-05-13 13:53:00+00:00,87.69999694824219,87.70999908447266,87.58499908447266,87.625,77
2026-05-13 13:54:00+00:00,87.91500091552734,87.91500091552734,87.69000244140625,87.70500183105469,153
2026-05-13 13:55:00+00:00,87.7750015258789,87.94499969482422,87.7750015258789,87.93000030517578,105
2026-05-13 13:56:00+00:00,87.77999877929688,87.8550033569336,87.76000213623047,87.80000305175781,64
2026-05-13 13:57:00+00:00,87.87999725341797,87.91000366210938,87.76499938964844,87.7750015258789,58
2026-05-13 13:58:00+00:00,87.79000091552734,87.9000015258789,87.7750015258789,87.86499786376953,67
2026-05-13 13:59:00+00:00,87.82499694824219,87.87000274658203,87.78500366210938,87.80000305175781,51
2026-05-13 14:00:00+00:00,87.62000274658203,87.82499694824219,87.62000274658203,87.80000305175781,139
2026-05-13 14:01:00+00:00,87.7300033569336,87.7300033569336,87.56999969482422,87.61499786376953,45
2026-05-13 14:02:00+00:00,87.75499725341797,87.77999877929688,87.69499969482422,87.7249984741211,48
2026-05-13 14:03:00+00:00,87.81999969482422,87.8499984741211,87.7750015258789,87.7750015258789,41
2026-05-13 14:04:00+00:00,87.93000030517578,87.99500274658203,87.83499908447266,87.83499908447266,94
2026-05-13 14:05:00+00:00,88.0199966430664,88.05000305175781,87.92500305175781,87.93499755859375,133
2026-05-13 14:06:00+00:00,87.93499755859375,88.0199966430664,87.90499877929688,88.01499938964844,92
2026-05-13 14:07:00+00:00,88.18499755859375,88.19000244140625,87.98500061035156,87.98500061035156,115
2026-05-13 14:08:00+00:00,88.09500122070312,88.1449966430664,87.98999786376953,88.13500213623047,57
2026-05-13 14:09:00+00:00,87.98999786376953,88.08999633789062,87.98999786376953,88.06500244140625,48
2026-05-13 14:10:00+00:00,88.08499908447266,88.13500213623047,87.96499633789062,87.9800033569336,33
2026-05-13 14:11:00+00:00,88.13500213623047,88.18499755859375,88.06999969482422,88.06999969482422,77
2026-05-13 14:12:00+00:00,88.19000244140625,88.22000122070312,88.07499694824219,88.13999938964844,134
2026-05-13 14:13:00+00:00,88.20999908447266,88.29000091552734,88.1449966430664,88.20999908447266,78
2026-05-13 14:14:00+00:00,88.19499969482422,88.21499633789062,88.17500305175781,88.19999694824219,26
2026-05-13 14:15:00+00:00,88.1050033569336,88.22000122070312,88.1050033569336,88.19000244140625,61
2026-05-13 14:16:00+00:00,88.05000305175781,88.1500015258789,87.98999786376953,88.11000061035156,74
2026-05-13 14:17:00+00:00,87.99500274658203,88.06500244140625,87.9749984741211,88.06500244140625,39
2026-05-13 14:18:00+00:00,87.87000274658203,87.98999786376953,87.83000183105469,87.98999786376953,116
2026-05-13 14:19:00+00:00,87.8550033569336,87.91500091552734,87.83999633789062,87.88500213623047,59
2026-05-13 14:20:00+00:00,87.94999694824219,87.96499633789062,87.8550033569336,87.8550033569336,44
2026-05-13 14:21:00+00:00,88.08000183105469,88.08000183105469,87.9749984741211,87.9749984741211,46
2026-05-13 14:22:00+00:00,88.18000030517578,88.18000030517578,88.06999969482422,88.0999984741211,51
2026-05-13 14:23:00+00:00,88.13500213623047,88.22000122070312,88.13500213623047,88.13500213623047,29
2026-05-13 14:24:00+00:00,88.27999877929688,88.30000305175781,88.1500015258789,88.1500015258789,96
2026-05-13 14:25:00+00:00,88.36000061035156,88.41999816894531,88.2300033569336,88.25,132
2026-05-13 14:26:00+00:00,88.28500366210938,88.43499755859375,88.28500366210938,88.36499786376953,117
2026-05-13 14:27:00+00:00,88.30999755859375,88.31999969482422,88.25499725341797,88.30999755859375,80
2026-05-13 14:28:00+00:00,88.37999725341797,88.41500091552734,88.2699966430664,88.29000091552734,63
2026-05-13 14:29:00+00:00,88.44000244140625,88.5,88.36499786376953,88.4000015258789,124
2026-05-13 14:30:00+00:00,88.46499633789062,88.48500061035156,88.3949966430664,88.41000366210938,128
2026-05-13 14:31:00+00:00,88.68000030517578,88.69999694824219,88.45999908447266,88.45999908447266,340
2026-05-13 14:32:00+00:00,88.65499877929688,88.7249984741211,88.58999633789062,88.66000366210938,135
2026-05-13 14:33:00+00:00,88.68000030517578,88.7300033569336,88.6050033569336,88.61499786376953,76
2026-05-13 14:34:00+00:00,88.91999816894531,88.94499969482422,88.66999816894531,88.66999816894531,406
2026-05-13 14:35:00+00:00,88.88999938964844,88.96499633789062,88.81500244140625,88.90499877929688,150
2026-05-13 14:36:00+00:00,88.83000183105469,88.95999908447266,88.81999969482422,88.91500091552734,121
2026-05-13 14:37:00+00:00,88.69499969482422,88.82499694824219,88.66500091552734,88.82499694824219,119
2026-05-13 14:38:00+00:00,88.77999877929688,88.77999877929688,88.6449966430664,88.70999908447266,51
2026-05-13 14:39:00+00:00,88.7699966430664,88.7699966430664,88.69499969482422,88.76000213623047,95
2026-05-13 14:40:00+00:00,88.73500061035156,88.83000183105469,88.72000122070312,88.76499938964844,79
2026-05-13 14:41:00+00:00,88.68499755859375,88.79000091552734,88.68499755859375,88.73500061035156,28
2026-05-13 14:42:00+00:00,88.87000274658203,88.88500213623047,88.70999908447266,88.70999908447266,86
2026-05-13 14:43:00+00:00,88.80500030517578,88.91500091552734,88.80500030517578,88.88999938964844,74
2026-05-13 14:44:00+00:00,88.68499755859375,88.81999969482422,88.62999725341797,88.81500244140625,183
2026-05-13 14:45:00+00:00,88.52999877929688,88.7699966430664,88.4749984741211,88.69000244140625,239
2026-05-13 14:46:00+00:00,88.55500030517578,88.58000183105469,88.48500061035156,88.53500366210938,70
2026-05-13 14:47:00+00:00,88.91000366210938,88.93000030517578,88.56500244140625,88.57499694824219,113
2026-05-13 14:48:00+00:00,88.80000305175781,88.9800033569336,88.78500366210938,88.91999816894531,96
2026-05-13 14:49:00+00:00,88.76000213623047,88.83999633789062,88.70500183105469,88.80000305175781,50
2026-05-13 14:50:00+00:00,88.7249984741211,88.83000183105469,88.7249984741211,88.80000305175781,33
2026-05-13 14:51:00+00:00,88.76499938964844,88.78500366210938,88.72000122070312,88.76000213623047,21
2026-05-13 14:52:00+00:00,88.77999877929688,88.83000183105469,88.75499725341797,88.76000213623047,64
2026-05-13 14:53:00+00:00,88.82499694824219,88.88500213623047,88.7750015258789,88.7750015258789,42
2026-05-13 14:54:00+00:00,88.77999877929688,88.80999755859375,88.76000213623047,88.80999755859375,32
2026-05-13 14:55:00+00:00,88.79000091552734,88.79000091552734,88.67500305175781,88.7699966430664,49
2026-05-13 14:56:00+00:00,88.69000244140625,88.75,88.66500091552734,88.75,21
2026-05-13 14:57:00+00:00,88.73999786376953,88.81500244140625,88.69999694824219,88.70500183105469,38
2026-05-13 14:58:00+00:00,88.63500213623047,88.71499633789062,88.63500213623047,88.71499633789062,59
2026-05-13 14:59:00+00:00,88.59500122070312,88.69499969482422,88.57499694824219,88.65499877929688,70
2026-05-13 15:00:00+00:00,88.66999816894531,88.69999694824219,88.5250015258789,88.58499908447266,58
2026-05-13 15:01:00+00:00,88.72000122070312,88.7750015258789,88.63999938964844,88.63999938964844,67
2026-05-13 15:02:00+00:00,88.8550033569336,88.875,88.70500183105469,88.72000122070312,68
2026-05-13 15:03:00+00:00,88.75,88.83999633789062,88.75,88.83999633789062,37
2026-05-13 15:04:00+00:00,88.78500366210938,88.81999969482422,88.75,88.75499725341797,30
2026-05-13 15:05:00+00:00,88.73500061035156,88.81999969482422,88.7249984741211,88.81999969482422,48
2026-05-13 15:06:00+00:00,88.86499786376953,88.86499786376953,88.73500061035156,88.73500061035156,42
2026-05-13 15:07:00+00:00,88.87000274658203,88.91999816894531,88.81500244140625,88.8499984741211,32
2026-05-13 15:08:00+00:00,89.26000213623047,89.26000213623047,88.87000274658203,88.875,287
2026-05-13 15:09:00+00:00,89.2750015258789,89.31500244140625,89.19999694824219,89.23999786376953,234
2026-05-13 15:10:00+00:00,89.25,89.37999725341797,89.19499969482422,89.2699966430664,273
2026-05-13 15:11:00+00:00,89.125,89.29000091552734,89.11499786376953,89.26000213623047,115
2026-05-13 15:12:00+00:00,89.1500015258789,89.17500305175781,89.08999633789062,89.13999938964844,93
2026-05-13 15:13:00+00:00,89.19499969482422,89.20999908447266,89.0999984741211,89.11499786376953,83
2026-05-13 15:14:00+00:00,89.08000183105469,89.16500091552734,89.08000183105469,89.16000366210938,20
2026-05-13 15:15:00+00:00,89.16500091552734,89.18499755859375,89.05000305175781,89.07499694824219,76
2026-05-13 15:16:00+00:00,89.16000366210938,89.18000030517578,89.0999984741211,89.16500091552734,59
2026-05-13 15:17:00+00:00,89.12999725341797,89.19999694824219,89.125,89.13999938964844,49
2026-05-13 15:18:00+00:00,89.04499816894531,89.13999938964844,89.0250015258789,89.13500213623047,58
2026-05-13 15:19:00+00:00,89.13500213623047,89.13500213623047,89.04000091552734,89.05500030517578,49
2026-05-13 15:20:00+00:00,89.05500030517578,89.1449966430664,88.98999786376953,89.13999938964844,93
2026-05-13 15:21:00+00:00,89.06999969482422,89.07499694824219,89.01000213623047,89.04000091552734,25
2026-05-13 15:22:00+00:00,89.18000030517578,89.18499755859375,89.06500244140625,89.06500244140625,44
2026-05-13 15:23:00+00:00,89.09500122070312,89.16999816894531,89.09500122070312,89.16999816894531,53
2026-05-13 15:24:00+00:00,89.08499908447266,89.12000274658203,89.07499694824219,89.0999984741211,28
2026-05-13 15:25:00+00:00,89.02999877929688,89.08999633789062,88.99500274658203,89.05999755859375,50
2026-05-13 15:26:00+00:00,89.11499786376953,89.12000274658203,89.0199966430664,89.02999877929688,39
2026-05-13 15:27:00+00:00,89.05999755859375,89.08000183105469,89.0,89.06999969482422,45
2026-05-13 15:28:00+00:00,89.04499816894531,89.13500213623047,89.0199966430664,89.05999755859375,47
2026-05-13 15:29:00+00:00,89.11000061035156,89.13999938964844,89.05000305175781,89.06500244140625,18
2026-05-13 15:30:00+00:00,88.9749984741211,89.09500122070312,88.93499755859375,89.08999633789062,85
2026-05-13 15:31:00+00:00,89.01499938964844,89.08999633789062,88.97000122070312,88.97000122070312,79
2026-05-13 15:32:00+00:00,88.98999786376953,89.04499816894531,88.93499755859375,89.0,44
2026-05-13 15:33:00+00:00,89.05999755859375,89.06500244140625,88.95999908447266,88.97000122070312,33
2026-05-13 15:34:00+00:00,89.23500061035156,89.26000213623047,89.09500122070312,89.09500122070312,48
2026-05-13 15:35:00+00:00,89.28500366210938,89.30999755859375,89.20500183105469,89.24500274658203,89
2026-05-13 15:36:00+00:00,89.33999633789062,89.375,89.2750015258789,89.31500244140625,82
2026-05-13 15:37:00+00:00,89.41000366210938,89.43499755859375,89.36000061035156,89.375,94
2026-05-13 15:38:00+00:00,89.38999938964844,89.44999694824219,89.36000061035156,89.41000366210938,46
2026-05-13 15:39:00+00:00,89.38999938964844,89.42500305175781,89.36499786376953,89.37000274658203,34
2026-05-13 15:40:00+00:00,89.34500122070312,89.45999908447266,89.34500122070312,89.38999938964844,91
2026-05-13 15:41:00+00:00,89.30500030517578,89.3499984741211,89.30500030517578,89.33999633789062,33
2026-05-13 15:42:00+00:00,89.3550033569336,89.38999938964844,89.31999969482422,89.31999969482422,53
2026-05-13 15:43:00+00:00,89.36499786376953,89.42500305175781,89.34500122070312,89.3949966430664,35
2026-05-13 15:44:00+00:00,89.36000061035156,89.40499877929688,89.33999633789062,89.375,77
2026-05-13 15:45:00+00:00,89.36499786376953,89.37000274658203,89.33000183105469,89.36499786376953,15
2026-05-13 15:46:00+00:00,89.4000015258789,89.42500305175781,89.33499908447266,89.33999633789062,23
2026-05-13 15:47:00+00:00,89.4000015258789,89.41000366210938,89.36499786376953,89.38999938964844,38
2026-05-13 15:48:00+00:00,89.375,89.41000366210938,89.33499908447266,89.38500213623047,26
2026-05-13 15:49:00+00:00,89.46499633789062,89.48500061035156,89.31999969482422,89.3499984741211,73
2026-05-13 15:50:00+00:00,89.33000183105469,89.48999786376953,89.33000183105469,89.4800033569336,33
2026-05-13 15:51:00+00:00,89.3550033569336,89.3550033569336,89.29000091552734,89.32499694824219,45
2026-05-13 15:52:00+00:00,89.38500213623047,89.41500091552734,89.36499786376953,89.36499786376953,18
2026-05-13 15:53:00+00:00,89.36499786376953,89.37999725341797,89.31999969482422,89.37000274658203,54
2026-05-13 15:54:00+00:00,89.34500122070312,89.3949966430664,89.33999633789062,89.36000061035156,20
2026-05-13 15:55:00+00:00,89.4000015258789,89.43000030517578,89.31999969482422,89.3550033569336,45
2026-05-13 15:56:00+00:00,89.50499725341797,89.54000091552734,89.41000366210938,89.43000030517578,101
2026-05-13 15:57:00+00:00,89.4800033569336,89.49500274658203,89.44999694824219,89.48999786376953,51
2026-05-13 15:58:00+00:00,89.51499938964844,89.51499938964844,89.44000244140625,89.4800033569336,40
2026-05-13 15:59:00+00:00,89.55500030517578,89.56500244140625,89.45500183105469,89.4749984741211,115
2026-05-13 16:00:00+00:00,89.63999938964844,89.67500305175781,89.51000213623047,89.55999755859375,100
2026-05-13 16:01:00+00:00,89.63500213623047,89.68000030517578,89.58999633789062,89.62999725341797,105
2026-05-13 16:02:00+00:00,89.69499969482422,89.73999786376953,89.59500122070312,89.59500122070312,150
2026-05-13 16:03:00+00:00,89.68000030517578,89.76000213623047,89.68000030517578,89.71499633789062,135
2026-05-13 16:04:00+00:00,89.72000122070312,89.79499816894531,89.66500091552734,89.67500305175781,262
2026-05-13 16:05:00+00:00,89.74500274658203,89.76000213623047,89.65499877929688,89.75,94
2026-05-13 16:06:00+00:00,89.7300033569336,89.79000091552734,89.70999908447266,89.74500274658203,104
2026-05-13 16:07:00+00:00,89.81999969482422,89.83999633789062,89.7249984741211,89.73500061035156,74
2026-05-13 16:08:00+00:00,89.83999633789062,89.87999725341797,89.80500030517578,89.81999969482422,151
2026-05-13 16:09:00+00:00,89.86000061035156,89.86000061035156,89.76000213623047,89.83999633789062,123
2026-05-13 16:10:00+00:00,89.87000274658203,89.96499633789062,89.83999633789062,89.8499984741211,180
2026-05-13 16:11:00+00:00,89.80000305175781,89.87000274658203,89.74500274658203,89.86499786376953,87
2026-05-13 16:12:00+00:00,89.76000213623047,89.84500122070312,89.74500274658203,89.83000183105469,102
2026-05-13 16:13:00+00:00,89.86000061035156,89.88999938964844,89.72000122070312,89.74500274658203,148
2026-05-13 16:14:00+00:00,89.93000030517578,89.93499755859375,89.83000183105469,89.87999725341797,41
2026-05-13 16:15:00+00:00,89.94499969482422,90.0250015258789,89.9000015258789,89.93499755859375,330
2026-05-13 16:16:00+00:00,89.95500183105469,90.02999877929688,89.94000244140625,89.94999694824219,83
2026-05-13 16:17:00+00:00,89.80500030517578,90.04499816894531,89.7750015258789,89.97000122070312,180
2026-05-13 16:18:00+00:00,89.76000213623047,89.80999755859375,89.71499633789062,89.79000091552734,99
2026-05-13 16:19:00+00:00,89.70500183105469,89.8550033569336,89.68499755859375,89.75499725341797,148
2026-05-13 16:20:00+00:00,89.80000305175781,89.80000305175781,89.66999816894531,89.70999908447266,44
2026-05-13 16:21:00+00:00,89.79000091552734,89.875,89.77999877929688,89.77999877929688,81
2026-05-13 16:22:00+00:00,89.83999633789062,89.8550033569336,89.75499725341797,89.79000091552734,29
2026-05-13 16:23:00+00:00,89.9000015258789,89.91999816894531,89.82499694824219,89.84500122070312,49
2026-05-13 16:24:00+00:00,89.86499786376953,90.1050033569336,89.86000061035156,89.9000015258789,298
2026-05-13 16:25:00+00:00,89.88999938964844,89.9800033569336,89.84500122070312,89.90499877929688,89
2026-05-13 16:26:00+00:00,89.83499908447266,89.93000030517578,89.83499908447266,89.9000015258789,115
2026-05-13 16:27:00+00:00,90.03500366210938,90.04000091552734,89.83000183105469,89.83999633789062,90
2026-05-13 16:28:00+00:00,90.08999633789062,90.08999633789062,90.01000213623047,90.04499816894531,96
2026-05-13 16:29:00+00:00,90.02999877929688,90.08000183105469,90.0,90.06500244140625,58
2026-05-13 16:30:00+00:00,89.98500061035156,90.08499908447266,89.97000122070312,90.05500030517578,75
2026-05-13 16:31:00+00:00,89.83999633789062,90.01000213623047,89.78500366210938,90.0,211
2026-05-13 16:32:00+00:00,89.83499908447266,89.88500213623047,89.81999969482422,89.8499984741211,49
2026-05-13 16:33:00+00:00,89.87999725341797,89.92500305175781,89.7750015258789,89.82499694824219,165
2026-05-13 16:34:00+00:00,89.875,89.91000366210938,89.78500366210938,89.87000274658203,85
2026-05-13 16:35:00+00:00,89.80000305175781,89.9000015258789,89.80000305175781,89.87999725341797,20
2026-05-13 16:36:00+00:00,89.86000061035156,89.86000061035156,89.7699966430664,89.80999755859375,53
2026-05-13 16:37:00+00:00,89.80999755859375,89.88500213623047,89.80999755859375,89.875,50
2026-05-13 16:38:00+00:00,89.875,89.92500305175781,89.80500030517578,89.80500030517578,93
2026-05-13 16:39:00+00:00,89.95500183105469,89.98999786376953,89.90499877929688,89.90499877929688,52
2026-05-13 16:40:00+00:00,89.80999755859375,89.93499755859375,89.78500366210938,89.93499755859375,231
2026-05-13 16:41:00+00:00,89.80500030517578,89.81999969482422,89.75,89.81500244140625,107
2026-05-13 16:42:00+00:00,89.73500061035156,89.81999969482422,89.7300033569336,89.79000091552734,137
2026-05-13 16:43:00+00:00,89.71499633789062,89.74500274658203,89.58999633789062,89.72000122070312,145
2026-05-13 16:44:00+00:00,89.68000030517578,89.7300033569336,89.66000366210938,89.70999908447266,95
2026-05-13 16:45:00+00:00,89.80500030517578,89.83499908447266,89.6449966430664,89.68499755859375,193
2026-05-13 16:46:00+00:00,89.76000213623047,89.79499816894531,89.69000244140625,89.79499816894531,106
2026-05-13 16:47:00+00:00,89.74500274658203,89.80999755859375,89.74500274658203,89.75499725341797,28
2026-05-13 16:48:00+00:00,89.75499725341797,89.7699966430664,89.70999908447266,89.76000213623047,50
2026-05-13 16:49:00+00:00,89.67500305175781,89.77999877929688,89.6500015258789,89.76499938964844,97
2026-05-13 16:50:00+00:00,89.6050033569336,89.67500305175781,89.58000183105469,89.67500305175781,56
2026-05-13 16:51:00+00:00,89.5199966430664,89.63999938964844,89.4749984741211,89.62000274658203,192
2026-05-13 16:52:00+00:00,89.54000091552734,89.55999755859375,89.50499725341797,89.5199966430664,68
2026-05-13 16:53:00+00:00,89.41000366210938,89.53500366210938,89.3949966430664,89.53500366210938,169
2026-05-13 16:54:00+00:00,89.4000015258789,89.44999694824219,89.36499786376953,89.41000366210938,119
2026-05-13 16:55:00+00:00,89.37999725341797,89.44499969482422,89.36000061035156,89.38500213623047,111
2026-05-13 16:56:00+00:00,89.38999938964844,89.43000030517578,89.3499984741211,89.3949966430664,53
2026-05-13 16:57:00+00:00,89.40499877929688,89.45999908447266,89.3949966430664,89.40499877929688,70
2026-05-13 16:58:00+00:00,89.38500213623047,89.3949966430664,89.33000183105469,89.3949966430664,55
2026-05-13 16:59:00+00:00,89.36499786376953,89.4000015258789,89.33999633789062,89.375,38
2026-05-13 17:00:00+00:00,89.58000183105469,89.58000183105469,89.33999633789062,89.375,92
2026-05-13 17:01:00+00:00,89.61499786376953,89.63999938964844,89.55500030517578,89.58999633789062,63
2026-05-13 17:02:00+00:00,89.58499908447266,89.61000061035156,89.54499816894531,89.61000061035156,44
2026-05-13 17:03:00+00:00,89.58999633789062,89.58999633789062,89.53500366210938,89.55999755859375,60
2026-05-13 17:04:00+00:00,89.54499816894531,89.6050033569336,89.54499816894531,89.5999984741211,31
2026-05-13 17:05:00+00:00,89.65499877929688,89.65499877929688,89.55000305175781,89.55000305175781,31
2026-05-13 17:06:00+00:00,89.73500061035156,89.73500061035156,89.66000366210938,89.66000366210938,46
2026-05-13 17:07:00+00:00,89.7249984741211,89.73999786376953,89.70500183105469,89.7300033569336,38
2026-05-13 17:08:00+00:00,89.69000244140625,89.7300033569336,89.65499877929688,89.7300033569336,56
2026-05-13 17:09:00+00:00,89.7300033569336,89.7300033569336,89.68499755859375,89.70500183105469,26
2026-05-13 17:10:00+00:00,89.76000213623047,89.78500366210938,89.73500061035156,89.73500061035156,86
2026-05-13 17:11:00+00:00,89.69000244140625,89.77999877929688,89.69000244140625,89.75,49
2026-05-13 17:12:00+00:00,89.7300033569336,89.75,89.69499969482422,89.69499969482422,27
2026-05-13 17:13:00+00:00,89.77999877929688,89.80000305175781,89.73999786376953,89.73999786376953,85
2026-05-13 17:14:00+00:00,89.80000305175781,89.83000183105469,89.80000305175781,89.80500030517578,58
2026-05-13 17:15:00+00:00,89.75499725341797,89.79499816894531,89.74500274658203,89.79499816894531,44
2026-05-13 17:16:00+00:00,89.69000244140625,89.7750015258789,89.6500015258789,89.7750015258789,104
2026-05-13 17:17:00+00:00,89.69499969482422,89.73999786376953,89.69499969482422,89.69999694824219,46
2026-05-13 17:18:00+00:00,89.71499633789062,89.72000122070312,89.68000030517578,89.69999694824219,31
2026-05-13 17:19:00+00:00,89.76499938964844,89.76499938964844,89.68499755859375,89.71499633789062,39
2026-05-13 17:20:00+00:00,89.79499816894531,89.80500030517578,89.75499725341797,89.7750015258789,79
2026-05-13 17:21:00+00:00,89.82499694824219,89.83999633789062,89.77999877929688,89.79499816894531,48
2026-05-13 17:22:00+00:00,89.83499908447266,89.83999633789062,89.80000305175781,89.83499908447266,48
2026-05-13 17:23:00+00:00,89.66500091552734,89.83000183105469,89.66500091552734,89.81999969482422,111
2026-05-13 17:24:00+00:00,89.2750015258789,89.66999816894531,89.22000122070312,89.66500091552734,987
2026-05-13 17:25:00+00:00,89.26000213623047,89.29000091552734,89.17500305175781,89.26499938964844,212
2026-05-13 17:26:00+00:00,89.2699966430664,89.31999969482422,89.23500061035156,89.26499938964844,114
2026-05-13 17:27:00+00:00,89.29499816894531,89.37999725341797,89.25,89.30500030517578,115
2026-05-13 17:28:00+00:00,89.26000213623047,89.29499816894531,89.25,89.29499816894531,20
2026-05-13 17:29:00+00:00,89.20999908447266,89.33499908447266,89.17500305175781,89.2750015258789,60
2026-05-13 17:30:00+00:00,89.11499786376953,89.23500061035156,89.1050033569336,89.23500061035156,56
2026-05-13 17:31:00+00:00,89.12999725341797,89.15499877929688,89.04000091552734,89.0999984741211,129
2026-05-13 17:32:00+00:00,89.1449966430664,89.18000030517578,89.08000183105469,89.0999984741211,44
2026-05-13 17:33:00+00:00,89.04499816894531,89.12999725341797,89.0199966430664,89.12999725341797,28
2026-05-13 17:34:00+00:00,88.80000305175781,89.06500244140625,88.79499816894531,89.06500244140625,278
2026-05-13 17:35:00+00:00,88.83999633789062,88.88999938964844,88.79499816894531,88.82499694824219,62
2026-05-13 17:36:00+00:00,88.88500213623047,88.91500091552734,88.77999877929688,88.8499984741211,44
2026-05-13 17:37:00+00:00,88.8949966430664,88.91999816894531,88.86499786376953,88.90499877929688,60
2026-05-13 17:38:00+00:00,88.83999633789062,88.9749984741211,88.83999633789062,88.94999694824219,36
2026-05-13 17:39:00+00:00,88.91500091552734,88.92500305175781,88.86000061035156,88.87000274658203,14
2026-05-13 17:40:00+00:00,89.0,89.03500366210938,88.9749984741211,88.9800033569336,40
2026-05-13 17:41:00+00:00,88.76499938964844,88.98500061035156,88.76499938964844,88.96499633789062,97
2026-05-13 17:42:00+00:00,88.73500061035156,88.81500244140625,88.70999908447266,88.78500366210938,40
2026-05-13 17:43:00+00:00,88.80500030517578,88.82499694824219,88.75,88.76499938964844,32
2026-05-13 17:44:00+00:00,88.66999816894531,88.77999877929688,88.62000274658203,88.77999877929688,91
2026-05-13 17:45:00+00:00,88.63500213623047,88.71499633789062,88.5999984741211,88.66999816894531,30
2026-05-13 17:46:00+00:00,88.79000091552734,88.79000091552734,88.63999938964844,88.6449966430664,40
2026-05-13 17:47:00+00:00,88.625,88.80500030517578,88.625,88.79000091552734,49
2026-05-13 17:48:00+00:00,88.59500122070312,88.66000366210938,88.58999633789062,88.59500122070312,25
2026-05-13 17:49:00+00:00,88.66000366210938,88.66000366210938,88.6050033569336,88.6050033569336,16
2026-05-13 17:50:00+00:00,88.71499633789062,88.71499633789062,88.625,88.65499877929688,13
2026-05-13 17:51:00+00:00,88.7249984741211,88.73999786376953,88.66999816894531,88.73500061035156,18
2026-05-13 17:52:00+00:00,88.68000030517578,88.72000122070312,88.62999725341797,88.72000122070312,28
2026-05-13 17:53:00+00:00,88.6449966430664,88.69499969482422,88.6449966430664,88.66000366210938,26
2026-05-13 17:54:00+00:00,88.56999969482422,88.61499786376953,88.51499938964844,88.61499786376953,118
2026-05-13 17:55:00+00:00,88.61499786376953,88.62000274658203,88.54000091552734,88.56999969482422,21
2026-05-13 17:56:00+00:00,88.57499694824219,88.68000030517578,88.57499694824219,88.62000274658203,32
2026-05-13 17:57:00+00:00,88.6500015258789,88.6500015258789,88.56500244140625,88.58999633789062,8
2026-05-13 17:58:00+00:00,88.6449966430664,88.6449966430664,88.63999938964844,88.63999938964844,15
2026-05-13 17:59:00+00:00,88.58999633789062,88.625,88.54000091552734,88.61499786376953,21
2026-05-13 18:00:00+00:00,88.61499786376953,88.66000366210938,88.5250015258789,88.54000091552734,40
2026-05-13 18:01:00+00:00,88.68000030517578,88.70999908447266,88.59500122070312,88.59500122070312,24
2026-05-13 18:02:00+00:00,88.7750015258789,88.78500366210938,88.68000030517578,88.70999908447266,44
2026-05-13 18:03:00+00:00,88.83499908447266,88.83499908447266,88.73999786376953,88.73999786376953,21
2026-05-13 18:04:00+00:00,88.81500244140625,88.875,88.80000305175781,88.81999969482422,57
2026-05-13 18:05:00+00:00,88.83000183105469,88.86000061035156,88.7750015258789,88.80000305175781,63
2026-05-13 18:06:00+00:00,88.82499694824219,88.83499908447266,88.78500366210938,88.83000183105469,16
2026-05-13 18:07:00+00:00,88.81999969482422,88.8499984741211,88.81500244140625,88.82499694824219,15
2026-05-13 18:08:00+00:00,88.93000030517578,88.93000030517578,88.81500244140625,88.83499908447266,48
2026-05-13 18:09:00+00:00,88.93499755859375,88.94499969482422,88.8949966430664,88.91999816894531,24
2026-05-13 18:10:00+00:00,88.93499755859375,88.93499755859375,88.91500091552734,88.91500091552734,5
2026-05-13 18:11:00+00:00,88.93000030517578,88.93000030517578,88.87999725341797,88.91999816894531,24
2026-05-13 18:12:00+00:00,88.95999908447266,88.9749984741211,88.93499755859375,88.94999694824219,60
2026-05-13 18:13:00+00:00,88.92500305175781,88.99500274658203,88.90499877929688,88.9749984741211,31
2026-05-13 18:14:00+00:00,88.92500305175781,88.93000030517578,88.90499877929688,88.93000030517578,16
2026-05-13 18:15:00+00:00,88.90499877929688,88.97000122070312,88.90499877929688,88.94499969482422,22
2026-05-13 18:16:00+00:00,88.83499908447266,88.9000015258789,88.80999755859375,88.9000015258789,49
2026-05-13 18:17:00+00:00,88.69999694824219,88.82499694824219,88.69999694824219,88.82499694824219,36
2026-05-13 18:18:00+00:00,88.70999908447266,88.75,88.6449966430664,88.66500091552734,38
2026-05-13 18:19:00+00:00,88.75,88.76499938964844,88.72000122070312,88.73500061035156,14
2026-05-13 18:20:00+00:00,88.76499938964844,88.76499938964844,88.69999694824219,88.7300033569336,13
2026-05-13 18:21:00+00:00,88.72000122070312,88.76000213623047,88.71499633789062,88.76000213623047,6
2026-05-13 18:22:00+00:00,88.6500015258789,88.69999694824219,88.62000274658203,88.69999694824219,32
2026-05-13 18:23:00+00:00,88.75,88.75,88.6449966430664,88.66000366210938,66
2026-05-13 18:24:00+00:00,88.81500244140625,88.81500244140625,88.71499633789062,88.71499633789062,8
2026-05-13 18:25:00+00:00,88.83999633789062,88.83999633789062,88.79000091552734,88.79000091552734,13
2026-05-13 18:26:00+00:00,88.86000061035156,88.8949966430664,88.83000183105469,88.8550033569336,55
2026-05-13 18:27:00+00:00,88.8550033569336,88.8550033569336,88.80000305175781,88.8550033569336,37
2026-05-13 18:28:00+00:00,88.91000366210938,88.91000366210938,88.83499908447266,88.8550033569336,17
2026-05-13 18:29:00+00:00,88.875,88.91000366210938,88.86499786376953,88.90499877929688,23
2026-05-13 18:30:00+00:00,88.8499984741211,88.88999938964844,88.8499984741211,88.86499786376953,18
2026-05-13 18:31:00+00:00,88.81500244140625,88.93000030517578,88.81500244140625,88.87999725341797,50
2026-05-13 18:32:00+00:00,88.7750015258789,88.82499694824219,88.72000122070312,88.82499694824219,99
2026-05-13 18:33:00+00:00,88.68000030517578,88.7750015258789,88.66500091552734,88.76000213623047,74
2026-05-13 18:34:00+00:00,88.69000244140625,88.69000244140625,88.6500015258789,88.68000030517578,24
2026-05-13 18:35:00+00:00,88.56500244140625,88.69000244140625,88.56500244140625,88.69000244140625,80
2026-05-13 18:36:00+00:00,88.45999908447266,88.56500244140625,88.43499755859375,88.56500244140625,114
2026-05-13 18:37:00+00:00,88.4749984741211,88.50499725341797,88.43499755859375,88.45999908447266,40
2026-05-13 18:38:00+00:00,88.54499816894531,88.57499694824219,88.48500061035156,88.48999786376953,16
2026-05-13 18:39:00+00:00,88.5250015258789,88.54499816894531,88.48500061035156,88.51000213623047,16
2026-05-13 18:40:00+00:00,88.55999755859375,88.55999755859375,88.5250015258789,88.53500366210938,12
2026-05-13 18:41:00+00:00,88.55999755859375,88.59500122070312,88.54499816894531,88.54499816894531,18
2026-05-13 18:42:00+00:00,88.52999877929688,88.62000274658203,88.52999877929688,88.58999633789062,12
2026-05-13 18:43:00+00:00,88.4749984741211,88.50499725341797,88.43000030517578,88.50499725341797,34
2026-05-13 18:44:00+00:00,88.41500091552734,88.45500183105469,88.36000061035156,88.41000366210938,66
2026-05-13 18:45:00+00:00,88.5,88.5199966430664,88.41500091552734,88.41500091552734,44
2026-05-13 18:46:00+00:00,88.2699966430664,88.4749984741211,88.25499725341797,88.4749984741211,76
2026-05-13 18:47:00+00:00,88.08999633789062,88.29499816894531,87.94000244140625,88.26499938964844,286
2026-05-13 18:48:00+00:00,88.20500183105469,88.2699966430664,88.04000091552734,88.07499694824219,52
2026-05-13 18:49:00+00:00,88.1500015258789,88.20999908447266,88.0999984741211,88.19499969482422,42
2026-05-13 18:50:00+00:00,88.27999877929688,88.27999877929688,88.18000030517578,88.19000244140625,55
2026-05-13 18:51:00+00:00,88.2750015258789,88.31500244140625,88.22000122070312,88.26000213623047,89
2026-05-13 18:52:00+00:00,88.31500244140625,88.31999969482422,88.26499938964844,88.28500366210938,16
2026-05-13 18:53:00+00:00,88.38999938964844,88.38999938964844,88.23500061035156,88.28500366210938,91
2026-05-13 18:54:00+00:00,88.4800033569336,88.49500274658203,88.33999633789062,88.36499786376953,83
2026-05-13 18:55:00+00:00,88.44999694824219,88.46499633789062,88.41500091552734,88.45999908447266,10
2026-05-13 18:56:00+00:00,88.4800033569336,88.5,88.44000244140625,88.4800033569336,34
2026-05-13 18:57:00+00:00,88.4749984741211,88.5250015258789,88.4749984741211,88.5,20
2026-05-13 18:58:00+00:00,88.33999633789062,88.47000122070312,88.31999969482422,88.45500183105469,77
2026-05-13 18:59:00+00:00,88.2249984741211,88.30000305175781,88.22000122070312,88.30000305175781,29
2026-05-13 19:00:00+00:00,88.30999755859375,88.31500244140625,88.22000122070312,88.25499725341797,15
2026-05-13 19:01:00+00:00,88.29000091552734,88.29000091552734,88.25499725341797,88.2750015258789,18
2026-05-13 19:02:00+00:00,88.25499725341797,88.29000091552734,88.25,88.25,11
2026-05-13 19:03:00+00:00,88.30500030517578,88.31500244140625,88.25,88.25499725341797,32
2026-05-13 19:04:00+00:00,88.2699966430664,88.27999877929688,88.26499938964844,88.27999877929688,19
2026-05-13 19:05:00+00:00,88.2750015258789,88.30000305175781,88.2750015258789,88.30000305175781,21
2026-05-13 19:06:00+00:00,88.33499908447266,88.33499908447266,88.27999877929688,88.27999877929688,10
2026-05-13 19:07:00+00:00,88.33000183105469,88.33000183105469,88.29499816894531,88.30000305175781,10
2026-05-13 19:08:00+00:00,88.37999725341797,88.41500091552734,88.3499984741211,88.3499984741211,26
2026-05-13 19:09:00+00:00,88.42500305175781,88.43000030517578,88.41000366210938,88.41500091552734,8
2026-05-13 19:10:00+00:00,88.44000244140625,88.44999694824219,88.4000015258789,88.41500091552734,20
2026-05-13 19:11:00+00:00,88.44499969482422,88.5,88.42500305175781,88.42500305175781,32
2026-05-13 19:12:00+00:00,88.46499633789062,88.46499633789062,88.43000030517578,88.45500183105469,13
2026-05-13 19:13:00+00:00,88.45999908447266,88.46499633789062,88.44499969482422,88.44999694824219,16
2026-05-13 19:14:00+00:00,88.5999984741211,88.61000061035156,88.45500183105469,88.45999908447266,95
2026-05-13 19:15:00+00:00,88.56999969482422,88.5999984741211,88.55500030517578,88.58999633789062,24
2026-05-13 19:16:00+00:00,88.51499938964844,88.55000305175781,88.51499938964844,88.55000305175781,10
2026-05-13 19:17:00+00:00,88.59500122070312,88.59500122070312,88.54499816894531,88.54499816894531,15
2026-05-13 19:18:00+00:00,88.6050033569336,88.61499786376953,88.5999984741211,88.5999984741211,14
2026-05-13 19:19:00+00:00,88.44000244140625,88.62000274658203,88.44000244140625,88.62000274658203,64
2026-05-13 19:20:00+00:00,88.44000244140625,88.44000244140625,88.43000030517578,88.44000244140625,17
2026-05-13 19:21:00+00:00,88.4800033569336,88.4800033569336,88.44499969482422,88.44499969482422,6
2026-05-13 19:22:00+00:00,88.5,88.50499725341797,88.44499969482422,88.48500061035156,5
2026-05-13 19:23:00+00:00,88.46499633789062,88.5250015258789,88.46499633789062,88.5250015258789,7
2026-05-13 19:24:00+00:00,88.42500305175781,88.44000244140625,88.4000015258789,88.41999816894531,7
2026-05-13 19:25:00+00:00,88.43499755859375,88.45500183105469,88.40499877929688,88.41000366210938,8
2026-05-13 19:26:00+00:00,88.46499633789062,88.46499633789062,88.44000244140625,88.46499633789062,3
2026-05-13 19:27:00+00:00,88.48999786376953,88.50499725341797,88.44999694824219,88.45999908447266,26
2026-05-13 19:28:00+00:00,88.44999694824219,88.4749984741211,88.44999694824219,88.47000122070312,4
2026-05-13 19:29:00+00:00,88.46499633789062,88.48999786376953,88.44499969482422,88.47000122070312,8
2026-05-13 19:30:00+00:00,88.45999908447266,88.4800033569336,88.45999908447266,88.4800033569336,5
2026-05-13 19:31:00+00:00,88.42500305175781,88.48999786376953,88.42500305175781,88.4800033569336,17
2026-05-13 19:32:00+00:00,88.41999816894531,88.49500274658203,88.41999816894531,88.44000244140625,16
2026-05-13 19:33:00+00:00,88.33999633789062,88.38500213623047,88.33999633789062,88.38500213623047,5
2026-05-13 19:34:00+00:00,88.36499786376953,88.36499786376953,88.30500030517578,88.33499908447266,20
2026-05-13 19:35:00+00:00,88.37000274658203,88.37000274658203,88.30999755859375,88.32499694824219,6
2026-05-13 19:36:00+00:00,88.37000274658203,88.37000274658203,88.34500122070312,88.36000061035156,9
2026-05-13 19:37:00+00:00,88.3949966430664,88.3949966430664,88.37000274658203,88.37000274658203,13
2026-05-13 19:39:00+00:00,88.4749984741211,88.51000213623047,88.4000015258789,88.4000015258789,73
2026-05-13 19:40:00+00:00,88.45500183105469,88.4800033569336,88.43000030517578,88.4800033569336,10
2026-05-13 19:41:00+00:00,88.45999908447266,88.45999908447266,88.43000030517578,88.44999694824219,7
2026-05-13 19:42:00+00:00,88.4000015258789,88.41999816894531,88.4000015258789,88.41999816894531,6
2026-05-13 19:44:00+00:00,88.44000244140625,88.44000244140625,88.4000015258789,88.4000015258789,2
2026-05-13 19:45:00+00:00,88.4000015258789,88.41500091552734,88.3949966430664,88.41500091552734,7
2026-05-13 19:46:00+00:00,88.43000030517578,88.45500183105469,88.41999816894531,88.41999816894531,4
2026-05-13 19:47:00+00:00,88.41999816894531,88.46499633789062,88.41999816894531,88.46499633789062,15
2026-05-13 19:48:00+00:00,88.4749984741211,88.4749984741211,88.43499755859375,88.44000244140625,22
2026-05-13 19:49:00+00:00,88.42500305175781,88.45999908447266,88.42500305175781,88.45999908447266,13
2026-05-13 19:50:00+00:00,88.32499694824219,88.4000015258789,88.28500366210938,88.375,72
2026-05-13 19:51:00+00:00,88.36000061035156,88.37999725341797,88.33000183105469,88.33000183105469,18
2026-05-13 19:52:00+00:00,88.34500122070312,88.3949966430664,88.34500122070312,88.3949966430664,6
2026-05-13 19:53:00+00:00,88.31999969482422,88.33999633789062,88.2699966430664,88.33999633789062,23
2026-05-13 19:54:00+00:00,88.32499694824219,88.3499984741211,88.32499694824219,88.34500122070312,5
2026-05-13 19:55:00+00:00,88.34500122070312,88.36499786376953,88.34500122070312,88.36499786376953,2
2026-05-13 19:56:00+00:00,88.27999877929688,88.3499984741211,88.26499938964844,88.34500122070312,63
2026-05-13 19:57:00+00:00,88.34500122070312,88.3499984741211,88.2699966430664,88.30500030517578,23
2026-05-13 19:58:00+00:00,88.37000274658203,88.37000274658203,88.30999755859375,88.33499908447266,15
2026-05-13 19:59:00+00:00,88.31500244140625,88.36499786376953,88.31500244140625,88.3550033569336,28
2026-05-13 20:00:00+00:00,88.27999877929688,88.33000183105469,88.17500305175781,88.31500244140625,99
2026-05-13 20:01:00+00:00,88.24500274658203,88.27999877929688,88.23999786376953,88.27999877929688,12
2026-05-13 20:02:00+00:00,88.18499755859375,88.2300033569336,88.18499755859375,88.2300033569336,10
2026-05-13 20:03:00+00:00,88.1500015258789,88.17500305175781,88.13999938964844,88.17500305175781,28
2026-05-13 20:04:00+00:00,88.13500213623047,88.18000030517578,88.13500213623047,88.16000366210938,20
2026-05-13 20:05:00+00:00,88.16500091552734,88.17500305175781,88.13999938964844,88.17500305175781,22
2026-05-13 20:06:00+00:00,88.21499633789062,88.22000122070312,88.1500015258789,88.18499755859375,54
2026-05-13 20:07:00+00:00,88.19000244140625,88.23500061035156,88.1500015258789,88.2300033569336,14
2026-05-13 20:08:00+00:00,88.26499938964844,88.26499938964844,88.22000122070312,88.22000122070312,11
2026-05-13 20:09:00+00:00,88.31500244140625,88.31500244140625,88.25499725341797,88.25499725341797,34
2026-05-13 20:10:00+00:00,88.3499984741211,88.3499984741211,88.32499694824219,88.32499694824219,7
2026-05-13 20:11:00+00:00,88.31999969482422,88.34500122070312,88.31999969482422,88.34500122070312,8
2026-05-13 20:12:00+00:00,88.2750015258789,88.2750015258789,88.2750015258789,88.2750015258789,1
2026-05-13 20:13:00+00:00,88.27999877929688,88.27999877929688,88.27999877929688,88.27999877929688,1
2026-05-13 20:15:00+00:00,88.26499938964844,88.29000091552734,88.26499938964844,88.29000091552734,3
2026-05-13 20:16:00+00:00,88.29499816894531,88.29499816894531,88.2750015258789,88.2750015258789,2
2026-05-13 20:17:00+00:00,88.26499938964844,88.29000091552734,88.26499938964844,88.29000091552734,3
2026-05-13 20:18:00+00:00,88.26000213623047,88.27999877929688,88.26000213623047,88.2699966430664,4
2026-05-13 20:20:00+00:00,88.29499816894531,88.29499816894531,88.29499816894531,88.29499816894531,1
2026-05-13 20:21:00+00:00,88.37000274658203,88.37000274658203,88.30000305175781,88.32499694824219,28
2026-05-13 20:22:00+00:00,88.37000274658203,88.37000274658203,88.37000274658203,88.37000274658203,2
2026-05-13 20:23:00+00:00,88.375,88.375,88.36000061035156,88.36000061035156,5
2026-05-13 20:24:00+00:00,88.41999816894531,88.41999816894531,88.375,88.375,17
2026-05-13 20:25:00+00:00,88.41999816894531,88.43499755859375,88.4000015258789,88.41500091552734,15
2026-05-13 20:26:00+00:00,88.41000366210938,88.41000366210938,88.41000366210938,88.41000366210938,1
2026-05-13 20:27:00+00:00,88.44000244140625,88.45999908447266,88.44000244140625,88.44000244140625,13
2026-05-13 20:28:00+00:00,88.3550033569336,88.38500213623047,88.3499984741211,88.37000274658203,15
2026-05-13 20:29:00+00:00,88.30500030517578,88.36000061035156,88.30000305175781,88.36000061035156,21
2026-05-13 20:30:00+00:00,88.3499984741211,88.3499984741211,88.31500244140625,88.31999969482422,9
2026-05-13 20:31:00+00:00,88.30500030517578,88.33499908447266,88.30500030517578,88.33499908447266,4
2026-05-13 20:32:00+00:00,88.26000213623047,88.2750015258789,88.26000213623047,88.2750015258789,5
2026-05-13 20:33:00+00:00,88.12999725341797,88.24500274658203,88.12999725341797,88.24500274658203,47
2026-05-13 20:34:00+00:00,88.13999938964844,88.19499969482422,88.125,88.13500213623047,19
2026-05-13 20:35:00+00:00,88.13500213623047,88.13500213623047,88.11000061035156,88.12999725341797,17
2026-05-13 20:36:00+00:00,88.16500091552734,88.16500091552734,88.16500091552734,88.16500091552734,2
2026-05-13 20:37:00+00:00,88.19000244140625,88.19499969482422,88.1449966430664,88.1449966430664,21
2026-05-13 20:38:00+00:00,88.22000122070312,88.22000122070312,88.19499969482422,88.19499969482422,2
2026-05-13 20:39:00+00:00,88.2249984741211,88.2249984741211,88.2249984741211,88.2249984741211,2
2026-05-13 20:40:00+00:00,88.25499725341797,88.25499725341797,88.22000122070312,88.22000122070312,2
2026-05-13 20:41:00+00:00,88.2300033569336,88.2300033569336,88.22000122070312,88.2249984741211,4
2026-05-13 20:42:00+00:00,88.19000244140625,88.2249984741211,88.19000244140625,88.2249984741211,3
2026-05-13 20:43:00+00:00,88.2249984741211,88.23999786376953,88.19999694824219,88.19999694824219,6
2026-05-13 20:44:00+00:00,88.2300033569336,88.23999786376953,88.21499633789062,88.21499633789062,3
2026-05-13 20:45:00+00:00,88.26499938964844,88.26499938964844,88.26499938964844,88.26499938964844,2
2026-05-13 20:46:00+00:00,88.19000244140625,88.19499969482422,88.18499755859375,88.19499969482422,5
2026-05-13 20:48:00+00:00,88.21499633789062,88.21499633789062,88.16999816894531,88.16999816894531,3
2026-05-13 20:49:00+00:00,88.18000030517578,88.19999694824219,88.18000030517578,88.18499755859375,3
2026-05-13 20:50:00+00:00,88.13500213623047,88.18000030517578,88.11000061035156,88.15499877929688,30
2026-05-13 20:51:00+00:00,88.12000274658203,88.13500213623047,88.12000274658203,88.13500213623047,8
2026-05-13 20:52:00+00:00,88.16999816894531,88.17500305175781,88.1449966430664,88.1449966430664,15
2026-05-13 20:53:00+00:00,88.1050033569336,88.16999816894531,88.09500122070312,88.16999816894531,20
2026-05-13 20:54:00+00:00,88.12999725341797,88.12999725341797,88.09500122070312,88.0999984741211,3
2026-05-13 20:55:00+00:00,88.07499694824219,88.13999938964844,88.07499694824219,88.13999938964844,21
2026-05-13 20:56:00+00:00,88.13999938964844,88.13999938964844,88.11000061035156,88.13999938964844,5
2026-05-13 20:57:00+00:00,88.16500091552734,88.16500091552734,88.12999725341797,88.12999725341797,2
2026-05-13 20:58:00+00:00,88.11499786376953,88.1500015258789,88.11499786376953,88.1500015258789,11
2026-05-13 20:59:00+00:00,88.15499877929688,88.17500305175781,88.13999938964844,88.13999938964844,7
2026-05-13 22:00:00+00:00,88.30500030517578,88.34500122070312,88.125,88.125,0
2026-05-13 22:01:00+00:00,88.22000122070312,88.41500091552734,88.22000122070312,88.32499694824219,35
2026-05-13 22:02:00+00:00,88.31999969482422,88.38500213623047,88.2300033569336,88.26000213623047,16
2026-05-13 22:03:00+00:00,88.30999755859375,88.32499694824219,88.30000305175781,88.30000305175781,6
2026-05-13 22:04:00+00:00,88.34500122070312,88.36000061035156,88.31999969482422,88.31999969482422,5
2026-05-13 22:05:00+00:00,88.3550033569336,88.3550033569336,88.31500244140625,88.31500244140625,4
2026-05-13 22:06:00+00:00,88.36499786376953,88.36499786376953,88.3550033569336,88.36000061035156,11
2026-05-13 22:07:00+00:00,88.33499908447266,88.36499786376953,88.33499908447266,88.34500122070312,10
2026-05-13 22:08:00+00:00,88.30000305175781,88.31999969482422,88.30000305175781,88.31999969482422,2
2026-05-13 22:09:00+00:00,88.25499725341797,88.26499938964844,88.2300033569336,88.26499938964844,9
2026-05-13 22:11:00+00:00,88.25499725341797,88.25499725341797,88.22000122070312,88.22000122070312,2
2026-05-13 22:14:00+00:00,88.30000305175781,88.30500030517578,88.26000213623047,88.26000213623047,10
2026-05-13 22:15:00+00:00,88.31500244140625,88.31500244140625,88.30000305175781,88.30500030517578,3
2026-05-13 22:16:00+00:00,88.48999786376953,88.48999786376953,88.33499908447266,88.33499908447266,31
2026-05-13 22:17:00+00:00,88.44499969482422,88.49500274658203,88.44499969482422,88.48500061035156,9
2026-05-13 22:18:00+00:00,88.3949966430664,88.41500091552734,88.38500213623047,88.41500091552734,6
2026-05-13 22:19:00+00:00,88.43499755859375,88.45999908447266,88.4000015258789,88.41000366210938,10
2026-05-13 22:20:00+00:00,88.41999816894531,88.45999908447266,88.41999816894531,88.45500183105469,10
2026-05-13 22:22:00+00:00,88.45999908447266,88.45999908447266,88.41000366210938,88.41000366210938,10
2026-05-13 22:23:00+00:00,88.43499755859375,88.45500183105469,88.43499755859375,88.44499969482422,5
2026-05-13 22:24:00+00:00,88.47000122070312,88.47000122070312,88.44999694824219,88.44999694824219,3
2026-05-13 22:25:00+00:00,88.47000122070312,88.4800033569336,88.42500305175781,88.42500305175781,9
2026-05-13 22:26:00+00:00,88.52999877929688,88.56500244140625,88.4749984741211,88.4749984741211,60
2026-05-13 22:27:00+00:00,88.4749984741211,88.4800033569336,88.4749984741211,88.4800033569336,2
2026-05-13 22:28:00+00:00,88.45999908447266,88.48500061035156,88.42500305175781,88.42500305175781,20
2026-05-13 22:29:00+00:00,88.45999908447266,88.45999908447266,88.44000244140625,88.44999694824219,7
2026-05-13 22:30:00+00:00,88.50499725341797,88.51000213623047,88.4800033569336,88.4800033569336,8
2026-05-13 22:31:00+00:00,88.44999694824219,88.48999786376953,88.44999694824219,88.48999786376953,7
2026-05-13 22:32:00+00:00,88.45999908447266,88.45999908447266,88.41500091552734,88.41500091552734,3
2026-05-13 22:35:00+00:00,88.4800033569336,88.4800033569336,88.4800033569336,88.4800033569336,1
2026-05-13 22:36:00+00:00,88.48999786376953,88.48999786376953,88.48999786376953,88.48999786376953,1
2026-05-13 22:37:00+00:00,88.4749984741211,88.4749984741211,88.4749984741211,88.4749984741211,1
2026-05-13 22:38:00+00:00,88.48500061035156,88.51000213623047,88.48500061035156,88.50499725341797,4
2026-05-13 22:39:00+00:00,88.51499938964844,88.51499938964844,88.5,88.51000213623047,3
2026-05-13 22:40:00+00:00,88.5199966430664,88.5250015258789,88.51499938964844,88.5199966430664,5
2026-05-13 22:41:00+00:00,88.56999969482422,88.56999969482422,88.53500366210938,88.53500366210938,11
2026-05-13 22:42:00+00:00,88.58999633789062,88.58999633789062,88.55000305175781,88.55000305175781,11
2026-05-13 22:43:00+00:00,88.6050033569336,88.6050033569336,88.58999633789062,88.5999984741211,6
2026-05-13 22:44:00+00:00,88.625,88.63500213623047,88.5999984741211,88.5999984741211,7
2026-05-13 22:45:00+00:00,88.6050033569336,88.6050033569336,88.6050033569336,88.6050033569336,1
2026-05-13 22:47:00+00:00,88.55000305175781,88.58499908447266,88.54000091552734,88.56999969482422,95
2026-05-13 22:48:00+00:00,88.51000213623047,88.51000213623047,88.4800033569336,88.5,12
2026-05-13 22:49:00+00:00,88.5,88.5199966430664,88.5,88.51000213623047,25
2026-05-13 22:50:00+00:00,88.5,88.50499725341797,88.49500274658203,88.49500274658203,9
2026-05-13 22:52:00+00:00,88.55500030517578,88.56999969482422,88.55000305175781,88.55000305175781,27
2026-05-13 22:53:00+00:00,88.54000091552734,88.55000305175781,88.53500366210938,88.55000305175781,5
2026-05-13 22:54:00+00:00,88.54499816894531,88.55000305175781,88.53500366210938,88.53500366210938,9
2026-05-13 22:55:00+00:00,88.55000305175781,88.55000305175781,88.55000305175781,88.55000305175781,1
2026-05-13 22:56:00+00:00,88.5250015258789,88.55999755859375,88.5250015258789,88.55500030517578,7
2026-05-13 22:57:00+00:00,88.53500366210938,88.54499816894531,88.50499725341797,88.51000213623047,16
2026-05-13 22:58:00+00:00,88.5250015258789,88.5250015258789,88.5250015258789,88.5250015258789,1
2026-05-13 22:59:00+00:00,88.51499938964844,88.54000091552734,88.5,88.5,14
2026-05-13 23:00:00+00:00,88.55500030517578,88.55500030517578,88.53500366210938,88.53500366210938,3
2026-05-13 23:01:00+00:00,88.57499694824219,88.57499694824219,88.56500244140625,88.56500244140625,45
2026-05-13 23:02:00+00:00,88.56500244140625,88.58499908447266,88.56500244140625,88.58499908447266,4
2026-05-13 23:03:00+00:00,88.49500274658203,88.58999633789062,88.4800033569336,88.58999633789062,30
2026-05-13 23:04:00+00:00,88.41500091552734,88.45500183105469,88.40499877929688,88.45500183105469,15
2026-05-13 23:05:00+00:00,88.47000122070312,88.4749984741211,88.40499877929688,88.40499877929688,13
2026-05-13 23:06:00+00:00,88.5250015258789,88.5250015258789,88.48999786376953,88.48999786376953,9
2026-05-13 23:07:00+00:00,88.5199966430664,88.5199966430664,88.5199966430664,88.5199966430664,1
2026-05-13 23:08:00+00:00,88.5250015258789,88.56999969482422,88.5250015258789,88.54000091552734,8
2026-05-13 23:10:00+00:00,88.5250015258789,88.54000091552734,88.5250015258789,88.5250015258789,4
2026-05-13 23:11:00+00:00,88.58499908447266,88.58499908447266,88.53500366210938,88.53500366210938,11
2026-05-13 23:13:00+00:00,88.57499694824219,88.57499694824219,88.57499694824219,88.57499694824219,1
2026-05-13 23:14:00+00:00,88.55500030517578,88.58499908447266,88.55500030517578,88.58499908447266,3
2026-05-13 23:15:00+00:00,88.55500030517578,88.55500030517578,88.55500030517578,88.55500030517578,2
2026-05-13 23:17:00+00:00,88.5,88.55999755859375,88.5,88.55999755859375,7
2026-05-13 23:18:00+00:00,88.50499725341797,88.50499725341797,88.4800033569336,88.4800033569336,5
2026-05-13 23:19:00+00:00,88.4749984741211,88.4749984741211,88.4749984741211,88.4749984741211,1
2026-05-13 23:20:00+00:00,88.46499633789062,88.46499633789062,88.46499633789062,88.46499633789062,1
2026-05-13 23:22:00+00:00,88.45999908447266,88.45999908447266,88.45999908447266,88.45999908447266,1
2026-05-13 23:23:00+00:00,88.44000244140625,88.44000244140625,88.44000244140625,88.44000244140625,1
2026-05-13 23:24:00+00:00,88.36000061035156,88.43499755859375,88.36000061035156,88.43499755859375,17
2026-05-13 23:25:00+00:00,88.30000305175781,88.36000061035156,88.30000305175781,88.36000061035156,11
2026-05-13 23:26:00+00:00,88.2699966430664,88.33499908447266,88.2300033569336,88.33499908447266,21
2026-05-13 23:27:00+00:00,88.29499816894531,88.30000305175781,88.26499938964844,88.30000305175781,7
2026-05-13 23:28:00+00:00,88.32499694824219,88.32499694824219,88.31500244140625,88.31999969482422,3
2026-05-13 23:29:00+00:00,88.3499984741211,88.37999725341797,88.31500244140625,88.31500244140625,16
2026-05-13 23:30:00+00:00,88.32499694824219,88.34500122070312,88.31999969482422,88.34500122070312,5
2026-05-13 23:31:00+00:00,88.33499908447266,88.33499908447266,88.29000091552734,88.30500030517578,3
2026-05-13 23:33:00+00:00,88.33000183105469,88.33999633789062,88.33000183105469,88.33499908447266,6
2026-05-13 23:34:00+00:00,88.33999633789062,88.33999633789062,88.29000091552734,88.31500244140625,9
2026-05-13 23:36:00+00:00,88.43499755859375,88.44499969482422,88.33499908447266,88.3499984741211,35
2026-05-13 23:37:00+00:00,88.30999755859375,88.3949966430664,88.30999755859375,88.3949966430664,8
2026-05-13 23:38:00+00:00,88.375,88.38999938964844,88.33499908447266,88.33999633789062,12
2026-05-13 23:39:00+00:00,88.34500122070312,88.34500122070312,88.34500122070312,88.34500122070312,1
2026-05-13 23:40:00+00:00,88.3550033569336,88.3550033569336,88.3550033569336,88.3550033569336,1
2026-05-13 23:41:00+00:00,88.3550033569336,88.3550033569336,88.28500366210938,88.32499694824219,10
2026-05-13 23:42:00+00:00,88.3550033569336,88.3550033569336,88.3550033569336,88.3550033569336,2
2026-05-13 23:43:00+00:00,88.32499694824219,88.3499984741211,88.32499694824219,88.3499984741211,3
2026-05-13 23:44:00+00:00,88.29499816894531,88.3499984741211,88.29499816894531,88.3499984741211,5
2026-05-13 23:45:00+00:00,88.17500305175781,88.33999633789062,88.125,88.33999633789062,48
2026-05-13 23:46:00+00:00,88.22000122070312,88.22000122070312,88.16999816894531,88.17500305175781,16
2026-05-13 23:47:00+00:00,88.29499816894531,88.29499816894531,88.20999908447266,88.20999908447266,18
2026-05-13 23:48:00+00:00,88.23999786376953,88.28500366210938,88.23999786376953,88.28500366210938,5
2026-05-13 23:49:00+00:00,88.2249984741211,88.2249984741211,88.2249984741211,88.2249984741211,1
2026-05-13 23:50:00+00:00,88.23999786376953,88.25,88.19999694824219,88.19999694824219,6
2026-05-13 23:51:00+00:00,88.19999694824219,88.25499725341797,88.19499969482422,88.25499725341797,13
2026-05-13 23:52:00+00:00,88.16999816894531,88.16999816894531,88.0999984741211,88.16500091552734,33
2026-05-13 23:53:00+00:00,88.20500183105469,88.20500183105469,88.16999816894531,88.16999816894531,3
2026-05-13 23:54:00+00:00,88.23999786376953,88.2750015258789,88.20500183105469,88.21499633789062,30
2026-05-13 23:55:00+00:00,88.33499908447266,88.3550033569336,88.26499938964844,88.26499938964844,31
2026-05-13 23:56:00+00:00,88.3550033569336,88.3550033569336,88.3550033569336,88.3550033569336,1
2026-05-13 23:57:00+00:00,88.40499877929688,88.40499877929688,88.36499786376953,88.36499786376953,14
2026-05-13 23:58:00+00:00,88.4000015258789,88.41000366210938,88.3949966430664,88.41000366210938,8
2026-05-13 23:59:00+00:00,88.41500091552734,88.41999816894531,88.38999938964844,88.38999938964844,5
2026-05-14 00:00:00+00:00,88.51499938964844,88.51499938964844,88.4000015258789,88.4000015258789,47
2026-05-14 00:01:00+00:00,88.46499633789062,88.54000091552734,88.44000244140625,88.54000091552734,9
2026-05-14 00:02:00+00:00,88.41000366210938,88.45500183105469,88.41000366210938,88.41999816894531,5
2026-05-14 00:03:00+00:00,88.06500244140625,88.38500213623047,88.06500244140625,88.38500213623047,87
2026-05-14 00:04:00+00:00,88.21499633789062,88.26000213623047,88.1050033569336,88.12000274658203,34
2026-05-14 00:05:00+00:00,88.27999877929688,88.30500030517578,88.26499938964844,88.2699966430664,19
2026-05-14 00:06:00+00:00,88.31999969482422,88.3949966430664,88.27999877929688,88.27999877929688,31
2026-05-14 00:07:00+00:00,88.1449966430664,88.25,88.06999969482422,88.25,53
2026-05-14 00:08:00+00:00,88.0999984741211,88.1500015258789,88.08999633789062,88.1449966430664,10
2026-05-14 00:09:00+00:00,88.3550033569336,88.38999938964844,88.16000366210938,88.19000244140625,101
2026-05-14 00:10:00+00:00,88.30999755859375,88.37999725341797,88.26499938964844,88.37999725341797,58
2026-05-14 00:11:00+00:00,88.31500244140625,88.3499984741211,88.2699966430664,88.29000091552734,9
2026-05-14 00:12:00+00:00,88.41000366210938,88.41000366210938,88.3550033569336,88.3550033569336,10
2026-05-14 00:13:00+00:00,88.38500213623047,88.55999755859375,88.36499786376953,88.44999694824219,132
2026-05-14 00:14:00+00:00,88.45500183105469,88.46499633789062,88.375,88.375,12
2026-05-14 00:15:00+00:00,88.51499938964844,88.56999969482422,88.48500061035156,88.48500061035156,21
2026-05-14 00:16:00+00:00,88.54000091552734,88.54000091552734,88.53500366210938,88.54000091552734,3
2026-05-14 00:17:00+00:00,88.62000274658203,88.70999908447266,88.55000305175781,88.55000305175781,54
2026-05-14 00:18:00+00:00,88.55000305175781,88.62000274658203,88.55000305175781,88.62000274658203,19
2026-05-14 00:19:00+00:00,88.26000213623047,88.5199966430664,88.23500061035156,88.5199966430664,85
2026-05-14 00:20:00+00:00,88.29499816894531,88.36499786376953,88.26499938964844,88.32499694824219,34
2026-05-14 00:21:00+00:00,88.33000183105469,88.33000183105469,88.23999786376953,88.30000305175781,8
2026-05-14 00:22:00+00:00,88.26000213623047,88.30500030517578,88.26000213623047,88.30500030517578,6
2026-05-14 00:23:00+00:00,88.29499816894531,88.29499816894531,88.29000091552734,88.29000091552734,2
2026-05-14 00:24:00+00:00,88.33000183105469,88.33000183105469,88.29000091552734,88.30000305175781,7
2026-05-14 00:25:00+00:00,88.19499969482422,88.25,88.16000366210938,88.25,13
2026-05-14 00:26:00+00:00,88.18499755859375,88.19000244140625,88.1500015258789,88.1500015258789,4
2026-05-14 00:27:00+00:00,88.19499969482422,88.24500274658203,88.17500305175781,88.18000030517578,24
2026-05-14 00:28:00+00:00,88.1449966430664,88.20500183105469,88.12999725341797,88.16500091552734,13
2026-05-14 00:29:00+00:00,88.2249984741211,88.2300033569336,88.125,88.1500015258789,15
2026-05-14 00:30:00+00:00,88.33499908447266,88.33499908447266,88.2249984741211,88.2249984741211,13
2026-05-14 00:31:00+00:00,88.30000305175781,88.3550033569336,88.30000305175781,88.33999633789062,6
2026-05-14 00:32:00+00:00,88.16500091552734,88.24500274658203,88.16500091552734,88.24500274658203,6
2026-05-14 00:33:00+00:00,88.18000030517578,88.18499755859375,88.1449966430664,88.1449966430664,8
2026-05-14 00:34:00+00:00,88.11000061035156,88.16500091552734,88.11000061035156,88.16500091552734,11
2026-05-14 00:35:00+00:00,88.11499786376953,88.12999725341797,88.02999877929688,88.0999984741211,34
2026-05-14 00:36:00+00:00,88.1449966430664,88.19000244140625,88.13999938964844,88.13999938964844,11
2026-05-14 00:37:00+00:00,88.1050033569336,88.13999938964844,88.08000183105469,88.13999938964844,8
2026-05-14 00:38:00+00:00,88.125,88.125,88.125,88.125,1
2026-05-14 00:39:00+00:00,88.16999816894531,88.16999816894531,88.16000366210938,88.16000366210938,3
2026-05-14 00:40:00+00:00,88.12999725341797,88.19499969482422,88.12999725341797,88.19499969482422,9
2026-05-14 00:42:00+00:00,88.19000244140625,88.20500183105469,88.125,88.125,66
2026-05-14 00:43:00+00:00,88.23500061035156,88.23500061035156,88.19999694824219,88.19999694824219,8
2026-05-14 00:44:00+00:00,88.37000274658203,88.37999725341797,88.26499938964844,88.26499938964844,66
2026-05-14 00:45:00+00:00,88.42500305175781,88.42500305175781,88.36499786376953,88.38999938964844,31
2026-05-14 00:46:00+00:00,88.42500305175781,88.51000213623047,88.41000366210938,88.41999816894531,80
2026-05-14 00:47:00+00:00,88.55500030517578,88.56500244140625,88.26000213623047,88.41000366210938,134
2026-05-14 00:48:00+00:00,88.57499694824219,88.58999633789062,88.5250015258789,88.54000091552734,20
2026-05-14 00:49:00+00:00,88.66500091552734,88.69999694824219,88.57499694824219,88.58499908447266,26
2026-05-14 00:50:00+00:00,88.49500274658203,88.65499877929688,88.41500091552734,88.65499877929688,70
2026-05-14 00:51:00+00:00,88.38999938964844,88.55500030517578,88.36499786376953,88.49500274658203,102
2026-05-14 00:52:00+00:00,88.44999694824219,88.44999694824219,88.40499877929688,88.40499877929688,7
2026-05-14 00:53:00+00:00,88.51000213623047,88.51000213623047,88.41999816894531,88.42500305175781,32
2026-05-14 00:54:00+00:00,88.5,88.5250015258789,88.4800033569336,88.5,37
2026-05-14 00:55:00+00:00,88.58000183105469,88.58000183105469,88.45500183105469,88.5,139
2026-05-14 00:56:00+00:00,88.56999969482422,88.61499786376953,88.56500244140625,88.58000183105469,16
2026-05-14 00:57:00+00:00,88.58000183105469,88.58999633789062,88.51000213623047,88.58000183105469,77
2026-05-14 00:58:00+00:00,88.66999816894531,88.66999816894531,88.58499908447266,88.58499908447266,20
2026-05-14 00:59:00+00:00,88.74500274658203,88.81999969482422,88.66999816894531,88.66999816894531,126
2026-05-14 01:00:00+00:00,89.06999969482422,89.13500213623047,88.73500061035156,88.75,363
2026-05-14 01:01:00+00:00,89.11499786376953,89.1500015258789,88.9749984741211,89.06500244140625,86
2026-05-14 01:02:00+00:00,88.96499633789062,89.16500091552734,88.96499633789062,89.08000183105469,89
2026-05-14 01:03:00+00:00,88.57499694824219,88.94999694824219,88.48999786376953,88.94999694824219,223
2026-05-14 01:04:00+00:00,88.66500091552734,88.69499969482422,88.3499984741211,88.58999633789062,140
2026-05-14 01:05:00+00:00,88.27999877929688,88.62000274658203,88.27999877929688,88.62000274658203,54
2026-05-14 01:06:00+00:00,88.08999633789062,88.36499786376953,88.01499938964844,88.36000061035156,123
2026-05-14 01:07:00+00:00,88.125,88.29499816894531,87.94499969482422,88.03500366210938,123
2026-05-14 01:08:00+00:00,88.08000183105469,88.36499786376953,87.9800033569336,88.12999725341797,140
2026-05-14 01:09:00+00:00,88.15499877929688,88.3499984741211,88.125,88.125,68
2026-05-14 01:10:00+00:00,88.19499969482422,88.31500244140625,88.15499877929688,88.2249984741211,49
2026-05-14 01:11:00+00:00,88.30000305175781,88.4000015258789,88.22000122070312,88.26499938964844,25
2026-05-14 01:12:00+00:00,88.30000305175781,88.38500213623047,88.26499938964844,88.3499984741211,16
2026-05-14 01:13:00+00:00,87.79499816894531,88.23500061035156,87.62999725341797,88.23500061035156,289
2026-05-14 01:14:00+00:00,87.91000366210938,87.95999908447266,87.68499755859375,87.82499694824219,107
2026-05-14 01:15:00+00:00,88.03500366210938,88.05000305175781,87.81500244140625,87.8499984741211,80
2026-05-14 01:16:00+00:00,88.04000091552734,88.06500244140625,87.8949966430664,88.04000091552734,25
2026-05-14 01:17:00+00:00,88.125,88.16000366210938,88.01000213623047,88.04000091552734,37
2026-05-14 01:18:00+00:00,88.0,88.1500015258789,88.0,88.13999938964844,25
2026-05-14 01:19:00+00:00,87.7750015258789,87.87999725341797,87.68000030517578,87.87999725341797,71
2026-05-14 01:20:00+00:00,88.0199966430664,88.05500030517578,87.7750015258789,87.7750015258789,23
2026-05-14 01:21:00+00:00,88.11000061035156,88.12000274658203,87.99500274658203,88.01499938964844,50
2026-05-14 01:22:00+00:00,88.19999694824219,88.19999694824219,88.04000091552734,88.13500213623047,63
2026-05-14 01:23:00+00:00,88.18499755859375,88.23999786376953,88.13500213623047,88.13500213623047,33
2026-05-14 01:24:00+00:00,88.2300033569336,88.30000305175781,88.19000244140625,88.21499633789062,18
2026-05-14 01:25:00+00:00,88.25,88.31999969482422,88.2300033569336,88.2750015258789,19
2026-05-14 01:26:00+00:00,88.24500274658203,88.26000213623047,88.18000030517578,88.20999908447266,11
2026-05-14 01:27:00+00:00,88.25499725341797,88.26499938964844,88.17500305175781,88.20500183105469,14
2026-05-14 01:28:00+00:00,88.33000183105469,88.37000274658203,88.30000305175781,88.30000305175781,33
2026-05-14 01:29:00+00:00,88.28500366210938,88.32499694824219,88.25,88.32499694824219,11
2026-05-14 01:30:00+00:00,88.19499969482422,88.23500061035156,88.13999938964844,88.19499969482422,21
2026-05-14 01:31:00+00:00,88.0999984741211,88.23999786376953,88.05000305175781,88.23500061035156,36
2026-05-14 01:32:00+00:00,88.125,88.16500091552734,88.04499816894531,88.06999969482422,11
2026-05-14 01:33:00+00:00,88.08499908447266,88.16999816894531,88.07499694824219,88.16500091552734,6
2026-05-14 01:34:00+00:00,88.125,88.125,87.99500274658203,88.05000305175781,16
2026-05-14 01:35:00+00:00,88.0250015258789,88.20500183105469,87.99500274658203,88.16500091552734,44
2026-05-14 01:36:00+00:00,88.05999755859375,88.125,88.0199966430664,88.0999984741211,21
2026-05-14 01:37:00+00:00,88.06500244140625,88.13500213623047,88.02999877929688,88.13500213623047,11
2026-05-14 01:38:00+00:00,87.96499633789062,88.0199966430664,87.87000274658203,88.0199966430664,33
2026-05-14 01:39:00+00:00,88.03500366210938,88.04499816894531,87.9800033569336,87.9800033569336,10
2026-05-14 01:40:00+00:00,87.93000030517578,87.94999694824219,87.91999816894531,87.93000030517578,15
2026-05-14 01:41:00+00:00,87.9000015258789,87.93000030517578,87.86499786376953,87.88500213623047,19
2026-05-14 01:42:00+00:00,87.875,87.9000015258789,87.7750015258789,87.9000015258789,22
2026-05-14 01:43:00+00:00,88.01000213623047,88.01499938964844,87.875,87.875,22
2026-05-14 01:44:00+00:00,88.00499725341797,88.03500366210938,88.00499725341797,88.03500366210938,6
2026-05-14 01:45:00+00:00,88.15499877929688,88.18000030517578,88.03500366210938,88.05000305175781,16
2026-05-14 01:46:00+00:00,87.98999786376953,88.02999877929688,87.9749984741211,88.02999877929688,12
2026-05-14 01:47:00+00:00,88.20999908447266,88.22000122070312,88.05500030517578,88.05500030517578,22
2026-05-14 01:48:00+00:00,88.27999877929688,88.27999877929688,88.23500061035156,88.23500061035156,16
2026-05-14 01:49:00+00:00,88.32499694824219,88.3499984741211,88.26499938964844,88.26499938964844,26
2026-05-14 01:50:00+00:00,88.29000091552734,88.31999969482422,88.27999877929688,88.31999969482422,15
2026-05-14 01:51:00+00:00,88.08000183105469,88.26499938964844,88.08000183105469,88.26499938964844,18
2026-05-14 01:52:00+00:00,87.8550033569336,88.05999755859375,87.82499694824219,88.05999755859375,42
2026-05-14 01:53:00+00:00,88.0199966430664,88.0199966430664,87.91000366210938,87.91000366210938,16
2026-05-14 01:54:00+00:00,87.91000366210938,87.95999908447266,87.91000366210938,87.95999908447266,6
2026-05-14 01:55:00+00:00,87.90499877929688,87.94499969482422,87.83000183105469,87.92500305175781,28
2026-05-14 01:56:00+00:00,87.79499816894531,87.88500213623047,87.7300033569336,87.88500213623047,55
2026-05-14 01:57:00+00:00,87.69000244140625,87.88500213623047,87.66999816894531,87.86499786376953,28
2026-05-14 01:58:00+00:00,87.68499755859375,87.76000213623047,87.63500213623047,87.76000213623047,43
2026-05-14 01:59:00+00:00,87.90499877929688,87.92500305175781,87.69499969482422,87.70999908447266,30
2026-05-14 02:00:00+00:00,87.81500244140625,87.94999694824219,87.81500244140625,87.94999694824219,34
2026-05-14 02:01:00+00:00,87.875,87.8949966430664,87.80000305175781,87.81500244140625,18
2026-05-14 02:02:00+00:00,87.9800033569336,88.01000213623047,87.80999755859375,87.83000183105469,18
2026-05-14 02:03:00+00:00,87.91999816894531,88.06999969482422,87.91999816894531,87.98999786376953,28
2026-05-14 02:04:00+00:00,88.0199966430664,88.0199966430664,87.95500183105469,87.9800033569336,4
2026-05-14 02:05:00+00:00,87.98500061035156,88.05999755859375,87.98500061035156,88.04499816894531,8
2026-05-14 02:06:00+00:00,87.94000244140625,88.05000305175781,87.94000244140625,88.04499816894531,6
2026-05-14 02:07:00+00:00,87.98500061035156,88.01000213623047,87.97000122070312,88.01000213623047,3
2026-05-14 02:08:00+00:00,87.83499908447266,88.00499725341797,87.81500244140625,87.9749984741211,22
2026-05-14 02:09:00+00:00,87.91500091552734,87.91500091552734,87.81999969482422,87.81999969482422,5
2026-05-14 02:10:00+00:00,87.83499908447266,87.87999725341797,87.81500244140625,87.87999725341797,5
2026-05-14 02:11:00+00:00,87.80000305175781,87.86499786376953,87.80000305175781,87.83000183105469,4
2026-05-14 02:12:00+00:00,87.72000122070312,87.80000305175781,87.72000122070312,87.78500366210938,18
2026-05-14 02:13:00+00:00,87.69499969482422,87.7249984741211,87.63999938964844,87.69999694824219,35
2026-05-14 02:14:00+00:00,87.72000122070312,87.74500274658203,87.70500183105469,87.74500274658203,8
2026-05-14 02:15:00+00:00,87.76499938964844,87.78500366210938,87.75499725341797,87.7750015258789,7
2026-05-14 02:16:00+00:00,87.75,87.7750015258789,87.72000122070312,87.75499725341797,11
2026-05-14 02:17:00+00:00,87.8550033569336,87.87999725341797,87.7699966430664,87.7699966430664,21
2026-05-14 02:18:00+00:00,87.80500030517578,87.87000274658203,87.80500030517578,87.87000274658203,75
2026-05-14 02:19:00+00:00,87.83999633789062,87.83999633789062,87.83499908447266,87.83499908447266,2
2026-05-14 02:20:00+00:00,87.86499786376953,87.88500213623047,87.83000183105469,87.87999725341797,8
2026-05-14 02:21:00+00:00,87.81500244140625,87.8550033569336,87.81500244140625,87.8550033569336,4
2026-05-14 02:22:00+00:00,87.86499786376953,87.87999725341797,87.86499786376953,87.875,12
2026-05-14 02:23:00+00:00,87.86000061035156,87.88500213623047,87.86000061035156,87.88500213623047,3
2026-05-14 02:24:00+00:00,87.91999816894531,87.91999816894531,87.79000091552734,87.80500030517578,19
2026-05-14 02:25:00+00:00,88.11499786376953,88.12000274658203,87.92500305175781,87.92500305175781,74
2026-05-14 02:26:00+00:00,88.08999633789062,88.13500213623047,88.04000091552734,88.13500213623047,8
2026-05-14 02:27:00+00:00,88.03500366210938,88.04499816894531,88.0199966430664,88.0199966430664,5
2026-05-14 02:28:00+00:00,88.00499725341797,88.05999755859375,88.00499725341797,88.05999755859375,3
2026-05-14 02:29:00+00:00,88.08499908447266,88.08999633789062,88.08499908447266,88.08999633789062,14
2026-05-14 02:30:00+00:00,88.0199966430664,88.07499694824219,87.90499877929688,88.07499694824219,87
2026-05-14 02:31:00+00:00,88.17500305175781,88.20500183105469,88.04000091552734,88.04000091552734,38
2026-05-14 02:32:00+00:00,88.28500366210938,88.37000274658203,88.16500091552734,88.19499969482422,88
2026-05-14 02:33:00+00:00,88.30000305175781,88.32499694824219,88.26499938964844,88.30500030517578,13
2026-05-14 02:34:00+00:00,88.34500122070312,88.34500122070312,88.2750015258789,88.33000183105469,13
2026-05-14 02:35:00+00:00,88.33999633789062,88.375,88.31999969482422,88.31999969482422,22
2026-05-14 02:36:00+00:00,88.12999725341797,88.31999969482422,88.12999725341797,88.31999969482422,22
2026-05-14 02:37:00+00:00,88.2249984741211,88.2249984741211,88.13999938964844,88.13999938964844,9
2026-05-14 02:38:00+00:00,88.19499969482422,88.25499725341797,88.19499969482422,88.22000122070312,15
2026-05-14 02:39:00+00:00,88.06500244140625,88.18000030517578,88.05999755859375,88.18000030517578,17
2026-05-14 02:40:00+00:00,87.91000366210938,88.11499786376953,87.91000366210938,88.05999755859375,29
2026-05-14 02:41:00+00:00,87.8550033569336,87.91999816894531,87.8499984741211,87.88500213623047,16
2026-05-14 02:42:00+00:00,87.91500091552734,87.91999816894531,87.9000015258789,87.9000015258789,4
2026-05-14 02:43:00+00:00,87.75499725341797,87.93000030517578,87.7249984741211,87.93000030517578,37
2026-05-14 02:44:00+00:00,87.94000244140625,87.94000244140625,87.79000091552734,87.79000091552734,10
2026-05-14 02:45:00+00:00,88.0,88.0,87.8949966430664,87.92500305175781,13
2026-05-14 02:46:00+00:00,87.90499877929688,88.00499725341797,87.90499877929688,87.99500274658203,16
2026-05-14 02:47:00+00:00,87.75499725341797,87.8499984741211,87.70999908447266,87.8499984741211,11
2026-05-14 02:48:00+00:00,87.5199966430664,87.77999877929688,87.44499969482422,87.77999877929688,208
2026-05-14 02:49:00+00:00,87.48999786376953,87.55500030517578,87.375,87.5,87
2026-05-14 02:50:00+00:00,87.52999877929688,87.54000091552734,87.41999816894531,87.54000091552734,36
2026-05-14 02:51:00+00:00,87.56999969482422,87.59500122070312,87.5199966430664,87.55000305175781,36
2026-05-14 02:52:00+00:00,87.61499786376953,87.6500015258789,87.6050033569336,87.6050033569336,18
2026-05-14 02:53:00+00:00,87.54000091552734,87.6050033569336,87.53500366210938,87.6050033569336,9
2026-05-14 02:54:00+00:00,87.7249984741211,87.7249984741211,87.57499694824219,87.58000183105469,22
2026-05-14 02:55:00+00:00,87.61499786376953,87.70500183105469,87.61499786376953,87.69999694824219,21
2026-05-14 02:56:00+00:00,87.66000366210938,87.66000366210938,87.54000091552734,87.625,28
2026-05-14 02:57:00+00:00,87.74500274658203,87.76000213623047,87.69499969482422,87.70500183105469,14
2026-05-14 02:58:00+00:00,87.6500015258789,87.73999786376953,87.6500015258789,87.73999786376953,17
2026-05-14 02:59:00+00:00,87.62999725341797,87.62999725341797,87.57499694824219,87.62999725341797,23
2026-05-14 03:00:00+00:00,87.73999786376953,87.73999786376953,87.625,87.625,8
2026-05-14 03:01:00+00:00,87.76499938964844,87.78500366210938,87.73999786376953,87.73999786376953,10
2026-05-14 03:02:00+00:00,87.88500213623047,87.91000366210938,87.73999786376953,87.75499725341797,73
2026-05-14 03:03:00+00:00,87.86499786376953,87.9000015258789,87.86000061035156,87.86000061035156,23
2026-05-14 03:04:00+00:00,87.7249984741211,87.83000183105469,87.70500183105469,87.83000183105469,37
2026-05-14 03:05:00+00:00,87.68499755859375,87.78500366210938,87.68499755859375,87.78500366210938,8
2026-05-14 03:06:00+00:00,87.58000183105469,87.76000213623047,87.58000183105469,87.76000213623047,56
2026-05-14 03:07:00+00:00,87.4749984741211,87.5999984741211,87.4749984741211,87.58999633789062,48
2026-05-14 03:08:00+00:00,87.37999725341797,87.40499877929688,87.2699966430664,87.40499877929688,160
2026-05-14 03:09:00+00:00,87.3499984741211,87.375,87.29000091552734,87.37000274658203,83
2026-05-14 03:10:00+00:00,87.21499633789062,87.41000366210938,87.19999694824219,87.36000061035156,60
2026-05-14 03:11:00+00:00,87.30500030517578,87.31500244140625,87.20999908447266,87.2249984741211,41
2026-05-14 03:12:00+00:00,87.24500274658203,87.30000305175781,87.19999694824219,87.30000305175781,30
2026-05-14 03:13:00+00:00,87.27999877929688,87.32499694824219,87.24500274658203,87.25,14
2026-05-14 03:14:00+00:00,87.26499938964844,87.30999755859375,87.20500183105469,87.30500030517578,26
2026-05-14 03:15:00+00:00,87.36499786376953,87.40499877929688,87.31500244140625,87.31500244140625,34
2026-05-14 03:16:00+00:00,87.3550033569336,87.41000366210938,87.3550033569336,87.375,7
2026-05-14 03:17:00+00:00,87.36000061035156,87.36000061035156,87.30999755859375,87.3499984741211,14
2026-05-14 03:18:00+00:00,87.30500030517578,87.44499969482422,87.30500030517578,87.37000274658203,23
2026-05-14 03:19:00+00:00,87.16999816894531,87.31999969482422,87.16000366210938,87.2699966430664,21
2026-05-14 03:20:00+00:00,87.24500274658203,87.29000091552734,87.19499969482422,87.19499969482422,20
2026-05-14 03:21:00+00:00,87.16500091552734,87.23500061035156,87.12999725341797,87.23500061035156,53
2026-05-14 03:22:00+00:00,87.31500244140625,87.31500244140625,87.15499877929688,87.15499877929688,34
2026-05-14 03:23:00+00:00,87.46499633789062,87.4749984741211,87.30500030517578,87.31500244140625,48
2026-05-14 03:24:00+00:00,87.45500183105469,87.49500274658203,87.41999816894531,87.45999908447266,26
2026-05-14 03:25:00+00:00,87.41000366210938,87.51499938964844,87.34500122070312,87.46499633789062,44
2026-05-14 03:26:00+00:00,87.54499816894531,87.56999969482422,87.43499755859375,87.43499755859375,37
2026-05-14 03:27:00+00:00,87.6050033569336,87.62999725341797,87.54499816894531,87.54499816894531,19
2026-05-14 03:28:00+00:00,87.66500091552734,87.67500305175781,87.58999633789062,87.6050033569336,76
2026-05-14 03:29:00+00:00,87.66500091552734,87.66999816894531,87.6449966430664,87.66999816894531,22
2026-05-14 03:30:00+00:00,87.51000213623047,87.70999908447266,87.51000213623047,87.69999694824219,76
2026-05-14 03:31:00+00:00,87.48500061035156,87.58999633789062,87.48500061035156,87.52999877929688,18
2026-05-14 03:32:00+00:00,87.44000244140625,87.50499725341797,87.40499877929688,87.48999786376953,26
2026-05-14 03:33:00+00:00,87.46499633789062,87.46499633789062,87.43499755859375,87.44999694824219,3
2026-05-14 03:34:00+00:00,87.4000015258789,87.44999694824219,87.33499908447266,87.44499969482422,23
2026-05-14 03:35:00+00:00,87.5,87.5,87.3949966430664,87.3949966430664,70
2026-05-14 03:36:00+00:00,87.44499969482422,87.51000213623047,87.44499969482422,87.48999786376953,28
2026-05-14 03:37:00+00:00,87.43499755859375,87.46499633789062,87.41000366210938,87.43499755859375,51
2026-05-14 03:38:00+00:00,87.17500305175781,87.43000030517578,87.17500305175781,87.43000030517578,58
2026-05-14 03:39:00+00:00,87.09500122070312,87.19499969482422,87.07499694824219,87.19499969482422,67
2026-05-14 03:40:00+00:00,87.17500305175781,87.17500305175781,87.05000305175781,87.08999633789062,61
2026-05-14 03:41:00+00:00,87.05000305175781,87.17500305175781,86.98999786376953,87.17500305175781,83
2026-05-14 03:42:00+00:00,87.00499725341797,87.12000274658203,86.96499633789062,87.08499908447266,41
2026-05-14 03:43:00+00:00,87.16500091552734,87.18000030517578,87.06500244140625,87.06500244140625,23
2026-05-14 03:44:00+00:00,87.12000274658203,87.15499877929688,87.08999633789062,87.13999938964844,14
2026-05-14 03:45:00+00:00,87.20999908447266,87.21499633789062,87.11499786376953,87.13500213623047,16
2026-05-14 03:46:00+00:00,87.18000030517578,87.21499633789062,87.13500213623047,87.20500183105469,18
2026-05-14 03:47:00+00:00,87.02999877929688,87.23999786376953,87.02999877929688,87.1500015258789,52
2026-05-14 03:48:00+00:00,87.05000305175781,87.05000305175781,86.91000366210938,87.01000213623047,109
2026-05-14 03:49:00+00:00,87.11000061035156,87.12000274658203,87.00499725341797,87.0250015258789,16
2026-05-14 03:50:00+00:00,87.05500030517578,87.12999725341797,87.01000213623047,87.12999725341797,69
2026-05-14 03:51:00+00:00,87.05999755859375,87.08000183105469,87.05500030517578,87.05500030517578,4
2026-05-14 03:53:00+00:00,86.94999694824219,87.05000305175781,86.94000244140625,87.03500366210938,46
2026-05-14 03:54:00+00:00,86.98500061035156,86.98999786376953,86.94499969482422,86.94999694824219,13
2026-05-14 03:55:00+00:00,86.95500183105469,86.97000122070312,86.93499755859375,86.97000122070312,12
2026-05-14 03:56:00+00:00,87.04499816894531,87.08999633789062,86.97000122070312,86.97000122070312,46
2026-05-14 03:57:00+00:00,87.08499908447266,87.11000061035156,87.0,87.01000213623047,16
2026-05-14 03:58:00+00:00,87.0250015258789,87.1050033569336,87.0250015258789,87.1050033569336,15
2026-05-14 04:00:00+00:00,86.87999725341797,86.95500183105469,86.80500030517578,86.95500183105469,52
2026-05-14 04:01:00+00:00,86.90499877929688,86.90499877929688,86.86000061035156,86.87999725341797,10
2026-05-14 04:02:00+00:00,86.9749984741211,86.9749984741211,86.94000244140625,86.94000244140625,21
2026-05-14 04:03:00+00:00,86.91999816894531,86.9800033569336,86.91999816894531,86.91999816894531,13
2026-05-14 04:04:00+00:00,86.83499908447266,86.91999816894531,86.80000305175781,86.91999816894531,33
2026-05-14 04:05:00+00:00,87.02999877929688,87.0999984741211,86.9000015258789,86.9000015258789,52
2026-05-14 04:06:00+00:00,86.98500061035156,87.05000305175781,86.98500061035156,87.0199966430664,3
2026-05-14 04:07:00+00:00,87.1050033569336,87.1050033569336,87.05999755859375,87.05999755859375,11
2026-05-14 04:08:00+00:00,87.13500213623047,87.1500015258789,87.11499786376953,87.11499786376953,23
2026-05-14 04:09:00+00:00,87.18000030517578,87.19999694824219,87.12000274658203,87.12000274658203,9
2026-05-14 04:10:00+00:00,87.16999816894531,87.2300033569336,87.15499877929688,87.16999816894531,43
2026-05-14 04:11:00+00:00,87.13999938964844,87.18499755859375,87.12000274658203,87.18000030517578,7
2026-05-14 04:12:00+00:00,87.19000244140625,87.19999694824219,87.15499877929688,87.16999816894531,20
2026-05-14 04:13:00+00:00,87.24500274658203,87.2699966430664,87.18000030517578,87.18000030517578,21
2026-05-14 04:14:00+00:00,87.2249984741211,87.23999786376953,87.18499755859375,87.23500061035156,35
2026-05-14 04:15:00+00:00,87.25,87.2699966430664,87.23500061035156,87.23500061035156,12
2026-05-14 04:16:00+00:00,87.2699966430664,87.30999755859375,87.25499725341797,87.25499725341797,15
2026-05-14 04:17:00+00:00,87.27999877929688,87.29000091552734,87.2699966430664,87.2699966430664,4
2026-05-14 04:18:00+00:00,87.31500244140625,87.31500244140625,87.30000305175781,87.30000305175781,3
2026-05-14 04:19:00+00:00,87.33999633789062,87.33999633789062,87.30500030517578,87.30999755859375,18
2026-05-14 04:20:00+00:00,87.3550033569336,87.38500213623047,87.33000183105469,87.33000183105469,12
2026-05-14 04:21:00+00:00,87.38999938964844,87.44000244140625,87.38500213623047,87.38500213623047,22
2026-05-14 04:22:00+00:00,87.44999694824219,87.45999908447266,87.4000015258789,87.40499877929688,24
2026-05-14 04:23:00+00:00,87.46499633789062,87.46499633789062,87.44999694824219,87.45500183105469,10
2026-05-14 04:24:00+00:00,87.5250015258789,87.52999877929688,87.45500183105469,87.46499633789062,15
2026-05-14 04:25:00+00:00,87.68000030517578,87.69999694824219,87.50499725341797,87.51000213623047,45
2026-05-14 04:26:00+00:00,87.80500030517578,87.80500030517578,87.59500122070312,87.66500091552734,60
2026-05-14 04:27:00+00:00,87.74500274658203,87.87999725341797,87.74500274658203,87.78500366210938,107
2026-05-14 04:28:00+00:00,87.61000061035156,87.70999908447266,87.61000061035156,87.70999908447266,44
2026-05-14 04:29:00+00:00,87.66500091552734,87.66500091552734,87.58999633789062,87.62000274658203,14
2026-05-14 04:30:00+00:00,87.71499633789062,87.76000213623047,87.66000366210938,87.66000366210938,56
2026-05-14 04:31:00+00:00,87.72000122070312,87.75499725341797,87.6500015258789,87.69000244140625,40
2026-05-14 04:32:00+00:00,87.875,87.90499877929688,87.73999786376953,87.73999786376953,16
2026-05-14 04:33:00+00:00,87.87999725341797,87.91500091552734,87.84500122070312,87.9000015258789,54
2026-05-14 04:34:00+00:00,87.80500030517578,87.86000061035156,87.77999877929688,87.8550033569336,15
2026-05-14 04:35:00+00:00,87.77999877929688,87.83499908447266,87.7750015258789,87.80500030517578,29
2026-05-14 04:36:00+00:00,87.79000091552734,87.84500122070312,87.75,87.84500122070312,21
2026-05-14 04:37:00+00:00,87.68000030517578,87.73999786376953,87.68000030517578,87.7249984741211,32
2026-05-14 04:38:00+00:00,87.69499969482422,87.70500183105469,87.69499969482422,87.70500183105469,5
2026-05-14 04:39:00+00:00,87.68000030517578,87.70999908447266,87.68000030517578,87.70999908447266,16
2026-05-14 04:40:00+00:00,87.62000274658203,87.68499755859375,87.62000274658203,87.68499755859375,27
2026-05-14 04:41:00+00:00,87.7249984741211,87.7249984741211,87.69499969482422,87.69499969482422,14
2026-05-14 04:42:00+00:00,87.66999816894531,87.7300033569336,87.66999816894531,87.7300033569336,4
2026-05-14 04:43:00+00:00,87.62000274658203,87.6500015258789,87.56500244140625,87.6500015258789,40
2026-05-14 04:44:00+00:00,87.68499755859375,87.68499755859375,87.68000030517578,87.68000030517578,2
2026-05-14 04:45:00+00:00,87.62999725341797,87.6500015258789,87.62999725341797,87.6500015258789,6
2026-05-14 04:46:00+00:00,87.6500015258789,87.6500015258789,87.63500213623047,87.63500213623047,6
2026-05-14 04:47:00+00:00,87.75499725341797,87.75499725341797,87.70500183105469,87.70999908447266,12
2026-05-14 04:48:00+00:00,87.76000213623047,87.7750015258789,87.73999786376953,87.75,7
2026-05-14 04:49:00+00:00,87.7300033569336,87.75499725341797,87.7300033569336,87.73500061035156,7
2026-05-14 04:50:00+00:00,87.66000366210938,87.72000122070312,87.66000366210938,87.72000122070312,15
2026-05-14 04:51:00+00:00,87.68000030517578,87.69999694824219,87.66999816894531,87.66999816894531,23
2026-05-14 04:52:00+00:00,87.625,87.62999725341797,87.62000274658203,87.62999725341797,3
2026-05-14 04:53:00+00:00,87.6500015258789,87.6500015258789,87.625,87.625,4
2026-05-14 04:54:00+00:00,87.68000030517578,87.68000030517578,87.66000366210938,87.66000366210938,4
2026-05-14 04:55:00+00:00,87.76000213623047,87.7750015258789,87.69000244140625,87.69000244140625,40
2026-05-14 04:56:00+00:00,87.76000213623047,87.76000213623047,87.73999786376953,87.73999786376953,8
2026-05-14 04:57:00+00:00,87.55000305175781,87.69499969482422,87.54000091552734,87.69499969482422,75
2026-05-14 04:58:00+00:00,87.55500030517578,87.63999938964844,87.51499938964844,87.56999969482422,71
2026-05-14 04:59:00+00:00,87.5,87.54499816894531,87.4800033569336,87.54000091552734,16
2026-05-14 05:00:00+00:00,87.4800033569336,87.50499725341797,87.44499969482422,87.48500061035156,45
2026-05-14 05:01:00+00:00,87.48999786376953,87.48999786376953,87.46499633789062,87.47000122070312,9
2026-05-14 05:02:00+00:00,87.46499633789062,87.51000213623047,87.46499633789062,87.50499725341797,18
2026-05-14 05:03:00+00:00,87.48999786376953,87.51499938964844,87.46499633789062,87.4800033569336,14
2026-05-14 05:04:00+00:00,87.63500213623047,87.63500213623047,87.50499725341797,87.5199966430664,85
2026-05-14 05:05:00+00:00,87.65499877929688,87.68499755859375,87.63999938964844,87.63999938964844,6
2026-05-14 05:06:00+00:00,87.66500091552734,87.67500305175781,87.6500015258789,87.65499877929688,5
2026-05-14 05:07:00+00:00,87.65499877929688,87.66999816894531,87.62000274658203,87.6500015258789,33
2026-05-14 05:08:00+00:00,87.66999816894531,87.68000030517578,87.6050033569336,87.6449966430664,28
2026-05-14 05:09:00+00:00,87.66000366210938,87.66500091552734,87.65499877929688,87.66500091552734,3
2026-05-14 05:10:00+00:00,87.75,87.78500366210938,87.66999816894531,87.66999816894531,35
2026-05-14 05:11:00+00:00,87.66999816894531,87.72000122070312,87.66999816894531,87.72000122070312,10
2026-05-14 05:12:00+00:00,87.68499755859375,87.68499755859375,87.68000030517578,87.68000030517578,2
2026-05-14 05:13:00+00:00,87.65499877929688,87.70500183105469,87.65499877929688,87.70500183105469,3
2026-05-14 05:14:00+00:00,87.49500274658203,87.62999725341797,87.4749984741211,87.62999725341797,47
2026-05-14 05:15:00+00:00,87.48500061035156,87.48500061035156,87.44499969482422,87.47000122070312,8
2026-05-14 05:16:00+00:00,87.52999877929688,87.52999877929688,87.4800033569336,87.51000213623047,24
2026-05-14 05:17:00+00:00,87.52999877929688,87.52999877929688,87.52999877929688,87.52999877929688,1
2026-05-14 05:18:00+00:00,87.48500061035156,87.49500274658203,87.48500061035156,87.49500274658203,3
2026-05-14 05:19:00+00:00,87.55500030517578,87.55500030517578,87.4749984741211,87.51000213623047,16
2026-05-14 05:20:00+00:00,87.53500366210938,87.54499816894531,87.53500366210938,87.54499816894531,4
2026-05-14 05:21:00+00:00,87.50499725341797,87.54000091552734,87.50499725341797,87.54000091552734,10
2026-05-14 05:22:00+00:00,87.5250015258789,87.5250015258789,87.5250015258789,87.5250015258789,1
2026-05-14 05:23:00+00:00,87.54000091552734,87.54000091552734,87.54000091552734,87.54000091552734,1
2026-05-14 05:24:00+00:00,87.57499694824219,87.63999938964844,87.57499694824219,87.58499908447266,31
2026-05-14 05:25:00+00:00,87.50499725341797,87.54499816894531,87.48999786376953,87.54000091552734,35
2026-05-14 05:26:00+00:00,87.46499633789062,87.46499633789062,87.40499877929688,87.45999908447266,19
2026-05-14 05:27:00+00:00,87.50499725341797,87.50499725341797,87.5,87.5,2
2026-05-14 05:28:00+00:00,87.43499755859375,87.4800033569336,87.42500305175781,87.47000122070312,39
2026-05-14 05:29:00+00:00,87.4800033569336,87.4800033569336,87.43499755859375,87.43499755859375,4
2026-05-14 05:30:00+00:00,87.7300033569336,87.76499938964844,87.44000244140625,87.45500183105469,54
2026-05-14 05:31:00+00:00,87.7249984741211,87.73500061035156,87.6500015258789,87.7300033569336,15
2026-05-14 05:32:00+00:00,87.76499938964844,87.76499938964844,87.66500091552734,87.72000122070312,5
2026-05-14 05:33:00+00:00,87.76000213623047,87.83999633789062,87.75,87.77999877929688,35
2026-05-14 05:34:00+00:00,87.70500183105469,87.76499938964844,87.69499969482422,87.76000213623047,39
2026-05-14 05:35:00+00:00,87.70999908447266,87.73500061035156,87.68499755859375,87.68499755859375,13
2026-05-14 05:36:00+00:00,87.69000244140625,87.70500183105469,87.63500213623047,87.70500183105469,29
2026-05-14 05:37:00+00:00,87.69000244140625,87.7249984741211,87.6449966430664,87.7249984741211,31
2026-05-14 05:38:00+00:00,87.73999786376953,87.75,87.70999908447266,87.70999908447266,12
2026-05-14 05:39:00+00:00,87.81500244140625,87.9000015258789,87.7300033569336,87.7300033569336,187
2026-05-14 05:40:00+00:00,87.83999633789062,87.83999633789062,87.76499938964844,87.80500030517578,8
2026-05-14 05:41:00+00:00,87.86000061035156,87.91000366210938,87.82499694824219,87.83999633789062,20
2026-05-14 05:42:00+00:00,87.83499908447266,87.91000366210938,87.83499908447266,87.8499984741211,17
2026-05-14 05:43:00+00:00,87.8550033569336,87.86499786376953,87.78500366210938,87.86000061035156,39
2026-05-14 05:44:00+00:00,87.87999725341797,87.87999725341797,87.81999969482422,87.83999633789062,8
2026-05-14 05:45:00+00:00,88.04000091552734,88.05999755859375,87.88500213623047,87.88500213623047,45
2026-05-14 05:46:00+00:00,87.97000122070312,88.01000213623047,87.91999816894531,88.0,54
2026-05-14 05:47:00+00:00,87.86000061035156,87.99500274658203,87.86000061035156,87.91500091552734,52
2026-05-14 05:48:00+00:00,87.84500122070312,87.95500183105469,87.84500122070312,87.88500213623047,35
2026-05-14 05:49:00+00:00,87.8550033569336,87.8550033569336,87.80999755859375,87.83999633789062,11
2026-05-14 05:50:00+00:00,87.8949966430664,87.91500091552734,87.8949966430664,87.91000366210938,5
2026-05-14 05:51:00+00:00,87.8499984741211,87.91500091552734,87.83499908447266,87.9000015258789,20
2026-05-14 05:52:00+00:00,87.8550033569336,87.8550033569336,87.8550033569336,87.8550033569336,1
2026-05-14 05:53:00+00:00,87.76499938964844,87.80500030517578,87.73999786376953,87.7699966430664,9
2026-05-14 05:54:00+00:00,87.7249984741211,87.78500366210938,87.7249984741211,87.77999877929688,9
2026-05-14 05:55:00+00:00,87.71499633789062,87.72000122070312,87.6449966430664,87.72000122070312,62
2026-05-14 05:56:00+00:00,87.69499969482422,87.75,87.69499969482422,87.7300033569336,13
2026-05-14 05:58:00+00:00,87.69999694824219,87.80500030517578,87.69999694824219,87.7699966430664,34
2026-05-14 05:59:00+00:00,87.51000213623047,87.70500183105469,87.51000213623047,87.70500183105469,22
2026-05-14 06:00:00+00:00,87.61499786376953,87.63500213623047,87.4749984741211,87.5,30
2026-05-14 06:01:00+00:00,87.68499755859375,87.68499755859375,87.61000061035156,87.61499786376953,15
2026-05-14 06:02:00+00:00,87.72000122070312,87.7300033569336,87.5999984741211,87.66999816894531,20
2026-05-14 06:03:00+00:00,87.83499908447266,87.87000274658203,87.76000213623047,87.76000213623047,36
2026-05-14 06:04:00+00:00,87.78500366210938,87.87000274658203,87.76000213623047,87.83999633789062,17
2026-05-14 06:05:00+00:00,87.84500122070312,87.84500122070312,87.79000091552734,87.80000305175781,10
2026-05-14 06:06:00+00:00,87.81999969482422,87.8499984741211,87.80999755859375,87.8499984741211,7
2026-05-14 06:07:00+00:00,87.80000305175781,87.80500030517578,87.75,87.79000091552734,14
2026-05-14 06:08:00+00:00,87.63999938964844,87.76499938964844,87.63500213623047,87.76000213623047,22
2026-05-14 06:09:00+00:00,87.72000122070312,87.72000122070312,87.69999694824219,87.69999694824219,4
2026-05-14 06:10:00+00:00,87.72000122070312,87.72000122070312,87.72000122070312,87.72000122070312,2
2026-05-14 06:11:00+00:00,87.69499969482422,87.7699966430664,87.69499969482422,87.69499969482422,9
2026-05-14 06:12:00+00:00,87.6050033569336,87.6050033569336,87.59500122070312,87.5999984741211,7
2026-05-14 06:13:00+00:00,87.5999984741211,87.61499786376953,87.55999755859375,87.61499786376953,6
2026-05-14 06:14:00+00:00,87.6500015258789,87.6500015258789,87.6050033569336,87.6050033569336,6
2026-05-14 06:15:00+00:00,87.63500213623047,87.63500213623047,87.59500122070312,87.6050033569336,6
2026-05-14 06:16:00+00:00,87.59500122070312,87.625,87.55000305175781,87.62000274658203,12
2026-05-14 06:17:00+00:00,87.59500122070312,87.62999725341797,87.58000183105469,87.62999725341797,16
2026-05-14 06:18:00+00:00,87.58499908447266,87.5999984741211,87.57499694824219,87.5999984741211,5
2026-05-14 06:19:00+00:00,87.69999694824219,87.69999694824219,87.69499969482422,87.69499969482422,5
2026-05-14 06:20:00+00:00,87.72000122070312,87.73999786376953,87.69000244140625,87.69000244140625,5
2026-05-14 06:21:00+00:00,87.73500061035156,87.80000305175781,87.7300033569336,87.80000305175781,8
2026-05-14 06:22:00+00:00,87.66000366210938,87.73500061035156,87.63999938964844,87.72000122070312,12
2026-05-14 06:23:00+00:00,87.58999633789062,87.625,87.58000183105469,87.625,7
2026-05-14 06:24:00+00:00,87.66000366210938,87.66000366210938,87.6449966430664,87.6449966430664,2
2026-05-14 06:25:00+00:00,87.69499969482422,87.69499969482422,87.66500091552734,87.68499755859375,5
2026-05-14 06:26:00+00:00,87.75,87.75,87.70999908447266,87.7249984741211,19
2026-05-14 06:27:00+00:00,87.75,87.75499725341797,87.75,87.75499725341797,3
2026-05-14 06:28:00+00:00,87.7750015258789,87.81999969482422,87.76499938964844,87.76499938964844,14
2026-05-14 06:29:00+00:00,87.70500183105469,87.76499938964844,87.70500183105469,87.76499938964844,10
2026-05-14 06:30:00+00:00,87.7249984741211,87.7249984741211,87.62999725341797,87.66000366210938,10
2026-05-14 06:31:00+00:00,87.75499725341797,87.75499725341797,87.7249984741211,87.7249984741211,5
2026-05-14 06:32:00+00:00,87.7750015258789,87.7750015258789,87.74500274658203,87.74500274658203,3
2026-05-14 06:33:00+00:00,87.78500366210938,87.78500366210938,87.75,87.75499725341797,4
2026-05-14 06:34:00+00:00,87.75,87.78500366210938,87.73500061035156,87.78500366210938,13
2026-05-14 06:35:00+00:00,87.7699966430664,87.80000305175781,87.75,87.75499725341797,12
2026-05-14 06:36:00+00:00,87.75499725341797,87.7750015258789,87.73500061035156,87.76499938964844,6
2026-05-14 06:37:00+00:00,87.68499755859375,87.77999877929688,87.66000366210938,87.77999877929688,32
2026-05-14 06:38:00+00:00,87.66500091552734,87.69999694824219,87.66500091552734,87.69499969482422,9
2026-05-14 06:39:00+00:00,87.66500091552734,87.66500091552734,87.61000061035156,87.6449966430664,34
2026-05-14 06:40:00+00:00,87.54499816894531,87.62999725341797,87.5199966430664,87.62999725341797,21
2026-05-14 06:41:00+00:00,87.63999938964844,87.66500091552734,87.54000091552734,87.54000091552734,34
2026-05-14 06:42:00+00:00,87.69000244140625,87.7249984741211,87.66000366210938,87.66000366210938,13
2026-05-14 06:43:00+00:00,87.6449966430664,87.6449966430664,87.6449966430664,87.6449966430664,3
2026-05-14 06:44:00+00:00,87.83999633789062,87.86000061035156,87.65499877929688,87.65499877929688,32
2026-05-14 06:45:00+00:00,87.94000244140625,87.98999786376953,87.80000305175781,87.82499694824219,63
2026-05-14 06:46:00+00:00,87.87000274658203,87.97000122070312,87.8499984741211,87.97000122070312,39
2026-05-14 06:47:00+00:00,87.8499984741211,87.88999938964844,87.83000183105469,87.88999938964844,10
2026-05-14 06:48:00+00:00,87.80000305175781,87.83999633789062,87.76000213623047,87.83999633789062,17
2026-05-14 06:49:00+00:00,87.55000305175781,87.78500366210938,87.52999877929688,87.78500366210938,50
2026-05-14 06:50:00+00:00,87.625,87.6500015258789,87.57499694824219,87.57499694824219,17
2026-05-14 06:51:00+00:00,87.71499633789062,87.71499633789062,87.625,87.625,26
2026-05-14 06:52:00+00:00,87.80000305175781,87.80000305175781,87.69999694824219,87.7249984741211,18
2026-05-14 06:53:00+00:00,87.79000091552734,87.81999969482422,87.79000091552734,87.79000091552734,4
2026-05-14 06:54:00+00:00,87.75,87.80000305175781,87.75,87.79000091552734,11
2026-05-14 06:55:00+00:00,87.69000244140625,87.75,87.69000244140625,87.7249984741211,15
2026-05-14 06:56:00+00:00,87.66999816894531,87.73500061035156,87.66000366210938,87.70500183105469,4
2026-05-14 06:57:00+00:00,87.75,87.76000213623047,87.69000244140625,87.69000244140625,16
2026-05-14 06:58:00+00:00,87.7750015258789,87.7750015258789,87.71499633789062,87.7249984741211,11
2026-05-14 06:59:00+00:00,87.76000213623047,87.76000213623047,87.75,87.76000213623047,7
2026-05-14 07:00:00+00:00,87.61000061035156,87.69999694824219,87.51499938964844,87.69999694824219,53
2026-05-14 07:01:00+00:00,87.61499786376953,87.61499786376953,87.56500244140625,87.58000183105469,15
2026-05-14 07:02:00+00:00,87.73500061035156,87.73500061035156,87.6500015258789,87.6500015258789,12
2026-05-14 07:03:00+00:00,87.62999725341797,87.74500274658203,87.59500122070312,87.74500274658203,13
2026-05-14 07:04:00+00:00,87.55500030517578,87.62999725341797,87.44000244140625,87.62999725341797,46
2026-05-14 07:05:00+00:00,87.49500274658203,87.55999755859375,87.4800033569336,87.55500030517578,15
2026-05-14 07:06:00+00:00,87.46499633789062,87.48999786376953,87.44499969482422,87.48999786376953,16
2026-05-14 07:07:00+00:00,87.54499816894531,87.57499694824219,87.53500366210938,87.53500366210938,13
2026-05-14 07:08:00+00:00,87.61499786376953,87.625,87.55000305175781,87.58000183105469,19
2026-05-14 07:09:00+00:00,87.54000091552734,87.56999969482422,87.4749984741211,87.56999969482422,20
2026-05-14 07:10:00+00:00,87.54499816894531,87.56999969482422,87.5199966430664,87.54000091552734,10
2026-05-14 07:12:00+00:00,87.40499877929688,87.45999908447266,87.27999877929688,87.45999908447266,78
2026-05-14 07:13:00+00:00,87.29000091552734,87.37999725341797,87.19999694824219,87.36499786376953,84
2026-05-14 07:14:00+00:00,87.32499694824219,87.36499786376953,87.31500244140625,87.31999969482422,9
2026-05-14 07:15:00+00:00,87.33499908447266,87.375,87.25,87.33000183105469,33
2026-05-14 07:16:00+00:00,87.38500213623047,87.41000366210938,87.30999755859375,87.30999755859375,18
2026-05-14 07:17:00+00:00,87.4000015258789,87.43000030517578,87.33499908447266,87.4000015258789,19
2026-05-14 07:18:00+00:00,87.43000030517578,87.43000030517578,87.36499786376953,87.37000274658203,12
2026-05-14 07:19:00+00:00,87.41999816894531,87.47000122070312,87.41500091552734,87.42500305175781,36
2026-05-14 07:20:00+00:00,87.33999633789062,87.44999694824219,87.33999633789062,87.41500091552734,18
2026-05-14 07:21:00+00:00,87.4000015258789,87.40499877929688,87.33499908447266,87.33499908447266,7
2026-05-14 07:22:00+00:00,87.5,87.50499725341797,87.41000366210938,87.41000366210938,8
2026-05-14 07:23:00+00:00,87.55999755859375,87.57499694824219,87.50499725341797,87.50499725341797,16
2026-05-14 07:24:00+00:00,87.63999938964844,87.63999938964844,87.58000183105469,87.58000183105469,5
2026-05-14 07:25:00+00:00,87.65499877929688,87.65499877929688,87.63500213623047,87.6449966430664,7
2026-05-14 07:26:00+00:00,87.69999694824219,87.69999694824219,87.66999816894531,87.66999816894531,6
2026-05-14 07:27:00+00:00,87.86000061035156,87.88999938964844,87.70999908447266,87.70999908447266,81
2026-05-14 07:28:00+00:00,87.84500122070312,87.91999816894531,87.83000183105469,87.88999938964844,36
2026-05-14 07:29:00+00:00,87.86499786376953,87.87999725341797,87.84500122070312,87.8550033569336,8
2026-05-14 07:30:00+00:00,87.76499938964844,87.8550033569336,87.76499938964844,87.8550033569336,12
2026-05-14 07:31:00+00:00,87.73999786376953,87.75,87.73999786376953,87.75,2
2026-05-14 07:32:00+00:00,87.8949966430664,87.94000244140625,87.67500305175781,87.67500305175781,41
2026-05-14 07:33:00+00:00,87.98999786376953,88.05500030517578,87.88500213623047,87.88500213623047,55
2026-05-14 07:34:00+00:00,88.05000305175781,88.05000305175781,87.97000122070312,87.98999786376953,38
2026-05-14 07:35:00+00:00,88.11499786376953,88.13500213623047,88.02999877929688,88.05500030517578,45
2026-05-14 07:36:00+00:00,88.12999725341797,88.16500091552734,88.06500244140625,88.0999984741211,44
2026-05-14 07:37:00+00:00,88.04000091552734,88.11499786376953,88.04000091552734,88.11499786376953,12
2026-05-14 07:38:00+00:00,88.09500122070312,88.125,88.0199966430664,88.0250015258789,29
2026-05-14 07:39:00+00:00,87.95999908447266,88.0999984741211,87.95999908447266,88.08000183105469,35
2026-05-14 07:40:00+00:00,88.0,88.0250015258789,87.95500183105469,87.95500183105469,14
2026-05-14 07:41:00+00:00,88.125,88.12999725341797,88.02999877929688,88.03500366210938,22
2026-05-14 07:42:00+00:00,88.13999938964844,88.13999938964844,88.08999633789062,88.12999725341797,8
2026-05-14 07:43:00+00:00,88.0199966430664,88.1050033569336,88.0199966430664,88.1050033569336,17
2026-05-14 07:44:00+00:00,87.94999694824219,88.04499816894531,87.94999694824219,88.02999877929688,10
2026-05-14 07:45:00+00:00,87.94999694824219,87.9749984741211,87.93000030517578,87.93000030517578,6
2026-05-14 07:46:00+00:00,87.94000244140625,87.94000244140625,87.9000015258789,87.93000030517578,17
2026-05-14 07:47:00+00:00,87.84500122070312,87.92500305175781,87.84500122070312,87.92500305175781,12
2026-05-14 07:48:00+00:00,87.7699966430664,87.80500030517578,87.75499725341797,87.79499816894531,19
2026-05-14 07:49:00+00:00,87.86000061035156,87.86000061035156,87.76000213623047,87.77999877929688,27
2026-05-14 07:50:00+00:00,87.76000213623047,87.83000183105469,87.69999694824219,87.83000183105469,19
2026-05-14 07:51:00+00:00,87.79499816894531,87.79499816894531,87.66000366210938,87.72000122070312,24
2026-05-14 07:52:00+00:00,87.82499694824219,87.82499694824219,87.77999877929688,87.79000091552734,7
2026-05-14 07:53:00+00:00,87.82499694824219,87.83000183105469,87.81500244140625,87.83000183105469,12
2026-05-14 07:54:00+00:00,87.76000213623047,87.80500030517578,87.70500183105469,87.79000091552734,21
2026-05-14 07:55:00+00:00,87.83499908447266,87.83499908447266,87.73999786376953,87.73999786376953,13
2026-05-14 07:56:00+00:00,87.80500030517578,87.86499786376953,87.80500030517578,87.86499786376953,11
2026-05-14 07:57:00+00:00,87.76499938964844,87.84500122070312,87.76499938964844,87.84500122070312,9
2026-05-14 07:58:00+00:00,87.6449966430664,87.73999786376953,87.63500213623047,87.73999786376953,24
2026-05-14 07:59:00+00:00,87.58499908447266,87.62999725341797,87.51499938964844,87.61000061035156,32
2026-05-14 08:00:00+00:00,87.77999877929688,87.77999877929688,87.51000213623047,87.55999755859375,24
2026-05-14 08:01:00+00:00,87.74500274658203,87.80000305175781,87.74500274658203,87.7699966430664,15
2026-05-14 08:02:00+00:00,87.80000305175781,87.80000305175781,87.66999816894531,87.69499969482422,15
2026-05-14 08:03:00+00:00,87.7699966430664,87.80999755859375,87.7699966430664,87.80500030517578,10
2026-05-14 08:04:00+00:00,87.69499969482422,87.69499969482422,87.69499969482422,87.69499969482422,1
2026-05-14 08:05:00+00:00,87.70500183105469,87.70500183105469,87.6449966430664,87.6500015258789,7
2026-05-14 08:06:00+00:00,87.6500015258789,87.70999908447266,87.63500213623047,87.68000030517578,10
2026-05-14 08:07:00+00:00,87.7300033569336,87.7300033569336,87.6449966430664,87.6449966430664,7
2026-05-14 08:08:00+00:00,87.75499725341797,87.76499938964844,87.75,87.75,7
2026-05-14 08:09:00+00:00,87.69999694824219,87.7750015258789,87.69999694824219,87.75499725341797,10
2026-05-14 08:10:00+00:00,87.70999908447266,87.70999908447266,87.70999908447266,87.70999908447266,1
2026-05-14 08:11:00+00:00,87.75499725341797,87.75499725341797,87.75,87.75,2
2026-05-14 08:12:00+00:00,87.79000091552734,87.80000305175781,87.76000213623047,87.7750015258789,10
2026-05-14 08:13:00+00:00,87.8499984741211,87.8949966430664,87.80999755859375,87.80999755859375,18
2026-05-14 08:14:00+00:00,87.84500122070312,87.90499877929688,87.83999633789062,87.8949966430664,13
2026-05-14 08:15:00+00:00,87.93000030517578,87.93000030517578,87.90499877929688,87.90499877929688,13
2026-05-14 08:16:00+00:00,87.94999694824219,87.94999694824219,87.91999816894531,87.93000030517578,6
2026-05-14 08:17:00+00:00,87.8499984741211,87.93000030517578,87.8499984741211,87.93000030517578,12
2026-05-14 08:18:00+00:00,87.90499877929688,87.90499877929688,87.90499877929688,87.90499877929688,1
2026-05-14 08:19:00+00:00,87.82499694824219,87.90499877929688,87.82499694824219,87.90499877929688,15
2026-05-14 08:20:00+00:00,87.92500305175781,87.92500305175781,87.86000061035156,87.86000061035156,2
2026-05-14 08:21:00+00:00,87.81999969482422,87.8949966430664,87.81999969482422,87.87999725341797,7
2026-05-14 08:22:00+00:00,87.87999725341797,87.87999725341797,87.8499984741211,87.8499984741211,3
2026-05-14 08:23:00+00:00,87.8550033569336,87.86000061035156,87.81999969482422,87.86000061035156,23
2026-05-14 08:24:00+00:00,87.91999816894531,87.92500305175781,87.83499908447266,87.83499908447266,14
2026-05-14 08:25:00+00:00,87.94499969482422,87.96499633789062,87.92500305175781,87.92500305175781,6
2026-05-14 08:26:00+00:00,87.92500305175781,88.00499725341797,87.92500305175781,87.96499633789062,10
2026-05-14 08:27:00+00:00,87.91000366210938,87.91500091552734,87.9000015258789,87.91500091552734,6
2026-05-14 08:28:00+00:00,87.98500061035156,88.0,87.94999694824219,87.94999694824219,22
2026-05-14 08:29:00+00:00,88.03500366210938,88.03500366210938,87.9749984741211,87.9749984741211,9
2026-05-14 08:30:00+00:00,88.16000366210938,88.16000366210938,88.06500244140625,88.08499908447266,55
2026-05-14 08:31:00+00:00,88.00499725341797,88.125,88.00499725341797,88.12000274658203,19
2026-05-14 08:32:00+00:00,88.01499938964844,88.01499938964844,87.96499633789062,87.98999786376953,11
2026-05-14 08:33:00+00:00,87.98500061035156,88.00499725341797,87.98500061035156,88.0,3
2026-05-14 08:34:00+00:00,87.94999694824219,87.95500183105469,87.94999694824219,87.95500183105469,3
2026-05-14 08:35:00+00:00,88.04000091552734,88.04000091552734,87.95999908447266,87.95999908447266,22
2026-05-14 08:36:00+00:00,88.05500030517578,88.05500030517578,88.02999877929688,88.04000091552734,11
2026-05-14 08:37:00+00:00,88.02999877929688,88.03500366210938,88.01000213623047,88.02999877929688,6
2026-05-14 08:38:00+00:00,87.94999694824219,88.01499938964844,87.94999694824219,88.01499938964844,5
2026-05-14 08:39:00+00:00,87.93499755859375,87.93499755859375,87.9000015258789,87.9000015258789,16
2026-05-14 08:40:00+00:00,87.87000274658203,87.87999725341797,87.87000274658203,87.87999725341797,3
2026-05-14 08:41:00+00:00,87.83000183105469,87.88500213623047,87.80999755859375,87.87999725341797,12
2026-05-14 08:42:00+00:00,87.86000061035156,87.875,87.80999755859375,87.83999633789062,16
2026-05-14 08:43:00+00:00,87.69000244140625,87.80000305175781,87.67500305175781,87.80000305175781,23
2026-05-14 08:44:00+00:00,87.70999908447266,87.72000122070312,87.66500091552734,87.67500305175781,11
2026-05-14 08:45:00+00:00,87.72000122070312,87.72000122070312,87.72000122070312,87.72000122070312,1
2026-05-14 08:46:00+00:00,87.70999908447266,87.75499725341797,87.70999908447266,87.75499725341797,4
2026-05-14 08:47:00+00:00,87.69999694824219,87.72000122070312,87.67500305175781,87.69999694824219,5
2026-05-14 08:48:00+00:00,87.66500091552734,87.71499633789062,87.66500091552734,87.70500183105469,21
2026-05-14 08:49:00+00:00,87.76000213623047,87.76000213623047,87.69000244140625,87.69000244140625,9
2026-05-14 08:50:00+00:00,87.67500305175781,87.69999694824219,87.6500015258789,87.69999694824219,12
2026-05-14 08:51:00+00:00,87.68499755859375,87.70500183105469,87.66500091552734,87.66500091552734,7
2026-05-14 08:52:00+00:00,87.66999816894531,87.73500061035156,87.66999816894531,87.73500061035156,6
2026-05-14 08:53:00+00:00,87.66999816894531,87.67500305175781,87.66999816894531,87.66999816894531,4
2026-05-14 08:55:00+00:00,87.66999816894531,87.68499755859375,87.6449966430664,87.6449966430664,8
2026-05-14 08:56:00+00:00,87.69999694824219,87.70500183105469,87.66999816894531,87.66999816894531,17
2026-05-14 08:57:00+00:00,87.63999938964844,87.70500183105469,87.63999938964844,87.70500183105469,14
2026-05-14 08:58:00+00:00,87.65499877929688,87.65499877929688,87.6449966430664,87.6500015258789,8
2026-05-14 08:59:00+00:00,87.58000183105469,87.625,87.57499694824219,87.625,7
2026-05-14 09:00:00+00:00,87.62999725341797,87.62999725341797,87.54499816894531,87.57499694824219,37
2026-05-14 09:01:00+00:00,87.50499725341797,87.62999725341797,87.48500061035156,87.62999725341797,104
2026-05-14 09:02:00+00:00,87.55500030517578,87.56500244140625,87.51499938964844,87.51499938964844,12
2026-05-14 09:03:00+00:00,87.55500030517578,87.59500122070312,87.55000305175781,87.55000305175781,5
2026-05-14 09:04:00+00:00,87.58000183105469,87.58000183105469,87.58000183105469,87.58000183105469,1
2026-05-14 09:05:00+00:00,87.56500244140625,87.58499908447266,87.54499816894531,87.58499908447266,8
2026-05-14 09:06:00+00:00,87.5999984741211,87.5999984741211,87.53500366210938,87.53500366210938,8
2026-05-14 09:07:00+00:00,87.6500015258789,87.65499877929688,87.5999984741211,87.6050033569336,7
2026-05-14 09:08:00+00:00,87.65499877929688,87.65499877929688,87.58499908447266,87.58499908447266,6
2026-05-14 09:09:00+00:00,87.7249984741211,87.7249984741211,87.66000366210938,87.66000366210938,25
2026-05-14 09:10:00+00:00,87.5999984741211,87.81999969482422,87.58000183105469,87.71499633789062,75
2026-05-14 09:11:00+00:00,87.6500015258789,87.6500015258789,87.62999725341797,87.62999725341797,2
2026-05-14 09:12:00+00:00,87.6050033569336,87.625,87.5999984741211,87.625,8
2026-05-14 09:15:00+00:00,87.62999725341797,87.6449966430664,87.61499786376953,87.6449966430664,5
2026-05-14 09:16:00+00:00,87.71499633789062,87.71499633789062,87.66999816894531,87.66999816894531,4
2026-05-14 09:17:00+00:00,87.69999694824219,87.7300033569336,87.69999694824219,87.7300033569336,5
2026-05-14 09:19:00+00:00,87.72000122070312,87.72000122070312,87.66500091552734,87.66500091552734,5
2026-05-14 09:20:00+00:00,87.76000213623047,87.76000213623047,87.75,87.75,3
2026-05-14 09:21:00+00:00,87.74500274658203,87.74500274658203,87.72000122070312,87.72000122070312,6
2026-05-14 09:22:00+00:00,87.74500274658203,87.75,87.7249984741211,87.75,3
2026-05-14 09:23:00+00:00,87.73999786376953,87.73999786376953,87.73999786376953,87.73999786376953,1
2026-05-14 09:25:00+00:00,87.65499877929688,87.66500091552734,87.65499877929688,87.65499877929688,4
2026-05-14 09:26:00+00:00,87.71499633789062,87.71499633789062,87.625,87.625,14
2026-05-14 09:27:00+00:00,87.66000366210938,87.66000366210938,87.65499877929688,87.65499877929688,2
2026-05-14 09:28:00+00:00,87.63999938964844,87.69000244140625,87.63999938964844,87.69000244140625,2
2026-05-14 09:29:00+00:00,87.58499908447266,87.61000061035156,87.58499908447266,87.61000061035156,6
2026-05-14 09:30:00+00:00,87.55500030517578,87.57499694824219,87.5199966430664,87.52999877929688,8
2026-05-14 09:31:00+00:00,87.5999984741211,87.5999984741211,87.54499816894531,87.56999969482422,8
2026-05-14 09:32:00+00:00,87.55999755859375,87.61499786376953,87.54499816894531,87.61499786376953,12
2026-05-14 09:33:00+00:00,87.55999755859375,87.55999755859375,87.55999755859375,87.55999755859375,1
2026-05-14 09:34:00+00:00,87.62000274658203,87.62000274658203,87.59500122070312,87.59500122070312,4
2026-05-14 09:35:00+00:00,87.58999633789062,87.63999938964844,87.58999633789062,87.63999938964844,7
2026-05-14 09:36:00+00:00,87.40499877929688,87.5199966430664,87.36499786376953,87.5199966430664,43
2026-05-14 09:37:00+00:00,87.30000305175781,87.41500091552734,87.30000305175781,87.38999938964844,94
2026-05-14 09:38:00+00:00,87.4000015258789,87.42500305175781,87.25,87.30000305175781,51
2026-05-14 09:39:00+00:00,87.48500061035156,87.48500061035156,87.38999938964844,87.38999938964844,23
2026-05-14 09:40:00+00:00,87.54000091552734,87.54000091552734,87.45999908447266,87.45999908447266,22
2026-05-14 09:41:00+00:00,87.66500091552734,87.68499755859375,87.54000091552734,87.55000305175781,46
2026-05-14 09:42:00+00:00,87.7699966430664,87.7699966430664,87.63999938964844,87.66500091552734,53
2026-05-14 09:43:00+00:00,87.77999877929688,87.875,87.77999877929688,87.80000305175781,31
2026-05-14 09:44:00+00:00,87.76000213623047,87.81500244140625,87.71499633789062,87.80500030517578,17
2026-05-14 09:45:00+00:00,87.87000274658203,87.87000274658203,87.7750015258789,87.7750015258789,100
2026-05-14 09:46:00+00:00,87.97000122070312,88.01000213623047,87.87000274658203,87.875,58
2026-05-14 09:47:00+00:00,87.93499755859375,87.97000122070312,87.91500091552734,87.91999816894531,19
2026-05-14 09:48:00+00:00,87.96499633789062,87.98500061035156,87.93000030517578,87.93000030517578,10
2026-05-14 09:49:00+00:00,88.0199966430664,88.03500366210938,87.94999694824219,87.94999694824219,64
2026-05-14 09:50:00+00:00,87.92500305175781,88.03500366210938,87.92500305175781,88.02999877929688,37
2026-05-14 09:51:00+00:00,87.8499984741211,87.91000366210938,87.8499984741211,87.91000366210938,10
2026-05-14 09:52:00+00:00,87.87999725341797,87.90499877929688,87.8499984741211,87.86499786376953,23
2026-05-14 09:53:00+00:00,87.83000183105469,87.87000274658203,87.83000183105469,87.87000274658203,5
2026-05-14 09:54:00+00:00,87.86499786376953,87.86499786376953,87.77999877929688,87.81999969482422,24
2026-05-14 09:55:00+00:00,87.87999725341797,87.91000366210938,87.8499984741211,87.86000061035156,33
2026-05-14 09:56:00+00:00,87.93000030517578,87.94000244140625,87.81500244140625,87.81500244140625,41
2026-05-14 09:57:00+00:00,87.88500213623047,87.97000122070312,87.88500213623047,87.93499755859375,30
2026-05-14 09:58:00+00:00,87.81999969482422,87.9000015258789,87.81999969482422,87.9000015258789,16
2026-05-14 09:59:00+00:00,87.7300033569336,87.83499908447266,87.7300033569336,87.79499816894531,45
2026-05-14 10:00:00+00:00,87.73500061035156,87.76000213623047,87.7300033569336,87.74500274658203,21
2026-05-14 10:01:00+00:00,87.70999908447266,87.74500274658203,87.70500183105469,87.71499633789062,55
2026-05-14 10:02:00+00:00,87.66999816894531,87.69999694824219,87.66999816894531,87.68499755859375,44
2026-05-14 10:03:00+00:00,87.6449966430664,87.66999816894531,87.62000274658203,87.66500091552734,16
2026-05-14 10:04:00+00:00,87.61499786376953,87.6500015258789,87.5999984741211,87.6500015258789,13
2026-05-14 10:05:00+00:00,87.5999984741211,87.63999938964844,87.5999984741211,87.62000274658203,11
2026-05-14 10:06:00+00:00,87.5999984741211,87.625,87.53500366210938,87.5999984741211,54
2026-05-14 10:07:00+00:00,87.55000305175781,87.58000183105469,87.52999877929688,87.58000183105469,34
2026-05-14 10:08:00+00:00,87.49500274658203,87.55500030517578,87.44999694824219,87.55000305175781,35
2026-05-14 10:09:00+00:00,87.53500366210938,87.53500366210938,87.48500061035156,87.48500061035156,32
2026-05-14 10:10:00+00:00,87.625,87.625,87.47000122070312,87.54000091552734,30
2026-05-14 10:11:00+00:00,87.82499694824219,87.83499908447266,87.6050033569336,87.62000274658203,88
2026-05-14 10:12:00+00:00,87.56500244140625,87.78500366210938,87.56500244140625,87.76499938964844,78
2026-05-14 10:13:00+00:00,87.5250015258789,87.55000305175781,87.4749984741211,87.55000305175781,26
2026-05-14 10:14:00+00:00,87.55500030517578,87.55500030517578,87.51000213623047,87.5250015258789,9
2026-05-14 10:15:00+00:00,87.55000305175781,87.58999633789062,87.53500366210938,87.55999755859375,21
2026-05-14 10:16:00+00:00,87.54499816894531,87.58499908447266,87.52999877929688,87.55999755859375,20
2026-05-14 10:17:00+00:00,87.54499816894531,87.56500244140625,87.47000122070312,87.49500274658203,31
2026-05-14 10:18:00+00:00,87.58000183105469,87.62999725341797,87.56500244140625,87.59500122070312,59
2026-05-14 10:19:00+00:00,87.58499908447266,87.61000061035156,87.55500030517578,87.55500030517578,16
2026-05-14 10:20:00+00:00,87.55000305175781,87.55000305175781,87.53500366210938,87.55000305175781,18
2026-05-14 10:21:00+00:00,87.49500274658203,87.54000091552734,87.4800033569336,87.5199966430664,25
2026-05-14 10:22:00+00:00,87.56500244140625,87.56500244140625,87.5,87.5199966430664,27
2026-05-14 10:23:00+00:00,87.4000015258789,87.51499938964844,87.4000015258789,87.51499938964844,35
2026-05-14 10:24:00+00:00,87.41000366210938,87.41000366210938,87.3550033569336,87.3949966430664,25
2026-05-14 10:25:00+00:00,87.46499633789062,87.51000213623047,87.41000366210938,87.44499969482422,39
2026-05-14 10:26:00+00:00,87.51000213623047,87.52999877929688,87.4749984741211,87.48999786376953,26
2026-05-14 10:27:00+00:00,87.44999694824219,87.51000213623047,87.44999694824219,87.45999908447266,17
2026-05-14 10:28:00+00:00,87.54000091552734,87.54000091552734,87.42500305175781,87.45999908447266,40
2026-05-14 10:29:00+00:00,87.47000122070312,87.5250015258789,87.47000122070312,87.5199966430664,46
2026-05-14 10:30:00+00:00,87.54000091552734,87.54000091552734,87.4800033569336,87.4800033569336,49
2026-05-14 10:31:00+00:00,87.5,87.56999969482422,87.47000122070312,87.55000305175781,33
2026-05-14 10:32:00+00:00,87.41999816894531,87.44499969482422,87.41999816894531,87.44000244140625,3
2026-05-14 10:33:00+00:00,87.42500305175781,87.42500305175781,87.38999938964844,87.41000366210938,14
2026-05-14 10:34:00+00:00,87.41999816894531,87.42500305175781,87.3949966430664,87.40499877929688,13
2026-05-14 10:35:00+00:00,87.3949966430664,87.44000244140625,87.3949966430664,87.44000244140625,6
2026-05-14 10:36:00+00:00,87.41000366210938,87.45500183105469,87.36499786376953,87.37999725341797,49
2026-05-14 10:37:00+00:00,87.44999694824219,87.48500061035156,87.4000015258789,87.4000015258789,78
2026-05-14 10:38:00+00:00,87.44499969482422,87.48500061035156,87.44000244140625,87.44000244140625,21
2026-05-14 10:39:00+00:00,87.44999694824219,87.45999908447266,87.41999816894531,87.43499755859375,15
2026-05-14 10:40:00+00:00,87.47000122070312,87.47000122070312,87.43499755859375,87.44499969482422,61
2026-05-14 10:41:00+00:00,87.4749984741211,87.4749984741211,87.41999816894531,87.44499969482422,11
2026-05-14 10:42:00+00:00,87.4800033569336,87.48500061035156,87.41999816894531,87.44000244140625,26
2026-05-14 10:43:00+00:00,87.38999938964844,87.4800033569336,87.37000274658203,87.4800033569336,65
2026-05-14 10:44:00+00:00,87.44499969482422,87.44499969482422,87.37999725341797,87.4000015258789,59
2026-05-14 10:45:00+00:00,87.45999908447266,87.5199966430664,87.43000030517578,87.45500183105469,37
2026-05-14 10:46:00+00:00,87.5,87.5,87.45500183105469,87.48500061035156,9
2026-05-14 10:47:00+00:00,87.41500091552734,87.47000122070312,87.4000015258789,87.47000122070312,36
2026-05-14 10:48:00+00:00,87.47000122070312,87.4749984741211,87.44000244140625,87.44000244140625,13
2026-05-14 10:49:00+00:00,87.49500274658203,87.49500274658203,87.4749984741211,87.48999786376953,9
2026-05-14 10:50:00+00:00,87.58000183105469,87.58499908447266,87.49500274658203,87.49500274658203,23
2026-05-14 10:51:00+00:00,87.46499633789062,87.58499908447266,87.46499633789062,87.54000091552734,29
2026-05-14 10:52:00+00:00,87.43000030517578,87.48999786376953,87.41500091552734,87.46499633789062,12
2026-05-14 10:53:00+00:00,87.6050033569336,87.61499786376953,87.41999816894531,87.42500305175781,70
2026-05-14 10:54:00+00:00,87.56500244140625,87.68000030517578,87.55999755859375,87.63500213623047,60
2026-05-14 10:55:00+00:00,87.58999633789062,87.625,87.58000183105469,87.59500122070312,12
2026-05-14 10:56:00+00:00,87.58000183105469,87.62000274658203,87.55999755859375,87.62000274658203,3
2026-05-14 10:57:00+00:00,87.59500122070312,87.5999984741211,87.59500122070312,87.5999984741211,3
2026-05-14 10:58:00+00:00,87.73500061035156,87.73500061035156,87.59500122070312,87.625,62
2026-05-14 10:59:00+00:00,87.70999908447266,87.78500366210938,87.66500091552734,87.74500274658203,120
2026-05-14 11:00:00+00:00,87.6050033569336,87.81999969482422,87.5999984741211,87.70999908447266,81
2026-05-14 11:01:00+00:00,87.62000274658203,87.65499877929688,87.5999984741211,87.63500213623047,27
2026-05-14 11:02:00+00:00,87.55500030517578,87.62999725341797,87.53500366210938,87.62999725341797,45
2026-05-14 11:03:00+00:00,87.45999908447266,87.54499816894531,87.44999694824219,87.54000091552734,26
2026-05-14 11:04:00+00:00,87.375,87.44000244140625,87.375,87.41500091552734,23
2026-05-14 11:05:00+00:00,87.34500122070312,87.40499877929688,87.28500366210938,87.3499984741211,54
2026-05-14 11:06:00+00:00,87.29499816894531,87.36499786376953,87.25499725341797,87.36499786376953,31
2026-05-14 11:07:00+00:00,87.43000030517578,87.43000030517578,87.30000305175781,87.30000305175781,46
2026-05-14 11:08:00+00:00,87.5,87.5,87.36000061035156,87.44000244140625,76
2026-05-14 11:09:00+00:00,87.51000213623047,87.59500122070312,87.46499633789062,87.51499938964844,52
2026-05-14 11:10:00+00:00,87.46499633789062,87.54499816894531,87.45999908447266,87.52999877929688,32
2026-05-14 11:11:00+00:00,87.45999908447266,87.5,87.45999908447266,87.47000122070312,12
2026-05-14 11:12:00+00:00,87.49500274658203,87.49500274658203,87.45500183105469,87.47000122070312,5
2026-05-14 11:13:00+00:00,87.52999877929688,87.52999877929688,87.48999786376953,87.48999786376953,13
2026-05-14 11:14:00+00:00,87.55500030517578,87.57499694824219,87.55000305175781,87.55000305175781,10
2026-05-14 11:15:00+00:00,87.47000122070312,87.54000091552734,87.47000122070312,87.54000091552734,17
2026-05-14 11:16:00+00:00,87.48999786376953,87.48999786376953,87.48999786376953,87.48999786376953,1
2026-05-14 11:17:00+00:00,87.40499877929688,87.44999694824219,87.4000015258789,87.44999694824219,20
2026-05-14 11:18:00+00:00,87.44499969482422,87.44499969482422,87.4000015258789,87.4000015258789,16
2026-05-14 11:19:00+00:00,87.38999938964844,87.44999694824219,87.38999938964844,87.43499755859375,23
2026-05-14 11:20:00+00:00,87.42500305175781,87.45500183105469,87.36000061035156,87.36000061035156,46
2026-05-14 11:21:00+00:00,87.3550033569336,87.44999694824219,87.3550033569336,87.44999694824219,14
2026-05-14 11:22:00+00:00,87.36499786376953,87.38999938964844,87.33999633789062,87.33999633789062,6
2026-05-14 11:23:00+00:00,87.30000305175781,87.33000183105469,87.29499816894531,87.33000183105469,11
2026-05-14 11:24:00+00:00,87.27999877929688,87.27999877929688,87.27999877929688,87.27999877929688,3
2026-05-14 11:25:00+00:00,87.0999984741211,87.26000213623047,87.0999984741211,87.23999786376953,92
2026-05-14 11:26:00+00:00,87.05000305175781,87.0999984741211,87.04000091552734,87.06999969482422,43
2026-05-14 11:27:00+00:00,87.16999816894531,87.19999694824219,87.06500244140625,87.06999969482422,39
2026-05-14 11:28:00+00:00,87.20999908447266,87.20999908447266,87.16500091552734,87.19999694824219,62
2026-05-14 11:29:00+00:00,87.12000274658203,87.21499633789062,87.12000274658203,87.21499633789062,14
2026-05-14 11:30:00+00:00,87.12000274658203,87.22000122070312,87.12000274658203,87.12000274658203,27
2026-05-14 11:31:00+00:00,87.08999633789062,87.13999938964844,87.08999633789062,87.11499786376953,33
2026-05-14 11:32:00+00:00,87.08000183105469,87.1050033569336,87.04000091552734,87.09500122070312,39
2026-05-14 11:33:00+00:00,87.20999908447266,87.21499633789062,87.06999969482422,87.06999969482422,14
2026-05-14 11:34:00+00:00,87.23500061035156,87.26000213623047,87.22000122070312,87.22000122070312,9
2026-05-14 11:35:00+00:00,87.20500183105469,87.25,87.20500183105469,87.2300033569336,17
2026-05-14 11:36:00+00:00,87.23999786376953,87.25,87.20999908447266,87.20999908447266,8
2026-05-14 11:37:00+00:00,87.2300033569336,87.26000213623047,87.22000122070312,87.23500061035156,16
2026-05-14 11:38:00+00:00,87.28500366210938,87.30000305175781,87.24500274658203,87.24500274658203,16
2026-05-14 11:39:00+00:00,87.3550033569336,87.36000061035156,87.27999877929688,87.27999877929688,21
2026-05-14 11:40:00+00:00,87.37999725341797,87.4000015258789,87.3499984741211,87.3550033569336,44
2026-05-14 11:41:00+00:00,87.37000274658203,87.38500213623047,87.37000274658203,87.38500213623047,6
2026-05-14 11:42:00+00:00,87.3949966430664,87.43000030517578,87.38500213623047,87.3949966430664,9
2026-05-14 11:43:00+00:00,87.31999969482422,87.3499984741211,87.31999969482422,87.34500122070312,5
2026-05-14 11:44:00+00:00,87.37999725341797,87.37999725341797,87.33999633789062,87.33999633789062,11
2026-05-14 11:45:00+00:00,87.33999633789062,87.33999633789062,87.31500244140625,87.31999969482422,7
2026-05-14 11:46:00+00:00,87.43000030517578,87.43000030517578,87.3550033569336,87.3550033569336,21
2026-05-14 11:47:00+00:00,87.48500061035156,87.49500274658203,87.45500183105469,87.47000122070312,12
2026-05-14 11:48:00+00:00,87.55999755859375,87.59500122070312,87.48500061035156,87.48500061035156,48
2026-05-14 11:49:00+00:00,87.54000091552734,87.56999969482422,87.5199966430664,87.56999969482422,17
2026-05-14 11:50:00+00:00,87.54499816894531,87.59500122070312,87.50499725341797,87.55000305175781,40
2026-05-14 11:51:00+00:00,87.58000183105469,87.58000183105469,87.55999755859375,87.55999755859375,5
2026-05-14 11:52:00+00:00,87.55999755859375,87.61000061035156,87.55999755859375,87.61000061035156,12
2026-05-14 11:53:00+00:00,87.54000091552734,87.55500030517578,87.54000091552734,87.54499816894531,15
2026-05-14 11:54:00+00:00,87.61000061035156,87.61000061035156,87.54499816894531,87.54499816894531,9
2026-05-14 11:55:00+00:00,87.62999725341797,87.62999725341797,87.57499694824219,87.57499694824219,14
2026-05-14 11:56:00+00:00,87.57499694824219,87.61000061035156,87.55500030517578,87.61000061035156,18
2026-05-14 11:57:00+00:00,87.45500183105469,87.58000183105469,87.44999694824219,87.58000183105469,13
2026-05-14 11:58:00+00:00,87.44000244140625,87.5199966430664,87.44000244140625,87.48500061035156,29
2026-05-14 11:59:00+00:00,87.29000091552734,87.48999786376953,87.29000091552734,87.46499633789062,43
2026-05-14 12:00:00+00:00,87.29000091552734,87.30000305175781,87.2300033569336,87.23999786376953,30
2026-05-14 12:01:00+00:00,87.48500061035156,87.49500274658203,87.29499816894531,87.31500244140625,31
2026-05-14 12:02:00+00:00,87.5250015258789,87.55999755859375,87.4800033569336,87.4800033569336,46
2026-05-14 12:03:00+00:00,87.55000305175781,87.58999633789062,87.5199966430664,87.54000091552734,20
2026-05-14 12:04:00+00:00,87.50499725341797,87.55500030517578,87.4749984741211,87.55500030517578,22
2026-05-14 12:05:00+00:00,87.41000366210938,87.48999786376953,87.375,87.48999786376953,39
2026-05-14 12:06:00+00:00,87.3949966430664,87.42500305175781,87.36499786376953,87.41999816894531,17
2026-05-14 12:07:00+00:00,87.45500183105469,87.4749984741211,87.42500305175781,87.43499755859375,12
2026-05-14 12:08:00+00:00,87.37000274658203,87.43000030517578,87.36000061035156,87.43000030517578,14
2026-05-14 12:09:00+00:00,87.42500305175781,87.42500305175781,87.38500213623047,87.38500213623047,6
2026-05-14 12:10:00+00:00,87.3949966430664,87.4749984741211,87.38999938964844,87.43000030517578,13
2026-05-14 12:11:00+00:00,87.50499725341797,87.50499725341797,87.44499969482422,87.45500183105469,7
2026-05-14 12:12:00+00:00,87.41000366210938,87.49500274658203,87.36499786376953,87.49500274658203,82
2026-05-14 12:13:00+00:00,87.4749984741211,87.48500061035156,87.42500305175781,87.44499969482422,30
2026-05-14 12:14:00+00:00,87.45999908447266,87.5,87.44999694824219,87.49500274658203,34
2026-05-14 12:15:00+00:00,87.52999877929688,87.56500244140625,87.46499633789062,87.48999786376953,18
2026-05-14 12:16:00+00:00,87.51499938964844,87.5250015258789,87.4800033569336,87.5250015258789,8
2026-05-14 12:17:00+00:00,87.46499633789062,87.5199966430664,87.45999908447266,87.5199966430664,5
2026-05-14 12:18:00+00:00,87.4749984741211,87.4749984741211,87.43499755859375,87.45999908447266,11
2026-05-14 12:19:00+00:00,87.4749984741211,87.48500061035156,87.42500305175781,87.4800033569336,25
2026-05-14 12:20:00+00:00,87.58499908447266,87.5999984741211,87.44999694824219,87.45999908447266,81
2026-05-14 12:21:00+00:00,87.58999633789062,87.6050033569336,87.4800033569336,87.5999984741211,55
2026-05-14 12:22:00+00:00,87.58499908447266,87.62999725341797,87.54499816894531,87.55500030517578,49
2026-05-14 12:23:00+00:00,87.51499938964844,87.625,87.50499725341797,87.6050033569336,74
2026-05-14 12:24:00+00:00,87.30500030517578,87.51499938964844,87.26000213623047,87.51499938964844,106
2026-05-14 12:25:00+00:00,87.29000091552734,87.37000274658203,87.21499633789062,87.32499694824219,97
2026-05-14 12:26:00+00:00,87.3499984741211,87.36000061035156,87.19999694824219,87.30000305175781,148
2026-05-14 12:27:00+00:00,87.30000305175781,87.3499984741211,87.30000305175781,87.33999633789062,17
2026-05-14 12:28:00+00:00,87.18000030517578,87.31999969482422,87.18000030517578,87.30999755859375,41
2026-05-14 12:29:00+00:00,87.1500015258789,87.19999694824219,87.11000061035156,87.16500091552734,79
2026-05-14 12:30:00+00:00,87.08499908447266,87.28500366210938,86.96499633789062,87.28500366210938,146
2026-05-14 12:31:00+00:00,87.1050033569336,87.16500091552734,87.07499694824219,87.08999633789062,62
2026-05-14 12:32:00+00:00,87.13500213623047,87.20999908447266,87.08000183105469,87.13500213623047,52
2026-05-14 12:33:00+00:00,87.18499755859375,87.25499725341797,87.1050033569336,87.1500015258789,60
2026-05-14 12:34:00+00:00,87.08999633789062,87.2249984741211,87.04499816894531,87.19000244140625,70
2026-05-14 12:35:00+00:00,87.22000122070312,87.26499938964844,87.01499938964844,87.07499694824219,186
2026-05-14 12:36:00+00:00,87.08999633789062,87.19999694824219,87.08999633789062,87.19999694824219,102
2026-05-14 12:37:00+00:00,87.1050033569336,87.23500061035156,87.1050033569336,87.11499786376953,43
2026-05-14 12:38:00+00:00,87.05999755859375,87.18000030517578,87.05999755859375,87.1050033569336,45
2026-05-14 12:39:00+00:00,87.19999694824219,87.25,87.06999969482422,87.06999969482422,75
2026-05-14 12:40:00+00:00,87.26499938964844,87.2750015258789,87.18499755859375,87.22000122070312,139
2026-05-14 12:41:00+00:00,87.25499725341797,87.26499938964844,87.17500305175781,87.26000213623047,30
2026-05-14 12:42:00+00:00,87.16000366210938,87.2699966430664,87.13999938964844,87.2699966430664,32
2026-05-14 12:43:00+00:00,87.00499725341797,87.17500305175781,86.98500061035156,87.1449966430664,102
2026-05-14 12:44:00+00:00,86.79499816894531,87.01499938964844,86.75,87.00499725341797,233
2026-05-14 12:45:00+00:00,86.83999633789062,86.8499984741211,86.66999816894531,86.78500366210938,136
2026-05-14 12:46:00+00:00,86.87000274658203,86.87999725341797,86.79499816894531,86.86499786376953,58
2026-05-14 12:47:00+00:00,86.94000244140625,86.96499633789062,86.86499786376953,86.87999725341797,72
2026-05-14 12:48:00+00:00,86.98500061035156,86.98999786376953,86.93000030517578,86.95500183105469,55
2026-05-14 12:49:00+00:00,87.1050033569336,87.12000274658203,87.0,87.0,37
2026-05-14 12:50:00+00:00,87.16500091552734,87.19499969482422,87.0999984741211,87.0999984741211,77
2026-05-14 12:51:00+00:00,87.08000183105469,87.17500305175781,87.08000183105469,87.17500305175781,52
2026-05-14 12:52:00+00:00,87.125,87.125,87.07499694824219,87.09500122070312,13
2026-05-14 12:53:00+00:00,87.08999633789062,87.12000274658203,87.0199966430664,87.12000274658203,51
2026-05-14 12:54:00+00:00,87.06999969482422,87.125,87.06999969482422,87.11000061035156,11
2026-05-14 12:55:00+00:00,87.08499908447266,87.12000274658203,87.06500244140625,87.08999633789062,17
2026-05-14 12:56:00+00:00,87.15499877929688,87.19499969482422,87.0999984741211,87.0999984741211,15
2026-05-14 12:57:00+00:00,87.13500213623047,87.23999786376953,87.13500213623047,87.18000030517578,73
2026-05-14 12:58:00+00:00,87.19000244140625,87.19499969482422,87.1449966430664,87.15499877929688,13
2026-05-14 12:59:00+00:00,87.125,87.22000122070312,87.1050033569336,87.19000244140625,51
2026-05-14 13:00:00+00:00,86.94999694824219,87.33499908447266,86.90499877929688,87.12000274658203,231
2026-05-14 13:01:00+00:00,86.86499786376953,86.98999786376953,86.80999755859375,86.96499633789062,172
2026-05-14 13:02:00+00:00,86.66500091552734,86.9000015258789,86.625,86.875,168
2026-05-14 13:03:00+00:00,86.55500030517578,86.71499633789062,86.4800033569336,86.69499969482422,285
2026-05-14 13:04:00+00:00,86.62000274658203,86.63999938964844,86.5199966430664,86.58999633789062,99
2026-05-14 13:05:00+00:00,86.75,86.75499725341797,86.61499786376953,86.61499786376953,68
2026-05-14 13:06:00+00:00,86.72000122070312,86.7750015258789,86.69499969482422,86.73999786376953,55
2026-05-14 13:07:00+00:00,86.69000244140625,86.77999877929688,86.625,86.69499969482422,85
2026-05-14 13:08:00+00:00,86.79000091552734,86.8499984741211,86.68000030517578,86.68499755859375,100
2026-05-14 13:09:00+00:00,86.70500183105469,86.7699966430664,86.61499786376953,86.7699966430664,91
2026-05-14 13:10:00+00:00,86.88500213623047,86.98999786376953,86.68499755859375,86.68499755859375,150
2026-05-14 13:11:00+00:00,86.86499786376953,86.90499877929688,86.83999633789062,86.87000274658203,18
2026-05-14 13:12:00+00:00,86.77999877929688,86.88999938964844,86.76000213623047,86.88999938964844,79
2026-05-14 13:13:00+00:00,86.81999969482422,86.83999633789062,86.75,86.80999755859375,40
2026-05-14 13:14:00+00:00,86.83999633789062,86.86499786376953,86.80999755859375,86.81999969482422,18
2026-05-14 13:15:00+00:00,86.72000122070312,86.87000274658203,86.68000030517578,86.8499984741211,28
2026-05-14 13:16:00+00:00,86.58999633789062,86.66500091552734,86.56999969482422,86.66500091552734,74
2026-05-14 13:17:00+00:00,86.47000122070312,86.59500122070312,86.41000366210938,86.59500122070312,210
2026-05-14 13:18:00+00:00,86.0999984741211,86.48999786376953,86.04000091552734,86.44999694824219,311
2026-05-14 13:19:00+00:00,86.0,86.21499633789062,85.76499938964844,86.12000274658203,659
2026-05-14 13:20:00+00:00,86.04499816894531,86.125,85.88999938964844,85.98999786376953,266
2026-05-14 13:21:00+00:00,86.25,86.26000213623047,86.05000305175781,86.06500244140625,207
2026-05-14 13:22:00+00:00,86.23500061035156,86.29499816894531,86.125,86.26499938964844,104
2026-05-14 13:23:00+00:00,86.31500244140625,86.3499984741211,86.12999725341797,86.2249984741211,158
2026-05-14 13:24:00+00:00,86.3499984741211,86.38999938964844,86.28500366210938,86.30000305175781,130
2026-05-14 13:25:00+00:00,86.38999938964844,86.4000015258789,86.30999755859375,86.33499908447266,81
2026-05-14 13:26:00+00:00,86.19999694824219,86.4000015258789,86.19999694824219,86.37000274658203,76
2026-05-14 13:27:00+00:00,86.01000213623047,86.34500122070312,86.01000213623047,86.24500274658203,59
2026-05-14 13:28:00+00:00,86.06999969482422,86.08000183105469,85.98999786376953,86.05500030517578,83
2026-05-14 13:29:00+00:00,85.94999694824219,86.09500122070312,85.92500305175781,86.05000305175781,107
2026-05-14 13:30:00+00:00,85.7300033569336,85.91000366210938,85.51000213623047,85.91000366210938,544
2026-05-14 13:31:00+00:00,85.68499755859375,85.75499725341797,85.51000213623047,85.72000122070312,263
2026-05-14 13:32:00+00:00,85.73999786376953,85.77999877929688,85.6449966430664,85.69499969482422,214
2026-05-14 13:33:00+00:00,85.41000366210938,85.75,85.31500244140625,85.75,335
2026-05-14 13:34:00+00:00,85.36499786376953,85.44000244140625,85.26499938964844,85.44000244140625,265
2026-05-14 13:35:00+00:00,85.28500366210938,85.45500183105469,85.24500274658203,85.37000274658203,119
2026-05-14 13:36:00+00:00,85.2300033569336,85.32499694824219,85.21499633789062,85.29499816894531,117
2026-05-14 13:37:00+00:00,85.19499969482422,85.30000305175781,85.16999816894531,85.2249984741211,107
2026-05-14 13:38:00+00:00,85.42500305175781,85.44000244140625,85.19499969482422,85.19499969482422,194
2026-05-14 13:39:00+00:00,85.51000213623047,85.55000305175781,85.41500091552734,85.41999816894531,220
2026-05-14 13:40:00+00:00,85.13500213623047,85.54499816894531,85.11499786376953,85.54499816894531,297
2026-05-14 13:41:00+00:00,85.04499816894531,85.21499633789062,84.95999908447266,85.11000061035156,342
2026-05-14 13:42:00+00:00,84.73500061035156,85.08000183105469,84.63999938964844,85.05000305175781,413
2026-05-14 13:43:00+00:00,84.98999786376953,85.04000091552734,84.7300033569336,84.74500274658203,252
2026-05-14 13:44:00+00:00,85.0199966430664,85.05000305175781,84.78500366210938,84.9749984741211,257
2026-05-14 13:45:00+00:00,85.2300033569336,85.33000183105469,85.00499725341797,85.00499725341797,292
2026-05-14 13:46:00+00:00,85.2249984741211,85.25,85.01499938964844,85.2300033569336,143
2026-05-14 13:47:00+00:00,85.125,85.28500366210938,85.12000274658203,85.21499633789062,105
2026-05-14 13:48:00+00:00,85.16000366210938,85.18499755859375,85.01499938964844,85.0999984741211,95
2026-05-14 13:49:00+00:00,85.32499694824219,85.4000015258789,85.1500015258789,85.17500305175781,110
2026-05-14 13:50:00+00:00,85.18499755859375,85.4000015258789,85.18499755859375,85.32499694824219,199
2026-05-14 13:51:00+00:00,85.16999816894531,85.25499725341797,85.0999984741211,85.18499755859375,112
2026-05-14 13:52:00+00:00,85.0,85.1500015258789,84.92500305175781,85.1500015258789,133
2026-05-14 13:53:00+00:00,85.12999725341797,85.12999725341797,84.96499633789062,84.98999786376953,63
2026-05-14 13:54:00+00:00,85.16999816894531,85.16999816894531,85.0,85.13500213623047,35
2026-05-14 13:55:00+00:00,85.04000091552734,85.19499969482422,84.9749984741211,85.19000244140625,71
2026-05-14 13:56:00+00:00,84.94499969482422,85.06500244140625,84.9000015258789,85.01499938964844,104
2026-05-14 13:57:00+00:00,84.74500274658203,84.9749984741211,84.7300033569336,84.94000244140625,195
2026-05-14 13:58:00+00:00,84.76499938964844,84.86000061035156,84.66999816894531,84.75,134
2026-05-14 13:59:00+00:00,84.48500061035156,84.80500030517578,84.375,84.80000305175781,383
2026-05-14 14:00:00+00:00,84.63999938964844,84.69000244140625,84.36000061035156,84.47000122070312,412
2026-05-14 14:01:00+00:00,84.81500244140625,84.8550033569336,84.6050033569336,84.62999725341797,171
2026-05-14 14:02:00+00:00,84.83000183105469,84.87999725341797,84.7699966430664,84.79499816894531,92
2026-05-14 14:03:00+00:00,84.84500122070312,84.88999938964844,84.7249984741211,84.81500244140625,107
2026-05-14 14:04:00+00:00,84.80000305175781,84.86000061035156,84.66500091552734,84.8550033569336,95
2026-05-14 14:05:00+00:00,84.74500274658203,84.83000183105469,84.66000366210938,84.81500244140625,59
2026-05-14 14:06:00+00:00,84.69999694824219,84.81999969482422,84.69999694824219,84.75,78
2026-05-14 14:07:00+00:00,84.55000305175781,84.74500274658203,84.52999877929688,84.70500183105469,67
2026-05-14 14:08:00+00:00,84.51499938964844,84.56999969482422,84.38500213623047,84.56500244140625,191
2026-05-14 14:09:00+00:00,84.65499877929688,84.70500183105469,84.46499633789062,84.5,116
2026-05-14 14:10:00+00:00,84.91000366210938,84.91000366210938,84.67500305175781,84.69999694824219,97
2026-05-14 14:11:00+00:00,84.98999786376953,85.00499725341797,84.8550033569336,84.91500091552734,144
2026-05-14 14:12:00+00:00,85.13999938964844,85.15499877929688,84.95999908447266,84.9749984741211,243
2026-05-14 14:13:00+00:00,85.04499816894531,85.16500091552734,84.93000030517578,85.13999938964844,210
2026-05-14 14:14:00+00:00,85.125,85.125,85.00499725341797,85.02999877929688,76
2026-05-14 14:15:00+00:00,85.21499633789062,85.21499633789062,85.03500366210938,85.12999725341797,160
2026-05-14 14:16:00+00:00,85.28500366210938,85.28500366210938,85.09500122070312,85.22000122070312,159
2026-05-14 14:17:00+00:00,85.27999877929688,85.30000305175781,85.2249984741211,85.29000091552734,102
2026-05-14 14:18:00+00:00,85.31500244140625,85.31500244140625,85.23500061035156,85.26000213623047,92
2026-05-14 14:19:00+00:00,85.41000366210938,85.42500305175781,85.31500244140625,85.31500244140625,148
2026-05-14 14:20:00+00:00,85.50499725341797,85.57499694824219,85.43000030517578,85.43000030517578,228
2026-05-14 14:21:00+00:00,85.58000183105469,85.58000183105469,85.44000244140625,85.5,160
2026-05-14 14:22:00+00:00,85.45999908447266,85.6050033569336,85.45999908447266,85.55999755859375,85
2026-05-14 14:23:00+00:00,85.36499786376953,85.48500061035156,85.36499786376953,85.46499633789062,119
2026-05-14 14:24:00+00:00,85.30500030517578,85.41500091552734,85.25499725341797,85.4000015258789,63
2026-05-14 14:25:00+00:00,85.13500213623047,85.31999969482422,85.13500213623047,85.30000305175781,65
2026-05-14 14:26:00+00:00,85.19499969482422,85.2300033569336,85.08999633789062,85.1449966430664,95
2026-05-14 14:27:00+00:00,85.19999694824219,85.26000213623047,85.15499877929688,85.23500061035156,66
2026-05-14 14:28:00+00:00,85.25499725341797,85.2699966430664,85.15499877929688,85.20999908447266,40
2026-05-14 14:29:00+00:00,85.2249984741211,85.2249984741211,85.125,85.21499633789062,48
2026-05-14 14:30:00+00:00,85.19000244140625,85.2249984741211,85.16999816894531,85.20999908447266,19
2026-05-14 14:31:00+00:00,85.32499694824219,85.41500091552734,85.23500061035156,85.23500061035156,99
2026-05-14 14:32:00+00:00,85.25,85.3550033569336,85.25,85.33999633789062,33
2026-05-14 14:33:00+00:00,85.26000213623047,85.29000091552734,85.19499969482422,85.26499938964844,71
2026-05-14 14:34:00+00:00,85.30999755859375,85.30999755859375,85.2300033569336,85.2300033569336,38
2026-05-14 14:35:00+00:00,85.37999725341797,85.41000366210938,85.26499938964844,85.33000183105469,58
2026-05-14 14:36:00+00:00,85.30999755859375,85.41000366210938,85.28500366210938,85.41000366210938,48
2026-05-14 14:37:00+00:00,85.4000015258789,85.4000015258789,85.30000305175781,85.30000305175781,49
2026-05-14 14:38:00+00:00,85.37000274658203,85.43000030517578,85.30999755859375,85.4000015258789,32
2026-05-14 14:39:00+00:00,85.3499984741211,85.38999938964844,85.33499908447266,85.3550033569336,29
2026-05-14 14:40:00+00:00,85.5,85.51499938964844,85.33999633789062,85.36499786376953,85
2026-05-14 14:41:00+00:00,85.4749984741211,85.54000091552734,85.44999694824219,85.50499725341797,64
2026-05-14 14:42:00+00:00,85.51499938964844,85.55999755859375,85.47000122070312,85.47000122070312,61
2026-05-14 14:43:00+00:00,85.26000213623047,85.45999908447266,85.26000213623047,85.45999908447266,49
2026-05-14 14:44:00+00:00,85.36000061035156,85.37000274658203,85.26499938964844,85.26499938964844,76
2026-05-14 14:45:00+00:00,85.42500305175781,85.47000122070312,85.37000274658203,85.37000274658203,49
2026-05-14 14:46:00+00:00,85.32499694824219,85.48500061035156,85.30500030517578,85.44000244140625,36
2026-05-14 14:47:00+00:00,85.375,85.40499877929688,85.33999633789062,85.33999633789062,14
2026-05-14 14:48:00+00:00,85.375,85.46499633789062,85.36000061035156,85.375,34
2026-05-14 14:49:00+00:00,85.375,85.375,85.30000305175781,85.36000061035156,20
2026-05-14 14:50:00+00:00,85.51000213623047,85.51499938964844,85.3949966430664,85.41000366210938,35
2026-05-14 14:51:00+00:00,85.45500183105469,85.49500274658203,85.40499877929688,85.49500274658203,34
2026-05-14 14:52:00+00:00,85.33999633789062,85.4800033569336,85.33999633789062,85.4800033569336,23
2026-05-14 14:53:00+00:00,85.30999755859375,85.37999725341797,85.25499725341797,85.36000061035156,49
2026-05-14 14:54:00+00:00,85.25499725341797,85.32499694824219,85.1500015258789,85.32499694824219,47
2026-05-14 14:55:00+00:00,85.44000244140625,85.44000244140625,85.24500274658203,85.24500274658203,42
2026-05-14 14:56:00+00:00,85.33000183105469,85.43000030517578,85.30500030517578,85.43000030517578,57
2026-05-14 14:57:00+00:00,85.18499755859375,85.3550033569336,85.12000274658203,85.31999969482422,80
2026-05-14 14:58:00+00:00,85.22000122070312,85.24500274658203,85.17500305175781,85.18499755859375,55
2026-05-14 14:59:00+00:00,85.0199966430664,85.19999694824219,85.0199966430664,85.19999694824219,54
2026-05-14 15:00:00+00:00,85.08999633789062,85.08999633789062,84.97000122070312,85.01000213623047,177
2026-05-14 15:01:00+00:00,85.21499633789062,85.2300033569336,85.04499816894531,85.08000183105469,77
2026-05-14 15:02:00+00:00,85.2249984741211,85.26000213623047,85.17500305175781,85.2249984741211,38
2026-05-14 15:03:00+00:00,85.11499786376953,85.21499633789062,85.11499786376953,85.19999694824219,43
2026-05-14 15:04:00+00:00,85.0,85.13500213623047,84.9749984741211,85.13500213623047,149
2026-05-14 15:05:00+00:00,85.12000274658203,85.16000366210938,85.0199966430664,85.0199966430664,56
2026-05-14 15:06:00+00:00,85.20999908447266,85.20999908447266,85.12999725341797,85.1500015258789,47
2026-05-14 15:07:00+00:00,85.18499755859375,85.25,85.17500305175781,85.25,25
2026-05-14 15:08:00+00:00,85.19499969482422,85.22000122070312,85.18000030517578,85.18000030517578,13
2026-05-14 15:09:00+00:00,85.28500366210938,85.29499816894531,85.19000244140625,85.22000122070312,14
2026-05-14 15:10:00+00:00,85.33499908447266,85.3499984741211,85.24500274658203,85.29499816894531,39
2026-05-14 15:11:00+00:00,85.32499694824219,85.3550033569336,85.30000305175781,85.31999969482422,31
2026-05-14 15:12:00+00:00,85.33499908447266,85.3550033569336,85.30999755859375,85.3550033569336,21
2026-05-14 15:13:00+00:00,85.38500213623047,85.38500213623047,85.29000091552734,85.30999755859375,14
2026-05-14 15:14:00+00:00,85.33999633789062,85.41000366210938,85.33499908447266,85.40499877929688,32
2026-05-14 15:15:00+00:00,85.375,85.375,85.20999908447266,85.33499908447266,58
2026-05-14 15:16:00+00:00,85.48500061035156,85.50499725341797,85.3949966430664,85.4000015258789,84
2026-05-14 15:17:00+00:00,85.50499725341797,85.50499725341797,85.45500183105469,85.49500274658203,41
2026-05-14 15:18:00+00:00,85.58999633789062,85.5999984741211,85.4800033569336,85.51499938964844,67
2026-05-14 15:19:00+00:00,85.56999969482422,85.65499877929688,85.56999969482422,85.58000183105469,123
2026-05-14 15:20:00+00:00,85.51499938964844,85.5999984741211,85.51499938964844,85.55000305175781,61
2026-05-14 15:21:00+00:00,85.51499938964844,85.55999755859375,85.48999786376953,85.51000213623047,30
2026-05-14 15:22:00+00:00,85.58999633789062,85.58999633789062,85.53500366210938,85.55000305175781,71
2026-05-14 15:23:00+00:00,85.58499908447266,85.63500213623047,85.55500030517578,85.58000183105469,42
2026-05-14 15:24:00+00:00,85.66999816894531,85.69999694824219,85.58000183105469,85.61000061035156,56
2026-05-14 15:25:00+00:00,85.71499633789062,85.7249984741211,85.625,85.67500305175781,38
2026-05-14 15:26:00+00:00,85.70500183105469,85.74500274658203,85.69999694824219,85.71499633789062,64
2026-05-14 15:27:00+00:00,85.72000122070312,85.76499938964844,85.69499969482422,85.71499633789062,62
2026-05-14 15:28:00+00:00,85.68499755859375,85.73500061035156,85.66999816894531,85.73500061035156,33
2026-05-14 15:29:00+00:00,85.67500305175781,85.69499969482422,85.6449966430664,85.66500091552734,57
2026-05-14 15:30:00+00:00,85.72000122070312,85.72000122070312,85.6050033569336,85.6050033569336,29
2026-05-14 15:31:00+00:00,85.69499969482422,85.70999908447266,85.66999816894531,85.70999908447266,27
2026-05-14 15:32:00+00:00,85.65499877929688,85.68499755859375,85.65499877929688,85.68000030517578,13
2026-05-14 15:33:00+00:00,85.75,85.80000305175781,85.68499755859375,85.68499755859375,56
2026-05-14 15:34:00+00:00,85.80500030517578,85.80500030517578,85.73999786376953,85.75,32
2026-05-14 15:35:00+00:00,85.7699966430664,85.80000305175781,85.74500274658203,85.80000305175781,18
2026-05-14 15:36:00+00:00,85.70999908447266,85.7699966430664,85.67500305175781,85.76000213623047,52
2026-05-14 15:37:00+00:00,85.66000366210938,85.76499938964844,85.63999938964844,85.73999786376953,28
2026-05-14 15:38:00+00:00,85.61000061035156,85.68499755859375,85.58000183105469,85.67500305175781,56
2026-05-14 15:39:00+00:00,85.67500305175781,85.67500305175781,85.59500122070312,85.61000061035156,44
2026-05-14 15:40:00+00:00,85.6449966430664,85.70999908447266,85.6449966430664,85.66500091552734,39
2026-05-14 15:41:00+00:00,85.61000061035156,85.7300033569336,85.61000061035156,85.67500305175781,71
2026-05-14 15:42:00+00:00,85.59500122070312,85.6050033569336,85.55999755859375,85.6050033569336,50
2026-05-14 15:43:00+00:00,85.50499725341797,85.58499908447266,85.47000122070312,85.58499908447266,52
2026-05-14 15:44:00+00:00,85.54499816894531,85.55999755859375,85.50499725341797,85.50499725341797,17
2026-05-14 15:45:00+00:00,85.55000305175781,85.58000183105469,85.53500366210938,85.57499694824219,27
2026-05-14 15:46:00+00:00,85.49500274658203,85.56999969482422,85.49500274658203,85.5250015258789,43
2026-05-14 15:47:00+00:00,85.49500274658203,85.51499938964844,85.46499633789062,85.51000213623047,35
2026-05-14 15:48:00+00:00,85.58999633789062,85.625,85.48500061035156,85.5,48
2026-05-14 15:49:00+00:00,85.58000183105469,85.58499908447266,85.55000305175781,85.57499694824219,18
2026-05-14 15:50:00+00:00,85.46499633789062,85.59500122070312,85.41000366210938,85.58999633789062,56
2026-05-14 15:51:00+00:00,85.44999694824219,85.4800033569336,85.44999694824219,85.47000122070312,10
2026-05-14 15:52:00+00:00,85.4000015258789,85.51499938964844,85.37999725341797,85.4749984741211,53
2026-05-14 15:53:00+00:00,85.43499755859375,85.43499755859375,85.37999725341797,85.41500091552734,20
2026-05-14 15:54:00+00:00,85.41000366210938,85.47000122070312,85.41000366210938,85.44499969482422,12
2026-05-14 15:55:00+00:00,85.3550033569336,85.4800033569336,85.28500366210938,85.45500183105469,107
2026-05-14 15:56:00+00:00,85.4000015258789,85.41999816894531,85.36000061035156,85.375,24
2026-05-14 15:57:00+00:00,85.42500305175781,85.42500305175781,85.3550033569336,85.4000015258789,39
2026-05-14 15:58:00+00:00,85.4000015258789,85.43000030517578,85.38999938964844,85.43000030517578,11
2026-05-14 15:59:00+00:00,85.43499755859375,85.45500183105469,85.41999816894531,85.41999816894531,23
2026-05-14 16:00:00+00:00,85.41999816894531,85.54000091552734,85.41999816894531,85.44499969482422,37
2026-05-14 16:01:00+00:00,85.33000183105469,85.48500061035156,85.31999969482422,85.42500305175781,113
2026-05-14 16:02:00+00:00,85.2699966430664,85.33999633789062,85.2699966430664,85.33499908447266,23
2026-05-14 16:03:00+00:00,85.19499969482422,85.30000305175781,85.12999725341797,85.2750015258789,116
2026-05-14 16:04:00+00:00,85.22000122070312,85.22000122070312,85.13500213623047,85.18000030517578,40
2026-05-14 16:05:00+00:00,85.26000213623047,85.30999755859375,85.1449966430664,85.2249984741211,74
2026-05-14 16:06:00+00:00,85.23999786376953,85.2750015258789,85.21499633789062,85.2750015258789,42
2026-05-14 16:07:00+00:00,85.19499969482422,85.2249984741211,85.16000366210938,85.2249984741211,18
2026-05-14 16:08:00+00:00,85.20999908447266,85.20999908447266,85.13500213623047,85.16500091552734,38
2026-05-14 16:09:00+00:00,85.30000305175781,85.30000305175781,85.20500183105469,85.20999908447266,20
2026-05-14 16:10:00+00:00,85.30500030517578,85.32499694824219,85.23999786376953,85.29499816894531,31
2026-05-14 16:11:00+00:00,85.34500122070312,85.37000274658203,85.31500244140625,85.33999633789062,40
2026-05-14 16:12:00+00:00,85.40499877929688,85.44499969482422,85.3550033569336,85.3550033569336,44
2026-05-14 16:13:00+00:00,85.38500213623047,85.44999694824219,85.36499786376953,85.38999938964844,32
2026-05-14 16:14:00+00:00,85.33999633789062,85.41000366210938,85.32499694824219,85.375,28
2026-05-14 16:15:00+00:00,85.47000122070312,85.47000122070312,85.3499984741211,85.3550033569336,18
2026-05-14 16:16:00+00:00,85.41500091552734,85.4749984741211,85.40499877929688,85.4749984741211,19
2026-05-14 16:17:00+00:00,85.47000122070312,85.47000122070312,85.42500305175781,85.42500305175781,14
2026-05-14 16:18:00+00:00,85.5199966430664,85.53500366210938,85.4800033569336,85.4800033569336,26
2026-05-14 16:19:00+00:00,85.50499725341797,85.51499938964844,85.48500061035156,85.5,14
2026-05-14 16:20:00+00:00,85.44499969482422,85.5,85.44000244140625,85.5,19
2026-05-14 16:21:00+00:00,85.49500274658203,85.5,85.43499755859375,85.44499969482422,8
2026-05-14 16:22:00+00:00,85.34500122070312,85.51499938964844,85.32499694824219,85.51000213623047,61
2026-05-14 16:23:00+00:00,85.36000061035156,85.36000061035156,85.33499908447266,85.34500122070312,21
2026-05-14 16:24:00+00:00,85.29499816894531,85.36499786376953,85.29499816894531,85.36000061035156,33
2026-05-14 16:25:00+00:00,85.2699966430664,85.30000305175781,85.23999786376953,85.29499816894531,23
2026-05-14 16:26:00+00:00,85.19999694824219,85.26000213623047,85.17500305175781,85.26000213623047,45
2026-05-14 16:27:00+00:00,85.2699966430664,85.2699966430664,85.18000030517578,85.19999694824219,36
2026-05-14 16:28:00+00:00,85.19499969482422,85.25499725341797,85.16500091552734,85.25499725341797,19
2026-05-14 16:29:00+00:00,85.19000244140625,85.19999694824219,85.18000030517578,85.18000030517578,11
2026-05-14 16:30:00+00:00,85.18499755859375,85.26000213623047,85.16999816894531,85.2249984741211,25
2026-05-14 16:31:00+00:00,85.16500091552734,85.23500061035156,85.12999725341797,85.19499969482422,35
2026-05-14 16:32:00+00:00,85.23500061035156,85.24500274658203,85.17500305175781,85.17500305175781,22
2026-05-14 16:33:00+00:00,85.13999938964844,85.22000122070312,85.11000061035156,85.22000122070312,23
2026-05-14 16:34:00+00:00,85.11000061035156,85.17500305175781,85.11000061035156,85.11000061035156,23
2026-05-14 16:35:00+00:00,84.98999786376953,85.16000366210938,84.9800033569336,85.1500015258789,43
2026-05-14 16:36:00+00:00,84.93499755859375,85.03500366210938,84.81999969482422,85.01499938964844,220
2026-05-14 16:37:00+00:00,84.95500183105469,84.95999908447266,84.91000366210938,84.94000244140625,72
2026-05-14 16:38:00+00:00,85.06500244140625,85.06500244140625,84.9800033569336,84.9800033569336,37
2026-05-14 16:39:00+00:00,84.98500061035156,85.06999969482422,84.96499633789062,85.06999969482422,27
2026-05-14 16:40:00+00:00,85.05999755859375,85.13999938964844,85.0199966430664,85.0199966430664,28
2026-05-14 16:41:00+00:00,85.15499877929688,85.15499877929688,85.05999755859375,85.05999755859375,54
2026-05-14 16:42:00+00:00,85.19499969482422,85.23500061035156,85.13500213623047,85.16000366210938,63
2026-05-14 16:43:00+00:00,85.18000030517578,85.19499969482422,85.1449966430664,85.19000244140625,32
2026-05-14 16:44:00+00:00,85.16000366210938,85.16000366210938,85.09500122070312,85.1500015258789,18
2026-05-14 16:45:00+00:00,85.07499694824219,85.21499633789062,85.03500366210938,85.1500015258789,86
2026-05-14 16:46:00+00:00,85.11000061035156,85.11000061035156,85.05999755859375,85.06999969482422,17
2026-05-14 16:47:00+00:00,85.15499877929688,85.15499877929688,85.1050033569336,85.1050033569336,17
2026-05-14 16:48:00+00:00,85.20999908447266,85.20999908447266,85.1500015258789,85.19000244140625,18
2026-05-14 16:49:00+00:00,85.2249984741211,85.24500274658203,85.18000030517578,85.22000122070312,49
2026-05-14 16:50:00+00:00,85.22000122070312,85.23999786376953,85.19499969482422,85.22000122070312,21
2026-05-14 16:51:00+00:00,85.2300033569336,85.2699966430664,85.22000122070312,85.22000122070312,13
2026-05-14 16:52:00+00:00,85.23500061035156,85.24500274658203,85.19999694824219,85.23999786376953,11
2026-05-14 16:53:00+00:00,85.30500030517578,85.31500244140625,85.22000122070312,85.26000213623047,108
2026-05-14 16:54:00+00:00,85.27999877929688,85.30999755859375,85.26000213623047,85.29000091552734,31
2026-05-14 16:55:00+00:00,85.30500030517578,85.32499694824219,85.27999877929688,85.28500366210938,148
2026-05-14 16:56:00+00:00,85.2249984741211,85.29000091552734,85.16500091552734,85.29000091552734,50
2026-05-14 16:57:00+00:00,85.26499938964844,85.2699966430664,85.21499633789062,85.2300033569336,26
2026-05-14 16:58:00+00:00,85.27999877929688,85.29000091552734,85.26000213623047,85.28500366210938,40
2026-05-14 16:59:00+00:00,85.28500366210938,85.33999633789062,85.2699966430664,85.2750015258789,28
2026-05-14 17:00:00+00:00,85.38500213623047,85.41999816894531,85.30000305175781,85.30000305175781,46
2026-05-14 17:01:00+00:00,85.3949966430664,85.44000244140625,85.36000061035156,85.40499877929688,74
2026-05-14 17:02:00+00:00,85.4000015258789,85.4000015258789,85.3550033569336,85.37999725341797,43
2026-05-14 17:03:00+00:00,85.41500091552734,85.44000244140625,85.38500213623047,85.3949966430664,57
2026-05-14 17:04:00+00:00,85.41500091552734,85.42500305175781,85.37000274658203,85.3949966430664,37
2026-05-14 17:05:00+00:00,85.38999938964844,85.4749984741211,85.38999938964844,85.43499755859375,75
2026-05-14 17:06:00+00:00,85.31999969482422,85.4000015258789,85.29499816894531,85.4000015258789,34
2026-05-14 17:07:00+00:00,85.26000213623047,85.33999633789062,85.26000213623047,85.32499694824219,42
2026-05-14 17:08:00+00:00,85.2699966430664,85.32499694824219,85.26000213623047,85.27999877929688,21
2026-05-14 17:09:00+00:00,85.15499877929688,85.2699966430664,85.15499877929688,85.2699966430664,82
2026-05-14 17:10:00+00:00,85.19000244140625,85.2249984741211,85.1449966430664,85.16999816894531,61
2026-05-14 17:11:00+00:00,85.19999694824219,85.2300033569336,85.15499877929688,85.19999694824219,28
2026-05-14 17:12:00+00:00,85.11000061035156,85.20999908447266,85.11000061035156,85.20999908447266,45
2026-05-14 17:13:00+00:00,85.1500015258789,85.17500305175781,85.12000274658203,85.125,29
2026-05-14 17:14:00+00:00,85.17500305175781,85.20999908447266,85.13500213623047,85.1500015258789,47
2026-05-14 17:15:00+00:00,85.22000122070312,85.2249984741211,85.12999725341797,85.16000366210938,29
2026-05-14 17:16:00+00:00,85.21499633789062,85.24500274658203,85.19999694824219,85.23999786376953,35
2026-05-14 17:17:00+00:00,85.18499755859375,85.23500061035156,85.1449966430664,85.23500061035156,31
2026-05-14 17:18:00+00:00,85.125,85.19000244140625,85.11000061035156,85.19000244140625,36
2026-05-14 17:19:00+00:00,85.16500091552734,85.16500091552734,85.12000274658203,85.12999725341797,46
2026-05-14 17:20:00+00:00,85.26000213623047,85.2750015258789,85.16500091552734,85.16500091552734,59
2026-05-14 17:21:00+00:00,85.3499984741211,85.38500213623047,85.2699966430664,85.2699966430664,93
2026-05-14 17:22:00+00:00,85.4000015258789,85.4000015258789,85.31999969482422,85.33499908447266,72
2026-05-14 17:23:00+00:00,85.33999633789062,85.40499877929688,85.30999755859375,85.4000015258789,64
2026-05-14 17:24:00+00:00,85.28500366210938,85.42500305175781,85.2699966430664,85.3550033569336,554
2026-05-14 17:25:00+00:00,85.30999755859375,85.31999969482422,85.26499938964844,85.28500366210938,99
2026-05-14 17:26:00+00:00,85.33000183105469,85.33999633789062,85.25,85.31999969482422,26
2026-05-14 17:27:00+00:00,85.32499694824219,85.34500122070312,85.28500366210938,85.34500122070312,30
2026-05-14 17:28:00+00:00,85.32499694824219,85.34500122070312,85.30999755859375,85.31999969482422,18
2026-05-14 17:29:00+00:00,85.27999877929688,85.36499786376953,85.27999877929688,85.30999755859375,26
2026-05-14 17:30:00+00:00,85.25499725341797,85.33000183105469,85.2300033569336,85.30999755859375,19
2026-05-14 17:31:00+00:00,85.2300033569336,85.32499694824219,85.2300033569336,85.30000305175781,11
2026-05-14 17:32:00+00:00,85.27999877929688,85.27999877929688,85.25499725341797,85.25499725341797,18
2026-05-14 17:33:00+00:00,85.23999786376953,85.30500030517578,85.23999786376953,85.2750015258789,38
2026-05-14 17:34:00+00:00,85.29000091552734,85.29000091552734,85.23999786376953,85.24500274658203,15
2026-05-14 17:35:00+00:00,85.28500366210938,85.30500030517578,85.25499725341797,85.26000213623047,27
2026-05-14 17:36:00+00:00,85.33000183105469,85.33000183105469,85.2699966430664,85.29000091552734,13
2026-05-14 17:37:00+00:00,85.30999755859375,85.34500122070312,85.30999755859375,85.33499908447266,10
2026-05-14 17:38:00+00:00,85.31999969482422,85.32499694824219,85.30000305175781,85.30999755859375,6
2026-05-14 17:40:00+00:00,85.3949966430664,85.41999816894531,85.30999755859375,85.30999755859375,28
2026-05-14 17:41:00+00:00,85.38500213623047,85.3949966430664,85.3550033569336,85.38500213623047,14
2026-05-14 17:42:00+00:00,85.47000122070312,85.47000122070312,85.41000366210938,85.41000366210938,14
2026-05-14 17:43:00+00:00,85.4749984741211,85.51000213623047,85.44999694824219,85.46499633789062,42
2026-05-14 17:44:00+00:00,85.47000122070312,85.48500061035156,85.44000244140625,85.45500183105469,24
2026-05-14 17:45:00+00:00,85.41500091552734,85.4800033569336,85.3949966430664,85.46499633789062,163
2026-05-14 17:46:00+00:00,85.44499969482422,85.44999694824219,85.41000366210938,85.42500305175781,54
2026-05-14 17:47:00+00:00,85.41500091552734,85.48500061035156,85.38500213623047,85.47000122070312,46
2026-05-14 17:48:00+00:00,85.41000366210938,85.42500305175781,85.40499877929688,85.41999816894531,7
2026-05-14 17:49:00+00:00,85.45999908447266,85.46499633789062,85.43000030517578,85.44000244140625,15
2026-05-14 17:50:00+00:00,85.48500061035156,85.48500061035156,85.46499633789062,85.46499633789062,18
2026-05-14 17:51:00+00:00,85.44499969482422,85.44499969482422,85.37999725341797,85.42500305175781,23
2026-05-14 17:52:00+00:00,85.37999725341797,85.45500183105469,85.37999725341797,85.45500183105469,16
2026-05-14 17:53:00+00:00,85.41999816894531,85.41999816894531,85.4000015258789,85.4000015258789,4
2026-05-14 17:54:00+00:00,85.37999725341797,85.41000366210938,85.3499984741211,85.41000366210938,13
2026-05-14 17:55:00+00:00,85.42500305175781,85.44000244140625,85.38500213623047,85.38500213623047,24
2026-05-14 17:56:00+00:00,85.3499984741211,85.41999816894531,85.33999633789062,85.41999816894531,14
2026-05-14 17:57:00+00:00,85.38500213623047,85.38500213623047,85.3550033569336,85.36499786376953,10
2026-05-14 17:58:00+00:00,85.34500122070312,85.3499984741211,85.34500122070312,85.3499984741211,3
2026-05-14 17:59:00+00:00,85.33499908447266,85.36000061035156,85.33499908447266,85.3499984741211,7
2026-05-14 18:00:00+00:00,85.20500183105469,85.33499908447266,85.18499755859375,85.33499908447266,61
2026-05-14 18:01:00+00:00,85.03500366210938,85.22000122070312,85.02999877929688,85.20999908447266,152
2026-05-14 18:02:00+00:00,85.05500030517578,85.1500015258789,85.01000213623047,85.01000213623047,60
2026-05-14 18:03:00+00:00,84.96499633789062,85.0250015258789,84.88500213623047,85.0250015258789,121
2026-05-14 18:04:00+00:00,84.93499755859375,85.0199966430664,84.9000015258789,84.98500061035156,65
2026-05-14 18:05:00+00:00,84.95999908447266,85.0,84.91000366210938,84.93000030517578,60
2026-05-14 18:06:00+00:00,85.12999725341797,85.13500213623047,84.93499755859375,84.93499755859375,64
2026-05-14 18:07:00+00:00,85.0999984741211,85.0999984741211,85.06999969482422,85.08999633789062,5
2026-05-14 18:08:00+00:00,85.16500091552734,85.16500091552734,85.11000061035156,85.11000061035156,37
2026-05-14 18:09:00+00:00,85.08999633789062,85.11499786376953,85.08999633789062,85.11000061035156,10
2026-05-14 18:10:00+00:00,85.08999633789062,85.1050033569336,85.08499908447266,85.1050033569336,5
2026-05-14 18:11:00+00:00,85.06999969482422,85.13999938964844,85.04499816894531,85.13500213623047,9
2026-05-14 18:12:00+00:00,85.11499786376953,85.11499786376953,85.08000183105469,85.08000183105469,12
2026-05-14 18:13:00+00:00,85.0999984741211,85.0999984741211,85.08499908447266,85.08499908447266,12
2026-05-14 18:14:00+00:00,85.18000030517578,85.23500061035156,85.12999725341797,85.12999725341797,76
2026-05-14 18:15:00+00:00,85.20999908447266,85.20999908447266,85.16500091552734,85.17500305175781,10
2026-05-14 18:16:00+00:00,85.19999694824219,85.22000122070312,85.19999694824219,85.22000122070312,6
2026-05-14 18:17:00+00:00,85.2249984741211,85.2300033569336,85.18499755859375,85.18499755859375,15
2026-05-14 18:18:00+00:00,85.20999908447266,85.2300033569336,85.20999908447266,85.22000122070312,8
2026-05-14 18:19:00+00:00,85.20999908447266,85.2249984741211,85.19999694824219,85.20500183105469,10
2026-05-14 18:20:00+00:00,85.23500061035156,85.26000213623047,85.21499633789062,85.2300033569336,10
2026-05-14 18:21:00+00:00,85.2300033569336,85.23999786376953,85.19999694824219,85.2300033569336,13
2026-05-14 18:22:00+00:00,85.19999694824219,85.19999694824219,85.19999694824219,85.19999694824219,2
2026-05-14 18:23:00+00:00,85.1449966430664,85.19000244140625,85.13999938964844,85.19000244140625,6
2026-05-14 18:24:00+00:00,85.16000366210938,85.20500183105469,85.1500015258789,85.1500015258789,6
2026-05-14 18:25:00+00:00,85.16999816894531,85.16999816894531,85.13999938964844,85.1500015258789,17
2026-05-14 18:26:00+00:00,85.16500091552734,85.16500091552734,85.16500091552734,85.16500091552734,1
2026-05-14 18:27:00+00:00,85.16500091552734,85.16500091552734,85.13999938964844,85.13999938964844,2
2026-05-14 18:28:00+00:00,85.08999633789062,85.0999984741211,85.08999633789062,85.0999984741211,2
2026-05-14 18:29:00+00:00,85.0999984741211,85.12000274658203,85.0999984741211,85.11000061035156,13
2026-05-14 18:30:00+00:00,85.1050033569336,85.12999725341797,85.08000183105469,85.08000183105469,34
2026-05-14 18:31:00+00:00,85.11000061035156,85.11499786376953,85.05999755859375,85.08999633789062,11
2026-05-14 18:32:00+00:00,85.11000061035156,85.13999938964844,85.09500122070312,85.09500122070312,7
2026-05-14 18:33:00+00:00,85.0999984741211,85.12999725341797,85.0999984741211,85.12999725341797,4
2026-05-14 18:34:00+00:00,85.07499694824219,85.07499694824219,85.05999755859375,85.05999755859375,2
2026-05-14 18:35:00+00:00,85.0999984741211,85.0999984741211,85.08000183105469,85.08000183105469,5
2026-05-14 18:36:00+00:00,85.02999877929688,85.08499908447266,85.02999877929688,85.08499908447266,3
2026-05-14 18:37:00+00:00,84.9800033569336,85.00499725341797,84.96499633789062,85.00499725341797,41
2026-05-14 18:38:00+00:00,85.01499938964844,85.01499938964844,84.98500061035156,85.0,8
2026-05-14 18:39:00+00:00,84.99500274658203,85.01499938964844,84.99500274658203,85.00499725341797,6
2026-05-14 18:40:00+00:00,84.91500091552734,84.94999694824219,84.91500091552734,84.94999694824219,5
2026-05-14 18:41:00+00:00,84.97000122070312,84.97000122070312,84.8949966430664,84.90499877929688,11
2026-05-14 18:42:00+00:00,84.94999694824219,84.95500183105469,84.94999694824219,84.95500183105469,2
2026-05-14 18:43:00+00:00,84.92500305175781,84.97000122070312,84.92500305175781,84.97000122070312,4
2026-05-14 18:44:00+00:00,84.87999725341797,84.91999816894531,84.87999725341797,84.91999816894531,13
2026-05-14 18:45:00+00:00,84.7750015258789,84.91000366210938,84.66000366210938,84.91000366210938,179
2026-05-14 18:46:00+00:00,84.88500213623047,84.88500213623047,84.78500366210938,84.78500366210938,108
2026-05-14 18:47:00+00:00,84.94499969482422,84.94999694824219,84.87999725341797,84.88999938964844,23
2026-05-14 18:48:00+00:00,84.94499969482422,84.96499633789062,84.94000244140625,84.95500183105469,8
2026-05-14 18:49:00+00:00,84.94000244140625,84.95999908447266,84.94000244140625,84.95999908447266,6
2026-05-14 18:50:00+00:00,84.97000122070312,84.99500274658203,84.95999908447266,84.95999908447266,27
2026-05-14 18:51:00+00:00,84.9800033569336,85.01000213623047,84.9800033569336,84.98999786376953,5
2026-05-14 18:52:00+00:00,84.96499633789062,84.98999786376953,84.96499633789062,84.98999786376953,2
2026-05-14 18:53:00+00:00,84.92500305175781,84.94999694824219,84.87999725341797,84.94999694824219,53
2026-05-14 18:54:00+00:00,84.90499877929688,84.91999816894531,84.90499877929688,84.91000366210938,3
2026-05-14 18:55:00+00:00,84.97000122070312,84.98500061035156,84.93499755859375,84.93499755859375,19
2026-05-14 18:56:00+00:00,84.97000122070312,84.97000122070312,84.93499755859375,84.95999908447266,9
2026-05-14 18:57:00+00:00,84.94499969482422,84.9749984741211,84.94499969482422,84.9749984741211,7
2026-05-14 18:58:00+00:00,84.97000122070312,85.0,84.95999908447266,84.95999908447266,14
2026-05-14 18:59:00+00:00,85.02999877929688,85.02999877929688,84.98999786376953,85.0,11
2026-05-14 19:00:00+00:00,84.97000122070312,85.03500366210938,84.97000122070312,85.03500366210938,11
2026-05-14 19:01:00+00:00,84.98999786376953,85.01499938964844,84.9800033569336,85.01499938964844,9
2026-05-14 19:02:00+00:00,84.92500305175781,84.98500061035156,84.92500305175781,84.97000122070312,8
2026-05-14 19:03:00+00:00,84.88500213623047,84.91999816894531,84.87999725341797,84.91999816894531,20
2026-05-14 19:04:00+00:00,84.875,84.90499877929688,84.87000274658203,84.90499877929688,14
2026-05-14 19:05:00+00:00,84.84500122070312,84.93499755859375,84.84500122070312,84.91000366210938,14
2026-05-14 19:06:00+00:00,84.80000305175781,84.83000183105469,84.80000305175781,84.83000183105469,14
2026-05-14 19:07:00+00:00,84.80999755859375,84.8499984741211,84.79499816894531,84.80999755859375,22
2026-05-14 19:08:00+00:00,84.78500366210938,84.80999755859375,84.7750015258789,84.7750015258789,12
2026-05-14 19:09:00+00:00,84.79499816894531,84.80999755859375,84.79499816894531,84.80500030517578,6
2026-05-14 19:10:00+00:00,84.81999969482422,84.81999969482422,84.79499816894531,84.79499816894531,6
2026-05-14 19:11:00+00:00,84.79499816894531,84.79499816894531,84.76000213623047,84.76499938964844,7
2026-05-14 19:12:00+00:00,84.7699966430664,84.79499816894531,84.75499725341797,84.79499816894531,5
2026-05-14 19:13:00+00:00,84.66500091552734,84.7750015258789,84.66500091552734,84.7699966430664,32
2026-05-14 19:14:00+00:00,84.67500305175781,84.69000244140625,84.6050033569336,84.68000030517578,109
2026-05-14 19:15:00+00:00,84.68000030517578,84.69000244140625,84.66000366210938,84.68499755859375,33
2026-05-14 19:16:00+00:00,84.79000091552734,84.79000091552734,84.71499633789062,84.71499633789062,11
2026-05-14 19:17:00+00:00,84.75,84.78500366210938,84.7249984741211,84.78500366210938,19
2026-05-14 19:18:00+00:00,84.70999908447266,84.7699966430664,84.70999908447266,84.7699966430664,9
2026-05-14 19:19:00+00:00,84.58999633789062,84.69999694824219,84.56999969482422,84.69499969482422,75
2026-05-14 19:20:00+00:00,84.69000244140625,84.69999694824219,84.57499694824219,84.57499694824219,109
2026-05-14 19:21:00+00:00,84.56500244140625,84.67500305175781,84.56500244140625,84.67500305175781,18
2026-05-14 19:22:00+00:00,84.63500213623047,84.63999938964844,84.6050033569336,84.6050033569336,8
2026-05-14 19:23:00+00:00,84.73500061035156,84.73500061035156,84.57499694824219,84.6449966430664,76
2026-05-14 19:24:00+00:00,84.75499725341797,84.7699966430664,84.73999786376953,84.75,16
2026-05-14 19:25:00+00:00,84.76000213623047,84.79000091552734,84.75,84.75,28
2026-05-14 19:26:00+00:00,84.74500274658203,84.74500274658203,84.7249984741211,84.7300033569336,9
2026-05-14 19:27:00+00:00,84.72000122070312,84.7300033569336,84.70999908447266,84.7300033569336,8
2026-05-14 19:28:00+00:00,84.69999694824219,84.73999786376953,84.69000244140625,84.70999908447266,18
2026-05-14 19:29:00+00:00,84.55500030517578,84.72000122070312,84.55500030517578,84.71499633789062,35
2026-05-14 19:30:00+00:00,84.56999969482422,84.57499694824219,84.50499725341797,84.56999969482422,43
2026-05-14 19:31:00+00:00,84.55000305175781,84.61499786376953,84.52999877929688,84.61000061035156,37
2026-05-14 19:32:00+00:00,84.50499725341797,84.61000061035156,84.4800033569336,84.54000091552734,53
2026-05-14 19:33:00+00:00,84.57499694824219,84.61000061035156,84.5,84.5,25
2026-05-14 19:34:00+00:00,84.61499786376953,84.61499786376953,84.58000183105469,84.61499786376953,13
2026-05-14 19:35:00+00:00,84.58999633789062,84.58999633789062,84.53500366210938,84.58999633789062,24
2026-05-14 19:36:00+00:00,84.55500030517578,84.62000274658203,84.55500030517578,84.61499786376953,9
2026-05-14 19:37:00+00:00,84.46499633789062,84.55999755859375,84.44499969482422,84.55000305175781,63
2026-05-14 19:38:00+00:00,84.23500061035156,84.48500061035156,84.17500305175781,84.47000122070312,374
2026-05-14 19:39:00+00:00,84.19999694824219,84.23500061035156,84.19499969482422,84.2300033569336,46
2026-05-14 19:40:00+00:00,84.30000305175781,84.30500030517578,84.18499755859375,84.19499969482422,170
2026-05-14 19:41:00+00:00,84.26000213623047,84.30500030517578,84.07499694824219,84.29499816894531,163
2026-05-14 19:42:00+00:00,84.25,84.30500030517578,84.25,84.2750015258789,17
2026-05-14 19:43:00+00:00,84.11000061035156,84.25,84.07499694824219,84.24500274658203,86
2026-05-14 19:44:00+00:00,84.05500030517578,84.11499786376953,84.01000213623047,84.1050033569336,115
2026-05-14 19:45:00+00:00,84.12999725341797,84.1500015258789,83.96499633789062,84.02999877929688,94
2026-05-14 19:46:00+00:00,84.01499938964844,84.18000030517578,83.96499633789062,84.18000030517578,137
2026-05-14 19:47:00+00:00,83.91999816894531,84.0199966430664,83.87000274658203,84.0199966430664,158
2026-05-14 19:48:00+00:00,84.06999969482422,84.06999969482422,83.8949966430664,83.93000030517578,150
2026-05-14 19:49:00+00:00,84.12000274658203,84.13500213623047,84.05999755859375,84.08499908447266,84
2026-05-14 19:50:00+00:00,84.125,84.1500015258789,84.07499694824219,84.0999984741211,30
2026-05-14 19:51:00+00:00,84.11499786376953,84.1449966430664,84.05500030517578,84.13500213623047,36
2026-05-14 19:52:00+00:00,84.1500015258789,84.17500305175781,84.12000274658203,84.1500015258789,20
2026-05-14 19:53:00+00:00,84.21499633789062,84.21499633789062,84.12000274658203,84.12000274658203,17
2026-05-14 19:54:00+00:00,84.19999694824219,84.20500183105469,84.13999938964844,84.16500091552734,36
2026-05-14 19:55:00+00:00,84.26000213623047,84.26000213623047,84.16999816894531,84.19999694824219,64
2026-05-14 19:56:00+00:00,84.0250015258789,84.26499938964844,84.0,84.26499938964844,75
2026-05-14 19:57:00+00:00,84.05500030517578,84.1050033569336,84.05500030517578,84.07499694824219,18
2026-05-14 19:58:00+00:00,84.08999633789062,84.12999725341797,84.04499816894531,84.05500030517578,29
2026-05-14 19:59:00+00:00,84.04499816894531,84.11000061035156,84.03500366210938,84.0999984741211,48
2026-05-14 20:00:00+00:00,84.16500091552734,84.16500091552734,84.04499816894531,84.05000305175781,20
2026-05-14 20:01:00+00:00,84.17500305175781,84.20500183105469,84.13999938964844,84.16500091552734,23
2026-05-14 20:02:00+00:00,84.16000366210938,84.18499755859375,84.13500213623047,84.18499755859375,20
2026-05-14 20:03:00+00:00,84.0,84.16999816894531,84.0,84.16500091552734,37
2026-05-14 20:04:00+00:00,83.86499786376953,84.00499725341797,83.83000183105469,84.00499725341797,83
2026-05-14 20:05:00+00:00,83.86000061035156,83.87000274658203,83.80999755859375,83.8499984741211,44
2026-05-14 20:06:00+00:00,83.88500213623047,83.88500213623047,83.86499786376953,83.86499786376953,18
2026-05-14 20:07:00+00:00,83.93499755859375,83.94000244140625,83.8550033569336,83.87000274658203,31
2026-05-14 20:08:00+00:00,83.92500305175781,83.94499969482422,83.88999938964844,83.88999938964844,20
2026-05-14 20:09:00+00:00,83.9800033569336,83.98500061035156,83.92500305175781,83.92500305175781,30
2026-05-14 20:10:00+00:00,83.93499755859375,83.95999908447266,83.91000366210938,83.95999908447266,7
2026-05-14 20:11:00+00:00,83.94499969482422,83.94999694824219,83.94000244140625,83.94000244140625,6
2026-05-14 20:12:00+00:00,83.91500091552734,83.95500183105469,83.8949966430664,83.95500183105469,24
2026-05-14 20:13:00+00:00,83.8550033569336,83.88999938964844,83.84500122070312,83.88999938964844,22
2026-05-14 20:14:00+00:00,83.80999755859375,83.8550033569336,83.80500030517578,83.8550033569336,26
2026-05-14 20:15:00+00:00,83.84500122070312,83.8550033569336,83.81999969482422,83.81999969482422,12
2026-05-14 20:16:00+00:00,83.7750015258789,83.875,83.7300033569336,83.8499984741211,51
2026-05-14 20:17:00+00:00,83.80500030517578,83.83999633789062,83.79499816894531,83.80000305175781,17
2026-05-14 20:18:00+00:00,83.83499908447266,83.83999633789062,83.80000305175781,83.80500030517578,22
2026-05-14 20:19:00+00:00,83.83999633789062,83.8499984741211,83.81999969482422,83.81999969482422,4
2026-05-14 20:20:00+00:00,83.87999725341797,83.87999725341797,83.83999633789062,83.83999633789062,16
2026-05-14 20:21:00+00:00,83.81500244140625,83.8550033569336,83.81500244140625,83.8550033569336,7
2026-05-14 20:22:00+00:00,83.82499694824219,83.82499694824219,83.81500244140625,83.81999969482422,5
2026-05-14 20:23:00+00:00,83.83499908447266,83.84500122070312,83.83499908447266,83.84500122070312,3
2026-05-14 20:24:00+00:00,83.86000061035156,83.86000061035156,83.86000061035156,83.86000061035156,2
2026-05-14 20:25:00+00:00,83.81500244140625,83.86499786376953,83.80500030517578,83.86499786376953,6
2026-05-14 20:26:00+00:00,83.79499816894531,83.81500244140625,83.76499938964844,83.81500244140625,9
2026-05-14 20:27:00+00:00,83.77999877929688,83.78500366210938,83.76000213623047,83.78500366210938,7
2026-05-14 20:28:00+00:00,83.77999877929688,83.77999877929688,83.75,83.76000213623047,12
2026-05-14 20:29:00+00:00,83.83000183105469,83.83000183105469,83.81999969482422,83.81999969482422,23
2026-05-14 20:30:00+00:00,83.83000183105469,83.83000183105469,83.79000091552734,83.83000183105469,12
2026-05-14 20:31:00+00:00,83.78500366210938,83.81999969482422,83.7750015258789,83.81999969482422,11
2026-05-14 20:32:00+00:00,83.83499908447266,83.8499984741211,83.81500244140625,83.81500244140625,9
2026-05-14 20:33:00+00:00,83.79000091552734,83.83499908447266,83.79000091552734,83.83499908447266,6
2026-05-14 20:34:00+00:00,83.75499725341797,83.76499938964844,83.625,83.76499938964844,127
2026-05-14 20:35:00+00:00,83.74500274658203,83.76499938964844,83.74500274658203,83.75499725341797,14
2026-05-14 20:36:00+00:00,83.7300033569336,83.75,83.69999694824219,83.74500274658203,25
2026-05-14 20:37:00+00:00,83.84500122070312,83.84500122070312,83.70500183105469,83.70500183105469,65
2026-05-14 20:38:00+00:00,83.76499938964844,83.83000183105469,83.76499938964844,83.83000183105469,12
2026-05-14 20:39:00+00:00,83.75,83.75,83.73999786376953,83.73999786376953,3
2026-05-14 20:40:00+00:00,83.80000305175781,83.80000305175781,83.78500366210938,83.78500366210938,3
2026-05-14 20:41:00+00:00,83.99500274658203,83.99500274658203,83.83999633789062,83.83999633789062,33
2026-05-14 20:42:00+00:00,83.96499633789062,84.03500366210938,83.95500183105469,83.98999786376953,64
2026-05-14 20:43:00+00:00,83.98999786376953,83.98999786376953,83.94999694824219,83.95500183105469,34
2026-05-14 20:44:00+00:00,84.01000213623047,84.0250015258789,84.00499725341797,84.01000213623047,27
2026-05-14 20:45:00+00:00,84.01499938964844,84.0250015258789,84.0,84.00499725341797,16
2026-05-14 20:46:00+00:00,84.02999877929688,84.02999877929688,84.02999877929688,84.02999877929688,2
2026-05-14 20:47:00+00:00,84.04000091552734,84.05999755859375,84.04000091552734,84.04499816894531,9
2026-05-14 20:48:00+00:00,84.03500366210938,84.07499694824219,84.02999877929688,84.02999877929688,7
2026-05-14 20:49:00+00:00,84.03500366210938,84.04000091552734,84.03500366210938,84.04000091552734,2
2026-05-14 20:50:00+00:00,84.05000305175781,84.05000305175781,84.05000305175781,84.05000305175781,1
2026-05-14 20:51:00+00:00,84.01000213623047,84.03500366210938,84.01000213623047,84.03500366210938,7
2026-05-14 20:52:00+00:00,84.0,84.07499694824219,84.0,84.02999877929688,14
2026-05-14 20:53:00+00:00,84.03500366210938,84.05000305175781,84.01000213623047,84.01000213623047,7
2026-05-14 20:54:00+00:00,84.03500366210938,84.05000305175781,84.02999877929688,84.03500366210938,10
2026-05-14 20:55:00+00:00,84.08499908447266,84.09500122070312,84.07499694824219,84.07499694824219,5
2026-05-14 20:56:00+00:00,84.0199966430664,84.06999969482422,84.0199966430664,84.06999969482422,6
2026-05-14 20:57:00+00:00,84.01499938964844,84.04000091552734,84.01499938964844,84.03500366210938,8
2026-05-14 20:58:00+00:00,84.05999755859375,84.05999755859375,84.05999755859375,84.05999755859375,1
2026-05-14 20:59:00+00:00,84.01000213623047,84.08999633789062,84.01000213623047,84.05500030517578,35
2026-05-14 22:00:00+00:00,83.91500091552734,84.11499786376953,83.86000061035156,84.0,0
2026-05-14 22:01:00+00:00,83.91000366210938,83.96499633789062,83.84500122070312,83.94499969482422,31
2026-05-14 22:02:00+00:00,83.95500183105469,83.95500183105469,83.9000015258789,83.92500305175781,5
2026-05-14 22:03:00+00:00,83.97000122070312,83.97000122070312,83.95500183105469,83.96499633789062,5
2026-05-14 22:04:00+00:00,84.06500244140625,84.06500244140625,83.9749984741211,83.9749984741211,8
2026-05-14 22:05:00+00:00,84.04499816894531,84.04499816894531,83.99500274658203,84.03500366210938,13
2026-05-14 22:06:00+00:00,84.16000366210938,84.16000366210938,84.05999755859375,84.07499694824219,18
2026-05-14 22:07:00+00:00,84.08499908447266,84.13999938964844,84.08499908447266,84.13999938964844,8
2026-05-14 22:08:00+00:00,84.0999984741211,84.0999984741211,84.0,84.04000091552734,13
2026-05-14 22:09:00+00:00,84.11499786376953,84.11499786376953,84.08000183105469,84.1050033569336,5
2026-05-14 22:10:00+00:00,84.17500305175781,84.17500305175781,84.16000366210938,84.16000366210938,6
2026-05-14 22:11:00+00:00,84.1449966430664,84.16000366210938,84.125,84.16000366210938,5
2026-05-14 22:12:00+00:00,84.1050033569336,84.16000366210938,84.1050033569336,84.1500015258789,19
2026-05-14 22:13:00+00:00,84.05999755859375,84.08499908447266,84.05999755859375,84.08499908447266,3
2026-05-14 22:14:00+00:00,84.08999633789062,84.08999633789062,84.06999969482422,84.06999969482422,3
2026-05-14 22:15:00+00:00,84.13500213623047,84.13500213623047,84.08999633789062,84.11000061035156,19
2026-05-14 22:16:00+00:00,84.11000061035156,84.125,84.0999984741211,84.0999984741211,7
2026-05-14 22:17:00+00:00,84.07499694824219,84.0999984741211,84.07499694824219,84.08999633789062,4
2026-05-14 22:18:00+00:00,84.04499816894531,84.06500244140625,84.04000091552734,84.06500244140625,8
2026-05-14 22:19:00+00:00,84.11499786376953,84.13500213623047,84.0999984741211,84.11499786376953,13
2026-05-14 22:20:00+00:00,84.09500122070312,84.12000274658203,84.08499908447266,84.1050033569336,6
2026-05-14 22:21:00+00:00,84.05000305175781,84.08000183105469,84.05000305175781,84.08000183105469,3
2026-05-14 22:22:00+00:00,84.08499908447266,84.0999984741211,84.08499908447266,84.08499908447266,5
2026-05-14 22:23:00+00:00,84.06999969482422,84.09500122070312,84.06999969482422,84.08499908447266,15
2026-05-14 22:24:00+00:00,84.08999633789062,84.08999633789062,84.05999755859375,84.05999755859375,4
2026-05-14 22:25:00+00:00,84.09500122070312,84.09500122070312,84.04499816894531,84.07499694824219,14
2026-05-14 22:26:00+00:00,84.08499908447266,84.08499908447266,84.07499694824219,84.07499694824219,2
2026-05-14 22:27:00+00:00,84.05500030517578,84.12000274658203,84.05500030517578,84.0999984741211,9
2026-05-14 22:28:00+00:00,84.11499786376953,84.11499786376953,84.07499694824219,84.07499694824219,11
2026-05-14 22:30:00+00:00,84.125,84.17500305175781,84.125,84.16500091552734,9
2026-05-14 22:31:00+00:00,84.17500305175781,84.2249984741211,84.17500305175781,84.17500305175781,19
2026-05-14 22:32:00+00:00,84.22000122070312,84.2300033569336,84.19999694824219,84.2300033569336,4
2026-05-14 22:33:00+00:00,84.16000366210938,84.2300033569336,84.16000366210938,84.2249984741211,7
2026-05-14 22:34:00+00:00,84.16999816894531,84.16999816894531,84.15499877929688,84.16000366210938,7
2026-05-14 22:35:00+00:00,84.25,84.25,84.19000244140625,84.19000244140625,9
2026-05-14 22:36:00+00:00,84.25,84.25,84.20999908447266,84.2300033569336,5
2026-05-14 22:37:00+00:00,84.2249984741211,84.24500274658203,84.19999694824219,84.23500061035156,17
2026-05-14 22:38:00+00:00,84.2249984741211,84.2249984741211,84.2249984741211,84.2249984741211,1
2026-05-14 22:39:00+00:00,84.2699966430664,84.2699966430664,84.22000122070312,84.2300033569336,31
2026-05-14 22:40:00+00:00,84.3499984741211,84.36499786376953,84.28500366210938,84.28500366210938,28
2026-05-14 22:41:00+00:00,84.34500122070312,84.36499786376953,84.34500122070312,84.34500122070312,13
2026-05-14 22:42:00+00:00,84.34500122070312,84.37999725341797,84.34500122070312,84.37999725341797,7
2026-05-14 22:43:00+00:00,84.33999633789062,84.375,84.33999633789062,84.33999633789062,9
2026-05-14 22:44:00+00:00,84.37999725341797,84.37999725341797,84.30999755859375,84.34500122070312,17
2026-05-14 22:45:00+00:00,84.3550033569336,84.37999725341797,84.3499984741211,84.375,9
2026-05-14 22:46:00+00:00,84.33000183105469,84.3550033569336,84.33000183105469,84.3550033569336,5
2026-05-14 22:47:00+00:00,84.33999633789062,84.33999633789062,84.32499694824219,84.33499908447266,3
2026-05-14 22:48:00+00:00,84.26499938964844,84.32499694824219,84.25,84.31500244140625,62
2026-05-14 22:49:00+00:00,84.2699966430664,84.2699966430664,84.24500274658203,84.25499725341797,3
2026-05-14 22:50:00+00:00,84.23999786376953,84.23999786376953,84.23999786376953,84.23999786376953,1
2026-05-14 22:51:00+00:00,84.19499969482422,84.23500061035156,84.19499969482422,84.23500061035156,14
2026-05-14 22:52:00+00:00,84.22000122070312,84.2249984741211,84.1500015258789,84.16000366210938,19
2026-05-14 22:53:00+00:00,84.23500061035156,84.23500061035156,84.20999908447266,84.20999908447266,3
2026-05-14 22:54:00+00:00,84.25499725341797,84.25499725341797,84.25499725341797,84.25499725341797,2
2026-05-14 22:55:00+00:00,84.2750015258789,84.29000091552734,84.2750015258789,84.2750015258789,5
2026-05-14 22:57:00+00:00,84.2750015258789,84.29499816894531,84.24500274658203,84.29499816894531,8
2026-05-14 22:58:00+00:00,84.28500366210938,84.29499816894531,84.27999877929688,84.27999877929688,5
2026-05-14 22:59:00+00:00,84.28500366210938,84.28500366210938,84.28500366210938,84.28500366210938,2
2026-05-14 23:00:00+00:00,84.24500274658203,84.28500366210938,84.24500274658203,84.28500366210938,3
2026-05-14 23:01:00+00:00,84.24500274658203,84.24500274658203,84.2249984741211,84.2249984741211,7
2026-05-14 23:02:00+00:00,84.26000213623047,84.26499938964844,84.23500061035156,84.26499938964844,4
2026-05-14 23:03:00+00:00,84.29499816894531,84.29499816894531,84.29499816894531,84.29499816894531,4
2026-05-14 23:04:00+00:00,84.31999969482422,84.31999969482422,84.2750015258789,84.2750015258789,4
2026-05-14 23:05:00+00:00,84.2699966430664,84.33499908447266,84.2699966430664,84.33499908447266,13
2026-05-14 23:06:00+00:00,84.25,84.25,84.25,84.25,2
2026-05-14 23:07:00+00:00,84.26000213623047,84.26000213623047,84.26000213623047,84.26000213623047,1
2026-05-14 23:08:00+00:00,84.24500274658203,84.24500274658203,84.23999786376953,84.23999786376953,4
2026-05-14 23:09:00+00:00,84.23500061035156,84.23500061035156,84.23500061035156,84.23500061035156,7
2026-05-14 23:11:00+00:00,84.20999908447266,84.2249984741211,84.16999816894531,84.18000030517578,5
2026-05-14 23:12:00+00:00,84.19499969482422,84.19499969482422,84.19499969482422,84.19499969482422,2
2026-05-14 23:14:00+00:00,84.1050033569336,84.16000366210938,84.0999984741211,84.16000366210938,10
2026-05-14 23:15:00+00:00,83.98999786376953,84.05999755859375,83.98999786376953,84.05999755859375,17
2026-05-14 23:16:00+00:00,84.06500244140625,84.08499908447266,84.0250015258789,84.02999877929688,18
2026-05-14 23:17:00+00:00,84.05500030517578,84.06500244140625,84.03500366210938,84.04499816894531,22
2026-05-14 23:18:00+00:00,84.05500030517578,84.05500030517578,84.0,84.03500366210938,16
2026-05-14 23:19:00+00:00,84.02999877929688,84.06999969482422,84.0,84.06999969482422,14
2026-05-14 23:20:00+00:00,84.06999969482422,84.06999969482422,84.0,84.03500366210938,23
2026-05-14 23:21:00+00:00,83.9749984741211,84.05999755859375,83.94000244140625,84.05999755859375,42
2026-05-14 23:22:00+00:00,83.95500183105469,83.9800033569336,83.92500305175781,83.96499633789062,20
2026-05-14 23:23:00+00:00,83.93499755859375,83.94499969482422,83.91000366210938,83.91500091552734,7
2026-05-14 23:24:00+00:00,84.03500366210938,84.03500366210938,83.94999694824219,83.94999694824219,14
2026-05-14 23:25:00+00:00,84.07499694824219,84.08000183105469,84.05000305175781,84.05000305175781,6
2026-05-14 23:26:00+00:00,84.24500274658203,84.24500274658203,84.13500213623047,84.13500213623047,31
2026-05-14 23:27:00+00:00,84.29000091552734,84.30000305175781,84.2699966430664,84.2699966430664,17
2026-05-14 23:28:00+00:00,84.25,84.30000305175781,84.23999786376953,84.29499816894531,34
2026-05-14 23:29:00+00:00,84.28500366210938,84.29000091552734,84.26000213623047,84.26000213623047,8
2026-05-14 23:30:00+00:00,84.32499694824219,84.34500122070312,84.30500030517578,84.30500030517578,21
2026-05-14 23:31:00+00:00,84.04499816894531,84.30000305175781,84.02999877929688,84.27999877929688,33
2026-05-14 23:32:00+00:00,84.12000274658203,84.12000274658203,84.12000274658203,84.12000274658203,1
2026-05-14 23:33:00+00:00,84.05000305175781,84.05000305175781,84.01499938964844,84.04499816894531,10
2026-05-14 23:34:00+00:00,83.78500366210938,84.125,83.7249984741211,84.06999969482422,143
2026-05-14 23:35:00+00:00,83.70500183105469,83.9000015258789,83.68499755859375,83.76499938964844,57
2026-05-14 23:36:00+00:00,83.68000030517578,83.7750015258789,83.68000030517578,83.70500183105469,38
2026-05-14 23:37:00+00:00,83.86499786376953,83.86499786376953,83.31500244140625,83.61499786376953,194
2026-05-14 23:38:00+00:00,83.91500091552734,83.94999694824219,83.88999938964844,83.88999938964844,9
2026-05-14 23:39:00+00:00,83.86000061035156,83.9000015258789,83.86000061035156,83.9000015258789,5
2026-05-14 23:40:00+00:00,83.8499984741211,83.9000015258789,83.8499984741211,83.88999938964844,6
2026-05-14 23:41:00+00:00,84.01000213623047,84.01000213623047,83.8949966430664,83.8949966430664,28
2026-05-14 23:42:00+00:00,84.00499725341797,84.0250015258789,83.99500274658203,83.99500274658203,4
2026-05-14 23:43:00+00:00,84.0999984741211,84.0999984741211,83.98999786376953,84.0250015258789,16
2026-05-14 23:44:00+00:00,84.18000030517578,84.18000030517578,84.125,84.125,10
2026-05-14 23:46:00+00:00,84.12999725341797,84.17500305175781,84.11499786376953,84.15499877929688,26
2026-05-14 23:47:00+00:00,84.01000213623047,84.07499694824219,83.98999786376953,84.07499694824219,27
2026-05-14 23:48:00+00:00,83.91000366210938,83.95500183105469,83.88999938964844,83.94000244140625,26
2026-05-14 23:49:00+00:00,83.9800033569336,83.9800033569336,83.94999694824219,83.94999694824219,51
2026-05-14 23:50:00+00:00,83.94499969482422,83.94499969482422,83.94499969482422,83.94499969482422,1
2026-05-14 23:51:00+00:00,83.98500061035156,83.98500061035156,83.91000366210938,83.91000366210938,20
2026-05-14 23:52:00+00:00,84.0999984741211,84.0999984741211,84.01499938964844,84.01499938964844,39
2026-05-14 23:53:00+00:00,83.9749984741211,84.03500366210938,83.95999908447266,84.03500366210938,18
2026-05-14 23:54:00+00:00,83.86000061035156,84.0,83.80999755859375,84.0,32
2026-05-14 23:55:00+00:00,83.73999786376953,83.83000183105469,83.7300033569336,83.83000183105469,8
2026-05-14 23:56:00+00:00,83.72000122070312,83.74500274658203,83.66500091552734,83.69000244140625,29
2026-05-14 23:57:00+00:00,83.83000183105469,83.83000183105469,83.73999786376953,83.74500274658203,12
2026-05-14 23:58:00+00:00,83.87000274658203,83.87000274658203,83.82499694824219,83.86000061035156,4
2026-05-14 23:59:00+00:00,83.98500061035156,83.98999786376953,83.83999633789062,83.83999633789062,29
2026-05-15 00:00:00+00:00,83.82499694824219,84.06500244140625,83.81500244140625,83.95999908447266,40
2026-05-15 00:01:00+00:00,83.69999694824219,83.86499786376953,83.5999984741211,83.86000061035156,40
2026-05-15 00:02:00+00:00,83.90499877929688,83.93000030517578,83.61499786376953,83.72000122070312,55
2026-05-15 00:03:00+00:00,84.05000305175781,84.05500030517578,83.93000030517578,83.94499969482422,11
2026-05-15 00:04:00+00:00,83.875,83.96499633789062,83.875,83.96499633789062,30
2026-05-15 00:05:00+00:00,83.86499786376953,83.9000015258789,83.86499786376953,83.87000274658203,5
2026-05-15 00:06:00+00:00,83.77999877929688,83.9749984741211,83.77999877929688,83.9749984741211,20
2026-05-15 00:07:00+00:00,83.82499694824219,83.83499908447266,83.79000091552734,83.80999755859375,7
2026-05-15 00:08:00+00:00,83.87999725341797,83.87999725341797,83.81500244140625,83.81500244140625,2
2026-05-15 00:09:00+00:00,83.87000274658203,83.875,83.83000183105469,83.83000183105469,5
2026-05-15 00:10:00+00:00,83.87999725341797,83.91999816894531,83.83999633789062,83.91999816894531,5
2026-05-15 00:11:00+00:00,83.70999908447266,83.87999725341797,83.70999908447266,83.87999725341797,24
2026-05-15 00:12:00+00:00,83.70999908447266,83.7249984741211,83.68499755859375,83.69999694824219,6
2026-05-15 00:13:00+00:00,83.66999816894531,83.68499755859375,83.63999938964844,83.65499877929688,11
2026-05-15 00:14:00+00:00,83.7249984741211,83.76499938964844,83.68499755859375,83.69499969482422,8
2026-05-15 00:15:00+00:00,84.13500213623047,84.18000030517578,83.78500366210938,83.78500366210938,111
2026-05-15 00:16:00+00:00,83.9749984741211,84.125,83.93499755859375,84.11000061035156,33
2026-05-15 00:17:00+00:00,84.02999877929688,84.02999877929688,83.91999816894531,83.98999786376953,14
2026-05-15 00:18:00+00:00,84.04499816894531,84.13999938964844,83.97000122070312,83.97000122070312,32
2026-05-15 00:19:00+00:00,84.11000061035156,84.11000061035156,84.05999755859375,84.05999755859375,4
2026-05-15 00:20:00+00:00,83.91500091552734,83.96499633789062,83.91500091552734,83.96499633789062,2
2026-05-15 00:21:00+00:00,84.01499938964844,84.01499938964844,83.90499877929688,83.91500091552734,8
2026-05-15 00:22:00+00:00,83.86000061035156,83.98999786376953,83.8499984741211,83.98999786376953,11
2026-05-15 00:23:00+00:00,83.7699966430664,83.87000274658203,83.75,83.87000274658203,38
2026-05-15 00:24:00+00:00,83.79000091552734,83.80500030517578,83.79000091552734,83.80500030517578,4
2026-05-15 00:25:00+00:00,83.43000030517578,83.81999969482422,83.31999969482422,83.79000091552734,113
2026-05-15 00:26:00+00:00,83.51000213623047,83.58499908447266,83.33999633789062,83.43499755859375,79
2026-05-15 00:27:00+00:00,83.6050033569336,83.61499786376953,83.5,83.5,7
2026-05-15 00:28:00+00:00,83.55000305175781,83.63500213623047,83.55000305175781,83.62000274658203,7
2026-05-15 00:29:00+00:00,83.42500305175781,83.58499908447266,83.4000015258789,83.58499908447266,30
2026-05-15 00:30:00+00:00,83.1050033569336,83.44999694824219,83.06500244140625,83.44999694824219,241
2026-05-15 00:31:00+00:00,83.00499725341797,83.19999694824219,82.95500183105469,83.08499908447266,175
2026-05-15 00:32:00+00:00,83.02999877929688,83.07499694824219,82.8949966430664,82.98500061035156,70
2026-05-15 00:33:00+00:00,82.95500183105469,83.12000274658203,82.90499877929688,83.08000183105469,65
2026-05-15 00:34:00+00:00,83.06500244140625,83.06999969482422,82.94999694824219,82.96499633789062,76
2026-05-15 00:35:00+00:00,82.9800033569336,83.0999984741211,82.94499969482422,83.06500244140625,33
2026-05-15 00:36:00+00:00,83.03500366210938,83.05000305175781,82.91000366210938,82.96499633789062,27
2026-05-15 00:37:00+00:00,83.08000183105469,83.08000183105469,82.93499755859375,83.02999877929688,20
2026-05-15 00:38:00+00:00,83.05000305175781,83.05000305175781,82.99500274658203,83.0,10
2026-05-15 00:39:00+00:00,82.91500091552734,83.0,82.84500122070312,83.0,38
2026-05-15 00:40:00+00:00,82.5999984741211,82.93499755859375,82.53500366210938,82.91999816894531,171
2026-05-15 00:41:00+00:00,82.61499786376953,82.6449966430664,82.51000213623047,82.61499786376953,60
2026-05-15 00:42:00+00:00,82.72000122070312,82.80999755859375,82.62999725341797,82.66999816894531,107
2026-05-15 00:43:00+00:00,82.55500030517578,82.73500061035156,82.4000015258789,82.73500061035156,144
2026-05-15 00:44:00+00:00,82.73999786376953,82.80500030517578,82.55999755859375,82.55999755859375,102
2026-05-15 00:45:00+00:00,82.55999755859375,82.83000183105469,82.55500030517578,82.77999877929688,76
2026-05-15 00:46:00+00:00,82.8499984741211,82.8499984741211,82.50499725341797,82.53500366210938,66
2026-05-15 00:47:00+00:00,82.9000015258789,82.9000015258789,82.83499908447266,82.87999725341797,15
2026-05-15 00:48:00+00:00,82.68000030517578,82.87999725341797,82.68000030517578,82.87999725341797,24
2026-05-15 00:49:00+00:00,82.83499908447266,82.83499908447266,82.72000122070312,82.7300033569336,17
2026-05-15 00:50:00+00:00,82.50499725341797,82.8550033569336,82.50499725341797,82.80999755859375,20
2026-05-15 00:51:00+00:00,82.5199966430664,82.53500366210938,82.33499908447266,82.48999786376953,154
2026-05-15 00:52:00+00:00,82.5250015258789,82.59500122070312,82.4749984741211,82.55000305175781,58
2026-05-15 00:53:00+00:00,82.30000305175781,82.54499816894531,82.25499725341797,82.51499938964844,73
2026-05-15 00:54:00+00:00,82.30999755859375,82.375,82.25,82.29499816894531,36
2026-05-15 00:55:00+00:00,82.4000015258789,82.4800033569336,82.2699966430664,82.31500244140625,40
2026-05-15 00:56:00+00:00,82.28500366210938,82.45500183105469,82.27999877929688,82.42500305175781,46
2026-05-15 00:57:00+00:00,82.4000015258789,82.43000030517578,82.2750015258789,82.30500030517578,35
2026-05-15 00:58:00+00:00,82.58999633789062,82.58999633789062,82.45999908447266,82.45999908447266,79
2026-05-15 00:59:00+00:00,82.94999694824219,83.01499938964844,82.61499786376953,82.61499786376953,264
2026-05-15 01:00:00+00:00,82.59500122070312,83.01000213623047,82.47000122070312,82.97000122070312,377
2026-05-15 01:01:00+00:00,82.69000244140625,82.69999694824219,82.3550033569336,82.65499877929688,137
2026-05-15 01:02:00+00:00,82.67500305175781,82.84500122070312,82.47000122070312,82.72000122070312,90
2026-05-15 01:03:00+00:00,82.5250015258789,82.77999877929688,82.4749984741211,82.62999725341797,62
2026-05-15 01:04:00+00:00,82.43499755859375,82.5199966430664,82.19000244140625,82.5199966430664,85
2026-05-15 01:05:00+00:00,82.45999908447266,82.5250015258789,82.33000183105469,82.42500305175781,55
2026-05-15 01:06:00+00:00,82.23999786376953,82.5999984741211,82.15499877929688,82.54000091552734,88
2026-05-15 01:07:00+00:00,82.15499877929688,82.24500274658203,82.11499786376953,82.24500274658203,91
2026-05-15 01:08:00+00:00,82.19999694824219,82.2249984741211,82.06500244140625,82.1500015258789,78
2026-05-15 01:09:00+00:00,81.86000061035156,82.2699966430664,81.80000305175781,82.2300033569336,253
2026-05-15 01:10:00+00:00,81.80000305175781,81.88999938964844,81.71499633789062,81.83999633789062,215
2026-05-15 01:11:00+00:00,81.76000213623047,81.86499786376953,81.61000061035156,81.7750015258789,152
2026-05-15 01:12:00+00:00,81.69000244140625,81.80500030517578,81.5999984741211,81.77999877929688,95
2026-05-15 01:13:00+00:00,81.93000030517578,81.93000030517578,81.71499633789062,81.72000122070312,85
2026-05-15 01:14:00+00:00,81.93499755859375,82.02999877929688,81.86000061035156,81.94000244140625,53
2026-05-15 01:15:00+00:00,81.88500213623047,81.95500183105469,81.5999984741211,81.91999816894531,88
2026-05-15 01:16:00+00:00,81.96499633789062,82.0199966430664,81.91000366210938,81.91999816894531,54
2026-05-15 01:17:00+00:00,81.94999694824219,82.05500030517578,81.81999969482422,81.9800033569336,58
2026-05-15 01:18:00+00:00,82.01499938964844,82.04000091552734,81.93000030517578,81.9749984741211,18
2026-05-15 01:19:00+00:00,81.9800033569336,82.01499938964844,81.9000015258789,81.9749984741211,10
2026-05-15 01:20:00+00:00,82.0250015258789,82.09500122070312,81.86000061035156,81.94499969482422,23
2026-05-15 01:21:00+00:00,81.78500366210938,81.98500061035156,81.73500061035156,81.98500061035156,71
2026-05-15 01:22:00+00:00,81.9000015258789,81.91000366210938,81.73999786376953,81.73999786376953,15
2026-05-15 01:23:00+00:00,81.74500274658203,81.83000183105469,81.6500015258789,81.83000183105469,33
2026-05-15 01:24:00+00:00,81.90499877929688,82.00499725341797,81.7249984741211,81.7249984741211,51
2026-05-15 01:25:00+00:00,81.86000061035156,81.91999816894531,81.75,81.8550033569336,16
2026-05-15 01:26:00+00:00,81.70500183105469,81.76000213623047,81.46499633789062,81.76000213623047,165
2026-05-15 01:27:00+00:00,81.6500015258789,81.70999908447266,81.54000091552734,81.69499969482422,83
2026-05-15 01:28:00+00:00,81.45500183105469,81.63500213623047,81.44999694824219,81.61000061035156,68
2026-05-15 01:29:00+00:00,81.45999908447266,81.53500366210938,81.43499755859375,81.46499633789062,31
2026-05-15 01:30:00+00:00,81.48500061035156,81.55500030517578,81.43499755859375,81.47000122070312,44
2026-05-15 01:31:00+00:00,81.54000091552734,81.6050033569336,81.41500091552734,81.4800033569336,68
2026-05-15 01:32:00+00:00,81.58999633789062,81.63500213623047,81.44000244140625,81.47000122070312,24
2026-05-15 01:33:00+00:00,81.625,81.62999725341797,81.55500030517578,81.56500244140625,41
2026-05-15 01:34:00+00:00,81.73999786376953,81.73999786376953,81.58000183105469,81.63999938964844,54
2026-05-15 01:35:00+00:00,81.80000305175781,81.80000305175781,81.70999908447266,81.75,38
2026-05-15 01:36:00+00:00,81.82499694824219,81.95500183105469,81.79000091552734,81.80500030517578,57
2026-05-15 01:37:00+00:00,81.8550033569336,81.90499877929688,81.7699966430664,81.83499908447266,42
2026-05-15 01:38:00+00:00,81.77999877929688,81.875,81.74500274658203,81.83999633789062,39
2026-05-15 01:39:00+00:00,81.84500122070312,81.98999786376953,81.76499938964844,81.76499938964844,34
2026-05-15 01:40:00+00:00,81.91999816894531,82.01499938964844,81.87000274658203,81.87000274658203,112
2026-05-15 01:41:00+00:00,81.95500183105469,82.05000305175781,81.87999725341797,81.87999725341797,86
2026-05-15 01:42:00+00:00,82.01000213623047,82.04000091552734,81.95999908447266,81.98999786376953,27
2026-05-15 01:43:00+00:00,82.0,82.05999755859375,81.95500183105469,82.05000305175781,48
2026-05-15 01:44:00+00:00,82.06500244140625,82.06500244140625,81.98999786376953,82.02999877929688,21
2026-05-15 01:45:00+00:00,82.04000091552734,82.05500030517578,81.97000122070312,82.02999877929688,25
2026-05-15 01:46:00+00:00,81.92500305175781,82.07499694824219,81.92500305175781,82.01000213623047,33
2026-05-15 01:47:00+00:00,81.8949966430664,81.8949966430664,81.79000091552734,81.83999633789062,20
2026-05-15 01:48:00+00:00,81.76000213623047,81.88500213623047,81.68499755859375,81.8550033569336,48
2026-05-15 01:49:00+00:00,81.76000213623047,81.83499908447266,81.75,81.7750015258789,6
2026-05-15 01:50:00+00:00,81.77999877929688,81.83999633789062,81.73999786376953,81.80500030517578,12
2026-05-15 01:51:00+00:00,81.49500274658203,81.7300033569336,81.49500274658203,81.70999908447266,26
2026-05-15 01:52:00+00:00,81.37000274658203,81.5,81.31500244140625,81.47000122070312,169
2026-05-15 01:53:00+00:00,81.08499908447266,81.41000366210938,81.01499938964844,81.41000366210938,239
2026-05-15 01:54:00+00:00,81.0999984741211,81.17500305175781,81.05000305175781,81.13999938964844,58
2026-05-15 01:55:00+00:00,81.15499877929688,81.2300033569336,81.06500244140625,81.1449966430664,40
2026-05-15 01:56:00+00:00,81.23999786376953,81.23999786376953,81.12999725341797,81.18000030517578,18
2026-05-15 01:57:00+00:00,81.19000244140625,81.22000122070312,81.11499786376953,81.17500305175781,23
2026-05-15 01:58:00+00:00,81.3499984741211,81.36000061035156,81.18499755859375,81.21499633789062,93
2026-05-15 01:59:00+00:00,81.21499633789062,81.38999938964844,81.21499633789062,81.32499694824219,54
2026-05-15 02:00:00+00:00,81.34500122070312,81.34500122070312,81.08000183105469,81.23500061035156,55
2026-05-15 02:01:00+00:00,81.26499938964844,81.3550033569336,81.17500305175781,81.3550033569336,21
2026-05-15 02:02:00+00:00,81.38999938964844,81.38999938964844,81.17500305175781,81.25,36
2026-05-15 02:03:00+00:00,81.44000244140625,81.44000244140625,81.30000305175781,81.30000305175781,19
2026-05-15 02:04:00+00:00,81.33499908447266,81.40499877929688,81.25,81.40499877929688,42
2026-05-15 02:05:00+00:00,81.37999725341797,81.41500091552734,81.27999877929688,81.34500122070312,39
2026-05-15 02:06:00+00:00,81.37000274658203,81.40499877929688,81.29000091552734,81.4000015258789,20
2026-05-15 02:07:00+00:00,81.40499877929688,81.5,81.375,81.38999938964844,39
2026-05-15 02:08:00+00:00,81.44499969482422,81.46499633789062,81.37000274658203,81.38999938964844,21
2026-05-15 02:09:00+00:00,81.55999755859375,81.55999755859375,81.43499755859375,81.44499969482422,26
2026-05-15 02:10:00+00:00,81.63500213623047,81.63999938964844,81.53500366210938,81.53500366210938,87
2026-05-15 02:11:00+00:00,81.49500274658203,81.59500122070312,81.45999908447266,81.56999969482422,48
2026-05-15 02:12:00+00:00,81.44999694824219,81.48500061035156,81.43499755859375,81.47000122070312,12
2026-05-15 02:13:00+00:00,81.57499694824219,81.58999633789062,81.47000122070312,81.4800033569336,26
2026-05-15 02:14:00+00:00,81.5199966430664,81.61000061035156,81.51499938964844,81.59500122070312,46
2026-05-15 02:15:00+00:00,81.38500213623047,81.48999786376953,81.31500244140625,81.48999786376953,30
2026-05-15 02:16:00+00:00,81.44999694824219,81.44999694824219,81.38999938964844,81.38999938964844,8
2026-05-15 02:17:00+00:00,81.43000030517578,81.44999694824219,81.43000030517578,81.44999694824219,2
2026-05-15 02:18:00+00:00,81.58499908447266,81.58499908447266,81.48999786376953,81.48999786376953,13
2026-05-15 02:19:00+00:00,81.58499908447266,81.58499908447266,81.5250015258789,81.54000091552734,8
2026-05-15 02:20:00+00:00,81.58999633789062,81.61499786376953,81.57499694824219,81.58499908447266,21
2026-05-15 02:21:00+00:00,81.58499908447266,81.62000274658203,81.54499816894531,81.5999984741211,9
2026-05-15 02:22:00+00:00,81.54499816894531,81.59500122070312,81.54499816894531,81.58999633789062,6
2026-05-15 02:23:00+00:00,81.50499725341797,81.55000305175781,81.48500061035156,81.55000305175781,11
2026-05-15 02:24:00+00:00,81.53500366210938,81.56999969482422,81.53500366210938,81.56999969482422,2
2026-05-15 02:25:00+00:00,81.63999938964844,81.63999938964844,81.46499633789062,81.4800033569336,11
2026-05-15 02:26:00+00:00,81.625,81.66000366210938,81.58999633789062,81.6500015258789,13
2026-05-15 02:27:00+00:00,81.5999984741211,81.62999725341797,81.56999969482422,81.62000274658203,11
2026-05-15 02:28:00+00:00,81.56500244140625,81.625,81.54499816894531,81.625,3
2026-05-15 02:29:00+00:00,81.51499938964844,81.55000305175781,81.51000213623047,81.54000091552734,17
2026-05-15 02:30:00+00:00,81.63500213623047,81.63999938964844,81.54000091552734,81.54000091552734,41
2026-05-15 02:31:00+00:00,81.44999694824219,81.6449966430664,81.44999694824219,81.6449966430664,19
2026-05-15 02:32:00+00:00,81.43000030517578,81.51000213623047,81.43000030517578,81.46499633789062,15
2026-05-15 02:33:00+00:00,81.45999908447266,81.48999786376953,81.41999816894531,81.48999786376953,6
2026-05-15 02:34:00+00:00,81.55500030517578,81.55999755859375,81.45500183105469,81.4749984741211,20
2026-05-15 02:35:00+00:00,81.55500030517578,81.66999816894531,81.55500030517578,81.55500030517578,21
2026-05-15 02:36:00+00:00,81.6500015258789,81.6500015258789,81.5199966430664,81.61499786376953,18
2026-05-15 02:37:00+00:00,81.66999816894531,81.67500305175781,81.62000274658203,81.6449966430664,16
2026-05-15 02:38:00+00:00,81.69000244140625,81.69000244140625,81.66999816894531,81.66999816894531,5
2026-05-15 02:39:00+00:00,81.48999786376953,81.66500091552734,81.48999786376953,81.62999725341797,17
2026-05-15 02:40:00+00:00,81.41000366210938,81.45500183105469,81.38999938964844,81.45500183105469,17
2026-05-15 02:41:00+00:00,81.41999816894531,81.50499725341797,81.41999816894531,81.45999908447266,16
2026-05-15 02:42:00+00:00,81.44499969482422,81.44499969482422,81.43499755859375,81.44000244140625,3
2026-05-15 02:43:00+00:00,81.55999755859375,81.55999755859375,81.52999877929688,81.52999877929688,3
2026-05-15 02:44:00+00:00,81.69000244140625,81.71499633789062,81.58000183105469,81.58000183105469,26
2026-05-15 02:45:00+00:00,81.78500366210938,81.80500030517578,81.69000244140625,81.71499633789062,29
2026-05-15 02:46:00+00:00,81.63999938964844,81.73999786376953,81.62000274658203,81.73999786376953,14
2026-05-15 02:47:00+00:00,81.69999694824219,81.70500183105469,81.66000366210938,81.66000366210938,22
2026-05-15 02:48:00+00:00,81.68499755859375,81.69499969482422,81.63999938964844,81.69499969482422,10
2026-05-15 02:49:00+00:00,81.66500091552734,81.69999694824219,81.6449966430664,81.69000244140625,7
2026-05-15 02:50:00+00:00,81.66999816894531,81.66999816894531,81.6500015258789,81.6500015258789,6
2026-05-15 02:51:00+00:00,81.88999938964844,81.9000015258789,81.58499908447266,81.62999725341797,133
2026-05-15 02:52:00+00:00,81.96499633789062,81.96499633789062,81.9000015258789,81.91000366210938,54
2026-05-15 02:53:00+00:00,81.87999725341797,81.9749984741211,81.86499786376953,81.97000122070312,46
2026-05-15 02:54:00+00:00,82.0,82.0,81.875,81.87999725341797,40
2026-05-15 02:55:00+00:00,82.02999877929688,82.05000305175781,81.95500183105469,82.0,35
2026-05-15 02:56:00+00:00,81.98500061035156,82.08999633789062,81.98500061035156,82.05999755859375,34
2026-05-15 02:57:00+00:00,81.98999786376953,82.04000091552734,81.9749984741211,81.99500274658203,17
2026-05-15 02:58:00+00:00,81.9000015258789,81.97000122070312,81.9000015258789,81.95999908447266,11
2026-05-15 02:59:00+00:00,81.81999969482422,81.9000015258789,81.80500030517578,81.88999938964844,17
2026-05-15 03:00:00+00:00,81.94499969482422,81.94499969482422,81.81999969482422,81.84500122070312,55
2026-05-15 03:01:00+00:00,81.86000061035156,81.95500183105469,81.81500244140625,81.91999816894531,32
2026-05-15 03:02:00+00:00,81.81500244140625,81.8949966430664,81.81500244140625,81.8949966430664,27
2026-05-15 03:03:00+00:00,81.86499786376953,81.86499786376953,81.78500366210938,81.80000305175781,16
2026-05-15 03:04:00+00:00,81.94499969482422,81.94999694824219,81.9000015258789,81.9000015258789,16
2026-05-15 03:05:00+00:00,82.02999877929688,82.06999969482422,81.95500183105469,81.96499633789062,24
2026-05-15 03:06:00+00:00,82.02999877929688,82.02999877929688,82.00499725341797,82.01000213623047,6
2026-05-15 03:07:00+00:00,81.91000366210938,81.98500061035156,81.91000366210938,81.98500061035156,23
2026-05-15 03:08:00+00:00,81.96499633789062,81.96499633789062,81.875,81.9000015258789,15
2026-05-15 03:09:00+00:00,81.94000244140625,81.98500061035156,81.9000015258789,81.91999816894531,15
2026-05-15 03:10:00+00:00,81.94999694824219,81.98500061035156,81.93000030517578,81.95999908447266,11
2026-05-15 03:11:00+00:00,81.98500061035156,81.98500061035156,81.96499633789062,81.96499633789062,2
2026-05-15 03:12:00+00:00,81.9749984741211,82.0250015258789,81.95500183105469,81.95500183105469,30
2026-05-15 03:13:00+00:00,81.84500122070312,81.9800033569336,81.84500122070312,81.97000122070312,13
2026-05-15 03:14:00+00:00,81.81500244140625,81.82499694824219,81.7750015258789,81.82499694824219,10
2026-05-15 03:15:00+00:00,81.80999755859375,81.83999633789062,81.79000091552734,81.83000183105469,9
2026-05-15 03:16:00+00:00,81.69000244140625,81.78500366210938,81.63500213623047,81.78500366210938,45
2026-05-15 03:17:00+00:00,81.61000061035156,81.69000244140625,81.58499908447266,81.69000244140625,18
2026-05-15 03:18:00+00:00,81.625,81.63500213623047,81.59500122070312,81.6050033569336,24
2026-05-15 03:19:00+00:00,81.54000091552734,81.61499786376953,81.53500366210938,81.61499786376953,30
2026-05-15 03:20:00+00:00,81.41500091552734,81.55000305175781,81.3499984741211,81.55000305175781,45
2026-05-15 03:21:00+00:00,81.45500183105469,81.5,81.375,81.3949966430664,32
2026-05-15 03:22:00+00:00,81.45999908447266,81.45999908447266,81.3949966430664,81.42500305175781,10
2026-05-15 03:23:00+00:00,81.46499633789062,81.48999786376953,81.43499755859375,81.43499755859375,21
2026-05-15 03:24:00+00:00,81.49500274658203,81.50499725341797,81.44999694824219,81.48999786376953,18
2026-05-15 03:25:00+00:00,81.48500061035156,81.51000213623047,81.43499755859375,81.49500274658203,22
2026-05-15 03:26:00+00:00,81.41500091552734,81.47000122070312,81.3949966430664,81.47000122070312,9
2026-05-15 03:27:00+00:00,81.44000244140625,81.45999908447266,81.41999816894531,81.41999816894531,12
2026-05-15 03:28:00+00:00,81.41999816894531,81.4749984741211,81.375,81.4749984741211,18
2026-05-15 03:29:00+00:00,81.43000030517578,81.43000030517578,81.40499877929688,81.41999816894531,8
2026-05-15 03:30:00+00:00,81.56999969482422,81.57499694824219,81.42500305175781,81.47000122070312,76
2026-05-15 03:31:00+00:00,81.55000305175781,81.56999969482422,81.50499725341797,81.56999969482422,13
2026-05-15 03:32:00+00:00,81.58999633789062,81.58999633789062,81.52999877929688,81.55500030517578,20
2026-05-15 03:33:00+00:00,81.55500030517578,81.62000274658203,81.55500030517578,81.58499908447266,11
2026-05-15 03:34:00+00:00,81.3499984741211,81.5199966430664,81.26499938964844,81.5199966430664,62
2026-05-15 03:35:00+00:00,81.375,81.37999725341797,81.30000305175781,81.37999725341797,23
2026-05-15 03:36:00+00:00,81.45999908447266,81.45999908447266,81.3949966430664,81.3949966430664,11
2026-05-15 03:37:00+00:00,81.6050033569336,81.6050033569336,81.4749984741211,81.4800033569336,55
2026-05-15 03:38:00+00:00,81.58999633789062,81.65499877929688,81.58999633789062,81.6050033569336,17
2026-05-15 03:39:00+00:00,81.58999633789062,81.58999633789062,81.49500274658203,81.58000183105469,17
2026-05-15 03:40:00+00:00,81.6050033569336,81.62000274658203,81.58999633789062,81.58999633789062,4
2026-05-15 03:41:00+00:00,81.63999938964844,81.63999938964844,81.56500244140625,81.5999984741211,11
2026-05-15 03:42:00+00:00,81.7750015258789,81.77999877929688,81.6500015258789,81.6500015258789,46
2026-05-15 03:43:00+00:00,81.80000305175781,81.83000183105469,81.78500366210938,81.78500366210938,14
2026-05-15 03:44:00+00:00,81.6500015258789,81.75,81.6500015258789,81.75,18
2026-05-15 03:45:00+00:00,81.6449966430664,81.6449966430664,81.6449966430664,81.6449966430664,1
2026-05-15 03:46:00+00:00,81.65499877929688,81.66500091552734,81.63500213623047,81.6500015258789,10
2026-05-15 03:47:00+00:00,81.625,81.67500305175781,81.62000274658203,81.67500305175781,5
2026-05-15 03:48:00+00:00,81.66999816894531,81.66999816894531,81.66999816894531,81.66999816894531,1
2026-05-15 03:49:00+00:00,81.66500091552734,81.67500305175781,81.66500091552734,81.67500305175781,2
2026-05-15 03:50:00+00:00,81.67500305175781,81.72000122070312,81.67500305175781,81.69000244140625,7
2026-05-15 03:51:00+00:00,81.70500183105469,81.70500183105469,81.66000366210938,81.68499755859375,5
2026-05-15 03:52:00+00:00,81.69000244140625,81.70999908447266,81.69000244140625,81.70999908447266,3
2026-05-15 03:53:00+00:00,81.67500305175781,81.67500305175781,81.67500305175781,81.67500305175781,1
2026-05-15 03:54:00+00:00,81.56999969482422,81.69000244140625,81.55000305175781,81.69000244140625,31
2026-05-15 03:55:00+00:00,81.55999755859375,81.61499786376953,81.55999755859375,81.61499786376953,5
2026-05-15 03:56:00+00:00,81.63500213623047,81.66000366210938,81.4749984741211,81.56500244140625,50
2026-05-15 03:57:00+00:00,81.79499816894531,81.80500030517578,81.67500305175781,81.67500305175781,27
2026-05-15 03:58:00+00:00,81.81999969482422,81.83999633789062,81.80000305175781,81.80000305175781,10
2026-05-15 04:00:00+00:00,81.86000061035156,81.86000061035156,81.81999969482422,81.82499694824219,9
2026-05-15 04:01:00+00:00,81.75499725341797,81.80000305175781,81.75499725341797,81.80000305175781,4
2026-05-15 04:02:00+00:00,81.71499633789062,81.75499725341797,81.71499633789062,81.75499725341797,3
2026-05-15 04:03:00+00:00,81.67500305175781,81.70999908447266,81.67500305175781,81.70999908447266,8
2026-05-15 04:05:00+00:00,81.9000015258789,81.91999816894531,81.73999786376953,81.73999786376953,27
2026-05-15 04:06:00+00:00,81.84500122070312,81.90499877929688,81.84500122070312,81.90499877929688,4
2026-05-15 04:07:00+00:00,81.8499984741211,81.8949966430664,81.83000183105469,81.8550033569336,6
2026-05-15 04:08:00+00:00,81.86000061035156,81.88999938964844,81.86000061035156,81.86000061035156,7
2026-05-15 04:09:00+00:00,81.88500213623047,81.88500213623047,81.83000183105469,81.8499984741211,20
2026-05-15 04:10:00+00:00,81.82499694824219,81.83499908447266,81.81999969482422,81.83499908447266,6
2026-05-15 04:11:00+00:00,81.83000183105469,81.8550033569336,81.80999755859375,81.8550033569336,3
2026-05-15 04:12:00+00:00,81.86499786376953,81.86499786376953,81.86499786376953,81.86499786376953,2
2026-05-15 04:13:00+00:00,81.88500213623047,81.88500213623047,81.81500244140625,81.81500244140625,3
2026-05-15 04:14:00+00:00,81.92500305175781,81.92500305175781,81.88999938964844,81.90499877929688,9
2026-05-15 04:15:00+00:00,81.83499908447266,81.93499755859375,81.83499908447266,81.93499755859375,19
2026-05-15 04:16:00+00:00,81.8949966430664,81.8949966430664,81.87000274658203,81.87000274658203,3
2026-05-15 04:17:00+00:00,81.86000061035156,81.86499786376953,81.8499984741211,81.86000061035156,10
2026-05-15 04:18:00+00:00,81.83999633789062,81.83999633789062,81.83999633789062,81.83999633789062,6
2026-05-15 04:19:00+00:00,81.77999877929688,81.83499908447266,81.77999877929688,81.83499908447266,32
2026-05-15 04:20:00+00:00,81.65499877929688,81.73500061035156,81.65499877929688,81.70999908447266,9
2026-05-15 04:21:00+00:00,81.6500015258789,81.66500091552734,81.6050033569336,81.6500015258789,16
2026-05-15 04:22:00+00:00,81.58499908447266,81.62000274658203,81.54000091552734,81.5999984741211,18
2026-05-15 04:23:00+00:00,81.56999969482422,81.61499786376953,81.5250015258789,81.53500366210938,13
2026-05-15 04:24:00+00:00,81.5999984741211,81.62000274658203,81.5999984741211,81.62000274658203,3
2026-05-15 04:25:00+00:00,81.62999725341797,81.62999725341797,81.62999725341797,81.62999725341797,1
2026-05-15 04:26:00+00:00,81.73999786376953,81.73999786376953,81.62000274658203,81.62000274658203,30
2026-05-15 04:27:00+00:00,81.79499816894531,81.79499816894531,81.68499755859375,81.70500183105469,36
2026-05-15 04:28:00+00:00,81.76499938964844,81.81999969482422,81.76499938964844,81.78500366210938,52
2026-05-15 04:29:00+00:00,81.81999969482422,81.81999969482422,81.78500366210938,81.78500366210938,5
2026-05-15 04:30:00+00:00,81.75499725341797,81.75499725341797,81.75499725341797,81.75499725341797,1
2026-05-15 04:32:00+00:00,81.875,81.875,81.80999755859375,81.80999755859375,15
2026-05-15 04:33:00+00:00,81.80500030517578,81.83999633789062,81.80500030517578,81.83999633789062,4
2026-05-15 04:34:00+00:00,81.79499816894531,81.79499816894531,81.76499938964844,81.76499938964844,4
2026-05-15 04:35:00+00:00,81.80500030517578,81.87000274658203,81.80500030517578,81.87000274658203,7
2026-05-15 04:36:00+00:00,81.84500122070312,81.86000061035156,81.84500122070312,81.86000061035156,3
2026-05-15 04:37:00+00:00,81.79000091552734,81.80999755859375,81.7699966430664,81.7699966430664,4
2026-05-15 04:38:00+00:00,81.7249984741211,81.7699966430664,81.7249984741211,81.7699966430664,3
2026-05-15 04:39:00+00:00,81.79499816894531,81.79499816894531,81.73500061035156,81.73500061035156,3
2026-05-15 04:41:00+00:00,81.80500030517578,81.80500030517578,81.80500030517578,81.80500030517578,1
2026-05-15 04:42:00+00:00,81.7750015258789,81.7750015258789,81.7750015258789,81.7750015258789,1
2026-05-15 04:43:00+00:00,81.5,81.69999694824219,81.49500274658203,81.69999694824219,6
2026-05-15 04:44:00+00:00,81.44000244140625,81.51499938964844,81.38999938964844,81.50499725341797,40
2026-05-15 04:45:00+00:00,81.5199966430664,81.54499816894531,81.44000244140625,81.44499969482422,32
2026-05-15 04:46:00+00:00,81.51499938964844,81.5250015258789,81.44499969482422,81.44499969482422,7
2026-05-15 04:47:00+00:00,81.50499725341797,81.50499725341797,81.4749984741211,81.50499725341797,6
2026-05-15 04:48:00+00:00,81.54000091552734,81.58000183105469,81.51499938964844,81.51499938964844,4
2026-05-15 04:49:00+00:00,81.56500244140625,81.57499694824219,81.54499816894531,81.54499816894531,5
2026-05-15 04:50:00+00:00,81.63999938964844,81.63999938964844,81.57499694824219,81.57499694824219,7
2026-05-15 04:51:00+00:00,81.5250015258789,81.61499786376953,81.5250015258789,81.61499786376953,8
2026-05-15 04:52:00+00:00,81.50499725341797,81.51499938964844,81.49500274658203,81.50499725341797,8
2026-05-15 04:53:00+00:00,81.50499725341797,81.54499816894531,81.50499725341797,81.54499816894531,2
2026-05-15 04:54:00+00:00,81.51499938964844,81.51499938964844,81.5,81.50499725341797,3
2026-05-15 04:57:00+00:00,81.48500061035156,81.48500061035156,81.43000030517578,81.44499969482422,5
2026-05-15 04:58:00+00:00,81.52999877929688,81.52999877929688,81.46499633789062,81.46499633789062,6
2026-05-15 04:59:00+00:00,81.3949966430664,81.51499938964844,81.3499984741211,81.50499725341797,51
2026-05-15 05:00:00+00:00,81.3550033569336,81.38999938964844,81.29499816894531,81.37999725341797,21
2026-05-15 05:01:00+00:00,81.33499908447266,81.33499908447266,81.26000213623047,81.2750015258789,24
2026-05-15 05:02:00+00:00,81.30500030517578,81.30500030517578,81.20500183105469,81.30000305175781,41
2026-05-15 05:03:00+00:00,81.13500213623047,81.2699966430664,81.125,81.25,52
2026-05-15 05:04:00+00:00,81.08999633789062,81.16999816894531,81.08499908447266,81.13999938964844,55
2026-05-15 05:05:00+00:00,80.99500274658203,81.08000183105469,80.88999938964844,81.08000183105469,134
2026-05-15 05:06:00+00:00,80.8949966430664,81.0,80.8949966430664,80.9749984741211,44
2026-05-15 05:07:00+00:00,80.8499984741211,80.93499755859375,80.79000091552734,80.93000030517578,65
2026-05-15 05:08:00+00:00,80.77999877929688,80.88999938964844,80.76000213623047,80.8499984741211,54
2026-05-15 05:09:00+00:00,80.86000061035156,80.86000061035156,80.75,80.7699966430664,19
2026-05-15 05:10:00+00:00,80.81500244140625,80.83499908447266,80.79499816894531,80.81500244140625,14
2026-05-15 05:11:00+00:00,80.79000091552734,80.8499984741211,80.75,80.81999969482422,30
2026-05-15 05:12:00+00:00,80.81500244140625,80.87000274658203,80.79499816894531,80.79499816894531,29
2026-05-15 05:13:00+00:00,80.70500183105469,80.76000213623047,80.63500213623047,80.76000213623047,74
2026-05-15 05:14:00+00:00,80.83000183105469,80.83499908447266,80.66999816894531,80.67500305175781,52
2026-05-15 05:15:00+00:00,80.8949966430664,80.92500305175781,80.78500366210938,80.78500366210938,28
2026-05-15 05:16:00+00:00,80.77999877929688,80.93499755859375,80.77999877929688,80.93000030517578,21
2026-05-15 05:17:00+00:00,80.61499786376953,80.80000305175781,80.61499786376953,80.7750015258789,37
2026-05-15 05:18:00+00:00,80.55000305175781,80.66000366210938,80.55000305175781,80.66000366210938,33
2026-05-15 05:19:00+00:00,80.51499938964844,80.58999633789062,80.45999908447266,80.55000305175781,91
2026-05-15 05:20:00+00:00,80.4749984741211,80.56999969482422,80.40499877929688,80.54000091552734,100
2026-05-15 05:21:00+00:00,80.70500183105469,80.7249984741211,80.4800033569336,80.48999786376953,138
2026-05-15 05:22:00+00:00,80.6050033569336,80.75499725341797,80.6050033569336,80.70500183105469,59
2026-05-15 05:23:00+00:00,80.48999786376953,80.58000183105469,80.4749984741211,80.56500244140625,33
2026-05-15 05:24:00+00:00,80.63999938964844,80.63999938964844,80.4749984741211,80.4749984741211,34
2026-05-15 05:25:00+00:00,80.63999938964844,80.67500305175781,80.6050033569336,80.62000274658203,22
2026-05-15 05:26:00+00:00,80.55999755859375,80.61000061035156,80.52999877929688,80.61000061035156,21
2026-05-15 05:27:00+00:00,80.5999984741211,80.66000366210938,80.55500030517578,80.55500030517578,22
2026-05-15 05:28:00+00:00,80.6500015258789,80.72000122070312,80.625,80.625,52
2026-05-15 05:29:00+00:00,80.62999725341797,80.68000030517578,80.58999633789062,80.61000061035156,29
2026-05-15 05:30:00+00:00,80.13999938964844,80.67500305175781,80.08000183105469,80.63500213623047,572
2026-05-15 05:31:00+00:00,79.88999938964844,80.17500305175781,79.83999633789062,80.13500213623047,357
2026-05-15 05:32:00+00:00,79.76000213623047,79.86499786376953,79.69000244140625,79.8550033569336,128
2026-05-15 05:33:00+00:00,79.47000122070312,79.81500244140625,79.45500183105469,79.7300033569336,198
2026-05-15 05:34:00+00:00,79.31500244140625,79.55000305175781,79.15499877929688,79.52999877929688,387
2026-05-15 05:35:00+00:00,79.16000366210938,79.3550033569336,79.01499938964844,79.30000305175781,313
2026-05-15 05:36:00+00:00,79.3949966430664,79.4000015258789,79.09500122070312,79.17500305175781,168
2026-05-15 05:37:00+00:00,78.91000366210938,79.41999816894531,78.84500122070312,79.38999938964844,387
2026-05-15 05:38:00+00:00,78.75,78.99500274658203,78.6500015258789,78.9000015258789,371
2026-05-15 05:39:00+00:00,78.83000183105469,78.875,78.5999984741211,78.81999969482422,278
2026-05-15 05:40:00+00:00,78.51000213623047,78.86000061035156,78.19999694824219,78.8550033569336,761
2026-05-15 05:41:00+00:00,78.58499908447266,78.69000244140625,78.43000030517578,78.47000122070312,230
2026-05-15 05:42:00+00:00,78.62999725341797,78.78500366210938,78.4800033569336,78.52999877929688,198
2026-05-15 05:43:00+00:00,78.62000274658203,78.90499877929688,78.56999969482422,78.61499786376953,162
2026-05-15 05:44:00+00:00,78.56999969482422,78.79499816894531,78.51000213623047,78.6500015258789,126
2026-05-15 05:45:00+00:00,78.4800033569336,78.63500213623047,78.41000366210938,78.55500030517578,200
2026-05-15 05:46:00+00:00,78.3550033569336,78.55500030517578,78.23999786376953,78.47000122070312,128
2026-05-15 05:47:00+00:00,78.15499877929688,78.4749984741211,78.1449966430664,78.3550033569336,186
2026-05-15 05:48:00+00:00,78.43499755859375,78.46499633789062,78.0999984741211,78.19499969482422,199
2026-05-15 05:49:00+00:00,78.40499877929688,78.4800033569336,78.29499816894531,78.43000030517578,80
2026-05-15 05:50:00+00:00,78.92500305175781,78.92500305175781,78.44499969482422,78.4800033569336,147
2026-05-15 05:51:00+00:00,78.76000213623047,78.93000030517578,78.67500305175781,78.91999816894531,126
2026-05-15 05:52:00+00:00,78.74500274658203,78.875,78.66000366210938,78.75,79
2026-05-15 05:53:00+00:00,78.91000366210938,78.91000366210938,78.71499633789062,78.76000213623047,74
2026-05-15 05:54:00+00:00,78.78500366210938,78.91999816894531,78.78500366210938,78.9000015258789,53
2026-05-15 05:55:00+00:00,78.875,78.91000366210938,78.69999694824219,78.7699966430664,60
2026-05-15 05:56:00+00:00,78.67500305175781,78.86000061035156,78.59500122070312,78.86000061035156,39
2026-05-15 05:57:00+00:00,78.80000305175781,78.80000305175781,78.58999633789062,78.66500091552734,60
2026-05-15 05:58:00+00:00,78.6449966430664,78.80999755859375,78.62000274658203,78.78500366210938,22
2026-05-15 05:59:00+00:00,78.3550033569336,78.6500015258789,78.3550033569336,78.61000061035156,71
2026-05-15 06:00:00+00:00,78.5250015258789,78.59500122070312,78.33000183105469,78.3550033569336,142
2026-05-15 06:01:00+00:00,78.63999938964844,78.68000030517578,78.41500091552734,78.5,75
2026-05-15 06:02:00+00:00,78.49500274658203,78.65499877929688,78.45999908447266,78.63999938964844,98
2026-05-15 06:03:00+00:00,78.5999984741211,78.6500015258789,78.4000015258789,78.4800033569336,88
2026-05-15 06:04:00+00:00,78.61499786376953,78.66999816894531,78.55500030517578,78.58499908447266,48
2026-05-15 06:05:00+00:00,78.625,78.69000244140625,78.48500061035156,78.625,74
2026-05-15 06:06:00+00:00,78.6500015258789,78.74500274658203,78.5999984741211,78.6500015258789,110
2026-05-15 06:07:00+00:00,78.5250015258789,78.74500274658203,78.5250015258789,78.6449966430664,76
2026-05-15 06:08:00+00:00,78.58499908447266,78.66999816894531,78.3499984741211,78.57499694824219,140
2026-05-15 06:09:00+00:00,78.30500030517578,78.54499816894531,78.1050033569336,78.54499816894531,128
2026-05-15 06:10:00+00:00,78.06999969482422,78.32499694824219,77.95500183105469,78.31500244140625,179
2026-05-15 06:11:00+00:00,78.4800033569336,78.49500274658203,78.12999725341797,78.12999725341797,198
2026-05-15 06:12:00+00:00,78.52999877929688,78.55999755859375,78.36000061035156,78.4800033569336,92
2026-05-15 06:13:00+00:00,78.74500274658203,78.7750015258789,78.48500061035156,78.5250015258789,58
2026-05-15 06:14:00+00:00,78.77999877929688,78.77999877929688,78.5999984741211,78.69999694824219,61
2026-05-15 06:15:00+00:00,78.80999755859375,78.8949966430664,78.69000244140625,78.79000091552734,122
2026-05-15 06:16:00+00:00,79.05999755859375,79.08000183105469,78.81999969482422,78.86000061035156,114
2026-05-15 06:17:00+00:00,79.08000183105469,79.19000244140625,79.0250015258789,79.03500366210938,148
2026-05-15 06:18:00+00:00,78.99500274658203,79.08499908447266,78.92500305175781,79.08000183105469,89
2026-05-15 06:19:00+00:00,78.9800033569336,79.03500366210938,78.94499969482422,79.01000213623047,79
2026-05-15 06:20:00+00:00,78.91500091552734,78.98999786376953,78.8499984741211,78.92500305175781,68
2026-05-15 06:21:00+00:00,79.1050033569336,79.1449966430664,78.95999908447266,78.95999908447266,61
2026-05-15 06:22:00+00:00,79.0250015258789,79.1449966430664,78.93000030517578,79.12000274658203,124
2026-05-15 06:23:00+00:00,79.00499725341797,79.07499694824219,78.97000122070312,79.0250015258789,108
2026-05-15 06:24:00+00:00,78.91000366210938,79.01000213623047,78.83499908447266,79.01000213623047,67
2026-05-15 06:25:00+00:00,78.88999938964844,78.91500091552734,78.86000061035156,78.9000015258789,42
2026-05-15 06:26:00+00:00,79.04000091552734,79.05999755859375,78.87000274658203,78.87000274658203,80
2026-05-15 06:27:00+00:00,78.83499908447266,79.01000213623047,78.83499908447266,79.01000213623047,26
2026-05-15 06:28:00+00:00,78.78500366210938,78.80000305175781,78.68499755859375,78.80000305175781,24
2026-05-15 06:29:00+00:00,78.76499938964844,78.81999969482422,78.7300033569336,78.79499816894531,39
2026-05-15 06:30:00+00:00,79.05999755859375,79.11499786376953,78.78500366210938,78.78500366210938,80
2026-05-15 06:31:00+00:00,78.98999786376953,79.12000274658203,78.98999786376953,79.01499938964844,24
2026-05-15 06:32:00+00:00,79.0999984741211,79.0999984741211,78.94999694824219,78.98500061035156,30
2026-05-15 06:33:00+00:00,79.04499816894531,79.08999633789062,78.9800033569336,79.05500030517578,37
2026-05-15 06:34:00+00:00,78.97000122070312,79.05999755859375,78.91999816894531,79.01000213623047,50
2026-05-15 06:35:00+00:00,79.02999877929688,79.02999877929688,78.91999816894531,78.9749984741211,36
2026-05-15 06:36:00+00:00,78.95500183105469,79.08499908447266,78.9000015258789,79.04000091552734,37
2026-05-15 06:37:00+00:00,78.86000061035156,78.91500091552734,78.83999633789062,78.91500091552734,24
2026-05-15 06:38:00+00:00,78.88500213623047,78.91000366210938,78.80000305175781,78.83999633789062,43
2026-05-15 06:39:00+00:00,78.87000274658203,78.9800033569336,78.87000274658203,78.88500213623047,43
2026-05-15 06:40:00+00:00,78.92500305175781,78.93000030517578,78.78500366210938,78.87000274658203,24
2026-05-15 06:41:00+00:00,78.91999816894531,79.02999877929688,78.8949966430664,78.94000244140625,34
2026-05-15 06:42:00+00:00,78.93499755859375,78.95999908447266,78.9000015258789,78.91000366210938,21
2026-05-15 06:43:00+00:00,78.9800033569336,79.0,78.93000030517578,78.94999694824219,24
2026-05-15 06:44:00+00:00,78.9000015258789,79.0,78.8550033569336,79.0,22
2026-05-15 06:45:00+00:00,79.04499816894531,79.04499816894531,78.94000244140625,78.94000244140625,56
2026-05-15 06:46:00+00:00,78.99500274658203,79.12000274658203,78.9749984741211,79.05500030517578,35
2026-05-15 06:47:00+00:00,78.9800033569336,79.01499938964844,78.93499755859375,78.98999786376953,19
2026-05-15 06:48:00+00:00,78.79000091552734,79.0250015258789,78.78500366210938,78.97000122070312,57
2026-05-15 06:49:00+00:00,79.0199966430664,79.07499694824219,78.79000091552734,78.79000091552734,63
2026-05-15 06:50:00+00:00,78.91999816894531,79.05999755859375,78.88500213623047,79.0199966430664,31
2026-05-15 06:51:00+00:00,78.99500274658203,78.99500274658203,78.90499877929688,78.90499877929688,8
2026-05-15 06:52:00+00:00,78.80000305175781,78.94999694824219,78.80000305175781,78.93000030517578,29
2026-05-15 06:53:00+00:00,78.75,78.81999969482422,78.7300033569336,78.80000305175781,27
2026-05-15 06:54:00+00:00,78.72000122070312,78.79000091552734,78.62000274658203,78.74500274658203,32
2026-05-15 06:55:00+00:00,78.70500183105469,78.78500366210938,78.68499755859375,78.76499938964844,31
2026-05-15 06:56:00+00:00,78.74500274658203,78.80500030517578,78.6500015258789,78.67500305175781,26
2026-05-15 06:57:00+00:00,78.66000366210938,78.7699966430664,78.65499877929688,78.70999908447266,33
2026-05-15 06:58:00+00:00,78.7249984741211,78.75,78.63500213623047,78.69499969482422,27
2026-05-15 06:59:00+00:00,78.76499938964844,78.79000091552734,78.68499755859375,78.70999908447266,34
2026-05-15 07:00:00+00:00,78.81999969482422,78.83499908447266,78.58000183105469,78.80000305175781,76
2026-05-15 07:01:00+00:00,78.69000244140625,78.95999908447266,78.51499938964844,78.81500244140625,150
2026-05-15 07:02:00+00:00,78.80500030517578,78.83499908447266,78.62000274658203,78.7249984741211,68
2026-05-15 07:03:00+00:00,78.90499877929688,78.96499633789062,78.76000213623047,78.76000213623047,53
2026-05-15 07:04:00+00:00,78.88500213623047,78.94000244140625,78.80500030517578,78.87999725341797,23
2026-05-15 07:05:00+00:00,78.94999694824219,79.0,78.9000015258789,78.90499877929688,47
2026-05-15 07:06:00+00:00,78.88999938964844,78.91999816894531,78.86000061035156,78.91500091552734,22
2026-05-15 07:07:00+00:00,78.83999633789062,78.96499633789062,78.80000305175781,78.93499755859375,53
2026-05-15 07:08:00+00:00,78.93000030517578,78.93000030517578,78.83000183105469,78.83999633789062,47
2026-05-15 07:09:00+00:00,79.12999725341797,79.13500213623047,78.91500091552734,78.91500091552734,55
2026-05-15 07:10:00+00:00,79.2300033569336,79.2300033569336,79.09500122070312,79.125,67
2026-05-15 07:11:00+00:00,79.4000015258789,79.4000015258789,79.20999908447266,79.23500061035156,167
2026-05-15 07:12:00+00:00,79.44499969482422,79.45500183105469,79.37999725341797,79.37999725341797,47
2026-05-15 07:13:00+00:00,79.63500213623047,79.63500213623047,79.43499755859375,79.45999908447266,81
2026-05-15 07:14:00+00:00,79.625,79.66999816894531,79.58499908447266,79.62000274658203,79
2026-05-15 07:15:00+00:00,79.66000366210938,79.7300033569336,79.61000061035156,79.62000274658203,68
2026-05-15 07:16:00+00:00,79.5,79.6449966430664,79.45500183105469,79.6449966430664,64
2026-05-15 07:17:00+00:00,79.58499908447266,79.5999984741211,79.44999694824219,79.4800033569336,81
2026-05-15 07:18:00+00:00,79.63500213623047,79.63500213623047,79.54499816894531,79.57499694824219,69
2026-05-15 07:19:00+00:00,79.62000274658203,79.625,79.55000305175781,79.6050033569336,76
2026-05-15 07:20:00+00:00,79.69499969482422,79.78500366210938,79.62000274658203,79.62000274658203,130
2026-05-15 07:21:00+00:00,79.73999786376953,79.76000213623047,79.68000030517578,79.68000030517578,43
2026-05-15 07:22:00+00:00,79.74500274658203,79.77999877929688,79.6449966430664,79.70999908447266,91
2026-05-15 07:23:00+00:00,79.54499816894531,79.7300033569336,79.54000091552734,79.7300033569336,115
2026-05-15 07:24:00+00:00,79.55000305175781,79.5999984741211,79.4749984741211,79.56999969482422,86
2026-05-15 07:25:00+00:00,79.45999908447266,79.55000305175781,79.41000366210938,79.55000305175781,45
2026-05-15 07:26:00+00:00,79.41999816894531,79.44000244140625,79.37000274658203,79.43000030517578,46
2026-05-15 07:27:00+00:00,79.54000091552734,79.55999755859375,79.44000244140625,79.44000244140625,23
2026-05-15 07:28:00+00:00,79.5999984741211,79.61000061035156,79.55999755859375,79.55999755859375,47
2026-05-15 07:29:00+00:00,79.63500213623047,79.65499877929688,79.54000091552734,79.56999969482422,42
2026-05-15 07:30:00+00:00,79.54499816894531,79.65499877929688,79.54499816894531,79.62999725341797,32
2026-05-15 07:31:00+00:00,79.53500366210938,79.57499694824219,79.53500366210938,79.54000091552734,17
2026-05-15 07:32:00+00:00,79.61000061035156,79.62999725341797,79.55500030517578,79.55500030517578,27
2026-05-15 07:33:00+00:00,79.44999694824219,79.62000274658203,79.44999694824219,79.62000274658203,94
2026-05-15 07:34:00+00:00,79.5,79.5,79.44999694824219,79.45999908447266,30
2026-05-15 07:35:00+00:00,79.54499816894531,79.56500244140625,79.4800033569336,79.4800033569336,46
2026-05-15 07:36:00+00:00,79.53500366210938,79.58999633789062,79.48999786376953,79.5199966430664,63
2026-05-15 07:37:00+00:00,79.38999938964844,79.51000213623047,79.32499694824219,79.51000213623047,54
2026-05-15 07:38:00+00:00,79.48999786376953,79.5,79.40499877929688,79.41999816894531,21
2026-05-15 07:39:00+00:00,79.55500030517578,79.57499694824219,79.46499633789062,79.4749984741211,96
2026-05-15 07:40:00+00:00,79.48999786376953,79.51499938964844,79.40499877929688,79.51499938964844,29
2026-05-15 07:41:00+00:00,79.43499755859375,79.48999786376953,79.37999725341797,79.45999908447266,24
2026-05-15 07:42:00+00:00,79.44499969482422,79.4749984741211,79.3949966430664,79.43499755859375,25
2026-05-15 07:43:00+00:00,79.45999908447266,79.49500274658203,79.3949966430664,79.41999816894531,19
2026-05-15 07:44:00+00:00,79.54499816894531,79.55500030517578,79.46499633789062,79.46499633789062,21
2026-05-15 07:45:00+00:00,79.55999755859375,79.56500244140625,79.50499725341797,79.55500030517578,15
2026-05-15 07:46:00+00:00,79.51499938964844,79.55999755859375,79.4800033569336,79.55999755859375,24
2026-05-15 07:47:00+00:00,79.49500274658203,79.54000091552734,79.47000122070312,79.5199966430664,38
2026-05-15 07:48:00+00:00,79.54000091552734,79.54000091552734,79.49500274658203,79.51000213623047,10
2026-05-15 07:49:00+00:00,79.37999725341797,79.56999969482422,79.30999755859375,79.56500244140625,70
2026-05-15 07:50:00+00:00,79.30000305175781,79.375,79.27999877929688,79.375,66
2026-05-15 07:51:00+00:00,79.19499969482422,79.29000091552734,79.19499969482422,79.29000091552734,41
2026-05-15 07:52:00+00:00,79.23999786376953,79.25,79.20500183105469,79.2249984741211,25
2026-05-15 07:53:00+00:00,79.23500061035156,79.28500366210938,79.21499633789062,79.28500366210938,14
2026-05-15 07:54:00+00:00,79.33999633789062,79.3499984741211,79.23500061035156,79.23500061035156,17
2026-05-15 07:55:00+00:00,79.41000366210938,79.42500305175781,79.31500244140625,79.32499694824219,26
2026-05-15 07:56:00+00:00,79.3499984741211,79.43000030517578,79.3499984741211,79.38999938964844,14
2026-05-15 07:57:00+00:00,79.33000183105469,79.37999725341797,79.30999755859375,79.37999725341797,11
2026-05-15 07:58:00+00:00,79.26000213623047,79.34500122070312,79.26000213623047,79.32499694824219,14
2026-05-15 07:59:00+00:00,79.36000061035156,79.36000061035156,79.2699966430664,79.2699966430664,19
2026-05-15 08:00:00+00:00,79.29000091552734,79.44000244140625,79.29000091552734,79.375,48
2026-05-15 08:01:00+00:00,78.94000244140625,79.2699966430664,78.9000015258789,79.2699966430664,133
2026-05-15 08:02:00+00:00,78.8550033569336,78.96499633789062,78.81999969482422,78.94499969482422,100
2026-05-15 08:03:00+00:00,78.99500274658203,78.99500274658203,78.87999725341797,78.88999938964844,48
2026-05-15 08:04:00+00:00,78.90499877929688,79.01499938964844,78.7750015258789,79.00499725341797,55
2026-05-15 08:05:00+00:00,79.1050033569336,79.11499786376953,78.87999725341797,78.9000015258789,62
2026-05-15 08:06:00+00:00,79.0,79.1050033569336,78.9800033569336,79.08999633789062,31
2026-05-15 08:07:00+00:00,79.08499908447266,79.11000061035156,78.93499755859375,78.9800033569336,36
2026-05-15 08:08:00+00:00,78.97000122070312,79.12000274658203,78.97000122070312,79.04499816894531,27
2026-05-15 08:09:00+00:00,79.06500244140625,79.08999633789062,78.93499755859375,78.97000122070312,16
2026-05-15 08:10:00+00:00,79.05500030517578,79.09500122070312,78.91000366210938,79.07499694824219,72
2026-05-15 08:11:00+00:00,78.96499633789062,79.05999755859375,78.96499633789062,79.0250015258789,16
2026-05-15 08:12:00+00:00,79.02999877929688,79.08999633789062,79.02999877929688,79.05999755859375,28
2026-05-15 08:13:00+00:00,78.91999816894531,79.0199966430664,78.91999816894531,79.0199966430664,7
2026-05-15 08:14:00+00:00,78.99500274658203,79.04499816894531,78.91500091552734,78.94000244140625,43
2026-05-15 08:15:00+00:00,78.83000183105469,78.94499969482422,78.83000183105469,78.94499969482422,41
2026-05-15 08:16:00+00:00,78.61000061035156,78.80999755859375,78.58000183105469,78.7699966430664,85
2026-05-15 08:17:00+00:00,78.66500091552734,78.70999908447266,78.44000244140625,78.61000061035156,238
2026-05-15 08:18:00+00:00,78.7300033569336,78.76000213623047,78.58499908447266,78.66500091552734,81
2026-05-15 08:19:00+00:00,78.74500274658203,78.81500244140625,78.69499969482422,78.75499725341797,55
2026-05-15 08:20:00+00:00,78.68000030517578,78.78500366210938,78.68000030517578,78.69000244140625,76
2026-05-15 08:21:00+00:00,78.58000183105469,78.66999816894531,78.5250015258789,78.66999816894531,41
2026-05-15 08:22:00+00:00,78.76499938964844,78.76499938964844,78.58000183105469,78.6449966430664,25
2026-05-15 08:23:00+00:00,78.69000244140625,78.73500061035156,78.58000183105469,78.71499633789062,33
2026-05-15 08:24:00+00:00,78.70500183105469,78.7300033569336,78.68499755859375,78.70999908447266,24
2026-05-15 08:25:00+00:00,78.76000213623047,78.76000213623047,78.68499755859375,78.68499755859375,11
2026-05-15 08:26:00+00:00,78.66999816894531,78.69999694824219,78.5999984741211,78.65499877929688,21
2026-05-15 08:27:00+00:00,78.55000305175781,78.66999816894531,78.50499725341797,78.6449966430664,77
2026-05-15 08:28:00+00:00,78.62999725341797,78.65499877929688,78.5199966430664,78.5199966430664,23
2026-05-15 08:29:00+00:00,78.56500244140625,78.625,78.52999877929688,78.625,36
2026-05-15 08:30:00+00:00,78.37999725341797,78.55000305175781,78.29000091552734,78.55000305175781,102
2026-05-15 08:31:00+00:00,78.4749984741211,78.4749984741211,78.3499984741211,78.375,64
2026-05-15 08:32:00+00:00,78.54000091552734,78.58999633789062,78.45500183105469,78.45500183105469,32
2026-05-15 08:33:00+00:00,78.40499877929688,78.48999786376953,78.33499908447266,78.48999786376953,30
2026-05-15 08:34:00+00:00,78.44999694824219,78.48500061035156,78.37999725341797,78.44499969482422,13
2026-05-15 08:35:00+00:00,78.45500183105469,78.51000213623047,78.45500183105469,78.49500274658203,9
2026-05-15 08:36:00+00:00,78.52999877929688,78.52999877929688,78.41000366210938,78.43000030517578,10
2026-05-15 08:37:00+00:00,78.53500366210938,78.55000305175781,78.45999908447266,78.51499938964844,6
2026-05-15 08:38:00+00:00,78.80000305175781,78.80000305175781,78.55999755859375,78.55999755859375,32
2026-05-15 08:39:00+00:00,78.91000366210938,78.97000122070312,78.80000305175781,78.80500030517578,93
2026-05-15 08:40:00+00:00,78.8550033569336,78.97000122070312,78.83499908447266,78.93000030517578,107
2026-05-15 08:41:00+00:00,78.93000030517578,78.93000030517578,78.83499908447266,78.83499908447266,16
2026-05-15 08:42:00+00:00,79.01499938964844,79.02999877929688,78.91000366210938,78.91000366210938,63
2026-05-15 08:43:00+00:00,79.0,79.03500366210938,78.93499755859375,79.0250015258789,43
2026-05-15 08:44:00+00:00,79.0999984741211,79.0999984741211,78.9749984741211,79.0,45
2026-05-15 08:45:00+00:00,79.0199966430664,79.13500213623047,79.0199966430664,79.11000061035156,51
2026-05-15 08:46:00+00:00,78.80999755859375,79.01499938964844,78.80000305175781,78.99500274658203,39
2026-05-15 08:47:00+00:00,78.90499877929688,78.98500061035156,78.76000213623047,78.78500366210938,60
2026-05-15 08:48:00+00:00,78.91500091552734,78.94000244140625,78.9000015258789,78.9000015258789,8
2026-05-15 08:49:00+00:00,78.90499877929688,78.94000244140625,78.90499877929688,78.93499755859375,5
2026-05-15 08:50:00+00:00,78.9000015258789,78.91999816894531,78.88500213623047,78.91999816894531,3
2026-05-15 08:51:00+00:00,78.81999969482422,78.8550033569336,78.77999877929688,78.8499984741211,25
2026-05-15 08:52:00+00:00,78.79000091552734,78.83999633789062,78.7699966430664,78.83999633789062,12
2026-05-15 08:53:00+00:00,78.80000305175781,78.80999755859375,78.79000091552734,78.79000091552734,6
2026-05-15 08:54:00+00:00,78.7300033569336,78.79000091552734,78.7300033569336,78.78500366210938,7
2026-05-15 08:55:00+00:00,78.62000274658203,78.68000030517578,78.5,78.68000030517578,44
2026-05-15 08:56:00+00:00,78.69000244140625,78.69999694824219,78.5999984741211,78.5999984741211,17
2026-05-15 08:57:00+00:00,78.65499877929688,78.66000366210938,78.5999984741211,78.66000366210938,6
2026-05-15 08:58:00+00:00,78.55500030517578,78.62999725341797,78.54000091552734,78.62000274658203,28
2026-05-15 08:59:00+00:00,78.57499694824219,78.58999633789062,78.5,78.5199966430664,31
2026-05-15 09:00:00+00:00,78.58499908447266,78.65499877929688,78.58499908447266,78.62000274658203,28
2026-05-15 09:01:00+00:00,78.5,78.58999633789062,78.48500061035156,78.58999633789062,17
2026-05-15 09:02:00+00:00,78.51499938964844,78.5199966430664,78.45500183105469,78.5199966430664,8
2026-05-15 09:03:00+00:00,78.625,78.625,78.52999877929688,78.52999877929688,53
2026-05-15 09:04:00+00:00,78.7300033569336,78.74500274658203,78.58999633789062,78.61499786376953,47
2026-05-15 09:05:00+00:00,78.91000366210938,78.94999694824219,78.74500274658203,78.74500274658203,47
2026-05-15 09:06:00+00:00,78.63500213623047,78.875,78.63500213623047,78.875,22
2026-05-15 09:07:00+00:00,78.58499908447266,78.69499969482422,78.56500244140625,78.63999938964844,28
2026-05-15 09:08:00+00:00,78.58999633789062,78.62000274658203,78.54000091552734,78.58499908447266,19
2026-05-15 09:09:00+00:00,78.67500305175781,78.67500305175781,78.56500244140625,78.57499694824219,29
2026-05-15 09:10:00+00:00,78.3949966430664,78.69499969482422,78.38500213623047,78.69499969482422,82
2026-05-15 09:11:00+00:00,78.37000274658203,78.44999694824219,78.36000061035156,78.38999938964844,33
2026-05-15 09:12:00+00:00,78.46499633789062,78.46499633789062,78.32499694824219,78.36000061035156,15
2026-05-15 09:13:00+00:00,78.45500183105469,78.48500061035156,78.41500091552734,78.4749984741211,8
2026-05-15 09:14:00+00:00,78.38500213623047,78.42500305175781,78.23999786376953,78.42500305175781,51
2026-05-15 09:15:00+00:00,78.1449966430664,78.44999694824219,78.09500122070312,78.38500213623047,78
2026-05-15 09:16:00+00:00,78.1050033569336,78.16000366210938,77.69999694824219,78.1449966430664,361
2026-05-15 09:17:00+00:00,77.93000030517578,78.01499938964844,77.88999938964844,78.01499938964844,60
2026-05-15 09:18:00+00:00,78.12000274658203,78.12000274658203,77.86000061035156,77.94999694824219,99
2026-05-15 09:19:00+00:00,78.13999938964844,78.13999938964844,78.05000305175781,78.13500213623047,46
2026-05-15 09:20:00+00:00,78.1050033569336,78.15499877929688,78.04000091552734,78.11499786376953,47
2026-05-15 09:21:00+00:00,78.15499877929688,78.19499969482422,78.11499786376953,78.11499786376953,28
2026-05-15 09:22:00+00:00,78.08999633789062,78.12000274658203,77.94499969482422,78.08999633789062,44
2026-05-15 09:23:00+00:00,78.11499786376953,78.11499786376953,78.04499816894531,78.1050033569336,16
2026-05-15 09:24:00+00:00,78.12000274658203,78.21499633789062,78.08999633789062,78.09500122070312,37
2026-05-15 09:25:00+00:00,78.16000366210938,78.20999908447266,78.08000183105469,78.1050033569336,28
2026-05-15 09:26:00+00:00,78.16999816894531,78.19999694824219,78.12000274658203,78.13500213623047,16
2026-05-15 09:27:00+00:00,78.2699966430664,78.2699966430664,78.15499877929688,78.18000030517578,34
2026-05-15 09:28:00+00:00,78.26499938964844,78.30000305175781,78.19999694824219,78.24500274658203,34
2026-05-15 09:29:00+00:00,78.4000015258789,78.4000015258789,78.29000091552734,78.30000305175781,31
2026-05-15 09:30:00+00:00,78.41500091552734,78.47000122070312,78.33999633789062,78.38500213623047,32
2026-05-15 09:31:00+00:00,78.4000015258789,78.43499755859375,78.38500213623047,78.41500091552734,37
2026-05-15 09:32:00+00:00,78.45500183105469,78.45500183105469,78.38500213623047,78.38500213623047,17
2026-05-15 09:33:00+00:00,78.44999694824219,78.44999694824219,78.42500305175781,78.44000244140625,10
2026-05-15 09:34:00+00:00,78.38500213623047,78.46499633789062,78.38500213623047,78.45999908447266,22
2026-05-15 09:35:00+00:00,78.36499786376953,78.43000030517578,78.33999633789062,78.41000366210938,56
2026-05-15 09:36:00+00:00,78.1449966430664,78.41000366210938,78.125,78.375,52
2026-05-15 09:37:00+00:00,78.12000274658203,78.18000030517578,78.05000305175781,78.16999816894531,84
2026-05-15 09:38:00+00:00,77.98500061035156,78.16500091552734,77.94499969482422,78.11499786376953,115
2026-05-15 09:39:00+00:00,78.13999938964844,78.13999938964844,77.94499969482422,77.9800033569336,36
2026-05-15 09:40:00+00:00,78.11000061035156,78.20500183105469,78.0999984741211,78.18499755859375,41
2026-05-15 09:41:00+00:00,78.09500122070312,78.15499877929688,78.06999969482422,78.1449966430664,49
2026-05-15 09:42:00+00:00,78.0250015258789,78.07499694824219,77.9800033569336,78.07499694824219,31
2026-05-15 09:43:00+00:00,77.88999938964844,78.12000274658203,77.88999938964844,78.01499938964844,93
2026-05-15 09:44:00+00:00,77.875,77.9000015258789,77.78500366210938,77.9000015258789,80
2026-05-15 09:45:00+00:00,77.8499984741211,77.875,77.76000213623047,77.86499786376953,52
2026-05-15 09:46:00+00:00,77.88500213623047,77.91000366210938,77.79000091552734,77.83000183105469,32
2026-05-15 09:47:00+00:00,77.8949966430664,77.91999816894531,77.76000213623047,77.87000274658203,178
2026-05-15 09:48:00+00:00,77.86499786376953,77.98500061035156,77.83999633789062,77.9000015258789,133
2026-05-15 09:49:00+00:00,77.73999786376953,77.92500305175781,77.70500183105469,77.90499877929688,127
2026-05-15 09:50:00+00:00,77.45500183105469,77.70500183105469,77.19999694824219,77.70500183105469,673
2026-05-15 09:51:00+00:00,77.62000274658203,77.62999725341797,77.44999694824219,77.4800033569336,148
2026-05-15 09:52:00+00:00,77.7249984741211,77.80999755859375,77.62999725341797,77.66000366210938,124
2026-05-15 09:53:00+00:00,77.6449966430664,77.72000122070312,77.61499786376953,77.69999694824219,35
2026-05-15 09:54:00+00:00,77.7300033569336,77.74500274658203,77.62999725341797,77.67500305175781,47
2026-05-15 09:55:00+00:00,77.70999908447266,77.72000122070312,77.51000213623047,77.72000122070312,78
2026-05-15 09:56:00+00:00,77.95500183105469,77.98999786376953,77.75,77.75,242
2026-05-15 09:57:00+00:00,77.83999633789062,77.95999908447266,77.83000183105469,77.95999908447266,25
2026-05-15 09:58:00+00:00,77.83999633789062,77.86000061035156,77.77999877929688,77.8499984741211,27
2026-05-15 09:59:00+00:00,77.8550033569336,77.95500183105469,77.8499984741211,77.86000061035156,76
2026-05-15 10:00:00+00:00,77.95500183105469,77.95500183105469,77.81500244140625,77.88500213623047,42
2026-05-15 10:01:00+00:00,77.88500213623047,77.9749984741211,77.80999755859375,77.95999908447266,58
2026-05-15 10:02:00+00:00,77.93499755859375,77.98500061035156,77.9000015258789,77.90499877929688,50
2026-05-15 10:03:00+00:00,78.04499816894531,78.05000305175781,77.93499755859375,77.95500183105469,64
2026-05-15 10:04:00+00:00,78.00499725341797,78.08999633789062,78.0,78.0250015258789,26
2026-05-15 10:05:00+00:00,78.21499633789062,78.24500274658203,78.06500244140625,78.06500244140625,100
2026-05-15 10:06:00+00:00,78.25499725341797,78.36499786376953,78.2300033569336,78.2300033569336,138
2026-05-15 10:07:00+00:00,78.2750015258789,78.29499816894531,78.22000122070312,78.25,25
2026-05-15 10:08:00+00:00,78.41500091552734,78.41500091552734,78.24500274658203,78.2699966430664,50
2026-05-15 10:09:00+00:00,78.4000015258789,78.4800033569336,78.375,78.43000030517578,37
2026-05-15 10:10:00+00:00,78.38999938964844,78.41999816894531,78.34500122070312,78.375,12
2026-05-15 10:11:00+00:00,78.41500091552734,78.46499633789062,78.36000061035156,78.36499786376953,28
2026-05-15 10:12:00+00:00,78.46499633789062,78.48999786376953,78.4000015258789,78.40499877929688,29
2026-05-15 10:13:00+00:00,78.48500061035156,78.55999755859375,78.40499877929688,78.48500061035156,97
2026-05-15 10:14:00+00:00,78.54499816894531,78.58499908447266,78.5,78.5,115
2026-05-15 10:15:00+00:00,78.54499816894531,78.54499816894531,78.46499633789062,78.52999877929688,59
2026-05-15 10:16:00+00:00,78.69999694824219,78.71499633789062,78.49500274658203,78.49500274658203,126
2026-05-15 10:17:00+00:00,78.625,78.75499725341797,78.625,78.7249984741211,63
2026-05-15 10:18:00+00:00,78.61000061035156,78.68000030517578,78.56999969482422,78.625,33
2026-05-15 10:19:00+00:00,78.58000183105469,78.61499786376953,78.52999877929688,78.6050033569336,19
2026-05-15 10:20:00+00:00,78.73500061035156,78.75499725341797,78.58000183105469,78.5999984741211,38
2026-05-15 10:21:00+00:00,78.80000305175781,78.80000305175781,78.74500274658203,78.74500274658203,38
2026-05-15 10:22:00+00:00,79.05500030517578,79.05500030517578,78.80000305175781,78.80000305175781,156
2026-05-15 10:23:00+00:00,79.01499938964844,79.12000274658203,78.9800033569336,79.05500030517578,214
2026-05-15 10:24:00+00:00,78.95500183105469,79.02999877929688,78.92500305175781,79.0199966430664,81
2026-05-15 10:25:00+00:00,78.90499877929688,79.01499938964844,78.90499877929688,78.93000030517578,44
2026-05-15 10:26:00+00:00,79.05999755859375,79.08999633789062,78.86000061035156,78.92500305175781,111
2026-05-15 10:27:00+00:00,78.88999938964844,79.04000091552734,78.8499984741211,79.04000091552734,71
2026-05-15 10:28:00+00:00,78.96499633789062,78.97000122070312,78.88500213623047,78.88500213623047,30
2026-05-15 10:29:00+00:00,78.87999725341797,78.94499969482422,78.875,78.94499969482422,21
2026-05-15 10:30:00+00:00,78.88999938964844,78.93499755859375,78.83999633789062,78.88999938964844,63
2026-05-15 10:31:00+00:00,78.8499984741211,78.9000015258789,78.84500122070312,78.9000015258789,18
2026-05-15 10:32:00+00:00,78.8499984741211,78.88500213623047,78.83499908447266,78.83499908447266,48
2026-05-15 10:33:00+00:00,78.94000244140625,78.94000244140625,78.83000183105469,78.87999725341797,69
2026-05-15 10:34:00+00:00,78.78500366210938,78.93000030517578,78.7699966430664,78.93000030517578,44
2026-05-15 10:35:00+00:00,78.8499984741211,78.9000015258789,78.80000305175781,78.80000305175781,50
2026-05-15 10:36:00+00:00,78.78500366210938,78.8550033569336,78.7699966430664,78.83999633789062,40
2026-05-15 10:37:00+00:00,78.70500183105469,78.86000061035156,78.66500091552734,78.81500244140625,47
2026-05-15 10:38:00+00:00,78.70999908447266,78.76499938964844,78.70999908447266,78.73500061035156,12
2026-05-15 10:39:00+00:00,78.67500305175781,78.71499633789062,78.6500015258789,78.71499633789062,25
2026-05-15 10:40:00+00:00,78.73500061035156,78.75,78.6500015258789,78.66500091552734,30
2026-05-15 10:41:00+00:00,78.70999908447266,78.73500061035156,78.70999908447266,78.73500061035156,6
2026-05-15 10:42:00+00:00,78.7699966430664,78.7699966430664,78.69499969482422,78.71499633789062,24
2026-05-15 10:43:00+00:00,78.76499938964844,78.77999877929688,78.76000213623047,78.7699966430664,15
2026-05-15 10:44:00+00:00,79.08499908447266,79.08499908447266,78.73999786376953,78.75499725341797,133
2026-05-15 10:45:00+00:00,79.21499633789062,79.24500274658203,79.0250015258789,79.06500244140625,98
2026-05-15 10:46:00+00:00,79.17500305175781,79.3499984741211,79.11000061035156,79.25499725341797,99
2026-05-15 10:47:00+00:00,79.29000091552734,79.30000305175781,79.19999694824219,79.21499633789062,30
2026-05-15 10:48:00+00:00,79.23500061035156,79.34500122070312,79.2249984741211,79.26499938964844,136
2026-05-15 10:49:00+00:00,79.03500366210938,79.29000091552734,79.00499725341797,79.25,80
2026-05-15 10:50:00+00:00,79.16000366210938,79.16999816894531,79.04499816894531,79.04499816894531,33
2026-05-15 10:51:00+00:00,79.41500091552734,79.44000244140625,79.08000183105469,79.12000274658203,79
2026-05-15 10:52:00+00:00,79.43000030517578,79.51499938964844,79.375,79.43499755859375,116
2026-05-15 10:53:00+00:00,79.5,79.5250015258789,79.43499755859375,79.44499969482422,63
2026-05-15 10:54:00+00:00,79.51000213623047,79.55000305175781,79.45999908447266,79.4800033569336,53
2026-05-15 10:55:00+00:00,79.28500366210938,79.5199966430664,79.2699966430664,79.51000213623047,74
2026-05-15 10:56:00+00:00,79.2300033569336,79.30500030517578,79.21499633789062,79.29499816894531,50
2026-05-15 10:57:00+00:00,79.32499694824219,79.33999633789062,79.18499755859375,79.22000122070312,43
2026-05-15 10:58:00+00:00,79.43000030517578,79.44999694824219,79.34500122070312,79.36000061035156,53
2026-05-15 10:59:00+00:00,79.33999633789062,79.4800033569336,79.31999969482422,79.46499633789062,27
2026-05-15 11:00:00+00:00,79.375,79.4800033569336,79.30999755859375,79.30999755859375,81
2026-05-15 11:01:00+00:00,79.2300033569336,79.37999725341797,79.22000122070312,79.36000061035156,55
2026-05-15 11:02:00+00:00,79.19499969482422,79.26499938964844,79.1449966430664,79.22000122070312,77
2026-05-15 11:03:00+00:00,79.21499633789062,79.22000122070312,79.18000030517578,79.22000122070312,10
2026-05-15 11:04:00+00:00,79.15499877929688,79.24500274658203,79.15499877929688,79.20500183105469,44
2026-05-15 11:05:00+00:00,79.13999938964844,79.21499633789062,79.08999633789062,79.1449966430664,73
2026-05-15 11:06:00+00:00,79.17500305175781,79.24500274658203,79.16000366210938,79.16000366210938,24
2026-05-15 11:07:00+00:00,79.13500213623047,79.1500015258789,79.12000274658203,79.1500015258789,17
2026-05-15 11:08:00+00:00,79.16999816894531,79.25,79.12000274658203,79.19000244140625,36
2026-05-15 11:09:00+00:00,79.11000061035156,79.17500305175781,79.08999633789062,79.16999816894531,36
2026-05-15 11:10:00+00:00,79.23999786376953,79.23999786376953,79.0999984741211,79.1050033569336,24
2026-05-15 11:11:00+00:00,79.1500015258789,79.27999877929688,79.13500213623047,79.23999786376953,48
2026-05-15 11:12:00+00:00,79.13500213623047,79.2300033569336,79.0999984741211,79.18000030517578,37
2026-05-15 11:13:00+00:00,79.16500091552734,79.18499755859375,79.12000274658203,79.125,21
2026-05-15 11:14:00+00:00,79.16500091552734,79.20500183105469,79.13999938964844,79.16000366210938,25
2026-05-15 11:15:00+00:00,79.17500305175781,79.17500305175781,79.125,79.1500015258789,13
2026-05-15 11:16:00+00:00,79.13999938964844,79.17500305175781,79.11499786376953,79.1500015258789,38
2026-05-15 11:17:00+00:00,79.24500274658203,79.25499725341797,79.13500213623047,79.13500213623047,30
2026-05-15 11:18:00+00:00,79.21499633789062,79.24500274658203,79.16999816894531,79.19999694824219,40
2026-05-15 11:19:00+00:00,79.23500061035156,79.25499725341797,79.2300033569336,79.2300033569336,16
2026-05-15 11:20:00+00:00,79.26499938964844,79.375,79.2300033569336,79.23500061035156,73
2026-05-15 11:21:00+00:00,79.19000244140625,79.26499938964844,79.16999816894531,79.26499938964844,20
2026-05-15 11:22:00+00:00,79.18499755859375,79.21499633789062,79.16000366210938,79.20500183105469,15
2026-05-15 11:23:00+00:00,79.1500015258789,79.19499969482422,79.1449966430664,79.16999816894531,34
2026-05-15 11:24:00+00:00,79.20500183105469,79.20999908447266,79.17500305175781,79.18000030517578,11
2026-05-15 11:25:00+00:00,78.94000244140625,79.21499633789062,78.93499755859375,79.21499633789062,66
2026-05-15 11:26:00+00:00,78.91000366210938,79.0,78.9000015258789,78.9749984741211,49
2026-05-15 11:27:00+00:00,78.94000244140625,78.99500274658203,78.91000366210938,78.91000366210938,36
2026-05-15 11:28:00+00:00,79.0250015258789,79.04000091552734,78.91999816894531,78.94000244140625,32
2026-05-15 11:29:00+00:00,79.01000213623047,79.03500366210938,78.95999908447266,79.03500366210938,16
2026-05-15 11:30:00+00:00,78.90499877929688,79.03500366210938,78.88999938964844,79.02999877929688,42
2026-05-15 11:31:00+00:00,78.9749984741211,78.9749984741211,78.90499877929688,78.90499877929688,21
2026-05-15 11:32:00+00:00,78.94499969482422,78.9800033569336,78.93000030517578,78.95999908447266,12
2026-05-15 11:33:00+00:00,78.94999694824219,78.99500274658203,78.92500305175781,78.95500183105469,28
2026-05-15 11:34:00+00:00,78.93499755859375,78.95500183105469,78.91000366210938,78.93499755859375,20
2026-05-15 11:35:00+00:00,78.95999908447266,78.9800033569336,78.94999694824219,78.9800033569336,7
2026-05-15 11:36:00+00:00,78.8499984741211,78.94000244140625,78.83999633789062,78.93499755859375,37
2026-05-15 11:37:00+00:00,78.8499984741211,78.8499984741211,78.81999969482422,78.8499984741211,16
2026-05-15 11:38:00+00:00,78.86499786376953,78.87000274658203,78.81999969482422,78.83000183105469,27
2026-05-15 11:39:00+00:00,78.73500061035156,78.8550033569336,78.62000274658203,78.8499984741211,112
2026-05-15 11:40:00+00:00,78.76499938964844,78.80000305175781,78.73500061035156,78.75,22
2026-05-15 11:41:00+00:00,78.74500274658203,78.7750015258789,78.73999786376953,78.76000213623047,21
2026-05-15 11:42:00+00:00,78.7699966430664,78.7750015258789,78.74500274658203,78.76499938964844,19
2026-05-15 11:43:00+00:00,78.78500366210938,78.81500244140625,78.7699966430664,78.7699966430664,29
2026-05-15 11:44:00+00:00,78.73999786376953,78.75499725341797,78.73999786376953,78.75499725341797,5
2026-05-15 11:45:00+00:00,78.87999725341797,78.87999725341797,78.73999786376953,78.73999786376953,55
2026-05-15 11:46:00+00:00,78.93000030517578,78.9749984741211,78.88500213623047,78.8949966430664,54
2026-05-15 11:47:00+00:00,78.9000015258789,78.96499633789062,78.875,78.96499633789062,31
2026-05-15 11:48:00+00:00,78.94999694824219,79.00499725341797,78.91000366210938,78.94000244140625,35
2026-05-15 11:49:00+00:00,78.96499633789062,78.99500274658203,78.96499633789062,78.99500274658203,22
2026-05-15 11:50:00+00:00,78.94999694824219,78.97000122070312,78.93000030517578,78.95999908447266,28
2026-05-15 11:51:00+00:00,78.95999908447266,79.01499938964844,78.91000366210938,79.01499938964844,18
2026-05-15 11:52:00+00:00,78.93000030517578,78.96499633789062,78.9000015258789,78.92500305175781,37
2026-05-15 11:53:00+00:00,78.98999786376953,78.98999786376953,78.94000244140625,78.94999694824219,11
2026-05-15 11:54:00+00:00,78.9749984741211,79.04000091552734,78.95999908447266,78.97000122070312,32
2026-05-15 11:55:00+00:00,78.7750015258789,78.95500183105469,78.76499938964844,78.95500183105469,35
2026-05-15 11:56:00+00:00,78.875,78.875,78.7750015258789,78.81500244140625,12
2026-05-15 11:57:00+00:00,78.90499877929688,78.93000030517578,78.8499984741211,78.8550033569336,11
2026-05-15 11:58:00+00:00,78.74500274658203,78.88999938964844,78.73999786376953,78.88999938964844,25
2026-05-15 11:59:00+00:00,78.79000091552734,78.80000305175781,78.7750015258789,78.79000091552734,11
2026-05-15 12:00:00+00:00,78.66999816894531,78.76499938964844,78.62999725341797,78.76499938964844,81
2026-05-15 12:01:00+00:00,78.63999938964844,78.66000366210938,78.54000091552734,78.6449966430664,46
2026-05-15 12:02:00+00:00,78.6500015258789,78.6500015258789,78.56500244140625,78.61000061035156,30
2026-05-15 12:03:00+00:00,78.66500091552734,78.66999816894531,78.6449966430664,78.66500091552734,19
2026-05-15 12:04:00+00:00,78.5999984741211,78.67500305175781,78.59500122070312,78.6500015258789,16
2026-05-15 12:05:00+00:00,78.66999816894531,78.69000244140625,78.61000061035156,78.61000061035156,11
2026-05-15 12:06:00+00:00,78.59500122070312,78.61499786376953,78.54499816894531,78.61499786376953,29
2026-05-15 12:07:00+00:00,78.58000183105469,78.58499908447266,78.5250015258789,78.54499816894531,15
2026-05-15 12:08:00+00:00,78.62999725341797,78.63999938964844,78.55500030517578,78.55500030517578,23
2026-05-15 12:09:00+00:00,78.6050033569336,78.62999725341797,78.56500244140625,78.58000183105469,12
2026-05-15 12:10:00+00:00,78.71499633789062,78.75499725341797,78.625,78.625,47
2026-05-15 12:11:00+00:00,78.58499908447266,78.69999694824219,78.54000091552734,78.69999694824219,33
2026-05-15 12:12:00+00:00,78.49500274658203,78.6050033569336,78.44999694824219,78.6050033569336,67
2026-05-15 12:13:00+00:00,78.54000091552734,78.54000091552734,78.45999908447266,78.4800033569336,18
2026-05-15 12:14:00+00:00,78.48500061035156,78.49500274658203,78.42500305175781,78.49500274658203,41
2026-05-15 12:15:00+00:00,78.70500183105469,78.7300033569336,78.44499969482422,78.44499969482422,51
2026-05-15 12:16:00+00:00,78.69499969482422,78.69999694824219,78.66000366210938,78.69999694824219,15
2026-05-15 12:17:00+00:00,78.61499786376953,78.73999786376953,78.6050033569336,78.71499633789062,22
2026-05-15 12:18:00+00:00,78.57499694824219,78.61000061035156,78.53500366210938,78.61000061035156,27
2026-05-15 12:19:00+00:00,78.63500213623047,78.63999938964844,78.54499816894531,78.55000305175781,25
2026-05-15 12:20:00+00:00,78.8949966430664,78.8949966430664,78.6500015258789,78.6500015258789,57
2026-05-15 12:21:00+00:00,78.9800033569336,79.01499938964844,78.88999938964844,78.9000015258789,71
2026-05-15 12:22:00+00:00,79.04000091552734,79.04000091552734,78.91500091552734,78.96499633789062,71
2026-05-15 12:23:00+00:00,78.93000030517578,79.03500366210938,78.9000015258789,79.0199966430664,27
2026-05-15 12:24:00+00:00,78.94499969482422,78.94999694824219,78.84500122070312,78.94999694824219,42
2026-05-15 12:25:00+00:00,78.7699966430664,78.91999816894531,78.55000305175781,78.91999816894531,188
2026-05-15 12:26:00+00:00,78.73500061035156,78.87000274658203,78.73500061035156,78.7750015258789,47
2026-05-15 12:27:00+00:00,78.76000213623047,78.79499816894531,78.7249984741211,78.73500061035156,40
2026-05-15 12:28:00+00:00,78.71499633789062,78.73999786376953,78.68499755859375,78.73999786376953,24
2026-05-15 12:29:00+00:00,78.79499816894531,78.83000183105469,78.69000244140625,78.69000244140625,39
2026-05-15 12:30:00+00:00,78.40499877929688,78.75,78.36499786376953,78.73500061035156,149
2026-05-15 12:31:00+00:00,78.5199966430664,78.5199966430664,78.31500244140625,78.3949966430664,119
2026-05-15 12:32:00+00:00,78.55000305175781,78.55000305175781,78.43499755859375,78.51000213623047,73
2026-05-15 12:33:00+00:00,78.54499816894531,78.66500091552734,78.5199966430664,78.54000091552734,45
2026-05-15 12:34:00+00:00,78.40499877929688,78.56500244140625,78.36000061035156,78.55500030517578,189
2026-05-15 12:35:00+00:00,78.36000061035156,78.4000015258789,78.30000305175781,78.37000274658203,110
2026-05-15 12:36:00+00:00,78.23999786376953,78.34500122070312,78.2300033569336,78.33999633789062,87
2026-05-15 12:37:00+00:00,78.26000213623047,78.28500366210938,78.16999816894531,78.28500366210938,44
2026-05-15 12:38:00+00:00,78.16999816894531,78.2699966430664,78.0999984741211,78.2300033569336,63
2026-05-15 12:39:00+00:00,78.16999816894531,78.19000244140625,78.11499786376953,78.17500305175781,36
2026-05-15 12:40:00+00:00,78.0250015258789,78.16999816894531,77.9000015258789,78.16999816894531,137
2026-05-15 12:41:00+00:00,78.0,78.04000091552734,77.94499969482422,78.01499938964844,121
2026-05-15 12:42:00+00:00,78.0250015258789,78.02999877929688,77.94999694824219,78.0,85
2026-05-15 12:43:00+00:00,78.0250015258789,78.04499816894531,77.94499969482422,78.04000091552734,27
2026-05-15 12:44:00+00:00,77.99500274658203,78.05000305175781,77.96499633789062,78.04499816894531,62
2026-05-15 12:45:00+00:00,77.99500274658203,77.99500274658203,77.9000015258789,77.94999694824219,43
2026-05-15 12:46:00+00:00,78.03500366210938,78.07499694824219,77.94499969482422,77.96499633789062,55
2026-05-15 12:47:00+00:00,78.06500244140625,78.08999633789062,78.01000213623047,78.05500030517578,39
2026-05-15 12:48:00+00:00,77.9800033569336,78.06999969482422,77.96499633789062,78.04499816894531,51
2026-05-15 12:49:00+00:00,77.84500122070312,77.98500061035156,77.7750015258789,77.98500061035156,135
2026-05-15 12:50:00+00:00,77.82499694824219,77.87000274658203,77.69999694824219,77.86000061035156,132
2026-05-15 12:51:00+00:00,78.1050033569336,78.1050033569336,77.80999755859375,77.81500244140625,129
2026-05-15 12:52:00+00:00,78.13999938964844,78.13999938964844,78.05000305175781,78.09500122070312,60
2026-05-15 12:53:00+00:00,78.06500244140625,78.16000366210938,78.0199966430664,78.13500213623047,46
2026-05-15 12:54:00+00:00,78.05999755859375,78.0999984741211,78.0199966430664,78.0999984741211,45
2026-05-15 12:55:00+00:00,78.0,78.03500366210938,77.91999816894531,78.03500366210938,54
2026-05-15 12:56:00+00:00,77.93000030517578,78.05999755859375,77.93000030517578,77.9800033569336,42
2026-05-15 12:57:00+00:00,77.94000244140625,77.94499969482422,77.83000183105469,77.94499969482422,51
2026-05-15 12:58:00+00:00,77.875,77.94999694824219,77.875,77.92500305175781,29
2026-05-15 12:59:00+00:00,77.6449966430664,77.87999725341797,77.59500122070312,77.87999725341797,198
2026-05-15 13:00:00+00:00,77.42500305175781,77.73500061035156,77.22000122070312,77.62000274658203,634
2026-05-15 13:01:00+00:00,77.2750015258789,77.51499938964844,77.23500061035156,77.42500305175781,179
2026-05-15 13:02:00+00:00,77.24500274658203,77.3949966430664,77.1500015258789,77.29000091552734,215
2026-05-15 13:03:00+00:00,77.2699966430664,77.33499908447266,77.08499908447266,77.26000213623047,202
2026-05-15 13:04:00+00:00,77.33499908447266,77.43000030517578,77.19000244140625,77.26000213623047,137
2026-05-15 13:05:00+00:00,77.55999755859375,77.61000061035156,77.32499694824219,77.33999633789062,159
2026-05-15 13:06:00+00:00,77.53500366210938,77.58000183105469,77.46499633789062,77.58000183105469,128
2026-05-15 13:07:00+00:00,77.28500366210938,77.5250015258789,77.16000366210938,77.5250015258789,101
2026-05-15 13:08:00+00:00,77.09500122070312,77.3499984741211,77.06999969482422,77.29499816894531,147
2026-05-15 13:09:00+00:00,76.94999694824219,77.05500030517578,76.69999694824219,77.05500030517578,687
2026-05-15 13:10:00+00:00,76.94000244140625,77.06999969482422,76.875,76.93000030517578,172
2026-05-15 13:11:00+00:00,77.0,77.06500244140625,76.9000015258789,76.98500061035156,74
2026-05-15 13:12:00+00:00,77.2300033569336,77.2300033569336,76.94000244140625,76.98999786376953,172
2026-05-15 13:13:00+00:00,77.0999984741211,77.2300033569336,77.0999984741211,77.22000122070312,149
2026-05-15 13:14:00+00:00,77.28500366210938,77.29499816894531,77.08499908447266,77.09500122070312,145
2026-05-15 13:15:00+00:00,77.1500015258789,77.27999877929688,77.09500122070312,77.27999877929688,92
2026-05-15 13:16:00+00:00,77.26499938964844,77.2750015258789,77.0,77.12000274658203,74
2026-05-15 13:17:00+00:00,77.27999877929688,77.27999877929688,77.17500305175781,77.26000213623047,83
2026-05-15 13:18:00+00:00,77.49500274658203,77.5199966430664,77.28500366210938,77.28500366210938,166
2026-05-15 13:19:00+00:00,77.4800033569336,77.5199966430664,77.40499877929688,77.4749984741211,171
2026-05-15 13:20:00+00:00,77.48999786376953,77.49500274658203,77.38500213623047,77.48999786376953,52
2026-05-15 13:21:00+00:00,77.56999969482422,77.57499694824219,77.47000122070312,77.5,67
2026-05-15 13:22:00+00:00,77.55000305175781,77.58999633789062,77.5,77.56500244140625,118
2026-05-15 13:23:00+00:00,77.55500030517578,77.57499694824219,77.44499969482422,77.52999877929688,64
2026-05-15 13:24:00+00:00,77.625,77.625,77.51000213623047,77.55999755859375,96
2026-05-15 13:25:00+00:00,77.67500305175781,77.76499938964844,77.63500213623047,77.63500213623047,244
2026-05-15 13:26:00+00:00,77.53500366210938,77.69499969482422,77.48999786376953,77.69000244140625,184
2026-05-15 13:27:00+00:00,77.44999694824219,77.56999969482422,77.44999694824219,77.56999969482422,85
2026-05-15 13:28:00+00:00,77.40499877929688,77.4749984741211,77.37999725341797,77.44499969482422,84
2026-05-15 13:29:00+00:00,77.4800033569336,77.4800033569336,77.38500213623047,77.40499877929688,41
2026-05-15 13:30:00+00:00,77.4000015258789,77.53500366210938,77.30500030517578,77.48999786376953,300
2026-05-15 13:31:00+00:00,77.26499938964844,77.4000015258789,77.19499969482422,77.4000015258789,130
2026-05-15 13:32:00+00:00,77.2750015258789,77.29000091552734,77.19000244140625,77.23500061035156,82
2026-05-15 13:33:00+00:00,77.26000213623047,77.3499984741211,77.19999694824219,77.23500061035156,89
2026-05-15 13:34:00+00:00,77.3499984741211,77.3499984741211,77.22000122070312,77.25,75
2026-05-15 13:35:00+00:00,77.12000274658203,77.32499694824219,77.08499908447266,77.29499816894531,124
2026-05-15 13:36:00+00:00,77.13500213623047,77.20500183105469,77.04000091552734,77.11499786376953,149
2026-05-15 13:37:00+00:00,76.73999786376953,77.16000366210938,76.69999694824219,77.125,312
2026-05-15 13:38:00+00:00,76.76499938964844,76.8499984741211,76.68000030517578,76.73500061035156,161
2026-05-15 13:39:00+00:00,76.7300033569336,76.9000015258789,76.62999725341797,76.7699966430664,248
2026-05-15 13:40:00+00:00,76.75499725341797,76.79000091552734,76.6050033569336,76.70999908447266,238
2026-05-15 13:41:00+00:00,76.7249984741211,76.76000213623047,76.47000122070312,76.73500061035156,299
2026-05-15 13:42:00+00:00,76.75499725341797,76.8550033569336,76.66000366210938,76.69999694824219,152
2026-05-15 13:43:00+00:00,76.6050033569336,76.73999786376953,76.58499908447266,76.73999786376953,112
2026-05-15 13:44:00+00:00,76.41999816894531,76.61499786376953,76.3949966430664,76.61499786376953,229
2026-05-15 13:45:00+00:00,76.26000213623047,76.49500274658203,76.22000122070312,76.41000366210938,336
2026-05-15 13:46:00+00:00,76.36499786376953,76.36499786376953,76.17500305175781,76.27999877929688,362
2026-05-15 13:47:00+00:00,76.4749984741211,76.4749984741211,76.23999786376953,76.33999633789062,186
2026-05-15 13:48:00+00:00,76.51499938964844,76.58499908447266,76.41999816894531,76.42500305175781,154
2026-05-15 13:49:00+00:00,76.69999694824219,76.69999694824219,76.5,76.51000213623047,163
2026-05-15 13:50:00+00:00,76.69999694824219,76.77999877929688,76.58999633789062,76.69999694824219,212
2026-05-15 13:51:00+00:00,76.59500122070312,76.73500061035156,76.45999908447266,76.7249984741211,100
2026-05-15 13:52:00+00:00,76.73500061035156,76.73999786376953,76.58999633789062,76.58999633789062,98
2026-05-15 13:53:00+00:00,76.87999725341797,76.88500213623047,76.7249984741211,76.73500061035156,120
2026-05-15 13:54:00+00:00,76.98999786376953,77.04499816894531,76.86000061035156,76.86000061035156,222
2026-05-15 13:55:00+00:00,77.08999633789062,77.0999984741211,76.91000366210938,76.95500183105469,153
2026-05-15 13:56:00+00:00,77.1449966430664,77.17500305175781,77.07499694824219,77.07499694824219,167
2026-05-15 13:57:00+00:00,77.04499816894531,77.125,76.94499969482422,77.125,130
2026-05-15 13:58:00+00:00,76.80999755859375,77.05500030517578,76.80500030517578,77.05500030517578,128
2026-05-15 13:59:00+00:00,76.83000183105469,76.8550033569336,76.7249984741211,76.84500122070312,100
2026-05-15 14:00:00+00:00,76.58999633789062,76.90499877929688,76.58999633789062,76.83499908447266,127
2026-05-15 14:01:00+00:00,76.48500061035156,76.72000122070312,76.44000244140625,76.6449966430664,135
2026-05-15 14:02:00+00:00,76.70500183105469,76.71499633789062,76.4800033569336,76.48999786376953,197
2026-05-15 14:03:00+00:00,76.59500122070312,76.7750015258789,76.58000183105469,76.71499633789062,333
2026-05-15 14:04:00+00:00,76.67500305175781,76.70500183105469,76.47000122070312,76.57499694824219,160
2026-05-15 14:05:00+00:00,76.78500366210938,76.78500366210938,76.65499877929688,76.67500305175781,145
2026-05-15 14:06:00+00:00,76.68499755859375,76.83000183105469,76.66500091552734,76.7699966430664,77
2026-05-15 14:07:00+00:00,76.73999786376953,76.7750015258789,76.68499755859375,76.68499755859375,43
2026-05-15 14:08:00+00:00,76.65499877929688,76.80000305175781,76.59500122070312,76.7300033569336,64
2026-05-15 14:09:00+00:00,76.56500244140625,76.72000122070312,76.54000091552734,76.65499877929688,51
2026-05-15 14:10:00+00:00,76.75,76.76000213623047,76.55000305175781,76.55999755859375,75
2026-05-15 14:11:00+00:00,76.83000183105469,76.87999725341797,76.62999725341797,76.69999694824219,112
2026-05-15 14:12:00+00:00,77.0199966430664,77.0199966430664,76.80500030517578,76.84500122070312,123
2026-05-15 14:13:00+00:00,77.1500015258789,77.17500305175781,77.0,77.03500366210938,123
2026-05-15 14:14:00+00:00,77.07499694824219,77.22000122070312,77.07499694824219,77.12999725341797,104
2026-05-15 14:15:00+00:00,76.80999755859375,77.11000061035156,76.73999786376953,77.06999969482422,209
2026-05-15 14:16:00+00:00,76.96499633789062,77.0,76.77999877929688,76.80999755859375,184
2026-05-15 14:17:00+00:00,77.25,77.30000305175781,76.95500183105469,76.9800033569336,287
2026-05-15 14:18:00+00:00,77.31999969482422,77.34500122070312,77.18000030517578,77.25499725341797,136
2026-05-15 14:19:00+00:00,77.37999725341797,77.37999725341797,77.18499755859375,77.29499816894531,147
2026-05-15 14:20:00+00:00,77.5,77.5,77.37000274658203,77.4000015258789,175
2026-05-15 14:21:00+00:00,77.33499908447266,77.51000213623047,77.33499908447266,77.44499969482422,125
2026-05-15 14:22:00+00:00,77.2699966430664,77.42500305175781,77.2699966430664,77.30999755859375,134
2026-05-15 14:23:00+00:00,77.32499694824219,77.38999938964844,77.2699966430664,77.30500030517578,80
2026-05-15 14:24:00+00:00,77.29499816894531,77.44999694824219,77.29499816894531,77.32499694824219,200
2026-05-15 14:25:00+00:00,77.27999877929688,77.30999755859375,77.17500305175781,77.28500366210938,69
2026-05-15 14:26:00+00:00,77.19999694824219,77.33000183105469,77.16500091552734,77.31500244140625,156
2026-05-15 14:27:00+00:00,77.2750015258789,77.31500244140625,77.19499969482422,77.19499969482422,96
2026-05-15 14:28:00+00:00,77.34500122070312,77.37999725341797,77.20500183105469,77.26000213623047,93
2026-05-15 14:29:00+00:00,77.27999877929688,77.36000061035156,77.2249984741211,77.36000061035156,25
2026-05-15 14:30:00+00:00,77.33000183105469,77.3550033569336,77.26000213623047,77.29499816894531,81
2026-05-15 14:31:00+00:00,77.18499755859375,77.43499755859375,77.18499755859375,77.33999633789062,104
2026-05-15 14:32:00+00:00,77.19499969482422,77.29000091552734,77.18499755859375,77.23999786376953,62
2026-05-15 14:33:00+00:00,77.125,77.2249984741211,77.07499694824219,77.19499969482422,90
2026-05-15 14:34:00+00:00,77.16000366210938,77.20999908447266,77.08000183105469,77.125,71
2026-05-15 14:35:00+00:00,77.19999694824219,77.31500244140625,77.1449966430664,77.15499877929688,89
2026-05-15 14:36:00+00:00,77.20999908447266,77.20999908447266,77.1050033569336,77.19000244140625,49
2026-05-15 14:37:00+00:00,77.23500061035156,77.30000305175781,77.19499969482422,77.23500061035156,55
2026-05-15 14:38:00+00:00,77.18000030517578,77.27999877929688,77.12000274658203,77.26000213623047,62
2026-05-15 14:39:00+00:00,77.13500213623047,77.23999786376953,77.13500213623047,77.18499755859375,61
2026-05-15 14:40:00+00:00,77.13500213623047,77.13999938964844,77.1050033569336,77.12999725341797,28
2026-05-15 14:41:00+00:00,76.88999938964844,77.17500305175781,76.88999938964844,77.15499877929688,132
2026-05-15 14:42:00+00:00,76.99500274658203,76.99500274658203,76.82499694824219,76.8949966430664,60
2026-05-15 14:43:00+00:00,76.91000366210938,77.01499938964844,76.87000274658203,77.01499938964844,46
2026-05-15 14:44:00+00:00,76.95500183105469,76.98500061035156,76.8550033569336,76.9000015258789,82
2026-05-15 14:45:00+00:00,76.81500244140625,76.95500183105469,76.76499938964844,76.94000244140625,56
2026-05-15 14:46:00+00:00,76.74500274658203,76.86000061035156,76.69999694824219,76.83000183105469,102
2026-05-15 14:47:00+00:00,76.70999908447266,76.83499908447266,76.70999908447266,76.75499725341797,46
2026-05-15 14:48:00+00:00,76.71499633789062,76.75499725341797,76.66999816894531,76.70500183105469,82
2026-05-15 14:49:00+00:00,76.73500061035156,76.78500366210938,76.68000030517578,76.70999908447266,36
2026-05-15 14:50:00+00:00,76.73999786376953,76.75,76.57499694824219,76.75,132
2026-05-15 14:51:00+00:00,76.71499633789062,76.75,76.6500015258789,76.75,81
2026-05-15 14:52:00+00:00,76.83499908447266,76.875,76.70500183105469,76.73999786376953,65
2026-05-15 14:53:00+00:00,76.77999877929688,76.84500122070312,76.73999786376953,76.81999969482422,45
2026-05-15 14:54:00+00:00,77.08499908447266,77.08999633789062,76.78500366210938,76.78500366210938,167
2026-05-15 14:55:00+00:00,76.99500274658203,77.125,76.94000244140625,77.1050033569336,84
2026-05-15 14:56:00+00:00,77.13500213623047,77.13500213623047,77.01499938964844,77.01499938964844,50
2026-05-15 14:57:00+00:00,77.27999877929688,77.33000183105469,77.11499786376953,77.16000366210938,178
2026-05-15 14:58:00+00:00,77.26000213623047,77.27999877929688,77.21499633789062,77.2699966430664,47
2026-05-15 14:59:00+00:00,77.25499725341797,77.26499938964844,77.17500305175781,77.23999786376953,66
2026-05-15 15:00:00+00:00,77.19499969482422,77.28500366210938,77.16500091552734,77.26499938964844,131
2026-05-15 15:01:00+00:00,77.25,77.36499786376953,77.19999694824219,77.19999694824219,96
2026-05-15 15:02:00+00:00,77.08000183105469,77.26000213623047,77.04499816894531,77.24500274658203,131
2026-05-15 15:03:00+00:00,77.06500244140625,77.06500244140625,76.97000122070312,77.0250015258789,78
2026-05-15 15:04:00+00:00,76.92500305175781,77.1050033569336,76.88999938964844,77.04499816894531,144
2026-05-15 15:05:00+00:00,76.98999786376953,77.0199966430664,76.86000061035156,76.91999816894531,61
2026-05-15 15:06:00+00:00,76.95999908447266,77.06500244140625,76.95999908447266,77.02999877929688,33
2026-05-15 15:07:00+00:00,76.98500061035156,77.01499938964844,76.9800033569336,76.9800033569336,15
2026-05-15 15:08:00+00:00,77.08499908447266,77.0999984741211,76.98999786376953,77.02999877929688,44
2026-05-15 15:09:00+00:00,77.16999816894531,77.16999816894531,77.06999969482422,77.08999633789062,66
2026-05-15 15:10:00+00:00,77.18000030517578,77.2249984741211,77.125,77.16500091552734,44
2026-05-15 15:11:00+00:00,77.05999755859375,77.17500305175781,77.04499816894531,77.15499877929688,67
2026-05-15 15:12:00+00:00,77.05500030517578,77.06500244140625,76.98999786376953,77.05999755859375,43
2026-05-15 15:13:00+00:00,77.03500366210938,77.0999984741211,77.03500366210938,77.05999755859375,20
2026-05-15 15:14:00+00:00,76.94499969482422,77.0199966430664,76.81500244140625,77.0199966430664,108
2026-05-15 15:15:00+00:00,76.8499984741211,76.95999908447266,76.80999755859375,76.92500305175781,84
2026-05-15 15:16:00+00:00,76.83000183105469,76.875,76.80000305175781,76.83999633789062,118
2026-05-15 15:17:00+00:00,76.87999725341797,76.9000015258789,76.7750015258789,76.81999969482422,63
2026-05-15 15:18:00+00:00,76.83499908447266,76.8949966430664,76.83000183105469,76.88999938964844,35
2026-05-15 15:19:00+00:00,76.79499816894531,76.86000061035156,76.7699966430664,76.83000183105469,34
2026-05-15 15:20:00+00:00,76.94000244140625,76.94499969482422,76.80500030517578,76.81999969482422,65
2026-05-15 15:21:00+00:00,76.95999908447266,76.97000122070312,76.91999816894531,76.94000244140625,86
2026-05-15 15:22:00+00:00,76.98500061035156,77.01000213623047,76.97000122070312,76.9800033569336,27
2026-05-15 15:23:00+00:00,76.7699966430664,76.93499755859375,76.76000213623047,76.91999816894531,81
2026-05-15 15:24:00+00:00,76.7249984741211,76.7699966430664,76.6449966430664,76.7699966430664,70
2026-05-15 15:25:00+00:00,76.76000213623047,76.79499816894531,76.6449966430664,76.68000030517578,46
2026-05-15 15:26:00+00:00,76.80000305175781,76.80500030517578,76.74500274658203,76.74500274658203,43
2026-05-15 15:27:00+00:00,76.80500030517578,76.86000061035156,76.7300033569336,76.77999877929688,46
2026-05-15 15:28:00+00:00,76.7300033569336,76.80000305175781,76.69999694824219,76.80000305175781,56
2026-05-15 15:29:00+00:00,76.82499694824219,76.82499694824219,76.69499969482422,76.74500274658203,34
2026-05-15 15:30:00+00:00,76.98500061035156,76.98500061035156,76.83000183105469,76.83000183105469,83
2026-05-15 15:31:00+00:00,76.94499969482422,77.0199966430664,76.88500213623047,76.9800033569336,86
2026-05-15 15:32:00+00:00,76.91000366210938,76.99500274658203,76.91000366210938,76.94000244140625,44
2026-05-15 15:33:00+00:00,76.91000366210938,76.9749984741211,76.875,76.91999816894531,60
2026-05-15 15:34:00+00:00,76.81999969482422,76.94499969482422,76.81999969482422,76.88500213623047,40
2026-05-15 15:35:00+00:00,76.87000274658203,76.87000274658203,76.7699966430664,76.79000091552734,23
2026-05-15 15:36:00+00:00,76.8499984741211,76.91999816894531,76.81999969482422,76.86000061035156,34
2026-05-15 15:37:00+00:00,76.83499908447266,76.88500213623047,76.79000091552734,76.86499786376953,31
2026-05-15 15:38:00+00:00,76.7750015258789,76.88500213623047,76.7750015258789,76.81999969482422,65
2026-05-15 15:39:00+00:00,76.74500274658203,76.80500030517578,76.70999908447266,76.80500030517578,24
2026-05-15 15:40:00+00:00,76.7750015258789,76.77999877929688,76.67500305175781,76.73500061035156,65
2026-05-15 15:41:00+00:00,76.875,76.88500213623047,76.7300033569336,76.7300033569336,59
2026-05-15 15:42:00+00:00,76.875,76.88999938964844,76.81999969482422,76.88500213623047,52
2026-05-15 15:43:00+00:00,76.875,76.8949966430664,76.80500030517578,76.8499984741211,98
2026-05-15 15:44:00+00:00,76.87999725341797,76.87999725341797,76.76499938964844,76.86499786376953,53
2026-05-15 15:45:00+00:00,76.90499877929688,76.93000030517578,76.8550033569336,76.8949966430664,81
2026-05-15 15:46:00+00:00,76.87999725341797,76.91500091552734,76.84500122070312,76.8949966430664,30
2026-05-15 15:47:00+00:00,76.84500122070312,76.88999938964844,76.81999969482422,76.88999938964844,33
2026-05-15 15:48:00+00:00,76.75,76.88999938964844,76.75,76.8550033569336,48
2026-05-15 15:49:00+00:00,76.70500183105469,76.78500366210938,76.69499969482422,76.7699966430664,27
2026-05-15 15:50:00+00:00,76.79000091552734,76.79000091552734,76.65499877929688,76.7249984741211,58
2026-05-15 15:51:00+00:00,76.74500274658203,76.81500244140625,76.73500061035156,76.77999877929688,25
2026-05-15 15:52:00+00:00,76.6449966430664,76.77999877929688,76.62000274658203,76.7699966430664,134
2026-05-15 15:53:00+00:00,76.6050033569336,76.67500305175781,76.58499908447266,76.6449966430664,37
2026-05-15 15:54:00+00:00,76.57499694824219,76.6050033569336,76.48500061035156,76.6050033569336,97
2026-05-15 15:55:00+00:00,76.49500274658203,76.56500244140625,76.4000015258789,76.56500244140625,99
2026-05-15 15:56:00+00:00,76.44499969482422,76.4800033569336,76.41500091552734,76.4800033569336,31
2026-05-15 15:57:00+00:00,76.49500274658203,76.58000183105469,76.43499755859375,76.45999908447266,72
2026-05-15 15:58:00+00:00,76.55999755859375,76.58000183105469,76.4800033569336,76.4800033569336,21
2026-05-15 15:59:00+00:00,76.5999984741211,76.61000061035156,76.57499694824219,76.5999984741211,14
2026-05-15 16:00:00+00:00,76.63999938964844,76.70999908447266,76.58499908447266,76.6050033569336,76
2026-05-15 16:01:00+00:00,76.71499633789062,76.71499633789062,76.58999633789062,76.61000061035156,57
2026-05-15 16:02:00+00:00,76.65499877929688,76.75499725341797,76.63500213623047,76.7249984741211,26
2026-05-15 16:03:00+00:00,76.52999877929688,76.63999938964844,76.51000213623047,76.63999938964844,37
2026-05-15 16:04:00+00:00,76.55500030517578,76.55500030517578,76.50499725341797,76.54000091552734,21
2026-05-15 16:05:00+00:00,76.5999984741211,76.61499786376953,76.51499938964844,76.55000305175781,40
2026-05-15 16:06:00+00:00,76.34500122070312,76.58999633789062,76.33000183105469,76.58999633789062,83
2026-05-15 16:07:00+00:00,76.44000244140625,76.44000244140625,76.3499984741211,76.3550033569336,32
2026-05-15 16:08:00+00:00,76.45999908447266,76.45999908447266,76.40499877929688,76.41999816894531,34
2026-05-15 16:09:00+00:00,76.41999816894531,76.45999908447266,76.41999816894531,76.44499969482422,18
2026-05-15 16:10:00+00:00,76.375,76.46499633789062,76.375,76.41000366210938,38
2026-05-15 16:11:00+00:00,76.375,76.37999725341797,76.29000091552734,76.36499786376953,41
2026-05-15 16:12:00+00:00,76.29000091552734,76.38500213623047,76.27999877929688,76.38500213623047,21
2026-05-15 16:13:00+00:00,76.36000061035156,76.36000061035156,76.28500366210938,76.28500366210938,43
2026-05-15 16:14:00+00:00,76.41999816894531,76.41999816894531,76.3499984741211,76.38500213623047,30
2026-05-15 16:15:00+00:00,76.46499633789062,76.48999786376953,76.40499877929688,76.41999816894531,56
2026-05-15 16:16:00+00:00,76.4000015258789,76.5,76.36499786376953,76.5,48
2026-05-15 16:17:00+00:00,76.44000244140625,76.44999694824219,76.3949966430664,76.40499877929688,25
2026-05-15 16:18:00+00:00,76.47000122070312,76.47000122070312,76.37000274658203,76.43499755859375,42
2026-05-15 16:19:00+00:00,76.47000122070312,76.48999786376953,76.42500305175781,76.4800033569336,32
2026-05-15 16:20:00+00:00,76.55500030517578,76.55500030517578,76.4800033569336,76.4800033569336,44
2026-05-15 16:21:00+00:00,76.58499908447266,76.61499786376953,76.55999755859375,76.58999633789062,46
2026-05-15 16:22:00+00:00,76.70500183105469,76.70500183105469,76.58999633789062,76.6050033569336,25
2026-05-15 16:23:00+00:00,76.69999694824219,76.70999908447266,76.63999938964844,76.69999694824219,48
2026-05-15 16:24:00+00:00,76.74500274658203,76.77999877929688,76.66500091552734,76.69999694824219,50
2026-05-15 16:25:00+00:00,76.69499969482422,76.8550033569336,76.6449966430664,76.79499816894531,135
2026-05-15 16:26:00+00:00,76.68499755859375,76.69999694824219,76.66500091552734,76.68499755859375,22
2026-05-15 16:27:00+00:00,76.71499633789062,76.72000122070312,76.63500213623047,76.66500091552734,22
2026-05-15 16:28:00+00:00,76.625,76.7249984741211,76.625,76.7249984741211,44
2026-05-15 16:29:00+00:00,76.69499969482422,76.69499969482422,76.63999938964844,76.63999938964844,11
2026-05-15 16:30:00+00:00,76.69999694824219,76.8499984741211,76.67500305175781,76.70500183105469,119
2026-05-15 16:31:00+00:00,76.70500183105469,76.74500274658203,76.69000244140625,76.69000244140625,46
2026-05-15 16:32:00+00:00,76.75499725341797,76.77999877929688,76.68499755859375,76.71499633789062,30
2026-05-15 16:33:00+00:00,76.7699966430664,76.80999755859375,76.7699966430664,76.78500366210938,66
2026-05-15 16:34:00+00:00,76.83999633789062,76.86000061035156,76.74500274658203,76.76000213623047,26
2026-05-15 16:35:00+00:00,76.75,76.86000061035156,76.7300033569336,76.86000061035156,23
2026-05-15 16:36:00+00:00,76.73999786376953,76.78500366210938,76.72000122070312,76.76499938964844,29
2026-05-15 16:37:00+00:00,76.78500366210938,76.81500244140625,76.74500274658203,76.75499725341797,18
2026-05-15 16:38:00+00:00,76.73500061035156,76.81500244140625,76.73500061035156,76.7750015258789,22
2026-05-15 16:39:00+00:00,76.72000122070312,76.7750015258789,76.72000122070312,76.75,28
2026-05-15 16:40:00+00:00,76.7750015258789,76.78500366210938,76.69000244140625,76.69999694824219,50
2026-05-15 16:41:00+00:00,76.76000213623047,76.8499984741211,76.76000213623047,76.79499816894531,28
2026-05-15 16:42:00+00:00,76.75,76.79000091552734,76.73500061035156,76.79000091552734,33
2026-05-15 16:43:00+00:00,76.69499969482422,76.77999877929688,76.69499969482422,76.7699966430664,29
2026-05-15 16:44:00+00:00,76.76000213623047,76.76499938964844,76.68000030517578,76.70999908447266,29
2026-05-15 16:45:00+00:00,76.80500030517578,76.83000183105469,76.7750015258789,76.79000091552734,26
2026-05-15 16:46:00+00:00,76.70999908447266,76.80000305175781,76.70500183105469,76.79499816894531,36
2026-05-15 16:47:00+00:00,76.77999877929688,76.77999877929688,76.70500183105469,76.70999908447266,16
2026-05-15 16:48:00+00:00,76.78500366210938,76.83499908447266,76.78500366210938,76.80999755859375,17
2026-05-15 16:49:00+00:00,76.7300033569336,76.78500366210938,76.70500183105469,76.78500366210938,23
2026-05-15 16:50:00+00:00,76.73999786376953,76.76000213623047,76.69999694824219,76.7249984741211,35
2026-05-15 16:51:00+00:00,76.66500091552734,76.70999908447266,76.63500213623047,76.70999908447266,15
2026-05-15 16:52:00+00:00,76.59500122070312,76.65499877929688,76.58000183105469,76.63500213623047,66
2026-05-15 16:53:00+00:00,76.6449966430664,76.66000366210938,76.58499908447266,76.58499908447266,75
2026-05-15 16:54:00+00:00,76.55999755859375,76.67500305175781,76.55999755859375,76.66999816894531,40
2026-05-15 16:55:00+00:00,76.58999633789062,76.62999725341797,76.55500030517578,76.58000183105469,45
2026-05-15 16:56:00+00:00,76.58000183105469,76.6050033569336,76.55500030517578,76.58000183105469,63
2026-05-15 16:57:00+00:00,76.58000183105469,76.61000061035156,76.53500366210938,76.56500244140625,32
2026-05-15 16:58:00+00:00,76.56999969482422,76.61000061035156,76.54000091552734,76.59500122070312,40
2026-05-15 16:59:00+00:00,76.69000244140625,76.70500183105469,76.59500122070312,76.59500122070312,35
2026-05-15 17:00:00+00:00,76.70999908447266,76.7300033569336,76.6050033569336,76.66999816894531,47
2026-05-15 17:01:00+00:00,76.91500091552734,76.92500305175781,76.68000030517578,76.69999694824219,113
2026-05-15 17:02:00+00:00,76.94499969482422,76.98500061035156,76.8949966430664,76.93000030517578,146
2026-05-15 17:03:00+00:00,76.83999633789062,76.95999908447266,76.80000305175781,76.95999908447266,121
2026-05-15 17:04:00+00:00,76.875,76.9000015258789,76.83000183105469,76.83000183105469,35
2026-05-15 17:05:00+00:00,76.98500061035156,76.98999786376953,76.875,76.875,40
2026-05-15 17:06:00+00:00,77.01000213623047,77.05500030517578,76.94000244140625,76.9800033569336,78
2026-05-15 17:07:00+00:00,76.97000122070312,77.01499938964844,76.94499969482422,76.98999786376953,70
2026-05-15 17:08:00+00:00,77.04499816894531,77.07499694824219,76.96499633789062,76.98500061035156,93
2026-05-15 17:09:00+00:00,76.9800033569336,77.06500244140625,76.94499969482422,77.04499816894531,58
2026-05-15 17:10:00+00:00,77.08499908447266,77.11499786376953,76.98500061035156,76.98500061035156,118
2026-05-15 17:11:00+00:00,77.06500244140625,77.11499786376953,77.04000091552734,77.06999969482422,110
2026-05-15 17:12:00+00:00,77.04499816894531,77.07499694824219,77.01499938964844,77.06500244140625,61
2026-05-15 17:13:00+00:00,77.05000305175781,77.06500244140625,77.00499725341797,77.0199966430664,69
2026-05-15 17:14:00+00:00,77.0999984741211,77.12000274658203,77.04000091552734,77.06500244140625,54
2026-05-15 17:15:00+00:00,77.07499694824219,77.12000274658203,77.07499694824219,77.11499786376953,56
2026-05-15 17:16:00+00:00,77.05500030517578,77.11000061035156,77.05500030517578,77.09500122070312,48
2026-05-15 17:17:00+00:00,77.05000305175781,77.09500122070312,77.05000305175781,77.07499694824219,20
2026-05-15 17:18:00+00:00,77.0999984741211,77.11499786376953,77.07499694824219,77.08000183105469,44
2026-05-15 17:19:00+00:00,77.08000183105469,77.12000274658203,77.05500030517578,77.11000061035156,49
2026-05-15 17:20:00+00:00,77.11499786376953,77.13999938964844,77.06500244140625,77.07499694824219,62
2026-05-15 17:21:00+00:00,77.12999725341797,77.16000366210938,77.11000061035156,77.13500213623047,53
2026-05-15 17:22:00+00:00,77.2249984741211,77.2300033569336,77.12999725341797,77.13500213623047,76
2026-05-15 17:23:00+00:00,77.1449966430664,77.22000122070312,77.11000061035156,77.22000122070312,165
2026-05-15 17:24:00+00:00,77.70500183105469,77.70999908447266,77.16500091552734,77.16500091552734,1252
2026-05-15 17:25:00+00:00,77.65499877929688,77.69499969482422,77.58000183105469,77.69499969482422,232
2026-05-15 17:26:00+00:00,77.7249984741211,77.80500030517578,77.625,77.63999938964844,249
2026-05-15 17:27:00+00:00,77.66000366210938,77.73500061035156,77.65499877929688,77.69999694824219,0
