Datetime,Close,High,Low,Open,Volume
2026-03-17 00:00:00+00:00,75204.6015625,75447.015625,74682.5703125,74871.296875,0
2026-03-17 01:00:00+00:00,75620.7421875,75954.96875,75108.96875,75286.53125,1303420928
2026-03-17 02:00:00+00:00,75211.6171875,75648.9765625,75125.734375,75635.125,1427288064
2026-03-17 03:00:00+00:00,74423.7109375,75302.1796875,74309.4609375,75190.9453125,0
2026-03-17 04:00:00+00:00,74271.78125,74652.7421875,74001.8671875,74545.046875,391942144
2026-03-17 05:00:00+00:00,73991.4453125,74448.46875,73839.921875,74245.1484375,0
2026-03-17 06:00:00+00:00,74082.6640625,74267.0,73889.7578125,74053.3671875,0
2026-03-17 07:00:00+00:00,74257.4609375,74435.90625,74082.6328125,74082.6328125,0
2026-03-17 08:00:00+00:00,74167.9765625,74425.8515625,74158.890625,74254.4609375,0
2026-03-17 09:00:00+00:00,73950.484375,74347.3984375,73873.8203125,74185.6875,486350848
2026-03-17 10:00:00+00:00,73720.25,73938.5546875,73614.75,73932.1953125,0
2026-03-17 11:00:00+00:00,74057.859375,74166.2890625,73702.8828125,73736.875,270827520
2026-03-17 12:00:00+00:00,73729.296875,74160.3125,73705.09375,74036.2421875,0
2026-03-17 13:00:00+00:00,73668.1796875,74091.9609375,73488.921875,73741.6640625,0
2026-03-17 14:00:00+00:00,74383.1484375,74410.984375,73459.25,73648.8671875,0
2026-03-17 15:00:00+00:00,73949.9375,74816.5,73738.90625,74396.6875,366981120
2026-03-17 16:00:00+00:00,74139.8671875,74347.2109375,73905.640625,73943.6171875,165515264
2026-03-17 17:00:00+00:00,74534.34375,74582.2109375,74039.1171875,74165.3046875,46608384
2026-03-17 18:00:00+00:00,74696.8046875,74757.0078125,74418.953125,74502.8359375,0
2026-03-17 19:00:00+00:00,74509.2109375,74810.171875,74485.6015625,74669.46875,0
2026-03-17 20:00:00+00:00,74568.0078125,74679.125,74399.4453125,74510.2265625,134602752
2026-03-17 21:00:00+00:00,74700.4921875,74797.6953125,74501.109375,74547.59375,0
2026-03-17 22:00:00+00:00,74309.75,74791.140625,73972.3984375,74663.78125,0
2026-03-17 23:00:00+00:00,73936.8515625,74401.6015625,73936.8515625,74328.9609375,0
2026-03-18 00:00:00+00:00,73855.84375,74082.5234375,73607.1796875,73933.515625,0
2026-03-18 01:00:00+00:00,74098.3125,74216.4921875,73869.1328125,73869.1328125,0
2026-03-18 02:00:00+00:00,74352.140625,74468.1015625,74089.375,74089.375,0
2026-03-18 03:00:00+00:00,74520.84375,74614.859375,74288.6171875,74350.484375,0
2026-03-18 04:00:00+00:00,74185.9453125,74495.1484375,74179.2890625,74488.171875,0
2026-03-18 05:00:00+00:00,73950.6171875,74301.109375,73898.4609375,74184.734375,0
2026-03-18 06:00:00+00:00,73963.078125,74227.5390625,73963.078125,74004.7890625,0
2026-03-18 07:00:00+00:00,73888.078125,73978.3515625,73739.234375,73964.40625,0
2026-03-18 08:00:00+00:00,74030.09375,74118.8984375,73889.796875,73889.796875,60719104
2026-03-18 09:00:00+00:00,74154.8046875,74264.984375,74039.984375,74039.984375,0
2026-03-18 10:00:00+00:00,73936.0546875,74264.2578125,73854.3828125,74203.2890625,0
2026-03-18 11:00:00+00:00,72931.2109375,73993.3125,72884.6171875,73928.75,1629986816
2026-03-18 12:00:00+00:00,72383.359375,72969.7421875,72352.828125,72969.7421875,1847402496
2026-03-18 13:00:00+00:00,72050.671875,72537.0703125,72002.1015625,72272.1953125,166236160
2026-03-18 14:00:00+00:00,71315.328125,72196.3359375,71315.328125,72167.140625,1607847936
2026-03-18 15:00:00+00:00,71515.359375,71515.359375,70978.140625,71077.0,1513684992
2026-03-18 16:00:00+00:00,71329.96875,71551.2890625,71133.4765625,71452.140625,529702912
2026-03-18 17:00:00+00:00,71616.7109375,71710.953125,71219.640625,71316.6328125,385953792
2026-03-18 18:00:00+00:00,70992.875,71948.5546875,70992.875,71775.625,883851264
2026-03-18 19:00:00+00:00,71111.2421875,71453.0234375,71001.71875,71184.4765625,532865024
2026-03-18 20:00:00+00:00,71240.7265625,71273.40625,70605.0234375,71058.625,314224640
2026-03-18 21:00:00+00:00,71293.0625,71406.578125,71190.4296875,71234.8359375,653623296
2026-03-18 22:00:00+00:00,71139.421875,71218.265625,70979.8203125,71218.265625,87281664
2026-03-18 23:00:00+00:00,71250.3515625,71349.421875,71091.03125,71119.5390625,186896384
2026-03-19 00:00:00+00:00,71010.4921875,71298.9609375,71010.4921875,71216.484375,0
2026-03-19 01:00:00+00:00,71140.328125,71165.8671875,70964.4453125,71058.0703125,0
2026-03-19 02:00:00+00:00,71050.7421875,71253.0234375,70936.203125,71075.46875,0
2026-03-19 03:00:00+00:00,71223.125,71593.9453125,71060.1328125,71060.1328125,174055424
2026-03-19 04:00:00+00:00,70841.8359375,71199.2578125,70698.765625,71157.5390625,639582208
2026-03-19 05:00:00+00:00,70835.7734375,70894.46875,70688.65625,70854.7421875,0
2026-03-19 06:00:00+00:00,70538.578125,70930.9453125,70532.890625,70834.140625,0
2026-03-19 07:00:00+00:00,70220.4609375,70543.28125,69519.03125,70543.28125,3060477952
2026-03-19 08:00:00+00:00,69960.1171875,70256.6875,69960.1171875,70202.65625,1039183872
2026-03-19 09:00:00+00:00,70494.7734375,70530.7578125,69992.7421875,69992.7421875,1144094720
2026-03-19 10:00:00+00:00,70119.53125,70499.0703125,70119.53125,70499.0703125,370712576
2026-03-19 11:00:00+00:00,69915.0,70229.7265625,69915.0,70134.71875,0
2026-03-19 12:00:00+00:00,69308.4140625,69935.6484375,69186.2265625,69934.671875,0
2026-03-19 13:00:00+00:00,69897.484375,69997.40625,69099.8671875,69288.171875,674107392
2026-03-19 14:00:00+00:00,69560.4921875,70009.0546875,69132.6796875,70009.0546875,0
2026-03-19 15:00:00+00:00,69452.3203125,69847.2890625,68829.8515625,69508.1953125,0
2026-03-19 16:00:00+00:00,69446.2578125,69603.3125,69236.4296875,69425.8359375,1459310592
2026-03-19 17:00:00+00:00,69858.3515625,69879.515625,69145.453125,69467.7109375,0
2026-03-19 18:00:00+00:00,69842.75,69908.8203125,69613.9609375,69850.21875,0
2026-03-19 19:00:00+00:00,70280.046875,70564.9453125,69826.40625,69826.40625,747216896
2026-03-19 20:00:00+00:00,70490.953125,70633.4296875,70214.5390625,70277.4296875,0
2026-03-19 21:00:00+00:00,70485.6328125,70695.4375,70414.9921875,70505.65625,0
2026-03-19 22:00:00+00:00,70139.3515625,70491.5234375,69969.984375,70437.625,0
2026-03-19 23:00:00+00:00,69911.53125,70270.4140625,69740.953125,70180.421875,6238208
2026-03-20 00:00:00+00:00,70232.03125,70280.90625,69849.15625,69921.890625,22978560
2026-03-20 01:00:00+00:00,70411.375,70581.65625,70209.6875,70209.6875,265351168
2026-03-20 02:00:00+00:00,70429.59375,70501.953125,70096.6171875,70411.609375,0
2026-03-20 03:00:00+00:00,70747.953125,70765.3984375,70408.3046875,70423.8671875,134672384
2026-03-20 04:00:00+00:00,70785.0546875,70939.7734375,70569.1015625,70732.3515625,0
2026-03-20 05:00:00+00:00,70586.2578125,70846.8046875,70555.8984375,70784.3203125,0
2026-03-20 06:00:00+00:00,70480.53125,70609.03125,70359.3828125,70587.5625,234172416
2026-03-20 07:00:00+00:00,70857.6328125,70890.09375,70223.3046875,70495.2109375,0
2026-03-20 08:00:00+00:00,71027.5234375,71315.328125,70810.9453125,70859.1796875,17764352
2026-03-20 09:00:00+00:00,70564.0,71002.9609375,70482.7890625,70995.9140625,0
2026-03-20 10:00:00+00:00,70606.1953125,70643.9765625,70242.9609375,70570.6640625,58114048
2026-03-20 11:00:00+00:00,70472.921875,70787.5,70334.421875,70606.625,0
2026-03-20 12:00:00+00:00,70321.734375,70659.421875,70266.2734375,70474.6953125,0
2026-03-20 13:00:00+00:00,69830.9765625,70610.78125,69830.9765625,70328.6484375,0
2026-03-20 14:00:00+00:00,69792.6328125,70227.015625,69637.5390625,69853.2109375,333500416
2026-03-20 15:00:00+00:00,69812.21875,69957.40625,69512.046875,69738.203125,0
2026-03-20 16:00:00+00:00,69862.078125,70067.390625,69658.296875,69857.6171875,154746880
2026-03-20 17:00:00+00:00,69953.96875,69953.96875,69435.75,69819.046875,243093504
2026-03-20 18:00:00+00:00,69700.6640625,70025.2734375,69540.6171875,69960.4375,375300096
2026-03-20 19:00:00+00:00,70164.53125,70165.765625,69688.8984375,69750.9375,0
2026-03-20 20:00:00+00:00,70047.375,70228.75,69775.8359375,70160.9375,143187968
2026-03-20 21:00:00+00:00,70525.046875,70624.5625,69978.828125,70044.4921875,182841344
2026-03-20 22:00:00+00:00,70791.7109375,70877.3046875,70545.578125,70545.578125,173883392
2026-03-20 23:00:00+00:00,70522.46875,70783.875,70457.359375,70783.875,0
2026-03-21 00:00:00+00:00,70695.8828125,70762.1640625,70490.8203125,70517.6171875,0
2026-03-21 01:00:00+00:00,70483.4453125,70742.890625,70483.4453125,70680.7890625,0
2026-03-21 02:00:00+00:00,70715.328125,70764.6484375,70438.75,70480.125,0
2026-03-21 03:00:00+00:00,70675.25,70767.015625,70615.7421875,70730.1640625,0
2026-03-21 04:00:00+00:00,70632.328125,70790.421875,70623.890625,70673.375,0
2026-03-21 05:00:00+00:00,70704.1328125,70782.8203125,70632.203125,70632.203125,552620032
2026-03-21 06:00:00+00:00,70764.578125,70799.671875,70696.578125,70696.578125,0
2026-03-21 07:00:00+00:00,70697.6328125,70871.8515625,70693.84375,70771.8515625,0
2026-03-21 08:00:00+00:00,70585.9921875,70727.671875,70489.359375,70711.7109375,0
2026-03-21 09:00:00+00:00,70656.6015625,70701.453125,70583.3671875,70586.71875,0
2026-03-21 10:00:00+00:00,70589.5234375,70661.2421875,70556.9921875,70654.46875,0
2026-03-21 11:00:00+00:00,70634.9609375,70636.265625,70558.6953125,70588.78125,0
2026-03-21 12:00:00+00:00,70704.8671875,70763.3984375,70635.1640625,70635.1640625,0
2026-03-21 13:00:00+00:00,70725.484375,70789.84375,70682.90625,70703.015625,0
2026-03-21 14:00:00+00:00,70592.34375,71040.421875,70590.8203125,70717.6796875,0
2026-03-21 15:00:00+00:00,70652.2265625,70750.3203125,70486.5078125,70615.625,0
2026-03-21 16:00:00+00:00,70290.7578125,70644.515625,70269.796875,70641.703125,0
2026-03-21 17:00:00+00:00,70317.5859375,70403.3046875,70223.3203125,70295.28125,0
2026-03-21 18:00:00+00:00,70404.65625,70489.90625,70297.890625,70312.9609375,0
2026-03-21 19:00:00+00:00,70379.7109375,70434.65625,70328.8984375,70389.640625,0
2026-03-21 20:00:00+00:00,70456.4140625,70480.296875,70347.359375,70380.328125,0
2026-03-21 21:00:00+00:00,70346.4921875,70490.6171875,70283.9140625,70454.390625,0
2026-03-21 22:00:00+00:00,70291.234375,70356.8671875,70270.5390625,70346.078125,0
2026-03-21 23:00:00+00:00,68737.4453125,70265.4921875,68737.4453125,70265.4921875,1413502976
2026-03-22 00:00:00+00:00,68908.2109375,69084.8046875,68339.5859375,68903.21875,3266553856
2026-03-22 01:00:00+00:00,68959.234375,69074.5390625,68802.9453125,68942.6171875,723529728
2026-03-22 02:00:00+00:00,69313.6015625,69336.53125,68959.140625,68963.9609375,459825152
2026-03-22 03:00:00+00:00,69332.0703125,69552.2734375,69138.40625,69279.0546875,666935296
2026-03-22 04:00:00+00:00,69322.4296875,69494.2578125,69207.5078125,69336.1171875,283357184
2026-03-22 05:00:00+00:00,69147.1796875,69341.4453125,69147.1796875,69341.4453125,0
2026-03-22 06:00:00+00:00,69151.9140625,69219.9765625,69062.5078125,69146.0546875,0
2026-03-22 07:00:00+00:00,68923.3125,69216.1171875,68923.3125,69152.8359375,14460928
2026-03-22 08:00:00+00:00,68805.8203125,68971.8046875,68628.953125,68907.0234375,513187840
2026-03-22 09:00:00+00:00,68817.265625,68857.0625,68608.9453125,68799.2734375,329285632
2026-03-22 10:00:00+00:00,68659.65625,68820.3828125,68606.4296875,68820.3828125,7567360
2026-03-22 11:00:00+00:00,68216.140625,68671.8671875,68216.140625,68647.453125,857841664
2026-03-22 12:00:00+00:00,68656.21875,68733.0703125,68213.7421875,68213.7421875,708227072
2026-03-22 13:00:00+00:00,68732.0625,68918.75,68564.640625,68653.9453125,488226816
2026-03-22 14:00:00+00:00,68705.0546875,68897.8046875,68574.5625,68709.0859375,0
2026-03-22 15:00:00+00:00,68828.15625,68940.5703125,68708.7421875,68708.7421875,33644544
2026-03-22 16:00:00+00:00,68829.7109375,68860.4921875,68698.125,68843.4296875,0
2026-03-22 17:00:00+00:00,68722.84375,68852.375,68684.703125,68816.875,0
2026-03-22 18:00:00+00:00,68572.1953125,68734.703125,68438.71875,68688.203125,317104128
2026-03-22 19:00:00+00:00,68184.2890625,68610.453125,68156.375,68610.453125,1097996288
2026-03-22 20:00:00+00:00,68189.2109375,68489.1875,68123.078125,68194.046875,0
2026-03-22 21:00:00+00:00,67833.8359375,68192.7578125,67408.296875,68185.515625,1641764864
2026-03-22 22:00:00+00:00,68296.4609375,68364.6640625,67619.6875,67877.453125,935120896
2026-03-22 23:00:00+00:00,67843.0,68411.7734375,67843.0,68316.71875,0
2026-03-23 00:00:00+00:00,67718.25,68130.328125,67466.7109375,67854.984375,68786176
2026-03-23 01:00:00+00:00,67924.46875,68129.265625,67583.265625,67678.8125,0
2026-03-23 02:00:00+00:00,68289.7109375,68319.953125,67820.4609375,67902.3046875,168857600
2026-03-23 03:00:00+00:00,68068.9921875,68565.7421875,68062.515625,68371.6953125,0
2026-03-23 04:00:00+00:00,68513.8515625,68513.8515625,68069.9375,68072.1796875,0
2026-03-23 05:00:00+00:00,68845.609375,68850.125,68518.7734375,68518.7734375,1175013376
2026-03-23 06:00:00+00:00,67806.609375,68877.9765625,67741.265625,68877.9765625,1326714880
2026-03-23 07:00:00+00:00,68311.0390625,68414.875,67543.046875,67852.125,1792518144
2026-03-23 08:00:00+00:00,68446.6875,68641.5234375,68303.515625,68303.515625,830390272
2026-03-23 09:00:00+00:00,68247.9609375,68417.78125,67922.8515625,68417.78125,183115776
2026-03-23 10:00:00+00:00,68549.3203125,68670.203125,68291.34375,68321.6484375,251672576
2026-03-23 11:00:00+00:00,70063.984375,71401.8515625,68534.1796875,68534.1796875,8296083456
2026-03-23 12:00:00+00:00,70630.6796875,70828.5546875,69731.46875,70082.0390625,2473283584
2026-03-23 13:00:00+00:00,71410.3125,71525.5546875,70629.4921875,70719.125,2168483840
2026-03-23 14:00:00+00:00,71365.3203125,71696.078125,71190.4140625,71453.0390625,1883529216
2026-03-23 15:00:00+00:00,70131.59375,71623.90625,70131.59375,71457.4375,1987919872
2026-03-23 16:00:00+00:00,70545.265625,70680.6640625,70107.0390625,70107.0390625,2353709056
2026-03-23 17:00:00+00:00,71083.4921875,71098.25,70419.9296875,70561.5625,1485176832
2026-03-23 18:00:00+00:00,71056.4375,71154.96875,70900.5234375,71067.3984375,173412352
2026-03-23 19:00:00+00:00,70651.0703125,71170.8671875,70651.0703125,71075.15625,0
2026-03-23 20:00:00+00:00,70907.671875,70952.390625,70596.109375,70679.421875,1178177536
2026-03-23 21:00:00+00:00,70889.0078125,70972.8046875,70818.7265625,70893.953125,0
2026-03-23 22:00:00+00:00,70759.2578125,70827.125,70535.609375,70827.125,0
2026-03-23 23:00:00+00:00,70912.671875,70919.921875,70406.1171875,70783.0,36675584
2026-03-24 00:00:00+00:00,70694.296875,71045.5234375,70510.125,70898.6640625,0
2026-03-24 01:00:00+00:00,70505.296875,70832.515625,70360.375,70648.890625,0
2026-03-24 02:00:00+00:00,70444.484375,70656.46875,70424.046875,70499.40625,0
2026-03-24 03:00:00+00:00,70523.75,70554.234375,70397.609375,70440.03125,0
2026-03-24 04:00:00+00:00,70376.3203125,70671.8046875,70270.3984375,70523.875,0
2026-03-24 05:00:00+00:00,70260.484375,70362.28125,70129.859375,70362.28125,748859392
2026-03-24 06:00:00+00:00,70518.46875,70522.984375,70254.359375,70263.3984375,0
2026-03-24 07:00:00+00:00,71331.5,71331.5,70489.46875,70518.859375,0
2026-03-24 08:00:00+00:00,70915.6640625,71277.5234375,70863.7890625,71277.5234375,0
2026-03-24 09:00:00+00:00,71307.640625,71318.828125,70860.8984375,70954.3125,47820800
2026-03-24 10:00:00+00:00,71262.15625,71307.2578125,71110.4140625,71302.625,152907776
2026-03-24 11:00:00+00:00,71123.2421875,71291.578125,70994.4375,71264.0703125,0
2026-03-24 12:00:00+00:00,70936.03125,71143.7421875,70869.4453125,71143.7421875,0
2026-03-24 13:00:00+00:00,70017.3828125,71020.2265625,70017.3828125,70940.84375,0
2026-03-24 14:00:00+00:00,69906.9375,70423.1796875,69515.4765625,70070.2578125,138326016
2026-03-24 15:00:00+00:00,69875.765625,70193.4921875,69795.5703125,69833.625,0
2026-03-24 16:00:00+00:00,69452.984375,69945.90625,69383.1484375,69869.234375,0
2026-03-24 17:00:00+00:00,69221.265625,69479.46875,68934.4375,69441.28125,604794880
2026-03-24 18:00:00+00:00,69419.03125,69702.84375,69166.9140625,69284.5390625,506191872
2026-03-24 19:00:00+00:00,69297.703125,69648.640625,69276.390625,69410.4375,0
2026-03-24 20:00:00+00:00,70043.5078125,70220.421875,69277.375,69318.796875,871616512
2026-03-24 21:00:00+00:00,70280.640625,70314.296875,69920.40625,70051.0234375,609001472
2026-03-24 22:00:00+00:00,70343.359375,70513.671875,70159.40625,70293.453125,653373440
2026-03-24 23:00:00+00:00,70520.046875,70783.234375,70265.484375,70298.3828125,595103744
2026-03-25 00:00:00+00:00,70869.515625,70995.4453125,70510.4296875,70525.5625,13664256
2026-03-25 01:00:00+00:00,70702.359375,70925.3828125,70631.0390625,70827.4140625,0
2026-03-25 02:00:00+00:00,70483.5703125,70721.453125,70483.390625,70685.796875,0
2026-03-25 03:00:00+00:00,70729.296875,70757.6796875,70405.984375,70490.4296875,430514176
2026-03-25 04:00:00+00:00,70924.8125,70924.8125,70696.578125,70709.2578125,65097728
2026-03-25 05:00:00+00:00,71089.2734375,71295.6171875,70932.828125,70932.953125,510869504
2026-03-25 06:00:00+00:00,71014.7578125,71227.1484375,71000.7421875,71092.890625,239230976
2026-03-25 07:00:00+00:00,70908.28125,71235.7109375,70886.9609375,70982.921875,0
2026-03-25 08:00:00+00:00,71229.4296875,71468.2265625,70790.1015625,70903.484375,345554944
2026-03-25 09:00:00+00:00,71327.7734375,71350.203125,71112.1015625,71226.1640625,0
2026-03-25 10:00:00+00:00,71490.6015625,71554.5703125,71299.5703125,71365.6796875,0
2026-03-25 11:00:00+00:00,71661.7578125,71946.390625,71467.0078125,71486.8984375,780009472
2026-03-25 12:00:00+00:00,71682.5703125,71817.859375,71198.8984375,71705.8359375,364318720
2026-03-25 13:00:00+00:00,71645.2109375,71907.1953125,71555.296875,71701.3828125,0
2026-03-25 14:00:00+00:00,71296.828125,71626.0703125,71258.9609375,71564.5859375,0
2026-03-25 15:00:00+00:00,70834.3203125,71256.4375,70584.640625,71223.5,0
2026-03-25 16:00:00+00:00,71291.734375,71706.296875,70797.7578125,70838.890625,0
2026-03-25 17:00:00+00:00,70737.6953125,71327.46875,70722.234375,71303.25,0
2026-03-25 18:00:00+00:00,70758.75,71080.75,70732.734375,70745.5390625,0
2026-03-25 19:00:00+00:00,70781.0078125,71024.2890625,70761.7265625,70773.6640625,0
2026-03-25 20:00:00+00:00,70991.0234375,71033.109375,70636.125,70849.5,0
2026-03-25 21:00:00+00:00,70997.5703125,71135.3046875,70932.6328125,70982.8828125,0
2026-03-25 22:00:00+00:00,71345.9453125,71524.359375,70940.5234375,71007.4453125,0
2026-03-25 23:00:00+00:00,71310.1171875,71396.9453125,71179.1328125,71353.3203125,5345280
2026-03-26 00:00:00+00:00,71243.4140625,71393.2109375,71148.0390625,71311.6640625,0
2026-03-26 01:00:00+00:00,71252.234375,71312.203125,71153.0078125,71258.0078125,0
2026-03-26 02:00:00+00:00,70867.078125,71255.8828125,70717.8671875,71247.9609375,225431552
2026-03-26 03:00:00+00:00,70864.46875,70945.40625,70675.46875,70880.796875,0
2026-03-26 04:00:00+00:00,70754.3984375,70874.7890625,70697.3125,70860.96875,0
2026-03-26 05:00:00+00:00,69983.71875,70750.1015625,69956.7734375,70750.1015625,182083584
2026-03-26 06:00:00+00:00,70077.34375,70114.34375,69845.5703125,69976.6640625,488939520
2026-03-26 07:00:00+00:00,70076.09375,70109.34375,69805.421875,70060.6171875,176820224
2026-03-26 08:00:00+00:00,69978.7265625,70077.6953125,69794.609375,70063.6953125,0
2026-03-26 09:00:00+00:00,69565.8046875,70075.0546875,69383.3671875,69989.6875,918487040
2026-03-26 10:00:00+00:00,69460.2890625,69658.328125,69451.046875,69563.9609375,232046592
2026-03-26 11:00:00+00:00,69264.1328125,69605.1875,69242.5625,69479.796875,0
2026-03-26 12:00:00+00:00,69421.5703125,69421.5703125,69222.3359375,69255.953125,0
2026-03-26 13:00:00+00:00,69518.5390625,69826.125,69245.7734375,69414.984375,414111744
2026-03-26 14:00:00+00:00,69506.859375,69750.765625,69293.4375,69600.421875,140247040
2026-03-26 15:00:00+00:00,69042.921875,69454.84375,68819.421875,69454.84375,472600576
2026-03-26 16:00:00+00:00,68897.984375,69059.0703125,68808.8984375,69059.0703125,0
2026-03-26 17:00:00+00:00,68448.4765625,69104.578125,68448.4765625,68884.6796875,0
2026-03-26 18:00:00+00:00,68417.5703125,68535.171875,68134.265625,68431.0390625,1961172992
2026-03-26 19:00:00+00:00,68584.140625,68621.546875,68331.015625,68435.5078125,164651008
2026-03-26 20:00:00+00:00,68958.2109375,69281.46875,68413.1796875,68510.28125,1496965120
2026-03-26 21:00:00+00:00,68926.3828125,69130.953125,68864.953125,68969.7578125,475009024
2026-03-26 22:00:00+00:00,68831.703125,68986.375,68605.6484375,68884.1171875,0
2026-03-26 23:00:00+00:00,68790.8359375,68930.9921875,68623.6171875,68851.03125,114843648
2026-03-27 00:00:00+00:00,68707.9765625,68909.015625,68524.25,68778.71875,0
2026-03-27 01:00:00+00:00,68999.703125,69008.4453125,68668.96875,68725.046875,0
2026-03-27 02:00:00+00:00,68884.2734375,69082.3515625,68862.15625,69009.4296875,122109952
2026-03-27 03:00:00+00:00,68741.234375,68873.0546875,68644.6875,68873.0546875,188006400
2026-03-27 04:00:00+00:00,68542.78125,68729.7890625,68269.15625,68729.7890625,515092480
2026-03-27 05:00:00+00:00,68582.5859375,68817.0390625,68505.7578125,68542.09375,0
2026-03-27 06:00:00+00:00,68615.8203125,68788.1171875,68546.3046875,68578.9765625,0
2026-03-27 07:00:00+00:00,68418.7265625,68907.578125,68418.7265625,68620.2109375,1357963264
2026-03-27 08:00:00+00:00,67910.8203125,68536.6796875,67616.8203125,68480.609375,1849540608
2026-03-27 09:00:00+00:00,67670.0234375,67916.234375,67607.5703125,67896.78125,0
2026-03-27 10:00:00+00:00,66486.0078125,67727.109375,66422.984375,67641.8984375,1919025152
2026-03-27 11:00:00+00:00,66668.6796875,66818.1328125,66371.2421875,66460.5390625,1756696576
2026-03-27 12:00:00+00:00,66590.46875,66716.5234375,66414.5625,66676.8984375,362377216
2026-03-27 13:00:00+00:00,66095.171875,66672.3125,66064.2578125,66590.1796875,850956288
2026-03-27 14:00:00+00:00,66175.203125,66322.46875,65703.7265625,66139.3671875,1900404736
2026-03-27 15:00:00+00:00,66089.65625,66552.0546875,65953.578125,66168.5625,1187127296
2026-03-27 16:00:00+00:00,65933.7421875,66086.4375,65794.703125,66075.796875,576593920
2026-03-27 17:00:00+00:00,65604.5,66232.8984375,65585.15625,65952.265625,212033536
2026-03-27 18:00:00+00:00,65833.9140625,65884.921875,65539.1875,65603.640625,0
2026-03-27 19:00:00+00:00,66041.453125,66041.453125,65668.4140625,65817.0703125,0
2026-03-27 20:00:00+00:00,65980.7890625,66068.0546875,65795.3515625,66021.203125,0
2026-03-27 21:00:00+00:00,66034.46875,66124.53125,65972.2578125,65972.2578125,0
2026-03-27 22:00:00+00:00,65998.34375,66027.7421875,65882.765625,66027.5625,0
2026-03-27 23:00:00+00:00,66338.5,66351.5703125,65937.5546875,65979.34375,308248576
2026-03-28 00:00:00+00:00,66376.828125,66468.921875,66252.890625,66363.4140625,0
2026-03-28 01:00:00+00:00,66063.234375,66379.7421875,66027.359375,66379.7421875,0
2026-03-28 02:00:00+00:00,66000.3359375,66205.796875,65916.359375,66125.5625,0
2026-03-28 03:00:00+00:00,66167.8359375,66190.7421875,66004.3125,66004.3125,0
2026-03-28 04:00:00+00:00,66190.46875,66254.578125,66091.3359375,66184.3125,0
2026-03-28 05:00:00+00:00,66309.6015625,66318.1640625,66170.484375,66231.0703125,0
2026-03-28 06:00:00+00:00,66365.6328125,66446.078125,66267.3125,66301.0625,0
2026-03-28 07:00:00+00:00,66508.2421875,66508.2421875,66356.8046875,66372.9765625,0
2026-03-28 08:00:00+00:00,66355.9765625,66512.9765625,66355.9765625,66504.671875,0
2026-03-28 09:00:00+00:00,66266.0546875,66360.9140625,66215.6796875,66358.8046875,0
2026-03-28 10:00:00+00:00,66188.984375,66364.84375,66096.53125,66267.984375,0
2026-03-28 11:00:00+00:00,66306.5,66316.484375,66172.8671875,66172.8671875,0
2026-03-28 12:00:00+00:00,66407.1015625,66483.078125,66221.578125,66298.8515625,0
2026-03-28 13:00:00+00:00,66766.0703125,67060.8515625,66386.6640625,66407.640625,0
2026-03-28 14:00:00+00:00,66715.3359375,66897.875,66672.484375,66799.0078125,0
2026-03-28 15:00:00+00:00,66939.7421875,67201.6484375,66686.9765625,66710.609375,0
2026-03-28 16:00:00+00:00,66881.890625,67038.5390625,66824.65625,66980.3828125,0
2026-03-28 17:00:00+00:00,66807.7421875,66935.890625,66687.828125,66880.21875,0
2026-03-28 18:00:00+00:00,66886.6171875,66900.34375,66804.546875,66804.546875,0
2026-03-28 19:00:00+00:00,66848.3359375,66886.625,66780.21875,66866.6171875,0
2026-03-28 20:00:00+00:00,66908.625,66952.625,66853.859375,66853.859375,0
2026-03-28 21:00:00+00:00,66648.7578125,66889.2578125,66591.984375,66889.2578125,0
2026-03-28 22:00:00+00:00,66693.78125,66732.328125,66550.96875,66645.828125,0
2026-03-28 23:00:00+00:00,66319.6953125,66701.28125,66253.2265625,66701.28125,0
2026-03-29 00:00:00+00:00,66412.140625,66438.765625,66259.4921875,66331.703125,0
2026-03-29 01:00:00+00:00,66514.4921875,66539.84375,66341.3125,66433.6640625,0
2026-03-29 02:00:00+00:00,66732.2578125,66765.59375,66510.9609375,66516.7578125,0
2026-03-29 03:00:00+00:00,66851.75,67000.8125,66720.859375,66747.0859375,467705856
2026-03-29 04:00:00+00:00,66687.3203125,66876.4609375,66687.3203125,66850.796875,0
2026-03-29 05:00:00+00:00,66732.3125,66750.3203125,66565.4375,66682.03125,0
2026-03-29 06:00:00+00:00,66689.59375,66810.890625,66592.71875,66732.8359375,0
2026-03-29 07:00:00+00:00,66647.484375,66687.859375,66507.3359375,66687.859375,0
2026-03-29 08:00:00+00:00,66668.8125,66691.4453125,66574.2890625,66614.203125,0
2026-03-29 09:00:00+00:00,66572.8046875,66696.4140625,66511.2890625,66668.53125,0
2026-03-29 10:00:00+00:00,66463.203125,66578.4765625,66390.203125,66578.4765625,155119616
2026-03-29 11:00:00+00:00,66766.0078125,66867.734375,66461.15625,66461.15625,233811968
2026-03-29 12:00:00+00:00,66785.875,66806.3046875,66656.234375,66770.6484375,90222592
2026-03-29 13:00:00+00:00,66500.6015625,66792.5234375,66499.4921875,66792.5234375,0
2026-03-29 14:00:00+00:00,66518.265625,66659.984375,66437.7265625,66518.8203125,0
2026-03-29 15:00:00+00:00,66467.59375,66654.0078125,66308.6015625,66533.1875,0
2026-03-29 16:00:00+00:00,66449.625,66590.9609375,66392.6640625,66464.84375,0
2026-03-29 17:00:00+00:00,66329.515625,66475.109375,66136.609375,66443.671875,0
2026-03-29 18:00:00+00:00,66368.765625,66449.1171875,66281.7265625,66328.7109375,0
2026-03-29 19:00:00+00:00,66290.3046875,66415.1640625,66290.3046875,66370.5,224741376
2026-03-29 20:00:00+00:00,66540.9609375,66710.8046875,66294.15625,66294.15625,158541824
2026-03-29 21:00:00+00:00,66677.4140625,66693.1015625,66486.296875,66557.625,105584640
2026-03-29 22:00:00+00:00,65802.9296875,66672.9296875,65036.53125,66672.9296875,1888307200
2026-03-29 23:00:00+00:00,65958.3515625,66180.78125,65802.6875,65802.6875,1743009792
2026-03-30 00:00:00+00:00,66259.03125,66876.328125,65773.0546875,65957.6015625,1248913408
2026-03-30 01:00:00+00:00,66585.34375,66751.1875,66234.484375,66234.484375,540108800
2026-03-30 02:00:00+00:00,67039.9296875,67286.265625,66550.625,66579.6796875,970250240
2026-03-30 03:00:00+00:00,67106.546875,67224.9609375,66934.859375,67087.5078125,993060864
2026-03-30 04:00:00+00:00,67541.890625,67561.2578125,67091.390625,67091.390625,1237766144
2026-03-30 05:00:00+00:00,67476.421875,67655.2265625,67402.3515625,67559.140625,799993856
2026-03-30 06:00:00+00:00,67274.3828125,67517.578125,67246.5546875,67452.453125,764342272
2026-03-30 07:00:00+00:00,67502.453125,67512.0078125,67193.8203125,67252.828125,364709888
2026-03-30 08:00:00+00:00,67619.65625,67830.078125,67554.953125,67554.953125,1900691456
2026-03-30 09:00:00+00:00,67453.9765625,67621.3125,67415.8359375,67616.3671875,876087296
2026-03-30 10:00:00+00:00,67438.390625,67465.34375,67341.5859375,67448.46875,31676416
2026-03-30 11:00:00+00:00,67602.984375,67840.6015625,67443.2265625,67443.2265625,788334592
2026-03-30 12:00:00+00:00,67863.6015625,67919.5078125,67615.203125,67624.53125,731158528
2026-03-30 13:00:00+00:00,67478.3203125,68069.59375,67478.3203125,67853.6953125,1306716160
2026-03-30 14:00:00+00:00,67757.8203125,67811.078125,67099.046875,67461.21875,1602723840
2026-03-30 15:00:00+00:00,67578.46875,67823.1171875,67398.2109375,67753.5625,1083797504
2026-03-30 16:00:00+00:00,67274.59375,67587.203125,67220.7421875,67587.203125,545058816
2026-03-30 17:00:00+00:00,66727.1640625,67375.0390625,66664.7890625,67303.3203125,1078489088
2026-03-30 18:00:00+00:00,66535.0078125,66823.0625,66468.46875,66764.703125,900239360
2026-03-30 19:00:00+00:00,66424.765625,66594.2734375,66211.5234375,66594.2734375,779100160
2026-03-30 20:00:00+00:00,66608.578125,66617.78125,66480.578125,66480.578125,284151808
2026-03-30 21:00:00+00:00,66763.3046875,66930.125,66550.0234375,66594.25,1011724288
2026-03-30 22:00:00+00:00,66739.3828125,66928.9453125,66650.421875,66758.3671875,0
2026-03-30 23:00:00+00:00,66694.5859375,66735.6875,66378.109375,66735.6875,0
2026-03-31 00:00:00+00:00,67084.796875,67225.8984375,66507.421875,66727.5234375,0
2026-03-31 01:00:00+00:00,67933.984375,68292.8125,67021.2109375,67140.5390625,1710804992
2026-03-31 02:00:00+00:00,67948.859375,68028.9375,67765.625,67901.2578125,0
2026-03-31 03:00:00+00:00,67651.0625,67949.8671875,67610.25,67932.046875,0
2026-03-31 04:00:00+00:00,67482.0234375,67788.0078125,67471.7109375,67653.84375,0
2026-03-31 05:00:00+00:00,67622.9765625,67713.53125,67362.265625,67489.15625,0
2026-03-31 06:00:00+00:00,67456.2890625,67632.703125,67316.7109375,67632.703125,42102784
2026-03-31 07:00:00+00:00,67316.1640625,67451.171875,67084.0625,67439.3359375,878780416
2026-03-31 08:00:00+00:00,66766.40625,67433.5546875,66732.75,67315.796875,0
2026-03-31 09:00:00+00:00,66037.6875,66827.4765625,65980.9765625,66738.4765625,953315328
2026-03-31 10:00:00+00:00,66294.359375,66398.21875,66092.1796875,66107.5078125,969719808
2026-03-31 11:00:00+00:00,66638.390625,66778.96875,66202.2109375,66305.7109375,507084800
2026-03-31 12:00:00+00:00,66617.140625,66861.7421875,66490.625,66629.9375,448180224
2026-03-31 13:00:00+00:00,67197.9765625,67321.1328125,66630.609375,66630.609375,0
2026-03-31 14:00:00+00:00,66552.484375,67667.7421875,66478.3984375,67202.6015625,325591040
2026-03-31 15:00:00+00:00,66695.515625,67210.8828125,66609.2734375,66609.2734375,343322624
2026-03-31 16:00:00+00:00,67551.109375,67924.3515625,66732.5,66753.0078125,1145847808
2026-03-31 17:00:00+00:00,67426.0546875,68399.34375,67396.1328125,67590.2265625,1588404224
2026-03-31 18:00:00+00:00,67720.03125,67873.828125,67461.6953125,67461.6953125,0
2026-03-31 19:00:00+00:00,67760.78125,67953.578125,67701.6328125,67788.4375,317972480
2026-03-31 20:00:00+00:00,68184.640625,68184.640625,67817.828125,67817.828125,281108480
2026-03-31 21:00:00+00:00,68185.9765625,68309.3203125,67852.984375,68192.359375,101736448
2026-03-31 22:00:00+00:00,68148.875,68231.4765625,67956.28125,68219.96875,577847296
2026-03-31 23:00:00+00:00,68232.890625,68299.4375,68043.8828125,68135.40625,4124672
2026-04-01 00:00:00+00:00,68230.671875,68232.4765625,67823.25,68224.46875,0
2026-04-01 01:00:00+00:00,67745.234375,68270.3046875,67744.7734375,68245.1171875,0
2026-04-01 02:00:00+00:00,67588.2421875,67843.6796875,67565.3984375,67733.984375,1002680320
2026-04-01 03:00:00+00:00,68083.9375,68151.8671875,67599.8046875,67599.8046875,372232192
2026-04-01 04:00:00+00:00,68231.046875,68294.9140625,68001.984375,68097.21875,0
2026-04-01 05:00:00+00:00,68399.7578125,68650.8515625,68114.7265625,68251.6484375,316989440
2026-04-01 06:00:00+00:00,69125.265625,69160.7578125,68401.53125,68401.53125,785043456
2026-04-01 07:00:00+00:00,68651.3828125,69204.46875,68651.3828125,69079.140625,300101632
2026-04-01 08:00:00+00:00,68671.5390625,68809.0859375,68467.265625,68654.0,244490240
2026-04-01 09:00:00+00:00,68618.8515625,68690.46875,68368.171875,68636.90625,0
2026-04-01 10:00:00+00:00,68496.25,68629.75,68404.09375,68620.6328125,367706112
2026-04-01 11:00:00+00:00,68687.2265625,68696.3515625,68488.0390625,68539.9140625,0
2026-04-01 12:00:00+00:00,68334.515625,68687.5546875,68291.765625,68687.5546875,610938880
2026-04-01 13:00:00+00:00,68154.0546875,68558.5703125,67969.1171875,68346.671875,26525696
2026-04-01 14:00:00+00:00,68581.8125,68607.71875,68054.28125,68082.6953125,0
2026-04-01 15:00:00+00:00,68915.3125,68915.3125,68426.890625,68579.0390625,0
2026-04-01 16:00:00+00:00,68792.8515625,68923.234375,68617.0703125,68884.7578125,0
2026-04-01 17:00:00+00:00,68238.046875,69104.828125,68238.046875,68801.203125,0
2026-04-01 18:00:00+00:00,68006.453125,68258.8828125,67981.9140625,68238.0390625,228315136
2026-04-01 19:00:00+00:00,68152.3203125,68249.8125,68034.3984375,68054.734375,1232896
2026-04-01 20:00:00+00:00,68173.234375,68226.4609375,67985.3671875,68129.8046875,0
2026-04-01 21:00:00+00:00,68421.5859375,68485.8671875,68169.2421875,68171.5,0
2026-04-01 22:00:00+00:00,68104.0859375,68375.8828125,68075.5625,68375.8828125,0
2026-04-01 23:00:00+00:00,68077.8984375,68225.453125,67999.71875,68109.8203125,0
2026-04-02 00:00:00+00:00,68590.65625,68633.1484375,68052.53125,68095.265625,0
2026-04-02 01:00:00+00:00,67328.8203125,68588.5390625,67099.5390625,68588.5390625,1548025856
2026-04-02 02:00:00+00:00,66880.640625,67334.1875,66686.6796875,67334.1875,910004224
2026-04-02 03:00:00+00:00,66570.546875,66937.0,66506.125,66862.453125,399069184
2026-04-02 04:00:00+00:00,66318.2578125,66624.515625,66230.2421875,66566.046875,313384960
2026-04-02 05:00:00+00:00,66595.1875,66608.3984375,66308.21875,66311.9140625,55910400
2026-04-02 06:00:00+00:00,66641.453125,66743.8515625,66543.484375,66585.09375,0
2026-04-02 07:00:00+00:00,66915.609375,66915.609375,66544.8671875,66656.6328125,0
2026-04-02 08:00:00+00:00,66445.2734375,66908.1484375,66445.2734375,66908.1484375,0
2026-04-02 09:00:00+00:00,66420.6640625,66482.453125,66301.4765625,66433.671875,182439936
2026-04-02 10:00:00+00:00,66444.28125,66466.609375,66225.1875,66443.3046875,0
2026-04-02 11:00:00+00:00,66194.6484375,66450.53125,66170.84375,66442.875,166092800
2026-04-02 12:00:00+00:00,66032.328125,66202.0,65967.6640625,66202.0,0
2026-04-02 13:00:00+00:00,66204.3046875,66204.3046875,65788.75,66025.453125,384462848
2026-04-02 14:00:00+00:00,66939.234375,67029.875,66200.2578125,66249.2578125,1230147584
2026-04-02 15:00:00+00:00,66785.171875,66943.203125,66669.28125,66870.296875,481304576
2026-04-02 16:00:00+00:00,67104.25,67217.4765625,66774.828125,66835.65625,294678528
2026-04-02 17:00:00+00:00,66671.09375,67384.4453125,66671.09375,67088.6875,332353536
2026-04-02 18:00:00+00:00,66966.8984375,66982.1640625,66602.015625,66667.8203125,59293696
2026-04-02 19:00:00+00:00,66993.984375,67071.7734375,66884.28125,66969.359375,36319232
2026-04-02 20:00:00+00:00,66940.75,67084.671875,66809.7109375,66964.6328125,0
2026-04-02 21:00:00+00:00,66912.7578125,66981.0078125,66759.9140625,66932.421875,0
2026-04-02 22:00:00+00:00,67020.5078125,67020.5078125,66866.2109375,66920.703125,0
2026-04-02 23:00:00+00:00,66889.015625,67071.5546875,66862.4296875,66980.140625,48594944
2026-04-03 00:00:00+00:00,66753.7578125,66972.71875,66709.3203125,66888.4765625,0
2026-04-03 01:00:00+00:00,66599.890625,66881.6796875,66495.8125,66775.6171875,0
2026-04-03 02:00:00+00:00,66480.96875,66719.828125,66281.984375,66607.8828125,0
2026-04-03 03:00:00+00:00,66586.28125,66695.0,66488.1328125,66507.984375,0
2026-04-03 04:00:00+00:00,66618.578125,66660.578125,66508.5859375,66587.0859375,0
2026-04-03 05:00:00+00:00,66555.1875,66751.96875,66459.9296875,66604.4765625,0
2026-04-03 06:00:00+00:00,66764.3125,66772.21875,66571.5234375,66571.5234375,0
2026-04-03 07:00:00+00:00,67027.1484375,67162.359375,66765.859375,66775.1875,168898560
2026-04-03 08:00:00+00:00,66961.9296875,67268.6796875,66909.2421875,67032.546875,61919232
2026-04-03 09:00:00+00:00,66843.3203125,66981.890625,66757.6171875,66959.03125,0
2026-04-03 10:00:00+00:00,66879.4921875,66879.4921875,66691.5390625,66828.2734375,0
2026-04-03 11:00:00+00:00,66995.7109375,67026.71875,66832.5546875,66880.1796875,0
2026-04-03 12:00:00+00:00,66751.78125,67099.0546875,66658.375,67002.0078125,0
2026-04-03 13:00:00+00:00,66662.890625,66719.546875,66507.0625,66719.546875,0
2026-04-03 14:00:00+00:00,66955.96875,66963.7421875,66640.3125,66640.3125,0
2026-04-03 15:00:00+00:00,66837.7265625,66992.6328125,66820.0625,66943.6796875,0
2026-04-03 16:00:00+00:00,67002.765625,67039.765625,66811.6640625,66844.640625,0
2026-04-03 17:00:00+00:00,66852.078125,67042.3359375,66771.21875,67000.875,0
2026-04-03 18:00:00+00:00,66806.78125,66909.8515625,66772.5625,66845.25,0
2026-04-03 19:00:00+00:00,66861.78125,66887.8671875,66766.1328125,66812.5859375,0
2026-04-03 20:00:00+00:00,66842.6015625,66899.375,66842.6015625,66870.6015625,101472256
2026-04-03 21:00:00+00:00,66925.671875,66930.2578125,66831.203125,66832.8125,0
2026-04-03 22:00:00+00:00,66890.34375,66949.21875,66846.578125,66949.21875,0
2026-04-03 23:00:00+00:00,66938.6484375,66938.6484375,66815.640625,66882.15625,0
2026-04-04 00:00:00+00:00,66882.7265625,66939.015625,66881.3125,66937.25,0
2026-04-04 01:00:00+00:00,66842.9453125,66904.328125,66822.015625,66884.5546875,0
2026-04-04 02:00:00+00:00,66811.125,66903.1796875,66803.2265625,66845.0859375,0
2026-04-04 03:00:00+00:00,66821.40625,66893.453125,66821.40625,66825.40625,0
2026-04-04 04:00:00+00:00,66858.1015625,66858.125,66790.7890625,66826.0625,0
2026-04-04 05:00:00+00:00,66898.328125,66916.3515625,66842.1484375,66859.6640625,0
2026-04-04 06:00:00+00:00,67004.875,67021.1328125,66892.90625,66908.6015625,0
2026-04-04 07:00:00+00:00,67022.4453125,67022.4453125,66937.21875,66996.2109375,0
2026-04-04 08:00:00+00:00,66917.296875,67030.6875,66910.1328125,67011.6328125,0
2026-04-04 09:00:00+00:00,66961.2109375,66971.1484375,66913.0390625,66913.0390625,0
2026-04-04 10:00:00+00:00,67137.640625,67149.1328125,66905.3359375,66964.5703125,0
2026-04-04 11:00:00+00:00,67113.609375,67194.5546875,67082.7890625,67143.5078125,150949888
2026-04-04 12:00:00+00:00,67084.578125,67152.953125,67048.6484375,67125.0234375,0
2026-04-04 13:00:00+00:00,67204.6640625,67243.5703125,67074.5078125,67081.375,0
2026-04-04 14:00:00+00:00,67172.6953125,67202.46875,67028.609375,67195.3359375,0
2026-04-04 15:00:00+00:00,67364.34375,67435.46875,67171.2109375,67198.84375,370152448
2026-04-04 16:00:00+00:00,67442.90625,67491.78125,67316.109375,67368.828125,0
2026-04-04 17:00:00+00:00,67334.515625,67399.9765625,67292.453125,67357.265625,0
2026-04-04 18:00:00+00:00,67287.0078125,67360.1796875,67266.375,67325.609375,0
2026-04-04 19:00:00+00:00,67287.53125,67474.109375,67285.609375,67286.078125,72231936
2026-04-04 20:00:00+00:00,67259.1875,67282.1875,67184.6953125,67278.640625,112285696
2026-04-04 21:00:00+00:00,67366.3125,67402.5859375,67224.5625,67262.2734375,0
2026-04-04 22:00:00+00:00,67378.8359375,67426.90625,67340.1640625,67349.390625,0
2026-04-04 23:00:00+00:00,67291.1953125,67385.5078125,67260.1640625,67385.171875,0
2026-04-05 00:00:00+00:00,67169.21875,67297.15625,67166.9375,67280.21875,46329856
2026-04-05 01:00:00+00:00,67091.6640625,67218.015625,67080.3125,67180.0625,87767040
2026-04-05 02:00:00+00:00,67154.7734375,67160.0859375,66981.0390625,67074.1328125,218042368
2026-04-05 03:00:00+00:00,67113.9453125,67169.9921875,67088.21875,67152.09375,104395776
2026-04-05 04:00:00+00:00,67086.5078125,67165.34375,67066.0234375,67117.3671875,0
2026-04-05 05:00:00+00:00,66904.875,67130.3203125,66901.8828125,67085.7421875,0
2026-04-05 06:00:00+00:00,66825.3125,66922.078125,66615.0390625,66912.59375,646203392
2026-04-05 07:00:00+00:00,66795.5,66888.6875,66715.0546875,66812.578125,130007040
2026-04-05 08:00:00+00:00,66907.5234375,66907.5234375,66793.6015625,66793.6015625,0
2026-04-05 09:00:00+00:00,67013.7265625,67015.375,66889.0703125,66907.75,150109184
2026-04-05 10:00:00+00:00,67033.0078125,67096.5859375,66954.6875,66975.5703125,47465472
2026-04-05 11:00:00+00:00,66972.8359375,67064.8984375,66955.75,67027.9375,0
2026-04-05 12:00:00+00:00,66767.5546875,66977.1484375,66691.171875,66977.1484375,897463296
2026-04-05 13:00:00+00:00,66876.3671875,66880.171875,66699.7109375,66771.5390625,227764224
2026-04-05 14:00:00+00:00,66906.125,66942.1875,66828.1640625,66876.9921875,0
2026-04-05 15:00:00+00:00,67270.234375,67516.1640625,66823.8828125,66903.1015625,938895360
2026-04-05 16:00:00+00:00,67188.7421875,67375.78125,67172.9140625,67281.09375,124299264
2026-04-05 17:00:00+00:00,67334.2890625,67365.5234375,67174.0703125,67195.2421875,0
2026-04-05 18:00:00+00:00,67363.9375,67423.7734375,67269.9140625,67346.96875,126044160
2026-04-05 19:00:00+00:00,67301.609375,67504.1640625,67271.3828125,67375.140625,0
2026-04-05 20:00:00+00:00,67613.8515625,67653.4609375,67331.4921875,67331.4921875,102221824
2026-04-05 21:00:00+00:00,67540.8203125,67618.5703125,67419.2890625,67613.8203125,356978688
2026-04-05 22:00:00+00:00,68325.484375,68325.484375,67329.8671875,67522.359375,1236066304
2026-04-05 23:00:00+00:00,68982.9140625,69048.203125,68268.671875,68309.328125,2669459456
2026-04-06 00:00:00+00:00,69076.7109375,69491.6484375,68978.9140625,68978.9140625,2418087936
2026-04-06 01:00:00+00:00,68801.5390625,69076.625,68782.6484375,69063.71875,1045952512
2026-04-06 02:00:00+00:00,69227.78125,69365.109375,68780.3515625,68780.3515625,1052841984
2026-04-06 03:00:00+00:00,69061.84375,69217.3671875,69044.9921875,69207.9609375,780525568
2026-04-06 04:00:00+00:00,69115.71875,69173.921875,68963.0859375,69082.078125,800897024
2026-04-06 05:00:00+00:00,69170.5234375,69200.28125,69089.46875,69118.1171875,309288960
2026-04-06 06:00:00+00:00,68969.6484375,69316.03125,68824.1796875,69174.6171875,268292096
2026-04-06 07:00:00+00:00,69075.671875,69171.8984375,68819.328125,68954.0078125,28657664
2026-04-06 08:00:00+00:00,69230.8046875,69281.40625,69083.1171875,69089.3203125,1076805632
2026-04-06 09:00:00+00:00,69734.3828125,70132.9921875,69200.8828125,69210.859375,2754883584
2026-04-06 10:00:00+00:00,69730.765625,69907.7109375,69714.0390625,69714.0390625,890058752
2026-04-06 11:00:00+00:00,69595.9453125,69755.96875,69577.65625,69755.96875,369598464
2026-04-06 12:00:00+00:00,69356.1484375,69615.703125,69348.5234375,69601.015625,69148672
2026-04-06 13:00:00+00:00,69354.2890625,69486.828125,69260.03125,69365.3125,673017856
2026-04-06 14:00:00+00:00,69660.390625,69762.5703125,69206.546875,69366.4375,1707786240
2026-04-06 15:00:00+00:00,69930.125,69941.1171875,69578.390625,69645.2578125,0
2026-04-06 16:00:00+00:00,69834.8359375,70237.1015625,69834.8359375,69947.6875,1390653440
2026-04-06 17:00:00+00:00,69563.90625,69800.9921875,69283.7578125,69800.9921875,1401937920
2026-04-06 18:00:00+00:00,69884.3203125,69912.4375,69494.59375,69563.015625,826048512
2026-04-06 19:00:00+00:00,69704.140625,69887.515625,69603.796875,69887.515625,532942848
2026-04-06 20:00:00+00:00,69839.546875,69973.8203125,69619.25,69733.0,0
2026-04-06 21:00:00+00:00,69522.0,69828.203125,69464.78125,69828.203125,447565824
2026-04-06 22:00:00+00:00,68918.875,69558.8984375,68900.90625,69471.375,0
2026-04-06 23:00:00+00:00,68859.375,68896.75,68367.84375,68814.5546875,6565888
2026-04-07 00:00:00+00:00,68834.3125,69035.9765625,68749.859375,68860.4609375,0
2026-04-07 01:00:00+00:00,68407.5,68833.0234375,68372.65625,68786.0546875,0
2026-04-07 02:00:00+00:00,68668.671875,68682.9765625,68286.8046875,68413.4921875,0
2026-04-07 03:00:00+00:00,68756.09375,68777.5859375,68630.9375,68672.4375,152686592
2026-04-07 04:00:00+00:00,68876.296875,68964.1953125,68544.8125,68761.765625,0
2026-04-07 05:00:00+00:00,68623.734375,68841.0078125,68623.734375,68841.0078125,0
2026-04-07 06:00:00+00:00,68559.765625,68638.40625,68432.515625,68632.859375,0
2026-04-07 07:00:00+00:00,68632.78125,68679.46875,68491.7734375,68557.8671875,0
2026-04-07 08:00:00+00:00,68945.296875,68961.609375,68616.34375,68618.9140625,0
2026-04-07 09:00:00+00:00,69144.3359375,69215.59375,68941.453125,68945.3984375,0
2026-04-07 10:00:00+00:00,68233.8515625,69178.546875,68220.5625,69150.4921875,133443584
2026-04-07 11:00:00+00:00,68356.046875,68424.375,68075.421875,68225.6640625,499269632
2026-04-07 12:00:00+00:00,68412.96875,68456.1875,68092.734375,68342.5,0
2026-04-07 13:00:00+00:00,68254.234375,68611.0234375,68205.890625,68379.7890625,1097029632
2026-04-07 14:00:00+00:00,67916.6953125,68232.203125,67798.203125,68232.203125,0
2026-04-07 15:00:00+00:00,68141.9921875,68175.578125,67755.734375,67856.078125,1760526336
2026-04-07 16:00:00+00:00,68216.5859375,68366.703125,68102.5546875,68151.7109375,0
2026-04-07 17:00:00+00:00,68707.1875,68783.3515625,68197.21875,68213.9296875,0
2026-04-07 18:00:00+00:00,68426.2734375,68745.515625,68348.3125,68692.15625,93362176
2026-04-07 19:00:00+00:00,68958.59375,69064.8359375,68372.921875,68428.25,1083127808
2026-04-07 20:00:00+00:00,69281.7109375,69502.0703125,69001.296875,69001.296875,1242095616
2026-04-07 21:00:00+00:00,69908.7421875,70160.59375,69301.40625,69301.40625,1996890112
2026-04-07 22:00:00+00:00,71430.3515625,71430.3515625,69911.75,69911.75,3171405824
2026-04-07 23:00:00+00:00,71950.1484375,72484.7734375,71232.0703125,71482.6015625,3808813056
2026-04-08 00:00:00+00:00,71673.5703125,72057.078125,71556.203125,71926.15625,1310101504
2026-04-08 01:00:00+00:00,71457.9453125,71729.0,71454.5234375,71688.7890625,169504768
2026-04-08 02:00:00+00:00,71323.6015625,71700.5625,71276.15625,71462.34375,903651328
2026-04-08 03:00:00+00:00,71289.5078125,71466.1875,71273.4453125,71322.296875,332660736
2026-04-08 04:00:00+00:00,71588.4609375,71631.9765625,71286.9296875,71286.9296875,481091584
2026-04-08 05:00:00+00:00,71718.125,71793.8671875,71550.8359375,71566.6953125,623226880
2026-04-08 06:00:00+00:00,71720.1875,71911.2734375,71601.90625,71714.875,66224128
2026-04-08 07:00:00+00:00,71608.8203125,71882.296875,71601.6328125,71712.5703125,1684774912
2026-04-08 08:00:00+00:00,71759.0546875,71814.53125,71628.890625,71628.890625,329363456
2026-04-08 09:00:00+00:00,71679.1796875,71932.7578125,71592.203125,71787.71875,0
2026-04-08 10:00:00+00:00,71491.28125,71714.15625,71476.21875,71672.5546875,0
2026-04-08 11:00:00+00:00,71665.8984375,71711.5390625,71417.4609375,71484.3203125,102031360
2026-04-08 12:00:00+00:00,72078.859375,72078.859375,71634.3203125,71671.8984375,316997632
2026-04-08 13:00:00+00:00,71523.8359375,72739.1796875,71523.8359375,72072.5859375,2873823232
2026-04-08 14:00:00+00:00,70838.4921875,71704.453125,70754.125,71598.1171875,940003328
2026-04-08 15:00:00+00:00,71301.046875,71326.078125,70868.1171875,70868.1171875,307560448
2026-04-08 16:00:00+00:00,71619.1796875,71637.2734375,71272.5546875,71295.5390625,137367552
2026-04-08 17:00:00+00:00,71910.0546875,71937.984375,71509.0546875,71600.4765625,182030336
2026-04-08 18:00:00+00:00,71126.171875,71885.625,71107.8828125,71885.625,246755328
2026-04-08 19:00:00+00:00,71301.3984375,71353.8671875,71078.375,71090.7734375,0
2026-04-08 20:00:00+00:00,71367.4765625,71480.0234375,71289.65625,71319.5703125,0
2026-04-08 21:00:00+00:00,71518.7890625,71721.1015625,71339.625,71353.890625,0
2026-04-08 22:00:00+00:00,71088.3046875,71546.6796875,71088.3046875,71546.6796875,0
2026-04-08 23:00:00+00:00,71115.125,71164.3984375,70923.90625,70972.7578125,0
2026-04-09 00:00:00+00:00,70834.7734375,71093.7578125,70688.7890625,71093.7578125,0
2026-04-09 01:00:00+00:00,70911.1875,70918.890625,70528.3125,70810.5703125,0
2026-04-09 02:00:00+00:00,71069.421875,71157.859375,70820.84375,70920.3984375,0
2026-04-09 03:00:00+00:00,70979.9140625,71085.8671875,70860.5390625,71036.3046875,249393152
2026-04-09 04:00:00+00:00,70766.5390625,70992.3046875,70766.5390625,70984.984375,0
2026-04-09 05:00:00+00:00,70972.8203125,71077.4921875,70730.6796875,70758.9765625,0
2026-04-09 06:00:00+00:00,71009.359375,71069.796875,70854.921875,70975.71875,0
2026-04-09 07:00:00+00:00,70964.1015625,71076.234375,70964.1015625,71023.703125,0
2026-04-09 08:00:00+00:00,71245.546875,71333.6875,70901.5625,70968.703125,0
2026-04-09 09:00:00+00:00,71505.09375,71536.890625,71120.1640625,71258.9921875,0
2026-04-09 10:00:00+00:00,71292.984375,71503.3359375,71292.984375,71503.3359375,0
2026-04-09 11:00:00+00:00,71157.0078125,71321.0703125,71080.546875,71287.6953125,0
2026-04-09 12:00:00+00:00,71269.7109375,71270.9375,71059.296875,71151.8515625,0
2026-04-09 13:00:00+00:00,70812.71875,71267.5859375,70650.7890625,71267.5859375,0
2026-04-09 14:00:00+00:00,71116.171875,71200.6640625,70549.265625,70796.671875,0
2026-04-09 15:00:00+00:00,72103.4296875,72317.9921875,70938.3984375,71124.2421875,1492318208
2026-04-09 16:00:00+00:00,72019.4765625,72345.6875,71784.3515625,72122.2265625,1328070656
2026-04-09 17:00:00+00:00,72345.8828125,72519.0859375,72132.3828125,72262.65625,872480768
2026-04-09 18:00:00+00:00,71886.0859375,72293.109375,71774.890625,72293.109375,0
2026-04-09 19:00:00+00:00,72090.484375,72252.6484375,71785.296875,71890.2578125,0
2026-04-09 20:00:00+00:00,72390.7109375,72436.1328125,72037.734375,72109.1328125,1248124928
2026-04-09 21:00:00+00:00,72256.9765625,72651.953125,72178.1171875,72414.75,485777408
2026-04-09 22:00:00+00:00,72041.1171875,73004.65625,72041.1171875,72258.2578125,1449922560
2026-04-09 23:00:00+00:00,71774.3671875,72000.1171875,71637.8125,71962.484375,609611776
2026-04-10 00:00:00+00:00,71907.890625,72004.9296875,71609.296875,71783.515625,271847424
2026-04-10 01:00:00+00:00,72172.6484375,72377.25,71730.296875,71932.625,403632128
2026-04-10 02:00:00+00:00,71953.8515625,72281.828125,71928.1953125,72166.3984375,0
2026-04-10 03:00:00+00:00,71866.9375,71974.7890625,71817.3515625,71961.484375,0
2026-04-10 04:00:00+00:00,72075.203125,72114.984375,71845.609375,71888.7265625,367677440
2026-04-10 05:00:00+00:00,72110.9609375,72255.078125,72027.4140625,72101.890625,370974720
2026-04-10 06:00:00+00:00,71818.6171875,72148.390625,71804.453125,72124.4765625,0
2026-04-10 07:00:00+00:00,71474.5234375,71827.6640625,71445.828125,71817.7890625,0
2026-04-10 08:00:00+00:00,71601.859375,71747.3671875,71444.78125,71484.5546875,250580992
2026-04-10 09:00:00+00:00,71796.2734375,71853.765625,71597.328125,71607.3828125,0
2026-04-10 10:00:00+00:00,71927.125,71927.125,71724.765625,71790.0390625,0
2026-04-10 11:00:00+00:00,72120.9609375,72250.0703125,71914.7734375,71914.7734375,588943360
2026-04-10 12:00:00+00:00,72259.9296875,72420.3515625,72051.0234375,72123.65625,67821568
2026-04-10 13:00:00+00:00,72353.125,72353.125,71946.921875,72259.9375,655417344
2026-04-10 14:00:00+00:00,72902.0234375,73117.5390625,72328.6796875,72328.6796875,2228338688
2026-04-10 15:00:00+00:00,72403.5390625,73289.9140625,72403.5390625,72958.8125,0
2026-04-10 16:00:00+00:00,73034.765625,73034.765625,72420.078125,72431.109375,0
2026-04-10 17:00:00+00:00,73101.09375,73114.03125,72838.140625,73002.578125,0
2026-04-10 18:00:00+00:00,73114.046875,73134.140625,72913.828125,73134.140625,0
2026-04-10 19:00:00+00:00,73234.4453125,73263.1015625,72945.1015625,73118.453125,53522432
2026-04-10 20:00:00+00:00,73377.0703125,73421.8125,73081.796875,73218.1953125,496521216
2026-04-10 21:00:00+00:00,73203.6953125,73371.953125,72993.9296875,73371.953125,0
2026-04-10 22:00:00+00:00,72919.671875,73223.703125,72834.515625,73202.296875,0
2026-04-10 23:00:00+00:00,72976.125,72976.125,72822.1328125,72908.984375,9138176
2026-04-11 00:00:00+00:00,72841.375,72974.1953125,72829.4453125,72974.1953125,0
2026-04-11 01:00:00+00:00,72955.96875,73003.703125,72722.609375,72844.015625,0
2026-04-11 02:00:00+00:00,72984.203125,73116.5234375,72946.8203125,72954.3125,27906048
2026-04-11 03:00:00+00:00,72867.390625,73098.7265625,72867.390625,72981.1484375,0
2026-04-11 04:00:00+00:00,72824.890625,72972.625,72738.515625,72886.9375,0
2026-04-11 05:00:00+00:00,72759.265625,72862.75,72706.6484375,72843.453125,0
2026-04-11 06:00:00+00:00,72801.0859375,72801.0859375,72676.46875,72744.8828125,0
2026-04-11 07:00:00+00:00,72738.2890625,72848.59375,72719.5390625,72794.328125,0
2026-04-11 08:00:00+00:00,72715.7109375,72820.59375,72681.109375,72768.2421875,0
2026-04-11 09:00:00+00:00,72913.359375,72917.6328125,72659.4375,72704.0703125,0
2026-04-11 10:00:00+00:00,72864.703125,72938.2265625,72797.5703125,72937.609375,0
2026-04-11 11:00:00+00:00,72925.703125,72945.75,72858.3828125,72861.7109375,0
2026-04-11 12:00:00+00:00,72967.8203125,73003.6796875,72846.046875,72923.6796875,0
2026-04-11 13:00:00+00:00,72701.921875,72847.7890625,72594.53125,72844.8203125,0
2026-04-11 14:00:00+00:00,72745.453125,72771.796875,72638.1796875,72693.8984375,0
2026-04-11 15:00:00+00:00,72880.890625,72883.3125,72712.1953125,72745.6171875,0
2026-04-11 16:00:00+00:00,73102.703125,73199.65625,72850.484375,72886.515625,0
2026-04-11 17:00:00+00:00,73097.2109375,73178.5859375,72978.109375,73080.1640625,0
2026-04-11 18:00:00+00:00,73544.5703125,73700.171875,73073.71875,73106.21875,224630784
2026-04-11 19:00:00+00:00,73683.421875,73724.78125,73514.65625,73555.78125,0
2026-04-11 20:00:00+00:00,73331.3046875,73687.1015625,73284.3515625,73687.1015625,0
2026-04-11 21:00:00+00:00,73476.75,73539.8203125,73272.140625,73324.375,0
2026-04-11 22:00:00+00:00,73388.0546875,73550.828125,73270.546875,73449.1328125,0
2026-04-11 23:00:00+00:00,73056.046875,73390.8125,72963.15625,73390.8125,352256
2026-04-12 00:00:00+00:00,73068.3828125,73124.0859375,72932.578125,73057.15625,0
2026-04-12 01:00:00+00:00,71666.203125,73141.5,71527.5625,73083.3515625,2032969728
2026-04-12 02:00:00+00:00,71810.359375,71961.015625,71464.046875,71662.8671875,920907776
2026-04-12 03:00:00+00:00,71660.0546875,71860.9296875,71626.78125,71790.203125,144060416
2026-04-12 04:00:00+00:00,71490.046875,71678.65625,71481.25,71621.7890625,257187840
2026-04-12 05:00:00+00:00,71740.96875,71785.1328125,71487.3984375,71487.3984375,396326912
2026-04-12 06:00:00+00:00,71675.6640625,71762.03125,71663.28125,71735.875,18329600
2026-04-12 07:00:00+00:00,71747.28125,71765.0234375,71612.8359375,71673.453125,0
2026-04-12 08:00:00+00:00,71639.640625,71789.8125,71625.328125,71712.4296875,692613120
2026-04-12 09:00:00+00:00,71561.8203125,71654.359375,71543.8046875,71650.3359375,94949376
2026-04-12 10:00:00+00:00,71458.2734375,71676.1875,71405.109375,71563.4296875,101920768
2026-04-12 11:00:00+00:00,71494.46875,71545.5546875,71448.3203125,71465.1640625,383551488
2026-04-12 12:00:00+00:00,71158.734375,71515.1484375,71129.40625,71493.9921875,516511744
2026-04-12 13:00:00+00:00,70895.84375,71102.6796875,70895.84375,71004.1640625,687714304
2026-04-12 14:00:00+00:00,70807.34375,71084.5546875,70739.6015625,70906.40625,594534400
2026-04-12 15:00:00+00:00,70906.8203125,70944.4453125,70721.7890625,70768.640625,588967936
2026-04-12 16:00:00+00:00,70902.7578125,70959.578125,70856.4140625,70886.1015625,0
2026-04-12 17:00:00+00:00,71143.1328125,71198.3984375,70934.234375,70958.9921875,97961984
2026-04-12 18:00:00+00:00,71161.0703125,71221.2109375,71091.5625,71125.421875,0
2026-04-12 19:00:00+00:00,71114.7265625,71234.3046875,71081.5859375,71158.640625,0
2026-04-12 20:00:00+00:00,71359.3984375,71431.6953125,70971.484375,71110.75,137883648
2026-04-12 21:00:00+00:00,71284.375,71452.2265625,71228.7109375,71349.5390625,0
2026-04-12 22:00:00+00:00,70901.7890625,71345.109375,70593.453125,71345.109375,1398806528
2026-04-12 23:00:00+00:00,70757.6171875,70917.5625,70581.140625,70917.5625,224360448
2026-04-13 00:00:00+00:00,71159.4609375,71229.5703125,70629.453125,70741.296875,292968448
2026-04-13 01:00:00+00:00,71221.5,71224.4453125,71064.9140625,71174.0625,0
2026-04-13 02:00:00+00:00,71080.9375,71264.46875,71013.8515625,71199.1796875,0
2026-04-13 03:00:00+00:00,70989.6875,71126.6328125,70951.0078125,71063.625,0
2026-04-13 04:00:00+00:00,70932.84375,71120.4453125,70866.296875,70981.3125,450109440
2026-04-13 05:00:00+00:00,70857.4375,70916.1796875,70713.4921875,70904.03125,975269888
2026-04-13 06:00:00+00:00,71064.859375,71077.578125,70870.625,70870.625,1428049920
2026-04-13 07:00:00+00:00,70831.3125,71043.46875,70699.671875,71043.46875,1218619392
2026-04-13 08:00:00+00:00,70667.7890625,70846.5078125,70588.5234375,70810.34375,1922785280
2026-04-13 09:00:00+00:00,70789.25,70881.15625,70667.7890625,70667.7890625,0
2026-04-13 10:00:00+00:00,70745.5390625,70835.046875,70727.5,70791.625,0
2026-04-13 11:00:00+00:00,70947.2109375,70960.5546875,70738.1796875,70738.1796875,256931840
2026-04-13 12:00:00+00:00,71102.421875,71195.453125,70788.5,70883.4453125,43233280
2026-04-13 13:00:00+00:00,71608.9296875,71608.9296875,70859.5234375,71127.4453125,1137176576
2026-04-13 14:00:00+00:00,72420.1171875,72420.1171875,71485.4453125,71657.2890625,2789216256
2026-04-13 15:00:00+00:00,71838.046875,72408.421875,71691.8515625,72408.421875,2246270976
2026-04-13 16:00:00+00:00,72204.7265625,72436.6171875,71821.390625,71909.3828125,2313646080
2026-04-13 17:00:00+00:00,72153.3984375,72560.015625,72151.6171875,72187.40625,2198884352
2026-04-13 18:00:00+00:00,72457.6875,72457.6875,72101.75,72168.9765625,1392091136
2026-04-13 19:00:00+00:00,73373.984375,73472.53125,72327.703125,72454.0078125,3468292096
2026-04-13 20:00:00+00:00,73204.078125,73379.046875,73046.53125,73379.046875,1933516800
2026-04-13 21:00:00+00:00,73229.1640625,73338.9609375,73137.4140625,73182.1171875,616419328
2026-04-13 22:00:00+00:00,74640.609375,74699.296875,73208.84375,73208.84375,2595000320
2026-04-13 23:00:00+00:00,74532.7421875,74856.671875,74485.984375,74546.9921875,2946129920
2026-04-14 00:00:00+00:00,74162.0234375,74504.140625,74162.0234375,74442.2265625,108036096
2026-04-14 01:00:00+00:00,74378.9921875,74427.2734375,74074.78125,74145.921875,2039922688
2026-04-14 02:00:00+00:00,74374.3671875,74566.109375,74317.484375,74404.7109375,0
2026-04-14 03:00:00+00:00,74454.3828125,74499.0078125,74291.6796875,74365.78125,392503296
2026-04-14 04:00:00+00:00,74397.703125,74512.1640625,74391.2421875,74450.8515625,0
2026-04-14 05:00:00+00:00,74209.84375,74418.0859375,74192.1875,74393.7578125,0
2026-04-14 06:00:00+00:00,74565.7734375,74565.7734375,74299.1484375,74312.171875,238682112
2026-04-14 07:00:00+00:00,74547.5546875,74930.4296875,74511.1953125,74551.2734375,1304555520
2026-04-14 08:00:00+00:00,74776.1640625,74901.6875,74510.515625,74547.046875,905838592
2026-04-14 09:00:00+00:00,74538.09375,74845.84375,74469.1640625,74770.9375,705634304
2026-04-14 10:00:00+00:00,74423.4453125,74638.0703125,74363.4921875,74506.390625,603942912
2026-04-14 11:00:00+00:00,74456.0,74465.9609375,74333.2734375,74395.28125,460406784
2026-04-14 12:00:00+00:00,74457.5859375,74457.5859375,74297.015625,74398.828125,120107008
2026-04-14 13:00:00+00:00,75490.3984375,75495.4765625,74455.375,74455.375,1937948672
2026-04-14 14:00:00+00:00,75180.125,76009.03125,75180.125,75532.8046875,3226267648
2026-04-14 15:00:00+00:00,75367.1640625,75423.8984375,74743.2890625,75090.1796875,628752384
2026-04-14 16:00:00+00:00,74566.21875,75666.0390625,74566.21875,75390.9609375,0
2026-04-14 17:00:00+00:00,74766.5,74947.6328125,74332.015625,74653.4140625,0
2026-04-14 18:00:00+00:00,74097.0625,74809.5546875,73946.8515625,74806.2109375,653688832
2026-04-14 19:00:00+00:00,74265.8984375,74403.9296875,73960.7578125,74132.796875,0
2026-04-14 20:00:00+00:00,74052.28125,74423.1484375,74052.28125,74329.203125,0
2026-04-14 21:00:00+00:00,74315.2890625,74343.96875,73982.46875,74157.2109375,0
2026-04-14 22:00:00+00:00,74067.359375,74413.2109375,73905.1796875,74272.21875,0
2026-04-14 23:00:00+00:00,74186.5390625,74269.2578125,74046.1796875,74067.3203125,73728
2026-04-15 00:00:00+00:00,74601.5,74721.828125,74153.2734375,74176.09375,1786605568
2026-04-15 01:00:00+00:00,74649.0,74828.609375,74531.28125,74585.2734375,0
2026-04-15 02:00:00+00:00,74359.84375,74725.859375,74218.1484375,74645.4609375,0
2026-04-15 03:00:00+00:00,74376.75,74405.9921875,74214.53125,74364.78125,0
2026-04-15 04:00:00+00:00,74354.171875,74471.1796875,74294.0078125,74377.8515625,0
2026-04-15 05:00:00+00:00,74054.953125,74463.9921875,73912.578125,74369.9765625,0
2026-04-15 06:00:00+00:00,73924.0,74081.578125,73902.921875,74036.921875,0
2026-04-15 07:00:00+00:00,73771.34375,74048.46875,73545.0,73946.921875,68005888
2026-04-15 08:00:00+00:00,74139.28125,74219.0078125,73706.0,73776.828125,0
2026-04-15 09:00:00+00:00,74033.4609375,74213.4296875,73930.25,74139.9921875,0
2026-04-15 10:00:00+00:00,73890.8984375,74261.8828125,73822.03125,74019.359375,151773184
2026-04-15 11:00:00+00:00,74233.3203125,74276.2421875,73895.2890625,73906.546875,0
2026-04-15 12:00:00+00:00,74310.0625,74475.671875,74076.0078125,74236.328125,292081664
2026-04-15 13:00:00+00:00,74075.859375,74457.078125,73836.0625,74302.453125,0
2026-04-15 14:00:00+00:00,74149.65625,74531.6484375,73855.53125,74082.0234375,0
2026-04-15 15:00:00+00:00,73872.0078125,74311.3828125,73629.4375,74164.8125,0
2026-04-15 16:00:00+00:00,73956.7265625,74192.28125,73783.4921875,73850.0390625,0
2026-04-15 17:00:00+00:00,74154.9921875,74253.6015625,73929.9921875,73960.140625,0
2026-04-15 18:00:00+00:00,74410.0,74430.1328125,74086.2265625,74139.421875,0
2026-04-15 19:00:00+00:00,75026.3203125,75310.1015625,74390.0,74420.0078125,160878592
2026-04-15 20:00:00+00:00,74872.1484375,75069.921875,74541.0625,75057.6796875,200192000
2026-04-15 21:00:00+00:00,74765.3828125,74888.8828125,74572.078125,74860.0390625,0
2026-04-15 22:00:00+00:00,74984.3828125,75400.0,74763.890625,74784.7109375,0
2026-04-15 23:00:00+00:00,74825.8671875,74969.703125,74639.0,74958.421875,0
2026-04-16 00:00:00+00:00,74834.34375,74899.15625,74478.8203125,74845.609375,0
2026-04-16 01:00:00+00:00,74681.46875,74810.0,74494.21875,74810.0,0
2026-04-16 02:00:00+00:00,74896.546875,75284.0078125,74614.59375,74681.4609375,0
2026-04-16 03:00:00+00:00,74904.2109375,75155.8203125,74880.1484375,74890.9296875,2016497664
2026-04-16 04:00:00+00:00,74964.6484375,75185.8671875,74751.0625,74901.15625,0
2026-04-16 05:00:00+00:00,75058.0078125,75158.640625,74915.09375,74950.0,219258880
2026-04-16 06:00:00+00:00,75051.109375,75130.4375,74871.671875,75097.6875,96534528
2026-04-16 07:00:00+00:00,74721.5390625,75100.0,74662.34375,75031.7421875,0
2026-04-16 08:00:00+00:00,74697.7109375,74765.15625,74535.4296875,74721.546875,804335616
2026-04-16 09:00:00+00:00,74612.671875,74927.828125,74611.796875,74679.25,0
2026-04-16 10:00:00+00:00,74323.9921875,74670.84375,74290.78125,74611.8828125,0
2026-04-16 11:00:00+00:00,74593.328125,74601.65625,74300.0078125,74327.9921875,396546048
2026-04-16 12:00:00+00:00,74632.8671875,74876.34375,74592.90625,74593.328125,0
2026-04-16 13:00:00+00:00,73793.9765625,75023.1796875,73309.7265625,74628.7890625,937250816
2026-04-16 14:00:00+00:00,73973.203125,74198.890625,73424.0234375,73766.3203125,372477952
2026-04-16 15:00:00+00:00,74719.9921875,74893.3125,73943.65625,73969.7421875,1685315584
2026-04-16 16:00:00+00:00,74186.03125,74956.0,74088.59375,74746.0,538931200
2026-04-16 17:00:00+00:00,74346.0,74459.3984375,73917.140625,74167.8828125,130420736
2026-04-16 18:00:00+00:00,75054.4375,75092.3125,74250.09375,74354.03125,0
2026-04-16 19:00:00+00:00,75371.9765625,75429.609375,74762.671875,75102.0,964886528
2026-04-16 20:00:00+00:00,75245.9921875,75533.6796875,75020.96875,75384.9375,128495616
2026-04-16 21:00:00+00:00,74956.6015625,75300.0,74827.8125,75252.2109375,121356288
2026-04-16 22:00:00+00:00,74888.609375,75139.453125,74853.75,74966.2578125,0
2026-04-16 23:00:00+00:00,75163.09375,75198.4609375,74847.96875,74866.40625,0
2026-04-17 00:00:00+00:00,74955.9921875,75179.8515625,74905.90625,75160.203125,0
2026-04-17 01:00:00+00:00,74763.890625,75061.3515625,74594.4765625,74960.6171875,51539968
2026-04-17 02:00:00+00:00,74730.1328125,74830.8984375,74562.671875,74759.859375,0
2026-04-17 03:00:00+00:00,74633.1484375,74860.109375,74629.7578125,74724.9921875,0
2026-04-17 04:00:00+00:00,74810.0078125,74867.9375,74611.78125,74633.15625,0
2026-04-17 05:00:00+00:00,74656.5625,74823.109375,74575.0,74810.0,0
2026-04-17 06:00:00+00:00,74921.2421875,74960.90625,74614.46875,74645.0234375,0
2026-04-17 07:00:00+00:00,75069.6875,75118.859375,74954.7421875,74960.9609375,61296640
2026-04-17 08:00:00+00:00,75789.9921875,75888.75,75015.359375,75095.40625,619696128
2026-04-17 09:00:00+00:00,75811.4765625,76370.0,75551.25,75821.9765625,2566205440
2026-04-17 10:00:00+00:00,75301.109375,75907.140625,75124.2265625,75811.453125,1024786432
2026-04-17 11:00:00+00:00,75622.578125,75633.75,75273.75,75292.5078125,0
2026-04-17 12:00:00+00:00,76294.609375,76298.359375,75558.0,75661.6484375,779100160
2026-04-17 13:00:00+00:00,77388.0,77453.2265625,76100.0078125,76260.0,5033406464
2026-04-17 14:00:00+00:00,77977.75,78142.9765625,77065.90625,77434.4609375,3173928960
2026-04-17 15:00:00+00:00,77843.2734375,78060.0234375,77497.6015625,77977.5078125,1281085440
2026-04-17 16:00:00+00:00,77907.2734375,78340.0390625,77785.25,77836.21875,778620928
2026-04-17 17:00:00+00:00,77563.5078125,77955.0078125,77152.5,77898.7578125,973885440
2026-04-17 18:00:00+00:00,77206.0,77602.4765625,77122.5,77576.25,126701568
2026-04-17 19:00:00+00:00,77517.8671875,77524.0625,77063.2578125,77210.1328125,0
2026-04-17 20:00:00+00:00,77366.96875,77648.453125,77188.65625,77463.8828125,0
2026-04-17 21:00:00+00:00,77475.0,77531.2421875,77310.0,77373.2734375,0
2026-04-17 22:00:00+00:00,77339.9375,77551.5234375,77297.9765625,77473.1328125,221704192
2026-04-17 23:00:00+00:00,77098.0078125,77336.2421875,76941.9921875,77328.0078125,344924160
2026-04-18 00:00:00+00:00,77196.0,77287.4609375,77010.0,77073.75,0
2026-04-18 01:00:00+00:00,77251.96875,77364.7421875,77148.7734375,77216.2421875,0
2026-04-18 02:00:00+00:00,77323.5078125,77447.4296875,77154.2890625,77251.96875,0
2026-04-18 03:00:00+00:00,77040.0,77328.75,77001.3125,77321.2421875,0
2026-04-18 04:00:00+00:00,77148.75,77197.5,76926.9296875,77025.9921875,402907136
2026-04-18 05:00:00+00:00,77168.2890625,77295.0078125,77144.0078125,77144.0234375,52015104
2026-04-18 06:00:00+00:00,77160.0078125,77253.75,77091.0,77168.296875,0
2026-04-18 07:00:00+00:00,77020.0078125,77162.0234375,76923.078125,77136.328125,0
2026-04-18 08:00:00+00:00,76760.0234375,77070.390625,76534.0234375,77020.0234375,0
2026-04-18 09:00:00+00:00,76631.2578125,76743.7421875,76450.15625,76732.5,0
2026-04-18 10:00:00+00:00,76222.4921875,76631.2578125,76170.71875,76631.2578125,0
2026-04-18 11:00:00+00:00,76069.4609375,76222.5,75798.75,76222.5,0
2026-04-18 12:00:00+00:00,76239.7578125,76323.7421875,76070.9921875,76074.796875,0
2026-04-18 13:00:00+00:00,76148.640625,76248.7421875,75839.9921875,76230.828125,0
2026-04-18 14:00:00+00:00,76280.609375,76314.09375,76008.7578125,76150.0078125,0
2026-04-18 15:00:00+00:00,76191.71875,76361.2578125,76050.1328125,76282.1875,0
2026-04-18 16:00:00+00:00,75968.1171875,76249.9765625,75823.03125,76173.09375,0
2026-04-18 17:00:00+00:00,75852.1328125,75982.5234375,75818.1796875,75955.4765625,0
2026-04-18 18:00:00+00:00,75672.4375,75886.8984375,75482.96875,75842.0078125,0
2026-04-18 19:00:00+00:00,75678.90625,75828.6875,75607.84375,75653.71875,0
2026-04-18 20:00:00+00:00,75784.9375,75875.828125,75633.6796875,75688.59375,0
2026-04-18 21:00:00+00:00,75854.5703125,75875.828125,75632.671875,75779.0390625,0
2026-04-18 22:00:00+00:00,75846.96875,75914.6796875,75644.1171875,75827.4921875,0
2026-04-18 23:00:00+00:00,75730.578125,75921.9765625,75730.578125,75861.0390625,0
2026-04-19 00:00:00+00:00,75705.21875,75884.0078125,75590.171875,75736.0,0
2026-04-19 01:00:00+00:00,75652.1015625,75820.0,75500.0,75708.0078125,129032192
2026-04-19 02:00:00+00:00,75523.859375,75741.3515625,75452.0,75643.671875,53024768
2026-04-19 03:00:00+00:00,75549.65625,75668.0,75398.8671875,75523.859375,71456768
2026-04-19 04:00:00+00:00,75700.0078125,75798.40625,75454.6171875,75546.4921875,0
2026-04-19 05:00:00+00:00,75580.0234375,75723.8828125,75549.6796875,75695.0625,0
2026-04-19 06:00:00+00:00,75429.75,75580.0078125,75325.0,75580.0078125,337053696
2026-04-19 07:00:00+00:00,75291.1171875,75434.921875,74955.546875,75426.9609375,855674880
2026-04-19 08:00:00+00:00,75293.171875,75336.5234375,75113.953125,75265.0,0
2026-04-19 09:00:00+00:00,75055.421875,75301.4921875,74963.3828125,75292.5390625,0
2026-04-19 10:00:00+00:00,75246.09375,75272.5625,74974.7734375,75055.421875,0
2026-04-19 11:00:00+00:00,75637.5234375,75653.0625,75242.0234375,75246.09375,0
2026-04-19 12:00:00+00:00,75611.90625,75730.4921875,75480.0,75652.3125,0
2026-04-19 13:00:00+00:00,75963.1328125,76257.0703125,75588.3515625,75588.4609375,582748160
2026-04-19 14:00:00+00:00,76064.9609375,76180.578125,75707.9765625,75963.1328125,266915840
2026-04-19 15:00:00+00:00,75885.6171875,76187.9921875,75450.4765625,76062.84375,1075015680
2026-04-19 16:00:00+00:00,75416.0078125,75893.6328125,75356.0078125,75885.6171875,0
2026-04-19 17:00:00+00:00,74820.8515625,75419.3515625,74707.9921875,75419.3515625,425570304
2026-04-19 18:00:00+00:00,74806.7109375,74910.171875,74641.4765625,74793.8828125,642525184
2026-04-19 19:00:00+00:00,74985.0390625,75110.421875,74813.2578125,74813.2578125,272711680
2026-04-19 20:00:00+00:00,74662.5625,74985.0390625,74493.4765625,74985.0390625,0
2026-04-19 21:00:00+00:00,74461.203125,74842.3203125,74407.84375,74662.5625,505593856
2026-04-19 22:00:00+00:00,74072.5390625,74438.578125,73802.578125,74423.9921875,2095738880
2026-04-19 23:00:00+00:00,73815.203125,74076.8125,73815.203125,74076.8125,628639744
2026-04-20 00:00:00+00:00,74305.296875,74382.15625,73772.9609375,73830.0,972533760
2026-04-20 01:00:00+00:00,74621.4296875,74772.3515625,74239.796875,74314.6796875,524847104
2026-04-20 02:00:00+00:00,74439.90625,74654.9375,74337.390625,74623.9921875,387602432
2026-04-20 03:00:00+00:00,74665.6171875,74672.9609375,74390.1328125,74448.2734375,237033472
2026-04-20 04:00:00+00:00,74593.59375,74669.1875,74469.0390625,74666.078125,0
2026-04-20 05:00:00+00:00,74297.921875,74586.0703125,74136.9375,74567.78125,346931200
2026-04-20 06:00:00+00:00,74820.1796875,74910.15625,74283.5390625,74315.828125,234817536
2026-04-20 07:00:00+00:00,74860.0234375,75582.0078125,74694.3671875,74873.421875,489672704
2026-04-20 08:00:00+00:00,74758.0078125,75026.953125,74650.28125,74860.3828125,597123072
2026-04-20 09:00:00+00:00,75100.4375,75269.5234375,74726.109375,74745.359375,463020032
2026-04-20 10:00:00+00:00,75068.6875,75436.03125,75042.171875,75130.3828125,41537536
2026-04-20 11:00:00+00:00,75232.7265625,75318.2578125,75000.2890625,75068.7265625,0
2026-04-20 12:00:00+00:00,75322.8671875,75669.0078125,75111.2578125,75222.8984375,466120704
2026-04-20 13:00:00+00:00,75316.890625,75467.28125,74945.171875,75349.9296875,71524352
2026-04-20 14:00:00+00:00,75071.84375,75765.2109375,74961.1171875,75300.0,1182838784
2026-04-20 15:00:00+00:00,75750.0,75758.078125,74735.7421875,75090.75,651075584
2026-04-20 16:00:00+00:00,75378.7890625,75753.1484375,75328.75,75753.1484375,407003136
2026-04-20 17:00:00+00:00,75937.3125,75998.1484375,75322.359375,75391.21875,0
2026-04-20 18:00:00+00:00,76455.671875,76489.0625,75953.3671875,75954.421875,623157248
2026-04-20 19:00:00+00:00,76330.9375,76528.0078125,76184.859375,76483.3671875,1873649664
2026-04-20 20:00:00+00:00,76317.28125,76590.0,76162.3125,76311.109375,1115488256
2026-04-20 21:00:00+00:00,75988.0078125,76405.7265625,75816.0,76330.0,287932416
2026-04-20 22:00:00+00:00,76004.671875,76180.578125,75933.0234375,76054.0,0
2026-04-20 23:00:00+00:00,75875.0390625,75937.7265625,75655.9921875,75912.7734375,0
2026-04-21 00:00:00+00:00,76128.1015625,76129.828125,75724.8203125,75876.890625,0
2026-04-21 01:00:00+00:00,75955.0625,76270.1875,75906.0234375,76086.0,0
2026-04-21 02:00:00+00:00,75613.75,75958.9375,75612.0,75955.0703125,0
2026-04-21 03:00:00+00:00,75740.578125,75747.390625,75520.0,75613.75,0
2026-04-21 04:00:00+00:00,75840.578125,75850.7109375,75633.28125,75755.7734375,0
2026-04-21 05:00:00+00:00,75835.7734375,76010.640625,75815.0,75840.0078125,0
2026-04-21 06:00:00+00:00,76001.828125,76146.0,75731.171875,75835.7734375,0
2026-04-21 07:00:00+00:00,76118.09375,76323.5390625,75851.7421875,76007.7890625,52444172288
2026-04-21 08:00:00+00:00,76545.65625,76879.34375,76114.59375,76125.6328125,467214336
2026-04-21 09:00:00+00:00,76388.3984375,76596.4921875,76192.3828125,76545.609375,0
2026-04-21 10:00:00+00:00,76775.1171875,76905.171875,76382.4609375,76382.4609375,294772736
2026-04-21 11:00:00+00:00,76478.6171875,76789.328125,76370.0078125,76786.953125,612114432
2026-04-21 12:00:00+00:00,76044.5625,76548.7734375,75749.3515625,76489.0,274640896
2026-04-21 13:00:00+00:00,75922.0,76198.609375,75752.8203125,76051.25,29853859840
2026-04-21 14:00:00+00:00,75687.4765625,76595.0,75658.9765625,75936.9609375,0
2026-04-21 15:00:00+00:00,75849.703125,75999.3203125,75438.703125,75694.4375,0
2026-04-21 16:00:00+00:00,75794.9921875,76191.2578125,75772.890625,75869.71875,0
2026-04-21 17:00:00+00:00,75567.2578125,75863.9921875,75107.1796875,75782.5234375,0
2026-04-21 18:00:00+00:00,75622.7890625,75664.9921875,75319.203125,75541.953125,0
2026-04-21 19:00:00+00:00,75019.9921875,75909.4921875,74825.9921875,75633.7578125,0
2026-04-21 20:00:00+00:00,75743.71875,75868.90625,74989.5390625,75004.3671875,0
2026-04-21 21:00:00+00:00,75565.0078125,75796.6796875,75469.859375,75740.6796875,0
2026-04-21 22:00:00+00:00,75662.0078125,75662.140625,75325.1484375,75566.6328125,115748864
2026-04-21 23:00:00+00:00,76356.0,76437.2578125,75645.0,75645.0,343629824
2026-04-22 00:00:00+00:00,76337.15625,76519.0703125,76234.0078125,76370.0,11161600
2026-04-22 01:00:00+00:00,76316.7890625,76432.9375,76148.109375,76370.578125,16044032
2026-04-22 02:00:00+00:00,77626.0078125,77662.0703125,76244.03125,76334.9296875,1683529728
2026-04-22 03:00:00+00:00,77541.546875,77746.8828125,77430.0,77627.359375,1451786240
2026-04-22 04:00:00+00:00,77536.0,77715.9765625,77384.0703125,77547.9921875,753033216
2026-04-22 05:00:00+00:00,77991.9296875,78433.8984375,77463.9921875,77552.03125,2779820032
2026-04-22 06:00:00+00:00,78024.40625,78048.9296875,77914.9765625,77983.296875,737804288
2026-04-22 07:00:00+00:00,78007.6875,78128.0,77844.2109375,78028.9765625,11460608
2026-04-22 08:00:00+00:00,78029.6875,78220.03125,77960.0,78044.2890625,65699840
2026-04-22 09:00:00+00:00,78035.796875,78202.1484375,77971.296875,77993.9765625,18178048
2026-04-22 10:00:00+00:00,78186.5625,78193.2109375,77967.6796875,78015.5625,60895232
2026-04-22 11:00:00+00:00,78322.546875,78385.53125,78120.0078125,78193.953125,0
2026-04-22 12:00:00+00:00,78262.8984375,78514.7890625,78146.8828125,78329.0,142364672
2026-04-22 13:00:00+00:00,78887.4375,78887.4375,78204.1015625,78252.359375,1212329984
2026-04-22 14:00:00+00:00,79077.25,79178.859375,78625.9765625,78897.609375,1833050112
2026-04-22 15:00:00+00:00,79325.3828125,79450.0,78882.671875,79094.859375,864710656
2026-04-22 16:00:00+00:00,78777.3671875,79500.0078125,78697.96875,79371.9296875,912244736
2026-04-22 17:00:00+00:00,78923.0,79078.359375,78724.7265625,78782.4609375,0
2026-04-22 18:00:00+00:00,79062.4609375,79198.8984375,78857.0390625,78945.21875,0
2026-04-22 19:00:00+00:00,78891.9765625,79106.3984375,78740.90625,79000.5390625,0
2026-04-22 20:00:00+00:00,78459.8203125,78946.3828125,78440.0,78918.5234375,0
2026-04-22 21:00:00+00:00,78794.7578125,78858.2421875,78447.0234375,78447.0234375,537243648
2026-04-22 22:00:00+00:00,78642.8984375,78865.078125,78487.28125,78785.2421875,55644160
2026-04-22 23:00:00+00:00,78208.546875,78635.6015625,78184.0078125,78623.9765625,77496320
2026-04-23 00:00:00+00:00,78449.546875,78605.0,77628.0703125,78208.5390625,433913856
2026-04-23 01:00:00+00:00,78382.9921875,78469.1484375,78098.3828125,78442.1484375,1216458752
2026-04-23 02:00:00+00:00,77967.4609375,78387.390625,77789.59375,78387.390625,0
2026-04-23 03:00:00+00:00,77778.0,78050.4375,77536.0078125,77969.6015625,122421248
2026-04-23 04:00:00+00:00,77935.4609375,77963.8515625,77698.703125,77748.6484375,0
2026-04-23 05:00:00+00:00,78027.90625,78112.0,77800.03125,77944.0,0
2026-04-23 06:00:00+00:00,78240.0078125,78370.4921875,78066.1875,78066.1875,0
2026-04-23 07:00:00+00:00,78086.140625,78281.7734375,78006.6171875,78259.9921875,0
2026-04-23 08:00:00+00:00,77877.34375,78204.3125,77748.0234375,78086.140625,0
2026-04-23 09:00:00+00:00,77675.1875,77887.46875,77467.7578125,77877.3515625,659345408
2026-04-23 10:00:00+00:00,77425.90625,77737.90625,77216.890625,77672.0078125,1208832000
2026-04-23 11:00:00+00:00,77722.2890625,77768.8671875,77407.78125,77463.3515625,0
2026-04-23 12:00:00+00:00,77904.1015625,77904.1015625,77609.4765625,77722.328125,0
2026-04-23 13:00:00+00:00,77558.5,77943.671875,77422.5,77894.0078125,0
2026-04-23 14:00:00+00:00,78216.578125,78238.5703125,77446.3671875,77514.6796875,0
2026-04-23 15:00:00+00:00,78413.1796875,78716.328125,78012.046875,78214.4375,30183424
2026-04-23 16:00:00+00:00,78128.6015625,78544.65625,78068.0,78420.7265625,0
2026-04-23 17:00:00+00:00,77796.421875,78218.53125,76986.296875,78142.15625,1466310656
2026-04-23 18:00:00+00:00,77739.09375,78172.6875,77713.9765625,77766.953125,388833280
2026-04-23 19:00:00+00:00,77743.15625,77922.2109375,77629.25,77698.0625,236609536
2026-04-23 20:00:00+00:00,77906.1015625,78070.3984375,77669.8984375,77732.5390625,0
2026-04-23 21:00:00+00:00,77901.0390625,78091.9609375,77811.0,77906.6015625,0
2026-04-23 22:00:00+00:00,78262.2421875,78366.1875,77912.2734375,77912.2734375,0
2026-04-23 23:00:00+00:00,78281.3203125,78327.0,78051.8125,78220.046875,0
2026-04-24 00:00:00+00:00,78439.5625,78516.328125,78197.1796875,78320.3828125,0
2026-04-24 01:00:00+00:00,78465.1328125,78483.0703125,77989.8125,78447.9765625,0
2026-04-24 02:00:00+00:00,78154.1015625,78570.0234375,78108.0234375,78442.6484375,0
2026-04-24 03:00:00+00:00,77755.390625,78215.0234375,77590.5078125,78166.4765625,29274112
2026-04-24 04:00:00+00:00,77682.90625,77871.9296875,77532.0078125,77744.90625,117673984
2026-04-24 05:00:00+00:00,77974.2890625,78039.390625,77465.8984375,77673.6015625,0
2026-04-24 06:00:00+00:00,77813.1171875,77999.1015625,77786.2890625,77992.1328125,0
2026-04-24 07:00:00+00:00,77676.9609375,77878.203125,77568.4375,77805.0,466751488
2026-04-24 08:00:00+00:00,77808.7265625,78029.9765625,77593.203125,77676.9609375,0
2026-04-24 09:00:00+00:00,77551.890625,77826.0703125,77436.0,77811.4296875,0
2026-04-24 10:00:00+00:00,77762.453125,77798.3125,77457.2109375,77528.6171875,0
2026-04-24 11:00:00+00:00,78256.09375,78395.2734375,77762.4375,77776.0234375,1137606656
2026-04-24 12:00:00+00:00,78290.6484375,78377.046875,78056.8828125,78272.96875,0
2026-04-24 13:00:00+00:00,78107.859375,78447.7578125,77922.9609375,78290.640625,300425216
2026-04-24 14:00:00+00:00,78074.15625,78096.0078125,77704.1875,78067.28125,260997120
2026-04-24 15:00:00+00:00,78068.03125,78237.5625,77619.9921875,78057.9921875,0
2026-04-24 16:00:00+00:00,77804.0390625,78081.2421875,77606.46875,78077.078125,34394112
2026-04-24 17:00:00+00:00,77707.1484375,77831.84375,77502.6015625,77772.296875,0
2026-04-24 18:00:00+00:00,77637.609375,77741.890625,77385.90625,77691.4609375,0
2026-04-24 19:00:00+00:00,77659.71875,77767.40625,77556.3203125,77680.2265625,0
2026-04-24 20:00:00+00:00,77748.6796875,77781.921875,77480.0,77657.0234375,0
2026-04-24 21:00:00+00:00,77565.453125,77785.0,77565.453125,77748.6796875,263231488
2026-04-24 22:00:00+00:00,77360.0,77650.71875,77306.0625,77572.0390625,392822784
2026-04-24 23:00:00+00:00,77461.796875,77484.9765625,77358.828125,77368.640625,215015424
2026-04-25 00:00:00+00:00,77483.4375,77518.6015625,77329.2890625,77471.1796875,0
2026-04-25 01:00:00+00:00,77559.96875,77645.4609375,77461.0078125,77498.0078125,0
2026-04-25 02:00:00+00:00,77639.1796875,77669.53125,77518.78125,77559.96875,0
2026-04-25 03:00:00+00:00,77674.0,77736.1171875,77574.6796875,77654.5703125,0
2026-04-25 04:00:00+00:00,77641.15625,77726.15625,77621.8984375,77699.90625,0
2026-04-25 05:00:00+00:00,77542.1875,77634.3203125,77509.6796875,77634.3203125,0
2026-04-25 06:00:00+00:00,77526.421875,77609.28125,77506.7109375,77545.75,0
2026-04-25 07:00:00+00:00,77532.9609375,77598.0390625,77470.0,77510.0078125,0
2026-04-25 08:00:00+00:00,77672.6484375,77686.796875,77510.9375,77514.2578125,0
2026-04-25 09:00:00+00:00,77738.1875,77805.890625,77612.0,77686.796875,0
2026-04-25 10:00:00+00:00,77809.4765625,77910.3515625,77745.6484375,77745.6484375,0
2026-04-25 11:00:00+00:00,77697.3984375,77809.46875,77636.171875,77809.46875,0
2026-04-25 12:00:00+00:00,77575.28125,77736.953125,77565.4375,77704.5078125,0
2026-04-25 13:00:00+00:00,77701.359375,77731.703125,77580.3671875,77580.3671875,0
2026-04-25 14:00:00+00:00,77679.9609375,77768.796875,77652.09375,77701.359375,0
2026-04-25 15:00:00+00:00,77354.0625,77744.0234375,77345.0,77679.953125,0
2026-04-25 16:00:00+00:00,77427.6875,77483.4296875,77199.0234375,77332.5703125,0
2026-04-25 17:00:00+00:00,77274.53125,77433.75,77236.1328125,77427.6796875,0
2026-04-25 18:00:00+00:00,77311.0,77414.5625,77242.171875,77242.171875,0
2026-04-25 19:00:00+00:00,77339.7734375,77372.3515625,77210.0,77309.6015625,28358656
2026-04-25 20:00:00+00:00,77497.0703125,77506.6015625,77324.5703125,77371.90625,0
2026-04-25 21:00:00+00:00,77555.4921875,77555.4921875,77434.25,77498.2109375,0
2026-04-25 22:00:00+00:00,77575.2734375,77662.2578125,77519.5234375,77548.8984375,0
2026-04-25 23:00:00+00:00,77650.7109375,77666.4765625,77545.7734375,77577.96875,643072
2026-04-26 00:00:00+00:00,77520.34375,77663.84375,77468.3984375,77650.7265625,0
2026-04-26 01:00:00+00:00,77477.4609375,77591.6796875,77471.8515625,77544.75,0
2026-04-26 02:00:00+00:00,77545.703125,77620.5390625,77471.84375,77471.8515625,0
2026-04-26 03:00:00+00:00,77408.0078125,77564.5234375,77346.4375,77544.2578125,0
2026-04-26 04:00:00+00:00,77790.6328125,77838.0078125,77394.8828125,77400.0234375,0
2026-04-26 05:00:00+00:00,78004.96875,78212.609375,77736.0,77790.0625,938505216
2026-04-26 06:00:00+00:00,78019.1875,78073.90625,77918.3203125,78025.0078125,0
2026-04-26 07:00:00+00:00,78126.3125,78146.0,77985.6171875,78039.6796875,199276544
2026-04-26 08:00:00+00:00,78050.0078125,78232.84375,78045.2265625,78135.671875,146167808
2026-04-26 09:00:00+00:00,78026.90625,78081.28125,77941.9765625,78039.9375,110282752
2026-04-26 10:00:00+00:00,78024.640625,78077.0625,77975.4375,78018.09375,0
2026-04-26 11:00:00+00:00,78118.0,78175.84375,78024.6328125,78024.6328125,0
2026-04-26 12:00:00+00:00,77850.8125,78135.21875,77787.9375,78118.0078125,137375744
2026-04-26 13:00:00+00:00,77993.7421875,78000.0,77818.109375,77851.7421875,366237696
2026-04-26 14:00:00+00:00,78108.3828125,78189.640625,77893.4375,77975.71875,190869504
2026-04-26 15:00:00+00:00,78073.1328125,78146.71875,78014.8125,78123.0390625,0
2026-04-26 16:00:00+00:00,77955.8203125,78112.296875,77955.8203125,78084.390625,0
2026-04-26 17:00:00+00:00,78037.4609375,78077.109375,77872.4765625,77931.3671875,344146944
2026-04-26 18:00:00+00:00,78301.9921875,78330.0625,78010.0,78054.046875,413807616
2026-04-26 19:00:00+00:00,78258.0,78519.9921875,78050.0078125,78318.546875,636866560
2026-04-26 20:00:00+00:00,78228.578125,78402.203125,78180.0625,78274.03125,237776896
2026-04-26 21:00:00+00:00,78437.9609375,78918.65625,77891.046875,78230.078125,558198784
2026-04-26 22:00:00+00:00,78333.2421875,78871.3203125,78037.78125,78388.2890625,2111141888
2026-04-26 23:00:00+00:00,78664.640625,78874.9921875,78059.0,78296.890625,752857088
2026-04-27 00:00:00+00:00,79277.9921875,79388.0078125,78425.9921875,78673.828125,1541167104
2026-04-27 01:00:00+00:00,79295.421875,79492.140625,78768.59375,79389.1484375,2230464512
2026-04-27 02:00:00+00:00,79150.0,79313.21875,79051.28125,79307.859375,807475200
2026-04-27 03:00:00+00:00,79120.0234375,79329.84375,79091.8671875,79123.4375,590821376
2026-04-27 04:00:00+00:00,78942.0234375,79175.90625,78893.9375,79124.3828125,243953664
2026-04-27 05:00:00+00:00,77798.7109375,78959.7734375,77599.34375,78959.7734375,1914812416
2026-04-27 06:00:00+00:00,77707.9765625,77879.1328125,77493.0078125,77779.5078125,967970816
2026-04-27 07:00:00+00:00,77621.2109375,77749.109375,77572.0078125,77695.0,735031296
2026-04-27 08:00:00+00:00,77811.5625,77822.5078125,77565.171875,77608.3828125,513406976
2026-04-27 09:00:00+00:00,77902.453125,77989.3984375,77706.421875,77815.9609375,714866688
2026-04-27 10:00:00+00:00,77857.453125,77948.453125,77792.4765625,77890.6875,402022400
2026-04-27 11:00:00+00:00,77847.890625,77896.9609375,77745.0078125,77851.7109375,231636992
2026-04-27 12:00:00+00:00,77671.0390625,77878.0,77620.0,77845.3203125,144779264
2026-04-27 13:00:00+00:00,77750.0,77961.3828125,77576.78125,77658.7578125,685049856
2026-04-27 14:00:00+00:00,77813.84375,78277.2265625,77675.5234375,77749.96875,831911936
2026-04-27 15:00:00+00:00,76789.5390625,77838.4921875,76581.109375,77826.3125,3476070400
2026-04-27 16:00:00+00:00,76610.0078125,76857.9765625,76536.640625,76748.9296875,1258008576
2026-04-27 17:00:00+00:00,76721.2265625,76915.203125,76623.3984375,76629.7734375,868204544
2026-04-27 18:00:00+00:00,76819.203125,76880.7578125,76647.0234375,76687.84375,89055232
2026-04-27 19:00:00+00:00,76884.4296875,76886.40625,76464.78125,76802.0234375,182620160
2026-04-27 20:00:00+00:00,76955.359375,77064.0390625,76836.3984375,76873.2734375,305152000
2026-04-27 21:00:00+00:00,76777.0,76980.5390625,76777.0,76938.2421875,0
2026-04-27 22:00:00+00:00,77058.296875,77076.4765625,76753.90625,76817.34375,0
2026-04-27 23:00:00+00:00,77364.421875,77444.40625,77007.046875,77026.5625,0
2026-04-28 00:00:00+00:00,77381.796875,77478.9765625,77213.953125,77380.9375,0
2026-04-28 01:00:00+00:00,77088.4921875,77399.6796875,77043.71875,77364.4765625,0
2026-04-28 02:00:00+00:00,76888.0234375,77226.2421875,76677.6171875,77103.5625,0
2026-04-28 03:00:00+00:00,76809.3125,76894.71875,76677.6171875,76876.0390625,0
2026-04-28 04:00:00+00:00,76885.2109375,76952.84375,76707.828125,76804.9765625,0
2026-04-28 05:00:00+00:00,76881.7890625,77147.0390625,76808.0,76900.5625,0
2026-04-28 06:00:00+00:00,76696.3203125,77029.390625,76584.96875,76903.6796875,0
2026-04-28 07:00:00+00:00,76872.953125,76914.2421875,76442.0,76702.9921875,326801408
2026-04-28 08:00:00+00:00,76856.0,76998.4765625,76737.03125,76879.7578125,719095808
2026-04-28 09:00:00+00:00,76587.2421875,76867.4296875,76485.1796875,76852.1171875,0
2026-04-28 10:00:00+00:00,76602.25,76686.46875,76476.8125,76580.6484375,0
2026-04-28 11:00:00+00:00,76221.59375,76636.546875,76122.4765625,76608.34375,1290969088
2026-04-28 12:00:00+00:00,76383.4921875,76420.5390625,76162.3125,76250.0,713492480
2026-04-28 13:00:00+00:00,76183.671875,76415.046875,75978.2421875,76362.0,818876416
2026-04-28 14:00:00+00:00,75940.0,76196.640625,75653.7578125,76170.3671875,288567296
2026-04-28 15:00:00+00:00,76052.296875,76071.828125,75828.4765625,75943.28125,0
2026-04-28 16:00:00+00:00,76109.28125,76180.0,75865.5703125,76034.390625,0
2026-04-28 17:00:00+00:00,76166.7890625,76249.9921875,75939.1015625,76102.1171875,0
2026-04-28 18:00:00+00:00,76220.671875,76264.3984375,76111.0078125,76161.171875,831488
2026-04-28 19:00:00+00:00,76324.8671875,76379.96875,76045.078125,76220.671875,0
2026-04-28 20:00:00+00:00,76461.9921875,76478.328125,76321.453125,76338.2109375,13672448
2026-04-28 21:00:00+00:00,76349.5234375,76483.2734375,76265.671875,76466.0625,54958080
2026-04-28 22:00:00+00:00,76229.796875,76439.75,76206.0078125,76384.8515625,0
2026-04-28 23:00:00+00:00,76315.90625,76349.5625,76176.5,76219.1875,690176
2026-04-29 00:00:00+00:00,76502.3515625,76536.71875,76255.9921875,76316.65625,0
2026-04-29 01:00:00+00:00,76544.703125,76627.71875,76166.578125,76486.8125,427184128
2026-04-29 02:00:00+00:00,76508.640625,76642.6328125,76383.6875,76568.0,0
2026-04-29 03:00:00+00:00,76986.0,77105.7890625,76496.1796875,76509.28125,0
2026-04-29 04:00:00+00:00,77260.5625,77441.1015625,76879.8125,76996.4375,1264224256
2026-04-29 05:00:00+00:00,77280.359375,77314.8828125,77188.796875,77266.796875,204812288
2026-04-29 06:00:00+00:00,77016.0,77318.28125,76921.5703125,77276.1484375,118614016
2026-04-29 07:00:00+00:00,77034.0390625,77163.8515625,76998.5,77026.546875,0
2026-04-29 08:00:00+00:00,77029.4375,77141.890625,76947.703125,77047.09375,0
2026-04-29 09:00:00+00:00,77646.2421875,77790.2421875,76948.9921875,77023.34375,679464960
2026-04-29 10:00:00+00:00,77618.0,77898.53125,77560.7578125,77686.546875,1461803008
2026-04-29 11:00:00+00:00,77581.9296875,77685.0,77478.796875,77613.6328125,0
2026-04-29 12:00:00+00:00,77122.0078125,77597.2265625,76992.65625,77587.328125,780689408
2026-04-29 13:00:00+00:00,76751.5,77221.0,76445.9921875,77116.5078125,0
2026-04-29 14:00:00+00:00,76545.2109375,76848.421875,76467.5390625,76753.7890625,0
2026-04-29 15:00:00+00:00,75897.671875,76613.5625,75675.8515625,76542.96875,859480064
2026-04-29 16:00:00+00:00,75766.9375,76098.25,75668.5,75815.7421875,1240072192
2026-04-29 17:00:00+00:00,76127.9609375,76133.9921875,75773.75,75779.46875,226410496
2026-04-29 18:00:00+00:00,75483.8203125,76224.7734375,74938.1484375,76224.7734375,2440900608
2026-04-29 19:00:00+00:00,75528.6171875,75564.71875,75270.8125,75487.0078125,657162240
2026-04-29 20:00:00+00:00,75644.46875,75819.921875,75454.8984375,75523.2578125,626184192
2026-04-29 21:00:00+00:00,75902.5390625,76031.5,75580.671875,75642.453125,269643776
2026-04-29 22:00:00+00:00,75893.2890625,75975.109375,75790.6484375,75883.59375,208756736
2026-04-29 23:00:00+00:00,75752.8671875,75962.4296875,75685.171875,75900.0390625,295948288
2026-04-30 00:00:00+00:00,76232.5625,76305.671875,75625.34375,75800.7265625,17805312
2026-04-30 01:00:00+00:00,76212.84375,76429.21875,76148.3671875,76205.90625,0
2026-04-30 02:00:00+00:00,75673.171875,76327.1796875,75475.40625,76218.140625,588283904
2026-04-30 03:00:00+00:00,75901.8203125,75972.4921875,75650.8515625,75663.7265625,0
2026-04-30 04:00:00+00:00,75456.2578125,75937.953125,75378.5625,75902.859375,0
2026-04-30 05:00:00+00:00,75567.8984375,75725.328125,75315.0390625,75455.09375,4648960
2026-04-30 06:00:00+00:00,75726.171875,75842.7421875,75543.0625,75577.46875,0
2026-04-30 07:00:00+00:00,76134.328125,76146.546875,75683.9375,75724.9765625,0
2026-04-30 08:00:00+00:00,76035.7421875,76176.328125,75991.078125,76147.90625,0
2026-04-30 09:00:00+00:00,76071.859375,76321.421875,75980.9765625,76023.7578125,0
2026-04-30 10:00:00+00:00,75994.2890625,76137.1484375,75949.9921875,76077.046875,0
2026-04-30 11:00:00+00:00,76039.6015625,76206.0078125,75848.0,76013.0390625,0
2026-04-30 12:00:00+00:00,76274.5703125,76390.0078125,76016.5,76031.1875,122880
2026-04-30 13:00:00+00:00,76381.9921875,76614.0,76073.9921875,76302.4609375,0
2026-04-30 14:00:00+00:00,76268.0,76552.546875,76055.1484375,76385.8984375,0
2026-04-30 15:00:00+00:00,76438.84375,76625.03125,76124.359375,76267.6328125,0
2026-04-30 16:00:00+00:00,76222.7578125,76452.21875,76183.3828125,76437.25,0
2026-04-30 17:00:00+00:00,76210.4296875,76296.7421875,76073.8125,76208.703125,0
2026-04-30 18:00:00+00:00,76314.9765625,76444.4375,76175.9921875,76214.3671875,0
2026-04-30 19:00:00+00:00,76399.5078125,76495.328125,76280.078125,76315.0,0
2026-04-30 20:00:00+00:00,76461.5,76538.6875,76291.96875,76380.03125,0
2026-04-30 21:00:00+00:00,76207.90625,76507.2109375,76207.90625,76450.3125,0
2026-04-30 22:00:00+00:00,76205.359375,76418.40625,76167.90625,76234.5390625,0
2026-04-30 23:00:00+00:00,76296.7265625,76343.0078125,76183.96875,76205.359375,2476032
2026-05-01 00:00:00+00:00,76423.2421875,76559.0625,76280.59375,76295.7265625,0
2026-05-01 01:00:00+00:00,76650.75,76746.203125,76415.3515625,76424.6328125,0
2026-05-01 02:00:00+00:00,76566.4609375,76711.0234375,76506.296875,76670.9921875,0
2026-05-01 03:00:00+00:00,77091.84375,77406.7890625,76523.203125,76551.9921875,1207324672
2026-05-01 04:00:00+00:00,77004.9921875,77175.53125,76946.828125,77109.7265625,343830528
2026-05-01 05:00:00+00:00,77140.578125,77160.140625,76999.78125,77011.171875,0
2026-05-01 06:00:00+00:00,76971.9921875,77161.328125,76861.6796875,77144.8125,0
2026-05-01 07:00:00+00:00,77108.0234375,77119.2734375,76930.0,76953.9921875,193923072
2026-05-01 08:00:00+00:00,77358.3984375,77489.828125,77022.546875,77097.5,666892288
2026-05-01 09:00:00+00:00,77266.0,77383.203125,77185.6015625,77366.890625,0
2026-05-01 10:00:00+00:00,77280.046875,77413.578125,77140.0078125,77250.0078125,37529600
2026-05-01 11:00:00+00:00,77452.7265625,77574.7265625,77246.3984375,77292.0,614119424
2026-05-01 12:00:00+00:00,77889.2734375,78151.96875,77392.0078125,77466.34375,561227776
2026-05-01 13:00:00+00:00,78759.96875,78940.40625,77894.96875,77894.96875,1674403840
2026-05-01 14:00:00+00:00,78364.2734375,78888.6484375,78065.1015625,78780.0,1997266944
2026-05-01 15:00:00+00:00,78445.1171875,78742.4375,78189.9765625,78355.6796875,1112219648
2026-05-01 16:00:00+00:00,78202.9296875,78691.0,78157.0234375,78476.2890625,1083469824
2026-05-01 17:00:00+00:00,78550.0,78596.296875,78125.328125,78190.84375,402960384
2026-05-01 18:00:00+00:00,78436.171875,78627.03125,78375.0078125,78575.0,349507584
2026-05-01 19:00:00+00:00,78373.9765625,78552.9765625,78310.1875,78455.7578125,116981760
2026-05-01 20:00:00+00:00,77872.8125,78419.25,77750.203125,78398.8203125,461291520
2026-05-01 21:00:00+00:00,78207.0390625,78207.0390625,77856.9296875,77872.8125,430862336
2026-05-01 22:00:00+00:00,78146.6796875,78417.421875,78130.578125,78207.7109375,145272832
2026-05-01 23:00:00+00:00,78234.046875,78234.046875,78032.0625,78132.1171875,0
2026-05-02 00:00:00+00:00,78346.0234375,78391.3828125,78168.0,78234.390625,0
2026-05-02 01:00:00+00:00,78348.0078125,78442.0,78292.890625,78320.0,0
2026-05-02 02:00:00+00:00,78358.09375,78479.7109375,78258.28125,78324.03125,0
2026-05-02 03:00:00+00:00,78409.6328125,78508.9609375,78244.4375,78365.171875,0
2026-05-02 04:00:00+00:00,78179.3828125,78443.546875,78144.859375,78419.3984375,0
2026-05-02 05:00:00+00:00,78175.7421875,78236.71875,78034.28125,78176.5078125,73678848
2026-05-02 06:00:00+00:00,78324.0234375,78347.9921875,78142.90625,78180.203125,0
2026-05-02 07:00:00+00:00,78211.6484375,78348.2265625,78200.0078125,78318.0078125,0
2026-05-02 08:00:00+00:00,78313.6328125,78356.7109375,78163.8125,78220.2109375,0
2026-05-02 09:00:00+00:00,78299.7890625,78392.40625,78234.078125,78324.0078125,0
2026-05-02 10:00:00+00:00,78249.9765625,78317.09375,78221.6015625,78299.796875,0
2026-05-02 11:00:00+00:00,78147.0390625,78234.0625,78093.1015625,78223.6875,0
2026-05-02 12:00:00+00:00,78213.15625,78266.9296875,78099.0703125,78147.0703125,0
2026-05-02 13:00:00+00:00,78364.6796875,78414.8671875,78224.3828125,78224.3828125,0
2026-05-02 14:00:00+00:00,78415.34375,78478.0,78305.0,78367.8125,0
2026-05-02 15:00:00+00:00,78483.5234375,78486.4921875,78362.09375,78424.1015625,0
2026-05-02 16:00:00+00:00,78446.03125,78588.4375,78417.9921875,78483.53125,0
2026-05-02 17:00:00+00:00,78393.078125,78479.71875,78362.0,78450.0,0
2026-05-02 18:00:00+00:00,78456.0078125,78481.75,78308.0,78380.5703125,0
2026-05-02 19:00:00+00:00,78471.78125,78521.2421875,78431.28125,78461.828125,0
2026-05-02 20:00:00+00:00,78458.671875,78487.7421875,78415.8671875,78487.7421875,0
2026-05-02 21:00:00+00:00,78724.6875,79135.5390625,78450.0,78474.9765625,134771712
2026-05-02 22:00:00+00:00,78833.9765625,78874.1171875,78605.2890625,78724.6875,0
2026-05-02 23:00:00+00:00,78682.3125,78829.1171875,78625.1328125,78818.8125,214629376
2026-05-03 00:00:00+00:00,78551.7109375,78732.7109375,78499.4765625,78682.3125,0
2026-05-03 01:00:00+00:00,78250.0,78551.7109375,78155.6875,78551.703125,283268096
2026-05-03 02:00:00+00:00,78162.8671875,78296.328125,78106.03125,78222.0,0
2026-05-03 03:00:00+00:00,78196.0234375,78213.2890625,78103.75,78151.2890625,0
2026-05-03 04:00:00+00:00,78164.859375,78230.6015625,78107.2734375,78192.5234375,0
2026-05-03 05:00:00+00:00,78239.859375,78252.7421875,78149.4921875,78149.4921875,0
2026-05-03 06:00:00+00:00,78281.171875,78335.9609375,78074.9765625,78234.8515625,0
2026-05-03 07:00:00+00:00,78357.6328125,78444.7578125,78282.5,78288.34375,62702592
2026-05-03 08:00:00+00:00,78379.390625,78482.2578125,78357.2109375,78357.6328125,0
2026-05-03 09:00:00+00:00,78532.4375,78599.9921875,78337.921875,78390.453125,137833472
2026-05-03 10:00:00+00:00,78404.7734375,78528.421875,78400.15625,78526.0234375,6814720
2026-05-03 11:00:00+00:00,78656.859375,78834.0,78379.3828125,78394.5625,305209344
2026-05-03 12:00:00+00:00,78746.1328125,78873.0,78666.453125,78666.453125,355499008
2026-05-03 13:00:00+00:00,78652.7265625,78768.0390625,78581.5390625,78749.6015625,0
2026-05-03 14:00:00+00:00,78719.9921875,78776.9921875,78600.0234375,78661.6328125,426572800
2026-05-03 15:00:00+00:00,78656.84375,78800.0,78620.8203125,78721.859375,209195008
2026-05-03 16:00:00+00:00,78650.53125,78772.25,78580.28125,78656.84375,0
2026-05-03 17:00:00+00:00,78721.359375,78816.546875,78570.0,78642.3515625,301377536
2026-05-03 18:00:00+00:00,78732.28125,78753.6875,78625.046875,78728.84375,0
2026-05-03 19:00:00+00:00,78753.171875,78842.078125,78666.5625,78732.2734375,794668032
2026-05-03 20:00:00+00:00,78920.4375,79225.2734375,78720.4765625,78746.140625,972775424
2026-05-03 21:00:00+00:00,78822.53125,79057.5390625,78655.9921875,78922.59375,0
2026-05-03 22:00:00+00:00,79170.75,79428.6015625,78838.5078125,78869.296875,1317132288
2026-05-03 23:00:00+00:00,78558.8828125,79285.9296875,78488.6796875,79162.546875,958326784
2026-05-04 00:00:00+00:00,78537.4296875,78560.2578125,78274.921875,78546.0625,521918464
2026-05-04 01:00:00+00:00,79756.453125,79772.953125,78403.5703125,78543.53125,684986368
2026-05-04 02:00:00+00:00,80171.7265625,80399.9921875,79542.703125,79847.9921875,4763453440
2026-05-04 03:00:00+00:00,80308.609375,80404.1484375,79912.3515625,80172.296875,1897148416
2026-05-04 04:00:00+00:00,80320.453125,80600.0,80224.703125,80325.5,2451281920
2026-05-04 05:00:00+00:00,80013.5703125,80393.90625,79957.1484375,80327.8671875,1487013888
2026-05-04 06:00:00+00:00,79859.6328125,80038.2578125,79477.3125,80003.5078125,1301686272
2026-05-04 07:00:00+00:00,79685.78125,79933.296875,79661.453125,79853.71875,652109824
2026-05-04 08:00:00+00:00,79692.8203125,79788.9921875,79582.3125,79673.28125,970659840
2026-05-04 09:00:00+00:00,79817.5,79909.0234375,79626.03125,79684.3984375,346071040
2026-05-04 10:00:00+00:00,78935.2109375,79861.5234375,78217.8984375,79861.5234375,5928157184
2026-05-04 11:00:00+00:00,78782.953125,79128.53125,78694.46875,78925.2578125,793022464
2026-05-04 12:00:00+00:00,78852.0390625,79020.1328125,78706.0,78780.0,204304384
2026-05-04 13:00:00+00:00,78774.7265625,79108.4921875,78574.671875,78809.5,1260236800
2026-05-04 14:00:00+00:00,80229.578125,80532.7109375,78491.0,78780.03125,2607038464
2026-05-04 15:00:00+00:00,80038.3125,80377.4921875,79355.03125,80225.8203125,4437479424
2026-05-04 16:00:00+00:00,80027.5078125,80408.609375,79615.171875,80027.21875,2748063744
2026-05-04 17:00:00+00:00,80381.53125,80740.4375,80028.0703125,80049.4609375,1107513344
2026-05-04 18:00:00+00:00,80108.8984375,80434.7890625,80023.8671875,80409.0078125,1315532800
2026-05-04 19:00:00+00:00,80049.5703125,80137.0078125,79880.5,80101.5703125,414932992
2026-05-04 20:00:00+00:00,79935.828125,80162.0,79891.640625,80015.0,0
2026-05-04 21:00:00+00:00,80260.0703125,80358.9609375,79950.4765625,79950.4765625,0
2026-05-04 22:00:00+00:00,80059.6875,80393.5625,80039.359375,80243.2890625,0
2026-05-04 23:00:00+00:00,79841.1171875,80047.2421875,79738.796875,80047.2421875,1425408
2026-05-05 00:00:00+00:00,80163.9921875,80181.9375,79789.5,79852.359375,0
2026-05-05 01:00:00+00:00,80345.9921875,80377.71875,80066.2890625,80174.5,0
2026-05-05 02:00:00+00:00,80547.7421875,80897.0078125,80298.859375,80337.1875,0
2026-05-05 03:00:00+00:00,80882.140625,81077.6328125,80448.046875,80549.96875,0
2026-05-05 04:00:00+00:00,80900.3203125,80966.0,80717.8671875,80891.9921875,0
2026-05-05 05:00:00+00:00,80965.546875,81304.171875,80829.0234375,80885.0,0
2026-05-05 06:00:00+00:00,80968.9921875,81007.5,80787.6171875,80975.9921875,0
2026-05-05 07:00:00+00:00,80863.140625,81134.1796875,80831.171875,80968.9921875,327839744
2026-05-05 08:00:00+00:00,80817.96875,80889.453125,80717.9765625,80848.7265625,64311296
2026-05-05 09:00:00+00:00,80585.84375,80813.0,80520.953125,80813.0,392527872
2026-05-05 10:00:00+00:00,80833.703125,80847.0390625,80520.0,80573.7734375,0
2026-05-05 11:00:00+00:00,81024.9375,81113.7109375,80790.0,80844.0,0
2026-05-05 12:00:00+00:00,81284.0078125,81328.2109375,80934.890625,81020.5234375,414920704
2026-05-05 13:00:00+00:00,81343.1796875,81713.0390625,81205.0,81284.671875,1885220864
2026-05-05 14:00:00+00:00,81342.2265625,81503.96875,80954.546875,81338.8203125,0
2026-05-05 15:00:00+00:00,81553.6796875,81710.09375,81237.328125,81329.53125,0
2026-05-05 16:00:00+00:00,81297.921875,81619.34375,81056.2109375,81606.0078125,0
2026-05-05 17:00:00+00:00,81276.7109375,81464.578125,81200.640625,81278.5078125,0
2026-05-05 18:00:00+00:00,81519.1328125,81607.0,81286.5703125,81286.5703125,0
2026-05-05 19:00:00+00:00,81617.7265625,81696.0,81413.0703125,81519.1328125,0
2026-05-05 20:00:00+00:00,81644.03125,81768.1015625,81526.0,81610.1796875,441286656
2026-05-05 21:00:00+00:00,81410.0390625,81770.453125,81307.9921875,81650.0078125,538083328
2026-05-05 22:00:00+00:00,81116.9375,81612.578125,80839.3515625,81486.0234375,962576384
2026-05-05 23:00:00+00:00,80907.7265625,81215.9921875,80792.203125,81113.1015625,349544448
2026-05-06 00:00:00+00:00,81014.921875,81244.84375,80725.2890625,80884.8125,470372352
2026-05-06 01:00:00+00:00,81428.9765625,81488.8203125,80973.71875,81011.0625,429518848
2026-05-06 02:00:00+00:00,81355.4921875,81437.3125,81036.90625,81437.3125,0
2026-05-06 03:00:00+00:00,81576.2578125,81743.328125,81349.453125,81358.5234375,0
2026-05-06 04:00:00+00:00,81331.046875,81634.796875,81265.6328125,81579.171875,0
2026-05-06 05:00:00+00:00,81319.140625,81336.0,81054.28125,81316.1171875,0
2026-05-06 06:00:00+00:00,81472.953125,81517.8984375,81202.796875,81306.9765625,198524928
2026-05-06 07:00:00+00:00,81370.0,81606.0,81306.0,81497.90625,0
2026-05-06 08:00:00+00:00,81956.6875,81984.0,81318.1015625,81350.828125,832966656
2026-05-06 09:00:00+00:00,81998.40625,82059.8515625,81685.4296875,81966.84375,1236283392
2026-05-06 10:00:00+00:00,82285.2734375,82382.09375,81965.2578125,82022.4296875,1085046784
2026-05-06 11:00:00+00:00,82522.03125,82814.21875,82261.7109375,82261.7109375,1632116736
2026-05-06 12:00:00+00:00,82223.59375,82535.96875,82157.2421875,82512.5390625,342368256
2026-05-06 13:00:00+00:00,81666.0703125,82209.921875,81607.953125,82196.5703125,0
2026-05-06 14:00:00+00:00,81515.4296875,81962.8515625,81137.640625,81658.9296875,1121538048
2026-05-06 15:00:00+00:00,81699.078125,81809.3515625,81300.0,81534.9921875,174989312
2026-05-06 16:00:00+00:00,81622.3828125,81863.6015625,81419.46875,81705.2890625,0
2026-05-06 17:00:00+00:00,81447.8984375,81706.703125,81375.0078125,81615.46875,229330944
2026-05-06 18:00:00+00:00,81347.828125,81554.5390625,81269.0390625,81456.3125,278974464
2026-05-06 19:00:00+00:00,81461.6015625,81510.0,81190.8671875,81353.3671875,48132096
2026-05-06 20:00:00+00:00,81425.8984375,81705.328125,81302.8203125,81463.3984375,0
2026-05-06 21:00:00+00:00,81542.0078125,81625.21875,81304.53125,81434.8203125,0
2026-05-06 22:00:00+00:00,81339.671875,81534.828125,81234.0078125,81534.828125,0
2026-05-06 23:00:00+00:00,81438.109375,81447.8125,81005.9921875,81328.5,0
2026-05-07 00:00:00+00:00,81014.2265625,81482.9765625,80996.0078125,81416.3984375,0
2026-05-07 01:00:00+00:00,81174.359375,81280.0,80893.5,81022.046875,0
2026-05-07 02:00:00+00:00,81118.6015625,81165.6796875,80890.2421875,81165.6796875,148107264
2026-05-07 03:00:00+00:00,80841.9921875,81108.25,80830.859375,81086.9921875,0
2026-05-07 04:00:00+00:00,80974.0078125,80983.2265625,80756.3515625,80845.3828125,0
2026-05-07 05:00:00+00:00,81086.9921875,81162.5,80958.0234375,80973.9765625,0
2026-05-07 06:00:00+00:00,81443.1328125,81443.1328125,80879.1484375,81075.6328125,0
2026-05-07 07:00:00+00:00,81517.796875,81708.0625,81392.6328125,81442.2265625,318640128
2026-05-07 08:00:00+00:00,81211.4921875,81591.8984375,81194.15625,81521.453125,0
2026-05-07 09:00:00+00:00,80914.5,81220.0,80843.5625,81220.0,0
2026-05-07 10:00:00+00:00,80837.1171875,80982.7109375,80564.140625,80900.0,0
2026-05-07 11:00:00+00:00,80857.34375,81034.0,80780.34375,80851.7265625,0
2026-05-07 12:00:00+00:00,81160.8515625,81192.4609375,80825.1015625,80844.3984375,0
2026-05-07 13:00:00+00:00,80492.65625,81170.609375,80256.40625,81146.5234375,0
2026-05-07 14:00:00+00:00,80154.8203125,80684.953125,80027.9609375,80502.2265625,0
2026-05-07 15:00:00+00:00,79868.4296875,80267.3203125,79733.640625,80129.6796875,1249581056
2026-05-07 16:00:00+00:00,79778.453125,80003.7109375,79692.0,79865.25,1029238784
2026-05-07 17:00:00+00:00,80091.1796875,80126.90625,79493.0625,79787.0,508534784
2026-05-07 18:00:00+00:00,80203.7578125,80282.0,79999.171875,80083.6484375,233508864
2026-05-07 19:00:00+00:00,80124.5,80216.96875,79920.0078125,80185.0078125,146276352
2026-05-07 20:00:00+00:00,79873.28125,80330.6796875,79848.8828125,80161.9921875,0
2026-05-07 21:00:00+00:00,79723.28125,79922.2890625,79643.7734375,79876.140625,261349376
2026-05-07 22:00:00+00:00,79907.390625,79978.0703125,79573.296875,79695.9765625,413900800
2026-05-07 23:00:00+00:00,79996.28125,80059.5,79857.9609375,79882.34375,14422016
2026-05-08 00:00:00+00:00,79821.4765625,80124.5,79739.8828125,80027.9921875,0
2026-05-08 01:00:00+00:00,79642.8984375,79888.1796875,79612.5625,79843.5703125,0
2026-05-08 03:00:00+00:00,79549.8828125,79614.203125,79248.484375,79248.484375,2175139840
2026-05-08 04:00:00+00:00,79644.078125,79706.40625,79531.2734375,79552.4765625,0
2026-05-08 05:00:00+00:00,79624.6171875,79738.46875,79581.25,79633.0078125,0
2026-05-08 06:00:00+00:00,79469.921875,79625.015625,79412.0390625,79589.03125,528748544
2026-05-08 07:00:00+00:00,79637.5390625,79699.7734375,79245.3671875,79480.0859375,429527040
2026-05-08 08:00:00+00:00,79928.9453125,79956.3515625,79642.703125,79642.703125,233136128
2026-05-08 09:00:00+00:00,79850.6015625,80005.6484375,79788.9765625,79876.484375,0
2026-05-08 10:00:00+00:00,80208.25,80208.6953125,79789.21875,79860.265625,0
2026-05-08 11:00:00+00:00,80224.609375,80303.6875,80134.1015625,80205.53125,438759424
2026-05-08 12:00:00+00:00,80020.046875,80460.75,79961.578125,80220.7265625,367104000
2026-05-08 13:00:00+00:00,79599.1171875,80093.09375,79525.53125,80024.7734375,0
2026-05-08 14:00:00+00:00,80134.421875,80391.0703125,79632.0390625,79633.0390625,0
2026-05-08 15:00:00+00:00,80124.25,80187.5625,79602.40625,80132.1484375,0
2026-05-08 16:00:00+00:00,79777.0390625,80165.3203125,79720.796875,80150.3203125,0
2026-05-08 17:00:00+00:00,80046.859375,80259.7421875,79716.296875,79761.9921875,157646848
2026-05-08 18:00:00+00:00,80075.6796875,80294.75,80063.84375,80063.84375,92106752
2026-05-08 19:00:00+00:00,80101.3125,80128.2109375,79962.9609375,80066.5,0
2026-05-08 20:00:00+00:00,80129.0625,80284.078125,80077.703125,80121.3671875,0
2026-05-08 21:00:00+00:00,80258.171875,80261.359375,80104.703125,80147.7421875,116869120
2026-05-08 22:00:00+00:00,80270.1171875,80418.7890625,80227.703125,80227.703125,0
2026-05-08 23:00:00+00:00,80188.8203125,80289.1171875,80100.2578125,80265.3515625,419674112
2026-05-09 00:00:00+00:00,80230.2265625,80238.0,80116.9765625,80188.3828125,0
2026-05-09 01:00:00+00:00,80318.2578125,80436.2265625,80219.5,80219.5,0
2026-05-09 02:00:00+00:00,80407.296875,80472.3515625,80321.09375,80321.09375,0
2026-05-09 03:00:00+00:00,80380.296875,80518.6328125,80305.0,80410.6328125,0
2026-05-09 04:00:00+00:00,80385.0625,80647.1015625,80366.140625,80385.0625,25501696
2026-05-09 05:00:00+00:00,80374.0,80480.9921875,80345.9296875,80383.8515625,0
2026-05-09 06:00:00+00:00,80248.1328125,80425.578125,80190.1328125,80374.0,0
2026-05-09 07:00:00+00:00,80214.859375,80296.609375,80133.59375,80250.953125,0
2026-05-09 08:00:00+00:00,80399.9921875,80434.6171875,80204.46875,80214.8671875,0
2026-05-09 09:00:00+00:00,80236.7421875,80406.1328125,80200.0078125,80400.0,0
2026-05-09 10:00:00+00:00,80259.3203125,80330.890625,80160.0,80236.7421875,0
2026-05-09 11:00:00+00:00,80330.5,80365.9609375,80241.7265625,80249.609375,0
2026-05-09 12:00:00+00:00,80400.0078125,80411.21875,80257.65625,80315.96875,0
2026-05-09 13:00:00+00:00,80391.53125,80422.7890625,80306.796875,80393.59375,0
2026-05-09 14:00:00+00:00,80325.34375,80416.25,80241.3828125,80391.5234375,0
2026-05-09 15:00:00+00:00,80523.953125,80590.4921875,80220.796875,80314.21875,0
2026-05-09 16:00:00+00:00,80609.296875,80761.1875,80478.3828125,80556.21875,0
2026-05-09 17:00:00+00:00,80795.453125,80906.7421875,80609.296875,80609.296875,0
2026-05-09 18:00:00+00:00,80898.40625,81061.9609375,80773.703125,80815.4296875,0
2026-05-09 19:00:00+00:00,80933.4375,80950.71875,80769.0,80905.2421875,0
2026-05-09 20:00:00+00:00,80797.421875,80939.0078125,80731.203125,80939.0078125,0
2026-05-09 21:00:00+00:00,80767.34375,80882.546875,80732.0,80808.7421875,0
2026-05-09 22:00:00+00:00,80757.0,80812.4765625,80661.0,80767.34375,0
2026-05-09 23:00:00+00:00,80658.9765625,80829.859375,80605.9765625,80743.2578125,0
2026-05-10 00:00:00+00:00,80658.9609375,80758.296875,80609.7421875,80653.4609375,22407168
2026-05-10 01:00:00+00:00,80664.0,80675.2109375,80552.7265625,80658.9609375,0
2026-05-10 02:00:00+00:00,80765.0234375,80774.703125,80586.7265625,80659.9375,0
2026-05-10 03:00:00+00:00,80752.2265625,80871.671875,80693.8203125,80759.453125,0
2026-05-10 04:00:00+00:00,80747.1171875,80830.5390625,80716.0703125,80757.4609375,0
2026-05-10 05:00:00+00:00,80679.9921875,80801.40625,80673.6328125,80739.0078125,0
2026-05-10 06:00:00+00:00,80724.0625,80748.0,80635.7421875,80684.1015625,0
2026-05-10 07:00:00+00:00,80725.8515625,80794.0,80713.1484375,80731.5390625,0
2026-05-10 08:00:00+00:00,80818.9921875,80891.8671875,80704.8125,80722.9609375,0
2026-05-10 09:00:00+00:00,80794.0234375,80896.75,80734.2265625,80827.5234375,0
2026-05-10 10:00:00+00:00,80848.0625,80871.3984375,80676.0,80794.03125,70102016
2026-05-10 11:00:00+00:00,80790.0078125,80956.7734375,80737.21875,80859.9375,156567552
2026-05-10 12:00:00+00:00,80929.828125,80942.0,80765.3828125,80795.9921875,0
2026-05-10 13:00:00+00:00,80962.328125,80998.9921875,80853.5,80921.34375,12219392
2026-05-10 14:00:00+00:00,80988.4921875,80993.109375,80800.03125,80954.0234375,84151296
2026-05-10 15:00:00+00:00,81404.640625,81420.0,80922.140625,80987.7578125,697543680
2026-05-10 16:00:00+00:00,81357.2734375,81489.25,81175.6796875,81415.421875,486647808
2026-05-10 17:00:00+00:00,81471.421875,81567.9765625,81207.25,81360.0,361115648
2026-05-10 18:00:00+00:00,81268.5625,81486.53125,81210.8671875,81474.78125,478963712
2026-05-10 19:00:00+00:00,81425.140625,81475.9921875,81144.0,81265.5390625,275552256
2026-05-10 20:00:00+00:00,80724.0,81447.5625,80295.1015625,81435.0,1811384320
2026-05-10 21:00:00+00:00,80702.609375,80936.46875,80571.6875,80712.953125,874268672
2026-05-10 22:00:00+00:00,82034.53125,82147.9765625,80665.0,80665.0,2956120064
2026-05-10 23:00:00+00:00,82199.9921875,82448.0,82067.6171875,82068.7890625,2202535936
2026-05-11 00:00:00+00:00,81462.640625,82335.53125,81276.4765625,82218.15625,1581203456
2026-05-11 01:00:00+00:00,81483.71875,81719.75,81268.7890625,81468.65625,864929792
2026-05-11 02:00:00+00:00,81158.6171875,81546.921875,81100.8828125,81498.7578125,122085376
2026-05-11 03:00:00+00:00,80721.7578125,81164.328125,80508.46875,81158.6171875,1743525888
2026-05-11 04:00:00+00:00,80798.0,80854.53125,80619.84375,80704.1171875,289626112
2026-05-11 05:00:00+00:00,80809.9921875,80959.046875,80738.140625,80794.9375,141926400
2026-05-11 06:00:00+00:00,80814.078125,81025.46875,80743.5,80800.4375,519299072
2026-05-11 07:00:00+00:00,80721.78125,80820.0,80665.2890625,80810.8828125,559378432
2026-05-11 08:00:00+00:00,80754.8515625,80846.4609375,80595.3515625,80707.1328125,385521664
2026-05-11 09:00:00+00:00,80944.6484375,80987.6328125,80734.0,80734.0,247339008
2026-05-11 10:00:00+00:00,80927.28125,81187.0078125,80927.28125,80965.0,425041920
2026-05-11 11:00:00+00:00,81185.9921875,81185.9921875,80896.4921875,80927.2734375,124577792
2026-05-11 12:00:00+00:00,81027.9765625,81337.328125,81007.90625,81193.4765625,421584896
2026-05-11 13:00:00+00:00,81041.3671875,81311.5,80734.5078125,81037.3515625,1015132160
2026-05-11 14:00:00+00:00,80908.8671875,81222.1796875,80453.9375,81029.0078125,949366784
2026-05-11 15:00:00+00:00,81422.953125,81431.25,80789.7578125,80913.1171875,140636160
2026-05-11 16:00:00+00:00,81562.703125,81899.3671875,81319.9296875,81429.1796875,406462464
2026-05-11 17:00:00+00:00,81931.6015625,82024.0,81348.84375,81555.1171875,796422144
2026-05-11 18:00:00+00:00,81843.3203125,82131.171875,81821.3203125,81913.0234375,460042240
2026-05-11 19:00:00+00:00,81955.4296875,82084.1875,81722.1328125,81852.40625,384733184
2026-05-11 20:00:00+00:00,81812.203125,82068.6328125,81748.9921875,81969.28125,0
2026-05-11 21:00:00+00:00,81812.4609375,81898.046875,81580.0,81812.203125,0
2026-05-11 22:00:00+00:00,81813.03125,81955.4296875,81715.5390625,81831.203125,0
2026-05-11 23:00:00+00:00,81727.0625,81806.9609375,81606.46875,81791.828125,2289664
2026-05-12 00:00:00+00:00,81528.203125,81770.6171875,81462.390625,81715.28125,0
2026-05-12 01:00:00+00:00,81176.7265625,81603.953125,80697.9921875,81528.171875,313991168
2026-05-12 02:00:00+00:00,81235.0390625,81318.0,81075.1875,81167.109375,0
2026-05-12 03:00:00+00:00,81036.0078125,81272.7890625,81001.203125,81235.0390625,0
2026-05-12 04:00:00+00:00,81203.9765625,81282.0,80972.046875,81020.1484375,0
2026-05-12 05:00:00+00:00,81200.0078125,81288.828125,81165.03125,81205.6015625,0
2026-05-12 06:00:00+00:00,80997.0390625,81282.78125,80981.8203125,81194.90625,2777088
2026-05-12 07:00:00+00:00,80829.9375,81106.1328125,80819.1484375,80978.2109375,503228416
2026-05-12 08:00:00+00:00,80807.7578125,80937.1328125,80733.0625,80815.9609375,78776320
2026-05-12 09:00:00+00:00,80799.703125,80929.3125,80688.0,80801.25,337725440
2026-05-12 10:00:00+00:00,80643.390625,80805.0,80599.9765625,80799.703125,10246144
2026-05-12 11:00:00+00:00,80764.296875,80764.296875,80471.8984375,80664.0,464963584
2026-05-12 12:00:00+00:00,80862.5390625,80983.078125,80593.4765625,80755.3203125,659335168
2026-05-12 13:00:00+00:00,80432.2734375,80910.6484375,80385.9765625,80862.5390625,141676544
2026-05-12 14:00:00+00:00,80525.9765625,80880.0078125,80359.90625,80407.8125,559448064
2026-05-12 15:00:00+00:00,80295.5390625,80642.5703125,80143.65625,80518.28125,505669632
2026-05-12 16:00:00+00:00,79965.0078125,80393.296875,79819.75,80269.15625,79321088
2026-05-12 17:00:00+00:00,80493.796875,80562.9921875,79928.1875,80007.453125,120113152
2026-05-12 18:00:00+00:00,80649.09375,80731.1796875,80420.46875,80487.1015625,0
2026-05-12 19:00:00+00:00,80814.296875,80859.046875,80650.1171875,80650.1171875,0
2026-05-12 20:00:00+00:00,80673.03125,80871.359375,80617.5703125,80823.9921875,16121856
2026-05-12 21:00:00+00:00,80569.2265625,80718.25,80472.2265625,80671.8203125,124344320
2026-05-12 22:00:00+00:00,80639.9921875,80773.7734375,80595.59375,80612.5078125,0
2026-05-12 23:00:00+00:00,80483.75,80697.546875,80420.1015625,80639.9921875,817152
2026-05-13 00:00:00+00:00,80698.1171875,80757.3984375,80389.953125,80480.40625,0
2026-05-13 01:00:00+00:00,80985.8671875,81180.0,80658.2890625,80703.7734375,0
2026-05-13 02:00:00+00:00,81040.59375,81260.0,80919.7578125,80985.8828125,0
2026-05-13 03:00:00+00:00,81240.78125,81277.109375,80969.5078125,81016.3984375,281935872
2026-05-13 04:00:00+00:00,81217.390625,81264.4609375,81107.5234375,81247.5390625,9961472
2026-05-13 05:00:00+00:00,80998.671875,81226.0078125,80973.3671875,81212.890625,67913728
2026-05-13 06:00:00+00:00,80958.0625,81137.0,80947.0078125,80999.8984375,0
2026-05-13 07:00:00+00:00,80996.0078125,81031.6328125,80861.2109375,80949.3984375,0
2026-05-13 08:00:00+00:00,81165.09375,81172.609375,80908.2265625,81003.9375,214681600
2026-05-13 09:00:00+00:00,81256.6015625,81285.5078125,81097.453125,81172.53125,0
2026-05-13 10:00:00+00:00,80773.5078125,81264.359375,80773.5078125,81252.5390625,90374144
2026-05-13 11:00:00+00:00,80471.1484375,80815.3203125,80468.2890625,80768.6875,0
2026-05-13 12:00:00+00:00,80172.5234375,80564.5625,79825.9609375,80468.96875,906690560
2026-05-13 13:00:00+00:00,79617.9765625,80320.8125,79540.3828125,80172.5078125,902543360
2026-05-13 14:00:00+00:00,79724.6796875,79862.4921875,79447.140625,79581.421875,0
2026-05-13 15:00:00+00:00,78783.0390625,79820.03125,78761.3125,79734.0390625,158214144
2026-05-13 16:00:00+00:00,79066.609375,79181.3671875,78700.0,78761.28125,1587939328
2026-05-13 17:00:00+00:00,79479.9921875,79528.7890625,79068.0078125,79096.84375,0
2026-05-13 18:00:00+00:00,79576.1328125,79782.359375,79482.21875,79495.3984375,648425472
2026-05-13 19:00:00+00:00,79606.0,79614.5390625,79363.9921875,79567.9375,0
2026-05-13 20:00:00+00:00,79676.6484375,79731.890625,79576.03125,79611.359375,0
2026-05-13 21:00:00+00:00,79363.1171875,79676.8984375,79324.2578125,79676.8671875,241364992
2026-05-13 22:00:00+00:00,79393.6328125,79441.90625,79195.2578125,79405.03125,215263232
2026-05-13 23:00:00+00:00,79288.25,79465.2578125,79194.15625,79396.6484375,170797056
2026-05-14 00:00:00+00:00,79546.796875,79656.453125,79287.0703125,79299.1484375,311572480
2026-05-14 01:00:00+00:00,79573.4921875,79661.546875,79383.7421875,79525.6484375,0
2026-05-14 02:00:00+00:00,79340.0,79650.6875,79195.71875,79577.0,358586368
2026-05-14 03:00:00+00:00,79012.2734375,79429.0078125,78906.5703125,79306.5,670730240
2026-05-14 04:00:00+00:00,79428.703125,79440.0,78945.828125,79017.9921875,520454144
2026-05-14 05:00:00+00:00,79780.7734375,79962.3828125,79347.46875,79407.34375,758493184
2026-05-14 06:00:00+00:00,79772.953125,79908.28125,79726.6796875,79788.34375,16437248
2026-05-14 07:00:00+00:00,79706.1015625,79903.46875,79671.0,79768.40625,169299968
2026-05-14 08:00:00+00:00,79784.5625,79906.4765625,79605.1015625,79709.03125,743694336
2026-05-14 09:00:00+00:00,79591.078125,79875.0,79529.71875,79798.5,0
2026-05-14 10:00:00+00:00,79534.4765625,79721.828125,79375.0,79599.78125,0
2026-05-14 11:00:00+00:00,79213.1484375,79576.6484375,79189.9765625,79533.546875,0
2026-05-14 12:00:00+00:00,79744.0,79757.96875,79194.9765625,79198.21875,0
2026-05-14 13:00:00+00:00,79679.9921875,80026.0,79655.640625,79742.609375,0
2026-05-14 14:00:00+00:00,80949.109375,80978.453125,79542.3671875,79652.453125,1745485824
2026-05-14 15:00:00+00:00,81304.03125,81335.578125,80807.109375,80954.078125,1471365120
2026-05-14 16:00:00+00:00,81890.34375,81890.34375,81088.390625,81328.796875,1374597120
2026-05-14 17:00:00+00:00,81683.8828125,82054.3125,81294.5703125,81877.2265625,2805448704
2026-05-14 18:00:00+00:00,81590.34375,81994.9765625,81435.1171875,81684.171875,635367424
2026-05-14 19:00:00+00:00,81438.0,81728.1484375,81327.1875,81600.546875,633659392
2026-05-14 20:00:00+00:00,81400.0,81625.0703125,81151.3125,81459.9765625,453382144
2026-05-14 21:00:00+00:00,81375.9765625,81526.0,81259.6796875,81453.78125,0
2026-05-14 22:00:00+00:00,81444.0078125,81542.0390625,81328.0,81376.0078125,0
2026-05-14 23:00:00+00:00,81079.03125,81411.0,81029.1484375,81405.0,0
2026-05-15 00:00:00+00:00,81506.09375,81646.671875,81047.4921875,81080.078125,0
2026-05-15 01:00:00+00:00,81110.046875,81608.3125,81094.0,81502.2109375,304054272
2026-05-15 02:00:00+00:00,81281.3984375,81338.3828125,80729.0,81086.9296875,489132032
2026-05-15 03:00:00+00:00,81053.6875,81331.0390625,80922.796875,81290.53125,0
2026-05-15 04:00:00+00:00,80710.328125,81081.7890625,80694.03125,81045.3125,0
2026-05-15 05:00:00+00:00,80364.0,80871.2890625,80308.0,80713.71875,344064000
2026-05-15 06:00:00+00:00,80568.2421875,80625.96875,80305.9609375,80346.359375,686202880
2026-05-15 07:00:00+00:00,80815.9921875,80991.3515625,80547.75,80575.0,877731840
2026-05-15 08:00:00+00:00,80640.0,80819.9921875,80415.9296875,80819.9921875,0
2026-05-15 09:00:00+00:00,80488.0078125,80673.1328125,80366.1171875,80642.0078125,100147200
2026-05-15 10:00:00+00:00,80710.2890625,80771.796875,80409.171875,80489.4765625,9396224
2026-05-15 11:00:00+00:00,80616.046875,80753.3125,80580.7734375,80718.6875,0
2026-05-15 12:00:00+00:00,80380.1328125,80635.0,80337.4609375,80600.359375,0
2026-05-15 13:00:00+00:00,78701.9296875,80361.359375,78647.203125,80361.359375,1882701824
2026-05-15 14:00:00+00:00,79111.921875,79287.7890625,78601.1875,78729.21875,1521045504
2026-05-15 15:00:00+00:00,79113.296875,79337.5703125,78980.9921875,79145.3671875,0
2026-05-15 16:00:00+00:00,79268.34375,79346.90625,79089.1875,79141.359375,1613824
2026-05-15 17:00:00+00:00,79441.8984375,79442.7890625,79188.8515625,79242.6484375,63229952
