Datetime,Close,High,Low,Open,Volume
2026-05-09 00:00:00+00:00,80199.890625,80204.453125,80188.3828125,80188.3828125,0
2026-05-09 00:01:00+00:00,80177.046875,80192.6328125,80177.046875,80192.6328125,0
2026-05-09 00:02:00+00:00,80151.5625,80177.046875,80148.78125,80177.046875,6014976
2026-05-09 00:03:00+00:00,80150.2734375,80151.5625,80143.171875,80151.5625,0
2026-05-09 00:04:00+00:00,80144.828125,80158.59375,80144.828125,80150.2734375,0
2026-05-09 00:05:00+00:00,80152.2578125,80152.2578125,80145.5234375,80145.75,0
2026-05-09 00:06:00+00:00,80147.3671875,80152.2578125,80141.46875,80152.2578125,0
2026-05-09 00:07:00+00:00,80130.0078125,80147.3671875,80130.0078125,80147.3671875,0
2026-05-09 00:08:00+00:00,80144.9921875,80149.3828125,80131.609375,80131.609375,0
2026-05-09 00:09:00+00:00,80129.2109375,80144.9765625,80129.2109375,80144.9765625,23508992
2026-05-09 00:10:00+00:00,80119.4765625,80119.7734375,80116.9765625,80119.7734375,0
2026-05-09 00:11:00+00:00,80150.796875,80153.28125,80119.4765625,80119.4765625,1355776
2026-05-09 00:12:00+00:00,80147.25,80153.2578125,80132.5390625,80150.5625,0
2026-05-09 00:13:00+00:00,80157.171875,80159.84375,80153.203125,80153.203125,0
2026-05-09 00:14:00+00:00,80165.28125,80165.296875,80157.171875,80157.171875,0
2026-05-09 00:15:00+00:00,80140.59375,80165.2265625,80138.421875,80165.2265625,0
2026-05-09 00:16:00+00:00,80124.0078125,80138.40625,80124.0,80138.40625,12288
2026-05-09 00:17:00+00:00,80139.0234375,80141.0,80124.0,80124.0,0
2026-05-09 00:18:00+00:00,80144.1875,80149.5078125,80138.9609375,80138.9609375,0
2026-05-09 00:19:00+00:00,80121.0078125,80143.5078125,80121.0078125,80143.5078125,0
2026-05-09 00:20:00+00:00,80156.296875,80156.296875,80125.9921875,80125.9921875,0
2026-05-09 00:21:00+00:00,80169.296875,80172.21875,80162.296875,80162.296875,0
2026-05-09 00:22:00+00:00,80205.640625,80205.640625,80169.59375,80169.59375,0
2026-05-09 00:23:00+00:00,80187.09375,80207.1484375,80187.09375,80205.640625,0
2026-05-09 00:24:00+00:00,80166.8515625,80190.046875,80166.8515625,80174.3671875,0
2026-05-09 00:25:00+00:00,80168.2734375,80171.359375,80166.84375,80166.84375,0
2026-05-09 00:26:00+00:00,80172.0,80172.0078125,80168.359375,80168.359375,0
2026-05-09 00:27:00+00:00,80144.71875,80156.3125,80144.7109375,80156.3125,0
2026-05-09 00:28:00+00:00,80140.0703125,80144.71875,80140.0703125,80144.71875,0
2026-05-09 00:29:00+00:00,80142.0234375,80144.7109375,80140.0625,80140.0625,0
2026-05-09 00:30:00+00:00,80168.2734375,80173.96875,80142.03125,80142.03125,0
2026-05-09 00:31:00+00:00,80180.3671875,80180.3671875,80167.0625,80167.0625,0
2026-05-09 00:32:00+00:00,80190.7421875,80190.7421875,80180.3671875,80180.3671875,23971840
2026-05-09 00:33:00+00:00,80210.46875,80210.46875,80183.390625,80190.7421875,0
2026-05-09 00:34:00+00:00,80210.1875,80212.359375,80208.140625,80208.140625,0
2026-05-09 00:35:00+00:00,80204.6328125,80211.78125,80204.6328125,80211.78125,1564672
2026-05-09 00:36:00+00:00,80192.3125,80204.6328125,80191.5078125,80204.6328125,77488128
2026-05-09 00:37:00+00:00,80206.703125,80206.703125,80192.59375,80192.59375,0
2026-05-09 00:38:00+00:00,80208.2890625,80208.2890625,80205.3828125,80205.3828125,0
2026-05-09 00:39:00+00:00,80188.5078125,80207.6171875,80188.5078125,80207.609375,0
2026-05-09 00:40:00+00:00,80207.6015625,80212.1328125,80188.6875,80188.6875,0
2026-05-09 00:41:00+00:00,80203.296875,80209.3515625,80203.1875,80207.59375,0
2026-05-09 00:42:00+00:00,80192.421875,80203.2265625,80192.421875,80203.1875,0
2026-05-09 00:43:00+00:00,80179.2421875,80192.0234375,80179.2421875,80192.0234375,0
2026-05-09 00:44:00+00:00,80188.453125,80190.46875,80185.8671875,80189.3671875,0
2026-05-09 00:45:00+00:00,80214.15625,80214.15625,80188.828125,80188.828125,0
2026-05-09 00:46:00+00:00,80208.03125,80214.1796875,80208.03125,80214.1796875,0
2026-05-09 00:47:00+00:00,80208.9296875,80208.9296875,80203.8203125,80205.2109375,26624
2026-05-09 00:48:00+00:00,80225.5234375,80225.5234375,80203.453125,80203.453125,0
2026-05-09 00:49:00+00:00,80207.3828125,80231.671875,80206.1875,80225.5234375,0
2026-05-09 00:50:00+00:00,80211.7734375,80211.7734375,80190.0078125,80206.15625,0
2026-05-09 00:51:00+00:00,80227.609375,80227.609375,80211.7734375,80212.9375,2840576
2026-05-09 00:52:00+00:00,80228.9609375,80234.8515625,80215.0,80215.0078125,0
2026-05-09 00:53:00+00:00,80220.7109375,80228.9609375,80216.5,80228.9609375,0
2026-05-09 00:54:00+00:00,80229.078125,80235.6328125,80220.71875,80220.71875,0
2026-05-09 00:55:00+00:00,80210.5703125,80231.0625,80210.5703125,80229.078125,0
2026-05-09 00:56:00+00:00,80208.84375,80210.578125,80208.84375,80210.5703125,0
2026-05-09 00:57:00+00:00,80233.7578125,80233.7578125,80209.25,80209.25,0
2026-05-09 00:58:00+00:00,80237.9921875,80238.0,80233.953125,80233.953125,0
2026-05-09 00:59:00+00:00,80230.2265625,80238.0,80230.2265625,80237.9921875,0
2026-05-09 01:00:00+00:00,80223.7734375,80223.7734375,80219.5,80219.5,0
2026-05-09 01:01:00+00:00,80220.203125,80237.9375,80220.203125,80230.78125,0
2026-05-09 01:02:00+00:00,80220.296875,80220.3125,80220.203125,80220.203125,0
2026-05-09 01:03:00+00:00,80231.046875,80232.5390625,80220.296875,80220.296875,0
2026-05-09 01:04:00+00:00,80237.5625,80250.0,80230.390625,80231.046875,0
2026-05-09 01:05:00+00:00,80232.5234375,80246.171875,80231.9375,80237.5625,0
2026-05-09 01:06:00+00:00,80251.0078125,80252.609375,80236.640625,80237.2890625,0
2026-05-09 01:07:00+00:00,80234.921875,80251.0078125,80231.953125,80251.0078125,1193984
2026-05-09 01:08:00+00:00,80251.5078125,80252.609375,80238.71875,80238.7265625,356352
2026-05-09 01:09:00+00:00,80265.0234375,80265.0234375,80252.5078125,80252.5078125,745472
2026-05-09 01:10:00+00:00,80265.078125,80266.84375,80265.0234375,80265.0234375,0
2026-05-09 01:11:00+00:00,80272.140625,80273.328125,80265.078125,80265.09375,0
2026-05-09 01:12:00+00:00,80299.9609375,80299.9609375,80273.3203125,80273.3203125,0
2026-05-09 01:13:00+00:00,80314.5625,80314.5703125,80303.78125,80303.78125,0
2026-05-09 01:14:00+00:00,80325.8984375,80325.8984375,80314.5625,80314.5625,784384
2026-05-09 01:15:00+00:00,80336.890625,80349.046875,80326.0,80326.0,0
2026-05-09 01:16:00+00:00,80302.3671875,80333.8984375,80302.3671875,80333.890625,0
2026-05-09 01:17:00+00:00,80291.1875,80300.0,80291.1875,80300.0,0
2026-05-09 01:18:00+00:00,80289.6015625,80300.7734375,80286.6171875,80300.7734375,0
2026-05-09 01:19:00+00:00,80297.640625,80298.96875,80288.140625,80288.140625,0
2026-05-09 01:20:00+00:00,80296.5078125,80297.71875,80296.5078125,80297.6328125,0
2026-05-09 01:21:00+00:00,80262.0,80296.53125,80262.0,80296.5078125,22372352
2026-05-09 01:22:00+00:00,80270.546875,80277.546875,80251.75,80258.640625,2641920
2026-05-09 01:23:00+00:00,80247.671875,80264.7734375,80246.6015625,80264.7734375,0
2026-05-09 01:24:00+00:00,80247.9609375,80247.9609375,80240.59375,80244.7578125,0
2026-05-09 01:25:00+00:00,80254.5390625,80256.171875,80247.9609375,80247.9609375,0
2026-05-09 01:26:00+00:00,80252.7734375,80252.7734375,80252.7734375,80252.7734375,2785280
2026-05-09 01:27:00+00:00,80273.6796875,80273.6796875,80252.7734375,80252.7734375,0
2026-05-09 01:28:00+00:00,80296.328125,80296.328125,80273.6796875,80273.6875,17000448
2026-05-09 01:29:00+00:00,80269.4765625,80288.7421875,80269.4765625,80288.7421875,0
2026-05-09 01:30:00+00:00,80294.28125,80294.28125,80269.4765625,80269.4765625,0
2026-05-09 01:31:00+00:00,80335.546875,80337.1875,80296.578125,80296.578125,0
2026-05-09 01:32:00+00:00,80357.3203125,80357.328125,80338.453125,80338.453125,5464064
2026-05-09 01:33:00+00:00,80366.046875,80385.9921875,80357.3203125,80357.3203125,0
2026-05-09 01:34:00+00:00,80365.7109375,80366.9921875,80348.953125,80366.84375,0
2026-05-09 01:35:00+00:00,80368.390625,80368.390625,80355.9296875,80365.7109375,3078144
2026-05-09 01:36:00+00:00,80396.7109375,80396.7109375,80365.671875,80365.671875,0
2026-05-09 01:37:00+00:00,80396.7109375,80398.2109375,80396.7109375,80396.7109375,0
2026-05-09 01:38:00+00:00,80364.859375,80382.03125,80361.4609375,80382.03125,0
2026-05-09 01:39:00+00:00,80350.34375,80361.40625,80342.921875,80361.40625,0
2026-05-09 01:40:00+00:00,80354.671875,80357.8515625,80350.34375,80350.34375,0
2026-05-09 01:41:00+00:00,80373.0234375,80373.0234375,80348.9375,80348.9375,2875392
2026-05-09 01:42:00+00:00,80373.0234375,80387.9375,80363.5390625,80387.9375,0
2026-05-09 01:43:00+00:00,80376.03125,80384.9921875,80367.0078125,80379.453125,32180224
2026-05-09 01:44:00+00:00,80382.6015625,80384.96875,80376.03125,80376.03125,0
2026-05-09 01:45:00+00:00,80371.2109375,80376.0390625,80370.0078125,80376.0390625,339968
2026-05-09 01:46:00+00:00,80369.2578125,80369.296875,80369.2578125,80369.296875,1312768
2026-05-09 01:47:00+00:00,80374.609375,80374.796875,80372.1328125,80373.140625,0
2026-05-09 01:48:00+00:00,80384.9296875,80384.9296875,80371.171875,80373.8125,0
2026-05-09 01:49:00+00:00,80394.9921875,80398.8515625,80390.7265625,80390.7265625,0
2026-05-09 01:50:00+00:00,80424.1875,80424.1875,80385.2578125,80394.78125,0
2026-05-09 01:51:00+00:00,80433.171875,80436.2265625,80415.15625,80426.5234375,0
2026-05-09 01:52:00+00:00,80425.78125,80433.171875,80417.5078125,80433.171875,0
2026-05-09 01:53:00+00:00,80415.15625,80427.0,80415.15625,80425.78125,1558528
2026-05-09 01:54:00+00:00,80416.046875,80427.0,80412.8515625,80426.9921875,18581504
2026-05-09 01:55:00+00:00,80391.5,80419.703125,80391.5,80416.046875,6131712
2026-05-09 01:56:00+00:00,80369.25,80391.5,80369.25,80391.5,1564672
2026-05-09 01:57:00+00:00,80367.46875,80369.25,80362.15625,80369.25,0
2026-05-09 01:58:00+00:00,80324.8671875,80361.15625,80324.8671875,80360.9765625,0
2026-05-09 01:59:00+00:00,80318.2578125,80333.890625,80317.1875,80325.3125,0
2026-05-09 02:00:00+00:00,80342.703125,80342.7109375,80321.09375,80321.09375,88047616
2026-05-09 02:01:00+00:00,80331.046875,80342.7109375,80331.046875,80342.7109375,0
2026-05-09 02:02:00+00:00,80396.078125,80399.8828125,80323.203125,80331.046875,2131968
2026-05-09 02:03:00+00:00,80380.53125,80412.0625,80380.53125,80397.0078125,0
2026-05-09 02:04:00+00:00,80415.2890625,80415.2890625,80380.53125,80380.53125,0
2026-05-09 02:05:00+00:00,80392.2578125,80416.4375,80392.2578125,80416.4375,0
2026-05-09 02:06:00+00:00,80400.1171875,80415.203125,80400.1171875,80407.0234375,15540224
2026-05-09 02:07:00+00:00,80418.9921875,80418.9921875,80409.1328125,80409.1328125,0
2026-05-09 02:08:00+00:00,80431.0078125,80433.21875,80418.9921875,80418.9921875,0
2026-05-09 02:09:00+00:00,80445.2578125,80445.2578125,80426.953125,80426.953125,501760
2026-05-09 02:10:00+00:00,80439.2734375,80460.3125,80439.2734375,80453.796875,0
2026-05-09 02:11:00+00:00,80431.4296875,80440.4921875,80425.9765625,80439.2734375,0
2026-05-09 02:12:00+00:00,80430.84375,80434.8828125,80429.5625,80431.4296875,0
2026-05-09 02:13:00+00:00,80422.078125,80431.3671875,80421.0,80430.84375,0
2026-05-09 02:14:00+00:00,80435.4375,80435.4375,80409.6875,80422.078125,0
2026-05-09 02:15:00+00:00,80444.9921875,80444.9921875,80435.4375,80436.65625,68067328
2026-05-09 02:16:00+00:00,80415.15625,80450.90625,80415.15625,80447.9921875,1341440
2026-05-09 02:17:00+00:00,80412.1484375,80418.2109375,80402.7578125,80415.15625,0
2026-05-09 02:18:00+00:00,80423.671875,80423.671875,80406.1328125,80406.1328125,0
2026-05-09 02:19:00+00:00,80409.8125,80423.6796875,80409.8125,80423.6796875,0
2026-05-09 02:20:00+00:00,80404.65625,80407.96875,80404.65625,80407.9609375,0
2026-05-09 02:21:00+00:00,80426.4375,80427.6328125,80396.078125,80396.078125,0
2026-05-09 02:22:00+00:00,80417.59375,80428.5234375,80410.9375,80428.5234375,0
2026-05-09 02:23:00+00:00,80400.1171875,80424.1796875,80400.1171875,80424.1796875,0
2026-05-09 02:24:00+00:00,80398.2421875,80400.109375,80381.5703125,80400.109375,0
2026-05-09 02:25:00+00:00,80391.2109375,80398.453125,80376.03125,80398.453125,0
2026-05-09 02:26:00+00:00,80400.1015625,80400.1015625,80391.2109375,80391.2109375,2590720
2026-05-09 02:27:00+00:00,80421.1796875,80430.203125,80406.828125,80408.046875,0
2026-05-09 02:28:00+00:00,80412.59375,80424.796875,80409.71875,80416.7265625,0
2026-05-09 02:29:00+00:00,80421.6875,80421.6875,80412.59375,80412.59375,0
2026-05-09 02:30:00+00:00,80424.9375,80428.6328125,80421.6796875,80421.6796875,0
2026-05-09 02:31:00+00:00,80469.328125,80472.3515625,80424.953125,80424.953125,0
2026-05-09 02:32:00+00:00,80445.359375,80463.328125,80436.78125,80463.328125,0
2026-05-09 02:33:00+00:00,80421.1875,80445.7578125,80421.1796875,80445.359375,0
2026-05-09 02:34:00+00:00,80430.3984375,80431.90625,80421.1796875,80421.1796875,0
2026-05-09 02:35:00+00:00,80422.1171875,80430.203125,80421.1796875,80430.203125,0
2026-05-09 02:36:00+00:00,80388.078125,80424.6015625,80388.078125,80424.6015625,0
2026-05-09 02:37:00+00:00,80399.609375,80409.3203125,80388.078125,80388.078125,2095104
2026-05-09 02:38:00+00:00,80403.65625,80405.2421875,80399.609375,80399.6171875,0
2026-05-09 02:39:00+00:00,80404.0625,80404.0625,80403.65625,80403.65625,0
2026-05-09 02:40:00+00:00,80386.75,80402.84375,80386.65625,80402.84375,0
2026-05-09 02:41:00+00:00,80406.609375,80406.609375,80374.8203125,80379.796875,0
2026-05-09 02:42:00+00:00,80400.296875,80408.0390625,80385.171875,80408.0390625,0
2026-05-09 02:43:00+00:00,80394.2890625,80400.3125,80394.28125,80400.296875,0
2026-05-09 02:44:00+00:00,80392.1484375,80392.1484375,80379.0390625,80385.171875,0
2026-05-09 02:45:00+00:00,80398.6796875,80399.9921875,80398.21875,80398.21875,0
2026-05-09 02:46:00+00:00,80372.75,80398.6796875,80372.75,80398.6796875,0
2026-05-09 02:47:00+00:00,80371.5390625,80372.7578125,80371.5390625,80372.7578125,1323008
2026-05-09 02:48:00+00:00,80369.140625,80371.546875,80369.1328125,80371.5390625,0
2026-05-09 02:49:00+00:00,80400.0,80400.0,80373.1328125,80373.1328125,0
2026-05-09 02:50:00+00:00,80382.0625,80403.0390625,80382.0625,80403.0390625,0
2026-05-09 02:51:00+00:00,80409.1328125,80409.1328125,80382.0625,80382.0625,0
2026-05-09 02:52:00+00:00,80427.59375,80436.203125,80415.1484375,80415.1484375,0
2026-05-09 02:53:00+00:00,80431.5078125,80431.5078125,80427.59375,80427.59375,0
2026-05-09 02:54:00+00:00,80426.46875,80432.8828125,80424.7578125,80432.7265625,13434880
2026-05-09 02:55:00+00:00,80434.5,80434.7578125,80426.4765625,80426.4765625,0
2026-05-09 02:56:00+00:00,80409.671875,80434.5,80409.671875,80434.5,0
2026-05-09 02:57:00+00:00,80405.671875,80409.671875,80401.703125,80409.671875,0
2026-05-09 02:58:00+00:00,80407.296875,80407.3125,80405.671875,80405.671875,0
2026-05-09 02:59:00+00:00,80407.296875,80407.3125,80407.296875,80407.296875,0
2026-05-09 03:00:00+00:00,80401.6875,80410.6328125,80401.6875,80410.6328125,0
2026-05-09 03:01:00+00:00,80388.8828125,80401.6875,80388.8828125,80401.6875,0
2026-05-09 03:02:00+00:00,80382.453125,80386.4609375,80370.0078125,80386.4609375,0
2026-05-09 03:03:00+00:00,80373.7578125,80382.453125,80373.0234375,80382.453125,0
2026-05-09 03:04:00+00:00,80411.703125,80411.703125,80373.7578125,80373.7578125,0
2026-05-09 03:05:00+00:00,80444.8671875,80444.8671875,80415.3515625,80415.3515625,0
2026-05-09 03:06:00+00:00,80418.1796875,80454.3984375,80418.171875,80454.3984375,0
2026-05-09 03:07:00+00:00,80426.25,80426.25,80415.78125,80415.78125,0
2026-05-09 03:08:00+00:00,80421.34375,80429.9765625,80418.1796875,80429.9765625,0
2026-05-09 03:09:00+00:00,80429.9921875,80429.9921875,80421.5703125,80421.578125,0
2026-05-09 03:10:00+00:00,80429.859375,80429.8671875,80428.7890625,80428.7890625,0
2026-05-09 03:11:00+00:00,80433.203125,80433.203125,80418.171875,80429.8671875,0
2026-05-09 03:12:00+00:00,80451.890625,80462.3984375,80436.21875,80436.21875,0
2026-05-09 03:13:00+00:00,80465.65625,80472.34375,80460.546875,80470.25,0
2026-05-09 03:14:00+00:00,80422.9609375,80468.046875,80422.9609375,80465.6484375,0
2026-05-09 03:15:00+00:00,80447.2890625,80451.2734375,80436.8203125,80436.8203125,0
2026-05-09 03:16:00+00:00,80447.6796875,80456.4765625,80447.2890625,80447.2890625,0
2026-05-09 03:17:00+00:00,80441.21875,80447.671875,80432.0078125,80447.671875,0
2026-05-09 03:18:00+00:00,80458.6875,80458.6875,80442.2890625,80442.2890625,3174400
2026-05-09 03:19:00+00:00,80484.5390625,80493.7421875,80458.6875,80458.6875,0
2026-05-09 03:20:00+00:00,80493.7421875,80493.7421875,80487.3984375,80488.4921875,0
2026-05-09 03:21:00+00:00,80499.9921875,80499.9921875,80493.7421875,80493.7421875,0
2026-05-09 03:22:00+00:00,80493.421875,80496.546875,80484.4296875,80496.546875,0
2026-05-09 03:23:00+00:00,80500.609375,80518.6328125,80493.40625,80493.40625,423936
2026-05-09 03:24:00+00:00,80471.75,80508.71875,80469.34375,80500.609375,0
2026-05-09 03:25:00+00:00,80445.7265625,80466.3203125,80445.7265625,80465.40625,2166784
2026-05-09 03:26:00+00:00,80403.390625,80445.7265625,80391.078125,80445.7265625,0
2026-05-09 03:27:00+00:00,80418.1484375,80418.15625,80400.578125,80403.390625,0
2026-05-09 03:28:00+00:00,80425.921875,80425.921875,80422.7421875,80424.0703125,160550912
2026-05-09 03:29:00+00:00,80433.15625,80433.671875,80406.3671875,80425.921875,0
2026-05-09 03:30:00+00:00,80395.3125,80420.0,80395.3125,80420.0,32051200
2026-05-09 03:31:00+00:00,80367.0,80395.3125,80367.0,80395.3125,477184
2026-05-09 03:32:00+00:00,80380.1484375,80380.1484375,80367.0078125,80367.0078125,0
2026-05-09 03:33:00+00:00,80380.046875,80390.203125,80379.4921875,80380.15625,0
2026-05-09 03:34:00+00:00,80368.3828125,80380.0625,80360.2109375,80380.0625,0
2026-05-09 03:35:00+00:00,80377.28125,80377.2890625,80365.0390625,80365.0390625,0
2026-05-09 03:36:00+00:00,80367.8203125,80377.28125,80367.8203125,80377.28125,102082560
2026-05-09 03:37:00+00:00,80358.96875,80375.0234375,80358.96875,80367.8203125,616448
2026-05-09 03:38:00+00:00,80348.6328125,80358.9609375,80334.0,80358.9609375,0
2026-05-09 03:39:00+00:00,80336.90625,80351.421875,80336.90625,80348.6328125,0
2026-05-09 03:40:00+00:00,80333.890625,80352.3671875,80333.890625,80336.8984375,25004032
2026-05-09 03:41:00+00:00,80312.4375,80333.8984375,80312.4375,80333.890625,104448
2026-05-09 03:42:00+00:00,80310.7421875,80317.21875,80305.0,80312.453125,9213952
2026-05-09 03:43:00+00:00,80318.8203125,80318.8203125,80308.53125,80315.71875,0
2026-05-09 03:44:00+00:00,80351.9375,80351.9375,80318.8203125,80318.8203125,1912832
2026-05-09 03:45:00+00:00,80345.1015625,80348.46875,80342.921875,80348.46875,0
2026-05-09 03:46:00+00:00,80366.9921875,80366.9921875,80345.1015625,80345.109375,0
2026-05-09 03:47:00+00:00,80370.1015625,80370.1015625,80357.171875,80366.9921875,892928
2026-05-09 03:48:00+00:00,80357.328125,80369.9375,80351.953125,80369.9375,0
2026-05-09 03:49:00+00:00,80350.6796875,80355.1328125,80348.96875,80355.1328125,8009728
2026-05-09 03:50:00+00:00,80340.796875,80350.671875,80340.796875,80350.671875,1044480
2026-05-09 03:51:00+00:00,80338.84375,80340.796875,80329.609375,80340.796875,0
2026-05-09 03:52:00+00:00,80344.3984375,80345.90625,80338.6328125,80338.6328125,0
2026-05-09 03:53:00+00:00,80366.0,80366.0,80344.390625,80344.390625,0
2026-05-09 03:54:00+00:00,80377.53125,80377.5390625,80368.421875,80368.421875,0
2026-05-09 03:55:00+00:00,80392.7890625,80394.21875,80377.53125,80377.5390625,0
2026-05-09 03:56:00+00:00,80391.796875,80393.0078125,80391.796875,80392.8125,200704
2026-05-09 03:57:00+00:00,80373.09375,80393.03125,80373.09375,80392.7421875,10528768
2026-05-09 03:58:00+00:00,80377.9375,80381.078125,80373.09375,80373.09375,0
2026-05-09 03:59:00+00:00,80380.296875,80392.8125,80378.3515625,80385.046875,0
2026-05-09 04:00:00+00:00,80404.96875,80405.3984375,80385.0625,80385.0625,0
2026-05-09 04:01:00+00:00,80412.7890625,80413.5390625,80407.6328125,80413.5390625,2482176
2026-05-09 04:02:00+00:00,80420.9765625,80420.9765625,80413.6875,80414.1796875,0
2026-05-09 04:03:00+00:00,80441.40625,80441.421875,80426.7421875,80426.7421875,0
2026-05-09 04:04:00+00:00,80462.3515625,80462.3515625,80441.40625,80441.40625,0
2026-05-09 04:05:00+00:00,80489.1796875,80489.1796875,80462.3515625,80462.3515625,1050624
2026-05-09 04:06:00+00:00,80629.7421875,80647.1015625,80523.34375,80523.34375,0
2026-05-09 04:07:00+00:00,80574.8984375,80601.421875,80568.65625,80598.7734375,0
2026-05-09 04:08:00+00:00,80616.828125,80624.9375,80581.9921875,80581.9921875,0
2026-05-09 04:09:00+00:00,80593.0078125,80629.84375,80593.0078125,80613.8125,0
2026-05-09 04:10:00+00:00,80591.328125,80597.9765625,80563.0078125,80597.9765625,0
2026-05-09 04:11:00+00:00,80574.6796875,80591.34375,80567.203125,80591.328125,5048320
2026-05-09 04:12:00+00:00,80579.9921875,80583.0078125,80574.671875,80574.6796875,167739392
2026-05-09 04:13:00+00:00,80565.078125,80584.640625,80562.6484375,80579.9921875,0
2026-05-09 04:14:00+00:00,80562.65625,80579.9609375,80562.65625,80571.4609375,7421952
2026-05-09 04:15:00+00:00,80535.1796875,80562.65625,80535.1796875,80562.6484375,0
2026-05-09 04:16:00+00:00,80499.3671875,80532.546875,80486.0390625,80532.546875,36427776
2026-05-09 04:17:00+00:00,80529.7421875,80529.7421875,80491.171875,80499.3671875,2893824
2026-05-09 04:18:00+00:00,80494.171875,80529.7421875,80494.171875,80529.7265625,69513216
2026-05-09 04:19:00+00:00,80507.5625,80517.78125,80494.171875,80494.171875,0
2026-05-09 04:20:00+00:00,80502.71875,80523.5078125,80502.71875,80514.4765625,0
2026-05-09 04:21:00+00:00,80480.6484375,80511.46875,80472.2421875,80504.4609375,0
2026-05-09 04:22:00+00:00,80507.6171875,80508.2734375,80480.6484375,80480.6484375,0
2026-05-09 04:23:00+00:00,80516.953125,80516.9609375,80500.46875,80507.6171875,1759232
2026-05-09 04:24:00+00:00,80516.7421875,80519.5703125,80513.7265625,80516.953125,0
2026-05-09 04:25:00+00:00,80487.09375,80511.4765625,80480.65625,80511.4765625,0
2026-05-09 04:26:00+00:00,80480.6484375,80493.6484375,80480.6484375,80491.6484375,4009984
2026-05-09 04:27:00+00:00,80465.5078125,80480.6484375,80465.5078125,80480.6484375,17651712
2026-05-09 04:28:00+00:00,80449.453125,80455.0,80434.0078125,80455.0,440320
2026-05-09 04:29:00+00:00,80468.859375,80473.171875,80449.4609375,80449.4609375,0
2026-05-09 04:30:00+00:00,80463.3203125,80473.40625,80463.3203125,80468.8671875,3586048
2026-05-09 04:31:00+00:00,80453.578125,80463.328125,80442.2578125,80463.3203125,0
2026-05-09 04:32:00+00:00,80440.75,80453.578125,80440.75,80453.578125,1507328
2026-05-09 04:33:00+00:00,80447.703125,80448.921875,80442.2109375,80442.2109375,66883584
2026-05-09 04:34:00+00:00,80468.75,80468.75,80447.703125,80447.703125,0
2026-05-09 04:35:00+00:00,80459.6796875,80468.75,80457.6875,80468.75,0
2026-05-09 04:36:00+00:00,80463.359375,80463.3671875,80459.6796875,80459.6796875,0
2026-05-09 04:37:00+00:00,80437.7578125,80463.453125,80424.203125,80463.359375,6014976
2026-05-09 04:38:00+00:00,80439.671875,80446.21875,80437.7578125,80437.7578125,0
2026-05-09 04:39:00+00:00,80439.140625,80448.2578125,80439.140625,80448.2578125,0
2026-05-09 04:40:00+00:00,80425.0,80441.953125,80425.0,80441.9375,1394688
2026-05-09 04:41:00+00:00,80424.0,80435.1015625,80415.03125,80415.03125,0
2026-05-09 04:42:00+00:00,80424.890625,80430.203125,80424.0,80424.0,40529920
2026-05-09 04:43:00+00:00,80399.921875,80424.8828125,80399.90625,80424.8828125,0
2026-05-09 04:44:00+00:00,80397.7890625,80415.1484375,80397.7890625,80400.2578125,0
2026-05-09 04:45:00+00:00,80432.8671875,80441.8828125,80397.140625,80397.7890625,0
2026-05-09 04:46:00+00:00,80434.25,80447.6171875,80433.9765625,80447.609375,0
2026-05-09 04:47:00+00:00,80441.96875,80441.9765625,80421.4296875,80430.046875,0
2026-05-09 04:48:00+00:00,80454.28125,80454.90625,80432.28125,80432.28125,0
2026-05-09 04:49:00+00:00,80435.359375,80448.5703125,80435.359375,80445.0,1759232
2026-05-09 04:50:00+00:00,80451.34375,80451.3515625,80435.359375,80435.359375,0
2026-05-09 04:51:00+00:00,80447.3203125,80469.2578125,80438.2421875,80463.8984375,21739520
2026-05-09 04:52:00+00:00,80421.1796875,80447.3203125,80421.1796875,80447.3203125,0
2026-05-09 04:53:00+00:00,80410.2109375,80413.65625,80410.2109375,80413.65625,0
2026-05-09 04:54:00+00:00,80381.09375,80396.5234375,80374.40625,80396.5234375,0
2026-05-09 04:55:00+00:00,80405.0078125,80415.1484375,80381.09375,80381.09375,245760
2026-05-09 04:56:00+00:00,80387.3828125,80405.0078125,80387.3828125,80405.0078125,4419584
2026-05-09 04:57:00+00:00,80395.46875,80396.2109375,80373.2734375,80390.4375,0
2026-05-09 04:58:00+00:00,80366.140625,80392.078125,80366.140625,80388.859375,34832384
2026-05-09 04:59:00+00:00,80385.0625,80395.3984375,80378.046875,80378.046875,0
2026-05-09 05:00:00+00:00,80367.0078125,80383.8515625,80364.0,80383.8515625,0
2026-05-09 05:01:00+00:00,80370.0234375,80380.84375,80354.96875,80367.0,27883520
2026-05-09 05:02:00+00:00,80345.9296875,80370.0234375,80345.9296875,80370.0234375,0
2026-05-09 05:03:00+00:00,80355.2890625,80357.8671875,80345.9296875,80345.9375,528384
2026-05-09 05:04:00+00:00,80357.96875,80365.2421875,80357.96875,80360.9765625,1265664
2026-05-09 05:05:00+00:00,80359.703125,80359.7109375,80357.96875,80357.96875,5085184
2026-05-09 05:06:00+00:00,80364.78125,80370.6875,80359.703125,80359.7109375,137416704
2026-05-09 05:07:00+00:00,80359.703125,80371.3828125,80359.703125,80364.7734375,6158336
2026-05-09 05:08:00+00:00,80348.953125,80359.703125,80348.953125,80359.703125,0
2026-05-09 05:09:00+00:00,80373.0078125,80373.0078125,80348.9375,80348.9375,28203008
2026-05-09 05:10:00+00:00,80402.15625,80402.15625,80381.6484375,80382.046875,0
2026-05-09 05:11:00+00:00,80400.7265625,80405.1328125,80399.5234375,80403.1171875,0
2026-05-09 05:12:00+00:00,80381.96875,80402.1484375,80381.96875,80402.1484375,0
2026-05-09 05:13:00+00:00,80362.5625,80380.0078125,80362.546875,80380.0078125,0
2026-05-09 05:14:00+00:00,80367.03125,80372.828125,80367.03125,80370.0,4347904
2026-05-09 05:15:00+00:00,80356.15625,80364.8515625,80355.78125,80363.0390625,61087744
2026-05-09 05:16:00+00:00,80369.453125,80369.4609375,80357.15625,80357.15625,552960
2026-05-09 05:17:00+00:00,80383.2421875,80383.25,80369.453125,80369.453125,198656
2026-05-09 05:18:00+00:00,80414.0703125,80414.1484375,80383.2421875,80383.2421875,0
2026-05-09 05:19:00+00:00,80419.6875,80420.8984375,80414.0703125,80414.0703125,6993920
2026-05-09 05:20:00+00:00,80449.4765625,80449.4765625,80419.6875,80419.6875,0
2026-05-09 05:21:00+00:00,80418.171875,80449.46875,80418.171875,80449.46875,8263680
2026-05-09 05:22:00+00:00,80421.71875,80421.7265625,80418.171875,80418.171875,0
2026-05-09 05:23:00+00:00,80425.75,80425.75,80421.7265625,80421.7421875,0
2026-05-09 05:24:00+00:00,80434.140625,80434.3125,80427.5078125,80427.5234375,0
2026-05-09 05:25:00+00:00,80421.7421875,80444.8671875,80421.7265625,80434.140625,0
2026-05-09 05:26:00+00:00,80406.1875,80421.7265625,80403.0234375,80421.7265625,0
2026-05-09 05:27:00+00:00,80398.4765625,80398.4765625,80391.2734375,80394.09375,4427776
2026-05-09 05:28:00+00:00,80403.7109375,80404.921875,80398.46875,80398.46875,1652736
2026-05-09 05:29:00+00:00,80436.21875,80436.21875,80403.7109375,80403.7109375,0
2026-05-09 05:30:00+00:00,80422.2109375,80435.296875,80418.1796875,80427.203125,15642624
2026-05-09 05:31:00+00:00,80421.609375,80422.4921875,80421.609375,80422.2109375,0
2026-05-09 05:32:00+00:00,80423.9921875,80423.9921875,80423.9765625,80423.9921875,3397632
2026-05-09 05:33:00+00:00,80464.28125,80464.28125,80426.0,80427.5625,0
2026-05-09 05:34:00+00:00,80469.328125,80469.328125,80464.59375,80464.59375,0
2026-05-09 05:35:00+00:00,80465.046875,80478.3203125,80465.046875,80469.328125,0
2026-05-09 05:36:00+00:00,80457.2890625,80457.296875,80447.609375,80454.296875,17541120
2026-05-09 05:37:00+00:00,80459.9921875,80459.9921875,80454.4375,80457.296875,0
2026-05-09 05:38:00+00:00,80464.8203125,80464.8203125,80459.9765625,80459.9921875,552960
2026-05-09 05:39:00+00:00,80470.8125,80470.8125,80468.3125,80468.3125,0
2026-05-09 05:40:00+00:00,80479.390625,80480.9609375,80472.5390625,80472.5390625,0
2026-05-09 05:41:00+00:00,80472.53125,80480.9921875,80472.53125,80479.390625,0
2026-05-09 05:42:00+00:00,80472.53125,80472.5390625,80472.53125,80472.5390625,126849024
2026-05-09 05:43:00+00:00,80477.9765625,80477.9765625,80472.53125,80472.53125,708608
2026-05-09 05:44:00+00:00,80468.140625,80478.3984375,80468.140625,80477.9765625,0
2026-05-09 05:45:00+00:00,80468.140625,80468.8203125,80468.1328125,80468.1328125,0
2026-05-09 05:46:00+00:00,80450.0,80468.1484375,80450.0,80468.1484375,0
2026-05-09 05:47:00+00:00,80419.7890625,80439.6171875,80417.078125,80439.6171875,1533952
2026-05-09 05:48:00+00:00,80402.9765625,80419.7890625,80402.9765625,80419.7890625,0
2026-05-09 05:49:00+00:00,80391.2734375,80402.9765625,80391.2578125,80402.9765625,0
2026-05-09 05:50:00+00:00,80400.328125,80400.328125,80391.2578125,80391.2734375,0
2026-05-09 05:51:00+00:00,80388.0703125,80396.3515625,80388.0703125,80396.34375,0
2026-05-09 05:52:00+00:00,80374.3515625,80385.0625,80368.2578125,80385.0625,4669440
2026-05-09 05:53:00+00:00,80379.2109375,80379.2109375,80370.46875,80370.59375,0
2026-05-09 05:54:00+00:00,80378.6015625,80378.6015625,80373.09375,80373.4375,0
2026-05-09 05:55:00+00:00,80395.453125,80395.453125,80379.03125,80379.03125,0
2026-05-09 05:56:00+00:00,80392.9765625,80401.9765625,80392.9765625,80397.1015625,0
2026-05-09 05:57:00+00:00,80386.3671875,80393.0,80386.3671875,80392.9765625,0
2026-05-09 05:58:00+00:00,80387.71875,80387.7265625,80386.3671875,80386.3671875,0
2026-05-09 05:59:00+00:00,80374.0,80387.71875,80374.0,80387.71875,0
2026-05-09 06:00:00+00:00,80374.1171875,80379.21875,80374.0,80374.0,0
2026-05-09 06:01:00+00:00,80382.8203125,80382.828125,80370.5703125,80370.5703125,0
2026-05-09 06:02:00+00:00,80388.109375,80395.421875,80382.8203125,80382.8203125,95100928
2026-05-09 06:03:00+00:00,80394.078125,80394.078125,80370.0,80388.1171875,0
2026-05-09 06:04:00+00:00,80403.109375,80412.0625,80394.078125,80394.078125,647168
2026-05-09 06:05:00+00:00,80422.359375,80422.359375,80403.109375,80403.109375,0
2026-05-09 06:06:00+00:00,80425.578125,80425.578125,80420.40625,80424.96875,0
2026-05-09 06:07:00+00:00,80415.796875,80425.578125,80403.1171875,80425.578125,0
2026-05-09 06:08:00+00:00,80419.078125,80424.1875,80414.9921875,80415.7890625,0
2026-05-09 06:09:00+00:00,80411.71875,80415.171875,80411.71875,80415.15625,0
2026-05-09 06:10:00+00:00,80421.6171875,80421.6171875,80411.71875,80411.71875,4689920
2026-05-09 06:11:00+00:00,80391.1328125,80421.7578125,80391.1328125,80421.6015625,0
2026-05-09 06:12:00+00:00,80385.671875,80391.140625,80383.6015625,80391.140625,0
2026-05-09 06:13:00+00:00,80406.078125,80406.078125,80393.5,80393.5,0
2026-05-09 06:14:00+00:00,80410.8984375,80415.6171875,80400.171875,80406.078125,0
2026-05-09 06:15:00+00:00,80396.8125,80410.8984375,80396.8125,80410.8984375,0
2026-05-09 06:16:00+00:00,80392.859375,80396.8125,80392.859375,80396.8125,0
2026-05-09 06:17:00+00:00,80369.3203125,80388.0703125,80363.296875,80388.0703125,0
2026-05-09 06:18:00+00:00,80347.6171875,80370.0078125,80347.6171875,80369.3203125,0
2026-05-09 06:19:00+00:00,80302.6328125,80347.6171875,80298.828125,80347.6171875,0
2026-05-09 06:20:00+00:00,80319.2890625,80319.296875,80302.921875,80302.921875,0
2026-05-09 06:21:00+00:00,80322.046875,80336.890625,80319.2890625,80319.2890625,0
2026-05-09 06:22:00+00:00,80320.4921875,80322.046875,80318.84375,80322.046875,0
2026-05-09 06:23:00+00:00,80300.78125,80325.90625,80300.78125,80320.4921875,55296
2026-05-09 06:24:00+00:00,80303.578125,80303.78125,80289.0234375,80295.0078125,0
2026-05-09 06:25:00+00:00,80301.328125,80304.2578125,80299.4296875,80303.578125,761856
2026-05-09 06:26:00+00:00,80301.328125,80301.34375,80301.328125,80301.328125,0
2026-05-09 06:27:00+00:00,80308.0234375,80308.03125,80301.328125,80301.34375,0
2026-05-09 06:28:00+00:00,80314.1328125,80315.5390625,80308.0234375,80308.0234375,691546112
2026-05-09 06:29:00+00:00,80309.6015625,80309.609375,80292.09375,80308.53125,0
2026-05-09 06:30:00+00:00,80324.078125,80324.8515625,80307.2109375,80309.6015625,0
2026-05-09 06:31:00+00:00,80306.8984375,80316.109375,80306.890625,80316.109375,0
2026-05-09 06:32:00+00:00,80300.7734375,80306.890625,80291.9609375,80306.890625,0
2026-05-09 06:33:00+00:00,80324.0703125,80324.0703125,80300.7734375,80300.7734375,53536768
2026-05-09 06:34:00+00:00,80345.3828125,80345.3828125,80324.8515625,80324.859375,0
2026-05-09 06:35:00+00:00,80326.9375,80352.90625,80326.9375,80352.90625,0
2026-05-09 06:36:00+00:00,80308.4609375,80326.9375,80308.4609375,80326.9375,30855168
2026-05-09 06:37:00+00:00,80252.1796875,80283.0703125,80233.3125,80282.34375,788480
2026-05-09 06:38:00+00:00,80236.78125,80252.171875,80225.5234375,80252.171875,0
2026-05-09 06:39:00+00:00,80218.2109375,80236.7890625,80203.1015625,80236.7890625,0
2026-05-09 06:40:00+00:00,80208.7421875,80218.21875,80208.7421875,80218.2109375,0
2026-05-09 06:41:00+00:00,80232.0703125,80234.109375,80208.640625,80208.640625,0
2026-05-09 06:42:00+00:00,80237.5625,80237.5625,80219.5078125,80232.0625,0
2026-05-09 06:43:00+00:00,80235.0078125,80245.703125,80235.0078125,80240.796875,0
2026-05-09 06:44:00+00:00,80207.453125,80234.5625,80207.453125,80234.5625,1062912
2026-05-09 06:45:00+00:00,80213.28125,80213.2890625,80203.3203125,80207.453125,111298560
2026-05-09 06:46:00+00:00,80214.640625,80214.640625,80200.0,80203.3203125,0
2026-05-09 06:47:00+00:00,80252.6484375,80266.2421875,80214.203125,80214.203125,2072576
2026-05-09 06:48:00+00:00,80266.859375,80266.859375,80237.71875,80246.6015625,0
2026-05-09 06:49:00+00:00,80240.78125,80266.859375,80240.78125,80266.859375,0
2026-05-09 06:50:00+00:00,80204.46875,80230.828125,80204.46875,80230.828125,0
2026-05-09 06:51:00+00:00,80219.4921875,80220.0,80190.1328125,80204.46875,0
2026-05-09 06:52:00+00:00,80219.5625,80224.578125,80212.3671875,80215.4296875,0
2026-05-09 06:53:00+00:00,80204.9921875,80219.5625,80204.9921875,80219.5625,0
2026-05-09 06:54:00+00:00,80204.65625,80204.671875,80204.65625,80204.671875,0
2026-05-09 06:55:00+00:00,80232.078125,80249.546875,80210.2734375,80210.2734375,0
2026-05-09 06:56:00+00:00,80229.1796875,80232.078125,80222.5234375,80232.078125,2734080
2026-05-09 06:57:00+00:00,80234.9609375,80234.9609375,80229.1796875,80229.1796875,0
2026-05-09 06:58:00+00:00,80222.578125,80237.359375,80222.578125,80234.9921875,2977792
2026-05-09 06:59:00+00:00,80248.1328125,80249.078125,80222.59375,80222.59375,0
2026-05-09 07:00:00+00:00,80234.7421875,80253.2890625,80230.9765625,80250.953125,0
2026-05-09 07:01:00+00:00,80239.1015625,80242.7421875,80234.7578125,80234.7578125,0
2026-05-09 07:02:00+00:00,80196.28125,80241.921875,80196.2734375,80239.1015625,0
2026-05-09 07:03:00+00:00,80208.1796875,80216.203125,80200.0,80200.0,0
2026-05-09 07:04:00+00:00,80207.0078125,80208.171875,80204.78125,80208.171875,0
2026-05-09 07:05:00+00:00,80195.8828125,80196.28125,80195.8828125,80196.2734375,1329152
2026-05-09 07:06:00+00:00,80187.4296875,80187.4375,80187.4296875,80187.4296875,0
2026-05-09 07:07:00+00:00,80158.7109375,80178.6015625,80158.7109375,80178.6015625,0
2026-05-09 07:08:00+00:00,80152.921875,80158.71875,80148.5625,80158.71875,0
2026-05-09 07:09:00+00:00,80143.8515625,80154.0234375,80138.453125,80154.0234375,0
2026-05-09 07:10:00+00:00,80151.1484375,80153.2890625,80143.8515625,80143.8515625,0
2026-05-09 07:11:00+00:00,80141.2890625,80151.1484375,80141.25,80151.1484375,0
2026-05-09 07:12:00+00:00,80158.2890625,80167.453125,80133.59375,80141.296875,0
2026-05-09 07:13:00+00:00,80180.03125,80180.03125,80159.296875,80159.296875,192512
2026-05-09 07:14:00+00:00,80181.671875,80181.6796875,80179.25,80180.03125,0
2026-05-09 07:15:00+00:00,80193.15625,80193.15625,80181.671875,80181.671875,0
2026-05-09 07:16:00+00:00,80192.7890625,80195.5625,80190.4296875,80190.4296875,0
2026-05-09 07:17:00+00:00,80195.8828125,80195.90625,80192.796875,80192.796875,332881920
2026-05-09 07:18:00+00:00,80225.5234375,80225.5234375,80195.8515625,80195.90625,0
2026-05-09 07:19:00+00:00,80218.34375,80237.5703125,80218.34375,80227.46875,0
2026-05-09 07:20:00+00:00,80221.109375,80227.1875,80218.34375,80218.34375,0
2026-05-09 07:21:00+00:00,80241.0390625,80241.0390625,80221.109375,80221.109375,16613376
2026-05-09 07:22:00+00:00,80255.6171875,80255.6171875,80242.6796875,80242.6796875,267227136
2026-05-09 07:23:00+00:00,80248.6328125,80248.640625,80246.6015625,80246.6015625,9533440
2026-05-09 07:24:00+00:00,80258.4921875,80258.4921875,80248.6328125,80248.640625,0
2026-05-09 07:25:00+00:00,80266.40625,80267.65625,80262.4921875,80262.4921875,0
2026-05-09 07:26:00+00:00,80277.546875,80279.703125,80266.40625,80266.40625,0
2026-05-09 07:27:00+00:00,80252.84375,80296.609375,80252.828125,80291.7421875,0
2026-05-09 07:28:00+00:00,80237.59375,80243.6015625,80237.578125,80243.6015625,0
2026-05-09 07:29:00+00:00,80235.0234375,80237.59375,80235.0078125,80237.59375,0
2026-05-09 07:30:00+00:00,80240.2109375,80240.390625,80235.0078125,80235.0078125,0
2026-05-09 07:31:00+00:00,80255.6171875,80255.6171875,80242.109375,80242.1171875,0
2026-05-09 07:32:00+00:00,80270.2578125,80270.2578125,80256.7734375,80261.03125,0
2026-05-09 07:33:00+00:00,80256.7734375,80268.71875,80256.7734375,80268.71875,0
2026-05-09 07:34:00+00:00,80264.6484375,80264.65625,80258.8515625,80258.8515625,0
2026-05-09 07:35:00+00:00,80263.4609375,80264.6484375,80258.640625,80264.6484375,0
2026-05-09 07:36:00+00:00,80251.9609375,80258.65625,80251.9609375,80258.65625,0
2026-05-09 07:37:00+00:00,80238.6015625,80249.6171875,80222.5390625,80249.6171875,0
2026-05-09 07:38:00+00:00,80235.09375,80238.6015625,80235.09375,80238.6015625,0
2026-05-09 07:39:00+00:00,80230.21875,80235.09375,80215.0,80235.09375,0
2026-05-09 07:40:00+00:00,80230.21875,80230.2265625,80230.21875,80230.21875,0
2026-05-09 07:41:00+00:00,80230.21875,80232.6171875,80230.21875,80230.21875,0
2026-05-09 07:42:00+00:00,80219.5625,80222.53125,80219.5625,80222.5234375,0
2026-05-09 07:43:00+00:00,80198.5703125,80227.671875,80195.4765625,80219.5625,3530752
2026-05-09 07:44:00+00:00,80237.5625,80237.5625,80198.453125,80198.453125,0
2026-05-09 07:45:00+00:00,80201.96875,80227.8671875,80192.8828125,80227.8671875,0
2026-05-09 07:46:00+00:00,80171.4609375,80201.96875,80167.390625,80201.96875,0
2026-05-09 07:47:00+00:00,80167.6171875,80171.46875,80164.8125,80171.4609375,0
2026-05-09 07:48:00+00:00,80205.890625,80210.46875,80165.3984375,80165.3984375,0
2026-05-09 07:49:00+00:00,80205.8828125,80205.890625,80205.8828125,80205.890625,0
2026-05-09 07:50:00+00:00,80217.2265625,80217.2265625,80205.8828125,80205.8828125,0
2026-05-09 07:51:00+00:00,80203.96875,80217.2421875,80198.078125,80217.2265625,0
2026-05-09 07:52:00+00:00,80209.9921875,80218.890625,80209.9921875,80210.46875,0
2026-05-09 07:53:00+00:00,80209.9921875,80210.0,80209.9921875,80209.9921875,0
2026-05-09 07:54:00+00:00,80223.3984375,80223.3984375,80209.9921875,80210.0,0
2026-05-09 07:55:00+00:00,80227.859375,80227.859375,80221.5390625,80223.3984375,0
2026-05-09 07:56:00+00:00,80223.7734375,80227.8515625,80221.546875,80227.8515625,0
2026-05-09 07:57:00+00:00,80231.546875,80238.84375,80224.9609375,80224.9609375,0
2026-05-09 07:58:00+00:00,80214.859375,80231.546875,80214.859375,80231.546875,0
2026-05-09 07:59:00+00:00,80214.859375,80214.8671875,80214.859375,80214.859375,0
2026-05-09 08:00:00+00:00,80227.71875,80227.71875,80204.46875,80214.8671875,0
2026-05-09 08:01:00+00:00,80241.1484375,80241.15625,80239.8984375,80239.90625,0
2026-05-09 08:02:00+00:00,80339.2265625,80339.2265625,80241.1484375,80241.15625,0
2026-05-09 08:03:00+00:00,80357.3203125,80357.3203125,80313.203125,80332.5390625,0
2026-05-09 08:04:00+00:00,80373.6796875,80373.6796875,80336.8984375,80347.8125,0
2026-05-09 08:05:00+00:00,80342.1328125,80369.3671875,80342.1328125,80369.3671875,2787328
2026-05-09 08:06:00+00:00,80333.8984375,80342.921875,80330.453125,80333.890625,0
2026-05-09 08:07:00+00:00,80354.171875,80360.0,80333.890625,80333.8984375,0
2026-05-09 08:08:00+00:00,80355.96875,80359.046875,80354.15625,80354.15625,6017024
2026-05-09 08:09:00+00:00,80350.3515625,80350.3515625,80324.859375,80339.921875,0
2026-05-09 08:10:00+00:00,80350.34375,80350.3515625,80339.90625,80350.3515625,0
2026-05-09 08:11:00+00:00,80353.4296875,80353.4296875,80353.1484375,80353.1484375,0
2026-05-09 08:12:00+00:00,80364.40625,80364.40625,80353.4296875,80353.4296875,44914688
2026-05-09 08:13:00+00:00,80391.890625,80391.890625,80374.5,80374.5078125,0
2026-05-09 08:14:00+00:00,80387.7578125,80391.78125,80378.0234375,80391.78125,0
2026-05-09 08:15:00+00:00,80406.1484375,80406.1484375,80387.7578125,80387.7578125,0
2026-05-09 08:16:00+00:00,80394.6015625,80408.8828125,80394.6015625,80406.1484375,845824
2026-05-09 08:17:00+00:00,80397.4921875,80403.15625,80394.609375,80394.609375,0
2026-05-09 08:18:00+00:00,80400.1015625,80400.109375,80391.078125,80397.4765625,0
2026-05-09 08:19:00+00:00,80402.2890625,80402.2890625,80397.8828125,80400.1015625,0
2026-05-09 08:20:00+00:00,80391.3515625,80402.2890625,80391.3515625,80402.28125,0
2026-05-09 08:21:00+00:00,80382.4609375,80391.3515625,80382.4609375,80391.3515625,0
2026-05-09 08:22:00+00:00,80378.078125,80378.078125,80378.0703125,80378.0703125,28350464
2026-05-09 08:23:00+00:00,80375.0,80375.0,80374.9921875,80374.9921875,0
2026-05-09 08:24:00+00:00,80374.9921875,80375.0,80374.9921875,80375.0,0
2026-05-09 08:25:00+00:00,80373.3984375,80375.0,80370.0234375,80374.9921875,0
2026-05-09 08:26:00+00:00,80373.390625,80373.3984375,80373.390625,80373.390625,0
2026-05-09 08:27:00+00:00,80388.5625,80388.5625,80373.390625,80373.3984375,0
2026-05-09 08:28:00+00:00,80394.09375,80394.09375,80387.90625,80388.546875,0
2026-05-09 08:29:00+00:00,80395.671875,80395.6796875,80394.078125,80394.09375,0
2026-05-09 08:30:00+00:00,80419.3125,80420.5390625,80395.671875,80395.6796875,0
2026-05-09 08:31:00+00:00,80424.828125,80427.8671875,80419.3203125,80419.3203125,0
2026-05-09 08:32:00+00:00,80409.140625,80424.8203125,80407.28125,80424.8203125,0
2026-05-09 08:33:00+00:00,80406.1328125,80412.8125,80406.1328125,80407.28125,0
2026-05-09 08:34:00+00:00,80391.171875,80423.828125,80391.171875,80406.1328125,0
2026-05-09 08:35:00+00:00,80411.4296875,80424.171875,80391.078125,80391.078125,0
2026-05-09 08:36:00+00:00,80424.15625,80424.15625,80415.90625,80415.90625,0
2026-05-09 08:37:00+00:00,80424.9921875,80425.0,80424.171875,80424.171875,122880
2026-05-09 08:38:00+00:00,80421.9765625,80434.6171875,80420.0,80424.9921875,4595712
2026-05-09 08:39:00+00:00,80421.9765625,80421.9765625,80421.9765625,80421.9765625,0
2026-05-09 08:40:00+00:00,80413.3671875,80421.9921875,80413.3671875,80421.9921875,31348736
2026-05-09 08:41:00+00:00,80403.6796875,80417.421875,80403.671875,80413.3828125,1351680
2026-05-09 08:42:00+00:00,80385.046875,80403.6796875,80380.0078125,80403.6796875,0
2026-05-09 08:43:00+00:00,80420.59375,80420.59375,80385.0625,80385.0625,0
2026-05-09 08:44:00+00:00,80409.59375,80420.59375,80409.59375,80420.59375,0
2026-05-09 08:45:00+00:00,80410.671875,80414.53125,80407.8203125,80407.8203125,0
2026-05-09 08:46:00+00:00,80410.671875,80410.671875,80410.65625,80410.65625,1087488
2026-05-09 08:47:00+00:00,80410.703125,80410.7109375,80410.65625,80410.671875,0
2026-05-09 08:48:00+00:00,80410.671875,80410.75,80410.65625,80410.75,0
2026-05-09 08:49:00+00:00,80400.1328125,80410.6171875,80400.1328125,80410.6171875,0
2026-05-09 08:50:00+00:00,80408.4765625,80408.4765625,80401.4921875,80401.5,0
2026-05-09 08:51:00+00:00,80419.5625,80420.71875,80408.4765625,80408.4765625,0
2026-05-09 08:52:00+00:00,80419.5625,80419.5625,80419.546875,80419.546875,0
2026-05-09 08:53:00+00:00,80413.34375,80419.546875,80410.59375,80419.546875,0
2026-05-09 08:54:00+00:00,80423.5078125,80423.5078125,80411.5625,80411.5625,0
2026-05-09 08:55:00+00:00,80421.609375,80423.5234375,80421.609375,80423.5234375,0
2026-05-09 08:56:00+00:00,80395.03125,80408.453125,80395.0078125,80408.453125,0
2026-05-09 08:57:00+00:00,80396.8515625,80397.890625,80387.1796875,80397.8828125,0
2026-05-09 08:58:00+00:00,80396.78125,80400.0,80396.7734375,80396.84375,0
2026-05-09 08:59:00+00:00,80399.9921875,80400.0,80396.7734375,80396.7734375,0
2026-05-09 09:00:00+00:00,80399.9921875,80400.0,80399.9921875,80400.0,0
2026-05-09 09:01:00+00:00,80398.6796875,80399.9921875,80397.7109375,80399.9921875,0
2026-05-09 09:02:00+00:00,80400.1015625,80400.109375,80398.671875,80398.6796875,0
2026-05-09 09:03:00+00:00,80406.1328125,80406.1328125,80400.1015625,80400.1015625,2283520
2026-05-09 09:04:00+00:00,80396.890625,80400.1015625,80394.09375,80400.1015625,0
2026-05-09 09:05:00+00:00,80395.6484375,80395.6484375,80391.7890625,80391.796875,0
2026-05-09 09:06:00+00:00,80395.640625,80395.6484375,80395.640625,80395.640625,0
2026-05-09 09:07:00+00:00,80401.703125,80401.7109375,80394.4375,80394.453125,0
2026-05-09 09:08:00+00:00,80394.09375,80401.7109375,80394.09375,80401.703125,1275904
2026-05-09 09:09:00+00:00,80395.53125,80395.53125,80383.5234375,80394.1015625,0
2026-05-09 09:10:00+00:00,80370.8203125,80396.40625,80369.8203125,80396.40625,0
2026-05-09 09:11:00+00:00,80360.9921875,80370.8203125,80360.9921875,80370.8203125,0
2026-05-09 09:12:00+00:00,80360.9921875,80361.0,80360.9765625,80360.9765625,0
2026-05-09 09:13:00+00:00,80333.890625,80360.9921875,80324.859375,80360.9921875,0
2026-05-09 09:14:00+00:00,80333.03125,80336.8984375,80333.03125,80333.890625,0
2026-05-09 09:15:00+00:00,80305.828125,80333.03125,80305.828125,80333.03125,0
2026-05-09 09:16:00+00:00,80239.9765625,80305.828125,80239.9765625,80305.828125,0
2026-05-09 09:17:00+00:00,80228.546875,80249.1484375,80228.5390625,80245.8515625,0
2026-05-09 09:18:00+00:00,80248.2734375,80248.2734375,80222.9296875,80235.0390625,0
2026-05-09 09:19:00+00:00,80248.7265625,80248.828125,80232.6796875,80248.828125,7686144
2026-05-09 09:20:00+00:00,80249.9375,80249.953125,80248.7265625,80248.7421875,0
2026-05-09 09:21:00+00:00,80259.328125,80259.34375,80249.9375,80249.9375,0
2026-05-09 09:22:00+00:00,80273.1015625,80273.1015625,80268.140625,80268.140625,0
2026-05-09 09:23:00+00:00,80290.59375,80290.59375,80273.1015625,80273.1015625,0
2026-05-09 09:24:00+00:00,80300.4375,80301.890625,80290.578125,80290.578125,0
2026-05-09 09:25:00+00:00,80291.75,80300.2265625,80291.75,80300.2265625,0
2026-05-09 09:26:00+00:00,80261.6484375,80291.7578125,80261.6484375,80291.7578125,0
2026-05-09 09:27:00+00:00,80243.6015625,80255.640625,80243.578125,80255.6328125,0
2026-05-09 09:28:00+00:00,80237.6484375,80244.4296875,80237.640625,80244.421875,7335936
2026-05-09 09:29:00+00:00,80249.0,80249.0,80237.640625,80237.640625,0
2026-05-09 09:30:00+00:00,80252.6171875,80252.6171875,80248.9921875,80248.9921875,47671296
2026-05-09 09:31:00+00:00,80243.6015625,80252.6171875,80243.59375,80252.609375,0
2026-05-09 09:32:00+00:00,80265.8828125,80265.8828125,80243.59375,80243.59375,0
2026-05-09 09:33:00+00:00,80252.6328125,80266.2109375,80252.6171875,80265.0234375,40058880
2026-05-09 09:34:00+00:00,80229.7109375,80249.609375,80228.5390625,80249.609375,0
2026-05-09 09:35:00+00:00,80255.640625,80265.9921875,80244.28125,80244.28125,0
2026-05-09 09:36:00+00:00,80261.640625,80261.640625,80244.859375,80244.8671875,0
2026-05-09 09:37:00+00:00,80265.796875,80271.203125,80264.796875,80266.4296875,0
2026-05-09 09:38:00+00:00,80266.6484375,80266.65625,80265.796875,80265.796875,514048
2026-05-09 09:39:00+00:00,80242.59375,80266.65625,80242.59375,80266.6484375,11354112
2026-05-09 09:40:00+00:00,80243.2109375,80243.296875,80242.59375,80242.59375,897024
2026-05-09 09:41:00+00:00,80242.359375,80243.2109375,80225.28125,80243.2109375,0
2026-05-09 09:42:00+00:00,80238.6484375,80240.5703125,80237.53125,80240.5703125,0
2026-05-09 09:43:00+00:00,80225.5390625,80237.53125,80225.5390625,80237.53125,0
2026-05-09 09:44:00+00:00,80231.8671875,80231.8828125,80228.53125,80228.53125,3008512
2026-05-09 09:45:00+00:00,80231.8828125,80231.8828125,80231.8671875,80231.8671875,8192
2026-05-09 09:46:00+00:00,80245.140625,80245.140625,80231.8828125,80231.8828125,0
2026-05-09 09:47:00+00:00,80245.1484375,80245.1484375,80244.8828125,80244.8828125,1570816
2026-05-09 09:48:00+00:00,80245.1484375,80245.1484375,80245.140625,80245.140625,0
2026-05-09 09:49:00+00:00,80216.5,80230.0078125,80216.5,80230.0078125,970752
2026-05-09 09:50:00+00:00,80203.1171875,80213.4921875,80202.1328125,80213.4921875,0
2026-05-09 09:51:00+00:00,80216.65625,80217.9765625,80213.2734375,80215.8671875,0
2026-05-09 09:52:00+00:00,80216.0625,80216.65625,80216.0625,80216.65625,1536000
2026-05-09 09:53:00+00:00,80233.71875,80233.7265625,80216.0625,80216.0625,0
2026-05-09 09:54:00+00:00,80233.7265625,80240.3515625,80233.71875,80234.9375,0
2026-05-09 09:55:00+00:00,80235.5,80237.328125,80233.71875,80233.71875,0
2026-05-09 09:56:00+00:00,80210.0390625,80236.390625,80200.0078125,80235.546875,0
2026-05-09 09:57:00+00:00,80207.46875,80219.2578125,80207.46875,80210.0390625,0
2026-05-09 09:58:00+00:00,80207.8203125,80207.8203125,80204.4609375,80204.4609375,0
2026-05-09 09:59:00+00:00,80236.7421875,80236.7421875,80207.8125,80207.8203125,2416640
2026-05-09 10:00:00+00:00,80240.46875,80240.5,80236.7421875,80236.7421875,0
2026-05-09 10:01:00+00:00,80237.6484375,80240.0625,80237.453125,80240.0625,1980416
2026-05-09 10:02:00+00:00,80180.15625,80237.6484375,80180.15625,80237.6484375,0
2026-05-09 10:03:00+00:00,80181.28125,80188.78125,80177.9609375,80178.8671875,0
2026-05-09 10:04:00+00:00,80243.578125,80243.578125,80183.78125,80183.78125,0
2026-05-09 10:05:00+00:00,80224.34375,80243.5625,80224.34375,80243.5625,0
2026-05-09 10:06:00+00:00,80207.4765625,80224.3515625,80207.46875,80224.3515625,0
2026-05-09 10:07:00+00:00,80186.3984375,80207.4765625,80186.3984375,80207.4765625,3852288
2026-05-09 10:08:00+00:00,80182.6328125,80186.40625,80182.6328125,80186.3984375,0
2026-05-09 10:09:00+00:00,80175.109375,80175.65625,80160.0,80175.65625,0
2026-05-09 10:10:00+00:00,80192.46875,80192.46875,80177.359375,80177.359375,0
2026-05-09 10:11:00+00:00,80193.65625,80193.671875,80192.21875,80192.21875,0
2026-05-09 10:12:00+00:00,80202.078125,80202.078125,80193.65625,80193.65625,250908672
2026-05-09 10:13:00+00:00,80213.4765625,80213.4765625,80208.7734375,80208.7734375,1060864
2026-05-09 10:14:00+00:00,80211.921875,80213.4921875,80211.921875,80213.4765625,0
2026-05-09 10:15:00+00:00,80216.4921875,80216.4921875,80211.921875,80211.9296875,0
2026-05-09 10:16:00+00:00,80240.5703125,80240.5703125,80222.4375,80222.4375,0
2026-05-09 10:17:00+00:00,80234.5625,80240.5703125,80234.5625,80240.5703125,845824
2026-05-09 10:18:00+00:00,80233.3515625,80234.5703125,80231.859375,80234.5625,5115904
2026-05-09 10:19:00+00:00,80187.796875,80234.5703125,80187.796875,80233.3515625,0
2026-05-09 10:20:00+00:00,80211.5234375,80211.53125,80204.4765625,80204.4765625,0
2026-05-09 10:21:00+00:00,80208.9375,80208.9375,80208.9296875,80208.9375,0
2026-05-09 10:22:00+00:00,80210.921875,80210.921875,80208.9296875,80208.9375,0
2026-05-09 10:23:00+00:00,80192.7265625,80210.90625,80192.7265625,80210.90625,2660352
2026-05-09 10:24:00+00:00,80218.703125,80218.703125,80180.7265625,80192.4296875,0
2026-05-09 10:25:00+00:00,80223.7578125,80223.7734375,80218.703125,80218.703125,0
2026-05-09 10:26:00+00:00,80227.3125,80227.3125,80223.7578125,80223.7578125,0
2026-05-09 10:27:00+00:00,80237.9609375,80246.03125,80227.296875,80227.296875,0
2026-05-09 10:28:00+00:00,80251.84375,80251.84375,80237.9609375,80237.9609375,0
2026-05-09 10:29:00+00:00,80193.2578125,80246.9609375,80193.2578125,80246.0078125,5969920
2026-05-09 10:30:00+00:00,80221.7734375,80221.78125,80204.4375,80204.4609375,0
2026-05-09 10:31:00+00:00,80230.453125,80230.453125,80221.7734375,80221.7734375,0
2026-05-09 10:32:00+00:00,80238.4921875,80238.4921875,80230.453125,80230.453125,0
2026-05-09 10:33:00+00:00,80242.8515625,80242.859375,80238.7890625,80238.7890625,28026880
2026-05-09 10:34:00+00:00,80253.453125,80253.4609375,80242.8515625,80242.859375,0
2026-05-09 10:35:00+00:00,80269.953125,80269.953125,80254.7578125,80254.7578125,0
2026-05-09 10:36:00+00:00,80258.640625,80265.796875,80258.640625,80265.7890625,0
2026-05-09 10:37:00+00:00,80255.640625,80258.640625,80255.6328125,80258.640625,0
2026-05-09 10:38:00+00:00,80255.921875,80255.921875,80255.6328125,80255.6328125,0
2026-05-09 10:39:00+00:00,80323.65625,80323.65625,80269.9609375,80269.9609375,0
2026-05-09 10:40:00+00:00,80327.3125,80330.890625,80323.65625,80323.65625,0
2026-05-09 10:41:00+00:00,80317.34375,80327.296875,80317.203125,80327.296875,0
2026-05-09 10:42:00+00:00,80317.34375,80317.3515625,80317.34375,80317.34375,0
2026-05-09 10:43:00+00:00,80327.8671875,80327.8671875,80317.34375,80317.3515625,0
2026-05-09 10:44:00+00:00,80318.8515625,80327.8671875,80318.84375,80327.859375,0
2026-05-09 10:45:00+00:00,80312.8203125,80317.34375,80312.8203125,80317.34375,0
2026-05-09 10:46:00+00:00,80300.7890625,80312.828125,80300.7890625,80312.828125,0
2026-05-09 10:47:00+00:00,80278.8125,80300.7890625,80278.8125,80300.7890625,0
2026-05-09 10:48:00+00:00,80266.8125,80278.1484375,80266.8125,80278.1484375,26419200
2026-05-09 10:49:00+00:00,80251.46875,80266.671875,80251.1171875,80266.671875,0
2026-05-09 10:50:00+00:00,80251.4609375,80251.46875,80251.4609375,80251.4609375,0
2026-05-09 10:51:00+00:00,80255.4921875,80255.5,80251.4609375,80251.46875,0
2026-05-09 10:52:00+00:00,80261.671875,80267.75,80261.65625,80263.9375,0
2026-05-09 10:53:00+00:00,80270.28125,80270.28125,80258.859375,80261.671875,0
2026-05-09 10:54:00+00:00,80270.2734375,80270.28125,80270.2734375,80270.2734375,0
2026-05-09 10:55:00+00:00,80270.7109375,80270.71875,80270.2734375,80270.28125,0
2026-05-09 10:56:00+00:00,80270.796875,80273.6796875,80270.71875,80270.71875,0
2026-05-09 10:57:00+00:00,80247.2265625,80260.6484375,80247.2265625,80260.6484375,0
2026-05-09 10:58:00+00:00,80252.421875,80252.421875,80252.40625,80252.40625,0
2026-05-09 10:59:00+00:00,80259.3203125,80261.4765625,80252.421875,80252.421875,0
2026-05-09 11:00:00+00:00,80241.7421875,80249.609375,80241.7421875,80249.609375,0
2026-05-09 11:01:00+00:00,80241.7265625,80241.7421875,80241.7265625,80241.7421875,0
2026-05-09 11:02:00+00:00,80285.71875,80285.71875,80241.7265625,80241.7265625,0
2026-05-09 11:03:00+00:00,80276.8125,80286.28125,80273.6875,80286.28125,0
2026-05-09 11:04:00+00:00,80285.078125,80285.078125,80276.8125,80276.8125,0
2026-05-09 11:05:00+00:00,80263.609375,80285.09375,80252.6328125,80285.078125,0
2026-05-09 11:06:00+00:00,80267.6484375,80267.65625,80263.6171875,80263.6171875,0
2026-05-09 11:07:00+00:00,80267.8828125,80267.890625,80267.6484375,80267.6484375,0
2026-05-09 11:08:00+00:00,80285.7421875,80291.7734375,80270.21875,80270.21875,0
2026-05-09 11:09:00+00:00,80279.7109375,80287.296875,80279.7109375,80285.7265625,0
2026-05-09 11:10:00+00:00,80309.796875,80309.796875,80287.640625,80287.640625,0
2026-05-09 11:11:00+00:00,80315.6484375,80315.7578125,80309.796875,80309.796875,2168832
2026-05-09 11:12:00+00:00,80313.3125,80315.65625,80313.296875,80315.6484375,0
2026-05-09 11:13:00+00:00,80315.84375,80323.0078125,80313.296875,80313.3125,0
2026-05-09 11:14:00+00:00,80315.84375,80315.84375,80315.828125,80315.84375,0
2026-05-09 11:15:00+00:00,80310.3515625,80315.828125,80309.1328125,80315.828125,18184192
2026-05-09 11:16:00+00:00,80312.7265625,80312.7421875,80306.796875,80310.2421875,0
2026-05-09 11:17:00+00:00,80332.5703125,80332.5703125,80309.921875,80309.921875,0
2026-05-09 11:18:00+00:00,80330.4765625,80330.890625,80324.859375,80330.890625,0
2026-05-09 11:19:00+00:00,80331.0703125,80339.140625,80330.53125,80330.53125,0
2026-05-09 11:20:00+00:00,80339.859375,80339.859375,80331.0703125,80331.078125,0
2026-05-09 11:21:00+00:00,80362.8515625,80362.8515625,80355.7578125,80355.7578125,0
2026-05-09 11:22:00+00:00,80357.96875,80364.21875,80357.96875,80363.421875,0
2026-05-09 11:23:00+00:00,80347.6875,80359.671875,80347.6875,80357.96875,0
2026-05-09 11:24:00+00:00,80331.15625,80347.703125,80331.15625,80347.703125,0
2026-05-09 11:25:00+00:00,80336.2265625,80336.2265625,80331.15625,80331.15625,0
2026-05-09 11:26:00+00:00,80331.1796875,80336.2265625,80331.1796875,80336.21875,864256
2026-05-09 11:27:00+00:00,80335.1171875,80335.1171875,80331.171875,80331.171875,0
2026-05-09 11:28:00+00:00,80333.5625,80335.109375,80333.5625,80335.109375,0
2026-05-09 11:29:00+00:00,80338.21875,80338.21875,80333.5703125,80333.5703125,0
2026-05-09 11:30:00+00:00,80330.8828125,80338.21875,80330.8828125,80338.2109375,0
2026-05-09 11:31:00+00:00,80330.890625,80330.890625,80330.8828125,80330.890625,0
2026-05-09 11:32:00+00:00,80330.8828125,80330.890625,80330.8828125,80330.890625,0
2026-05-09 11:33:00+00:00,80326.53125,80330.53125,80326.53125,80330.5234375,0
2026-05-09 11:34:00+00:00,80350.4765625,80350.4765625,80326.5390625,80326.5390625,0
2026-05-09 11:35:00+00:00,80339.90625,80353.0703125,80339.90625,80353.0703125,0
2026-05-09 11:36:00+00:00,80335.640625,80335.6484375,80335.640625,80335.640625,0
2026-05-09 11:37:00+00:00,80330.890625,80335.6484375,80330.8828125,80335.6484375,0
2026-05-09 11:38:00+00:00,80330.890625,80330.890625,80330.8828125,80330.8828125,3543040
2026-05-09 11:39:00+00:00,80335.953125,80335.9609375,80330.8828125,80330.8828125,0
2026-05-09 11:40:00+00:00,80325.109375,80335.9609375,80325.109375,80335.953125,0
2026-05-09 11:41:00+00:00,80325.109375,80325.109375,80325.1015625,80325.109375,0
2026-05-09 11:42:00+00:00,80335.1015625,80335.109375,80325.1015625,80325.1015625,0
2026-05-09 11:43:00+00:00,80335.109375,80335.109375,80335.1015625,80335.1015625,0
2026-05-09 11:44:00+00:00,80339.4375,80339.4375,80327.8671875,80335.1171875,0
2026-05-09 11:45:00+00:00,80353.46875,80353.46875,80349.9609375,80349.9609375,0
2026-05-09 11:46:00+00:00,80352.4296875,80354.65625,80349.609375,80354.65625,0
2026-05-09 11:47:00+00:00,80360.96875,80360.96875,80352.4296875,80352.4296875,0
2026-05-09 11:48:00+00:00,80360.546875,80360.546875,80360.5390625,80360.5390625,0
2026-05-09 11:49:00+00:00,80314.890625,80360.546875,80314.890625,80360.5390625,0
2026-05-09 11:50:00+00:00,80336.8984375,80336.90625,80314.890625,80314.890625,0
2026-05-09 11:51:00+00:00,80339.0078125,80341.921875,80336.8984375,80336.8984375,0
2026-05-09 11:52:00+00:00,80334.7578125,80339.0234375,80334.7578125,80339.0234375,0
2026-05-09 11:53:00+00:00,80330.7421875,80334.7734375,80330.7265625,80334.7578125,651264
2026-05-09 11:54:00+00:00,80330.7265625,80330.7421875,80330.7265625,80330.7421875,5588992
2026-05-09 11:55:00+00:00,80341.953125,80341.953125,80330.7421875,80330.7421875,0
2026-05-09 11:56:00+00:00,80357.96875,80357.96875,80341.9609375,80341.9609375,966656
2026-05-09 11:57:00+00:00,80357.9609375,80357.96875,80357.9609375,80357.96875,0
2026-05-09 11:58:00+00:00,80365.9609375,80365.9609375,80357.9609375,80357.9609375,0
2026-05-09 11:59:00+00:00,80330.5,80365.9609375,80330.5,80365.953125,937984
2026-05-09 12:00:00+00:00,80330.15625,80330.171875,80315.96875,80315.96875,0
2026-05-09 12:01:00+00:00,80339.2109375,80339.2109375,80330.15625,80330.171875,3932160
2026-05-09 12:02:00+00:00,80347.296875,80347.296875,80339.2109375,80339.2109375,0
2026-05-09 12:03:00+00:00,80346.65625,80347.296875,80346.359375,80347.296875,0
2026-05-09 12:04:00+00:00,80357.2265625,80357.2265625,80346.6484375,80346.65625,0
2026-05-09 12:05:00+00:00,80373.6015625,80373.609375,80357.21875,80357.21875,0
2026-05-09 12:06:00+00:00,80343.421875,80373.609375,80343.421875,80373.609375,0
2026-05-09 12:07:00+00:00,80324.859375,80343.40625,80324.859375,80343.40625,0
2026-05-09 12:08:00+00:00,80311.25,80321.8671875,80311.2421875,80321.8671875,1716224
2026-05-09 12:09:00+00:00,80297.5703125,80303.7890625,80291.96875,80303.7890625,0
2026-05-09 12:10:00+00:00,80297.390625,80297.5703125,80297.390625,80297.5703125,1720320
2026-05-09 12:11:00+00:00,80305.9375,80305.9375,80292.9921875,80292.9921875,0
2026-05-09 12:12:00+00:00,80312.7421875,80312.75,80305.9296875,80305.9375,0
2026-05-09 12:13:00+00:00,80312.75,80312.75,80312.7421875,80312.7421875,2183168
2026-05-09 12:14:00+00:00,80300.78125,80312.75,80300.78125,80312.75,2029568
2026-05-09 12:15:00+00:00,80293.0,80300.796875,80293.0,80300.7890625,34818048
2026-05-09 12:16:00+00:00,80282.1484375,80290.0078125,80280.9765625,80290.0078125,0
2026-05-09 12:17:00+00:00,80260.578125,80276.7109375,80260.578125,80276.703125,0
2026-05-09 12:18:00+00:00,80259.7109375,80259.71875,80257.7421875,80257.75,0
2026-05-09 12:19:00+00:00,80317.5078125,80317.5078125,80257.65625,80259.71875,0
2026-05-09 12:20:00+00:00,80316.7890625,80320.578125,80316.7890625,80320.578125,0
2026-05-09 12:21:00+00:00,80342.90625,80342.90625,80317.7734375,80317.7734375,0
2026-05-09 12:22:00+00:00,80382.03125,80382.03125,80345.9609375,80345.9609375,0
2026-05-09 12:23:00+00:00,80369.4375,80382.0390625,80366.7421875,80382.03125,3104768
2026-05-09 12:24:00+00:00,80394.078125,80394.09375,80369.4375,80369.4375,41580544
2026-05-09 12:25:00+00:00,80389.90625,80406.0234375,80389.8984375,80394.078125,0
2026-05-09 12:26:00+00:00,80388.0703125,80389.8984375,80388.0703125,80389.8984375,0
2026-05-09 12:27:00+00:00,80383.0625,80388.0703125,80374.2890625,80388.0703125,5711872
2026-05-09 12:28:00+00:00,80384.2578125,80384.2578125,80383.046875,80383.046875,0
2026-05-09 12:29:00+00:00,80407.0,80407.0,80384.2578125,80384.2578125,0
2026-05-09 12:30:00+00:00,80377.390625,80400.1171875,80377.390625,80400.109375,0
2026-05-09 12:31:00+00:00,80360.9765625,80377.390625,80360.9765625,80377.390625,0
2026-05-09 12:32:00+00:00,80355.1328125,80355.140625,80355.1328125,80355.1328125,0
2026-05-09 12:33:00+00:00,80328.3828125,80344.453125,80328.3671875,80344.453125,0
2026-05-09 12:34:00+00:00,80347.03125,80347.03125,80328.3671875,80328.3671875,0
2026-05-09 12:35:00+00:00,80324.859375,80347.03125,80324.859375,80347.03125,0
2026-05-09 12:36:00+00:00,80325.8515625,80325.8515625,80325.8515625,80325.8515625,0
2026-05-09 12:37:00+00:00,80340.2109375,80340.2109375,80325.8515625,80325.8515625,0
2026-05-09 12:38:00+00:00,80336.1875,80340.2109375,80336.1875,80340.203125,0
2026-05-09 12:39:00+00:00,80327.8671875,80336.4296875,80327.8671875,80334.8828125,395264
2026-05-09 12:40:00+00:00,80336.890625,80336.890625,80325.8515625,80325.8515625,414685184
2026-05-09 12:41:00+00:00,80337.8828125,80337.890625,80325.859375,80336.890625,0
2026-05-09 12:42:00+00:00,80339.9921875,80339.9921875,80336.3515625,80337.8828125,0
2026-05-09 12:43:00+00:00,80351.1015625,80351.1015625,80339.9921875,80339.9921875,0
2026-05-09 12:44:00+00:00,80349.5,80354.140625,80349.5,80354.140625,0
2026-05-09 12:45:00+00:00,80346.171875,80349.5,80341.1328125,80349.5,0
2026-05-09 12:46:00+00:00,80369.3125,80369.3203125,80353.1171875,80353.1171875,0
2026-05-09 12:47:00+00:00,80371.3515625,80371.359375,80369.3125,80369.3125,0
2026-05-09 12:48:00+00:00,80372.359375,80372.3671875,80371.3515625,80371.3515625,0
2026-05-09 12:49:00+00:00,80384.0234375,80385.046875,80372.359375,80372.3671875,68044800
2026-05-09 12:50:00+00:00,80388.96875,80388.96875,80384.0234375,80384.0234375,0
2026-05-09 12:51:00+00:00,80388.96875,80388.96875,80388.96875,80388.96875,1617920
2026-05-09 12:52:00+00:00,80407.53125,80407.53125,80381.671875,80388.96875,0
2026-05-09 12:53:00+00:00,80403.1171875,80411.21875,80403.1171875,80407.53125,0
2026-05-09 12:54:00+00:00,80394.3125,80403.1171875,80394.3125,80403.1171875,0
2026-05-09 12:55:00+00:00,80378.0703125,80394.3203125,80378.0703125,80394.3125,0
2026-05-09 12:56:00+00:00,80377.2734375,80377.28125,80377.0234375,80377.0234375,71438336
2026-05-09 12:57:00+00:00,80389.921875,80389.921875,80377.2890625,80377.2890625,0
2026-05-09 12:58:00+00:00,80399.9921875,80399.9921875,80389.921875,80389.921875,0
2026-05-09 12:59:00+00:00,80400.0078125,80400.7890625,80399.9921875,80400.0,0
2026-05-09 13:00:00+00:00,80393.59375,80393.6015625,80393.59375,80393.59375,0
2026-05-09 13:01:00+00:00,80394.8984375,80394.90625,80393.59375,80393.59375,0
2026-05-09 13:02:00+00:00,80405.9765625,80405.9765625,80394.8984375,80394.8984375,0
2026-05-09 13:03:00+00:00,80373.0234375,80407.6484375,80373.0234375,80407.6484375,0
2026-05-09 13:04:00+00:00,80369.359375,80369.7109375,80367.9609375,80369.7109375,0
2026-05-09 13:05:00+00:00,80370.0078125,80378.40625,80369.359375,80369.359375,0
2026-05-09 13:06:00+00:00,80380.0,80380.0,80370.0078125,80370.0078125,0
2026-05-09 13:07:00+00:00,80382.453125,80382.4609375,80382.453125,80382.4609375,0
2026-05-09 13:08:00+00:00,80403.09375,80403.09375,80388.4765625,80391.2890625,0
2026-05-09 13:09:00+00:00,80407.9375,80407.9375,80400.8984375,80403.078125,0
2026-05-09 13:10:00+00:00,80400.546875,80408.1171875,80400.546875,80407.9375,0
2026-05-09 13:11:00+00:00,80389.1796875,80395.65625,80389.1796875,80395.6484375,0
2026-05-09 13:12:00+00:00,80373.671875,80389.1875,80373.65625,80389.1875,0
2026-05-09 13:13:00+00:00,80373.703125,80373.703125,80372.453125,80373.65625,0
2026-05-09 13:14:00+00:00,80403.3828125,80403.3828125,80373.6875,80373.703125,0
2026-05-09 13:15:00+00:00,80405.78125,80422.7890625,80405.78125,80422.7890625,0
2026-05-09 13:16:00+00:00,80400.109375,80405.7890625,80400.109375,80405.78125,0
2026-05-09 13:17:00+00:00,80408.3984375,80408.3984375,80400.109375,80400.109375,0
2026-05-09 13:18:00+00:00,80385.0625,80408.3984375,80385.0625,80408.3984375,0
2026-05-09 13:19:00+00:00,80378.390625,80383.859375,80375.6171875,80383.859375,0
2026-05-09 13:20:00+00:00,80369.7421875,80379.6015625,80366.9921875,80378.3984375,108769280
2026-05-09 13:21:00+00:00,80357.96875,80364.203125,80357.96875,80364.1875,0
2026-05-09 13:22:00+00:00,80342.96875,80351.953125,80342.96875,80351.953125,0
2026-05-09 13:23:00+00:00,80349.8203125,80349.8203125,80342.96875,80342.96875,0
2026-05-09 13:24:00+00:00,80349.953125,80356.1484375,80349.953125,80354.9765625,0
2026-05-09 13:25:00+00:00,80356.140625,80356.1484375,80349.953125,80349.953125,0
2026-05-09 13:26:00+00:00,80371.4765625,80371.8984375,80356.140625,80356.140625,0
2026-05-09 13:27:00+00:00,80381.4921875,80381.4921875,80371.4765625,80371.4921875,0
2026-05-09 13:28:00+00:00,80391.0703125,80391.078125,80381.4921875,80381.4921875,0
2026-05-09 13:29:00+00:00,80337.421875,80396.890625,80337.421875,80394.078125,2781184
2026-05-09 13:30:00+00:00,80365.7578125,80365.7734375,80343.4921875,80345.3515625,0
2026-05-09 13:31:00+00:00,80357.96875,80365.7578125,80357.96875,80365.7578125,0
2026-05-09 13:32:00+00:00,80373.4296875,80373.4296875,80357.9765625,80357.9765625,387072
2026-05-09 13:33:00+00:00,80372.2421875,80373.4296875,80371.0078125,80373.4296875,0
2026-05-09 13:34:00+00:00,80334.9296875,80372.25,80334.9296875,80372.2421875,0
2026-05-09 13:35:00+00:00,80363.71875,80363.71875,80332.390625,80332.390625,0
2026-05-09 13:36:00+00:00,80372.9296875,80377.2109375,80363.7109375,80363.7109375,0
2026-05-09 13:37:00+00:00,80380.828125,80380.84375,80372.9375,80372.9375,0
2026-05-09 13:38:00+00:00,80367.0078125,80380.84375,80367.0078125,80380.828125,0
2026-05-09 13:39:00+00:00,80363.9921875,80367.0078125,80363.9921875,80367.0078125,0
2026-05-09 13:40:00+00:00,80306.796875,80363.5,80306.796875,80363.5,0
2026-05-09 13:41:00+00:00,80311.6328125,80319.8515625,80306.84375,80306.84375,0
2026-05-09 13:42:00+00:00,80323.640625,80323.640625,80322.4765625,80322.4765625,0
2026-05-09 13:43:00+00:00,80331.2734375,80331.2734375,80323.640625,80323.640625,0
2026-05-09 13:44:00+00:00,80332.4765625,80332.4921875,80331.2734375,80331.2734375,0
2026-05-09 13:45:00+00:00,80360.7734375,80360.7734375,80339.8984375,80339.8984375,0
2026-05-09 13:46:00+00:00,80363.4921875,80365.09375,80362.109375,80362.109375,0
2026-05-09 13:47:00+00:00,80360.7734375,80363.5703125,80360.7734375,80363.5,0
2026-05-09 13:48:00+00:00,80355.8828125,80363.546875,80355.859375,80362.6015625,0
2026-05-09 13:49:00+00:00,80346.453125,80355.8671875,80346.453125,80355.8671875,0
2026-05-09 13:50:00+00:00,80342.9296875,80346.4609375,80342.9296875,80346.4609375,0
2026-05-09 13:51:00+00:00,80332.8125,80342.9296875,80332.796875,80342.9296875,0
2026-05-09 13:52:00+00:00,80332.1015625,80332.5,80330.8828125,80332.5,0
2026-05-09 13:53:00+00:00,80332.796875,80332.8125,80332.1015625,80332.1015625,0
2026-05-09 13:54:00+00:00,80361.2890625,80364.84375,80332.8125,80332.8125,0
2026-05-09 13:55:00+00:00,80360.953125,80361.328125,80359.65625,80361.328125,0
2026-05-09 13:56:00+00:00,80374.9921875,80374.9921875,80360.9375,80360.9375,0
2026-05-09 13:57:00+00:00,80377.921875,80377.921875,80372.5703125,80372.578125,0
2026-05-09 13:58:00+00:00,80385.7734375,80385.7734375,80377.9296875,80377.9296875,0
2026-05-09 13:59:00+00:00,80391.53125,80391.53125,80384.7109375,80385.7734375,0
2026-05-09 14:00:00+00:00,80384.7109375,80397.1328125,80384.7109375,80391.5234375,0
2026-05-09 14:01:00+00:00,80388.9609375,80388.96875,80373.59375,80373.59375,0
2026-05-09 14:02:00+00:00,80385.0625,80388.96875,80385.0625,80388.9609375,0
2026-05-09 14:03:00+00:00,80367.0,80387.8984375,80367.0,80385.046875,0
2026-05-09 14:04:00+00:00,80362.296875,80367.0078125,80352.8984375,80367.0078125,2430976
2026-05-09 14:05:00+00:00,80353.671875,80362.296875,80345.3984375,80362.296875,0
2026-05-09 14:06:00+00:00,80374.84375,80374.84375,80350.8828125,80353.671875,0
2026-05-09 14:07:00+00:00,80367.0078125,80374.84375,80367.0,80374.828125,0
2026-05-09 14:08:00+00:00,80368.9921875,80369.0,80368.4296875,80368.4296875,0
2026-05-09 14:09:00+00:00,80351.953125,80372.09375,80351.953125,80368.9921875,0
2026-05-09 14:10:00+00:00,80363.921875,80365.109375,80351.9609375,80351.9609375,0
2026-05-09 14:11:00+00:00,80395.15625,80395.15625,80357.3203125,80363.921875,0
2026-05-09 14:12:00+00:00,80416.2421875,80416.2421875,80405.3671875,80405.3671875,0
2026-05-09 14:13:00+00:00,80392.1875,80416.25,80392.1875,80416.25,0
2026-05-09 14:14:00+00:00,80384.6796875,80392.1875,80376.03125,80392.1875,0
2026-05-09 14:15:00+00:00,80374.8515625,80384.6796875,80374.8515625,80384.6796875,0
2026-05-09 14:16:00+00:00,80364.03125,80370.1328125,80350.0078125,80369.7421875,0
2026-05-09 14:17:00+00:00,80381.6015625,80382.046875,80364.03125,80364.03125,0
2026-05-09 14:18:00+00:00,80382.59375,80385.15625,80373.296875,80382.171875,0
2026-05-09 14:19:00+00:00,80364.046875,80373.0234375,80364.046875,80373.0234375,0
2026-05-09 14:20:00+00:00,80364.109375,80371.21875,80364.0703125,80364.0703125,0
2026-05-09 14:21:00+00:00,80380.5703125,80380.5703125,80369.46875,80369.46875,0
2026-05-09 14:22:00+00:00,80363.4375,80382.6015625,80363.4375,80380.5703125,0
2026-05-09 14:23:00+00:00,80294.0,80354.9609375,80294.0,80354.9609375,0
2026-05-09 14:24:00+00:00,80312.4921875,80313.3125,80288.890625,80294.0,0
2026-05-09 14:25:00+00:00,80294.1171875,80309.8203125,80292.0,80309.8125,0
2026-05-09 14:26:00+00:00,80287.15625,80294.1171875,80276.203125,80294.1171875,0
2026-05-09 14:27:00+00:00,80281.75,80287.6015625,80273.6875,80282.9765625,0
2026-05-09 14:28:00+00:00,80243.40625,80281.75,80243.40625,80281.75,0
2026-05-09 14:29:00+00:00,80312.609375,80336.84375,80258.3984375,80258.3984375,0
2026-05-09 14:30:00+00:00,80318.8515625,80328.6171875,80315.6328125,80315.6328125,0
2026-05-09 14:31:00+00:00,80305.28125,80309.8203125,80294.7578125,80309.8203125,0
2026-05-09 14:32:00+00:00,80308.578125,80308.578125,80291.75,80305.28125,4962304
2026-05-09 14:33:00+00:00,80293.0,80308.1875,80288.2265625,80301.046875,0
2026-05-09 14:34:00+00:00,80270.890625,80297.84375,80270.1484375,80297.84375,0
2026-05-09 14:35:00+00:00,80255.640625,80270.15625,80255.640625,80270.15625,0
2026-05-09 14:36:00+00:00,80261.640625,80261.6484375,80248.8203125,80250.0390625,0
2026-05-09 14:37:00+00:00,80241.3828125,80261.640625,80241.3828125,80261.640625,0
2026-05-09 14:38:00+00:00,80255.1796875,80269.21875,80242.859375,80261.359375,0
2026-05-09 14:39:00+00:00,80276.6875,80276.6875,80252.6171875,80252.6171875,0
2026-05-09 14:40:00+00:00,80266.2890625,80279.5078125,80266.28125,80279.5078125,0
2026-05-09 14:41:00+00:00,80271.9375,80271.9375,80266.3515625,80266.3515625,0
2026-05-09 14:42:00+00:00,80289.3671875,80290.0390625,80271.9375,80271.953125,0
2026-05-09 14:43:00+00:00,80339.96875,80339.96875,80309.609375,80309.609375,0
2026-05-09 14:44:00+00:00,80327.890625,80340.5625,80327.8671875,80340.5078125,0
2026-05-09 14:45:00+00:00,80332.078125,80332.078125,80327.890625,80327.8984375,0
2026-05-09 14:46:00+00:00,80332.6015625,80332.6015625,80332.1015625,80332.1015625,0
2026-05-09 14:47:00+00:00,80356.9375,80356.9375,80332.59375,80332.6015625,0
2026-05-09 14:48:00+00:00,80370.0234375,80373.40625,80370.0,80373.40625,0
2026-05-09 14:49:00+00:00,80336.8984375,80352.5234375,80336.8984375,80352.421875,0
2026-05-09 14:50:00+00:00,80328.0,80336.90625,80328.0,80336.90625,0
2026-05-09 14:51:00+00:00,80306.5234375,80324.859375,80295.3984375,80324.859375,0
2026-05-09 14:52:00+00:00,80277.5390625,80306.53125,80250.7265625,80306.53125,0
2026-05-09 14:53:00+00:00,80287.21875,80289.5625,80277.5390625,80277.5390625,0
2026-05-09 14:54:00+00:00,80296.7734375,80296.7734375,80287.4296875,80287.4296875,0
2026-05-09 14:55:00+00:00,80301.7109375,80301.7109375,80288.7421875,80288.75,0
2026-05-09 14:56:00+00:00,80327.7109375,80328.4375,80312.859375,80316.4296875,0
2026-05-09 14:57:00+00:00,80327.140625,80343.96875,80327.1328125,80327.7109375,0
2026-05-09 14:58:00+00:00,80326.890625,80327.1796875,80326.8828125,80327.15625,0
2026-05-09 14:59:00+00:00,80325.34375,80328.0390625,80325.34375,80326.921875,1849344
2026-05-09 15:00:00+00:00,80308.6171875,80315.7578125,80306.9296875,80314.21875,0
2026-05-09 15:01:00+00:00,80324.34375,80324.8515625,80306.1015625,80308.6328125,0
2026-05-09 15:02:00+00:00,80345.90625,80345.921875,80333.09375,80333.09375,0
2026-05-09 15:03:00+00:00,80342.9296875,80349.2578125,80342.9296875,80345.921875,0
2026-05-09 15:04:00+00:00,80325.0703125,80344.3125,80325.0703125,80344.2890625,0
2026-05-09 15:05:00+00:00,80286.34375,80328.15625,80282.7265625,80325.0625,0
2026-05-09 15:06:00+00:00,80288.671875,80292.9921875,80273.6875,80292.9921875,0
2026-05-09 15:07:00+00:00,80285.71875,80288.65625,80278.2421875,80288.65625,0
2026-05-09 15:08:00+00:00,80285.7265625,80294.40625,80285.71875,80285.71875,0
2026-05-09 15:09:00+00:00,80259.2734375,80285.7265625,80259.21875,80285.7265625,0
2026-05-09 15:10:00+00:00,80276.7109375,80284.0625,80265.40625,80267.65625,0
2026-05-09 15:11:00+00:00,80230.2421875,80264.671875,80230.2421875,80264.65625,0
2026-05-09 15:12:00+00:00,80236.359375,80238.21875,80220.796875,80223.890625,495616
2026-05-09 15:13:00+00:00,80285.0234375,80285.0234375,80239.0234375,80239.8828125,2162688
2026-05-09 15:14:00+00:00,80295.0078125,80295.0078125,80274.9921875,80285.9296875,0
2026-05-09 15:15:00+00:00,80336.890625,80336.890625,80295.0078125,80295.0078125,20035584
2026-05-09 15:16:00+00:00,80333.8828125,80333.890625,80325.0234375,80325.0234375,0
2026-05-09 15:17:00+00:00,80359.9921875,80359.9921875,80333.890625,80333.890625,0
2026-05-09 15:18:00+00:00,80348.6171875,80375.5078125,80339.671875,80375.5078125,0
2026-05-09 15:19:00+00:00,80349.78125,80349.78125,80347.40625,80348.6171875,0
2026-05-09 15:20:00+00:00,80383.2890625,80383.859375,80349.7890625,80349.7890625,0
2026-05-09 15:21:00+00:00,80381.9921875,80398.9921875,80381.9921875,80383.296875,0
2026-05-09 15:22:00+00:00,80362.6796875,80382.0,80362.6796875,80382.0,0
2026-05-09 15:23:00+00:00,80376.0625,80376.0703125,80362.671875,80362.6796875,0
2026-05-09 15:24:00+00:00,80371.171875,80376.0703125,80370.0078125,80376.0625,0
2026-05-09 15:25:00+00:00,80404.6171875,80404.6171875,80374.9921875,80374.9921875,4329472
2026-05-09 15:26:00+00:00,80409.7890625,80409.7890625,80401.2421875,80404.65625,0
2026-05-09 15:27:00+00:00,80403.15625,80409.78125,80403.1171875,80409.78125,0
2026-05-09 15:28:00+00:00,80395.7578125,80402.109375,80392.9375,80402.0390625,0
2026-05-09 15:29:00+00:00,80406.7578125,80407.8671875,80398.2578125,80398.2734375,0
2026-05-09 15:30:00+00:00,80464.109375,80464.4765625,80406.7578125,80406.7578125,34304000
2026-05-09 15:31:00+00:00,80445.4609375,80469.828125,80445.453125,80464.109375,0
2026-05-09 15:32:00+00:00,80446.5234375,80449.8125,80429.4296875,80449.8125,0
2026-05-09 15:33:00+00:00,80429.6484375,80446.5234375,80429.640625,80446.5234375,0
2026-05-09 15:34:00+00:00,80437.46875,80439.2265625,80429.640625,80429.640625,0
2026-05-09 15:35:00+00:00,80465.6015625,80470.0703125,80437.4609375,80437.4609375,0
2026-05-09 15:36:00+00:00,80465.4765625,80465.4921875,80460.90625,80465.4765625,0
2026-05-09 15:37:00+00:00,80487.3984375,80513.3828125,80487.3984375,80493.140625,0
2026-05-09 15:38:00+00:00,80499.453125,80506.5703125,80488.3984375,80488.3984375,0
2026-05-09 15:39:00+00:00,80507.7421875,80507.7421875,80496.90625,80499.453125,0
2026-05-09 15:40:00+00:00,80511.828125,80532.40625,80511.828125,80520.3984375,6301696
2026-05-09 15:41:00+00:00,80534.828125,80534.828125,80516.078125,80516.078125,2926592
2026-05-09 15:42:00+00:00,80516.046875,80590.4921875,80493.3203125,80533.6171875,0
2026-05-09 15:43:00+00:00,80482.703125,80504.4296875,80436.671875,80504.4296875,1470464
2026-05-09 15:44:00+00:00,80474.9921875,80490.8828125,80456.2890625,80482.703125,0
2026-05-09 15:45:00+00:00,80496.7734375,80506.203125,80486.5078125,80486.5078125,0
2026-05-09 15:46:00+00:00,80487.46875,80493.4296875,80487.46875,80493.4296875,2117632
2026-05-09 15:47:00+00:00,80539.1875,80539.1875,80487.46875,80487.46875,0
2026-05-09 15:48:00+00:00,80528.71875,80560.921875,80527.5234375,80539.1875,471040
2026-05-09 15:49:00+00:00,80529.34375,80529.34375,80510.890625,80528.7265625,53231616
2026-05-09 15:50:00+00:00,80519.9921875,80529.34375,80519.9765625,80529.34375,0
2026-05-09 15:51:00+00:00,80503.109375,80517.25,80502.0703125,80517.25,0
2026-05-09 15:52:00+00:00,80525.7578125,80526.9609375,80503.1015625,80503.1015625,0
2026-05-09 15:53:00+00:00,80517.28125,80525.03125,80514.9296875,80521.8828125,0
2026-05-09 15:54:00+00:00,80523.2421875,80523.5078125,80521.1796875,80521.1796875,0
2026-05-09 15:55:00+00:00,80523.25,80523.2578125,80523.2421875,80523.2421875,0
2026-05-09 15:56:00+00:00,80512.078125,80522.0390625,80510.671875,80522.0390625,0
2026-05-09 15:57:00+00:00,80524.6484375,80524.6484375,80512.078125,80512.078125,0
2026-05-09 15:58:00+00:00,80520.9375,80523.4296875,80502.328125,80523.4296875,0
2026-05-09 15:59:00+00:00,80523.953125,80525.0,80522.09375,80525.0,0
2026-05-09 16:00:00+00:00,80526.53125,80556.21875,80526.53125,80556.21875,0
2026-05-09 16:01:00+00:00,80490.40625,80522.109375,80478.3828125,80522.109375,0
2026-05-09 16:02:00+00:00,80516.109375,80516.109375,80492.6875,80492.6875,0
2026-05-09 16:03:00+00:00,80527.1171875,80527.1171875,80516.109375,80516.109375,0
2026-05-09 16:04:00+00:00,80502.796875,80527.1171875,80497.6875,80527.1171875,0
2026-05-09 16:05:00+00:00,80521.71875,80528.71875,80502.796875,80502.796875,0
2026-05-09 16:06:00+00:00,80529.546875,80529.546875,80511.4921875,80517.5078125,0
2026-05-09 16:07:00+00:00,80523.5234375,80535.6015625,80523.5234375,80529.53125,0
2026-05-09 16:08:00+00:00,80533.9921875,80533.9921875,80520.5078125,80523.5234375,0
2026-05-09 16:09:00+00:00,80558.7734375,80558.7734375,80521.21875,80531.3203125,0
2026-05-09 16:10:00+00:00,80603.671875,80603.671875,80562.65625,80562.65625,0
2026-05-09 16:11:00+00:00,80577.8671875,80613.4921875,80577.703125,80613.4921875,0
2026-05-09 16:12:00+00:00,80559.0,80579.6328125,80559.0,80579.6328125,0
2026-05-09 16:13:00+00:00,80577.6875,80577.6875,80553.6171875,80559.0,3491840
2026-05-09 16:14:00+00:00,80564.296875,80568.671875,80556.6328125,80568.671875,0
2026-05-09 16:15:00+00:00,80594.9921875,80594.9921875,80572.5078125,80572.5078125,0
2026-05-09 16:16:00+00:00,80618.078125,80620.1796875,80598.7734375,80598.7734375,833536
2026-05-09 16:17:00+00:00,80645.453125,80645.453125,80618.078125,80618.078125,0
2026-05-09 16:18:00+00:00,80639.6328125,80647.2890625,80630.71875,80637.8984375,0
2026-05-09 16:19:00+00:00,80637.8984375,80637.8984375,80619.40625,80633.7734375,0
2026-05-09 16:20:00+00:00,80689.15625,80737.9296875,80632.1015625,80637.8984375,0
2026-05-09 16:21:00+00:00,80676.0078125,80705.0,80661.9921875,80689.3984375,0
2026-05-09 16:22:00+00:00,80700.0234375,80700.0234375,80665.96875,80687.5234375,3471360
2026-05-09 16:23:00+00:00,80691.6171875,80700.0234375,80685.0234375,80700.0234375,409600
2026-05-09 16:24:00+00:00,80715.5390625,80721.34375,80689.0,80692.640625,0
2026-05-09 16:25:00+00:00,80732.9765625,80761.1875,80722.171875,80722.171875,54849536
2026-05-09 16:26:00+00:00,80707.1328125,80737.21875,80707.1328125,80737.2109375,2496512
2026-05-09 16:27:00+00:00,80693.296875,80693.6875,80682.1328125,80682.1328125,0
2026-05-09 16:28:00+00:00,80682.1328125,80693.109375,80682.1328125,80693.109375,35366912
2026-05-09 16:29:00+00:00,80650.0078125,80660.0,80638.0,80660.0,0
2026-05-09 16:30:00+00:00,80621.453125,80641.2734375,80621.453125,80640.8984375,0
2026-05-09 16:31:00+00:00,80636.78125,80641.65625,80626.65625,80626.65625,0
2026-05-09 16:32:00+00:00,80636.890625,80646.609375,80626.0,80629.578125,960512
2026-05-09 16:33:00+00:00,80638.96875,80647.03125,80628.140625,80631.8984375,68126720
2026-05-09 16:34:00+00:00,80618.4765625,80630.6484375,80610.8125,80628.8984375,0
2026-05-09 16:35:00+00:00,80619.7265625,80620.2578125,80613.8203125,80620.046875,0
2026-05-09 16:36:00+00:00,80631.46875,80631.46875,80600.8515625,80616.2734375,0
2026-05-09 16:37:00+00:00,80643.1875,80643.1875,80631.46875,80631.46875,0
2026-05-09 16:38:00+00:00,80631.8828125,80643.859375,80631.8828125,80643.8515625,0
2026-05-09 16:39:00+00:00,80605.203125,80625.3125,80605.203125,80625.3125,0
2026-05-09 16:40:00+00:00,80601.1015625,80606.078125,80580.0,80580.0,0
2026-05-09 16:41:00+00:00,80613.4921875,80631.71875,80601.09375,80601.1015625,0
2026-05-09 16:42:00+00:00,80624.6796875,80629.03125,80610.671875,80610.671875,51496960
2026-05-09 16:43:00+00:00,80619.4765625,80636.15625,80619.4765625,80630.9921875,77824
2026-05-09 16:44:00+00:00,80630.2421875,80630.2421875,80617.8671875,80619.4921875,0
2026-05-09 16:45:00+00:00,80623.8203125,80646.921875,80623.8125,80636.1484375,0
2026-05-09 16:46:00+00:00,80637.859375,80644.9921875,80623.8125,80623.8125,0
2026-05-09 16:47:00+00:00,80617.609375,80637.859375,80617.609375,80637.859375,0
2026-05-09 16:48:00+00:00,80622.453125,80625.859375,80613.8203125,80617.6171875,0
2026-05-09 16:49:00+00:00,80622.8515625,80631.3671875,80617.8828125,80625.859375,0
2026-05-09 16:50:00+00:00,80624.828125,80628.3671875,80619.859375,80622.8515625,0
2026-05-09 16:51:00+00:00,80607.796875,80624.828125,80607.796875,80624.828125,0
2026-05-09 16:52:00+00:00,80608.2734375,80613.3671875,80603.6015625,80609.46875,0
2026-05-09 16:53:00+00:00,80612.453125,80612.453125,80609.7578125,80610.796875,0
2026-05-09 16:54:00+00:00,80633.3828125,80633.3828125,80586.71875,80612.453125,0
2026-05-09 16:55:00+00:00,80619.5,80643.6328125,80619.5,80639.2109375,0
2026-05-09 16:56:00+00:00,80622.7109375,80622.7109375,80619.5,80619.5,0
2026-05-09 16:57:00+00:00,80628.2421875,80628.2421875,80612.0390625,80622.71875,0
2026-05-09 16:58:00+00:00,80645.109375,80646.3125,80634.34375,80635.7109375,0
2026-05-09 16:59:00+00:00,80609.296875,80642.9609375,80599.671875,80641.59375,598016
2026-05-09 17:00:00+00:00,80627.3203125,80627.328125,80609.296875,80609.296875,34078720
2026-05-09 17:01:00+00:00,80628.8671875,80641.8203125,80627.421875,80627.421875,0
2026-05-09 17:02:00+00:00,80620.796875,80627.203125,80618.71875,80627.203125,92160
2026-05-09 17:03:00+00:00,80630.2734375,80630.2734375,80620.796875,80620.796875,0
2026-05-09 17:04:00+00:00,80655.96875,80667.3984375,80637.328125,80640.8671875,0
2026-05-09 17:05:00+00:00,80727.2734375,80740.90625,80664.9765625,80664.9765625,0
2026-05-09 17:06:00+00:00,80696.359375,80728.1875,80687.7421875,80728.1875,0
2026-05-09 17:07:00+00:00,80733.8984375,80736.8828125,80710.140625,80717.65625,0
2026-05-09 17:08:00+00:00,80764.3125,80764.3125,80722.2109375,80737.5234375,1406976
2026-05-09 17:09:00+00:00,80755.2890625,80767.3203125,80749.8984375,80767.3203125,0
2026-05-09 17:10:00+00:00,80752.5234375,80763.3984375,80750.15625,80763.3984375,583680
2026-05-09 17:11:00+00:00,80791.3984375,80795.5703125,80752.53125,80752.53125,460800
2026-05-09 17:12:00+00:00,80767.34375,80792.9921875,80767.34375,80790.109375,0
2026-05-09 17:13:00+00:00,80749.75,80773.8125,80743.5078125,80767.328125,33454080
2026-05-09 17:14:00+00:00,80740.2265625,80750.3203125,80731.6796875,80749.75,2689024
2026-05-09 17:15:00+00:00,80740.2265625,80749.96875,80731.359375,80741.3828125,0
2026-05-09 17:16:00+00:00,80734.21875,80744.453125,80734.21875,80740.2265625,0
2026-05-09 17:17:00+00:00,80731.7578125,80733.75,80722.0078125,80732.65625,0
2026-05-09 17:18:00+00:00,80714.2421875,80750.59375,80712.09375,80731.7578125,33642496
2026-05-09 17:19:00+00:00,80726.03125,80726.0390625,80705.5078125,80710.53125,0
2026-05-09 17:20:00+00:00,80686.046875,80726.03125,80673.953125,80726.03125,321536
2026-05-09 17:21:00+00:00,80745.6484375,80745.6484375,80688.4921875,80688.4921875,44285952
2026-05-09 17:22:00+00:00,80758.296875,80758.296875,80742.4609375,80745.640625,0
2026-05-09 17:23:00+00:00,80761.3125,80768.34375,80761.3125,80768.3203125,0
2026-05-09 17:24:00+00:00,80765.65625,80765.65625,80759.28125,80762.75,0
2026-05-09 17:25:00+00:00,80811.9765625,80822.3125,80765.96875,80765.96875,471040
2026-05-09 17:26:00+00:00,80803.796875,80821.4296875,80788.3984375,80808.8515625,0
2026-05-09 17:27:00+00:00,80805.75,80821.5,80793.90625,80803.796875,1634304
2026-05-09 17:28:00+00:00,80817.75,80819.9921875,80805.703125,80805.7578125,0
2026-05-09 17:29:00+00:00,80816.7890625,80820.0,80811.0390625,80817.75,1781760
2026-05-09 17:30:00+00:00,80842.34375,80848.5,80819.4765625,80819.4765625,45699072
2026-05-09 17:31:00+00:00,80851.609375,80858.5234375,80838.3125,80842.34375,0
2026-05-09 17:32:00+00:00,80828.2734375,80858.5234375,80828.2734375,80853.046875,0
2026-05-09 17:33:00+00:00,80835.9296875,80839.1875,80825.0078125,80830.078125,0
2026-05-09 17:34:00+00:00,80841.6484375,80850.4921875,80841.6484375,80848.6015625,0
2026-05-09 17:35:00+00:00,80878.25,80887.9921875,80848.59375,80848.59375,0
2026-05-09 17:36:00+00:00,80872.7109375,80902.0625,80870.0078125,80879.2578125,0
2026-05-09 17:37:00+00:00,80884.71875,80900.1171875,80872.28125,80877.5703125,0
2026-05-09 17:38:00+00:00,80905.3671875,80905.3671875,80874.2578125,80884.71875,0
2026-05-09 17:39:00+00:00,80880.21875,80906.7421875,80880.21875,80906.7421875,0
2026-05-09 17:40:00+00:00,80880.9375,80880.9375,80878.6328125,80880.2265625,0
2026-05-09 17:41:00+00:00,80866.84375,80881.0,80866.84375,80881.0,0
2026-05-09 17:42:00+00:00,80878.6875,80879.921875,80866.8515625,80866.8515625,0
2026-05-09 17:43:00+00:00,80860.578125,80886.9765625,80860.578125,80875.203125,0
2026-05-09 17:44:00+00:00,80802.96875,80855.0078125,80802.96875,80855.0078125,0
2026-05-09 17:45:00+00:00,80802.4921875,80802.4921875,80801.1171875,80801.1328125,21004288
2026-05-09 17:46:00+00:00,80829.09375,80829.09375,80811.890625,80811.890625,0
2026-05-09 17:47:00+00:00,80825.9296875,80832.25,80825.9296875,80829.09375,0
2026-05-09 17:48:00+00:00,80812.140625,80825.9375,80812.140625,80825.9375,0
2026-05-09 17:49:00+00:00,80781.65625,80812.1484375,80781.46875,80812.140625,0
2026-05-09 17:50:00+00:00,80804.15625,80804.15625,80782.46875,80782.46875,0
2026-05-09 17:51:00+00:00,80788.3984375,80807.6796875,80788.3984375,80804.15625,0
2026-05-09 17:52:00+00:00,80799.9921875,80800.0,80786.453125,80786.453125,0
2026-05-09 17:53:00+00:00,80782.453125,80800.0,80782.453125,80799.9921875,0
2026-05-09 17:54:00+00:00,80776.0625,80787.6015625,80776.0625,80782.453125,0
2026-05-09 17:55:00+00:00,80752.28125,80764.5625,80752.28125,80761.7109375,0
2026-05-09 17:56:00+00:00,80743.75,80752.546875,80743.75,80743.9765625,0
2026-05-09 17:57:00+00:00,80749.9921875,80749.9921875,80723.140625,80743.75,0
2026-05-09 17:58:00+00:00,80812.46875,80812.4765625,80738.546875,80739.140625,0
2026-05-09 17:59:00+00:00,80795.453125,80812.46875,80795.453125,80812.46875,0
2026-05-09 18:00:00+00:00,80826.7109375,80830.53125,80815.4296875,80815.4296875,0
2026-05-09 18:01:00+00:00,80854.609375,80854.609375,80826.7109375,80826.7109375,4274176
2026-05-09 18:02:00+00:00,80835.8984375,80854.609375,80835.8984375,80854.609375,0
2026-05-09 18:03:00+00:00,80814.9921875,80837.21875,80813.0625,80835.8984375,0
2026-05-09 18:04:00+00:00,80811.5078125,80844.3984375,80811.5078125,80815.0,0
2026-05-09 18:05:00+00:00,80805.5390625,80812.2890625,80805.5390625,80805.546875,0
2026-05-09 18:06:00+00:00,80804.8984375,80806.8515625,80803.453125,80805.546875,0
2026-05-09 18:07:00+00:00,80839.1484375,80839.1484375,80803.453125,80803.453125,0
2026-05-09 18:08:00+00:00,80817.1875,80839.140625,80817.1875,80839.140625,0
2026-05-09 18:09:00+00:00,80811.0,80823.4609375,80811.0,80820.0,0
2026-05-09 18:10:00+00:00,80798.0,80806.9296875,80798.0,80806.9296875,0
2026-05-09 18:11:00+00:00,80798.0078125,80798.0078125,80798.0,80798.0,0
2026-05-09 18:12:00+00:00,80788.0,80798.0078125,80788.0,80798.0078125,0
2026-05-09 18:13:00+00:00,80782.3671875,80788.0078125,80775.0,80788.0078125,47646720
2026-05-09 18:14:00+00:00,80829.2421875,80829.2421875,80773.703125,80782.3671875,0
2026-05-09 18:15:00+00:00,80824.609375,80839.7109375,80823.2421875,80832.890625,0
2026-05-09 18:16:00+00:00,80818.5,80828.1015625,80818.5,80824.6171875,0
2026-05-09 18:17:00+00:00,80839.9921875,80840.0,80813.2734375,80813.2734375,958464
2026-05-09 18:18:00+00:00,80830.546875,80847.3671875,80830.546875,80844.5390625,15278080
2026-05-09 18:19:00+00:00,80811.6875,80830.546875,80811.6875,80830.5390625,0
2026-05-09 18:20:00+00:00,80806.4609375,80815.6171875,80806.4609375,80811.6875,0
2026-05-09 18:21:00+00:00,80809.5,80813.109375,80806.4609375,80806.4609375,0
2026-05-09 18:22:00+00:00,80809.5,80809.5078125,80809.5,80809.5078125,0
2026-05-09 18:23:00+00:00,80831.2265625,80831.2265625,80803.453125,80809.5,0
2026-05-09 18:24:00+00:00,80845.5703125,80845.578125,80821.53125,80831.2265625,0
2026-05-09 18:25:00+00:00,80908.2265625,80908.2265625,80854.609375,80854.609375,0
2026-05-09 18:26:00+00:00,81014.1796875,81020.171875,80908.7890625,80908.7890625,0
2026-05-09 18:27:00+00:00,80994.921875,81021.3984375,80988.96875,81021.3984375,0
2026-05-09 18:28:00+00:00,81017.1484375,81017.1484375,80984.2421875,80989.7890625,0
2026-05-09 18:29:00+00:00,81021.53125,81034.1171875,81021.53125,81027.8984375,9639936
2026-05-09 18:30:00+00:00,81020.96875,81061.9609375,81020.1171875,81020.1171875,0
2026-05-09 18:31:00+00:00,80999.09375,81026.203125,80988.546875,81023.3515625,0
2026-05-09 18:32:00+00:00,81029.1015625,81034.9609375,80999.09375,80999.09375,2457600
2026-05-09 18:33:00+00:00,81032.21875,81032.2265625,81020.171875,81029.1015625,356151296
2026-05-09 18:34:00+00:00,81015.4375,81030.0,81015.421875,81030.0,0
2026-05-09 18:35:00+00:00,80963.1328125,81015.4375,80963.1328125,81015.4375,0
2026-05-09 18:36:00+00:00,80972.203125,80981.0625,80956.1484375,80957.1328125,0
2026-05-09 18:37:00+00:00,80962.96875,80972.203125,80950.9765625,80972.203125,59396096
2026-05-09 18:38:00+00:00,80954.0703125,80971.703125,80954.0703125,80961.1875,792576
2026-05-09 18:39:00+00:00,80944.921875,80968.9296875,80944.921875,80954.078125,0
2026-05-09 18:40:00+00:00,80930.0,80936.046875,80926.859375,80935.921875,0
2026-05-09 18:41:00+00:00,80929.078125,80930.0078125,80926.859375,80930.0,0
2026-05-09 18:42:00+00:00,80902.8671875,80923.859375,80884.953125,80923.859375,0
2026-05-09 18:43:00+00:00,80905.7890625,80912.25,80905.09375,80905.09375,0
2026-05-09 18:44:00+00:00,80891.65625,80905.796875,80891.65625,80905.796875,0
2026-05-09 18:45:00+00:00,80875.7265625,80891.65625,80875.7265625,80891.65625,20480000
2026-05-09 18:46:00+00:00,80875.953125,80877.046875,80854.609375,80875.7421875,6144
2026-05-09 18:47:00+00:00,80889.3125,80889.3125,80871.0703125,80875.953125,0
2026-05-09 18:48:00+00:00,80866.6796875,80889.84375,80866.6796875,80889.09375,0
2026-05-09 18:49:00+00:00,80891.546875,80895.5703125,80866.671875,80866.671875,0
2026-05-09 18:50:00+00:00,80887.7265625,80895.578125,80887.7265625,80891.546875,0
2026-05-09 18:51:00+00:00,80896.296875,80899.4609375,80894.890625,80894.890625,0
2026-05-09 18:52:00+00:00,80896.6328125,80896.640625,80896.2890625,80896.2890625,0
2026-05-09 18:53:00+00:00,80900.1484375,80918.859375,80896.6328125,80896.6328125,0
2026-05-09 18:54:00+00:00,80894.890625,80900.15625,80894.890625,80900.1484375,0
2026-05-09 18:55:00+00:00,80889.8203125,80895.7265625,80879.046875,80895.7265625,0
2026-05-09 18:56:00+00:00,80884.5078125,80889.75,80884.09375,80889.75,0
2026-05-09 18:57:00+00:00,80883.046875,80885.0,80883.046875,80884.5,0
2026-05-09 18:58:00+00:00,80884.328125,80884.34375,80883.046875,80883.046875,0
2026-05-09 18:59:00+00:00,80898.40625,80899.9921875,80884.328125,80884.34375,0
2026-05-09 19:00:00+00:00,80919.9375,80919.953125,80905.2421875,80905.2421875,22827008
2026-05-09 19:01:00+00:00,80900.0,80905.2421875,80900.0,80905.2421875,0
2026-05-09 19:02:00+00:00,80908.0234375,80908.0234375,80900.0,80900.0,0
2026-05-09 19:03:00+00:00,80877.2265625,80912.2734375,80876.7421875,80912.2265625,0
2026-05-09 19:04:00+00:00,80869.7109375,80877.2265625,80869.7109375,80877.2265625,0
2026-05-09 19:05:00+00:00,80893.7578125,80901.65625,80860.6328125,80869.71875,329728
2026-05-09 19:06:00+00:00,80866.453125,80893.7578125,80865.7265625,80893.7578125,0
2026-05-09 19:07:00+00:00,80870.3515625,80871.578125,80870.3515625,80871.578125,0
2026-05-09 19:08:00+00:00,80881.7109375,80895.609375,80881.7109375,80895.0625,0
2026-05-09 19:09:00+00:00,80882.9296875,80882.9296875,80881.7109375,80881.7109375,0
2026-05-09 19:10:00+00:00,80866.6171875,80882.921875,80860.5,80882.921875,0
2026-05-09 19:11:00+00:00,80866.6328125,80866.6328125,80866.6171875,80866.6171875,542720
2026-05-09 19:12:00+00:00,80874.9921875,80874.9921875,80866.6171875,80866.6171875,0
2026-05-09 19:13:00+00:00,80885.6171875,80885.6171875,80880.96875,80880.96875,0
2026-05-09 19:14:00+00:00,80884.1875,80885.703125,80881.640625,80885.6171875,0
2026-05-09 19:15:00+00:00,80861.390625,80884.1875,80861.390625,80884.1796875,0
2026-05-09 19:16:00+00:00,80851.609375,80862.4609375,80851.609375,80861.390625,0
2026-05-09 19:17:00+00:00,80818.5078125,80851.609375,80818.5078125,80851.609375,0
2026-05-09 19:18:00+00:00,80837.8125,80837.8203125,80826.15625,80826.15625,11825152
2026-05-09 19:19:00+00:00,80887.0390625,80890.7265625,80837.8125,80837.8203125,0
2026-05-09 19:20:00+00:00,80878.84375,80894.0,80878.703125,80894.0,0
2026-05-09 19:21:00+00:00,80902.5625,80902.5703125,80877.609375,80877.6171875,0
2026-05-09 19:22:00+00:00,80905.2109375,80905.21875,80902.5625,80902.5625,0
2026-05-09 19:23:00+00:00,80910.9296875,80910.953125,80905.2109375,80905.2109375,18978816
2026-05-09 19:24:00+00:00,80871.296875,80902.7890625,80871.296875,80902.7890625,0
2026-05-09 19:25:00+00:00,80809.6796875,80871.296875,80809.6796875,80871.2890625,0
2026-05-09 19:26:00+00:00,80809.46875,80816.5390625,80806.9765625,80813.9609375,0
2026-05-09 19:27:00+00:00,80784.9765625,80798.0234375,80769.0,80798.0234375,0
2026-05-09 19:28:00+00:00,80803.453125,80815.4765625,80791.3984375,80791.3984375,0
2026-05-09 19:29:00+00:00,80819.9921875,80820.0,80808.78125,80808.78125,0
2026-05-09 19:30:00+00:00,80790.96875,80821.21875,80790.96875,80820.0,0
2026-05-09 19:31:00+00:00,80794.421875,80803.4375,80790.96875,80790.96875,0
2026-05-09 19:32:00+00:00,80798.96875,80802.1875,80794.421875,80794.421875,0
2026-05-09 19:33:00+00:00,80800.8125,80804.9296875,80798.96875,80798.96875,0
2026-05-09 19:34:00+00:00,80800.828125,80801.28125,80791.28125,80800.5625,0
2026-05-09 19:35:00+00:00,80796.1015625,80800.828125,80794.421875,80800.8203125,0
2026-05-09 19:36:00+00:00,80791.40625,80796.1015625,80791.40625,80796.09375,0
2026-05-09 19:37:00+00:00,80791.0703125,80791.0703125,80784.9609375,80784.9609375,0
2026-05-09 19:38:00+00:00,80799.8515625,80799.9921875,80791.0703125,80791.0703125,0
2026-05-09 19:39:00+00:00,80799.390625,80799.8515625,80797.640625,80799.84375,439123968
2026-05-09 19:40:00+00:00,80834.6328125,80834.640625,80815.9296875,80815.9296875,0
2026-05-09 19:41:00+00:00,80820.21875,80834.640625,80820.21875,80834.6328125,0
2026-05-09 19:42:00+00:00,80816.0390625,80820.21875,80816.0390625,80820.21875,0
2026-05-09 19:43:00+00:00,80816.078125,80816.1796875,80816.046875,80816.046875,0
2026-05-09 19:44:00+00:00,80833.2890625,80840.7734375,80816.3515625,80816.3515625,32768
2026-05-09 19:45:00+00:00,80827.8515625,80829.640625,80827.8515625,80829.6328125,0
2026-05-09 19:46:00+00:00,80816.0078125,80828.9296875,80816.0078125,80827.6015625,32382976
2026-05-09 19:47:00+00:00,80832.71875,80843.96875,80816.0,80816.0,176128
2026-05-09 19:48:00+00:00,80848.046875,80848.046875,80832.71875,80832.7265625,0
2026-05-09 19:49:00+00:00,80848.8125,80853.140625,80848.1171875,80851.609375,0
2026-05-09 19:50:00+00:00,80883.3515625,80883.3515625,80860.4765625,80860.4765625,0
2026-05-09 19:51:00+00:00,80877.0625,80884.5,80867.453125,80884.5,83968
2026-05-09 19:52:00+00:00,80887.71875,80887.71875,80875.6875,80875.84375,18638848
2026-05-09 19:53:00+00:00,80900.9921875,80900.9921875,80887.71875,80887.71875,0
2026-05-09 19:54:00+00:00,80923.84375,80944.921875,80902.3515625,80902.3515625,0
2026-05-09 19:55:00+00:00,80929.890625,80950.71875,80929.890625,80932.359375,0
2026-05-09 19:56:00+00:00,80914.828125,80929.8828125,80914.828125,80929.8828125,0
2026-05-09 19:57:00+00:00,80900.0,80911.8203125,80900.0,80911.8125,0
2026-05-09 19:58:00+00:00,80887.7421875,80896.2421875,80887.7421875,80895.1015625,3981312
2026-05-09 19:59:00+00:00,80933.4375,80933.4375,80887.7265625,80887.7265625,0
2026-05-09 20:00:00+00:00,80915.1875,80939.0078125,80914.46875,80939.0078125,1513472
2026-05-09 20:01:00+00:00,80902.90625,80914.25,80902.8984375,80914.25,0
2026-05-09 20:02:00+00:00,80900.7890625,80916.8984375,80900.7890625,80904.5390625,0
2026-05-09 20:03:00+00:00,80877.3828125,80900.796875,80877.3828125,80900.796875,0
2026-05-09 20:04:00+00:00,80882.59375,80886.15625,80872.6796875,80872.6796875,220229632
2026-05-09 20:05:00+00:00,80865.0,80882.6015625,80865.0,80878.703125,0
2026-05-09 20:06:00+00:00,80864.25,80865.0078125,80851.6015625,80865.0078125,0
2026-05-09 20:07:00+00:00,80869.5625,80875.4296875,80864.25,80864.25,0
2026-05-09 20:08:00+00:00,80866.6484375,80869.546875,80857.953125,80869.546875,0
2026-05-09 20:09:00+00:00,80866.53125,80869.640625,80866.53125,80869.6328125,0
2026-05-09 20:10:00+00:00,80866.53125,80869.109375,80866.53125,80866.5390625,2238464
2026-05-09 20:11:00+00:00,80857.6875,80867.5390625,80857.6875,80866.5390625,0
2026-05-09 20:12:00+00:00,80849.1796875,80855.1796875,80849.1796875,80855.1796875,0
2026-05-09 20:13:00+00:00,80832.7265625,80849.1796875,80832.7265625,80849.1796875,0
2026-05-09 20:14:00+00:00,80825.296875,80832.7421875,80825.296875,80832.7265625,0
2026-05-09 20:15:00+00:00,80809.46875,80822.2421875,80809.46875,80822.2421875,0
2026-05-09 20:16:00+00:00,80828.9296875,80828.9296875,80809.46875,80809.46875,0
2026-05-09 20:17:00+00:00,80828.7578125,80828.9375,80827.2265625,80828.9296875,0
2026-05-09 20:18:00+00:00,80820.0,80828.7734375,80820.0,80828.7578125,0
2026-05-09 20:19:00+00:00,80820.3125,80824.59375,80818.5,80818.5,0
2026-05-09 20:20:00+00:00,80820.3125,80820.3203125,80820.3125,80820.3125,0
2026-05-09 20:21:00+00:00,80820.3125,80820.3203125,80820.3125,80820.3125,10827776
2026-05-09 20:22:00+00:00,80809.5234375,80818.5078125,80809.5078125,80818.5078125,0
2026-05-09 20:23:00+00:00,80800.4375,80809.5234375,80800.4375,80809.5078125,0
2026-05-09 20:24:00+00:00,80766.40625,80794.421875,80766.40625,80794.421875,0
2026-05-09 20:25:00+00:00,80773.3515625,80773.3515625,80755.7421875,80766.421875,0
2026-05-09 20:26:00+00:00,80789.1875,80791.2578125,80773.34375,80773.34375,0
2026-05-09 20:27:00+00:00,80784.8515625,80786.6796875,80784.84375,80786.6796875,0
2026-05-09 20:28:00+00:00,80782.4921875,80787.6015625,80782.4765625,80784.84375,0
2026-05-09 20:29:00+00:00,80782.09375,80782.4921875,80782.09375,80782.4765625,0
2026-05-09 20:30:00+00:00,80786.828125,80800.4296875,80786.8203125,80800.4296875,0
2026-05-09 20:31:00+00:00,80788.53125,80788.53125,80786.828125,80786.828125,0
2026-05-09 20:32:00+00:00,80787.640625,80788.53125,80787.640625,80788.53125,241664
2026-05-09 20:33:00+00:00,80758.3125,80787.640625,80758.296875,80787.640625,0
2026-05-09 20:34:00+00:00,80742.1015625,80758.296875,80731.203125,80758.296875,0
2026-05-09 20:35:00+00:00,80760.296875,80760.3125,80732.5390625,80737.828125,0
2026-05-09 20:36:00+00:00,80749.75,80755.0,80749.75,80755.0,0
2026-05-09 20:37:00+00:00,80765.71875,80765.71875,80749.75,80749.75,15605760
2026-05-09 20:38:00+00:00,80777.9921875,80778.0,80770.3671875,80770.3671875,0
2026-05-09 20:39:00+00:00,80779.3671875,80779.3671875,80777.9921875,80777.9921875,0
2026-05-09 20:40:00+00:00,80777.2734375,80779.3671875,80767.84375,80779.3671875,0
2026-05-09 20:41:00+00:00,80774.296875,80777.28125,80772.9296875,80777.28125,0
2026-05-09 20:42:00+00:00,80782.453125,80782.453125,80774.296875,80774.296875,0
2026-05-09 20:43:00+00:00,80797.6015625,80797.6015625,80782.453125,80782.453125,0
2026-05-09 20:44:00+00:00,80787.953125,80803.28125,80787.21875,80797.6015625,0
2026-05-09 20:45:00+00:00,80782.4609375,80787.9609375,80782.453125,80787.953125,1081344
2026-05-09 20:46:00+00:00,80781.4296875,80784.1796875,80781.4296875,80782.4609375,169984
2026-05-09 20:47:00+00:00,80781.4296875,80781.4375,80781.4296875,80781.4296875,962560
2026-05-09 20:48:00+00:00,80784.2734375,80784.2734375,80780.8515625,80781.0234375,0
2026-05-09 20:49:00+00:00,80782.6875,80784.2578125,80781.46875,80784.2578125,0
2026-05-09 20:50:00+00:00,80792.9921875,80792.9921875,80782.6875,80782.6875,0
2026-05-09 20:51:00+00:00,80809.4609375,80809.46875,80797.421875,80797.421875,0
2026-05-09 20:52:00+00:00,80803.3125,80809.5,80803.3125,80809.4609375,0
2026-05-09 20:53:00+00:00,80805.1796875,80805.1796875,80803.3125,80803.3125,0
2026-05-09 20:54:00+00:00,80769.2734375,80805.8671875,80769.2734375,80805.171875,0
2026-05-09 20:55:00+00:00,80786.1171875,80805.0078125,80769.2734375,80769.2734375,0
2026-05-09 20:56:00+00:00,80798.84375,80798.84375,80786.109375,80786.109375,0
2026-05-09 20:57:00+00:00,80797.546875,80798.828125,80797.546875,80798.828125,0
2026-05-09 20:58:00+00:00,80797.90625,80797.921875,80797.546875,80797.546875,0
2026-05-09 20:59:00+00:00,80797.421875,80797.421875,80786.4765625,80794.71875,0
2026-05-09 21:00:00+00:00,80808.75,80808.75,80808.7421875,80808.7421875,5335040
2026-05-09 21:01:00+00:00,80801.2421875,80808.7421875,80800.4375,80808.7421875,0
2026-05-09 21:02:00+00:00,80825.0,80825.0,80808.7421875,80808.7421875,0
2026-05-09 21:03:00+00:00,80824.9921875,80825.0,80823.1171875,80823.1171875,0
2026-05-09 21:04:00+00:00,80822.859375,80824.9921875,80822.8125,80824.9921875,0
2026-05-09 21:05:00+00:00,80845.140625,80845.140625,80822.8671875,80822.8671875,0
2026-05-09 21:06:00+00:00,80851.6015625,80851.609375,80845.140625,80845.140625,0
2026-05-09 21:07:00+00:00,80854.4375,80857.90625,80852.8203125,80852.8203125,0
2026-05-09 21:08:00+00:00,80845.390625,80845.390625,80830.5390625,80841.296875,0
2026-05-09 21:09:00+00:00,80836.5703125,80845.3984375,80836.5703125,80845.3984375,0
2026-05-09 21:10:00+00:00,80841.078125,80841.7421875,80836.2578125,80836.2578125,0
2026-05-09 21:11:00+00:00,80840.171875,80841.0703125,80840.171875,80841.0703125,667648
2026-05-09 21:12:00+00:00,80848.65625,80848.65625,80837.328125,80840.171875,0
2026-05-09 21:13:00+00:00,80852.640625,80882.546875,80848.6015625,80848.6015625,11679744
2026-05-09 21:14:00+00:00,80846.140625,80860.9609375,80846.1328125,80858.8125,894976
2026-05-09 21:15:00+00:00,80846.140625,80846.140625,80846.1328125,80846.140625,0
2026-05-09 21:16:00+00:00,80858.4375,80859.0,80846.1328125,80846.1328125,0
2026-05-09 21:17:00+00:00,80846.1328125,80861.96875,80846.1328125,80861.9609375,268288
2026-05-09 21:18:00+00:00,80843.3515625,80847.0390625,80843.34375,80847.0390625,1843200
2026-05-09 21:19:00+00:00,80840.5234375,80843.3515625,80840.5234375,80843.34375,0
2026-05-09 21:20:00+00:00,80825.2578125,80840.53125,80825.2578125,80840.5234375,0
2026-05-09 21:21:00+00:00,80812.4765625,80825.0,80812.4765625,80825.0,0
2026-05-09 21:22:00+00:00,80819.2421875,80822.3125,80817.1796875,80817.1796875,0
2026-05-09 21:23:00+00:00,80812.4765625,80819.2421875,80812.46875,80819.2421875,0
2026-05-09 21:24:00+00:00,80807.8828125,80812.46875,80807.8828125,80812.46875,0
2026-05-09 21:25:00+00:00,80782.6484375,80794.4296875,80779.3671875,80794.4296875,0
2026-05-09 21:26:00+00:00,80767.53125,80782.65625,80767.3203125,80782.65625,0
2026-05-09 21:27:00+00:00,80786.3125,80786.3203125,80767.53125,80767.5390625,1832960
2026-05-09 21:28:00+00:00,80791.0390625,80791.40625,80786.3125,80786.3203125,0
2026-05-09 21:29:00+00:00,80808.6484375,80808.6484375,80792.9921875,80792.9921875,673792
2026-05-09 21:30:00+00:00,80801.96875,80808.65625,80801.96875,80808.6484375,0
2026-05-09 21:31:00+00:00,80800.4375,80801.9765625,80800.4375,80801.9765625,0
2026-05-09 21:32:00+00:00,80795.859375,80800.4375,80795.859375,80800.4375,0
2026-05-09 21:33:00+00:00,80796.34375,80796.34375,80795.859375,80795.859375,0
2026-05-09 21:34:00+00:00,80782.390625,80796.34375,80782.390625,80796.328125,0
2026-05-09 21:35:00+00:00,80782.3828125,80782.390625,80774.046875,80775.9765625,0
2026-05-09 21:36:00+00:00,80782.6015625,80783.8203125,80782.3828125,80782.390625,0
2026-05-09 21:37:00+00:00,80776.3671875,80782.609375,80776.359375,80782.609375,0
2026-05-09 21:38:00+00:00,80755.6796875,80760.8828125,80755.6796875,80760.8828125,0
2026-05-09 21:39:00+00:00,80755.0390625,80755.6796875,80750.4765625,80750.4765625,7247872
2026-05-09 21:40:00+00:00,80755.0390625,80755.046875,80755.0390625,80755.0390625,0
2026-05-09 21:41:00+00:00,80779.3125,80779.3125,80755.0390625,80755.046875,0
2026-05-09 21:42:00+00:00,80761.3203125,80785.3828125,80761.3203125,80781.6015625,0
2026-05-09 21:43:00+00:00,80756.578125,80761.3203125,80739.796875,80761.3203125,0
2026-05-09 21:44:00+00:00,80734.1796875,80754.1015625,80733.0078125,80750.6015625,0
2026-05-09 21:45:00+00:00,80744.921875,80744.921875,80734.1796875,80734.1796875,0
2026-05-09 21:46:00+00:00,80745.0,80745.109375,80744.921875,80744.921875,0
2026-05-09 21:47:00+00:00,80754.078125,80754.078125,80732.0,80740.2890625,0
2026-05-09 21:48:00+00:00,80749.3203125,80757.7421875,80749.3203125,80754.078125,0
2026-05-09 21:49:00+00:00,80772.390625,80775.6796875,80749.34375,80749.34375,0
2026-05-09 21:50:00+00:00,80767.3515625,80788.609375,80767.3515625,80776.3515625,0
2026-05-09 21:51:00+00:00,80747.2421875,80767.34375,80747.2421875,80767.34375,0
2026-05-09 21:52:00+00:00,80739.96875,80747.2421875,80739.96875,80747.2421875,0
2026-05-09 21:53:00+00:00,80744.9375,80744.9375,80741.890625,80741.890625,1738752
2026-05-09 21:54:00+00:00,80780.2890625,80796.5625,80780.2890625,80790.9609375,15435776
2026-05-09 21:55:00+00:00,80767.171875,80780.296875,80767.171875,80780.296875,0
2026-05-09 21:56:00+00:00,80762.8828125,80765.890625,80762.8828125,80765.890625,0
2026-05-09 21:57:00+00:00,80784.21875,80805.65625,80762.890625,80762.890625,0
2026-05-09 21:58:00+00:00,80763.7109375,80784.2265625,80763.7109375,80784.21875,0
2026-05-09 21:59:00+00:00,80767.34375,80788.390625,80767.328125,80788.390625,0
2026-05-09 22:00:00+00:00,80787.328125,80789.9921875,80767.34375,80767.34375,0
2026-05-09 22:01:00+00:00,80770.328125,80788.421875,80760.390625,80787.3203125,0
2026-05-09 22:02:00+00:00,80763.0078125,80778.7109375,80761.5703125,80776.3515625,0
2026-05-09 22:03:00+00:00,80752.28125,80776.4921875,80752.28125,80776.4921875,0
2026-05-09 22:04:00+00:00,80754.8984375,80754.8984375,80743.0,80752.28125,716800
2026-05-09 22:05:00+00:00,80761.2578125,80761.2578125,80752.28125,80752.28125,0
2026-05-09 22:06:00+00:00,80760.4296875,80767.3203125,80742.8828125,80761.25,0
2026-05-09 22:07:00+00:00,80749.2734375,80760.8125,80749.2734375,80760.421875,0
2026-05-09 22:08:00+00:00,80722.0,80749.28125,80722.0,80749.28125,0
2026-05-09 22:09:00+00:00,80728.0078125,80732.9609375,80716.03125,80721.9921875,0
2026-05-09 22:10:00+00:00,80731.921875,80731.9296875,80728.0,80728.0,1030144
2026-05-09 22:11:00+00:00,80755.28125,80755.28125,80731.921875,80731.9296875,104448
2026-05-09 22:12:00+00:00,80733.2578125,80749.2734375,80733.2578125,80749.2734375,0
2026-05-09 22:13:00+00:00,80728.203125,80733.2734375,80719.296875,80733.2578125,0
2026-05-09 22:14:00+00:00,80739.9765625,80739.9765625,80728.1875,80728.203125,13770752
2026-05-09 22:15:00+00:00,80746.2578125,80751.9765625,80739.9765625,80739.9765625,0
2026-05-09 22:16:00+00:00,80758.25,80758.2578125,80758.25,80758.25,0
2026-05-09 22:17:00+00:00,80765.4296875,80765.4296875,80758.25,80758.2578125,0
2026-05-09 22:18:00+00:00,80775.2890625,80775.2890625,80766.8125,80766.8125,0
2026-05-09 22:19:00+00:00,80762.03125,80775.2890625,80762.0078125,80775.2890625,0
2026-05-09 22:20:00+00:00,80765.7421875,80769.0,80762.0234375,80762.03125,0
2026-05-09 22:21:00+00:00,80762.0078125,80766.3203125,80762.0078125,80765.75,0
2026-05-09 22:22:00+00:00,80752.2734375,80752.2734375,80743.25,80748.78125,0
2026-05-09 22:23:00+00:00,80758.0078125,80758.0078125,80752.2734375,80752.2734375,0
2026-05-09 22:24:00+00:00,80753.9765625,80758.0234375,80753.9765625,80758.0078125,0
2026-05-09 22:25:00+00:00,80766.0,80766.0,80746.2109375,80753.9765625,0
2026-05-09 22:26:00+00:00,80766.0,80766.0078125,80766.0,80766.0,47104
2026-05-09 22:27:00+00:00,80763.1796875,80766.0,80763.1796875,80766.0,0
2026-05-09 22:28:00+00:00,80768.0390625,80768.0390625,80765.921875,80765.921875,0
2026-05-09 22:29:00+00:00,80738.5,80771.0390625,80738.5,80771.0234375,0
2026-05-09 22:30:00+00:00,80689.0625,80731.2109375,80686.0,80731.2109375,0
2026-05-09 22:31:00+00:00,80694.5,80707.421875,80694.5,80695.40625,464896
2026-05-09 22:32:00+00:00,80677.0234375,80677.0234375,80661.0,80674.0234375,0
2026-05-09 22:33:00+00:00,80687.34375,80687.34375,80677.0234375,80678.4296875,0
2026-05-09 22:34:00+00:00,80741.8125,80750.8515625,80690.578125,80690.578125,0
2026-05-09 22:35:00+00:00,80740.2421875,80749.4765625,80740.2421875,80749.4765625,0
2026-05-09 22:36:00+00:00,80734.21875,80740.2421875,80734.21875,80740.2421875,0
2026-05-09 22:37:00+00:00,80731.203125,80731.203125,80718.0,80722.1875,1570816
2026-05-09 22:38:00+00:00,80746.25,80746.25,80732.7265625,80732.7421875,4251648
2026-05-09 22:39:00+00:00,80754.0234375,80756.21875,80746.25,80746.25,0
2026-05-09 22:40:00+00:00,80742.0078125,80754.0234375,80742.0078125,80754.0234375,0
2026-05-09 22:41:00+00:00,80757.96875,80779.3671875,80742.0078125,80742.0078125,56070144
2026-05-09 22:42:00+00:00,80794.3984375,80794.3984375,80776.3515625,80776.3515625,0
2026-05-09 22:43:00+00:00,80810.84375,80812.4765625,80794.40625,80794.40625,4872192
2026-05-09 22:44:00+00:00,80796.0078125,80812.0625,80796.0078125,80810.8515625,0
2026-05-09 22:45:00+00:00,80795.2109375,80796.0234375,80794.0,80796.0234375,0
2026-05-09 22:46:00+00:00,80796.0234375,80801.4296875,80795.21875,80795.21875,1277952
2026-05-09 22:47:00+00:00,80788.4375,80796.0234375,80788.4375,80796.0234375,0
2026-05-09 22:48:00+00:00,80776.3671875,80788.4375,80776.3671875,80788.4375,0
2026-05-09 22:49:00+00:00,80758.03125,80772.0,80758.03125,80772.0,0
2026-05-09 22:50:00+00:00,80758.0234375,80759.2578125,80758.0234375,80758.03125,0
2026-05-09 22:51:00+00:00,80764.0078125,80764.0078125,80758.0234375,80758.0234375,66834432
2026-05-09 22:52:00+00:00,80776.3515625,80776.3515625,80762.7890625,80762.7890625,0
2026-05-09 22:53:00+00:00,80751.0,80772.8515625,80751.0,80772.8515625,0
2026-05-09 22:54:00+00:00,80737.2265625,80751.0078125,80737.2265625,80751.0,4358144
2026-05-09 22:55:00+00:00,80756.671875,80756.6796875,80730.28125,80735.3515625,0
2026-05-09 22:56:00+00:00,80730.1171875,80753.7890625,80730.109375,80753.7890625,0
2026-05-09 22:57:00+00:00,80743.71875,80749.0390625,80743.7109375,80749.0390625,0
2026-05-09 22:58:00+00:00,80743.71875,80743.71875,80743.7109375,80743.7109375,32768
2026-05-09 22:59:00+00:00,80757.0,80757.0,80726.0078125,80743.703125,51200
2026-05-09 23:00:00+00:00,80782.09375,80788.390625,80743.2578125,80743.2578125,0
2026-05-09 23:01:00+00:00,80790.4375,80790.453125,80782.09375,80782.1015625,0
2026-05-09 23:02:00+00:00,80791.40625,80791.421875,80790.4375,80790.453125,11616256
2026-05-09 23:03:00+00:00,80821.5078125,80829.859375,80790.9921875,80791.40625,0
2026-05-09 23:04:00+00:00,80755.4296875,80821.5234375,80752.5,80821.5234375,0
2026-05-09 23:05:00+00:00,80746.2578125,80770.078125,80746.2578125,80770.0703125,0
2026-05-09 23:06:00+00:00,80731.2109375,80748.7734375,80731.2109375,80746.2578125,0
2026-05-09 23:07:00+00:00,80706.890625,80730.8984375,80704.1328125,80730.8984375,4640768
2026-05-09 23:08:00+00:00,80701.1171875,80706.890625,80701.109375,80706.890625,2043904
2026-05-09 23:09:00+00:00,80704.109375,80704.109375,80698.109375,80701.1171875,16084992
2026-05-09 23:10:00+00:00,80692.9296875,80706.8828125,80692.9296875,80706.8671875,0
2026-05-09 23:11:00+00:00,80701.1015625,80701.109375,80689.359375,80692.9375,0
2026-05-09 23:12:00+00:00,80715.6015625,80715.6015625,80701.1015625,80701.1015625,30459904
2026-05-09 23:13:00+00:00,80722.1796875,80725.1875,80715.0,80715.609375,1460224
2026-05-09 23:14:00+00:00,80717.78125,80722.1328125,80715.0,80722.1328125,0
2026-05-09 23:15:00+00:00,80704.9921875,80717.78125,80704.9921875,80717.7734375,0
2026-05-09 23:16:00+00:00,80698.0703125,80699.1875,80694.2109375,80694.21875,376832
2026-05-09 23:17:00+00:00,80694.7890625,80698.078125,80694.7890625,80698.078125,0
2026-05-09 23:18:00+00:00,80681.078125,80689.0703125,80680.0390625,80689.0703125,0
2026-05-09 23:19:00+00:00,80692.0703125,80692.078125,80681.0703125,80681.0703125,526336
2026-05-09 23:20:00+00:00,80690.8203125,80692.078125,80690.8203125,80692.078125,0
2026-05-09 23:21:00+00:00,80689.171875,80690.828125,80688.0234375,80690.8203125,0
2026-05-09 23:22:00+00:00,80678.2734375,80689.15625,80678.2734375,80689.15625,0
2026-05-09 23:23:00+00:00,80687.8515625,80689.0703125,80675.453125,80679.5078125,0
2026-05-09 23:24:00+00:00,80674.03125,80684.2265625,80674.03125,80684.2265625,0
2026-05-09 23:25:00+00:00,80667.203125,80674.0234375,80667.203125,80674.0234375,0
2026-05-09 23:26:00+00:00,80646.078125,80667.1875,80644.7265625,80667.1875,0
2026-05-09 23:27:00+00:00,80652.0,80656.0,80644.0,80646.078125,0
2026-05-09 23:28:00+00:00,80655.9609375,80655.9609375,80655.953125,80655.953125,0
2026-05-09 23:29:00+00:00,80651.671875,80655.9609375,80651.671875,80655.953125,0
2026-05-09 23:30:00+00:00,80642.359375,80651.6796875,80642.359375,80651.671875,0
2026-05-09 23:31:00+00:00,80623.34375,80642.359375,80623.34375,80642.359375,0
2026-05-09 23:32:00+00:00,80631.5390625,80631.5390625,80605.9765625,80623.3515625,0
2026-05-09 23:33:00+00:00,80641.328125,80643.8515625,80633.7109375,80633.7109375,0
2026-05-09 23:34:00+00:00,80658.78125,80661.15625,80639.71875,80641.3203125,0
2026-05-09 23:35:00+00:00,80664.6796875,80664.6796875,80661.1484375,80661.1484375,24932352
2026-05-09 23:36:00+00:00,80668.0,80677.0234375,80666.3203125,80666.3203125,0
2026-05-09 23:37:00+00:00,80657.1171875,80668.0078125,80655.03125,80668.0078125,1411072
2026-05-09 23:38:00+00:00,80651.5390625,80657.1171875,80651.5390625,80657.109375,0
2026-05-09 23:39:00+00:00,80627.8125,80655.4296875,80627.8125,80651.5390625,0
2026-05-09 23:40:00+00:00,80624.7890625,80627.796875,80622.0,80622.859375,0
2026-05-09 23:41:00+00:00,80625.453125,80628.8671875,80624.7890625,80624.7890625,0
2026-05-09 23:42:00+00:00,80629.9921875,80629.9921875,80625.421875,80625.4609375,3543040
2026-05-09 23:43:00+00:00,80643.59375,80643.59375,80629.9765625,80629.9765625,0
2026-05-09 23:44:00+00:00,80642.171875,80643.6015625,80642.15625,80643.6015625,0
2026-05-09 23:45:00+00:00,80654.9921875,80654.9921875,80644.46875,80644.4765625,0
2026-05-09 23:46:00+00:00,80650.953125,80654.9921875,80634.890625,80654.9921875,0
2026-05-09 23:47:00+00:00,80647.4296875,80661.40625,80647.4296875,80650.9609375,0
2026-05-09 23:48:00+00:00,80658.03125,80658.03125,80647.4296875,80647.4296875,0
2026-05-09 23:49:00+00:00,80685.0234375,80685.0234375,80658.03125,80658.03125,29376512
2026-05-09 23:50:00+00:00,80682.8671875,80685.0234375,80682.859375,80685.0078125,147456
2026-05-09 23:51:00+00:00,80677.0390625,80694.03125,80677.0390625,80680.03125,1447936
2026-05-09 23:52:00+00:00,80670.0390625,80677.0390625,80670.0390625,80677.03125,1044480
2026-05-09 23:53:00+00:00,80661.359375,80669.2421875,80660.0234375,80669.2421875,0
2026-05-09 23:54:00+00:00,80677.9921875,80677.9921875,80661.9921875,80661.9921875,0
2026-05-09 23:55:00+00:00,80679.0,80680.0,80677.9921875,80677.9921875,2265088
2026-05-09 23:56:00+00:00,80679.0,80679.0,80676.1015625,80679.0,0
2026-05-09 23:57:00+00:00,80670.78125,80679.0,80670.78125,80679.0,0
2026-05-09 23:58:00+00:00,80672.1796875,80672.1796875,80670.78125,80670.78125,0
2026-05-10 00:00:00+00:00,80670.0,80670.0,80641.578125,80653.4609375,0
2026-05-10 00:01:00+00:00,80670.59375,80676.96875,80670.0,80670.0,29945856
2026-05-10 00:02:00+00:00,80689.078125,80699.9921875,80670.59375,80670.59375,0
2026-05-10 00:03:00+00:00,80648.03125,80689.078125,80641.578125,80689.078125,0
2026-05-10 00:04:00+00:00,80635.46875,80648.03125,80635.46875,80648.03125,0
2026-05-10 00:05:00+00:00,80635.46875,80635.46875,80627.1484375,80635.46875,0
2026-05-10 00:06:00+00:00,80627.453125,80633.75,80626.90625,80628.8671875,0
2026-05-10 00:07:00+00:00,80623.96875,80627.453125,80610.8203125,80627.453125,0
2026-05-10 00:08:00+00:00,80609.7421875,80633.75,80609.7421875,80624.9921875,38739968
2026-05-10 00:09:00+00:00,80650.953125,80654.21875,80649.9375,80652.9609375,0
2026-05-10 00:10:00+00:00,80665.7265625,80671.0,80650.9375,80650.9375,0
2026-05-10 00:11:00+00:00,80686.0078125,80686.0078125,80672.96875,80672.96875,3090432
2026-05-10 00:12:00+00:00,80696.640625,80698.1015625,80686.0,80686.0,123895808
2026-05-10 00:13:00+00:00,80708.0,80709.0625,80696.640625,80696.640625,2576384
2026-05-10 00:14:00+00:00,80685.421875,80707.9921875,80685.421875,80707.9921875,239616
2026-05-10 00:15:00+00:00,80709.0625,80709.0625,80683.046875,80683.0625,0
2026-05-10 00:16:00+00:00,80698.6328125,80709.0703125,80682.90625,80709.0703125,21714944
2026-05-10 00:17:00+00:00,80689.6796875,80704.1015625,80685.28125,80704.1015625,735232
2026-05-10 00:18:00+00:00,80691.9375,80691.9375,80689.671875,80689.6796875,0
2026-05-10 00:19:00+00:00,80718.7734375,80718.7734375,80691.6015625,80691.609375,950272
2026-05-10 00:20:00+00:00,80741.78125,80741.78125,80718.7734375,80718.7734375,0
2026-05-10 00:21:00+00:00,80743.203125,80743.2421875,80728.2109375,80743.2421875,0
2026-05-10 00:22:00+00:00,80749.2578125,80749.5,80738.796875,80744.1875,49152
2026-05-10 00:23:00+00:00,80747.0,80747.0,80744.0,80746.1328125,6524928
2026-05-10 00:24:00+00:00,80716.6171875,80749.9921875,80714.890625,80746.9921875,0
2026-05-10 00:25:00+00:00,80692.09375,80716.609375,80692.078125,80716.609375,0
2026-05-10 00:26:00+00:00,80683.0703125,80692.078125,80683.0625,80692.078125,0
2026-05-10 00:27:00+00:00,80696.96875,80696.96875,80683.0625,80683.0703125,0
2026-05-10 00:28:00+00:00,80699.9921875,80699.9921875,80696.71875,80696.96875,0
2026-05-10 00:29:00+00:00,80692.078125,80700.0,80692.078125,80699.9921875,2500608
2026-05-10 00:30:00+00:00,80686.0078125,80692.078125,80677.9765625,80677.9765625,0
2026-05-10 00:31:00+00:00,80672.796875,80686.0234375,80669.5,80686.0078125,0
2026-05-10 00:32:00+00:00,80643.921875,80676.9921875,80643.921875,80672.796875,43008
2026-05-10 00:33:00+00:00,80686.0390625,80686.0390625,80661.9765625,80661.9765625,0
2026-05-10 00:34:00+00:00,80713.1484375,80713.1484375,80686.0390625,80686.0390625,0
2026-05-10 00:35:00+00:00,80719.78125,80735.0078125,80713.1484375,80713.1484375,184320
2026-05-10 00:36:00+00:00,80722.25,80736.71875,80717.2734375,80719.171875,0
2026-05-10 00:37:00+00:00,80710.1328125,80718.96875,80704.1015625,80718.96875,7763968
2026-05-10 00:38:00+00:00,80710.1171875,80710.140625,80710.1171875,80710.140625,62310400
2026-05-10 00:39:00+00:00,80680.8828125,80686.0625,80676.7578125,80686.0625,0
2026-05-10 00:40:00+00:00,80708.0390625,80728.1875,80708.0390625,80728.1875,62791680
2026-05-10 00:41:00+00:00,80716.15625,80716.15625,80706.7265625,80708.0390625,0
2026-05-10 00:42:00+00:00,80740.2421875,80740.2421875,80716.1484375,80716.1484375,0
2026-05-10 00:43:00+00:00,80747.9921875,80753.8671875,80740.2421875,80740.2421875,0
2026-05-10 00:44:00+00:00,80758.296875,80758.296875,80748.0,80748.0,0
2026-05-10 00:45:00+00:00,80704.328125,80731.203125,80704.3203125,80718.0078125,0
2026-05-10 00:46:00+00:00,80678.7578125,80695.078125,80678.7578125,80691.0078125,0
2026-05-10 00:47:00+00:00,80673.2890625,80678.859375,80670.0,80678.75,622592
2026-05-10 00:48:00+00:00,80679.71875,80682.8984375,80676.59375,80680.0,0
2026-05-10 00:49:00+00:00,80681.28125,80681.28125,80673.1875,80679.71875,0
2026-05-10 00:50:00+00:00,80640.0078125,80681.2890625,80640.0078125,80681.2890625,1048576
2026-05-10 00:51:00+00:00,80634.8984375,80646.9296875,80631.8828125,80640.0234375,12986368
2026-05-10 00:52:00+00:00,80651.6796875,80651.6875,80638.0390625,80638.046875,0
2026-05-10 00:53:00+00:00,80652.3515625,80660.5,80643.1796875,80643.9296875,0
2026-05-10 00:54:00+00:00,80652.1171875,80652.1171875,80634.203125,80649.953125,0
2026-05-10 00:55:00+00:00,80652.953125,80653.9609375,80643.921875,80652.1171875,0
2026-05-10 00:56:00+00:00,80654.796875,80655.953125,80646.9296875,80652.953125,5713920
2026-05-10 00:57:00+00:00,80656.0,80656.0078125,80654.7890625,80654.796875,0
2026-05-10 00:58:00+00:00,80636.0,80657.28125,80615.0078125,80656.0078125,37455872
2026-05-10 00:59:00+00:00,80658.9609375,80658.9609375,80637.203125,80637.203125,0
2026-05-10 01:00:00+00:00,80628.890625,80658.9609375,80628.890625,80658.9609375,0
2026-05-10 01:01:00+00:00,80594.2421875,80630.09375,80591.5703125,80628.8828125,0
2026-05-10 01:02:00+00:00,80589.7265625,80591.5703125,80569.6015625,80591.5703125,0
2026-05-10 01:03:00+00:00,80612.046875,80612.046875,80574.6875,80589.7265625,0
2026-05-10 01:04:00+00:00,80614.34375,80615.703125,80611.171875,80612.0625,0
2026-05-10 01:05:00+00:00,80578.0703125,80614.34375,80578.0703125,80614.34375,3217408
2026-05-10 01:06:00+00:00,80600.0,80600.0,80574.0390625,80574.0390625,0
2026-05-10 01:07:00+00:00,80607.796875,80613.8203125,80599.9921875,80599.9921875,0
2026-05-10 01:08:00+00:00,80634.890625,80634.890625,80601.9609375,80607.796875,0
2026-05-10 01:09:00+00:00,80634.8828125,80638.0,80634.8828125,80637.7890625,0
2026-05-10 01:10:00+00:00,80607.8125,80617.9609375,80604.9921875,80615.3828125,0
2026-05-10 01:11:00+00:00,80634.5390625,80634.5390625,80613.8125,80613.8125,0
2026-05-10 01:12:00+00:00,80636.421875,80636.421875,80619.8828125,80634.5390625,0
2026-05-10 01:13:00+00:00,80601.78125,80640.3671875,80601.78125,80636.421875,87181312
2026-05-10 01:14:00+00:00,80622.84375,80622.84375,80602.0703125,80602.0703125,0
2026-05-10 01:15:00+00:00,80596.4765625,80622.8515625,80596.4765625,80622.84375,0
2026-05-10 01:16:00+00:00,80613.8125,80613.8125,80586.0234375,80589.75,0
2026-05-10 01:17:00+00:00,80618.0,80618.0,80603.703125,80613.8125,0
2026-05-10 01:18:00+00:00,80631.8671875,80631.8671875,80624.8671875,80624.8671875,0
2026-05-10 01:19:00+00:00,80595.9921875,80649.9375,80595.9921875,80636.859375,800768
2026-05-10 01:20:00+00:00,80593.890625,80595.9921875,80593.8828125,80595.9921875,1120256
2026-05-10 01:21:00+00:00,80619.9921875,80619.9921875,80593.890625,80593.890625,0
2026-05-10 01:22:00+00:00,80621.0078125,80623.828125,80619.9765625,80619.9921875,1384448
2026-05-10 01:23:00+00:00,80579.453125,80614.28125,80579.453125,80614.28125,0
2026-05-10 01:24:00+00:00,80561.7890625,80579.453125,80557.9921875,80579.453125,0
2026-05-10 01:25:00+00:00,80573.90625,80580.703125,80561.7890625,80561.7890625,679936
2026-05-10 01:26:00+00:00,80573.3984375,80591.9765625,80571.6875,80571.6875,0
2026-05-10 01:27:00+00:00,80575.15625,80585.390625,80573.390625,80573.3984375,8169472
2026-05-10 01:28:00+00:00,80573.390625,80574.7734375,80568.671875,80574.7734375,1392640
2026-05-10 01:29:00+00:00,80579.46875,80587.421875,80573.390625,80573.390625,0
2026-05-10 01:30:00+00:00,80619.0390625,80619.0390625,80580.65625,80580.65625,64966656
2026-05-10 01:31:00+00:00,80635.328125,80635.328125,80621.5625,80621.5625,0
2026-05-10 01:32:00+00:00,80610.4296875,80634.5703125,80610.421875,80634.5625,178176
2026-05-10 01:33:00+00:00,80598.7890625,80610.4296875,80598.7890625,80610.421875,14747648
2026-05-10 01:34:00+00:00,80583.71875,80613.6171875,80583.71875,80610.421875,0
2026-05-10 01:35:00+00:00,80590.109375,80593.9921875,80580.7109375,80580.7109375,0
2026-05-10 01:36:00+00:00,80565.0,80589.9921875,80552.7265625,80589.9921875,0
2026-05-10 01:37:00+00:00,80586.7265625,80607.890625,80569.9765625,80569.9921875,0
2026-05-10 01:38:00+00:00,80573.1484375,80588.4296875,80572.1796875,80586.7265625,0
2026-05-10 01:39:00+00:00,80569.4921875,80573.203125,80566.1484375,80573.203125,0
2026-05-10 01:40:00+00:00,80588.40625,80588.40625,80569.4765625,80569.4765625,23742464
2026-05-10 01:41:00+00:00,80612.390625,80612.390625,80588.421875,80588.421875,831488
2026-05-10 01:42:00+00:00,80619.828125,80619.828125,80607.7890625,80612.390625,0
2026-05-10 01:43:00+00:00,80615.9921875,80619.84375,80615.9921875,80619.828125,0
2026-05-10 01:44:00+00:00,80612.84375,80616.0,80612.84375,80615.9921875,0
2026-05-10 01:45:00+00:00,80608.890625,80610.8125,80604.7890625,80610.8125,0
2026-05-10 01:46:00+00:00,80621.59375,80621.59375,80608.890625,80608.8984375,11999232
2026-05-10 01:47:00+00:00,80625.84375,80625.8515625,80621.59375,80621.59375,391168
2026-05-10 01:48:00+00:00,80612.1484375,80625.84375,80608.8984375,80625.84375,0
2026-05-10 01:49:00+00:00,80622.328125,80622.328125,80612.140625,80612.140625,0
2026-05-10 01:50:00+00:00,80639.7109375,80641.140625,80622.3203125,80622.3203125,0
2026-05-10 01:51:00+00:00,80649.9296875,80649.9296875,80639.578125,80639.7109375,0
2026-05-10 01:52:00+00:00,80660.0,80672.046875,80649.921875,80649.921875,0
2026-05-10 01:53:00+00:00,80646.9375,80664.390625,80646.9375,80663.4375,2222080
2026-05-10 01:54:00+00:00,80675.2109375,80675.2109375,80644.78125,80646.9375,33708032
2026-05-10 01:55:00+00:00,80661.9921875,80673.9765625,80661.9921875,80673.9765625,0
2026-05-10 01:56:00+00:00,80644.359375,80661.9921875,80644.359375,80661.9765625,0
2026-05-10 01:57:00+00:00,80644.359375,80644.3671875,80644.359375,80644.359375,0
2026-05-10 01:58:00+00:00,80644.3671875,80644.3671875,80642.2890625,80644.359375,231424
2026-05-10 01:59:00+00:00,80664.0,80664.0,80643.2890625,80644.3671875,0
2026-05-10 02:00:00+00:00,80646.9375,80663.6015625,80646.9296875,80659.9375,0
2026-05-10 02:01:00+00:00,80608.5,80646.9296875,80608.5,80646.9296875,0
2026-05-10 02:02:00+00:00,80610.8125,80610.8125,80599.359375,80599.3671875,0
2026-05-10 02:03:00+00:00,80618.1171875,80627.6015625,80615.0078125,80615.0078125,0
2026-05-10 02:04:00+00:00,80628.859375,80628.8671875,80620.8203125,80620.8203125,0
2026-05-10 02:05:00+00:00,80622.6484375,80628.859375,80617.2578125,80628.859375,0
2026-05-10 02:06:00+00:00,80650.1328125,80650.1328125,80627.2578125,80627.2578125,0
2026-05-10 02:07:00+00:00,80634.890625,80643.28125,80634.890625,80642.0,0
2026-05-10 02:08:00+00:00,80599.703125,80628.8671875,80593.796875,80628.8671875,0
2026-05-10 02:09:00+00:00,80616.828125,80616.828125,80612.1171875,80612.1171875,0
2026-05-10 02:10:00+00:00,80626.171875,80626.171875,80616.8203125,80616.8203125,129024
2026-05-10 02:11:00+00:00,80595.1484375,80616.84375,80595.1484375,80616.84375,0
2026-05-10 02:12:00+00:00,80595.1484375,80595.15625,80586.7265625,80595.15625,0
2026-05-10 02:13:00+00:00,80612.0234375,80614.0078125,80595.1484375,80595.1484375,0
2026-05-10 02:14:00+00:00,80612.0078125,80612.0234375,80612.0078125,80612.0234375,446464
2026-05-10 02:15:00+00:00,80610.0234375,80612.4609375,80610.0078125,80612.4609375,0
2026-05-10 02:16:00+00:00,80629.71875,80637.8828125,80610.0078125,80610.0078125,0
2026-05-10 02:17:00+00:00,80639.171875,80653.5,80629.7109375,80629.7109375,25884672
2026-05-10 02:18:00+00:00,80639.171875,80639.1796875,80633.1875,80639.171875,0
2026-05-10 02:19:00+00:00,80634.890625,80645.109375,80634.890625,80640.8984375,0
2026-05-10 02:20:00+00:00,80629.78125,80634.8984375,80623.4609375,80634.8984375,1460224
2026-05-10 02:21:00+00:00,80637.3828125,80637.3828125,80629.6328125,80629.7890625,0
2026-05-10 02:22:00+00:00,80648.0078125,80648.0078125,80637.3828125,80637.390625,0
2026-05-10 02:23:00+00:00,80672.5,80672.5,80648.0078125,80648.0078125,137216
2026-05-10 02:24:00+00:00,80690.0078125,80690.0234375,80672.4921875,80672.4921875,0
2026-05-10 02:25:00+00:00,80697.859375,80697.859375,80688.0,80688.0,0
2026-05-10 02:26:00+00:00,80709.0703125,80709.0703125,80697.859375,80697.859375,0
2026-05-10 02:27:00+00:00,80718.0,80718.0078125,80711.9609375,80711.9609375,0
2026-05-10 02:28:00+00:00,80741.25,80741.25,80718.0,80718.0078125,16752640
2026-05-10 02:29:00+00:00,80718.0078125,80728.2109375,80718.0,80728.2109375,0
2026-05-10 02:30:00+00:00,80707.1328125,80718.0078125,80707.1328125,80718.0078125,6144000
2026-05-10 02:31:00+00:00,80700.8125,80704.1328125,80676.3125,80704.1328125,0
2026-05-10 02:32:00+00:00,80722.15625,80722.8203125,80702.9609375,80702.9609375,0
2026-05-10 02:33:00+00:00,80696.75,80716.0078125,80696.75,80713.171875,0
2026-05-10 02:34:00+00:00,80697.65625,80697.65625,80692.140625,80696.75,0
2026-05-10 02:35:00+00:00,80729.953125,80729.953125,80697.65625,80697.65625,0
2026-05-10 02:36:00+00:00,80761.3125,80761.3125,80732.65625,80732.65625,15409152
2026-05-10 02:37:00+00:00,80747.796875,80771.9765625,80747.796875,80769.5703125,0
2026-05-10 02:38:00+00:00,80733.0,80747.8125,80733.0,80747.8125,0
2026-05-10 02:39:00+00:00,80722.8203125,80733.0078125,80722.8203125,80733.0,29906944
2026-05-10 02:40:00+00:00,80714.796875,80722.828125,80707.3125,80722.828125,0
2026-05-10 02:41:00+00:00,80723.0234375,80723.03125,80714.7890625,80714.796875,407552
2026-05-10 02:42:00+00:00,80723.0,80723.0234375,80723.0,80723.0234375,0
2026-05-10 02:43:00+00:00,80714.4296875,80723.0,80704.1328125,80723.0,0
2026-05-10 02:44:00+00:00,80732.9921875,80732.9921875,80714.4296875,80714.4375,0
2026-05-10 02:45:00+00:00,80713.6796875,80732.9921875,80713.6796875,80732.9921875,0
2026-05-10 02:46:00+00:00,80730.140625,80733.0,80705.6015625,80713.171875,8327168
2026-05-10 02:47:00+00:00,80738.0,80744.0,80732.9609375,80732.9609375,0
2026-05-10 02:48:00+00:00,80751.046875,80759.9921875,80738.0,80738.0078125,0
2026-05-10 02:49:00+00:00,80765.9921875,80765.9921875,80747.9375,80749.2734375,19619840
2026-05-10 02:50:00+00:00,80749.953125,80774.703125,80749.2734375,80768.6484375,0
2026-05-10 02:51:00+00:00,80748.578125,80757.4765625,80748.5703125,80749.9609375,0
2026-05-10 02:52:00+00:00,80732.6484375,80750.2734375,80732.6484375,80750.2578125,43008
2026-05-10 02:53:00+00:00,80733.0,80733.9921875,80732.953125,80733.0,0
2026-05-10 02:54:00+00:00,80753.40625,80757.3671875,80732.9921875,80732.9921875,0
2026-05-10 02:55:00+00:00,80734.1015625,80754.2421875,80730.1328125,80754.2421875,0
2026-05-10 02:56:00+00:00,80731.9765625,80733.9765625,80731.9609375,80731.9609375,4751360
2026-05-10 02:57:00+00:00,80737.5,80737.5,80731.9921875,80731.9921875,0
2026-05-10 02:58:00+00:00,80755.28125,80755.28125,80737.4921875,80737.4921875,0
2026-05-10 02:59:00+00:00,80765.0234375,80765.0234375,80735.2421875,80757.2890625,0
2026-05-10 03:00:00+00:00,80749.28125,80764.3203125,80749.28125,80759.453125,7872512
2026-05-10 03:01:00+00:00,80752.171875,80752.7890625,80741.8203125,80741.8203125,0
2026-05-10 03:02:00+00:00,80784.9921875,80785.0,80752.171875,80752.171875,1247232
2026-05-10 03:03:00+00:00,80786.3125,80787.828125,80784.9921875,80784.9921875,0
2026-05-10 03:04:00+00:00,80798.046875,80801.4921875,80787.96875,80787.96875,0
2026-05-10 03:05:00+00:00,80781.3984375,80811.7890625,80781.3984375,80800.0,0
2026-05-10 03:06:00+00:00,80762.84375,80776.3671875,80762.828125,80776.359375,0
2026-05-10 03:07:00+00:00,80757.59375,80762.828125,80746.28125,80762.828125,0
2026-05-10 03:08:00+00:00,80756.5,80757.59375,80744.0078125,80757.578125,7337984
2026-05-10 03:09:00+00:00,80751.15625,80756.5,80749.2734375,80756.4921875,0
2026-05-10 03:10:00+00:00,80750.703125,80755.171875,80750.703125,80751.171875,0
2026-05-10 03:11:00+00:00,80746.2734375,80749.28125,80746.2578125,80749.28125,0
2026-05-10 03:12:00+00:00,80757.59375,80757.703125,80746.3125,80746.3125,17799168
2026-05-10 03:13:00+00:00,80770.140625,80770.140625,80757.59375,80757.59375,724992
2026-05-10 03:14:00+00:00,80761.328125,80776.78125,80761.328125,80770.140625,0
2026-05-10 03:15:00+00:00,80759.828125,80761.328125,80755.296875,80761.328125,0
2026-05-10 03:16:00+00:00,80750.0,80759.828125,80750.0,80759.828125,0
2026-05-10 03:17:00+00:00,80758.25,80758.296875,80746.2734375,80750.0078125,641024
2026-05-10 03:18:00+00:00,80760.609375,80760.609375,80749.28125,80758.25,1294336
2026-05-10 03:19:00+00:00,80758.3125,80774.03125,80758.296875,80760.6015625,0
2026-05-10 03:20:00+00:00,80741.3828125,80752.7734375,80741.3828125,80752.75,0
2026-05-10 03:21:00+00:00,80731.21875,80737.2421875,80731.21875,80737.2421875,0
2026-05-10 03:22:00+00:00,80744.0625,80744.0625,80716.15625,80716.15625,0
2026-05-10 03:23:00+00:00,80745.9765625,80745.9765625,80744.3515625,80745.53125,851968
2026-05-10 03:24:00+00:00,80744.046875,80745.9765625,80744.0390625,80745.9765625,0
2026-05-10 03:25:00+00:00,80728.21875,80737.2421875,80728.2109375,80737.2421875,0
2026-05-10 03:26:00+00:00,80728.2109375,80728.21875,80728.2109375,80728.2109375,0
2026-05-10 03:27:00+00:00,80727.9765625,80728.21875,80727.96875,80728.21875,0
2026-05-10 03:28:00+00:00,80729.1875,80729.1875,80727.96875,80727.9765625,0
2026-05-10 03:29:00+00:00,80729.1796875,80729.1875,80729.1796875,80729.1875,0
2026-05-10 03:30:00+00:00,80716.171875,80736.53125,80716.15625,80729.1796875,0
2026-05-10 03:31:00+00:00,80694.0078125,80710.140625,80694.0078125,80710.140625,0
2026-05-10 03:32:00+00:00,80718.7890625,80718.7890625,80693.8203125,80693.8203125,0
2026-05-10 03:33:00+00:00,80738.71875,80738.71875,80722.171875,80722.171875,0
2026-05-10 03:34:00+00:00,80752.2265625,80752.2265625,80741.0234375,80741.0234375,0
2026-05-10 03:35:00+00:00,80764.3125,80764.3125,80752.2265625,80752.2265625,8607744
2026-05-10 03:36:00+00:00,80787.40625,80787.40625,80763.296875,80766.78125,0
2026-05-10 03:37:00+00:00,80779.359375,80782.1328125,80773.3515625,80782.1328125,1204224
2026-05-10 03:38:00+00:00,80814.03125,80814.03125,80779.2109375,80779.2109375,0
2026-05-10 03:39:00+00:00,80839.578125,80848.4296875,80812.296875,80813.9765625,0
2026-05-10 03:40:00+00:00,80836.5703125,80871.671875,80836.5703125,80839.5703125,0
2026-05-10 03:41:00+00:00,80825.75,80836.5625,80824.53125,80836.5625,0
2026-05-10 03:42:00+00:00,80800.4375,80825.75,80800.4375,80825.75,0
2026-05-10 03:43:00+00:00,80782.390625,80806.25,80782.390625,80806.25,0
2026-05-10 03:44:00+00:00,80783.7890625,80783.796875,80782.390625,80782.3984375,833536
2026-05-10 03:45:00+00:00,80818.4765625,80818.4765625,80783.796875,80783.796875,36073472
2026-05-10 03:46:00+00:00,80815.671875,80818.4921875,80815.671875,80818.4765625,0
2026-05-10 03:47:00+00:00,80793.0,80818.4921875,80793.0,80815.671875,358400
2026-05-10 03:48:00+00:00,80794.671875,80794.6796875,80793.0,80793.0078125,3239936
2026-05-10 03:49:00+00:00,80802.6796875,80802.6796875,80785.390625,80788.6015625,0
2026-05-10 03:50:00+00:00,80795.25,80803.90625,80795.25,80802.6796875,2707456
2026-05-10 03:51:00+00:00,80799.1171875,80799.203125,80787.6875,80791.40625,0
2026-05-10 03:52:00+00:00,80799.1171875,80799.1171875,80788.578125,80791.421875,0
2026-05-10 03:53:00+00:00,80792.8125,80808.9375,80792.796875,80801.2890625,0
2026-05-10 03:54:00+00:00,80793.1015625,80793.1015625,80789.6015625,80792.796875,0
2026-05-10 03:55:00+00:00,80786.2890625,80786.2890625,80780.8125,80785.3984375,0
2026-05-10 03:56:00+00:00,80780.8125,80786.2890625,80780.8125,80786.2890625,0
2026-05-10 03:57:00+00:00,80779.3671875,80780.8125,80779.3671875,80780.796875,0
2026-05-10 03:58:00+00:00,80777.53125,80779.3671875,80776.7578125,80779.3671875,2048000
2026-05-10 03:59:00+00:00,80752.2265625,80801.203125,80752.2265625,80777.5234375,45056
2026-05-10 04:00:00+00:00,80785.7265625,80789.296875,80757.4609375,80757.4609375,0
2026-05-10 04:01:00+00:00,80746.7265625,80766.9375,80737.2421875,80763.96875,0
2026-05-10 04:02:00+00:00,80779.796875,80782.3984375,80757.9921875,80757.9921875,0
2026-05-10 04:03:00+00:00,80757.3515625,80774.9609375,80749.2734375,80774.9609375,0
2026-05-10 04:04:00+00:00,80740.2421875,80762.7109375,80740.2421875,80761.296875,1433600
2026-05-10 04:05:00+00:00,80757.9921875,80757.9921875,80739.140625,80740.2421875,0
2026-05-10 04:06:00+00:00,80769.9921875,80769.9921875,80754.0078125,80757.9921875,33376256
2026-05-10 04:07:00+00:00,80745.7265625,80770.0,80745.7265625,80770.0,0
2026-05-10 04:08:00+00:00,80749.75,80749.7578125,80745.7265625,80745.7265625,1994752
2026-05-10 04:09:00+00:00,80763.0,80763.0078125,80749.7578125,80749.7578125,0
2026-05-10 04:10:00+00:00,80754.9375,80763.0,80754.9375,80763.0,0
2026-05-10 04:11:00+00:00,80740.328125,80754.953125,80740.328125,80754.953125,0
2026-05-10 04:12:00+00:00,80741.7421875,80741.7421875,80737.453125,80739.109375,0
2026-05-10 04:13:00+00:00,80749.1484375,80749.15625,80741.7265625,80741.7421875,0
2026-05-10 04:14:00+00:00,80767.34375,80767.34375,80747.90625,80749.1484375,0
2026-05-10 04:15:00+00:00,80764.0078125,80767.3515625,80747.609375,80767.3515625,0
2026-05-10 04:16:00+00:00,80789.9921875,80789.9921875,80764.0078125,80764.0078125,0
2026-05-10 04:17:00+00:00,80785.390625,80791.453125,80785.390625,80791.40625,0
2026-05-10 04:18:00+00:00,80786.21875,80786.2265625,80786.21875,80786.21875,0
2026-05-10 04:19:00+00:00,80768.4375,80774.8671875,80768.4375,80774.8671875,0
2026-05-10 04:20:00+00:00,80752.28125,80768.4375,80752.28125,80768.4375,0
2026-05-10 04:21:00+00:00,80752.28125,80752.2890625,80752.28125,80752.2890625,16881664
2026-05-10 04:22:00+00:00,80754.2734375,80758.2890625,80752.1015625,80752.28125,0
2026-05-10 04:23:00+00:00,80749.2734375,80754.2734375,80749.2734375,80754.2734375,0
2026-05-10 04:24:00+00:00,80749.2578125,80749.28125,80749.2578125,80749.28125,0
2026-05-10 04:25:00+00:00,80769.09375,80769.09375,80749.2578125,80749.2578125,0
2026-05-10 04:26:00+00:00,80779.359375,80779.359375,80769.078125,80769.078125,0
2026-05-10 04:27:00+00:00,80782.0703125,80782.078125,80781.7734375,80781.78125,3123200
2026-05-10 04:28:00+00:00,80761.921875,80782.0703125,80761.90625,80782.0703125,0
2026-05-10 04:29:00+00:00,80785.390625,80785.390625,80761.953125,80761.953125,0
2026-05-10 04:30:00+00:00,80794.421875,80794.421875,80785.3828125,80785.3828125,0
2026-05-10 04:31:00+00:00,80817.71875,80824.0078125,80794.421875,80794.421875,81920
2026-05-10 04:32:00+00:00,80822.0,80830.5390625,80817.7109375,80817.7109375,0
2026-05-10 04:33:00+00:00,80822.78125,80822.78125,80800.9765625,80805.84375,0
2026-05-10 04:34:00+00:00,80802.921875,80821.0234375,80802.0,80819.7421875,0
2026-05-10 04:35:00+00:00,80803.578125,80803.578125,80802.921875,80802.921875,0
2026-05-10 04:36:00+00:00,80799.046875,80803.578125,80795.359375,80803.578125,0
2026-05-10 04:37:00+00:00,80794.953125,80799.046875,80794.953125,80799.0390625,0
2026-05-10 04:38:00+00:00,80799.8515625,80799.859375,80794.953125,80794.9609375,1083392
2026-05-10 04:39:00+00:00,80800.453125,80812.5,80800.453125,80812.5,0
2026-05-10 04:40:00+00:00,80800.453125,80800.453125,80800.4375,80800.4375,0
2026-05-10 04:41:00+00:00,80800.4375,80800.453125,80800.4375,80800.4375,0
2026-05-10 04:42:00+00:00,80797.796875,80800.453125,80797.796875,80798.1875,0
2026-05-10 04:43:00+00:00,80758.0,80779.3828125,80758.0,80779.3828125,0
2026-05-10 04:44:00+00:00,80749.921875,80758.0078125,80749.921875,80758.0078125,0
2026-05-10 04:45:00+00:00,80731.2109375,80748.0078125,80719.171875,80748.0078125,0
2026-05-10 04:46:00+00:00,80716.15625,80728.25,80716.15625,80728.25,46743552
2026-05-10 04:47:00+00:00,80718.2421875,80718.2421875,80718.2265625,80718.2265625,0
2026-05-10 04:48:00+00:00,80719.171875,80726.3203125,80718.2421875,80718.2421875,0
2026-05-10 04:49:00+00:00,80723.4296875,80725.1875,80716.0703125,80719.1796875,0
2026-05-10 04:50:00+00:00,80746.25,80746.25,80723.421875,80723.421875,0
2026-05-10 04:51:00+00:00,80761.3125,80761.3125,80746.2578125,80748.359375,0
2026-05-10 04:52:00+00:00,80761.3125,80761.3125,80755.0234375,80755.8203125,462848
2026-05-10 04:53:00+00:00,80756.0078125,80771.2578125,80756.0078125,80761.296875,0
2026-05-10 04:54:00+00:00,80760.4921875,80760.5,80756.0234375,80756.0234375,20189184
2026-05-10 04:55:00+00:00,80760.1328125,80770.328125,80760.1171875,80760.5,0
2026-05-10 04:56:00+00:00,80768.421875,80770.3125,80760.1328125,80760.1328125,0
2026-05-10 04:57:00+00:00,80753.25,80768.4296875,80753.2421875,80768.4296875,0
2026-05-10 04:58:00+00:00,80753.59375,80755.9609375,80751.859375,80755.9609375,0
2026-05-10 04:59:00+00:00,80747.1171875,80754.25,80747.1171875,80753.578125,0
2026-05-10 05:00:00+00:00,80730.0,80739.0234375,80730.0,80739.0078125,0
2026-05-10 05:01:00+00:00,80711.0,80730.0078125,80710.9921875,80730.0078125,23177216
2026-05-10 05:02:00+00:00,80711.0,80711.0,80707.5,80711.0,0
2026-05-10 05:03:00+00:00,80716.171875,80730.0,80710.9921875,80710.9921875,0
2026-05-10 05:04:00+00:00,80732.1484375,80737.21875,80724.0390625,80724.0390625,0
2026-05-10 05:05:00+00:00,80730.5078125,80741.7109375,80730.5,80732.15625,0
2026-05-10 05:06:00+00:00,80730.5078125,80730.5078125,80730.5,80730.5078125,0
2026-05-10 05:07:00+00:00,80730.3984375,80737.21875,80730.3984375,80730.5,0
2026-05-10 05:08:00+00:00,80734.03125,80734.03125,80728.2109375,80729.5078125,632832
2026-05-10 05:09:00+00:00,80740.828125,80740.828125,80736.9375,80736.9375,0
2026-05-10 05:10:00+00:00,80750.6015625,80750.6015625,80743.109375,80743.109375,26732544
2026-05-10 05:11:00+00:00,80752.28125,80758.703125,80752.28125,80758.6875,0
2026-05-10 05:12:00+00:00,80747.84375,80754.59375,80745.0,80752.28125,0
2026-05-10 05:13:00+00:00,80725.3828125,80747.84375,80725.3828125,80747.828125,0
2026-05-10 05:14:00+00:00,80754.7734375,80754.7734375,80734.640625,80734.640625,0
2026-05-10 05:15:00+00:00,80778.75,80778.75,80754.7734375,80754.7734375,0
2026-05-10 05:16:00+00:00,80755.3125,80778.75,80755.3125,80778.75,0
2026-05-10 05:17:00+00:00,80768.921875,80768.921875,80754.7734375,80754.78125,0
2026-05-10 05:18:00+00:00,80771.796875,80771.8125,80768.9296875,80768.9296875,0
2026-05-10 05:19:00+00:00,80758.296875,80771.8125,80758.296875,80771.796875,0
2026-05-10 05:20:00+00:00,80762.421875,80766.1875,80758.296875,80758.3125,0
2026-05-10 05:21:00+00:00,80759.6015625,80762.421875,80746.9765625,80762.421875,0
2026-05-10 05:22:00+00:00,80769.9921875,80770.0,80759.609375,80759.609375,0
2026-05-10 05:23:00+00:00,80783.6484375,80783.6484375,80769.9921875,80770.0,0
2026-05-10 05:24:00+00:00,80795.6484375,80795.65625,80783.6484375,80783.6484375,0
2026-05-10 05:25:00+00:00,80789.3515625,80801.40625,80789.3515625,80795.9921875,1565696
2026-05-10 05:26:00+00:00,80797.953125,80797.9609375,80789.3515625,80789.3515625,191488
2026-05-10 05:27:00+00:00,80792.0703125,80799.9375,80792.0703125,80797.9609375,0
2026-05-10 05:28:00+00:00,80789.2890625,80789.296875,80789.28125,80789.28125,0
2026-05-10 05:29:00+00:00,80750.0,80789.296875,80750.0,80789.296875,0
2026-05-10 05:30:00+00:00,80783.421875,80786.0,80753.0078125,80753.0078125,23908352
2026-05-10 05:31:00+00:00,80772.3828125,80783.421875,80767.6875,80783.421875,0
2026-05-10 05:32:00+00:00,80758.1015625,80773.8828125,80751.203125,80773.8828125,0
2026-05-10 05:33:00+00:00,80743.5,80758.09375,80743.5,80758.09375,32629760
2026-05-10 05:34:00+00:00,80757.0703125,80757.078125,80755.9765625,80755.9765625,0
2026-05-10 05:35:00+00:00,80757.078125,80757.078125,80749.2734375,80754.3203125,2305024
2026-05-10 05:36:00+00:00,80770.328125,80770.328125,80757.0703125,80757.0703125,12464128
2026-05-10 05:37:00+00:00,80761.2890625,80766.25,80750.0,80766.25,0
2026-05-10 05:38:00+00:00,80774.5625,80774.5625,80761.2890625,80761.2890625,1712128
2026-05-10 05:39:00+00:00,80761.3125,80774.5703125,80761.3125,80774.5625,0
2026-05-10 05:40:00+00:00,80747.0,80761.3125,80747.0,80761.3125,635904
2026-05-10 05:41:00+00:00,80747.0078125,80747.0078125,80747.0,80747.0078125,0
2026-05-10 05:42:00+00:00,80735.0078125,80747.0078125,80735.0,80747.0078125,0
2026-05-10 05:43:00+00:00,80721.0078125,80735.0078125,80721.0,80735.0078125,0
2026-05-10 05:44:00+00:00,80717.546875,80724.2734375,80714.171875,80722.453125,24535040
2026-05-10 05:45:00+00:00,80723.421875,80724.0,80717.5390625,80717.5390625,0
2026-05-10 05:46:00+00:00,80734.21875,80749.640625,80728.0,80728.0,8192
2026-05-10 05:47:00+00:00,80731.7109375,80736.0,80731.703125,80731.703125,0
2026-05-10 05:48:00+00:00,80726.1171875,80740.0,80725.1875,80725.1875,0
2026-05-10 05:49:00+00:00,80724.0,80726.1328125,80704.1171875,80726.1328125,0
2026-05-10 05:50:00+00:00,80688.2734375,80726.1328125,80687.9921875,80726.1328125,659456
2026-05-10 05:51:00+00:00,80677.390625,80696.46875,80677.3828125,80689.078125,17964032
2026-05-10 05:52:00+00:00,80693.1484375,80695.453125,80686.046875,80686.046875,0
2026-05-10 05:53:00+00:00,80674.9375,80689.078125,80674.9375,80689.0703125,0
2026-05-10 05:54:00+00:00,80673.9921875,80683.046875,80673.6328125,80676.34375,17609728
2026-05-10 05:55:00+00:00,80683.390625,80685.9921875,80675.078125,80675.09375,2009088
2026-05-10 05:56:00+00:00,80692.640625,80692.640625,80685.0390625,80685.0390625,1874944
2026-05-10 05:57:00+00:00,80685.953125,80692.6484375,80678.0,80692.6484375,54044672
2026-05-10 05:58:00+00:00,80692.6484375,80692.6484375,80691.9921875,80691.9921875,0
2026-05-10 05:59:00+00:00,80679.9921875,80692.6484375,80679.9921875,80692.640625,0
2026-05-10 06:00:00+00:00,80687.2578125,80695.390625,80675.4375,80684.1015625,0
2026-05-10 06:01:00+00:00,80699.359375,80704.0,80687.2578125,80687.2734375,147456
2026-05-10 06:02:00+00:00,80704.109375,80704.109375,80702.6328125,80702.6328125,0
2026-05-10 06:03:00+00:00,80704.1171875,80706.953125,80704.1015625,80704.1015625,0
2026-05-10 06:04:00+00:00,80705.3828125,80710.140625,80697.78125,80704.1171875,0
2026-05-10 06:05:00+00:00,80711.53125,80711.53125,80705.390625,80705.390625,1762304
2026-05-10 06:06:00+00:00,80711.53125,80711.53125,80711.5234375,80711.53125,0
2026-05-10 06:07:00+00:00,80711.53125,80711.53125,80711.5234375,80711.53125,0
2026-05-10 06:08:00+00:00,80724.140625,80724.1484375,80711.53125,80711.53125,0
2026-05-10 06:09:00+00:00,80724.1484375,80724.1484375,80724.140625,80724.1484375,0
2026-05-10 06:10:00+00:00,80713.15625,80713.15625,80713.1484375,80713.1484375,0
2026-05-10 06:11:00+00:00,80683.046875,80711.9296875,80683.046875,80711.9296875,0
2026-05-10 06:12:00+00:00,80696.3515625,80696.359375,80683.046875,80683.046875,10214400
2026-05-10 06:13:00+00:00,80699.7578125,80699.7578125,80696.359375,80696.359375,0
2026-05-10 06:14:00+00:00,80700.2421875,80700.2421875,80698.28125,80699.7578125,0
2026-05-10 06:15:00+00:00,80683.9296875,80702.6015625,80683.1171875,80702.6015625,24264704
2026-05-10 06:16:00+00:00,80696.0,80696.0,80695.9921875,80696.0,0
2026-05-10 06:17:00+00:00,80697.6171875,80697.6171875,80695.9921875,80696.0,0
2026-05-10 06:18:00+00:00,80707.1171875,80707.1171875,80697.609375,80697.6171875,0
2026-05-10 06:19:00+00:00,80701.1171875,80710.1015625,80701.109375,80710.1015625,0
2026-05-10 06:20:00+00:00,80682.09375,80689.5078125,80682.09375,80689.5078125,0
2026-05-10 06:21:00+00:00,80704.109375,80704.109375,80688.921875,80688.921875,41929728
2026-05-10 06:22:00+00:00,80701.1015625,80705.53125,80701.1015625,80704.1171875,0
2026-05-10 06:23:00+00:00,80680.046875,80701.109375,80680.046875,80701.109375,0
2026-05-10 06:24:00+00:00,80680.046875,80680.046875,80680.046875,80680.046875,1362944
2026-05-10 06:25:00+00:00,80677.0390625,80680.046875,80677.0390625,80680.046875,0
2026-05-10 06:26:00+00:00,80658.0234375,80671.171875,80658.0234375,80671.171875,0
2026-05-10 06:27:00+00:00,80658.0078125,80658.0234375,80658.0078125,80658.0234375,3100672
2026-05-10 06:28:00+00:00,80664.9921875,80664.9921875,80664.9765625,80664.9921875,0
2026-05-10 06:29:00+00:00,80638.796875,80664.9921875,80635.7421875,80664.9765625,110592
2026-05-10 06:30:00+00:00,80643.796875,80643.8125,80638.8203125,80638.8203125,0
2026-05-10 06:31:00+00:00,80656.2109375,80656.2109375,80643.796875,80643.796875,0
2026-05-10 06:32:00+00:00,80655.953125,80657.8515625,80655.953125,80656.203125,672768
2026-05-10 06:33:00+00:00,80655.9609375,80655.9609375,80655.953125,80655.9609375,0
2026-05-10 06:34:00+00:00,80656.0390625,80656.046875,80655.953125,80655.953125,0
2026-05-10 06:35:00+00:00,80680.6484375,80680.65625,80663.328125,80663.328125,475136
2026-05-10 06:36:00+00:00,80655.7890625,80676.109375,80655.78125,80676.109375,26387456
2026-05-10 06:37:00+00:00,80698.421875,80701.2578125,80655.78125,80655.78125,0
2026-05-10 06:38:00+00:00,80689.0703125,80710.1328125,80689.0703125,80698.421875,0
2026-05-10 06:39:00+00:00,80691.5703125,80691.5703125,80689.078125,80689.078125,0
2026-05-10 06:40:00+00:00,80683.0390625,80683.0390625,80674.03125,80677.046875,0
2026-05-10 06:41:00+00:00,80707.1171875,80713.109375,80683.0390625,80683.0390625,0
2026-05-10 06:42:00+00:00,80704.1171875,80713.1171875,80704.1171875,80707.1328125,0
2026-05-10 06:43:00+00:00,80696.0,80707.1171875,80692.78125,80704.1171875,0
2026-05-10 06:44:00+00:00,80698.09375,80698.09375,80690.453125,80696.0078125,1355776
2026-05-10 06:45:00+00:00,80697.7734375,80699.8828125,80697.7734375,80698.1015625,0
2026-05-10 06:46:00+00:00,80693.71875,80697.7734375,80693.7109375,80697.7734375,0
2026-05-10 06:47:00+00:00,80694.0625,80694.0703125,80693.7109375,80693.71875,1245184
2026-05-10 06:48:00+00:00,80714.6796875,80714.6796875,80694.0625,80694.0625,0
2026-05-10 06:49:00+00:00,80736.09375,80736.09375,80717.4296875,80717.4296875,0
2026-05-10 06:50:00+00:00,80748.0,80748.0,80736.09375,80736.09375,0
2026-05-10 06:51:00+00:00,80737.25,80748.0,80737.2421875,80748.0,0
2026-05-10 06:52:00+00:00,80725.5,80734.2109375,80725.5,80734.2109375,0
2026-05-10 06:53:00+00:00,80725.5078125,80725.5078125,80725.5,80725.5078125,11264
2026-05-10 06:54:00+00:00,80731.53125,80731.53125,80725.5078125,80725.5078125,40610816
2026-05-10 06:55:00+00:00,80716.078125,80716.09375,80711.09375,80711.09375,0
2026-05-10 06:56:00+00:00,80716.078125,80716.09375,80716.078125,80716.078125,0
2026-05-10 06:57:00+00:00,80718.0078125,80718.8984375,80718.0,80718.8984375,0
2026-05-10 06:58:00+00:00,80718.0078125,80718.0234375,80718.0078125,80718.0234375,0
2026-05-10 06:59:00+00:00,80724.0625,80724.59375,80714.546875,80716.0,0
2026-05-10 07:00:00+00:00,80746.0234375,80747.8515625,80731.5390625,80731.5390625,37805056
2026-05-10 07:01:00+00:00,80759.0078125,80759.0078125,80746.0234375,80746.0234375,83968
2026-05-10 07:02:00+00:00,80764.3125,80764.3203125,80755.53125,80756.2734375,0
2026-05-10 07:03:00+00:00,80758.7578125,80782.3671875,80758.7578125,80782.3671875,0
2026-05-10 07:04:00+00:00,80732.28125,80739.9609375,80732.2109375,80739.9609375,0
2026-05-10 07:05:00+00:00,80746.25,80747.71875,80743.25,80743.25,134144
2026-05-10 07:06:00+00:00,80764.3125,80764.3125,80740.046875,80740.046875,0
2026-05-10 07:07:00+00:00,80755.859375,80760.8203125,80753.5234375,80760.8203125,0
2026-05-10 07:08:00+00:00,80760.0078125,80760.0078125,80743.25,80751.828125,402432
2026-05-10 07:09:00+00:00,80752.2890625,80760.0078125,80752.28125,80760.0078125,0
2026-05-10 07:10:00+00:00,80752.28125,80752.2890625,80752.28125,80752.28125,548864
2026-05-10 07:11:00+00:00,80748.0,80752.2890625,80748.0,80752.28125,0
2026-05-10 07:12:00+00:00,80748.0078125,80748.0078125,80748.0,80748.0078125,0
2026-05-10 07:13:00+00:00,80748.0078125,80748.0078125,80748.0,80748.0078125,0
2026-05-10 07:14:00+00:00,80716.171875,80748.0078125,80716.171875,80748.0078125,0
2026-05-10 07:15:00+00:00,80731.203125,80731.203125,80713.1484375,80716.171875,16113664
2026-05-10 07:16:00+00:00,80731.4921875,80740.2265625,80731.4921875,80734.2109375,0
2026-05-10 07:17:00+00:00,80752.6875,80752.6875,80731.4921875,80731.4921875,0
2026-05-10 07:18:00+00:00,80764.1171875,80764.1328125,80755.28125,80755.28125,0
2026-05-10 07:19:00+00:00,80748.0234375,80763.109375,80748.0234375,80763.1015625,0
2026-05-10 07:20:00+00:00,80748.03125,80748.03125,80748.0234375,80748.03125,1295360
2026-05-10 07:21:00+00:00,80763.9765625,80763.9765625,80748.03125,80748.03125,52333568
2026-05-10 07:22:00+00:00,80782.2109375,80783.921875,80767.3203125,80767.3203125,0
2026-05-10 07:23:00+00:00,80766.6015625,80782.53125,80766.6015625,80782.53125,0
2026-05-10 07:24:00+00:00,80762.5625,80766.59375,80762.546875,80766.59375,0
2026-05-10 07:25:00+00:00,80761.3125,80762.5625,80761.3125,80762.5625,1094656
2026-05-10 07:26:00+00:00,80784.171875,80794.0,80761.3125,80761.3125,0
2026-05-10 07:27:00+00:00,80770.3515625,80784.171875,80770.34375,80784.171875,0
2026-05-10 07:28:00+00:00,80774.0078125,80775.328125,80770.34375,80770.3515625,0
2026-05-10 07:29:00+00:00,80774.0234375,80774.0234375,80772.7890625,80772.7890625,6426624
2026-05-10 07:30:00+00:00,80760.046875,80774.0234375,80760.046875,80774.0234375,48116736
2026-05-10 07:31:00+00:00,80761.0390625,80761.0390625,80760.078125,80760.078125,970752
2026-05-10 07:32:00+00:00,80766.703125,80766.7109375,80766.703125,80766.703125,515072
2026-05-10 07:33:00+00:00,80760.046875,80766.7109375,80760.046875,80766.703125,0
2026-05-10 07:34:00+00:00,80759.7734375,80759.7734375,80759.7578125,80759.7734375,0
2026-05-10 07:35:00+00:00,80759.7734375,80759.7734375,80759.7578125,80759.7734375,1060864
2026-05-10 07:36:00+00:00,80759.1015625,80759.7734375,80752.5,80759.7578125,18823168
2026-05-10 07:37:00+00:00,80770.328125,80770.328125,80759.09375,80759.1015625,279552
2026-05-10 07:38:00+00:00,80763.7109375,80770.34375,80763.7109375,80770.328125,0
2026-05-10 07:39:00+00:00,80765.203125,80765.203125,80757.0,80763.71875,0
2026-05-10 07:40:00+00:00,80758.3125,80765.203125,80758.3125,80765.203125,5854208
2026-05-10 07:41:00+00:00,80765.6015625,80770.328125,80758.3203125,80758.3203125,0
2026-05-10 07:42:00+00:00,80754.84375,80763.96875,80749.671875,80763.96875,0
2026-05-10 07:43:00+00:00,80759.3671875,80759.3671875,80754.828125,80754.84375,0
2026-05-10 07:44:00+00:00,80778.4296875,80778.4296875,80759.3671875,80759.3828125,0
2026-05-10 07:45:00+00:00,80764.96875,80770.34375,80759.3671875,80770.34375,30627840
2026-05-10 07:46:00+00:00,80782.6875,80782.703125,80764.9609375,80764.96875,0
2026-05-10 07:47:00+00:00,80784.2421875,80784.25,80782.6875,80782.6875,0
2026-05-10 07:48:00+00:00,80784.9921875,80785.0,80784.34375,80784.34375,0
2026-05-10 07:49:00+00:00,80775.0078125,80785.0,80775.0,80785.0,0
2026-05-10 07:50:00+00:00,80752.2890625,80767.34375,80752.28125,80767.34375,0
2026-05-10 07:51:00+00:00,80746.2578125,80752.2890625,80746.2578125,80752.28125,0
2026-05-10 07:52:00+00:00,80744.796875,80746.2734375,80744.796875,80746.2578125,0
2026-05-10 07:53:00+00:00,80716.171875,80744.8125,80716.15625,80744.8125,367616
2026-05-10 07:54:00+00:00,80734.8984375,80734.8984375,80722.796875,80722.796875,0
2026-05-10 07:55:00+00:00,80737.2421875,80744.0,80734.890625,80734.890625,0
2026-05-10 07:56:00+00:00,80731.2109375,80737.2421875,80731.2109375,80737.2421875,0
2026-05-10 07:57:00+00:00,80725.1875,80731.21875,80725.1875,80731.21875,3454976
2026-05-10 07:58:00+00:00,80722.8203125,80722.8203125,80722.8125,80722.8203125,0
2026-05-10 07:59:00+00:00,80725.8515625,80725.8515625,80720.59375,80722.8125,0
2026-05-10 08:00:00+00:00,80717.6796875,80722.9609375,80717.671875,80722.9609375,0
2026-05-10 08:01:00+00:00,80714.0390625,80717.6796875,80714.0390625,80717.6796875,0
2026-05-10 08:02:00+00:00,80711.5234375,80714.0390625,80711.5234375,80714.0390625,0
2026-05-10 08:03:00+00:00,80715.4296875,80716.859375,80711.5234375,80711.5234375,7715840
2026-05-10 08:04:00+00:00,80704.8125,80715.4296875,80704.8125,80715.4296875,0
2026-05-10 08:05:00+00:00,80715.203125,80716.859375,80704.8125,80704.8203125,0
2026-05-10 08:06:00+00:00,80708.3984375,80715.1875,80707.1484375,80715.1875,0
2026-05-10 08:07:00+00:00,80726.0,80726.0,80715.15625,80715.15625,0
2026-05-10 08:08:00+00:00,80733.78125,80733.78125,80726.0078125,80726.0078125,0
2026-05-10 08:09:00+00:00,80782.3671875,80782.3671875,80736.5,80736.5,0
2026-05-10 08:10:00+00:00,80781.6171875,80807.2890625,80779.3671875,80807.2890625,0
2026-05-10 08:11:00+00:00,80759.171875,80781.6171875,80759.15625,80781.6171875,0
2026-05-10 08:12:00+00:00,80759.171875,80759.171875,80759.15625,80759.171875,0
2026-05-10 08:13:00+00:00,80755.828125,80759.171875,80751.5234375,80759.171875,0
2026-05-10 08:14:00+00:00,80750.6171875,80760.3203125,80750.609375,80754.3515625,2217984
2026-05-10 08:15:00+00:00,80750.6171875,80750.6171875,80750.609375,80750.6171875,33019904
2026-05-10 08:16:00+00:00,80783.9921875,80784.0,80738.25,80755.2890625,0
2026-05-10 08:17:00+00:00,80779.3671875,80779.3671875,80769.6015625,80776.359375,0
2026-05-10 08:18:00+00:00,80775.75,80777.7734375,80775.7421875,80775.7421875,0
2026-05-10 08:19:00+00:00,80761.3203125,80775.75,80761.3125,80775.75,2272256
2026-05-10 08:20:00+00:00,80778.1328125,80779.3671875,80761.3203125,80761.3203125,2529280
2026-05-10 08:21:00+00:00,80785.3828125,80785.390625,80778.1171875,80778.1328125,0
2026-05-10 08:22:00+00:00,80789.953125,80789.953125,80786.9375,80786.9375,0
2026-05-10 08:23:00+00:00,80812.4765625,80812.4765625,80798.03125,80798.03125,0
2026-05-10 08:24:00+00:00,80810.6015625,80821.5,80810.6015625,80812.34375,22922240
2026-05-10 08:25:00+00:00,80857.6328125,80885.6875,80818.5,80818.5,0
2026-05-10 08:26:00+00:00,80851.609375,80861.25,80839.8828125,80857.6328125,0
2026-05-10 08:27:00+00:00,80848.171875,80850.140625,80845.59375,80845.59375,0
2026-05-10 08:28:00+00:00,80854.6171875,80869.390625,80848.1796875,80848.1796875,5442560
2026-05-10 08:29:00+00:00,80854.5390625,80854.6328125,80848.6796875,80854.6328125,6176768
2026-05-10 08:30:00+00:00,80891.8671875,80891.8671875,80854.6328125,80854.6328125,39372800
2026-05-10 08:31:00+00:00,80877.1171875,80877.1875,80870.7578125,80877.1875,475136
2026-05-10 08:32:00+00:00,80847.3984375,80870.4765625,80847.3984375,80870.4765625,0
2026-05-10 08:33:00+00:00,80833.2265625,80855.609375,80833.2265625,80839.9765625,45586432
2026-05-10 08:34:00+00:00,80833.2421875,80837.3984375,80833.2265625,80833.2421875,1344512
2026-05-10 08:35:00+00:00,80849.84375,80850.6875,80833.2421875,80833.2421875,107520
2026-05-10 08:36:00+00:00,80840.0703125,80849.84375,80837.7578125,80843.9921875,0
2026-05-10 08:37:00+00:00,80837.75,80844.0234375,80833.2265625,80844.0234375,12215296
2026-05-10 08:38:00+00:00,80837.7578125,80837.7578125,80837.75,80837.75,0
2026-05-10 08:39:00+00:00,80832.640625,80836.5390625,80832.640625,80836.53125,0
2026-05-10 08:40:00+00:00,80804.53125,80829.0078125,80804.53125,80829.0078125,0
2026-05-10 08:41:00+00:00,80814.171875,80814.171875,80785.3984375,80804.0078125,0
2026-05-10 08:42:00+00:00,80814.1796875,80814.1796875,80814.171875,80814.171875,0
2026-05-10 08:43:00+00:00,80814.1796875,80814.1796875,80814.171875,80814.1796875,30420992
2026-05-10 08:44:00+00:00,80812.2578125,80814.1796875,80812.2578125,80814.1796875,0
2026-05-10 08:45:00+00:00,80812.2734375,80812.2734375,80812.2578125,80812.2578125,11084800
2026-05-10 08:46:00+00:00,80804.3203125,80812.2734375,80803.4609375,80812.2578125,0
2026-05-10 08:47:00+00:00,80836.5078125,80836.5078125,80804.3203125,80804.3203125,0
2026-05-10 08:48:00+00:00,80836.5,80836.5,80834.9296875,80836.5,0
2026-05-10 08:49:00+00:00,80836.5078125,80836.5078125,80836.5,80836.5,807936
2026-05-10 08:50:00+00:00,80836.828125,80836.828125,80836.5,80836.5,0
2026-05-10 08:51:00+00:00,80825.640625,80836.828125,80825.6328125,80836.828125,0
2026-05-10 08:52:00+00:00,80828.4609375,80828.4609375,80821.5078125,80822.8125,495616
2026-05-10 08:53:00+00:00,80815.5078125,80828.4609375,80811.5390625,80828.4609375,0
2026-05-10 08:54:00+00:00,80818.5,80818.5,80808.921875,80811.5078125,0
2026-05-10 08:55:00+00:00,80818.4921875,80818.5,80818.4921875,80818.5,0
2026-05-10 08:56:00+00:00,80818.4375,80818.4375,80818.4296875,80818.4375,1095680
2026-05-10 08:57:00+00:00,80800.7421875,80818.4375,80800.7265625,80818.4375,0
2026-05-10 08:58:00+00:00,80800.953125,80800.953125,80800.7265625,80800.7265625,0
2026-05-10 08:59:00+00:00,80818.9921875,80818.9921875,80800.9375,80800.953125,0
2026-05-10 09:00:00+00:00,80866.0,80878.5,80827.5234375,80827.5234375,0
2026-05-10 09:01:00+00:00,80854.1015625,80869.671875,80854.1015625,80862.4609375,0
2026-05-10 09:02:00+00:00,80861.421875,80861.421875,80854.1015625,80854.1015625,0
2026-05-10 09:03:00+00:00,80884.671875,80896.75,80861.421875,80861.421875,0
2026-05-10 09:04:00+00:00,80887.7421875,80889.046875,80878.6875,80881.8984375,0
2026-05-10 09:05:00+00:00,80859.890625,80878.703125,80859.890625,80878.703125,0
2026-05-10 09:06:00+00:00,80859.8984375,80859.8984375,80859.890625,80859.8984375,6457344
2026-05-10 09:07:00+00:00,80833.5390625,80848.6015625,80825.0,80848.6015625,1783808
2026-05-10 09:08:00+00:00,80844.296875,80844.3125,80833.546875,80833.546875,0
2026-05-10 09:09:00+00:00,80840.703125,80844.3125,80838.703125,80844.3125,0
2026-05-10 09:10:00+00:00,80835.0625,80840.7109375,80827.5390625,80840.7109375,8213504
2026-05-10 09:11:00+00:00,80824.2109375,80835.0703125,80818.5625,80835.0703125,0
2026-05-10 09:12:00+00:00,80851.609375,80852.6875,80824.21875,80824.21875,20671488
2026-05-10 09:13:00+00:00,80848.5703125,80851.609375,80848.5625,80851.609375,44032
2026-05-10 09:14:00+00:00,80825.5625,80848.5703125,80825.5625,80848.5703125,0
2026-05-10 09:15:00+00:00,80830.53125,80839.46875,80821.5234375,80823.9921875,1210368
2026-05-10 09:16:00+00:00,80824.5234375,80829.609375,80824.5234375,80829.609375,17683456
2026-05-10 09:17:00+00:00,80821.5703125,80823.0078125,80821.5703125,80823.0078125,0
2026-05-10 09:18:00+00:00,80850.828125,80850.828125,80821.578125,80821.578125,0
2026-05-10 09:19:00+00:00,80817.65625,80850.828125,80817.65625,80850.828125,0
2026-05-10 09:20:00+00:00,80812.4921875,80817.9296875,80812.4765625,80817.7890625,0
2026-05-10 09:21:00+00:00,80812.4921875,80812.4921875,80812.4765625,80812.4921875,0
2026-05-10 09:22:00+00:00,80812.140625,80812.4921875,80812.140625,80812.4921875,0
2026-05-10 09:23:00+00:00,80797.9921875,80812.140625,80796.8984375,80812.140625,0
2026-05-10 09:24:00+00:00,80808.2109375,80808.2109375,80797.9921875,80797.9921875,0
2026-05-10 09:25:00+00:00,80809.5625,80809.5703125,80808.203125,80808.203125,0
2026-05-10 09:26:00+00:00,80809.5703125,80809.5703125,80809.5625,80809.5703125,2989056
2026-05-10 09:27:00+00:00,80817.109375,80817.109375,80815.4765625,80815.4765625,1774592
2026-05-10 09:28:00+00:00,80817.109375,80817.109375,80817.1015625,80817.109375,0
2026-05-10 09:29:00+00:00,80802.2890625,80818.3203125,80802.2890625,80818.3125,0
2026-05-10 09:30:00+00:00,80814.90625,80814.90625,80792.8828125,80792.8828125,0
2026-05-10 09:31:00+00:00,80811.6484375,80811.6484375,80811.078125,80811.078125,0
2026-05-10 09:32:00+00:00,80811.640625,80811.6484375,80811.640625,80811.6484375,0
2026-05-10 09:33:00+00:00,80808.84375,80811.6484375,80808.84375,80811.6484375,0
2026-05-10 09:34:00+00:00,80784.0,80808.84375,80784.0,80808.84375,2337792
2026-05-10 09:35:00+00:00,80770.3515625,80773.390625,80770.34375,80773.390625,0
2026-05-10 09:36:00+00:00,80749.2734375,80770.3515625,80749.2734375,80770.3515625,0
2026-05-10 09:37:00+00:00,80744.0234375,80746.2734375,80743.2578125,80746.2578125,0
2026-05-10 09:38:00+00:00,80748.046875,80748.5703125,80743.25,80743.2578125,0
2026-05-10 09:39:00+00:00,80758.953125,80758.953125,80735.6875,80748.046875,0
2026-05-10 09:40:00+00:00,80766.6171875,80767.0625,80766.0,80767.0625,0
2026-05-10 09:41:00+00:00,80751.28125,80761.2265625,80751.28125,80761.2265625,0
2026-05-10 09:42:00+00:00,80750.0390625,80751.2890625,80750.0390625,80751.2890625,18531328
2026-05-10 09:43:00+00:00,80739.640625,80750.046875,80739.640625,80750.0390625,0
2026-05-10 09:44:00+00:00,80738.78125,80751.2578125,80734.2265625,80737.2265625,0
2026-05-10 09:45:00+00:00,80745.15625,80746.2578125,80742.2890625,80742.2890625,0
2026-05-10 09:46:00+00:00,80749.078125,80749.078125,80749.0703125,80749.0703125,0
2026-05-10 09:47:00+00:00,80770.34375,80770.34375,80749.0703125,80749.0703125,0
2026-05-10 09:48:00+00:00,80785.3828125,80785.390625,80770.328125,80770.34375,0
2026-05-10 09:49:00+00:00,80783.0390625,80788.1796875,80772.9375,80785.3828125,0
2026-05-10 09:50:00+00:00,80768.9921875,80771.8515625,80768.9765625,80771.8515625,0
2026-05-10 09:51:00+00:00,80768.9609375,80768.9921875,80768.953125,80768.9921875,0
2026-05-10 09:52:00+00:00,80766.578125,80768.953125,80766.578125,80768.953125,3597312
2026-05-10 09:53:00+00:00,80752.1015625,80766.578125,80752.1015625,80766.578125,0
2026-05-10 09:54:00+00:00,80790.53125,80791.1171875,80746.2734375,80749.078125,14705664
2026-05-10 09:55:00+00:00,80783.9921875,80793.09375,80777.3125,80793.09375,0
2026-05-10 09:56:00+00:00,80775.40625,80785.96875,80773.3515625,80785.390625,0
2026-05-10 09:57:00+00:00,80787.9765625,80793.0,80775.40625,80775.40625,354304
2026-05-10 09:58:00+00:00,80794.40625,80794.40625,80787.9921875,80787.9921875,16906240
2026-05-10 09:59:00+00:00,80794.0234375,80794.421875,80794.0234375,80794.421875,0
2026-05-10 10:00:00+00:00,80801.9765625,80801.9765625,80794.0234375,80794.03125,13721600
2026-05-10 10:01:00+00:00,80815.7734375,80824.4765625,80801.9765625,80801.9921875,0
2026-05-10 10:02:00+00:00,80800.453125,80806.28125,80800.4375,80806.28125,239616
2026-05-10 10:03:00+00:00,80773.3515625,80800.4375,80770.328125,80800.4375,0
2026-05-10 10:04:00+00:00,80722.1875,80764.8671875,80722.1875,80764.8671875,0
2026-05-10 10:05:00+00:00,80722.1875,80732.0234375,80722.1875,80722.1875,0
2026-05-10 10:06:00+00:00,80726.1015625,80726.1015625,80716.421875,80725.0234375,0
2026-05-10 10:07:00+00:00,80695.90625,80727.15625,80695.90625,80727.15625,0
2026-05-10 10:08:00+00:00,80710.140625,80710.140625,80698.09375,80698.09375,0
2026-05-10 10:09:00+00:00,80810.2734375,80820.078125,80707.25,80710.140625,0
2026-05-10 10:10:00+00:00,80785.390625,80800.4375,80783.1171875,80800.4375,406528
2026-05-10 10:11:00+00:00,80751.5390625,80785.5390625,80746.25,80783.1171875,436224
2026-05-10 10:12:00+00:00,80761.3125,80761.3125,80751.53125,80751.53125,0
2026-05-10 10:13:00+00:00,80725.1875,80765.828125,80725.1875,80761.296875,0
2026-05-10 10:14:00+00:00,80716.15625,80725.203125,80716.15625,80725.203125,39141376
2026-05-10 10:15:00+00:00,80703.40625,80716.15625,80701.9296875,80716.15625,0
2026-05-10 10:16:00+00:00,80715.046875,80715.046875,80676.0,80692.6015625,2693120
2026-05-10 10:17:00+00:00,80707.1328125,80725.609375,80707.1328125,80725.609375,0
2026-05-10 10:18:00+00:00,80719.171875,80722.390625,80707.1328125,80707.1328125,36081664
2026-05-10 10:19:00+00:00,80704.203125,80727.03125,80702.6015625,80720.6796875,3976192
2026-05-10 10:20:00+00:00,80761.4765625,80761.4765625,80705.546875,80705.546875,5453824
2026-05-10 10:21:00+00:00,80773.53125,80791.9765625,80773.53125,80780.0,90145792
2026-05-10 10:22:00+00:00,80773.3515625,80773.3515625,80767.328125,80767.328125,0
2026-05-10 10:23:00+00:00,80782.3828125,80782.3828125,80767.453125,80767.453125,0
2026-05-10 10:24:00+00:00,80784.75,80784.75,80773.3515625,80777.9296875,30938112
2026-05-10 10:25:00+00:00,80784.7421875,80791.40625,80784.7421875,80789.5703125,1745920
2026-05-10 10:26:00+00:00,80790.359375,80790.359375,80784.7421875,80784.75,0
2026-05-10 10:27:00+00:00,80797.171875,80800.0,80792.3125,80793.28125,0
2026-05-10 10:28:00+00:00,80797.9375,80799.9921875,80797.46875,80799.9921875,0
2026-05-10 10:29:00+00:00,80797.25,80797.9296875,80792.9609375,80797.9296875,0
2026-05-10 10:30:00+00:00,80797.578125,80798.578125,80797.2421875,80797.25,0
2026-05-10 10:31:00+00:00,80790.7890625,80797.578125,80790.78125,80797.578125,0
2026-05-10 10:32:00+00:00,80788.8515625,80790.7890625,80788.8515625,80790.7890625,0
2026-05-10 10:33:00+00:00,80811.9765625,80811.9765625,80788.8515625,80788.8515625,0
2026-05-10 10:34:00+00:00,80780.0,80818.40625,80780.0,80813.4375,548864
2026-05-10 10:35:00+00:00,80794.40625,80794.40625,80784.4296875,80784.4296875,0
2026-05-10 10:36:00+00:00,80794.2421875,80794.40625,80794.2421875,80794.3984375,16221184
2026-05-10 10:37:00+00:00,80798.0703125,80798.078125,80794.2421875,80794.2421875,0
2026-05-10 10:38:00+00:00,80787.9921875,80798.078125,80785.390625,80798.078125,0
2026-05-10 10:39:00+00:00,80783.9921875,80788.0,80783.9921875,80787.9921875,1795072
2026-05-10 10:40:00+00:00,80777.3515625,80784.0,80776.9765625,80784.0,0
2026-05-10 10:41:00+00:00,80770.34375,80777.46875,80770.34375,80777.34375,51200
2026-05-10 10:42:00+00:00,80767.921875,80770.3515625,80767.921875,80770.34375,8495104
2026-05-10 10:43:00+00:00,80752.9296875,80767.921875,80752.9296875,80767.921875,0
2026-05-10 10:44:00+00:00,80790.9921875,80793.1796875,80746.2734375,80752.9375,0
2026-05-10 10:45:00+00:00,80778.65625,80787.3984375,80777.4921875,80787.3984375,6398976
2026-05-10 10:46:00+00:00,80791.40625,80791.40625,80778.65625,80778.671875,0
2026-05-10 10:47:00+00:00,80791.1171875,80791.40625,80791.109375,80791.3984375,360448
2026-05-10 10:48:00+00:00,80791.5234375,80793.7890625,80782.390625,80791.109375,27887616
2026-05-10 10:49:00+00:00,80786.0078125,80791.5234375,80786.0078125,80791.5078125,0
2026-05-10 10:50:00+00:00,80786.03125,80791.5234375,80786.0,80786.0,140288
2026-05-10 10:51:00+00:00,80800.4296875,80800.4296875,80785.3984375,80791.3828125,0
2026-05-10 10:52:00+00:00,80839.5625,80840.5703125,80811.9921875,80811.9921875,0
2026-05-10 10:53:00+00:00,80851.609375,80869.671875,80839.9765625,80839.9921875,0
2026-05-10 10:54:00+00:00,80859.65625,80863.9375,80851.609375,80851.609375,0
2026-05-10 10:55:00+00:00,80865.5703125,80865.5703125,80859.078125,80859.65625,0
2026-05-10 10:56:00+00:00,80865.578125,80865.578125,80865.5703125,80865.578125,3367936
2026-05-10 10:57:00+00:00,80871.3984375,80871.3984375,80868.0625,80868.0625,60300288
2026-05-10 10:58:00+00:00,80867.2734375,80871.3984375,80867.2734375,80871.3984375,0
2026-05-10 10:59:00+00:00,80848.0625,80871.34375,80848.0625,80871.34375,58368
2026-05-10 11:00:00+00:00,80860.6328125,80860.6328125,80857.8125,80859.9375,0
2026-05-10 11:01:00+00:00,80890.828125,80890.828125,80860.6328125,80860.6328125,0
2026-05-10 11:02:00+00:00,80931.9609375,80956.7734375,80908.7890625,80922.046875,0
2026-05-10 11:03:00+00:00,80951.1484375,80951.1484375,80931.9609375,80931.9609375,0
2026-05-10 11:04:00+00:00,80919.140625,80944.921875,80919.140625,80944.921875,0
2026-05-10 11:05:00+00:00,80905.796875,80915.8828125,80905.796875,80915.8828125,0
2026-05-10 11:06:00+00:00,80917.0390625,80917.0390625,80897.953125,80899.15625,42760192
2026-05-10 11:07:00+00:00,80917.75,80917.75,80917.0390625,80917.0390625,1831936
2026-05-10 11:08:00+00:00,80878.703125,80914.921875,80878.703125,80914.90625,0
2026-05-10 11:09:00+00:00,80865.0234375,80882.0390625,80865.0234375,80876.390625,82150400
2026-05-10 11:10:00+00:00,80878.4921875,80880.1171875,80851.609375,80865.0078125,0
2026-05-10 11:11:00+00:00,80872.6796875,80878.5,80872.6796875,80878.5,0
2026-05-10 11:12:00+00:00,80896.7578125,80896.7578125,80872.6875,80872.6875,0
2026-05-10 11:13:00+00:00,80904.84375,80907.75,80904.828125,80904.828125,0
2026-05-10 11:14:00+00:00,80893.3984375,80904.84375,80893.3984375,80904.84375,0
2026-05-10 11:15:00+00:00,80907.671875,80907.671875,80893.390625,80893.390625,0
2026-05-10 11:16:00+00:00,80908.7578125,80908.7734375,80907.65625,80907.671875,0
2026-05-10 11:17:00+00:00,80904.3828125,80911.7578125,80904.3828125,80908.7578125,877568
2026-05-10 11:18:00+00:00,80863.8203125,80896.7734375,80863.8125,80896.7734375,0
2026-05-10 11:19:00+00:00,80843.78125,80854.6328125,80833.5625,80854.6328125,373760
2026-05-10 11:20:00+00:00,80808.578125,80839.5703125,80808.578125,80839.5703125,1940480
2026-05-10 11:21:00+00:00,80782.390625,80808.59375,80782.390625,80808.59375,0
2026-05-10 11:22:00+00:00,80769.640625,80791.3984375,80769.640625,80782.3828125,0
2026-05-10 11:23:00+00:00,80779.3671875,80791.3984375,80737.21875,80769.640625,0
2026-05-10 11:24:00+00:00,80782.1796875,80782.5703125,80782.171875,80782.5703125,22300672
2026-05-10 11:25:00+00:00,80780.7109375,80796.65625,80780.7109375,80782.171875,0
2026-05-10 11:26:00+00:00,80797.421875,80797.421875,80780.0078125,80781.703125,0
2026-05-10 11:27:00+00:00,80794.78125,80797.4296875,80790.0078125,80797.4296875,13740032
2026-05-10 11:28:00+00:00,80821.71875,80821.71875,80794.7734375,80794.78125,0
2026-05-10 11:29:00+00:00,80766.7890625,80824.0,80766.7890625,80821.7265625,11107328
2026-05-10 11:30:00+00:00,80782.3828125,80782.3828125,80770.3125,80770.3125,0
2026-05-10 11:31:00+00:00,80782.3828125,80782.3828125,80782.3671875,80782.3828125,0
2026-05-10 11:32:00+00:00,80774.109375,80782.3828125,80772.6796875,80782.3828125,73147392
2026-05-10 11:33:00+00:00,80774.0234375,80775.6171875,80774.0078125,80774.109375,0
2026-05-10 11:34:00+00:00,80800.75,80800.75,80770.34375,80772.6796875,2265088
2026-05-10 11:35:00+00:00,80801.4296875,80804.0390625,80797.65625,80797.9296875,29175808
2026-05-10 11:36:00+00:00,80801.2578125,80803.2890625,80801.2578125,80801.4296875,0
2026-05-10 11:37:00+00:00,80797.4375,80803.5703125,80797.4375,80802.7421875,0
2026-05-10 11:38:00+00:00,80797.4375,80797.4375,80797.4296875,80797.4375,0
2026-05-10 11:39:00+00:00,80797.90625,80800.0625,80786.28125,80797.4375,0
2026-05-10 11:40:00+00:00,80797.90625,80797.90625,80797.8984375,80797.90625,0
2026-05-10 11:41:00+00:00,80782.3828125,80797.90625,80782.3828125,80797.90625,0
2026-05-10 11:42:00+00:00,80795.09375,80795.09375,80786.15625,80787.7421875,0
2026-05-10 11:43:00+00:00,80794.2265625,80795.1015625,80794.21875,80795.09375,770048
2026-05-10 11:44:00+00:00,80813.4921875,80826.7890625,80811.0390625,80817.359375,400384
2026-05-10 11:45:00+00:00,80819.5,80819.5078125,80814.359375,80814.359375,20327424
2026-05-10 11:46:00+00:00,80830.4375,80830.453125,80819.5,80819.5,0
2026-05-10 11:47:00+00:00,80824.5234375,80830.703125,80822.6875,80830.421875,0
2026-05-10 11:48:00+00:00,80830.53125,80830.53125,80824.5078125,80824.5078125,0
2026-05-10 11:49:00+00:00,80827.2734375,80830.5390625,80826.5,80830.5390625,0
2026-05-10 11:50:00+00:00,80785.390625,80797.921875,80785.390625,80797.4296875,0
2026-05-10 11:51:00+00:00,80797.4375,80812.0625,80795.1171875,80795.1171875,0
2026-05-10 11:52:00+00:00,80808.109375,80815.3125,80791.421875,80791.9765625,0
2026-05-10 11:53:00+00:00,80815.421875,80818.71875,80801.8515625,80806.46875,0
2026-05-10 11:54:00+00:00,80809.4296875,80815.4296875,80809.421875,80815.421875,0
2026-05-10 11:55:00+00:00,80821.8984375,80821.8984375,80809.421875,80809.4296875,1906688
2026-05-10 11:56:00+00:00,80833.1171875,80833.5390625,80815.921875,80821.8984375,526336
2026-05-10 11:57:00+00:00,80823.4296875,80831.3984375,80820.28125,80831.3984375,44688384
2026-05-10 11:58:00+00:00,80820.2890625,80821.953125,80820.28125,80821.953125,0
2026-05-10 11:59:00+00:00,80790.0078125,80832.828125,80790.0078125,80820.2890625,295936
2026-05-10 12:00:00+00:00,80815.9921875,80829.859375,80792.84375,80795.9921875,0
2026-05-10 12:01:00+00:00,80807.7421875,80815.9921875,80807.65625,80815.9921875,0
2026-05-10 12:02:00+00:00,80784.921875,80807.7421875,80784.296875,80807.7265625,5673984
2026-05-10 12:03:00+00:00,80765.6484375,80782.3828125,80765.3828125,80782.3828125,0
2026-05-10 12:04:00+00:00,80787.2109375,80787.2109375,80770.328125,80770.328125,4583424
2026-05-10 12:05:00+00:00,80777.0078125,80787.21875,80777.0078125,80787.21875,0
2026-05-10 12:06:00+00:00,80777.8515625,80777.8515625,80777.0,80777.0078125,0
2026-05-10 12:07:00+00:00,80787.25,80787.2578125,80777.8515625,80777.8515625,0
2026-05-10 12:08:00+00:00,80805.9765625,80805.9921875,80791.359375,80791.359375,0
2026-05-10 12:09:00+00:00,80795.8828125,80809.9921875,80795.8828125,80805.9921875,0
2026-05-10 12:10:00+00:00,80809.4609375,80809.4609375,80791.3671875,80791.421875,0
2026-05-10 12:11:00+00:00,80828.921875,80828.921875,80809.453125,80809.4609375,0
2026-05-10 12:12:00+00:00,80833.546875,80833.546875,80828.921875,80828.921875,0
2026-05-10 12:13:00+00:00,80850.4296875,80850.4296875,80833.5390625,80833.546875,0
2026-05-10 12:14:00+00:00,80847.75,80847.75,80845.59375,80845.59375,0
2026-05-10 12:15:00+00:00,80854.3515625,80854.3515625,80847.7421875,80847.75,0
2026-05-10 12:16:00+00:00,80861.59375,80872.671875,80854.34375,80854.34375,556032
2026-05-10 12:17:00+00:00,80854.78125,80869.671875,80854.78125,80863.09375,0
2026-05-10 12:18:00+00:00,80857.203125,80857.203125,80854.78125,80854.78125,0
2026-05-10 12:19:00+00:00,80842.109375,80857.203125,80833.5625,80857.203125,0
2026-05-10 12:20:00+00:00,80855.8203125,80855.8203125,80842.1015625,80842.1015625,0
2026-05-10 12:21:00+00:00,80857.1875,80857.6328125,80852.2265625,80855.828125,0
2026-05-10 12:22:00+00:00,80857.1875,80857.1875,80857.1796875,80857.1796875,0
2026-05-10 12:23:00+00:00,80883.78125,80883.78125,80857.1875,80857.1875,0
2026-05-10 12:24:00+00:00,80905.5,80905.5,80882.4765625,80882.4765625,0
2026-05-10 12:25:00+00:00,80883.9921875,80910.7578125,80883.7421875,80905.4921875,8327168
2026-05-10 12:26:00+00:00,80858.5625,80875.703125,80858.5625,80875.703125,0
2026-05-10 12:27:00+00:00,80886.8828125,80886.8828125,80851.6171875,80854.6328125,0
2026-05-10 12:28:00+00:00,80887.796875,80895.96875,80887.7890625,80895.9609375,0
2026-05-10 12:29:00+00:00,80918.5,80918.5,80883.7578125,80884.96875,0
2026-05-10 12:30:00+00:00,80908.3515625,80915.2578125,80900.21875,80915.2578125,0
2026-05-10 12:31:00+00:00,80913.34375,80913.34375,80900.21875,80908.359375,0
2026-05-10 12:32:00+00:00,80921.6171875,80924.4296875,80908.8828125,80908.8828125,0
2026-05-10 12:33:00+00:00,80917.1015625,80921.6171875,80915.53125,80921.6171875,0
2026-05-10 12:34:00+00:00,80890.921875,80915.546875,80887.1875,80915.546875,0
2026-05-10 12:35:00+00:00,80875.4921875,80890.7265625,80860.53125,80879.1796875,0
2026-05-10 12:36:00+00:00,80889.296875,80893.7109375,80872.671875,80875.5,0
2026-05-10 12:37:00+00:00,80883.0,80892.84375,80883.0,80889.3125,1327104
2026-05-10 12:38:00+00:00,80881.4921875,80885.8125,80873.5,80882.5,0
2026-05-10 12:39:00+00:00,80916.40625,80916.40625,80873.4609375,80876.21875,34121728
2026-05-10 12:40:00+00:00,80905.7890625,80920.828125,80905.7890625,80920.828125,0
2026-05-10 12:41:00+00:00,80908.25,80914.7890625,80900.4375,80900.4375,0
2026-05-10 12:42:00+00:00,80917.109375,80917.1171875,80908.2734375,80908.2734375,0
2026-05-10 12:43:00+00:00,80909.8515625,80917.109375,80909.6875,80917.109375,2394112
2026-05-10 12:44:00+00:00,80915.3515625,80915.3515625,80909.859375,80909.859375,1227776
2026-05-10 12:45:00+00:00,80925.4296875,80925.4296875,80915.3671875,80915.3671875,0
2026-05-10 12:46:00+00:00,80924.8515625,80942.0,80924.8515625,80926.8515625,1449984
2026-05-10 12:47:00+00:00,80927.34375,80927.34375,80902.0078125,80915.3828125,0
2026-05-10 12:48:00+00:00,80920.828125,80927.34375,80906.0,80927.328125,17886208
2026-05-10 12:49:00+00:00,80902.78125,80938.046875,80902.78125,80920.859375,0
2026-05-10 12:50:00+00:00,80910.6171875,80916.953125,80898.9765625,80898.9765625,1395712
2026-05-10 12:51:00+00:00,80899.4765625,80905.359375,80898.140625,80905.359375,0
2026-05-10 12:52:00+00:00,80906.25,80906.25,80899.46875,80899.46875,0
2026-05-10 12:53:00+00:00,80913.3984375,80913.3984375,80906.2421875,80906.2421875,2805760
2026-05-10 12:54:00+00:00,80911.65625,80911.96875,80911.6484375,80911.8515625,9594880
2026-05-10 12:55:00+00:00,80902.546875,80902.546875,80902.2421875,80902.25,0
2026-05-10 12:56:00+00:00,80913.4921875,80913.4921875,80901.0078125,80902.546875,0
2026-05-10 12:57:00+00:00,80895.15625,80913.4921875,80893.7578125,80913.4921875,5258240
2026-05-10 12:58:00+00:00,80893.71875,80895.15625,80891.9921875,80895.1484375,0
2026-05-10 12:59:00+00:00,80929.828125,80929.828125,80884.9296875,80893.7265625,0
2026-05-10 13:00:00+00:00,80898.34375,80921.34375,80887.7265625,80921.34375,0
2026-05-10 13:01:00+00:00,80904.2421875,80905.25,80901.078125,80901.078125,0
2026-05-10 13:02:00+00:00,80905.7890625,80929.96875,80904.25,80904.25,10536960
2026-05-10 13:03:00+00:00,80903.609375,80905.796875,80896.7578125,80905.796875,0
2026-05-10 13:04:00+00:00,80895.9921875,80902.8203125,80887.7265625,80902.8203125,0
2026-05-10 13:05:00+00:00,80911.0625,80911.0625,80895.9921875,80896.0,688128
2026-05-10 13:06:00+00:00,80866.796875,80911.078125,80866.671875,80911.078125,0
2026-05-10 13:07:00+00:00,80863.3671875,80865.0,80853.5,80865.0,0
2026-05-10 13:08:00+00:00,80915.9765625,80916.453125,80883.453125,80883.453125,1846272
2026-05-10 13:09:00+00:00,80902.03125,80920.84375,80902.0,80910.28125,16986112
2026-05-10 13:10:00+00:00,80910.640625,80910.640625,80903.2265625,80903.2421875,0
2026-05-10 13:11:00+00:00,80893.359375,80911.84375,80893.359375,80910.6484375,1767424
2026-05-10 13:12:00+00:00,80901.7578125,80901.7578125,80887.7265625,80893.359375,0
2026-05-10 13:13:00+00:00,80912.15625,80912.75,80901.7578125,80901.7734375,0
2026-05-10 13:14:00+00:00,80900.671875,80935.8828125,80900.671875,80912.171875,0
2026-05-10 13:15:00+00:00,80906.9921875,80927.9921875,80904.59375,80904.6015625,11541504
2026-05-10 13:16:00+00:00,80902.2734375,80909.5,80902.25,80909.4921875,300032
2026-05-10 13:17:00+00:00,80901.109375,80902.2578125,80885.3515625,80902.2578125,0
2026-05-10 13:18:00+00:00,80923.578125,80923.578125,80901.1171875,80901.1171875,0
2026-05-10 13:19:00+00:00,80925.90625,80934.7578125,80925.890625,80925.890625,0
2026-05-10 13:20:00+00:00,80935.890625,80935.890625,80925.9375,80925.9375,7469056
2026-05-10 13:21:00+00:00,80963.9921875,80963.9921875,80935.9296875,80935.9296875,0
2026-05-10 13:22:00+00:00,80956.96875,80976.640625,80946.15625,80973.9609375,0
2026-05-10 13:23:00+00:00,80960.0,80971.0390625,80951.9609375,80951.96875,1200128
2026-05-10 13:24:00+00:00,80954.2890625,80969.0234375,80952.0,80960.0,0
2026-05-10 13:25:00+00:00,80957.609375,80957.640625,80947.9296875,80954.28125,1308672
2026-05-10 13:26:00+00:00,80977.953125,80977.953125,80957.609375,80957.609375,121856
2026-05-10 13:27:00+00:00,80956.0,80998.9921875,80956.0,80979.75,10393600
2026-05-10 13:28:00+00:00,80950.9375,80957.2109375,80950.9375,80956.0,0
2026-05-10 13:29:00+00:00,80963.3125,80982.3671875,80940.0078125,80947.9375,0
2026-05-10 13:30:00+00:00,80933.9765625,80963.3125,80932.8828125,80963.296875,1802240
2026-05-10 13:31:00+00:00,80925.453125,80955.59375,80925.453125,80947.921875,1078272
2026-05-10 13:32:00+00:00,80938.640625,80938.640625,80925.453125,80925.4609375,0
2026-05-10 13:33:00+00:00,80972.0,80972.0,80938.640625,80938.640625,0
2026-05-10 13:34:00+00:00,80983.7421875,80992.578125,80970.796875,80971.9609375,0
2026-05-10 13:35:00+00:00,80971.9296875,80984.7734375,80970.0078125,80984.7734375,0
2026-05-10 13:36:00+00:00,80981.1484375,80988.0625,80971.9375,80971.9375,0
2026-05-10 13:37:00+00:00,80977.53125,80983.75,80974.859375,80976.46875,690176
2026-05-10 13:38:00+00:00,80950.3125,80977.53125,80950.3125,80977.53125,0
2026-05-10 13:39:00+00:00,80947.9375,80967.9765625,80947.9375,80959.9609375,0
2026-05-10 13:40:00+00:00,80941.34375,80947.890625,80936.796875,80947.890625,3253248
2026-05-10 13:41:00+00:00,80949.75,80953.9609375,80932.8828125,80941.3515625,0
2026-05-10 13:42:00+00:00,80938.90625,80943.1328125,80938.8984375,80943.1328125,0
2026-05-10 13:43:00+00:00,80918.8203125,80936.0703125,80911.1484375,80936.0703125,0
2026-05-10 13:44:00+00:00,80980.703125,80980.703125,80924.171875,80924.171875,0
2026-05-10 13:45:00+00:00,80959.2734375,80980.703125,80955.2109375,80980.703125,23124992
2026-05-10 13:46:00+00:00,80959.96875,80965.1171875,80959.2890625,80959.2890625,0
2026-05-10 13:47:00+00:00,80970.1328125,80970.1328125,80962.3125,80962.3125,0
2026-05-10 13:48:00+00:00,80969.0078125,80977.8515625,80969.0078125,80970.1328125,37700608
2026-05-10 13:49:00+00:00,80952.296875,80969.0078125,80950.609375,80969.0078125,0
2026-05-10 13:50:00+00:00,80971.078125,80971.078125,80952.9765625,80952.9765625,1617920
2026-05-10 13:51:00+00:00,80956.703125,80971.078125,80956.6875,80971.078125,0
2026-05-10 13:52:00+00:00,80963.953125,80965.9375,80952.0078125,80956.6875,4814848
2026-05-10 13:53:00+00:00,80950.8515625,80962.7421875,80950.8515625,80962.7421875,0
2026-05-10 13:54:00+00:00,80946.359375,80968.9921875,80946.359375,80953.671875,0
2026-05-10 13:55:00+00:00,80941.9921875,80948.28125,80941.9921875,80944.1015625,0
2026-05-10 13:56:00+00:00,80931.8828125,80940.1875,80921.8515625,80940.1875,0
2026-05-10 13:57:00+00:00,80942.1015625,80942.109375,80931.890625,80931.890625,0
2026-05-10 13:58:00+00:00,80942.1015625,80942.109375,80942.1015625,80942.1015625,0
2026-05-10 13:59:00+00:00,80962.328125,80969.25,80941.7421875,80941.7421875,0
2026-05-10 14:00:00+00:00,80950.9609375,80954.0234375,80947.9921875,80954.0234375,1745920
2026-05-10 14:01:00+00:00,80941.90625,80950.96875,80938.1796875,80950.96875,0
2026-05-10 14:02:00+00:00,80949.390625,80956.65625,80943.6796875,80943.6796875,0
2026-05-10 14:03:00+00:00,80941.90625,80974.8671875,80941.90625,80955.65625,0
2026-05-10 14:04:00+00:00,80932.9375,80947.0234375,80932.9375,80941.90625,91136
2026-05-10 14:05:00+00:00,80935.34375,80935.390625,80934.7890625,80934.7890625,0
2026-05-10 14:06:00+00:00,80926.8515625,80935.3515625,80919.0078125,80935.34375,0
2026-05-10 14:07:00+00:00,80914.8203125,80935.34375,80914.8203125,80926.859375,0
2026-05-10 14:08:00+00:00,80910.109375,80914.828125,80908.1328125,80914.828125,707584
2026-05-10 14:09:00+00:00,80924.0078125,80926.8515625,80910.1484375,80910.1484375,0
2026-05-10 14:10:00+00:00,80963.9921875,80963.9921875,80935.0,80935.0,0
2026-05-10 14:11:00+00:00,80968.8515625,80974.15625,80966.0,80968.2890625,34415616
2026-05-10 14:12:00+00:00,80969.8984375,80969.8984375,80944.09375,80964.109375,0
2026-05-10 14:13:00+00:00,80943.5,80971.2890625,80942.0078125,80969.90625,41336832
2026-05-10 14:14:00+00:00,80911.8125,80965.9765625,80911.8125,80955.71875,0
2026-05-10 14:15:00+00:00,80910.03125,80915.2734375,80900.1015625,80913.75,0
2026-05-10 14:16:00+00:00,80915.921875,80915.921875,80907.203125,80910.0234375,0
2026-05-10 14:17:00+00:00,80901.6484375,80915.921875,80900.0234375,80915.921875,937984
2026-05-10 14:18:00+00:00,80900.0078125,80905.6328125,80900.0,80901.65625,41403392
2026-05-10 14:19:00+00:00,80912.0,80912.0,80900.0,80900.0,0
2026-05-10 14:20:00+00:00,80889.21875,80912.0,80889.21875,80912.0,0
2026-05-10 14:21:00+00:00,80877.3828125,80889.2109375,80874.546875,80889.2109375,1230848
2026-05-10 14:22:00+00:00,80893.2265625,80893.2265625,80877.3828125,80877.3828125,16533504
2026-05-10 14:23:00+00:00,80917.8203125,80917.8203125,80897.3828125,80897.3828125,0
2026-05-10 14:24:00+00:00,80920.1875,80920.1875,80917.859375,80917.859375,0
2026-05-10 14:25:00+00:00,80921.390625,80921.3984375,80920.203125,80920.203125,2476032
2026-05-10 14:26:00+00:00,80896.203125,80921.390625,80895.7578125,80921.390625,0
2026-05-10 14:27:00+00:00,80900.40625,80900.40625,80896.203125,80896.203125,1623040
2026-05-10 14:28:00+00:00,80898.203125,80900.4296875,80898.1875,80900.40625,0
2026-05-10 14:29:00+00:00,80909.1015625,80909.1015625,80898.203125,80898.203125,0
2026-05-10 14:30:00+00:00,80905.90625,80917.0234375,80903.8671875,80911.796875,0
2026-05-10 14:31:00+00:00,80912.21875,80912.21875,80905.921875,80905.921875,0
2026-05-10 14:32:00+00:00,80944.3203125,80944.3203125,80912.90625,80912.921875,0
2026-05-10 14:33:00+00:00,80957.078125,80971.8125,80944.3125,80944.3125,0
2026-05-10 14:34:00+00:00,80945.796875,80957.0703125,80945.796875,80957.0703125,0
2026-05-10 14:35:00+00:00,80953.7734375,80958.75,80946.2265625,80946.2265625,330752
2026-05-10 14:36:00+00:00,80932.6484375,80946.53125,80932.6328125,80946.53125,0
2026-05-10 14:37:00+00:00,80931.3203125,80932.6484375,80922.7265625,80932.6484375,5164032
2026-05-10 14:38:00+00:00,80943.40625,80943.40625,80931.3203125,80931.3203125,185344
2026-05-10 14:39:00+00:00,80941.640625,80943.421875,80938.21875,80938.21875,0
2026-05-10 14:40:00+00:00,80938.8984375,80968.4921875,80938.8984375,80941.640625,0
2026-05-10 14:41:00+00:00,80935.8828125,80944.6171875,80923.859375,80938.3984375,0
2026-05-10 14:42:00+00:00,80909.0234375,80926.8671875,80909.0078125,80926.8671875,0
2026-05-10 14:43:00+00:00,80890.7421875,80915.859375,80890.7421875,80909.0234375,0
2026-05-10 14:44:00+00:00,80887.59375,80890.7265625,80874.8515625,80887.9296875,2848768
2026-05-10 14:45:00+00:00,80899.75,80899.7578125,80887.59375,80887.6015625,0
2026-05-10 14:46:00+00:00,80863.6484375,80887.7265625,80863.6484375,80887.7265625,0
2026-05-10 14:47:00+00:00,80823.15625,80854.8984375,80810.4296875,80854.8984375,0
2026-05-10 14:48:00+00:00,80833.953125,80833.9609375,80800.03125,80815.4921875,40819712
2026-05-10 14:49:00+00:00,80819.65625,80833.953125,80813.84375,80833.953125,0
2026-05-10 14:50:00+00:00,80905.7890625,80905.7890625,80824.6796875,80824.6796875,11532288
2026-05-10 14:51:00+00:00,80921.578125,80933.78125,80891.1484375,80896.671875,0
2026-05-10 14:52:00+00:00,80934.859375,80934.8671875,80906.8203125,80921.59375,0
2026-05-10 14:53:00+00:00,80967.109375,80979.3671875,80927.9921875,80927.9921875,8365056
2026-05-10 14:54:00+00:00,80975.03125,80993.109375,80966.65625,80966.65625,47019008
2026-05-10 14:55:00+00:00,80958.1015625,80972.0,80948.3984375,80965.953125,0
2026-05-10 14:56:00+00:00,80938.96875,80955.5,80936.0625,80952.0234375,2400256
2026-05-10 14:57:00+00:00,80932.890625,80950.796875,80932.8828125,80948.0,0
2026-05-10 14:58:00+00:00,80930.1015625,80930.2578125,80928.0,80930.2578125,67832832
2026-05-10 14:59:00+00:00,80988.4921875,80988.4921875,80930.1015625,80930.1015625,1591296
2026-05-10 15:00:00+00:00,80968.5078125,80987.7578125,80968.5078125,80987.7578125,43481088
2026-05-10 15:01:00+00:00,80974.9921875,80985.8203125,80970.0234375,80970.0234375,0
2026-05-10 15:02:00+00:00,81023.171875,81042.921875,81011.2421875,81034.0234375,1681408
2026-05-10 15:03:00+00:00,81037.8125,81050.6796875,81008.0,81025.9765625,0
2026-05-10 15:04:00+00:00,81032.21875,81079.2734375,81032.21875,81055.0,0
2026-05-10 15:05:00+00:00,81050.28125,81057.9765625,81032.0,81053.8203125,10446848
2026-05-10 15:06:00+00:00,81041.2421875,81061.453125,81041.2421875,81055.7578125,52791296
2026-05-10 15:07:00+00:00,81011.9765625,81055.4921875,81011.9765625,81041.9609375,9598976
2026-05-10 15:08:00+00:00,80965.9765625,81013.6015625,80935.8984375,81011.9765625,0
2026-05-10 15:09:00+00:00,80941.5078125,80965.9765625,80928.0078125,80965.9765625,0
2026-05-10 15:10:00+00:00,80963.9921875,80963.9921875,80922.140625,80941.5,3315712
2026-05-10 15:11:00+00:00,80986.6484375,80988.0703125,80953.9609375,80963.9921875,3933184
2026-05-10 15:12:00+00:00,80987.6171875,80987.6171875,80971.9765625,80986.6484375,131060736
2026-05-10 15:13:00+00:00,81008.4296875,81013.9765625,80993.078125,80993.078125,0
2026-05-10 15:14:00+00:00,81042.0,81042.0078125,81022.5390625,81022.5390625,0
2026-05-10 15:15:00+00:00,81016.2578125,81034.546875,81005.1171875,81034.0078125,0
2026-05-10 15:16:00+00:00,80993.03125,81016.2578125,80989.4375,81016.2578125,878592
2026-05-10 15:17:00+00:00,81008.1328125,81015.6796875,80996.1015625,80996.1015625,0
2026-05-10 15:18:00+00:00,81017.1484375,81017.15625,81005.1171875,81005.1171875,21710848
2026-05-10 15:19:00+00:00,81002.1171875,81017.15625,81002.109375,81017.15625,0
2026-05-10 15:20:00+00:00,80990.1875,80992.4296875,80990.1875,80992.421875,0
2026-05-10 15:21:00+00:00,81001.796875,81001.796875,80989.2890625,80990.1875,0
2026-05-10 15:22:00+00:00,80993.75,80997.2265625,80993.078125,80997.21875,0
2026-05-10 15:23:00+00:00,80990.7109375,80993.453125,80987.2265625,80990.078125,0
2026-05-10 15:24:00+00:00,80957.6171875,80981.1796875,80957.6171875,80978.4296875,0
2026-05-10 15:25:00+00:00,80975.0234375,80975.0234375,80957.609375,80957.6171875,0
2026-05-10 15:26:00+00:00,80973.6796875,80985.8203125,80972.0234375,80975.0234375,1455104
2026-05-10 15:27:00+00:00,80982.0390625,80982.0390625,80970.03125,80973.6796875,0
2026-05-10 15:28:00+00:00,80964.0,80978.03125,80963.1484375,80978.03125,3736576
2026-05-10 15:29:00+00:00,80958.4375,80980.9921875,80958.4375,80973.703125,0
2026-05-10 15:30:00+00:00,80976.84375,80976.84375,80939.2265625,80944.0,1629184
2026-05-10 15:31:00+00:00,80979.46875,80979.46875,80956.96875,80962.9921875,0
2026-05-10 15:32:00+00:00,80970.0078125,80980.6015625,80955.96875,80980.6015625,39537664
2026-05-10 15:33:00+00:00,80958.1484375,80986.3515625,80958.1484375,80971.96875,0
2026-05-10 15:34:00+00:00,80981.3828125,80981.3828125,80960.46875,80960.46875,0
2026-05-10 15:35:00+00:00,81002.1015625,81002.1015625,80981.3828125,80981.3828125,0
2026-05-10 15:36:00+00:00,81070.8515625,81076.0390625,81011.1328125,81011.1328125,921600
2026-05-10 15:37:00+00:00,81075.8125,81075.8125,81038.2421875,81051.2265625,0
2026-05-10 15:38:00+00:00,81085.4296875,81089.203125,81067.2265625,81070.859375,299008
2026-05-10 15:39:00+00:00,81098.3203125,81104.9375,81088.0234375,81094.4921875,1903616
2026-05-10 15:40:00+00:00,81155.6171875,81164.7265625,81096.53125,81096.53125,0
2026-05-10 15:41:00+00:00,81080.0234375,81164.4765625,81061.7578125,81164.4765625,5583872
2026-05-10 15:42:00+00:00,81089.390625,81089.390625,81060.578125,81061.9375,0
2026-05-10 15:43:00+00:00,81070.0234375,81097.3203125,81070.0234375,81089.15625,3069952
2026-05-10 15:44:00+00:00,81130.4921875,81130.4921875,81079.8984375,81079.8984375,5660672
2026-05-10 15:45:00+00:00,81184.5,81184.5,81123.0,81137.546875,0
2026-05-10 15:46:00+00:00,81311.3984375,81311.3984375,81184.140625,81191.0078125,51570688
2026-05-10 15:47:00+00:00,81286.5078125,81345.4296875,81208.96875,81345.4296875,0
2026-05-10 15:48:00+00:00,81288.0234375,81294.078125,81266.3671875,81294.078125,41516032
2026-05-10 15:49:00+00:00,81337.453125,81366.28125,81303.109375,81306.0078125,0
2026-05-10 15:50:00+00:00,81349.2578125,81355.9375,81344.953125,81351.2578125,0
2026-05-10 15:51:00+00:00,81366.3203125,81390.3984375,81353.71875,81354.8828125,91764736
2026-05-10 15:52:00+00:00,81416.8125,81419.84375,81360.296875,81368.109375,6823936
2026-05-10 15:53:00+00:00,81348.8984375,81409.6875,81336.21875,81409.6875,0
2026-05-10 15:54:00+00:00,81332.1328125,81348.90625,81309.1328125,81348.90625,116678656
2026-05-10 15:55:00+00:00,81364.3671875,81375.109375,81348.09375,81348.09375,8273920
2026-05-10 15:56:00+00:00,81391.1171875,81393.6171875,81364.3828125,81364.3828125,0
2026-05-10 15:57:00+00:00,81389.1171875,81409.390625,81384.3828125,81391.1171875,107984896
2026-05-10 15:58:00+00:00,81413.2265625,81414.1796875,81384.390625,81393.6875,8380416
2026-05-10 15:59:00+00:00,81404.640625,81420.0,81404.640625,81420.0,2529280
2026-05-10 16:00:00+00:00,81432.53125,81441.078125,81411.2265625,81415.421875,92233728
2026-05-10 16:01:00+00:00,81450.7421875,81462.3984375,81428.09375,81428.09375,0
2026-05-10 16:02:00+00:00,81400.0,81463.4921875,81400.0,81457.46875,8032256
2026-05-10 16:03:00+00:00,81411.4609375,81417.4765625,81400.0078125,81400.5,0
2026-05-10 16:04:00+00:00,81413.921875,81413.921875,81375.0,81411.421875,0
2026-05-10 16:05:00+00:00,81372.328125,81418.4296875,81360.0078125,81417.1875,4911104
2026-05-10 16:06:00+00:00,81412.0234375,81416.671875,81372.3203125,81372.328125,0
2026-05-10 16:07:00+00:00,81402.4375,81405.453125,81379.578125,81405.453125,91795456
2026-05-10 16:08:00+00:00,81405.4375,81405.4375,81390.3984375,81399.4296875,5703680
2026-05-10 16:09:00+00:00,81453.609375,81453.609375,81411.4609375,81411.4609375,85866496
2026-05-10 16:10:00+00:00,81465.390625,81466.59375,81453.328125,81453.328125,3256320
2026-05-10 16:11:00+00:00,81489.25,81489.25,81466.609375,81466.609375,0
2026-05-10 16:12:00+00:00,81465.0078125,81486.7109375,81465.0078125,81484.1015625,2392064
2026-05-10 16:13:00+00:00,81444.0234375,81465.0,81444.0234375,81465.0,42426368
2026-05-10 16:14:00+00:00,81468.6484375,81468.6484375,81438.5625,81445.3984375,2035712
2026-05-10 16:15:00+00:00,81430.0,81474.671875,81430.0,81474.671875,22706176
2026-05-10 16:16:00+00:00,81408.4609375,81425.0,81408.4609375,81425.0,3926016
2026-05-10 16:17:00+00:00,81354.28125,81412.71875,81354.28125,81408.4609375,0
2026-05-10 16:18:00+00:00,81345.2265625,81354.3203125,81333.2109375,81354.28125,74850304
2026-05-10 16:19:00+00:00,81357.296875,81384.5078125,81345.2265625,81345.2265625,1167360
2026-05-10 16:20:00+00:00,81360.8515625,81378.7890625,81356.0078125,81357.2890625,1347584
2026-05-10 16:21:00+00:00,81316.9375,81360.8515625,81316.9375,81360.84375,17434624
2026-05-10 16:22:00+00:00,81327.1875,81342.2265625,81324.171875,81324.171875,0
2026-05-10 16:23:00+00:00,81297.796875,81330.5,81295.9609375,81329.4296875,0
2026-05-10 16:24:00+00:00,81281.0234375,81297.796875,81281.0234375,81297.796875,0
2026-05-10 16:25:00+00:00,81246.65625,81273.0078125,81231.1796875,81273.0078125,0
2026-05-10 16:26:00+00:00,81276.0234375,81276.0234375,81246.671875,81246.671875,0
2026-05-10 16:27:00+00:00,81308.96875,81308.96875,81289.46875,81289.46875,3471360
2026-05-10 16:28:00+00:00,81262.3828125,81321.5625,81260.96875,81308.953125,0
2026-05-10 16:29:00+00:00,81250.4609375,81267.9765625,81250.4609375,81266.9765625,0
2026-05-10 16:30:00+00:00,81263.9921875,81264.0234375,81257.953125,81257.953125,26165248
2026-05-10 16:31:00+00:00,81241.71875,81267.28125,81239.90625,81264.796875,2570240
2026-05-10 16:32:00+00:00,81175.6796875,81241.9609375,81175.6796875,81241.9609375,0
2026-05-10 16:33:00+00:00,81191.2890625,81200.7578125,81183.296875,81200.7578125,0
2026-05-10 16:34:00+00:00,81233.2421875,81233.8671875,81197.5703125,81197.5703125,43388928
2026-05-10 16:35:00+00:00,81240.6328125,81240.6328125,81194.78125,81221.84375,3489792
2026-05-10 16:36:00+00:00,81226.0390625,81257.53125,81221.8515625,81242.34375,0
2026-05-10 16:37:00+00:00,81240.9375,81240.9375,81223.0234375,81227.78125,0
2026-05-10 16:38:00+00:00,81254.5390625,81254.5390625,81240.859375,81240.9375,0
2026-05-10 16:39:00+00:00,81285.046875,81295.640625,81254.53125,81254.53125,80078848
2026-05-10 16:40:00+00:00,81295.359375,81306.109375,81276.03125,81285.0625,0
2026-05-10 16:41:00+00:00,81291.046875,81310.2734375,81270.0078125,81310.2734375,2013184
2026-05-10 16:42:00+00:00,81284.0078125,81291.0625,81284.0078125,81284.0078125,13842432
2026-05-10 16:43:00+00:00,81284.40625,81288.7109375,81284.0234375,81284.0234375,0
2026-05-10 16:44:00+00:00,81240.6328125,81279.03125,81230.6328125,81279.03125,0
2026-05-10 16:45:00+00:00,81232.9609375,81240.640625,81215.828125,81240.640625,0
2026-05-10 16:46:00+00:00,81269.9921875,81269.9921875,81234.0390625,81236.8828125,1339392
2026-05-10 16:47:00+00:00,81287.921875,81298.8203125,81284.25,81291.0625,706560
2026-05-10 16:48:00+00:00,81278.1484375,81290.8671875,81278.140625,81280.0234375,0
2026-05-10 16:49:00+00:00,81315.140625,81315.140625,81278.140625,81278.1484375,0
2026-05-10 16:50:00+00:00,81311.6171875,81349.421875,81310.09375,81315.1484375,1732608
2026-05-10 16:51:00+00:00,81292.2890625,81328.9765625,81291.078125,81328.0703125,29050880
2026-05-10 16:52:00+00:00,81327.5390625,81328.3203125,81300.1796875,81300.1796875,0
2026-05-10 16:53:00+00:00,81338.2578125,81343.6015625,81330.1875,81330.1875,38475776
2026-05-10 16:54:00+00:00,81338.25,81338.2578125,81338.25,81338.2578125,0
2026-05-10 16:55:00+00:00,81330.9375,81353.546875,81330.9375,81344.7578125,4767744
2026-05-10 16:56:00+00:00,81324.1875,81334.59375,81324.171875,81330.1875,0
2026-05-10 16:57:00+00:00,81318.859375,81325.9921875,81318.15625,81325.9765625,0
2026-05-10 16:58:00+00:00,81342.2265625,81342.2421875,81315.1484375,81321.171875,0
2026-05-10 16:59:00+00:00,81357.2734375,81363.3125,81340.3515625,81342.2265625,0
2026-05-10 17:00:00+00:00,81375.9609375,81377.203125,81360.0,81360.0,26701824
2026-05-10 17:01:00+00:00,81350.2734375,81361.3203125,81345.25,81361.3125,0
2026-05-10 17:02:00+00:00,81339.890625,81350.2734375,81339.2265625,81350.2734375,0
2026-05-10 17:03:00+00:00,81357.296875,81366.3671875,81340.6875,81340.71875,0
2026-05-10 17:04:00+00:00,81384.3203125,81390.390625,81355.140625,81355.140625,0
2026-05-10 17:05:00+00:00,81412.0703125,81417.4921875,81382.75,81382.75,0
2026-05-10 17:06:00+00:00,81283.9921875,81412.0703125,81283.9921875,81412.0703125,0
2026-05-10 17:07:00+00:00,81288.078125,81297.09375,81288.0703125,81297.09375,0
2026-05-10 17:08:00+00:00,81260.0,81281.0234375,81242.703125,81281.0234375,14383104
2026-05-10 17:09:00+00:00,81233.890625,81269.40625,81233.890625,81260.953125,0
2026-05-10 17:10:00+00:00,81228.09375,81233.890625,81207.25,81233.8828125,0
2026-05-10 17:11:00+00:00,81229.4765625,81233.9921875,81222.828125,81228.078125,20230144
2026-05-10 17:12:00+00:00,81276.0234375,81284.2890625,81231.8515625,81231.8515625,0
2026-05-10 17:13:00+00:00,81307.0625,81329.8515625,81276.0234375,81276.0234375,0
2026-05-10 17:14:00+00:00,81330.640625,81336.203125,81305.9921875,81305.9921875,0
2026-05-10 17:15:00+00:00,81330.203125,81362.3203125,81327.203125,81329.640625,0
2026-05-10 17:16:00+00:00,81279.0390625,81334.3515625,81279.0390625,81334.3515625,23050240
2026-05-10 17:17:00+00:00,81291.2734375,81291.2734375,81273.3203125,81279.03125,2732032
2026-05-10 17:18:00+00:00,81345.2578125,81351.2578125,81299.953125,81299.953125,0
2026-05-10 17:19:00+00:00,81340.46875,81354.828125,81328.421875,81339.2421875,0
2026-05-10 17:20:00+00:00,81353.171875,81361.9921875,81345.2421875,81345.2421875,0
2026-05-10 17:21:00+00:00,81410.8984375,81410.8984375,81353.171875,81353.171875,1368064
2026-05-10 17:22:00+00:00,81384.4921875,81405.671875,81372.34375,81405.671875,111392768
2026-05-10 17:23:00+00:00,81406.25,81411.421875,81387.3984375,81390.3984375,747520
2026-05-10 17:24:00+00:00,81386.96875,81392.5078125,81386.3125,81390.3984375,0
2026-05-10 17:25:00+00:00,81366.328125,81385.6171875,81366.328125,81384.3828125,0
2026-05-10 17:26:00+00:00,81381.359375,81381.3671875,81366.3203125,81366.3203125,40286208
2026-05-10 17:27:00+00:00,81356.03125,81390.9921875,81356.0234375,81390.9921875,61063168
2026-05-10 17:28:00+00:00,81357.28125,81357.28125,81348.2734375,81356.03125,466944
2026-05-10 17:29:00+00:00,81370.453125,81376.0,81358.921875,81358.921875,0
2026-05-10 17:30:00+00:00,81343.6796875,81379.9921875,81340.8203125,81379.9921875,0
2026-05-10 17:31:00+00:00,81394.40625,81395.6484375,81346.96875,81346.96875,0
2026-05-10 17:32:00+00:00,81337.8515625,81391.25,81337.8515625,81391.25,0
2026-05-10 17:33:00+00:00,81350.0703125,81350.0703125,81320.65625,81338.0078125,0
2026-05-10 17:34:00+00:00,81318.7890625,81350.078125,81318.7890625,81350.078125,1732608
2026-05-10 17:35:00+00:00,81309.046875,81318.796875,81298.3515625,81318.796875,0
2026-05-10 17:36:00+00:00,81294.078125,81312.8984375,81282.046875,81312.8984375,0
2026-05-10 17:37:00+00:00,81299.9765625,81305.171875,81288.0703125,81304.0625,0
2026-05-10 17:38:00+00:00,81285.0703125,81311.046875,81285.0703125,81299.9765625,2025472
2026-05-10 17:39:00+00:00,81279.0390625,81290.3203125,81279.0390625,81288.78125,0
2026-05-10 17:40:00+00:00,81288.046875,81301.9765625,81277.1015625,81277.1015625,0
2026-05-10 17:41:00+00:00,81314.3828125,81314.3828125,81288.046875,81288.046875,0
2026-05-10 17:42:00+00:00,81332.1015625,81332.1015625,81315.1328125,81315.1328125,0
2026-05-10 17:43:00+00:00,81334.46875,81341.5,81330.6328125,81332.109375,21551104
2026-05-10 17:44:00+00:00,81375.3828125,81375.3828125,81334.46875,81334.46875,0
2026-05-10 17:45:00+00:00,81344.7109375,81375.3828125,81342.2421875,81375.3671875,48728064
2026-05-10 17:46:00+00:00,81334.28125,81339.2421875,81331.4921875,81339.2421875,1605632
2026-05-10 17:47:00+00:00,81399.0078125,81399.0078125,81359.390625,81361.09375,0
2026-05-10 17:48:00+00:00,81413.65625,81418.1171875,81400.1015625,81400.1015625,21090304
2026-05-10 17:49:00+00:00,81359.8671875,81413.671875,81359.8671875,81413.65625,2574336
2026-05-10 17:50:00+00:00,81393.0390625,81393.0390625,81348.7578125,81348.7578125,1957888
2026-05-10 17:51:00+00:00,81456.1171875,81456.1171875,81411.46875,81411.46875,24201216
2026-05-10 17:52:00+00:00,81489.0703125,81507.078125,81462.640625,81462.640625,0
2026-05-10 17:53:00+00:00,81501.0078125,81567.9765625,81479.03125,81479.03125,0
2026-05-10 17:54:00+00:00,81480.0,81529.96875,81472.28125,81513.796875,48607232
2026-05-10 17:55:00+00:00,81465.2421875,81506.03125,81465.2421875,81489.578125,8474624
2026-05-10 17:56:00+00:00,81459.8828125,81462.8203125,81439.9765625,81462.8203125,6234112
2026-05-10 17:57:00+00:00,81440.9296875,81462.9765625,81429.53125,81462.9765625,0
2026-05-10 17:58:00+00:00,81451.2578125,81451.2734375,81441.53125,81441.5703125,58263552
2026-05-10 17:59:00+00:00,81471.421875,81471.421875,81451.2578125,81451.2578125,18399232
2026-05-10 18:00:00+00:00,81429.96875,81474.78125,81423.5078125,81474.78125,52822016
2026-05-10 18:01:00+00:00,81419.40625,81437.0,81419.40625,81429.96875,0
2026-05-10 18:02:00+00:00,81451.9921875,81452.890625,81419.40625,81419.40625,0
2026-05-10 18:03:00+00:00,81450.6015625,81486.53125,81447.9296875,81447.9296875,370688
2026-05-10 18:04:00+00:00,81462.640625,81477.3828125,81447.59375,81447.59375,0
2026-05-10 18:05:00+00:00,81438.5703125,81481.46875,81438.5703125,81473.859375,772096
2026-05-10 18:06:00+00:00,81435.5390625,81446.15625,81423.5078125,81446.15625,7950336
2026-05-10 18:07:00+00:00,81411.4765625,81428.6484375,81411.4765625,81427.421875,477184
2026-05-10 18:08:00+00:00,81400.0078125,81412.203125,81400.0078125,81412.203125,0
2026-05-10 18:09:00+00:00,81403.28125,81403.28125,81390.5390625,81393.40625,0
2026-05-10 18:10:00+00:00,81415.3203125,81421.796875,81403.28125,81403.28125,79622144
2026-05-10 18:11:00+00:00,81414.4765625,81415.328125,81405.21875,81415.328125,897024
2026-05-10 18:12:00+00:00,81417.953125,81418.3203125,81417.9375,81418.3125,6100992
2026-05-10 18:13:00+00:00,81400.5078125,81419.390625,81400.5,81419.390625,0
2026-05-10 18:14:00+00:00,81438.546875,81438.546875,81400.5078125,81400.5078125,5144576
2026-05-10 18:15:00+00:00,81411.4765625,81438.5625,81411.46875,81438.546875,0
2026-05-10 18:16:00+00:00,81387.75,81411.109375,81387.75,81410.2421875,137216
2026-05-10 18:17:00+00:00,81379.6171875,81387.75,81379.6171875,81387.75,12267520
2026-05-10 18:18:00+00:00,81348.2734375,81375.5078125,81348.2734375,81375.5078125,0
2026-05-10 18:19:00+00:00,81335.921875,81342.25,81321.1796875,81342.25,0
2026-05-10 18:20:00+00:00,81354.2421875,81360.2734375,81327.1875,81327.1875,833536
2026-05-10 18:21:00+00:00,81406.65625,81408.4609375,81360.25,81360.25,0
2026-05-10 18:22:00+00:00,81386.34375,81396.421875,81382.5078125,81396.421875,0
2026-05-10 18:23:00+00:00,81354.8828125,81386.3515625,81351.65625,81386.3515625,58996736
2026-05-10 18:24:00+00:00,81387.359375,81387.359375,81354.8828125,81354.8828125,0
2026-05-10 18:25:00+00:00,81380.4921875,81408.453125,81378.359375,81387.359375,2334720
2026-05-10 18:26:00+00:00,81375.453125,81387.3984375,81375.453125,81380.65625,745472
2026-05-10 18:27:00+00:00,81351.28125,81375.4609375,81351.2734375,81375.453125,41945088
2026-05-10 18:28:00+00:00,81351.2734375,81357.4609375,81348.2734375,81350.0,290816
2026-05-10 18:29:00+00:00,81351.25,81352.4609375,81342.25,81351.2734375,0
2026-05-10 18:30:00+00:00,81341.2421875,81351.6328125,81340.0078125,81351.6328125,0
2026-05-10 18:31:00+00:00,81383.9296875,81405.4375,81346.359375,81346.359375,0
2026-05-10 18:32:00+00:00,81340.0078125,81379.921875,81340.0,81377.75,0
2026-05-10 18:33:00+00:00,81357.2734375,81357.2734375,81324.2109375,81340.0,0
2026-05-10 18:34:00+00:00,81339.2265625,81357.2734375,81339.2265625,81357.2734375,0
2026-05-10 18:35:00+00:00,81319.96875,81339.2421875,81318.15625,81339.2421875,0
2026-05-10 18:36:00+00:00,81306.1328125,81322.421875,81306.1328125,81319.96875,0
2026-05-10 18:37:00+00:00,81302.671875,81319.4375,81302.0390625,81306.1171875,0
2026-05-10 18:38:00+00:00,81332.859375,81336.703125,81312.1328125,81312.1328125,0
2026-05-10 18:39:00+00:00,81310.296875,81315.15625,81306.2890625,81315.1484375,0
2026-05-10 18:40:00+00:00,81295.8671875,81315.0703125,81295.859375,81313.640625,0
2026-05-10 18:41:00+00:00,81294.09375,81306.109375,81294.09375,81295.8671875,0
2026-05-10 18:42:00+00:00,81246.078125,81294.1015625,81242.8984375,81294.1015625,2578432
2026-05-10 18:43:00+00:00,81254.6484375,81254.6484375,81234.5078125,81244.5390625,0
2026-05-10 18:44:00+00:00,81250.34375,81253.0234375,81249.6875,81249.6875,1544192
2026-05-10 18:45:00+00:00,81251.9296875,81251.9296875,81242.90625,81250.34375,0
2026-05-10 18:46:00+00:00,81248.3828125,81251.9609375,81246.359375,81251.9609375,344647680
2026-05-10 18:47:00+00:00,81250.84375,81250.8515625,81248.390625,81248.390625,0
2026-05-10 18:48:00+00:00,81265.3515625,81265.3515625,81250.84375,81250.84375,3428352
2026-05-10 18:49:00+00:00,81280.328125,81280.328125,81272.9921875,81272.9921875,0
2026-05-10 18:50:00+00:00,81246.09375,81292.2890625,81246.09375,81282.2109375,0
2026-05-10 18:51:00+00:00,81210.8671875,81246.140625,81210.8671875,81246.1328125,0
2026-05-10 18:52:00+00:00,81254.15625,81259.21875,81225.9765625,81225.9765625,821248
2026-05-10 18:53:00+00:00,81258.921875,81266.9765625,81258.921875,81263.96875,835584
2026-05-10 18:54:00+00:00,81279.2265625,81279.2421875,81260.09375,81260.09375,92661760
2026-05-10 18:55:00+00:00,81263.9921875,81282.328125,81263.9921875,81279.2421875,0
2026-05-10 18:56:00+00:00,81260.28125,81263.9921875,81251.9375,81263.9921875,3387392
2026-05-10 18:57:00+00:00,81265.1015625,81265.1015625,81260.2734375,81260.2734375,8589312
2026-05-10 18:58:00+00:00,81283.1796875,81283.1796875,81259.046875,81259.046875,0
2026-05-10 18:59:00+00:00,81268.5625,81287.8125,81268.546875,81283.171875,0
2026-05-10 19:00:00+00:00,81221.84375,81272.9921875,81221.84375,81265.5390625,0
2026-05-10 19:01:00+00:00,81196.6328125,81218.0078125,81190.0,81218.0078125,0
2026-05-10 19:02:00+00:00,81161.6015625,81180.0,81144.0,81180.0,0
2026-05-10 19:03:00+00:00,81192.203125,81200.65625,81161.609375,81161.609375,0
2026-05-10 19:04:00+00:00,81199.7421875,81202.9921875,81194.2109375,81194.2109375,1572864
2026-05-10 19:05:00+00:00,81233.8828125,81233.8828125,81203.421875,81203.421875,6627328
2026-05-10 19:06:00+00:00,81230.8671875,81230.8671875,81215.671875,81224.859375,0
2026-05-10 19:07:00+00:00,81230.546875,81233.21875,81230.5390625,81230.90625,0
2026-05-10 19:08:00+00:00,81251.9375,81251.9375,81233.21875,81233.21875,311296
2026-05-10 19:09:00+00:00,81299.1484375,81299.1484375,81257.953125,81257.953125,345030656
2026-05-10 19:10:00+00:00,81321.15625,81321.15625,81299.578125,81305.3984375,0
2026-05-10 19:11:00+00:00,81347.09375,81347.1484375,81331.40625,81347.1484375,0
2026-05-10 19:12:00+00:00,81341.15625,81347.1015625,81341.15625,81347.09375,298872832
2026-05-10 19:13:00+00:00,81351.4765625,81351.4765625,81336.2421875,81336.2421875,0
2026-05-10 19:14:00+00:00,81351.28125,81361.359375,81351.2734375,81351.46875,0
2026-05-10 19:15:00+00:00,81398.609375,81398.609375,81342.2421875,81350.0625,24561664
2026-05-10 19:16:00+00:00,81419.546875,81438.0078125,81398.6015625,81398.6015625,0
2026-05-10 19:17:00+00:00,81418.2890625,81418.2890625,81393.40625,81411.6328125,428032
2026-05-10 19:18:00+00:00,81434.40625,81434.40625,81406.0078125,81418.28125,30310400
2026-05-10 19:19:00+00:00,81411.46875,81435.890625,81411.46875,81435.890625,0
2026-05-10 19:20:00+00:00,81407.4375,81411.4765625,81407.390625,81411.46875,0
2026-05-10 19:21:00+00:00,81400.671875,81423.0,81400.0,81420.7578125,0
2026-05-10 19:22:00+00:00,81426.96875,81426.96875,81401.4375,81401.4375,0
2026-05-10 19:23:00+00:00,81464.03125,81464.03125,81426.96875,81426.96875,38172672
2026-05-10 19:24:00+00:00,81456.7578125,81462.6328125,81441.828125,81460.0,17858560
2026-05-10 19:25:00+00:00,81468.0,81471.671875,81462.703125,81462.703125,1095680
2026-05-10 19:26:00+00:00,81459.6171875,81459.6328125,81426.5,81447.28125,837632
2026-05-10 19:27:00+00:00,81453.328125,81465.6484375,81453.328125,81459.6328125,0
2026-05-10 19:28:00+00:00,81468.390625,81468.390625,81448.796875,81452.5234375,41416704
2026-05-10 19:29:00+00:00,81473.5625,81475.9921875,81470.3984375,81474.671875,800768
2026-05-10 19:30:00+00:00,81452.953125,81473.5703125,81452.9375,81473.5625,55963648
2026-05-10 19:31:00+00:00,81432.8203125,81452.953125,81432.8203125,81452.953125,428032
2026-05-10 19:32:00+00:00,81429.5078125,81429.5078125,81417.65625,81424.1015625,0
2026-05-10 19:33:00+00:00,81415.703125,81434.921875,81415.65625,81434.921875,0
2026-05-10 19:34:00+00:00,81433.453125,81433.453125,81415.671875,81415.703125,3317760
2026-05-10 19:35:00+00:00,81420.890625,81433.453125,81420.671875,81433.453125,2091008
2026-05-10 19:36:00+00:00,81423.9765625,81423.9765625,81420.8984375,81420.8984375,16924672
2026-05-10 19:37:00+00:00,81422.796875,81426.1796875,81421.7578125,81423.9765625,7610368
2026-05-10 19:38:00+00:00,81408.6328125,81423.4375,81408.6328125,81423.421875,0
2026-05-10 19:39:00+00:00,81399.2265625,81405.2421875,81379.84375,81405.2421875,17571840
2026-05-10 19:40:00+00:00,81410.3125,81410.3125,81398.4765625,81399.703125,305152
2026-05-10 19:41:00+00:00,81431.859375,81432.3125,81410.5,81410.5,0
2026-05-10 19:42:00+00:00,81428.7265625,81428.7265625,81426.5078125,81426.53125,15517696
2026-05-10 19:43:00+00:00,81423.4375,81431.6875,81417.4921875,81428.71875,0
2026-05-10 19:44:00+00:00,81420.4921875,81424.890625,81418.0234375,81418.0234375,65536
2026-05-10 19:45:00+00:00,81424.6171875,81424.6171875,81420.4921875,81420.5,0
2026-05-10 19:46:00+00:00,81402.296875,81424.609375,81394.671875,81424.609375,8407040
2026-05-10 19:47:00+00:00,81416.0234375,81417.4765625,81397.9921875,81397.9921875,0
2026-05-10 19:48:00+00:00,81388.8984375,81415.3515625,81388.890625,81415.3515625,0
2026-05-10 19:49:00+00:00,81384.859375,81388.6171875,81373.4921875,81388.6171875,90865664
2026-05-10 19:50:00+00:00,81360.2734375,81390.390625,81360.2734375,81388.6171875,45056
2026-05-10 19:51:00+00:00,81338.0,81366.0,81337.9921875,81363.96875,7634944
2026-05-10 19:52:00+00:00,81327.6171875,81348.25,81320.15625,81348.25,0
2026-05-10 19:53:00+00:00,81325.0625,81335.046875,81321.9609375,81335.046875,0
2026-05-10 19:54:00+00:00,81340.921875,81340.921875,81323.8984375,81325.0703125,1019904
2026-05-10 19:55:00+00:00,81390.2109375,81390.2109375,81340.921875,81340.921875,31778816
2026-05-10 19:56:00+00:00,81375.953125,81390.2109375,81375.8515625,81390.2109375,0
2026-05-10 19:57:00+00:00,81403.4765625,81406.71875,81375.7890625,81375.859375,0
2026-05-10 19:58:00+00:00,81419.3671875,81424.4375,81415.0,81415.0,460800
2026-05-10 19:59:00+00:00,81425.140625,81425.140625,81405.90625,81415.7109375,0
2026-05-10 20:00:00+00:00,81422.0,81443.8203125,81422.0,81435.0,0
2026-05-10 20:01:00+00:00,81427.5078125,81435.5390625,81414.921875,81418.9296875,3778560
2026-05-10 20:02:00+00:00,81411.6015625,81435.9609375,81411.46875,81424.65625,0
2026-05-10 20:03:00+00:00,81426.53125,81437.1796875,81411.59375,81411.59375,24174592
2026-05-10 20:04:00+00:00,81401.75,81428.0234375,81401.75,81428.0234375,0
2026-05-10 20:05:00+00:00,81415.2265625,81416.671875,81401.796875,81401.796875,0
2026-05-10 20:06:00+00:00,81405.453125,81420.8203125,81405.453125,81417.2109375,73326592
2026-05-10 20:07:00+00:00,81421.8828125,81423.7734375,81405.453125,81405.453125,282624
2026-05-10 20:08:00+00:00,81436.40625,81436.40625,81421.8828125,81421.8828125,0
2026-05-10 20:09:00+00:00,81447.5625,81447.5625,81438.5625,81440.0,0
2026-05-10 20:10:00+00:00,81420.5078125,81447.5625,81420.5,81447.5625,0
2026-05-10 20:11:00+00:00,81412.0390625,81427.828125,81412.0390625,81427.828125,1564672
2026-05-10 20:12:00+00:00,81294.6484375,81413.9375,81294.6484375,81412.25,0
2026-05-10 20:13:00+00:00,81230.859375,81303.1015625,81221.8515625,81287.6328125,4982784
2026-05-10 20:14:00+00:00,81176.328125,81233.8828125,81164.6484375,81233.8828125,0
2026-05-10 20:15:00+00:00,81179.703125,81215.0,81177.09375,81177.09375,0
2026-05-10 20:16:00+00:00,81054.9921875,81161.640625,81045.9921875,81161.640625,9213952
2026-05-10 20:17:00+00:00,81080.046875,81085.3984375,81044.21875,81044.21875,5322752
2026-05-10 20:18:00+00:00,81044.25,81077.1875,81044.25,81077.1875,49078272
2026-05-10 20:19:00+00:00,81053.1875,81065.3203125,81050.2734375,81053.2734375,0
2026-05-10 20:20:00+00:00,81173.671875,81173.7421875,81060.2265625,81060.2265625,0
2026-05-10 20:21:00+00:00,81137.5625,81198.0,81137.5625,81176.6796875,107081728
2026-05-10 20:22:00+00:00,81077.703125,81154.0078125,81077.0625,81154.0078125,0
2026-05-10 20:23:00+00:00,81096.3125,81101.34375,81062.3125,81075.0625,7753728
2026-05-10 20:24:00+00:00,81107.4609375,81118.796875,81101.4296875,81101.4296875,37048320
2026-05-10 20:25:00+00:00,81105.78125,81107.4609375,81091.7734375,81107.4609375,0
2026-05-10 20:26:00+00:00,81116.75,81127.4921875,81110.4921875,81116.4765625,7794688
2026-05-10 20:27:00+00:00,81151.953125,81151.953125,81116.7890625,81116.7890625,876544
2026-05-10 20:28:00+00:00,81128.921875,81155.90625,81125.0078125,81155.90625,0
2026-05-10 20:29:00+00:00,81134.546875,81144.59375,81134.546875,81142.9296875,0
2026-05-10 20:30:00+00:00,81084.7265625,81126.7734375,81068.328125,81124.1015625,0
2026-05-10 20:31:00+00:00,81053.828125,81084.7265625,81044.25,81084.7265625,148142080
2026-05-10 20:32:00+00:00,80974.0703125,81084.71875,80974.0703125,81061.6015625,5363712
2026-05-10 20:33:00+00:00,80962.90625,80966.828125,80917.03125,80966.828125,70103040
2026-05-10 20:34:00+00:00,80956.2890625,81005.109375,80956.2890625,80981.1015625,2009088
2026-05-10 20:35:00+00:00,80999.046875,80999.046875,80941.8984375,80955.0625,3131392
2026-05-10 20:36:00+00:00,81040.0234375,81040.0234375,80955.0,80977.1015625,0
2026-05-10 20:37:00+00:00,81068.546875,81086.3828125,81050.2734375,81050.2734375,0
2026-05-10 20:38:00+00:00,81077.3515625,81077.3515625,81059.0,81060.0,4964352
2026-05-10 20:39:00+00:00,81000.5,81083.3671875,80984.046875,81083.3671875,90316800
2026-05-10 20:40:00+00:00,81014.15625,81036.7890625,80975.1796875,80975.1796875,2453504
2026-05-10 20:41:00+00:00,81006.34375,81014.15625,80996.09375,81014.15625,0
2026-05-10 20:42:00+00:00,80993.09375,81011.1328125,80985.9765625,81008.03125,39274496
2026-05-10 20:43:00+00:00,80931.546875,80993.09375,80930.046875,80993.09375,0
2026-05-10 20:44:00+00:00,80807.109375,80929.9921875,80807.109375,80929.9921875,9654272
2026-05-10 20:45:00+00:00,80736.890625,80768.40625,80661.9765625,80768.40625,41222144
2026-05-10 20:46:00+00:00,80655.96875,80731.203125,80604.578125,80731.203125,0
2026-05-10 20:47:00+00:00,80621.2578125,80690.046875,80607.1875,80625.859375,6141952
2026-05-10 20:48:00+00:00,80550.4296875,80606.421875,80501.46875,80606.421875,0
2026-05-10 20:49:00+00:00,80360.0234375,80511.4765625,80322.84375,80511.4765625,2017280
2026-05-10 20:50:00+00:00,80467.828125,80475.3515625,80295.1015625,80295.1015625,26601472
2026-05-10 20:51:00+00:00,80621.21875,80637.8984375,80522.0078125,80522.0078125,240717824
2026-05-10 20:52:00+00:00,80605.546875,80668.0,80605.0,80619.84375,0
2026-05-10 20:53:00+00:00,80559.9921875,80604.7890625,80559.9765625,80580.0,21760000
2026-05-10 20:54:00+00:00,80589.7265625,80594.0,80560.0078125,80560.0078125,298311680
2026-05-10 20:55:00+00:00,80628.96875,80632.0,80589.7421875,80602.8984375,10180608
2026-05-10 20:56:00+00:00,80627.6875,80638.296875,80605.0,80634.828125,14280704
2026-05-10 20:57:00+00:00,80702.8125,80702.8125,80621.140625,80634.0078125,0
2026-05-10 20:58:00+00:00,80702.5625,80702.5625,80680.5234375,80689.078125,0
2026-05-10 20:59:00+00:00,80724.0,80730.0,80697.0078125,80697.0078125,615649280
2026-05-10 21:00:00+00:00,80788.359375,80788.3671875,80712.953125,80712.953125,153964544
2026-05-10 21:01:00+00:00,80762.703125,80804.9765625,80760.0390625,80780.9609375,4005888
2026-05-10 21:02:00+00:00,80933.1171875,80933.1171875,80758.296875,80759.421875,0
2026-05-10 21:03:00+00:00,80870.0078125,80936.46875,80870.0078125,80919.0,73152512
2026-05-10 21:04:00+00:00,80785.78125,80876.0078125,80782.390625,80876.0078125,6494208
2026-05-10 21:05:00+00:00,80819.1796875,80819.578125,80767.578125,80783.1484375,5931008
2026-05-10 21:06:00+00:00,80823.9921875,80827.53125,80793.0,80818.9375,65259520
2026-05-10 21:07:00+00:00,80833.546875,80863.640625,80827.53125,80827.53125,0
2026-05-10 21:08:00+00:00,80848.671875,80852.40625,80827.5703125,80831.0078125,3721216
2026-05-10 21:09:00+00:00,80831.3125,80839.5703125,80827.6171875,80839.5703125,117735424
2026-05-10 21:10:00+00:00,80795.171875,80831.9921875,80793.953125,80829.7421875,3371008
2026-05-10 21:11:00+00:00,80659.0078125,80795.15625,80646.2265625,80795.15625,2244608
2026-05-10 21:12:00+00:00,80586.34375,80708.4921875,80576.7578125,80677.0078125,0
2026-05-10 21:13:00+00:00,80658.9609375,80658.9609375,80571.6875,80571.6875,0
2026-05-10 21:14:00+00:00,80643.7890625,80662.40625,80634.890625,80651.9921875,5775360
2026-05-10 21:15:00+00:00,80668.0,80692.0703125,80649.953125,80649.953125,3844096
2026-05-10 21:16:00+00:00,80674.0078125,80675.3125,80655.9921875,80658.96875,2539520
2026-05-10 21:17:00+00:00,80714.2890625,80716.7421875,80674.0234375,80674.0234375,1863680
2026-05-10 21:18:00+00:00,80764.3203125,80771.796875,80716.7265625,80716.7265625,0
2026-05-10 21:19:00+00:00,80863.609375,80872.671875,80764.3203125,80764.3203125,4886528
2026-05-10 21:20:00+00:00,80779.3828125,80858.7578125,80779.3828125,80858.7578125,1599488
2026-05-10 21:21:00+00:00,80734.546875,80787.8203125,80734.546875,80779.3828125,11304960
2026-05-10 21:22:00+00:00,80749.2734375,80757.4296875,80707.78125,80734.546875,0
2026-05-10 21:23:00+00:00,80793.4375,80800.4296875,80755.28125,80755.28125,0
2026-05-10 21:24:00+00:00,80743.0078125,80796.2734375,80725.5234375,80796.2734375,107151360
2026-05-10 21:25:00+00:00,80751.9375,80751.9375,80731.046875,80743.0,2064384
2026-05-10 21:26:00+00:00,80752.078125,80765.9921875,80744.0078125,80751.9375,3938304
2026-05-10 21:27:00+00:00,80744.0078125,80767.8515625,80744.0,80744.0,73850880
2026-05-10 21:28:00+00:00,80795.046875,80795.046875,80744.0,80744.0,0
2026-05-10 21:29:00+00:00,80829.6015625,80829.609375,80793.9296875,80793.9296875,0
2026-05-10 21:30:00+00:00,80859.2890625,80860.4921875,80829.6015625,80829.609375,56799232
2026-05-10 21:31:00+00:00,80869.65625,80869.65625,80842.59375,80845.6015625,2775040
2026-05-10 21:32:00+00:00,80908.3203125,80908.3203125,80869.65625,80869.65625,1843200
2026-05-10 21:33:00+00:00,80908.8125,80923.84375,80908.3203125,80908.3203125,53764096
2026-05-10 21:34:00+00:00,80851.453125,80904.3203125,80832.09375,80904.3203125,0
2026-05-10 21:35:00+00:00,80847.6015625,80860.2734375,80827.5390625,80851.453125,8544256
2026-05-10 21:36:00+00:00,80851.71875,80859.0078125,80845.59375,80847.6015625,0
2026-05-10 21:37:00+00:00,80842.578125,80893.9375,80833.953125,80850.703125,515239936
2026-05-10 21:38:00+00:00,80842.453125,80860.6171875,80829.671875,80851.6015625,0
2026-05-10 21:39:00+00:00,80761.953125,80827.609375,80761.953125,80827.609375,0
2026-05-10 21:40:00+00:00,80809.46875,80812.609375,80782.3671875,80782.3828125,1296384
2026-05-10 21:41:00+00:00,80800.578125,80815.4765625,80776.8984375,80814.9765625,7555072
2026-05-10 21:42:00+00:00,80832.2890625,80832.3125,80803.296875,80803.296875,0
2026-05-10 21:43:00+00:00,80844.453125,80879.09375,80832.296875,80832.296875,15282176
2026-05-10 21:44:00+00:00,80827.6796875,80868.8671875,80827.3203125,80844.71875,0
2026-05-10 21:45:00+00:00,80880.5625,80880.5625,80826.078125,80826.078125,0
2026-05-10 21:46:00+00:00,80872.6875,80880.5625,80848.6015625,80880.5625,0
2026-05-10 21:47:00+00:00,80854.5703125,80872.6875,80849.34375,80872.6796875,0
2026-05-10 21:48:00+00:00,80854.6171875,80862.8828125,80854.6171875,80860.6328125,109543424
2026-05-10 21:49:00+00:00,80858.453125,80858.453125,80849.359375,80854.6328125,0
2026-05-10 21:50:00+00:00,80862.21875,80862.21875,80844.5390625,80844.546875,0
2026-05-10 21:51:00+00:00,80901.9609375,80901.9609375,80862.2109375,80862.2109375,0
2026-05-10 21:52:00+00:00,80782.3828125,80901.96875,80782.3828125,80901.9609375,0
2026-05-10 21:53:00+00:00,80759.5234375,80790.0,80759.5234375,80790.0,2398208
2026-05-10 21:54:00+00:00,80749.1171875,80791.3984375,80749.1171875,80767.3203125,20946944
2026-05-10 21:55:00+00:00,80767.3203125,80767.328125,80728.25,80749.1171875,0
2026-05-10 21:56:00+00:00,80735.6875,80754.0078125,80734.4375,80744.0078125,2076672
2026-05-10 21:57:00+00:00,80737.71875,80739.5390625,80722.1796875,80731.2109375,30959616
2026-05-10 21:58:00+00:00,80722.1796875,80734.25,80722.1796875,80730.0,8873984
2026-05-10 21:59:00+00:00,80702.609375,80722.1875,80702.609375,80721.0,0
2026-05-10 22:00:00+00:00,80893.7421875,80893.7421875,80665.0,80665.0,0
2026-05-10 22:01:00+00:00,81120.21875,81120.21875,80908.90625,80908.90625,0
2026-05-10 22:02:00+00:00,80956.9609375,81143.578125,80956.9609375,81143.578125,7501824
2026-05-10 22:03:00+00:00,80972.8203125,81008.1328125,80833.546875,80935.890625,0
2026-05-10 22:04:00+00:00,80911.9921875,80978.34375,80911.9921875,80962.9765625,5949440
2026-05-10 22:05:00+00:00,81017.15625,81056.28125,80950.9375,80950.9375,21526528
2026-05-10 22:06:00+00:00,81086.2890625,81086.2890625,80933.03125,81000.0078125,0
2026-05-10 22:07:00+00:00,81133.546875,81231.9921875,81096.3671875,81096.3671875,139268096
2026-05-10 22:08:00+00:00,81218.828125,81218.828125,81107.4609375,81119.5078125,13002752
2026-05-10 22:09:00+00:00,81176.6875,81239.5390625,81176.6875,81239.5390625,108535808
2026-05-10 22:10:00+00:00,81336.0625,81388.421875,81179.15625,81182.7578125,21403648
2026-05-10 22:11:00+00:00,81384.390625,81391.4375,81310.546875,81333.2109375,0
2026-05-10 22:12:00+00:00,81340.4765625,81424.7265625,81340.4765625,81363.0,145920000
2026-05-10 22:13:00+00:00,81310.2578125,81339.2265625,81297.578125,81339.2265625,12404736
2026-05-10 22:14:00+00:00,81310.3671875,81327.171875,81301.59375,81321.15625,3575808
2026-05-10 22:15:00+00:00,81281.6484375,81325.0,81276.0234375,81325.0,82632704
2026-05-10 22:16:00+00:00,81218.953125,81257.96875,81212.8203125,81257.96875,0
2026-05-10 22:17:00+00:00,81267.0,81349.9921875,81209.8125,81212.8203125,0
2026-05-10 22:18:00+00:00,81309.140625,81366.28125,81309.140625,81325.0,121661440
2026-05-10 22:19:00+00:00,81339.2421875,81378.359375,81323.1796875,81323.1796875,0
2026-05-10 22:20:00+00:00,81324.40625,81357.0078125,81291.078125,81327.203125,9918464
2026-05-10 22:21:00+00:00,81269.90625,81287.796875,81267.0,81281.0234375,0
2026-05-10 22:22:00+00:00,81269.0,81269.0,81242.921875,81260.9765625,0
2026-05-10 22:23:00+00:00,81273.0078125,81281.9765625,81246.171875,81250.828125,568942592
2026-05-10 22:24:00+00:00,81298.7421875,81312.140625,81263.9921875,81263.9921875,0
2026-05-10 22:25:00+00:00,81339.9921875,81339.9921875,81294.078125,81297.6171875,155017216
2026-05-10 22:26:00+00:00,81378.359375,81405.4296875,81345.2421875,81345.2421875,3917824
2026-05-10 22:27:00+00:00,81631.203125,81686.0078125,81378.359375,81378.359375,0
2026-05-10 22:28:00+00:00,81559.1171875,81669.8671875,81559.1171875,81646.7109375,51222528
2026-05-10 22:29:00+00:00,81492.75,81555.9609375,81491.8125,81555.9609375,4665344
2026-05-10 22:30:00+00:00,81453.609375,81518.34375,81453.609375,81492.75,49217536
2026-05-10 22:31:00+00:00,81561.90625,81576.828125,81451.6015625,81451.6015625,27910144
2026-05-10 22:32:00+00:00,81690.859375,81772.46875,81577.0234375,81577.0234375,0
2026-05-10 22:33:00+00:00,81986.59375,82058.90625,81655.0625,81667.4921875,204396544
2026-05-10 22:34:00+00:00,81998.4296875,82072.9296875,81944.2421875,82072.9296875,2091008
2026-05-10 22:35:00+00:00,81968.3203125,82056.46875,81958.21875,82056.46875,0
2026-05-10 22:36:00+00:00,81926.2890625,81953.2734375,81886.0,81941.2265625,92266496
2026-05-10 22:37:00+00:00,81901.25,81944.203125,81900.0078125,81944.203125,0
2026-05-10 22:38:00+00:00,81887.0625,81954.4296875,81887.0625,81915.8203125,84443136
2026-05-10 22:39:00+00:00,81929.1875,81929.1875,81896.09375,81910.8125,216623104
2026-05-10 22:40:00+00:00,81923.171875,81975.2109375,81923.171875,81953.2734375,12845056
2026-05-10 22:41:00+00:00,81908.1171875,81913.5,81865.9921875,81913.5,19707904
2026-05-10 22:42:00+00:00,81849.96875,81925.6796875,81849.96875,81914.2734375,195573760
2026-05-10 22:43:00+00:00,81868.9921875,81868.9921875,81845.578125,81853.9296875,0
2026-05-10 22:44:00+00:00,81871.9921875,81871.9921875,81859.9609375,81859.96875,11253760
2026-05-10 22:45:00+00:00,81911.46875,81926.0078125,81884.0390625,81884.0390625,116021248
2026-05-10 22:46:00+00:00,81898.0,81909.4609375,81872.0,81908.6328125,0
2026-05-10 22:47:00+00:00,81895.9921875,81900.0,81837.65625,81899.09375,10153984
2026-05-10 22:48:00+00:00,81926.1796875,81926.1796875,81877.296875,81897.34375,0
2026-05-10 22:49:00+00:00,81971.0,81971.0,81917.1484375,81917.1484375,157218816
2026-05-10 22:50:00+00:00,81935.2265625,82001.4375,81921.9296875,81971.328125,10151936
2026-05-10 22:51:00+00:00,81834.03125,81935.421875,81816.8125,81935.421875,0
2026-05-10 22:52:00+00:00,81941.21875,81941.21875,81844.25,81844.25,30388224
2026-05-10 22:53:00+00:00,82070.7109375,82070.7109375,81950.0,81950.0,0
2026-05-10 22:54:00+00:00,82025.9765625,82052.6015625,82005.453125,82052.6015625,120592384
2026-05-10 22:55:00+00:00,82108.3515625,82130.4296875,82015.171875,82019.4921875,3139584
2026-05-10 22:56:00+00:00,82147.9765625,82147.9765625,82040.5625,82097.75,1730560
2026-05-10 22:57:00+00:00,82054.0078125,82143.3828125,82034.5390625,82132.75,0
2026-05-10 22:58:00+00:00,82015.0,82046.59375,82015.0,82046.59375,0
2026-05-10 22:59:00+00:00,82034.53125,82034.53125,81972.21875,82030.203125,163715072
2026-05-10 23:00:00+00:00,82184.0078125,82236.1328125,82068.7890625,82068.7890625,125288448
2026-05-10 23:01:00+00:00,82201.859375,82203.1015625,82102.90625,82163.9765625,5158912
2026-05-10 23:02:00+00:00,82339.8671875,82364.2421875,82200.796875,82200.796875,3016704
2026-05-10 23:03:00+00:00,82217.0,82325.8203125,82217.0,82325.8203125,0
2026-05-10 23:04:00+00:00,82216.1875,82248.25,82212.1328125,82242.078125,0
2026-05-10 23:05:00+00:00,82285.9765625,82338.546875,82242.46875,82242.46875,62441472
2026-05-10 23:06:00+00:00,82263.3125,82370.0,82263.3125,82309.7265625,279425024
2026-05-10 23:07:00+00:00,82236.2109375,82272.1171875,82218.1484375,82272.1171875,0
2026-05-10 23:08:00+00:00,82296.2890625,82341.5625,82251.25,82251.25,4900864
2026-05-10 23:09:00+00:00,82297.9609375,82308.453125,82276.7890625,82299.6875,0
2026-05-10 23:10:00+00:00,82381.4921875,82392.7265625,82332.53125,82335.5390625,72880128
2026-05-10 23:11:00+00:00,82305.4375,82381.4921875,82305.4375,82381.4921875,20594688
2026-05-10 23:12:00+00:00,82263.3125,82340.2421875,82263.3125,82312.2109375,0
2026-05-10 23:13:00+00:00,82308.453125,82321.8671875,82250.0,82250.0,0
2026-05-10 23:14:00+00:00,82383.6875,82383.6875,82278.3515625,82308.4609375,0
2026-05-10 23:15:00+00:00,82415.0,82448.0,82400.0,82414.3125,633245696
2026-05-10 23:16:00+00:00,82410.78125,82416.8125,82368.6484375,82400.75,0
2026-05-10 23:17:00+00:00,82281.359375,82392.03125,82257.28125,82392.03125,15659008
2026-05-10 23:18:00+00:00,82275.328125,82296.3984375,82257.9921875,82257.9921875,176046080
2026-05-10 23:19:00+00:00,82257.2734375,82287.3671875,82251.28125,82287.3671875,0
2026-05-10 23:20:00+00:00,82264.3828125,82264.3828125,82233.203125,82257.1171875,0
2026-05-10 23:21:00+00:00,82301.671875,82317.34375,82271.703125,82274.4765625,111341568
2026-05-10 23:22:00+00:00,82307.2109375,82317.9765625,82296.421875,82310.0,7530496
2026-05-10 23:23:00+00:00,82239.421875,82302.890625,82208.6484375,82302.890625,0
2026-05-10 23:24:00+00:00,82261.421875,82280.0390625,82211.3515625,82222.2265625,178272256
2026-05-10 23:25:00+00:00,82283.7421875,82303.5703125,82260.1796875,82260.1796875,0
2026-05-10 23:26:00+00:00,82285.1875,82302.40625,82271.921875,82278.3671875,0
2026-05-10 23:27:00+00:00,82305.9921875,82349.453125,82296.40625,82299.421875,6692864
2026-05-10 23:28:00+00:00,82260.0,82299.421875,82260.0,82299.421875,70825984
2026-05-10 23:29:00+00:00,82229.109375,82238.859375,82206.109375,82238.859375,5160960
2026-05-10 23:30:00+00:00,82271.3203125,82272.328125,82220.15625,82220.15625,0
2026-05-10 23:31:00+00:00,82215.140625,82265.3125,82192.5,82265.3125,86976512
2026-05-10 23:32:00+00:00,82236.2109375,82236.2109375,82221.1484375,82224.171875,0
2026-05-10 23:33:00+00:00,82203.0625,82270.4296875,82197.078125,82254.2578125,137281536
2026-05-10 23:34:00+00:00,82200.8125,82214.890625,82194.0625,82203.296875,7983104
2026-05-10 23:35:00+00:00,82245.1015625,82245.1015625,82197.1875,82212.1171875,0
2026-05-10 23:36:00+00:00,82328.109375,82329.8984375,82254.2578125,82254.2578125,1886208
2026-05-10 23:37:00+00:00,82365.171875,82380.6796875,82314.4765625,82330.0234375,84793344
2026-05-10 23:38:00+00:00,82358.9609375,82398.7421875,82347.59375,82377.671875,0
2026-05-10 23:39:00+00:00,82359.6171875,82366.2265625,82338.0,82341.5625,50741248
2026-05-10 23:40:00+00:00,82317.4765625,82367.9765625,82317.4765625,82352.7890625,3416064
2026-05-10 23:41:00+00:00,82296.40625,82341.546875,82296.40625,82332.0,0
2026-05-10 23:42:00+00:00,82352.1328125,82352.1328125,82306.8671875,82307.6484375,22616064
2026-05-10 23:43:00+00:00,82340.0078125,82364.0625,82328.8203125,82358.9921875,0
2026-05-10 23:44:00+00:00,82373.2578125,82375.4296875,82337.75,82337.75,17655808
2026-05-10 23:45:00+00:00,82325.5,82395.7265625,82314.46875,82386.703125,3614720
2026-05-10 23:46:00+00:00,82344.5625,82344.5625,82308.453125,82330.8671875,0
2026-05-10 23:47:00+00:00,82326.2734375,82356.609375,82305.0078125,82331.8984375,6019072
2026-05-10 23:48:00+00:00,82326.5078125,82337.890625,82317.4921875,82326.2734375,170092544
2026-05-10 23:49:00+00:00,82299.40625,82345.6484375,82296.40625,82327.40625,6445056
2026-05-10 23:50:00+00:00,82242.21875,82314.4609375,82203.109375,82314.4609375,1845248
2026-05-10 23:51:00+00:00,82206.71875,82256.640625,82200.0234375,82251.578125,0
2026-05-10 23:52:00+00:00,82215.40625,82248.25,82201.2734375,82201.2734375,33644544
2026-05-10 23:53:00+00:00,82195.46875,82224.171875,82194.4296875,82215.40625,4927488
2026-05-10 23:54:00+00:00,82169.9765625,82194.7578125,82155.2890625,82194.7578125,0
2026-05-10 23:55:00+00:00,82097.75,82157.0390625,82097.75,82157.0390625,68966400
2026-05-10 23:56:00+00:00,82078.9375,82115.796875,82067.6171875,82115.796875,0
2026-05-10 23:57:00+00:00,82144.296875,82145.546875,82119.09375,82119.09375,0
2026-05-10 23:58:00+00:00,82153.703125,82154.0,82115.8203125,82128.03125,64473088
2026-05-11 00:00:00+00:00,82272.046875,82335.53125,82218.15625,82218.15625,86380544
2026-05-11 00:01:00+00:00,82227.1796875,82286.5,82227.1796875,82278.2890625,5902336
2026-05-11 00:02:00+00:00,82212.0625,82218.4375,82173.0,82218.4375,0
2026-05-11 00:03:00+00:00,82145.71875,82196.96875,82128.25,82191.71875,5593088
2026-05-11 00:04:00+00:00,82089.15625,82118.8828125,82075.2265625,82118.8828125,0
2026-05-11 00:05:00+00:00,82082.703125,82106.7734375,82066.5,82076.6796875,0
2026-05-11 00:06:00+00:00,81995.453125,82067.6484375,81995.453125,82067.6484375,0
2026-05-11 00:07:00+00:00,81973.90625,82007.9609375,81969.7109375,82002.7109375,0
2026-05-11 00:08:00+00:00,82041.046875,82041.53125,81951.0,81977.03125,104378368
2026-05-11 00:09:00+00:00,81971.3515625,82041.0390625,81971.3515625,82041.0390625,103143424
2026-05-11 00:10:00+00:00,81985.21875,81992.078125,81971.359375,81986.3671875,4794368
2026-05-11 00:11:00+00:00,82008.046875,82009.6171875,81970.296875,81982.28125,1830912
2026-05-11 00:12:00+00:00,81927.6796875,82008.046875,81927.6796875,82008.046875,0
2026-05-11 00:13:00+00:00,81902.109375,81928.828125,81902.109375,81926.328125,0
2026-05-11 00:14:00+00:00,81852.140625,81906.421875,81852.140625,81904.9765625,1474560
2026-05-11 00:15:00+00:00,81748.5390625,81856.328125,81733.546875,81847.9609375,0
2026-05-11 00:16:00+00:00,81802.7734375,81802.7734375,81727.0234375,81736.546875,761856
2026-05-11 00:17:00+00:00,81700.421875,81841.15625,81684.75,81841.15625,0
2026-05-11 00:18:00+00:00,81676.1875,81760.84375,81676.1875,81703.4296875,0
2026-05-11 00:19:00+00:00,81576.59375,81660.0,81555.8671875,81639.8828125,6492160
2026-05-11 00:20:00+00:00,81489.0078125,81634.203125,81392.7734375,81599.5390625,52459520
2026-05-11 00:21:00+00:00,81619.15625,81624.7109375,81495.75,81495.75,111032320
2026-05-11 00:22:00+00:00,81620.0,81665.140625,81616.1484375,81616.1484375,13262848
2026-05-11 00:23:00+00:00,81717.546875,81717.546875,81631.0390625,81631.0390625,0
2026-05-11 00:24:00+00:00,81763.9921875,81768.0625,81736.890625,81736.890625,304046080
2026-05-11 00:25:00+00:00,81761.078125,81793.7265625,81742.5625,81755.0,0
2026-05-11 00:26:00+00:00,81750.6328125,81753.3203125,81733.5390625,81743.9375,6537216
2026-05-11 00:27:00+00:00,81667.3203125,81748.609375,81667.3203125,81748.609375,690976768
2026-05-11 00:28:00+00:00,81660.40625,81662.5390625,81620.15625,81662.5390625,0
2026-05-11 00:29:00+00:00,81664.296875,81669.1796875,81651.15625,81661.3125,7954432
2026-05-11 00:30:00+00:00,81697.9375,81699.9921875,81643.25,81664.296875,0
2026-05-11 00:31:00+00:00,81785.1484375,81808.7890625,81707.9921875,81707.9921875,80629760
2026-05-11 00:32:00+00:00,81799.7734375,81817.8125,81778.828125,81790.3984375,0
2026-05-11 00:33:00+00:00,81765.0,81801.2265625,81765.0,81788.9921875,77514752
2026-05-11 00:34:00+00:00,81746.890625,81751.8125,81738.671875,81748.59375,0
2026-05-11 00:35:00+00:00,81744.75,81748.59375,81741.5078125,81746.890625,11247616
2026-05-11 00:36:00+00:00,81763.6484375,81784.7109375,81744.75,81744.75,48484352
2026-05-11 00:37:00+00:00,81755.3984375,81798.0390625,81754.609375,81779.9921875,3735552
2026-05-11 00:38:00+00:00,81718.4921875,81760.6171875,81718.4921875,81755.3984375,206848
2026-05-11 00:39:00+00:00,81694.40625,81717.6796875,81693.34375,81715.5,0
2026-05-11 00:40:00+00:00,81668.8984375,81697.421875,81660.90625,81697.421875,69593088
2026-05-11 00:41:00+00:00,81542.03125,81663.5078125,81542.03125,81663.5078125,0
2026-05-11 00:42:00+00:00,81564.96875,81564.96875,81475.96875,81510.921875,0
2026-05-11 00:43:00+00:00,81628.3125,81629.9921875,81570.84375,81570.84375,28137472
2026-05-11 00:44:00+00:00,81579.25,81614.0,81579.25,81610.3828125,0
2026-05-11 00:45:00+00:00,81595.1796875,81610.5625,81531.8828125,81574.15625,0
2026-05-11 00:46:00+00:00,81625.171875,81625.171875,81593.8828125,81593.8828125,4630528
2026-05-11 00:47:00+00:00,81572.9296875,81623.5625,81552.9375,81616.609375,0
2026-05-11 00:48:00+00:00,81603.3203125,81612.578125,81570.7734375,81570.7734375,723097600
2026-05-11 00:49:00+00:00,81561.96875,81588.9921875,81561.96875,81584.046875,0
2026-05-11 00:50:00+00:00,81549.3203125,81570.9921875,81480.703125,81561.59375,804864
2026-05-11 00:51:00+00:00,81555.9609375,81599.9921875,81552.9375,81558.953125,30851072
2026-05-11 00:52:00+00:00,81352.8203125,81558.9609375,81352.8203125,81549.0390625,0
2026-05-11 00:53:00+00:00,81303.109375,81358.4765625,81276.4765625,81358.4765625,15697920
2026-05-11 00:54:00+00:00,81325.2890625,81327.1796875,81293.75,81293.75,62093312
2026-05-11 00:55:00+00:00,81288.859375,81324.1796875,81278.96875,81324.1796875,0
2026-05-11 00:56:00+00:00,81316.203125,81354.25,81298.0,81303.03125,14403584
2026-05-11 00:57:00+00:00,81368.4609375,81375.3515625,81297.3984375,81312.1484375,64675840
2026-05-11 00:58:00+00:00,81424.828125,81424.828125,81366.9921875,81378.3671875,0
2026-05-11 00:59:00+00:00,81462.640625,81462.640625,81435.7109375,81435.7109375,17827840
2026-05-11 01:00:00+00:00,81418.1796875,81468.65625,81417.84375,81468.65625,0
2026-05-11 01:01:00+00:00,81315.8515625,81387.6875,81285.0625,81387.6875,0
2026-05-11 01:02:00+00:00,81285.046875,81363.3125,81268.7890625,81336.2265625,596277248
2026-05-11 01:03:00+00:00,81344.46875,81383.0078125,81297.09375,81297.09375,0
2026-05-11 01:04:00+00:00,81334.90625,81373.6796875,81334.90625,81355.453125,0
2026-05-11 01:05:00+00:00,81390.3984375,81390.3984375,81301.4296875,81322.1015625,0
2026-05-11 01:06:00+00:00,81357.7890625,81396.4296875,81348.2734375,81396.4296875,0
2026-05-11 01:07:00+00:00,81409.890625,81409.890625,81360.3125,81366.3203125,124354560
2026-05-11 01:08:00+00:00,81434.1796875,81437.1875,81382.609375,81411.46875,1454080
2026-05-11 01:09:00+00:00,81354.28125,81411.4921875,81342.25,81411.4921875,0
2026-05-11 01:10:00+00:00,81315.109375,81366.5390625,81292.5078125,81357.28125,1482752
2026-05-11 01:11:00+00:00,81468.25,81468.25,81327.7578125,81338.296875,0
2026-05-11 01:12:00+00:00,81539.8671875,81567.9765625,81476.6796875,81476.6796875,0
2026-05-11 01:13:00+00:00,81489.7421875,81525.8515625,81489.7421875,81525.8515625,68683776
2026-05-11 01:14:00+00:00,81486.0,81486.0,81459.640625,81477.0,0
2026-05-11 01:15:00+00:00,81508.0,81508.0,81445.3203125,81480.7109375,29122560
2026-05-11 01:16:00+00:00,81528.859375,81531.8671875,81495.7890625,81495.7890625,0
2026-05-11 01:17:00+00:00,81592.6171875,81594.953125,81529.578125,81529.578125,0
2026-05-11 01:18:00+00:00,81586.1328125,81612.1015625,81577.03125,81595.0625,129069056
2026-05-11 01:19:00+00:00,81649.9296875,81664.3125,81608.1328125,81608.1328125,8790016
2026-05-11 01:20:00+00:00,81636.921875,81652.171875,81607.8671875,81646.1484375,7942144
2026-05-11 01:21:00+00:00,81595.3984375,81625.0703125,81595.3984375,81604.1171875,0
2026-05-11 01:22:00+00:00,81639.8984375,81639.8984375,81592.7265625,81595.3984375,89337856
2026-05-11 01:23:00+00:00,81712.4765625,81719.75,81655.453125,81657.4765625,16324608
2026-05-11 01:24:00+00:00,81688.578125,81709.1484375,81681.8671875,81703.4375,0
2026-05-11 01:25:00+00:00,81676.3828125,81717.7890625,81670.34375,81717.7890625,0
2026-05-11 01:26:00+00:00,81663.84375,81707.9921875,81662.609375,81675.1015625,0
2026-05-11 01:27:00+00:00,81609.046875,81661.8671875,81609.046875,81661.8671875,110964736
2026-05-11 01:28:00+00:00,81634.21875,81649.4296875,81595.078125,81606.4921875,3309568
2026-05-11 01:29:00+00:00,81609.8203125,81641.21875,81609.8203125,81629.5625,5611520
2026-05-11 01:30:00+00:00,81531.2265625,81592.921875,81528.3671875,81592.921875,0
2026-05-11 01:31:00+00:00,81543.609375,81548.0078125,81479.1328125,81495.4765625,3434496
2026-05-11 01:32:00+00:00,81566.546875,81568.2109375,81530.0078125,81546.3125,0
2026-05-11 01:33:00+00:00,81649.28125,81661.296875,81572.46875,81572.9375,0
2026-05-11 01:34:00+00:00,81540.90625,81640.2421875,81540.90625,81640.2421875,0
2026-05-11 01:35:00+00:00,81507.796875,81545.0078125,81507.796875,81537.8984375,0
2026-05-11 01:36:00+00:00,81504.0078125,81513.8125,81470.0078125,81486.7265625,52932608
2026-05-11 01:37:00+00:00,81453.0234375,81520.71875,81451.7890625,81504.3984375,0
2026-05-11 01:38:00+00:00,81504.8203125,81505.59375,81450.0390625,81453.0234375,0
2026-05-11 01:39:00+00:00,81489.7890625,81504.8203125,81468.5,81504.8203125,0
2026-05-11 01:40:00+00:00,81478.921875,81487.359375,81447.6015625,81481.9296875,124928
2026-05-11 01:41:00+00:00,81540.0,81540.0,81495.75,81495.75,86016
2026-05-11 01:42:00+00:00,81544.8515625,81550.0,81525.8515625,81531.8828125,0
2026-05-11 01:43:00+00:00,81531.8671875,81549.9921875,81519.84375,81549.9921875,17487872
2026-05-11 01:44:00+00:00,81467.25,81531.859375,81467.25,81519.828125,0
2026-05-11 01:45:00+00:00,81424.3984375,81462.6484375,81377.2109375,81456.6171875,62289920
2026-05-11 01:46:00+00:00,81421.0625,81423.0234375,81393.421875,81414.4921875,1554432
2026-05-11 01:47:00+00:00,81438.5703125,81465.828125,81405.4609375,81405.4609375,2076672
2026-05-11 01:48:00+00:00,81464.0234375,81464.0234375,81420.5078125,81430.6015625,0
2026-05-11 01:49:00+00:00,81561.96875,81561.96875,81468.65625,81468.65625,445661184
2026-05-11 01:50:00+00:00,81514.8203125,81556.78125,81514.8203125,81556.78125,2078720
2026-05-11 01:51:00+00:00,81435.546875,81514.8203125,81435.546875,81514.8203125,170082304
2026-05-11 01:52:00+00:00,81490.796875,81490.796875,81439.921875,81439.921875,5185536
2026-05-11 01:53:00+00:00,81517.5390625,81522.25,81494.8203125,81494.8203125,0
2026-05-11 01:54:00+00:00,81473.0625,81531.8671875,81473.0625,81525.8515625,1357824
2026-05-11 01:55:00+00:00,81459.640625,81475.7265625,81440.0234375,81473.046875,10315776
2026-05-11 01:56:00+00:00,81476.9296875,81476.9296875,81441.578125,81453.6171875,0
2026-05-11 01:57:00+00:00,81449.6328125,81482.6484375,81435.5625,81482.6484375,1114112
2026-05-11 01:58:00+00:00,81477.6484375,81477.6796875,81444.59375,81456.6171875,0
2026-05-11 01:59:00+00:00,81483.71875,81518.0625,81479.3203125,81483.7109375,4630528
2026-05-11 02:00:00+00:00,81489.7265625,81501.78125,81480.7109375,81498.7578125,68603904
2026-05-11 02:01:00+00:00,81474.6875,81488.0703125,81466.21875,81485.7421875,339968
2026-05-11 02:02:00+00:00,81530.1171875,81530.1171875,81443.0390625,81445.53125,0
2026-05-11 02:03:00+00:00,81511.0078125,81539.5625,81511.0078125,81531.859375,0
2026-05-11 02:04:00+00:00,81506.0078125,81546.921875,81504.7890625,81546.921875,0
2026-05-11 02:05:00+00:00,81526.0078125,81535.4296875,81480.703125,81506.0078125,21514240
2026-05-11 02:06:00+00:00,81468.65625,81519.84375,81468.65625,81519.84375,0
2026-05-11 02:07:00+00:00,81396.0078125,81464.796875,81353.4921875,81464.796875,1128448
2026-05-11 02:08:00+00:00,81390.3984375,81413.0625,81372.1875,81388.5390625,1314816
2026-05-11 02:09:00+00:00,81387.1171875,81420.5,81387.1171875,81390.3984375,0
2026-05-11 02:10:00+00:00,81419.078125,81419.078125,81399.4296875,81405.453125,0
2026-05-11 02:11:00+00:00,81436.2890625,81440.0,81412.3828125,81412.3828125,3047424
2026-05-11 02:12:00+00:00,81408.140625,81444.421875,81380.0078125,81444.421875,0
2026-05-11 02:13:00+00:00,81377.0703125,81441.5625,81377.0703125,81425.15625,0
2026-05-11 02:14:00+00:00,81391.859375,81391.859375,81351.578125,81379.9375,0
2026-05-11 02:15:00+00:00,81209.6796875,81363.0234375,81174.2578125,81363.0234375,157696
2026-05-11 02:16:00+00:00,81242.90625,81242.90625,81204.390625,81206.796875,0
2026-05-11 02:17:00+00:00,81260.96875,81266.9921875,81233.890625,81238.8828125,37974016
2026-05-11 02:18:00+00:00,81257.03125,81275.2578125,81249.1796875,81251.953125,0
2026-05-11 02:19:00+00:00,81270.0,81284.203125,81240.28125,81241.0,0
2026-05-11 02:20:00+00:00,81219.5,81264.7265625,81190.6796875,81264.7265625,8591360
2026-05-11 02:21:00+00:00,81212.8125,81233.390625,81196.03125,81219.5,45342720
2026-05-11 02:22:00+00:00,81176.703125,81235.4765625,81176.703125,81221.84375,0
2026-05-11 02:23:00+00:00,81212.8125,81212.8125,81122.5234375,81150.0078125,6137856
2026-05-11 02:24:00+00:00,81209.3125,81223.2890625,81200.0,81200.78125,0
2026-05-11 02:25:00+00:00,81171.59375,81221.84375,81166.5,81221.84375,0
2026-05-11 02:26:00+00:00,81179.828125,81203.78125,81161.6484375,81161.6484375,4476928
2026-05-11 02:27:00+00:00,81191.7109375,81191.7421875,81164.65625,81179.828125,88352768
2026-05-11 02:28:00+00:00,81230.609375,81230.609375,81188.828125,81205.2890625,393216
2026-05-11 02:29:00+00:00,81218.84375,81236.1796875,81209.6484375,81214.1171875,5277696
2026-05-11 02:30:00+00:00,81257.3203125,81263.546875,81207.6328125,81209.8125,0
2026-05-11 02:31:00+00:00,81167.7734375,81251.953125,81167.7734375,81251.953125,0
2026-05-11 02:32:00+00:00,81110.46875,81174.96875,81100.8828125,81167.671875,2025472
2026-05-11 02:33:00+00:00,81141.15625,81155.6171875,81124.0,81124.0,142491648
2026-05-11 02:34:00+00:00,81149.6015625,81156.65625,81131.546875,81134.5625,0
2026-05-11 02:35:00+00:00,81155.953125,81176.640625,81155.9375,81164.6484375,0
2026-05-11 02:36:00+00:00,81160.84375,81193.9921875,81155.953125,81161.96875,3848192
2026-05-11 02:37:00+00:00,81175.6796875,81180.75,81150.703125,81154.3828125,6256640
2026-05-11 02:38:00+00:00,81140.1171875,81175.6875,81140.1171875,81175.6875,0
2026-05-11 02:39:00+00:00,81183.6875,81183.6875,81113.4921875,81117.4296875,57196544
2026-05-11 02:40:00+00:00,81171.9765625,81191.75,81165.0078125,81176.2421875,0
2026-05-11 02:41:00+00:00,81170.6796875,81187.21875,81152.6171875,81168.6796875,0
2026-05-11 02:42:00+00:00,81179.1171875,81194.75,81167.671875,81173.21875,85989376
2026-05-11 02:43:00+00:00,81192.78125,81197.9375,81178.15625,81182.296875,0
2026-05-11 02:44:00+00:00,81185.7109375,81216.578125,81181.84375,81193.0078125,6264832
2026-05-11 02:45:00+00:00,81224.8515625,81224.8515625,81181.3515625,81181.3515625,53456896
2026-05-11 02:46:00+00:00,81223.9921875,81233.0625,81212.8203125,81223.3515625,0
2026-05-11 02:47:00+00:00,81221.84375,81245.8828125,81212.8203125,81221.8984375,5597184
2026-05-11 02:48:00+00:00,81200.7578125,81231.78125,81182.9765625,81221.828125,44572672
2026-05-11 02:49:00+00:00,81161.9765625,81213.4296875,81161.9765625,81207.4375,0
2026-05-11 02:50:00+00:00,81195.9765625,81195.9765625,81161.640625,81161.640625,0
2026-05-11 02:51:00+00:00,81228.0625,81231.84375,81209.796875,81213.9765625,0
2026-05-11 02:52:00+00:00,81212.8203125,81228.0625,81206.7890625,81228.0625,0
2026-05-11 02:53:00+00:00,81179.7890625,81212.8125,81179.7890625,81212.8125,0
2026-05-11 02:54:00+00:00,81216.46875,81216.46875,81179.8828125,81179.8828125,39309312
2026-05-11 02:55:00+00:00,81185.75,81213.53125,81185.75,81213.53125,714752
2026-05-11 02:56:00+00:00,81185.1875,81187.0078125,81177.796875,81187.0078125,0
2026-05-11 02:57:00+00:00,81190.5078125,81194.71875,81170.6796875,81176.703125,12455936
2026-05-11 02:58:00+00:00,81168.609375,81190.75,81168.609375,81185.3125,1343488
2026-05-11 02:59:00+00:00,81158.6171875,81173.671875,81143.59375,81167.671875,0
2026-05-11 03:00:00+00:00,81131.53125,81164.328125,81131.53125,81158.6171875,0
2026-05-11 03:01:00+00:00,81119.328125,81129.7578125,81089.0390625,81128.53125,9924608
2026-05-11 03:02:00+00:00,81119.6796875,81119.6796875,81086.390625,81110.46875,0
2026-05-11 03:03:00+00:00,81114.40625,81134.546875,81108.7734375,81134.546875,0
2026-05-11 03:04:00+00:00,81097.5234375,81136.09375,81087.9765625,81131.078125,0
2026-05-11 03:05:00+00:00,81073.9921875,81111.8671875,81054.9375,81096.5703125,9605120
2026-05-11 03:06:00+00:00,81046.7890625,81131.296875,81046.7890625,81077.6484375,24545280
2026-05-11 03:07:00+00:00,81017.171875,81060.171875,81017.171875,81046.6015625,0
2026-05-11 03:08:00+00:00,81012.0078125,81022.2109375,80990.84375,81003.328125,3780608
2026-05-11 03:09:00+00:00,81018.9921875,81030.40625,80983.9296875,80997.421875,0
2026-05-11 03:10:00+00:00,80999.25,81023.1796875,80999.25,81019.1015625,6064128
2026-05-11 03:11:00+00:00,80977.1484375,80991.96875,80977.1484375,80990.0,3661824
2026-05-11 03:12:00+00:00,80797.046875,80964.0625,80797.046875,80964.0625,0
2026-05-11 03:13:00+00:00,80758.2890625,80771.390625,80693.15625,80771.390625,36018176
2026-05-11 03:14:00+00:00,80598.640625,80722.3515625,80598.640625,80704.1328125,2754560
2026-05-11 03:15:00+00:00,80622.65625,80645.9921875,80583.3671875,80596.7734375,0
2026-05-11 03:16:00+00:00,80670.7890625,80691.9765625,80628.28125,80628.28125,13072384
2026-05-11 03:17:00+00:00,80641.9921875,80698.09375,80641.9921875,80687.0,0
2026-05-11 03:18:00+00:00,80649.9375,80686.046875,80632.5,80636.7734375,19468288
2026-05-11 03:19:00+00:00,80648.9921875,80658.96875,80634.8828125,80649.15625,43849728
2026-05-11 03:20:00+00:00,80630.96875,80631.546875,80595.9921875,80622.6484375,0
2026-05-11 03:21:00+00:00,80589.609375,80634.890625,80553.7109375,80634.890625,0
2026-05-11 03:22:00+00:00,80576.9765625,80594.71875,80563.4921875,80594.71875,241295360
2026-05-11 03:23:00+00:00,80622.4921875,80623.03125,80574.6171875,80574.6171875,0
2026-05-11 03:24:00+00:00,80655.96875,80681.390625,80628.8203125,80628.8203125,694489088
2026-05-11 03:25:00+00:00,80636.1328125,80662.75,80623.109375,80655.9296875,6174720
2026-05-11 03:26:00+00:00,80559.6328125,80640.7734375,80541.2421875,80637.296875,9684992
2026-05-11 03:27:00+00:00,80570.640625,80586.7265625,80550.609375,80550.609375,0
2026-05-11 03:28:00+00:00,80570.0078125,80590.0078125,80570.0078125,80570.7109375,0
2026-05-11 03:29:00+00:00,80586.7421875,80600.6875,80571.46875,80571.46875,12615680
2026-05-11 03:30:00+00:00,80610.796875,80610.796875,80557.9921875,80585.890625,45449216
2026-05-11 03:31:00+00:00,80607.7890625,80613.8125,80583.71875,80606.6171875,6346752
2026-05-11 03:32:00+00:00,80622.84375,80622.84375,80597.5390625,80607.8515625,1583104
2026-05-11 03:33:00+00:00,80578.171875,80652.9375,80568.671875,80635.3515625,0
2026-05-11 03:34:00+00:00,80540.75,80589.7265625,80540.75,80574.703125,162060288
2026-05-11 03:35:00+00:00,80559.6484375,80577.28125,80541.1875,80541.1875,5675008
2026-05-11 03:36:00+00:00,80512.578125,80564.9609375,80511.921875,80552.40625,51099648
2026-05-11 03:37:00+00:00,80550.5234375,80550.5234375,80508.46875,80526.6171875,0
2026-05-11 03:38:00+00:00,80602.4375,80613.8203125,80553.21875,80553.4375,0
2026-05-11 03:39:00+00:00,80598.7578125,80615.078125,80583.71875,80589.3125,0
2026-05-11 03:40:00+00:00,80659.9609375,80659.9609375,80594.328125,80607.4609375,63500288
2026-05-11 03:41:00+00:00,80650.0,80664.7265625,80644.0,80652.953125,911360
2026-05-11 03:42:00+00:00,80673.3125,80674.0,80652.5078125,80654.1015625,25675776
2026-05-11 03:43:00+00:00,80669.3984375,80693.0078125,80666.2109375,80671.078125,0
2026-05-11 03:44:00+00:00,80707.1796875,80719.140625,80689.0625,80689.0625,0
2026-05-11 03:45:00+00:00,80705.65625,80711.1484375,80676.5234375,80706.2734375,69244928
2026-05-11 03:46:00+00:00,80743.25,80748.9921875,80712.109375,80712.109375,1294336
2026-05-11 03:47:00+00:00,80711.578125,80735.71875,80710.1484375,80732.0078125,0
2026-05-11 03:48:00+00:00,80724.9296875,80724.9296875,80707.140625,80710.1484375,0
2026-05-11 03:49:00+00:00,80684.3828125,80716.15625,80683.3671875,80716.15625,0
2026-05-11 03:50:00+00:00,80715.296875,80715.296875,80671.0078125,80684.34375,3084288
2026-05-11 03:51:00+00:00,80680.03125,80719.3515625,80680.03125,80712.1015625,0
2026-05-11 03:52:00+00:00,80713.1484375,80721.9921875,80674.0234375,80674.0234375,0
2026-05-11 03:53:00+00:00,80730.796875,80747.4375,80715.9765625,80717.1484375,8001536
2026-05-11 03:54:00+00:00,80722.1171875,80725.1796875,80713.1484375,80714.9609375,0
2026-05-11 03:55:00+00:00,80721.4609375,80725.1328125,80715.34375,80719.1796875,582291456
2026-05-11 03:56:00+00:00,80729.1171875,80731.3203125,80720.6484375,80720.6484375,3530752
2026-05-11 03:57:00+00:00,80704.9921875,80729.1171875,80700.0,80729.1171875,134344704
2026-05-11 03:58:00+00:00,80694.0078125,80704.25,80691.90625,80704.25,1734656
2026-05-11 03:59:00+00:00,80721.7578125,80727.84375,80695.359375,80695.359375,0
2026-05-11 04:00:00+00:00,80698.25,80704.1171875,80689.6171875,80704.1171875,0
2026-05-11 04:01:00+00:00,80667.0625,80697.0078125,80667.0625,80697.0078125,29421568
2026-05-11 04:02:00+00:00,80716.1484375,80716.1484375,80652.9765625,80665.4921875,0
2026-05-11 04:03:00+00:00,80692.5625,80716.671875,80684.0078125,80716.4765625,0
2026-05-11 04:04:00+00:00,80687.2734375,80716.65625,80687.2734375,80716.65625,0
2026-05-11 04:05:00+00:00,80722.0078125,80727.0625,80690.1875,80690.1875,0
2026-05-11 04:06:00+00:00,80724.2265625,80724.2265625,80710.1171875,80721.1015625,2998272
2026-05-11 04:07:00+00:00,80727.65625,80748.0,80707.09375,80713.1484375,1603584
2026-05-11 04:08:00+00:00,80683.40625,80728.859375,80683.40625,80728.859375,0
2026-05-11 04:09:00+00:00,80626.5625,80674.0078125,80626.5625,80661.9921875,0
2026-05-11 04:10:00+00:00,80640.8984375,80646.2265625,80619.84375,80626.5625,0
2026-05-11 04:11:00+00:00,80682.953125,80682.953125,80640.8984375,80640.8984375,22976512
2026-05-11 04:12:00+00:00,80683.3984375,80683.90625,80655.953125,80671.0234375,17932288
2026-05-11 04:13:00+00:00,80671.0234375,80694.796875,80671.0234375,80680.3671875,3817472
2026-05-11 04:14:00+00:00,80638.21875,80678.1796875,80638.21875,80671.0078125,0
2026-05-11 04:15:00+00:00,80699.1875,80699.1875,80652.953125,80652.953125,26257408
2026-05-11 04:16:00+00:00,80677.828125,80707.046875,80677.828125,80699.25,0
2026-05-11 04:17:00+00:00,80677.1875,80677.1875,80661.9765625,80673.90625,1304576
2026-05-11 04:18:00+00:00,80700.890625,80700.8984375,80668.0,80675.2265625,0
2026-05-11 04:19:00+00:00,80671.0078125,80686.0703125,80671.0078125,80686.0703125,39659520
2026-05-11 04:20:00+00:00,80658.96875,80671.0078125,80646.9296875,80671.0078125,0
2026-05-11 04:21:00+00:00,80677.03125,80677.03125,80646.4765625,80664.921875,0
2026-05-11 04:22:00+00:00,80716.1484375,80716.15625,80671.0078125,80671.0078125,69177344
2026-05-11 04:23:00+00:00,80725.5390625,80730.65625,80724.90625,80729.59375,2301952
2026-05-11 04:24:00+00:00,80745.6875,80756.9921875,80726.7578125,80726.7578125,0
2026-05-11 04:25:00+00:00,80757.140625,80758.2890625,80747.046875,80747.046875,0
2026-05-11 04:26:00+00:00,80729.1328125,80760.0,80727.7421875,80757.1484375,0
2026-05-11 04:27:00+00:00,80703.21875,80730.25,80703.21875,80730.25,38518784
2026-05-11 04:28:00+00:00,80725.1796875,80734.2109375,80719.1328125,80719.15625,0
2026-05-11 04:29:00+00:00,80734.203125,80734.203125,80720.2421875,80725.1796875,0
2026-05-11 04:30:00+00:00,80695.09375,80732.9765625,80695.09375,80732.9765625,0
2026-05-11 04:31:00+00:00,80747.9921875,80747.9921875,80697.0,80697.0,0
2026-05-11 04:32:00+00:00,80774.9765625,80775.328125,80747.140625,80747.140625,0
2026-05-11 04:33:00+00:00,80782.390625,80788.0078125,80760.6484375,80761.1328125,0
2026-05-11 04:34:00+00:00,80776.1875,80783.9296875,80770.2265625,80782.3828125,5486592
2026-05-11 04:35:00+00:00,80797.3828125,80797.3828125,80772.78125,80780.3515625,0
2026-05-11 04:36:00+00:00,80771.578125,80791.3984375,80770.25,80782.3828125,48226304
2026-05-11 04:37:00+00:00,80785.390625,80785.390625,80768.0,80769.828125,0
2026-05-11 04:38:00+00:00,80781.1328125,80785.2734375,80777.421875,80785.2734375,3139584
2026-05-11 04:39:00+00:00,80770.5625,80781.1171875,80754.3515625,80781.1171875,37496832
2026-05-11 04:40:00+00:00,80755.2890625,80775.1015625,80755.2890625,80771.9296875,2967552
2026-05-11 04:41:00+00:00,80768.7265625,80768.7265625,80754.3828125,80754.828125,0
2026-05-11 04:42:00+00:00,80800.453125,80800.453125,80770.34375,80770.34375,0
2026-05-11 04:43:00+00:00,80802.0,80802.0,80784.7421875,80784.7421875,6987776
2026-05-11 04:44:00+00:00,80800.296875,80802.65625,80797.453125,80802.0,0
2026-05-11 04:45:00+00:00,80813.1484375,80818.421875,80800.296875,80800.296875,27609088
2026-05-11 04:46:00+00:00,80810.6796875,80817.65625,80809.34375,80817.0,0
2026-05-11 04:47:00+00:00,80803.34375,80812.0,80791.078125,80812.0,0
2026-05-11 04:48:00+00:00,80806.3984375,80806.4609375,80802.3125,80802.3125,11145216
2026-05-11 04:49:00+00:00,80724.828125,80806.390625,80724.828125,80806.3828125,872448
2026-05-11 04:50:00+00:00,80765.390625,80772.8828125,80723.96875,80723.96875,0
2026-05-11 04:51:00+00:00,80767.90625,80768.046875,80758.65625,80759.28125,89210880
2026-05-11 04:52:00+00:00,80803.4375,80803.4375,80762.8828125,80768.28125,0
2026-05-11 04:53:00+00:00,80832.65625,80832.65625,80803.4296875,80803.4296875,0
2026-05-11 04:54:00+00:00,80851.609375,80851.609375,80842.140625,80843.0625,0
2026-05-11 04:55:00+00:00,80835.6015625,80846.0,80835.6015625,80846.0,0
2026-05-11 04:56:00+00:00,80830.5390625,80847.4375,80830.5390625,80835.6015625,5177344
2026-05-11 04:57:00+00:00,80854.53125,80854.53125,80818.6015625,80825.4921875,0
2026-05-11 04:58:00+00:00,80824.8515625,80853.5625,80824.8515625,80853.5625,0
2026-05-11 04:59:00+00:00,80798.0,80818.0234375,80798.0,80814.046875,26638336
2026-05-11 05:00:00+00:00,80800.0078125,80801.78125,80785.671875,80794.9375,0
2026-05-11 05:01:00+00:00,80839.5703125,80839.5703125,80799.0703125,80799.0703125,3618816
2026-05-11 05:02:00+00:00,80846.953125,80851.640625,80833.546875,80833.546875,0
2026-05-11 05:03:00+00:00,80857.6328125,80872.328125,80851.96875,80852.859375,0
2026-05-11 05:04:00+00:00,80858.8125,80866.6484375,80857.6328125,80866.6484375,703533056
2026-05-11 05:05:00+00:00,80872.0078125,80872.0234375,80850.1875,80850.1875,0
2026-05-11 05:06:00+00:00,80851.6171875,80867.2578125,80851.609375,80867.2578125,19410944
2026-05-11 05:07:00+00:00,80834.796875,80848.609375,80827.53125,80848.609375,194560
2026-05-11 05:08:00+00:00,80820.71875,80834.796875,80800.34375,80834.796875,0
2026-05-11 05:09:00+00:00,80830.9765625,80832.6015625,80815.0,80829.9609375,1574912
2026-05-11 05:10:00+00:00,80833.546875,80843.25,80833.546875,80843.25,8450048
2026-05-11 05:11:00+00:00,80848.7734375,80860.640625,80839.3125,80839.3125,2285568
2026-05-11 05:12:00+00:00,80841.546875,80848.7734375,80841.546875,80848.7734375,0
2026-05-11 05:13:00+00:00,80839.5703125,80846.7421875,80839.5703125,80843.171875,45885440
2026-05-11 05:14:00+00:00,80840.15625,80843.53125,80838.1015625,80839.3125,0
2026-05-11 05:15:00+00:00,80841.1875,80841.1875,80821.5078125,80821.5078125,0
2026-05-11 05:16:00+00:00,80866.46875,80874.0,80841.1875,80841.1875,55863296
2026-05-11 05:17:00+00:00,80876.859375,80876.859375,80863.6484375,80870.0078125,0
2026-05-11 05:18:00+00:00,80873.34375,80878.6875,80869.6796875,80876.8515625,7845888
2026-05-11 05:19:00+00:00,80869.5625,80872.671875,80863.6484375,80863.65625,0
2026-05-11 05:20:00+00:00,80875.5,80884.5078125,80869.5625,80869.5625,3354624
2026-05-11 05:21:00+00:00,80867.078125,80881.7109375,80867.078125,80881.1328125,0
2026-05-11 05:22:00+00:00,80883.1796875,80883.1796875,80867.09375,80867.09375,3960832
2026-05-11 05:23:00+00:00,80887.1171875,80888.8671875,80884.0,80884.0,0
2026-05-11 05:24:00+00:00,80903.9609375,80905.78125,80884.0078125,80885.578125,0
2026-05-11 05:25:00+00:00,80897.71875,80918.0078125,80897.71875,80903.9609375,0
2026-05-11 05:26:00+00:00,80917.203125,80917.203125,80890.75,80896.78125,0
2026-05-11 05:27:00+00:00,80936.4375,80936.4375,80922.3203125,80922.84375,0
2026-05-11 05:28:00+00:00,80941.65625,80944.90625,80932.8828125,80938.890625,0
2026-05-11 05:29:00+00:00,80942.671875,80942.671875,80930.53125,80941.65625,4489216
2026-05-11 05:30:00+00:00,80916.4921875,80953.7734375,80916.4921875,80946.0078125,0
2026-05-11 05:31:00+00:00,80933.859375,80939.5078125,80916.5,80916.5,15745024
2026-05-11 05:32:00+00:00,80935.390625,80943.140625,80933.40625,80933.8671875,8284160
2026-05-11 05:33:00+00:00,80947.9375,80956.0234375,80935.3984375,80935.3984375,0
2026-05-11 05:34:00+00:00,80950.71875,80959.046875,80946.296875,80946.296875,31981568
2026-05-11 05:35:00+00:00,80910.578125,80950.71875,80909.8984375,80950.71875,0
2026-05-11 05:36:00+00:00,80872.6796875,80902.78125,80872.6796875,80902.78125,0
2026-05-11 05:37:00+00:00,80881.65625,80885.6796875,80876.1796875,80876.1796875,0
2026-05-11 05:38:00+00:00,80841.859375,80878.703125,80841.859375,80878.703125,0
2026-05-11 05:39:00+00:00,80838.546875,80842.6796875,80818.53125,80841.859375,31047680
2026-05-11 05:40:00+00:00,80833.390625,80845.7265625,80833.390625,80836.5625,0
2026-05-11 05:41:00+00:00,80857.453125,80868.859375,80845.59375,80845.59375,0
2026-05-11 05:42:00+00:00,80835.953125,80857.453125,80827.5390625,80857.453125,19015680
2026-05-11 05:43:00+00:00,80803.4375,80831.21875,80791.40625,80831.21875,0
2026-05-11 05:44:00+00:00,80766.3515625,80803.4375,80766.0,80803.4375,8032256
2026-05-11 05:45:00+00:00,80766.953125,80767.3203125,80738.140625,80745.8515625,0
2026-05-11 05:46:00+00:00,80776.609375,80780.109375,80763.3671875,80766.96875,12464128
2026-05-11 05:47:00+00:00,80792.3671875,80792.8671875,80780.140625,80780.140625,0
2026-05-11 05:48:00+00:00,80792.2578125,80800.5703125,80782.3671875,80782.3671875,0
2026-05-11 05:49:00+00:00,80823.6875,80823.7421875,80794.1875,80794.1875,0
2026-05-11 05:50:00+00:00,80801.359375,80832.78125,80793.7578125,80825.9296875,0
2026-05-11 05:51:00+00:00,80789.953125,80830.53125,80789.953125,80805.1328125,0
2026-05-11 05:52:00+00:00,80765.921875,80786.0078125,80765.90625,80784.0,0
2026-05-11 05:53:00+00:00,80770.2890625,80800.0,80765.1875,80780.0,80275456
2026-05-11 05:54:00+00:00,80833.8671875,80833.8671875,80764.3203125,80770.109375,83163136
2026-05-11 05:55:00+00:00,80833.53125,80835.21875,80811.5,80830.953125,3303424
2026-05-11 05:56:00+00:00,80807.7578125,80827.53125,80807.7578125,80827.53125,0
2026-05-11 05:57:00+00:00,80814.5390625,80816.8671875,80796.8203125,80809.5625,0
2026-05-11 05:58:00+00:00,80815.5703125,80816.078125,80806.46875,80816.078125,17205248
2026-05-11 05:59:00+00:00,80809.9921875,80827.3203125,80809.9921875,80813.9921875,3598336
2026-05-11 06:00:00+00:00,80805.7109375,80809.4609375,80792.0078125,80800.4375,82397184
2026-05-11 06:01:00+00:00,80785.3828125,80805.2734375,80767.3671875,80805.2734375,0
2026-05-11 06:02:00+00:00,80808.0078125,80812.46875,80791.40625,80791.40625,0
2026-05-11 06:03:00+00:00,80791.28125,80794.421875,80782.3828125,80794.40625,1544192
2026-05-11 06:04:00+00:00,80829.7890625,80829.7890625,80785.390625,80785.390625,0
2026-05-11 06:05:00+00:00,80847.2265625,80854.25,80829.421875,80845.53125,618496
2026-05-11 06:06:00+00:00,80823.21875,80847.21875,80818.5,80847.21875,23568384
2026-05-11 06:07:00+00:00,80830.0234375,80830.5390625,80823.5625,80823.5625,0
2026-05-11 06:08:00+00:00,80902.0234375,80902.0234375,80830.203125,80830.203125,247808
2026-05-11 06:09:00+00:00,80905.7890625,80920.640625,80905.7890625,80908.796875,142706688
2026-05-11 06:10:00+00:00,80938.1015625,80939.0625,80904.40625,80904.5703125,1062912
2026-05-11 06:11:00+00:00,80953.9609375,80964.3203125,80938.1015625,80938.1015625,3059712
2026-05-11 06:12:00+00:00,80941.109375,80948.8828125,80938.8984375,80948.8828125,0
2026-05-11 06:13:00+00:00,80919.359375,80931.3671875,80911.8125,80931.3671875,0
2026-05-11 06:14:00+00:00,80890.0,80912.890625,80889.796875,80912.890625,8165376
2026-05-11 06:15:00+00:00,80902.78125,80902.78125,80869.671875,80892.75,64434176
2026-05-11 06:16:00+00:00,80887.953125,80888.46875,80887.9375,80887.9375,0
2026-05-11 06:17:00+00:00,80881.65625,80887.9375,80875.9921875,80887.9375,0
2026-05-11 06:18:00+00:00,80826.921875,80887.578125,80809.46875,80881.65625,2523136
2026-05-11 06:19:00+00:00,80835.9921875,80835.9921875,80824.5234375,80834.0,75599872
2026-05-11 06:20:00+00:00,80869.65625,80869.65625,80842.84375,80842.84375,2902016
2026-05-11 06:21:00+00:00,80905.7890625,80905.7890625,80879.96875,80880.1171875,43501568
2026-05-11 06:22:00+00:00,80932.8828125,80932.8828125,80914.046875,80914.46875,0
2026-05-11 06:23:00+00:00,80958.7421875,80961.1171875,80950.9375,80961.1171875,0
2026-05-11 06:24:00+00:00,80962.7578125,80962.7578125,80944.921875,80950.9375,25839616
2026-05-11 06:25:00+00:00,80990.0625,80990.0625,80966.140625,80966.140625,0
2026-05-11 06:26:00+00:00,80969.0234375,81025.46875,80969.0234375,81008.796875,6754304
2026-05-11 06:27:00+00:00,80968.109375,80985.8984375,80966.0,80985.8984375,0
2026-05-11 06:28:00+00:00,80957.9375,80968.1171875,80957.9296875,80968.1171875,0
2026-05-11 06:29:00+00:00,80968.7734375,80973.6015625,80957.9296875,80957.9296875,7485440
2026-05-11 06:30:00+00:00,80988.7421875,80988.7421875,80957.9765625,80957.9765625,0
2026-05-11 06:31:00+00:00,80933.0625,80987.0625,80933.0625,80987.0625,1638400
2026-05-11 06:32:00+00:00,80953.9375,80953.9375,80928.0,80928.0078125,0
2026-05-11 06:33:00+00:00,80967.8125,80967.8125,80944.90625,80953.953125,0
2026-05-11 06:34:00+00:00,80928.703125,80967.8125,80926.859375,80967.8125,10303488
2026-05-11 06:35:00+00:00,80917.828125,80930.46875,80917.828125,80927.203125,0
2026-05-11 06:36:00+00:00,80905.203125,80942.6015625,80893.7578125,80917.828125,0
2026-05-11 06:37:00+00:00,80933.546875,80933.546875,80908.75,80908.7578125,94208
2026-05-11 06:38:00+00:00,80947.5078125,80960.2578125,80932.8828125,80932.8828125,0
2026-05-11 06:39:00+00:00,80917.828125,80944.921875,80917.828125,80944.921875,7524352
2026-05-11 06:40:00+00:00,80887.7265625,80916.609375,80887.71875,80916.609375,0
2026-05-11 06:41:00+00:00,80867.0,80883.8203125,80867.0,80883.8203125,2406400
2026-05-11 06:42:00+00:00,80791.296875,80867.0,80791.296875,80867.0,12851200
2026-05-11 06:43:00+00:00,80817.828125,80817.828125,80791.296875,80791.296875,131072
2026-05-11 06:44:00+00:00,80806.3984375,80809.4765625,80800.0,80809.4765625,0
2026-05-11 06:45:00+00:00,80798.5234375,80805.40625,80797.4296875,80805.1796875,0
2026-05-11 06:46:00+00:00,80803.1328125,80815.0390625,80798.5078125,80800.140625,84140032
2026-05-11 06:47:00+00:00,80766.0,80805.2578125,80766.0,80804.28125,0
2026-05-11 06:48:00+00:00,80781.1171875,80781.1171875,80751.25,80761.5,0
2026-05-11 06:49:00+00:00,80751.6015625,80775.75,80743.5,80775.75,0
2026-05-11 06:50:00+00:00,80776.671875,80782.09375,80750.8125,80750.8125,1964032
2026-05-11 06:51:00+00:00,80806.4609375,80806.4609375,80774.0078125,80778.859375,0
2026-05-11 06:52:00+00:00,80800.421875,80807.4921875,80794.40625,80806.453125,0
2026-05-11 06:53:00+00:00,80827.890625,80846.5078125,80805.2109375,80805.2109375,628736
2026-05-11 06:54:00+00:00,80815.4921875,80827.5234375,80805.84375,80824.5234375,0
2026-05-11 06:55:00+00:00,80833.546875,80833.546875,80815.4921875,80815.5,45359104
2026-05-11 06:56:00+00:00,80839.5234375,80839.5234375,80830.5390625,80838.21875,0
2026-05-11 06:57:00+00:00,80841.8203125,80845.578125,80840.796875,80845.578125,113965056
2026-05-11 06:58:00+00:00,80854.9921875,80856.890625,80841.8125,80841.8125,182272
2026-05-11 06:59:00+00:00,80814.078125,80857.6171875,80814.078125,80854.9921875,0
2026-05-11 07:00:00+00:00,80787.6015625,80810.8828125,80779.3671875,80810.8828125,782336
2026-05-11 07:01:00+00:00,80773.34375,80776.359375,80764.328125,80776.359375,13438976
2026-05-11 07:02:00+00:00,80773.90625,80785.3828125,80772.2421875,80773.34375,747520
2026-05-11 07:03:00+00:00,80740.2265625,80759.46875,80731.21875,80755.296875,0
2026-05-11 07:04:00+00:00,80732.1015625,80747.25,80732.1015625,80734.046875,0
2026-05-11 07:05:00+00:00,80692.890625,80723.9609375,80692.890625,80716.03125,0
2026-05-11 07:06:00+00:00,80686.0625,80710.140625,80686.0625,80710.1328125,65910784
2026-05-11 07:07:00+00:00,80710.1328125,80710.1328125,80686.078125,80695.0234375,0
2026-05-11 07:08:00+00:00,80691.0078125,80710.1328125,80691.0078125,80710.1328125,0
2026-05-11 07:09:00+00:00,80746.2421875,80746.25,80695.21875,80695.21875,0
2026-05-11 07:10:00+00:00,80775.0,80775.0,80728.390625,80746.2421875,0
2026-05-11 07:11:00+00:00,80766.1171875,80770.34375,80766.1171875,80770.34375,9660416
2026-05-11 07:12:00+00:00,80759.9296875,80773.3515625,80759.9296875,80766.1171875,71737344
2026-05-11 07:13:00+00:00,80754.7734375,80755.90625,80754.7734375,80755.90625,0
2026-05-11 07:14:00+00:00,80736.0234375,80757.453125,80736.0234375,80757.4375,7100416
2026-05-11 07:15:00+00:00,80755.2890625,80762.03125,80731.21875,80736.0078125,0
2026-05-11 07:16:00+00:00,80696.7265625,80755.2890625,80686.0625,80755.2890625,9181184
2026-05-11 07:17:00+00:00,80749.2578125,80749.2578125,80707.1171875,80707.1171875,219136
2026-05-11 07:18:00+00:00,80784.953125,80786.0078125,80749.2578125,80749.2578125,81291264
2026-05-11 07:19:00+00:00,80820.0,80820.0,80776.359375,80784.796875,0
2026-05-11 07:20:00+00:00,80800.4375,80819.9765625,80792.15625,80819.9765625,911360
2026-05-11 07:21:00+00:00,80755.2890625,80809.1875,80755.2890625,80792.15625,0
2026-05-11 07:22:00+00:00,80734.2109375,80755.1015625,80725.1875,80752.671875,21950464
2026-05-11 07:23:00+00:00,80755.28125,80755.2890625,80737.0625,80737.0625,0
2026-05-11 07:24:00+00:00,80756.8515625,80764.3125,80751.9609375,80764.3125,0
2026-05-11 07:25:00+00:00,80742.640625,80767.3203125,80742.640625,80767.3203125,36567040
2026-05-11 07:26:00+00:00,80771.7421875,80773.3515625,80742.0078125,80742.640625,0
2026-05-11 07:27:00+00:00,80737.0234375,80771.7421875,80737.0234375,80771.7421875,128299008
2026-05-11 07:28:00+00:00,80719.0,80736.2734375,80715.2109375,80736.2734375,0
2026-05-11 07:29:00+00:00,80717.7578125,80718.9921875,80704.1171875,80718.9921875,0
2026-05-11 07:30:00+00:00,80734.2265625,80743.25,80719.15625,80719.15625,0
2026-05-11 07:31:00+00:00,80725.1875,80725.203125,80719.171875,80725.1875,0
2026-05-11 07:32:00+00:00,80726.9921875,80740.2421875,80726.9765625,80731.203125,0
2026-05-11 07:33:00+00:00,80680.03125,80706.2578125,80665.2890625,80700.0078125,0
2026-05-11 07:34:00+00:00,80705.859375,80716.109375,80680.03125,80680.03125,0
2026-05-11 07:35:00+00:00,80720.09375,80731.203125,80709.90625,80710.3203125,1269760
2026-05-11 07:36:00+00:00,80702.2265625,80720.09375,80702.2265625,80720.09375,0
2026-05-11 07:37:00+00:00,80719.15625,80719.15625,80685.09375,80685.09375,40292352
2026-05-11 07:38:00+00:00,80713.2578125,80726.7578125,80713.2578125,80719.171875,10260480
2026-05-11 07:39:00+00:00,80713.609375,80715.7734375,80713.1484375,80713.2578125,43335680
2026-05-11 07:40:00+00:00,80701.1015625,80713.6015625,80686.3828125,80713.6015625,5101568
2026-05-11 07:41:00+00:00,80740.2421875,80752.2421875,80698.7578125,80698.7578125,0
2026-05-11 07:42:00+00:00,80713.7421875,80735.4375,80713.1484375,80735.4375,0
2026-05-11 07:43:00+00:00,80713.15625,80728.1875,80713.15625,80723.109375,16224256
2026-05-11 07:44:00+00:00,80704.21875,80713.1484375,80704.21875,80713.1484375,4925440
2026-05-11 07:45:00+00:00,80736.796875,80736.796875,80704.21875,80704.21875,26406912
2026-05-11 07:46:00+00:00,80737.2265625,80764.3125,80736.796875,80736.796875,1746944
2026-05-11 07:47:00+00:00,80719.15625,80719.15625,80710.1484375,80714.6015625,0
2026-05-11 07:48:00+00:00,80708.65625,80719.15625,80707.1328125,80719.15625,8177664
2026-05-11 07:49:00+00:00,80711.203125,80711.203125,80698.1015625,80708.65625,2125824
2026-05-11 07:50:00+00:00,80743.0703125,80763.296875,80740.2421875,80740.2421875,0
2026-05-11 07:51:00+00:00,80771.3828125,80771.3828125,80740.2421875,80752.2734375,12603392
2026-05-11 07:52:00+00:00,80766.2578125,80779.359375,80761.703125,80779.359375,0
2026-05-11 07:53:00+00:00,80781.75,80781.75,80756.796875,80758.296875,4048896
2026-05-11 07:54:00+00:00,80733.7265625,80773.3515625,80733.7265625,80773.3515625,30318592
2026-05-11 07:55:00+00:00,80715.2109375,80740.2265625,80713.9765625,80735.9609375,2852864
2026-05-11 07:56:00+00:00,80726.2421875,80729.3828125,80718.0,80718.0,2711552
2026-05-11 07:57:00+00:00,80694.0703125,80704.1171875,80689.0,80704.1171875,40075264
2026-05-11 07:58:00+00:00,80703.796875,80719.9921875,80703.7890625,80704.109375,0
2026-05-11 07:59:00+00:00,80721.78125,80725.1796875,80703.7890625,80703.7890625,5054464
2026-05-11 08:00:00+00:00,80737.21875,80740.2265625,80707.1328125,80707.1328125,3526656
2026-05-11 08:01:00+00:00,80731.2109375,80758.2890625,80731.2109375,80733.1875,2387968
2026-05-11 08:02:00+00:00,80692.09375,80731.3984375,80692.078125,80722.1796875,1308672
2026-05-11 08:03:00+00:00,80713.0625,80713.0625,80682.671875,80686.0703125,0
2026-05-11 08:04:00+00:00,80689.3671875,80725.1796875,80689.3671875,80716.0078125,18714624
2026-05-11 08:05:00+00:00,80726.4765625,80737.21875,80701.109375,80707.1328125,1101824
2026-05-11 08:06:00+00:00,80749.0234375,80749.2734375,80730.53125,80730.53125,19908608
2026-05-11 08:07:00+00:00,80746.90625,80752.28125,80716.71875,80752.28125,876544
2026-05-11 08:08:00+00:00,80692.078125,80752.28125,80684.203125,80752.28125,0
2026-05-11 08:09:00+00:00,80646.9296875,80680.0,80637.90625,80680.0,16119808
2026-05-11 08:10:00+00:00,80651.7421875,80655.9609375,80629.9296875,80634.21875,4302848
2026-05-11 08:11:00+00:00,80680.0390625,80680.0390625,80649.953125,80651.7421875,2050048
2026-05-11 08:12:00+00:00,80707.7265625,80716.15625,80683.046875,80683.046875,43440128
2026-05-11 08:13:00+00:00,80687.0390625,80701.109375,80687.0390625,80695.09375,0
2026-05-11 08:14:00+00:00,80729.40625,80729.40625,80697.5625,80697.5625,0
2026-05-11 08:15:00+00:00,80755.5,80755.5,80734.6328125,80735.140625,26034176
2026-05-11 08:16:00+00:00,80727.796875,80773.5,80711.8515625,80757.2578125,0
2026-05-11 08:17:00+00:00,80703.4375,80720.796875,80696.6328125,80717.9609375,5332992
2026-05-11 08:18:00+00:00,80736.9296875,80744.78125,80703.4375,80703.4375,0
2026-05-11 08:19:00+00:00,80754.5078125,80765.9765625,80736.921875,80736.9296875,0
2026-05-11 08:20:00+00:00,80716.34375,80760.40625,80716.34375,80760.40625,0
2026-05-11 08:21:00+00:00,80739.9765625,80739.9765625,80697.96875,80708.7265625,2293760
2026-05-11 08:22:00+00:00,80714.0625,80743.078125,80712.8515625,80742.9296875,55660544
2026-05-11 08:23:00+00:00,80743.4375,80743.4375,80715.859375,80715.859375,0
2026-05-11 08:24:00+00:00,80761.6171875,80761.6171875,80741.0390625,80749.5,0
2026-05-11 08:25:00+00:00,80758.03125,80778.0234375,80758.03125,80761.6171875,7751680
2026-05-11 08:26:00+00:00,80728.8203125,80758.03125,80725.2734375,80758.03125,0
2026-05-11 08:27:00+00:00,80706.3828125,80728.8203125,80697.75,80728.8203125,9981952
2026-05-11 08:28:00+00:00,80652.5390625,80696.46875,80649.5234375,80690.328125,0
2026-05-11 08:29:00+00:00,80627.953125,80649.7265625,80627.953125,80649.7265625,0
2026-05-11 08:30:00+00:00,80670.2265625,80680.3671875,80595.3515625,80595.3515625,0
2026-05-11 08:31:00+00:00,80666.0078125,80682.828125,80654.9296875,80660.1171875,1527808
2026-05-11 08:32:00+00:00,80693.9765625,80697.9765625,80666.0078125,80666.0234375,0
2026-05-11 08:33:00+00:00,80687.2265625,80707.0703125,80681.5703125,80681.578125,0
2026-05-11 08:34:00+00:00,80674.703125,80699.3984375,80674.703125,80680.0,1466368
2026-05-11 08:35:00+00:00,80691.4921875,80691.84375,80675.3671875,80675.3671875,0
2026-05-11 08:36:00+00:00,80711.9921875,80711.9921875,80693.796875,80693.796875,6555648
2026-05-11 08:37:00+00:00,80772.6484375,80786.0625,80701.03125,80701.03125,0
2026-05-11 08:38:00+00:00,80797.171875,80797.171875,80769.421875,80772.640625,3063808
2026-05-11 08:39:00+00:00,80753.671875,80797.03125,80752.5390625,80797.03125,131381248
2026-05-11 08:40:00+00:00,80782.84375,80782.84375,80749.5078125,80749.5078125,0
2026-05-11 08:41:00+00:00,80822.4609375,80822.4609375,80785.1875,80785.1875,0
2026-05-11 08:42:00+00:00,80788.578125,80813.1171875,80788.578125,80806.640625,0
2026-05-11 08:43:00+00:00,80810.1171875,80810.1328125,80794.953125,80794.953125,0
2026-05-11 08:44:00+00:00,80815.1796875,80829.078125,80810.1171875,80810.1328125,2615296
2026-05-11 08:45:00+00:00,80827.6015625,80828.2734375,80818.0234375,80819.109375,0
2026-05-11 08:46:00+00:00,80827.96875,80846.4609375,80804.0390625,80827.6015625,19392512
2026-05-11 08:47:00+00:00,80818.03125,80831.296875,80816.71875,80816.71875,3661824
2026-05-11 08:48:00+00:00,80817.4296875,80824.6171875,80813.796875,80817.4921875,166594560
2026-05-11 08:49:00+00:00,80837.3671875,80837.3671875,80817.4296875,80817.4296875,5728256
2026-05-11 08:50:00+00:00,80828.640625,80840.0078125,80828.640625,80837.5625,0
2026-05-11 08:51:00+00:00,80804.640625,80828.2734375,80804.640625,80816.8671875,3700736
2026-05-11 08:52:00+00:00,80810.7578125,80810.7578125,80805.828125,80808.6875,68139008
2026-05-11 08:53:00+00:00,80825.7734375,80825.7734375,80805.0390625,80810.7734375,0
2026-05-11 08:54:00+00:00,80770.7265625,80813.140625,80770.71875,80813.140625,0
2026-05-11 08:55:00+00:00,80779.6875,80779.6875,80770.7265625,80770.7265625,514048
2026-05-11 08:56:00+00:00,80773.7421875,80778.171875,80764.6484375,80772.0625,0
2026-05-11 08:57:00+00:00,80753.1015625,80773.7265625,80746.46875,80773.7265625,0
2026-05-11 08:58:00+00:00,80722.2421875,80748.421875,80722.2265625,80746.46875,6184960
2026-05-11 08:59:00+00:00,80754.8515625,80754.8515625,80711.25,80722.2265625,0
2026-05-11 09:00:00+00:00,80749.15625,80752.2421875,80734.0,80734.0,0
2026-05-11 09:01:00+00:00,80758.578125,80779.7890625,80752.5234375,80752.5390625,0
2026-05-11 09:02:00+00:00,80749.4921875,80758.578125,80737.3828125,80758.3984375,6107136
2026-05-11 09:03:00+00:00,80778.640625,80782.8125,80752.5234375,80752.5234375,0
2026-05-11 09:04:00+00:00,80809.5390625,80809.5390625,80789.1796875,80790.71875,0
2026-05-11 09:05:00+00:00,80821.4921875,80828.2734375,80819.1875,80819.1875,0
2026-05-11 09:06:00+00:00,80833.4375,80837.359375,80816.0703125,80816.0703125,0
2026-05-11 09:07:00+00:00,80816.59375,80833.7734375,80807.0703125,80832.546875,0
2026-05-11 09:08:00+00:00,80818.2578125,80822.9765625,80815.9921875,80819.3828125,47294464
2026-05-11 09:09:00+00:00,80846.40625,80846.40625,80818.1171875,80818.1171875,0
2026-05-11 09:10:00+00:00,80855.5625,80867.65625,80837.3671875,80846.421875,1378304
2026-05-11 09:11:00+00:00,80876.7421875,80876.7421875,80845.2109375,80855.5625,0
2026-05-11 09:12:00+00:00,80872.7734375,80885.5078125,80864.6484375,80876.75,0
2026-05-11 09:13:00+00:00,80895.4609375,80904.9921875,80872.7734375,80872.7734375,24571904
2026-05-11 09:14:00+00:00,80903.609375,80908.8125,80898.7890625,80898.7890625,0
2026-05-11 09:15:00+00:00,80894.9375,80919.171875,80894.9375,80907.8125,0
2026-05-11 09:16:00+00:00,80910.09375,80919.3515625,80907.0703125,80918.0078125,0
2026-05-11 09:17:00+00:00,80910.203125,80921.5078125,80897.96875,80904.03125,0
2026-05-11 09:18:00+00:00,80925.25,80941.03125,80913.109375,80913.109375,10115072
2026-05-11 09:19:00+00:00,80894.9375,80927.53125,80894.9375,80925.2421875,3084288
2026-05-11 09:20:00+00:00,80879.796875,80894.953125,80879.7890625,80894.953125,2498560
2026-05-11 09:21:00+00:00,80879.7890625,80884.7109375,80879.7890625,80879.7890625,18702336
2026-05-11 09:22:00+00:00,80887.8203125,80897.9609375,80879.7890625,80879.7890625,0
2026-05-11 09:23:00+00:00,80922.203125,80922.2109375,80873.453125,80887.8203125,1140736
2026-05-11 09:24:00+00:00,80897.9765625,80922.2109375,80897.96875,80922.203125,81182720
2026-05-11 09:25:00+00:00,80910.078125,80910.09375,80894.9375,80897.96875,0
2026-05-11 09:26:00+00:00,80913.140625,80922.0078125,80894.9375,80902.0234375,0
2026-05-11 09:27:00+00:00,80917.9296875,80918.7890625,80913.109375,80918.7890625,0
2026-05-11 09:28:00+00:00,80916.34375,80916.34375,80910.21875,80911.859375,0
2026-05-11 09:29:00+00:00,80897.9609375,80915.09375,80894.9375,80915.09375,3459072
2026-05-11 09:30:00+00:00,80895.0234375,80911.5703125,80895.0234375,80897.9609375,719835136
2026-05-11 09:31:00+00:00,80881.9921875,80896.1328125,80864.640625,80895.0234375,565248
2026-05-11 09:32:00+00:00,80870.6875,80882.796875,80857.8125,80880.7734375,2228224
2026-05-11 09:33:00+00:00,80869.3203125,80883.6875,80869.3203125,80879.78125,0
2026-05-11 09:34:00+00:00,80875.3125,80877.9765625,80862.640625,80865.171875,0
2026-05-11 09:35:00+00:00,80870.6875,80887.3203125,80867.671875,80875.3125,2473984
2026-05-11 09:36:00+00:00,80873.1328125,80882.578125,80870.7109375,80880.796875,35526656
2026-05-11 09:37:00+00:00,80871.4375,80877.21875,80871.4296875,80873.1328125,1200128
2026-05-11 09:38:00+00:00,80871.6875,80879.78125,80871.4296875,80871.4296875,0
2026-05-11 09:39:00+00:00,80858.1015625,80871.6875,80837.3828125,80871.6875,0
2026-05-11 09:40:00+00:00,80847.65625,80858.1015625,80831.5234375,80858.1015625,0
2026-05-11 09:41:00+00:00,80879.703125,80879.703125,80847.65625,80847.65625,0
2026-05-11 09:42:00+00:00,80925.40625,80925.40625,80877.1796875,80879.7890625,0
2026-05-11 09:43:00+00:00,80909.9375,80913.40625,80901.40625,80913.40625,0
2026-05-11 09:44:00+00:00,80901.421875,80916.1484375,80901.421875,80912.140625,17293312
2026-05-11 09:45:00+00:00,80885.84375,80891.921875,80879.21875,80891.921875,37445632
2026-05-11 09:46:00+00:00,80909.1796875,80909.1796875,80892.5390625,80903.0625,0
2026-05-11 09:47:00+00:00,80917.0625,80936.3203125,80905.03125,80909.2109375,0
2026-05-11 09:48:00+00:00,80973.890625,80979.4765625,80916.140625,80916.15625,1792000
2026-05-11 09:49:00+00:00,80949.4765625,80974.0234375,80932.703125,80974.0234375,0
2026-05-11 09:50:00+00:00,80935.96875,80952.5078125,80932.0078125,80945.4375,6207488
2026-05-11 09:51:00+00:00,80924.9921875,80928.2734375,80913.1328125,80928.2734375,61638656
2026-05-11 09:52:00+00:00,80929.8671875,80943.40625,80925.6484375,80925.6484375,1695744
2026-05-11 09:53:00+00:00,80934.0234375,80946.0234375,80919.1875,80919.1875,149504
2026-05-11 09:54:00+00:00,80925.46875,80931.7421875,80913.3984375,80931.7421875,0
2026-05-11 09:55:00+00:00,80899.203125,80936.5625,80898.0390625,80925.46875,24629248
2026-05-11 09:56:00+00:00,80946.90625,80946.90625,80899.1875,80899.1875,1605632
2026-05-11 09:57:00+00:00,80958.5703125,80987.6328125,80955.53125,80955.53125,0
2026-05-11 09:58:00+00:00,80953.953125,80958.5703125,80949.4921875,80949.4921875,0
2026-05-11 09:59:00+00:00,80944.6484375,80950.859375,80943.890625,80950.859375,0
2026-05-11 10:00:00+00:00,80949.078125,80965.0,80946.6171875,80965.0,43745280
2026-05-11 10:01:00+00:00,80959.6015625,80971.0234375,80944.28125,80946.6328125,0
2026-05-11 10:02:00+00:00,80956.8125,80984.34375,80956.8125,80959.9765625,0
2026-05-11 10:03:00+00:00,80948.078125,80986.8125,80940.09375,80970.6796875,0
2026-05-11 10:04:00+00:00,80948.796875,80958.5625,80943.859375,80943.859375,0
2026-05-11 10:05:00+00:00,80961.78125,80964.6328125,80948.4921875,80952.5,0
2026-05-11 10:06:00+00:00,80947.390625,80956.46875,80946.390625,80956.46875,0
2026-05-11 10:07:00+00:00,80970.328125,80982.8125,80949.203125,80949.2109375,15601664
2026-05-11 10:08:00+00:00,81010.078125,81010.078125,80971.7578125,80971.7578125,4155392
2026-05-11 10:09:00+00:00,81053.71875,81053.71875,81010.0703125,81010.0703125,0
2026-05-11 10:10:00+00:00,81034.328125,81055.53125,81025.859375,81055.53125,0
2026-05-11 10:11:00+00:00,81073.34375,81073.34375,81043.3984375,81043.3984375,0
2026-05-11 10:12:00+00:00,81055.5390625,81083.28125,81055.5390625,81061.609375,9338880
2026-05-11 10:13:00+00:00,81019.578125,81040.3828125,81013.140625,81040.3828125,0
2026-05-11 10:14:00+00:00,81015.890625,81026.1171875,81015.890625,81021.0703125,0
2026-05-11 10:15:00+00:00,81031.2890625,81031.2890625,80995.1015625,81007.4921875,0
2026-05-11 10:16:00+00:00,81055.53125,81055.53125,81028.0625,81036.0234375,0
2026-05-11 10:17:00+00:00,81060.9921875,81069.3828125,81052.4375,81058.5625,1697792
2026-05-11 10:18:00+00:00,81082.7890625,81082.7890625,81061.0,81061.0078125,0
2026-05-11 10:19:00+00:00,81107.0703125,81128.25,81083.71875,81083.71875,0
2026-05-11 10:20:00+00:00,81086.8828125,81125.2109375,81082.84375,81107.28125,9193472
2026-05-11 10:21:00+00:00,81109.2734375,81113.546875,81098.1171875,81104.0078125,0
2026-05-11 10:22:00+00:00,81103.28125,81111.9765625,81093.578125,81111.9765625,36431872
2026-05-11 10:23:00+00:00,81085.84375,81100.453125,81085.84375,81100.4296875,8646656
2026-05-11 10:24:00+00:00,81109.6796875,81122.8828125,81089.9609375,81089.9609375,53598208
2026-05-11 10:25:00+00:00,81149.4609375,81149.4609375,81101.0078125,81109.6796875,2330624
2026-05-11 10:26:00+00:00,81152.4765625,81152.4765625,81137.3515625,81137.3515625,0
2026-05-11 10:27:00+00:00,81152.5,81161.5625,81152.4921875,81155.5078125,2359296
2026-05-11 10:28:00+00:00,81172.84375,81172.84375,81152.4921875,81159.9609375,1316864
2026-05-11 10:29:00+00:00,81160.0625,81187.0078125,81157.9921875,81179.7578125,3139584
2026-05-11 10:30:00+00:00,81128.2421875,81163.9921875,81110.0703125,81163.9921875,46413824
2026-05-11 10:31:00+00:00,81167.6484375,81179.7109375,81131.2109375,81131.8984375,0
2026-05-11 10:32:00+00:00,81182.09375,81184.2265625,81167.078125,81170.390625,3667968
2026-05-11 10:33:00+00:00,81134.6484375,81181.4609375,81134.6484375,81181.4609375,38160384
2026-05-11 10:34:00+00:00,81067.6484375,81134.6484375,81067.6484375,81134.6484375,3096576
2026-05-11 10:35:00+00:00,81078.03125,81084.7890625,81072.53125,81075.59375,0
2026-05-11 10:36:00+00:00,81064.3984375,81078.59375,81047.8671875,81078.0234375,0
2026-05-11 10:37:00+00:00,81047.3828125,81064.609375,81043.4296875,81064.6015625,37820416
2026-05-11 10:38:00+00:00,81064.3125,81064.609375,81046.1484375,81046.1484375,1847296
2026-05-11 10:39:00+00:00,81022.1875,81040.0078125,80983.9921875,81040.0078125,0
2026-05-11 10:40:00+00:00,81052.5,81055.5234375,81022.1875,81022.1875,4587520
2026-05-11 10:41:00+00:00,81082.1796875,81088.859375,81055.53125,81055.53125,0
2026-05-11 10:42:00+00:00,81074.59375,81084.5625,81074.59375,81084.546875,0
2026-05-11 10:43:00+00:00,81049.46875,81058.5703125,81037.328125,81058.5703125,45944832
2026-05-11 10:44:00+00:00,81060.0,81065.5703125,81053.578125,81053.578125,3115008
2026-05-11 10:45:00+00:00,81067.6484375,81088.4765625,81031.5703125,81049.46875,62246912
2026-05-11 10:46:00+00:00,81010.09375,81064.15625,81010.09375,81064.15625,3055616
2026-05-11 10:47:00+00:00,81018.0,81022.203125,80997.96875,81013.3125,0
2026-05-11 10:48:00+00:00,81034.828125,81036.09375,81010.09375,81010.09375,8343552
2026-05-11 10:49:00+00:00,81064.6171875,81064.6171875,81037.3515625,81037.3515625,3170304
2026-05-11 10:50:00+00:00,81079.6796875,81082.796875,81067.9609375,81068.8203125,2213888
2026-05-11 10:51:00+00:00,81071.9765625,81080.4609375,81067.96875,81080.4609375,135022592
2026-05-11 10:52:00+00:00,81033.1171875,81079.7421875,81033.1171875,81071.9921875,0
2026-05-11 10:53:00+00:00,81036.7578125,81043.40625,81032.84375,81033.15625,2822144
2026-05-11 10:54:00+00:00,81034.3203125,81043.3984375,81031.1015625,81031.1015625,0
2026-05-11 10:55:00+00:00,81016.328125,81028.8671875,81010.0703125,81028.8671875,13819904
2026-05-11 10:56:00+00:00,81014.5234375,81025.2265625,81010.09375,81016.328125,1286144
2026-05-11 10:57:00+00:00,80973.71875,81013.296875,80973.71875,81013.296875,0
2026-05-11 10:58:00+00:00,80950.0625,80976.5703125,80940.3984375,80964.6328125,7712768
2026-05-11 10:59:00+00:00,80927.28125,80950.0625,80927.28125,80950.0625,0
2026-05-11 11:00:00+00:00,80962.8515625,80966.21875,80927.2734375,80927.2734375,0
2026-05-11 11:01:00+00:00,80958.578125,80976.75,80955.5390625,80967.546875,1886208
2026-05-11 11:02:00+00:00,80955.7109375,80973.71875,80955.7109375,80958.7265625,755712
2026-05-11 11:03:00+00:00,80999.53125,81005.0,80955.7109375,80955.7109375,0
2026-05-11 11:04:00+00:00,80975.3125,81000.859375,80973.90625,80998.078125,0
2026-05-11 11:05:00+00:00,80988.2578125,80997.40625,80979.78125,80988.859375,0
2026-05-11 11:06:00+00:00,80971.7578125,80994.90625,80971.7578125,80994.90625,22376448
2026-05-11 11:07:00+00:00,80976.3125,80985.84375,80953.8828125,80961.609375,2129920
2026-05-11 11:08:00+00:00,80973.4609375,80979.7734375,80971.171875,80976.3125,0
2026-05-11 11:09:00+00:00,80990.0234375,80999.578125,80982.78125,80982.7890625,109234176
2026-05-11 11:10:00+00:00,80966.078125,80993.390625,80966.078125,80990.0234375,4425728
2026-05-11 11:11:00+00:00,80940.390625,80966.09375,80940.390625,80966.09375,0
2026-05-11 11:12:00+00:00,80960.078125,80960.078125,80896.4921875,80931.5,4007936
2026-05-11 11:13:00+00:00,80970.6796875,80970.6796875,80952.5703125,80956.0078125,0
2026-05-11 11:14:00+00:00,80947.15625,80960.390625,80947.15625,80960.390625,1368064
2026-05-11 11:15:00+00:00,80955.546875,80967.6484375,80949.6328125,80949.6328125,4921344
2026-05-11 11:16:00+00:00,80973.921875,80978.078125,80952.5234375,80952.5234375,860160
2026-05-11 11:17:00+00:00,81019.15625,81019.15625,80964.6328125,80964.6328125,4073472
2026-05-11 11:18:00+00:00,81105.0078125,81105.0078125,81013.109375,81013.109375,0
2026-05-11 11:19:00+00:00,81082.8125,81104.0078125,81076.7421875,81076.7421875,13737984
2026-05-11 11:20:00+00:00,81094.9296875,81110.9921875,81091.8828125,81091.8828125,1052672
2026-05-11 11:21:00+00:00,81136.5,81136.5,81107.0390625,81113.9921875,0
2026-05-11 11:22:00+00:00,81130.90625,81136.5,81111.0703125,81131.421875,0
2026-05-11 11:23:00+00:00,81110.0703125,81129.203125,81110.0703125,81129.203125,4685824
2026-05-11 11:24:00+00:00,81111.15625,81118.5,81104.0078125,81110.0703125,0
2026-05-11 11:25:00+00:00,81110.0703125,81116.0703125,81110.0703125,81111.15625,4204544
2026-05-11 11:26:00+00:00,81107.0390625,81111.0078125,81107.0390625,81110.0703125,2836480
2026-05-11 11:27:00+00:00,81096.2890625,81107.03125,81094.921875,81097.9609375,24279040
2026-05-11 11:28:00+00:00,81089.1171875,81122.1796875,81088.8828125,81096.1171875,0
2026-05-11 11:29:00+00:00,81091.703125,81091.703125,81080.90625,81086.5703125,0
2026-05-11 11:30:00+00:00,81124.203125,81128.2421875,81091.359375,81091.359375,0
2026-05-11 11:31:00+00:00,81140.359375,81145.140625,81120.0,81120.0078125,2328576
2026-05-11 11:32:00+00:00,81127.2734375,81148.3984375,81118.5625,81138.296875,536576
2026-05-11 11:33:00+00:00,81116.0234375,81141.1484375,81101.0,81127.2734375,210944
2026-05-11 11:34:00+00:00,81142.0234375,81142.0234375,81118.2890625,81118.296875,0
2026-05-11 11:35:00+00:00,81155.5078125,81155.5078125,81131.28125,81142.0234375,534528
2026-05-11 11:36:00+00:00,81149.46875,81166.296875,81149.4609375,81155.5078125,0
2026-05-11 11:37:00+00:00,81146.4296875,81160.5703125,81146.4296875,81149.4609375,0
2026-05-11 11:38:00+00:00,81125.21875,81146.4296875,81125.21875,81146.4296875,2922496
2026-05-11 11:39:00+00:00,81150.0703125,81156.3671875,81125.21875,81125.21875,21043200
2026-05-11 11:40:00+00:00,81155.1015625,81158.53125,81149.90625,81150.0703125,0
2026-05-11 11:41:00+00:00,81127.84375,81155.203125,81127.84375,81155.109375,3321856
2026-05-11 11:42:00+00:00,81140.3671875,81155.5078125,81127.84375,81127.84375,30402560
2026-05-11 11:43:00+00:00,81138.2265625,81152.7265625,81137.34375,81140.3671875,0
2026-05-11 11:44:00+00:00,81137.3515625,81154.9375,81137.34375,81138.2265625,5789696
2026-05-11 11:45:00+00:00,81133.75,81134.3125,81125.4375,81134.3125,0
2026-05-11 11:46:00+00:00,81131.28125,81143.109375,81131.109375,81133.7578125,5263360
2026-05-11 11:47:00+00:00,81140.6796875,81149.9921875,81125.4296875,81125.4296875,548864
2026-05-11 11:48:00+00:00,81145.9765625,81148.40625,81135.7578125,81140.671875,10473472
2026-05-11 11:49:00+00:00,81125.2265625,81145.9765625,81125.2265625,81145.9765625,0
2026-05-11 11:50:00+00:00,81104.0234375,81143.2734375,81104.0234375,81125.2265625,0
2026-05-11 11:51:00+00:00,81085.828125,81103.75,81085.828125,81096.40625,0
2026-05-11 11:52:00+00:00,81119.8125,81125.671875,81097.953125,81097.953125,6334464
2026-05-11 11:53:00+00:00,81144.6875,81144.6875,81124.34375,81124.34375,0
2026-05-11 11:54:00+00:00,81168.109375,81171.4296875,81144.703125,81144.703125,30222336
2026-05-11 11:55:00+00:00,81155.53125,81177.8984375,81155.53125,81168.109375,0
2026-05-11 11:56:00+00:00,81130.640625,81155.5234375,81128.2578125,81155.5234375,0
2026-05-11 11:57:00+00:00,81150.4765625,81158.359375,81146.1328125,81146.1328125,0
2026-05-11 11:58:00+00:00,81162.4921875,81164.609375,81153.3203125,81153.3203125,12779520
2026-05-11 11:59:00+00:00,81185.9921875,81185.9921875,81164.40625,81166.9921875,0
2026-05-11 12:00:00+00:00,81217.0390625,81223.109375,81193.4765625,81193.4765625,22083584
2026-05-11 12:01:00+00:00,81191.8828125,81217.4921875,81191.8828125,81204.65625,0
2026-05-11 12:02:00+00:00,81173.703125,81191.84375,81173.703125,81191.84375,4913152
2026-05-11 12:03:00+00:00,81146.3125,81170.6796875,81143.3984375,81170.6796875,0
2026-05-11 12:04:00+00:00,81154.8828125,81169.71875,81135.84375,81146.3125,0
2026-05-11 12:05:00+00:00,81164.4296875,81176.6171875,81159.9609375,81159.9609375,0
2026-05-11 12:06:00+00:00,81125.21875,81153.671875,81107.046875,81153.671875,0
2026-05-11 12:07:00+00:00,81111.09375,81118.5234375,81085.8515625,81115.0,0
2026-05-11 12:08:00+00:00,81146.4296875,81149.453125,81111.078125,81111.09375,3688448
2026-05-11 12:09:00+00:00,81106.0625,81125.046875,81106.0625,81119.15625,50847744
2026-05-11 12:10:00+00:00,81065.890625,81100.9921875,81065.890625,81100.9765625,372736
2026-05-11 12:11:00+00:00,81057.09375,81074.8203125,81052.8984375,81057.1015625,0
2026-05-11 12:12:00+00:00,81074.859375,81079.75,81050.0078125,81052.5078125,0
2026-05-11 12:13:00+00:00,81079.421875,81080.0078125,81067.6484375,81067.6484375,3274752
2026-05-11 12:14:00+00:00,81075.640625,81085.8203125,81073.71875,81079.296875,1585152
2026-05-11 12:15:00+00:00,81096.953125,81104.7890625,81055.53125,81061.578125,7989248
2026-05-11 12:16:00+00:00,81100.9921875,81110.0703125,81096.953125,81096.953125,141312
2026-05-11 12:17:00+00:00,81079.7734375,81131.28125,81071.2109375,81100.9921875,0
2026-05-11 12:18:00+00:00,81143.140625,81143.3984375,81076.7421875,81085.828125,137422848
2026-05-11 12:19:00+00:00,81102.7890625,81162.5390625,81101.0234375,81138.0,0
2026-05-11 12:20:00+00:00,81113.09375,81114.1015625,81095.7109375,81114.1015625,8187904
2026-05-11 12:21:00+00:00,81109.703125,81123.1328125,81104.0078125,81112.7890625,54112256
2026-05-11 12:22:00+00:00,81124.671875,81124.671875,81100.75,81110.0703125,0
2026-05-11 12:23:00+00:00,81199.9921875,81199.9921875,81134.296875,81134.296875,7471104
2026-05-11 12:24:00+00:00,81303.546875,81319.25,81203.9921875,81203.9921875,41451520
2026-05-11 12:25:00+00:00,81256.671875,81288.84375,81251.15625,81288.84375,2381824
2026-05-11 12:26:00+00:00,81260.0,81260.0,81247.4296875,81256.671875,0
2026-05-11 12:27:00+00:00,81258.5390625,81276.609375,81258.5390625,81259.9921875,0
2026-05-11 12:28:00+00:00,81250.0078125,81254.921875,81246.4296875,81252.4921875,0
2026-05-11 12:29:00+00:00,81282.140625,81283.2265625,81261.046875,81261.046875,3584000
2026-05-11 12:30:00+00:00,81295.25,81303.9921875,81264.8828125,81282.1875,46245888
2026-05-11 12:31:00+00:00,81304.09375,81320.4765625,81300.953125,81300.953125,1925120
2026-05-11 12:32:00+00:00,81307.03125,81337.328125,81290.859375,81304.1015625,0
2026-05-11 12:33:00+00:00,81291.3671875,81321.2890625,81286.4296875,81305.203125,3493888
2026-05-11 12:34:00+00:00,81222.1796875,81280.0703125,81222.1796875,81280.0625,45004800
2026-05-11 12:35:00+00:00,81271.9921875,81272.0,81222.171875,81222.1796875,7319552
2026-05-11 12:36:00+00:00,81261.7890625,81274.359375,81261.3984375,81272.0,24576000
2026-05-11 12:37:00+00:00,81267.6484375,81273.28125,81261.7890625,81261.7890625,722944
2026-05-11 12:38:00+00:00,81219.1484375,81268.078125,81207.8515625,81268.078125,0
2026-05-11 12:39:00+00:00,81197.0390625,81213.09375,81186.78125,81200.9765625,70852608
2026-05-11 12:40:00+00:00,81222.171875,81222.171875,81207.03125,81210.3984375,2854912
2026-05-11 12:41:00+00:00,81211.2734375,81222.53125,81196.703125,81216.828125,1308672
2026-05-11 12:42:00+00:00,81182.7890625,81206.6484375,81182.7890625,81206.6484375,0
2026-05-11 12:43:00+00:00,81152.4921875,81197.9296875,81152.4921875,81187.9375,0
2026-05-11 12:44:00+00:00,81141.328125,81154.109375,81131.5625,81132.0,0
2026-05-11 12:45:00+00:00,81166.28125,81174.0078125,81137.34375,81137.34375,34801664
2026-05-11 12:46:00+00:00,81166.5390625,81167.6328125,81158.5625,81166.28125,16384
2026-05-11 12:47:00+00:00,81125.2109375,81207.0234375,81090.0078125,81170.953125,0
2026-05-11 12:48:00+00:00,81104.0078125,81125.2109375,81084.9765625,81084.9765625,0
2026-05-11 12:49:00+00:00,81130.859375,81130.859375,81091.890625,81091.890625,0
2026-05-11 12:50:00+00:00,81082.796875,81130.0703125,81082.796875,81130.0703125,7041024
2026-05-11 12:51:00+00:00,81016.140625,81070.6875,81010.078125,81070.6875,587792384
2026-05-11 12:52:00+00:00,81039.046875,81047.71875,81007.90625,81007.90625,14749696
2026-05-11 12:53:00+00:00,81055.9296875,81065.90625,81038.453125,81044.2109375,884736
2026-05-11 12:54:00+00:00,81051.421875,81070.6796875,81041.0390625,81046.4609375,0
2026-05-11 12:55:00+00:00,81031.328125,81043.40625,81031.296875,81043.40625,31139840
2026-05-11 12:56:00+00:00,81055.0,81055.0,81036.96875,81042.1875,4982784
2026-05-11 12:57:00+00:00,81056.0078125,81073.703125,81055.0,81059.9921875,0
2026-05-11 12:58:00+00:00,81055.5625,81057.859375,81040.3828125,81055.5390625,0
2026-05-11 12:59:00+00:00,81027.9765625,81055.5234375,81027.9765625,81055.5234375,0
2026-05-11 13:00:00+00:00,81111.328125,81111.328125,81028.2578125,81037.3515625,166293504
2026-05-11 13:01:00+00:00,81126.1484375,81129.0234375,81091.890625,81097.7890625,0
2026-05-11 13:02:00+00:00,81184.9609375,81188.8515625,81158.1015625,81158.1015625,0
2026-05-11 13:03:00+00:00,81185.828125,81224.9765625,81172.890625,81180.21875,86769664
2026-05-11 13:04:00+00:00,81176.71875,81198.1171875,81171.65625,81193.4765625,0
2026-05-11 13:05:00+00:00,81174.3515625,81176.5703125,81164.6171875,81174.859375,0
2026-05-11 13:06:00+00:00,81199.96875,81225.5078125,81170.9921875,81170.9921875,25567232
2026-05-11 13:07:00+00:00,81215.2734375,81219.1015625,81190.78125,81199.9609375,2297856
2026-05-11 13:08:00+00:00,81250.890625,81250.890625,81212.3515625,81219.0078125,0
2026-05-11 13:09:00+00:00,81228.25,81274.46875,81228.2421875,81250.8828125,0
2026-05-11 13:10:00+00:00,81237.1796875,81256.0234375,81224.0703125,81228.25,25579520
2026-05-11 13:11:00+00:00,81237.3203125,81245.140625,81225.171875,81231.3671875,0
2026-05-11 13:12:00+00:00,81246.4296875,81264.9921875,81234.3125,81243.3828125,0
2026-05-11 13:13:00+00:00,81240.609375,81246.5078125,81225.21875,81246.5078125,10137600
2026-05-11 13:14:00+00:00,81256.1796875,81261.0234375,81252.4921875,81252.9375,540672
2026-05-11 13:15:00+00:00,81263.09375,81272.65625,81256.1875,81258.3984375,0
2026-05-11 13:16:00+00:00,81308.0078125,81308.0078125,81269.296875,81269.296875,28618752
2026-05-11 13:17:00+00:00,81279.75,81285.8203125,81269.7890625,81285.8203125,0
2026-05-11 13:18:00+00:00,81281.25,81311.5,81281.2421875,81294.0625,0
2026-05-11 13:19:00+00:00,81204.0078125,81282.9921875,81204.0078125,81280.3828125,0
2026-05-11 13:20:00+00:00,81231.6796875,81248.1328125,81210.4375,81210.4375,0
2026-05-11 13:21:00+00:00,81244.84375,81259.9765625,81235.8203125,81235.8203125,0
2026-05-11 13:22:00+00:00,81249.9765625,81249.9921875,81246.6796875,81246.6875,7516160
2026-05-11 13:23:00+00:00,81234.296875,81249.9921875,81221.6015625,81249.9921875,3170304
2026-05-11 13:24:00+00:00,81261.671875,81261.6796875,81222.1796875,81237.3203125,0
2026-05-11 13:25:00+00:00,81149.4609375,81194.9921875,81134.3125,81194.9921875,0
2026-05-11 13:26:00+00:00,81138.5625,81138.5625,81121.0390625,81134.3125,49315840
2026-05-11 13:27:00+00:00,81125.609375,81143.0234375,81123.15625,81143.0234375,1777664
2026-05-11 13:28:00+00:00,81125.21875,81141.546875,81110.0078125,81119.1484375,0
2026-05-11 13:29:00+00:00,81115.6796875,81138.5625,81109.7265625,81131.421875,25006080
2026-05-11 13:30:00+00:00,81098.0,81104.0234375,81073.6328125,81104.0234375,0
2026-05-11 13:31:00+00:00,81031.671875,81116.0,81013.109375,81116.0,0
2026-05-11 13:32:00+00:00,81047.1484375,81047.1484375,80979.78125,81010.140625,3260416
2026-05-11 13:33:00+00:00,80988.53125,81044.2109375,80988.53125,81044.2109375,23691264
2026-05-11 13:34:00+00:00,80890.3671875,80964.6328125,80890.3671875,80964.6328125,3899392
2026-05-11 13:35:00+00:00,80876.9765625,80897.96875,80823.9296875,80872.4921875,7823360
2026-05-11 13:36:00+00:00,80809.71875,80864.0,80809.71875,80855.2109375,0
2026-05-11 13:37:00+00:00,80755.546875,80831.2578125,80749.609375,80777.703125,41869312
2026-05-11 13:38:00+00:00,80797.0,80838.03125,80734.5078125,80734.5078125,7200768
2026-05-11 13:39:00+00:00,80830.0234375,80830.0234375,80774.71875,80793.171875,89456640
2026-05-11 13:40:00+00:00,80846.328125,80861.6328125,80813.140625,80826.96875,14856192
2026-05-11 13:41:00+00:00,80932.4765625,80932.4765625,80849.8125,80849.8125,0
2026-05-11 13:42:00+00:00,81135.2890625,81187.4609375,80960.28125,80960.28125,14364672
2026-05-11 13:43:00+00:00,81112.5234375,81173.609375,81105.2578125,81119.9921875,128724992
2026-05-11 13:44:00+00:00,81051.796875,81118.5625,81035.609375,81118.5625,4804608
2026-05-11 13:45:00+00:00,81025.2265625,81071.1796875,81025.2265625,81046.4375,151564288
2026-05-11 13:46:00+00:00,81012.1875,81022.03125,80993.9375,81013.1171875,0
2026-05-11 13:47:00+00:00,81019.78125,81029.6328125,81003.8671875,81024.0078125,48001024
2026-05-11 13:48:00+00:00,80996.09375,80997.9609375,80919.1875,80997.9609375,8929280
2026-05-11 13:49:00+00:00,80995.9921875,80995.9921875,80976.75,80994.1796875,4050944
2026-05-11 13:50:00+00:00,80960.8984375,81026.5703125,80956.59375,81000.0078125,0
2026-05-11 13:51:00+00:00,80982.859375,81023.0078125,80931.7734375,80931.7734375,103395328
2026-05-11 13:52:00+00:00,81013.75,81057.859375,80965.8984375,80965.8984375,0
2026-05-11 13:53:00+00:00,81031.296875,81071.9296875,81004.34375,81013.0703125,28241920
2026-05-11 13:54:00+00:00,80931.296875,81041.6171875,80931.296875,81040.578125,58769408
2026-05-11 13:55:00+00:00,80950.90625,80950.90625,80901.0078125,80919.2265625,10416128
2026-05-11 13:56:00+00:00,81016.140625,81016.140625,80933.578125,80933.578125,2842624
2026-05-11 13:57:00+00:00,80999.953125,81031.2890625,80990.0,81011.5234375,0
2026-05-11 13:58:00+00:00,80995.578125,81001.046875,80988.8671875,80999.9609375,23728128
2026-05-11 13:59:00+00:00,81041.3671875,81054.140625,80988.8671875,80995.4921875,14209024
2026-05-11 14:00:00+00:00,81123.0078125,81123.0078125,81029.0078125,81029.0078125,150433792
2026-05-11 14:01:00+00:00,81139.3125,81182.796875,81105.25,81122.1796875,15831040
2026-05-11 14:02:00+00:00,81131.28125,81162.6015625,81119.0625,81161.5703125,0
2026-05-11 14:03:00+00:00,81166.0078125,81182.578125,81153.953125,81166.5703125,24932352
2026-05-11 14:04:00+00:00,81158.4765625,81166.0,81131.2890625,81166.0,0
2026-05-11 14:05:00+00:00,81209.0390625,81222.1796875,81140.6484375,81140.6484375,2039808
2026-05-11 14:06:00+00:00,81179.7578125,81210.046875,81179.7578125,81194.921875,42971136
2026-05-11 14:07:00+00:00,81179.75,81203.3203125,81179.75,81189.109375,1945600
2026-05-11 14:08:00+00:00,81167.640625,81194.09375,81167.640625,81188.46875,0
2026-05-11 14:09:00+00:00,81190.6171875,81194.21875,81151.03125,81161.59375,0
2026-05-11 14:10:00+00:00,81165.28125,81191.8984375,81152.5,81175.4921875,5783552
2026-05-11 14:11:00+00:00,81146.4296875,81194.90625,81105.9921875,81182.7890625,6729728
2026-05-11 14:12:00+00:00,81073.7109375,81155.5234375,81073.7109375,81155.5234375,168714240
2026-05-11 14:13:00+00:00,81111.5703125,81112.0234375,81075.640625,81075.640625,0
2026-05-11 14:14:00+00:00,81109.25,81133.421875,81084.5234375,81133.421875,2342912
2026-05-11 14:15:00+00:00,81110.6875,81128.2421875,81110.6875,81125.2109375,0
2026-05-11 14:16:00+00:00,81152.4921875,81152.4921875,81112.7265625,81112.7265625,26370048
2026-05-11 14:17:00+00:00,81084.109375,81148.7734375,81082.8125,81148.7734375,2797568
2026-05-11 14:18:00+00:00,81082.6171875,81082.6171875,81028.2734375,81077.3828125,0
2026-05-11 14:19:00+00:00,81058.546875,81073.7109375,81034.0,81073.7109375,0
2026-05-11 14:20:00+00:00,80986.0625,81049.4375,80976.671875,81049.4375,0
2026-05-11 14:21:00+00:00,80963.4375,80988.8671875,80906.3125,80976.65625,0
2026-05-11 14:22:00+00:00,80931.0390625,80946.4609375,80904.0390625,80946.4609375,5554176
2026-05-11 14:23:00+00:00,80910.0703125,80930.1171875,80870.2578125,80930.1171875,0
2026-05-11 14:24:00+00:00,80928.453125,80946.453125,80916.3515625,80934.3125,6381568
2026-05-11 14:25:00+00:00,80909.2578125,80949.4765625,80908.796875,80934.3203125,20029440
2026-05-11 14:26:00+00:00,80934.328125,80937.3671875,80908.4296875,80913.390625,0
2026-05-11 14:27:00+00:00,80794.9609375,80934.328125,80794.9609375,80934.328125,0
2026-05-11 14:28:00+00:00,80817.828125,80827.40625,80789.453125,80789.453125,4182016
2026-05-11 14:29:00+00:00,80713.046875,80822.21875,80713.046875,80822.21875,0
2026-05-11 14:30:00+00:00,80743.9921875,80773.2109375,80708.0,80712.953125,198598656
2026-05-11 14:31:00+00:00,80575.0,80782.328125,80539.1796875,80754.046875,0
2026-05-11 14:32:00+00:00,80549.5234375,80590.2890625,80453.9375,80530.96875,2904064
2026-05-11 14:33:00+00:00,80552.5703125,80552.5703125,80463.640625,80522.9296875,0
2026-05-11 14:34:00+00:00,80576.7890625,80576.7890625,80500.5,80542.328125,0
2026-05-11 14:35:00+00:00,80634.0703125,80660.0,80549.53125,80559.5703125,23138304
2026-05-11 14:36:00+00:00,80644.0078125,80673.3203125,80591.1328125,80640.0,0
2026-05-11 14:37:00+00:00,80712.171875,80716.109375,80641.3515625,80641.3515625,22618112
2026-05-11 14:38:00+00:00,80708.0703125,80753.2734375,80708.0703125,80710.0078125,6828032
2026-05-11 14:39:00+00:00,80831.3125,80852.34375,80712.0,80713.1328125,0
2026-05-11 14:40:00+00:00,80813.140625,80861.6015625,80796.2578125,80861.6015625,859230208
2026-05-11 14:41:00+00:00,80818.0625,80822.2109375,80777.03125,80822.2109375,237568
2026-05-11 14:42:00+00:00,80779.796875,80829.9921875,80779.796875,80820.9765625,171999232
2026-05-11 14:43:00+00:00,80786.96875,80830.0,80786.96875,80791.921875,4358144
2026-05-11 14:44:00+00:00,80764.703125,80809.6015625,80763.5,80796.0234375,0
2026-05-11 14:45:00+00:00,80728.9765625,80776.359375,80728.9765625,80762.15625,0
2026-05-11 14:46:00+00:00,80752.3125,80762.6328125,80688.8828125,80734.71875,109195264
2026-05-11 14:47:00+00:00,80739.9921875,80761.6171875,80726.8125,80761.609375,0
2026-05-11 14:48:00+00:00,80726.3515625,80748.65625,80695.0,80748.65625,659984384
2026-05-11 14:49:00+00:00,80722.2109375,80728.2890625,80691.9375,80728.2890625,2240512
2026-05-11 14:50:00+00:00,80728.5703125,80739.421875,80709.2265625,80731.5078125,0
2026-05-11 14:51:00+00:00,80818.8984375,80818.8984375,80752.53125,80788.09375,0
2026-05-11 14:52:00+00:00,80828.2265625,80835.6328125,80797.9921875,80828.0,3108864
2026-05-11 14:53:00+00:00,80865.8203125,80913.1171875,80847.84375,80854.3203125,0
2026-05-11 14:54:00+00:00,80829.0390625,80849.4765625,80816.609375,80849.4765625,28594176
2026-05-11 14:55:00+00:00,80897.9765625,80902.578125,80848.84375,80855.546875,0
2026-05-11 14:56:00+00:00,80864.7265625,80902.75,80832.0,80902.75,176128
2026-05-11 14:57:00+00:00,80866.1328125,80870.8203125,80849.5,80864.7421875,0
2026-05-11 14:58:00+00:00,80916.1015625,80924.03125,80875.078125,80879.7890625,9666560
2026-05-11 14:59:00+00:00,80908.8671875,80932.796875,80872.0625,80932.796875,0
2026-05-11 15:00:00+00:00,80858.59375,80913.1171875,80858.59375,80913.1171875,1900544
2026-05-11 15:01:00+00:00,80808.0234375,80856.0,80805.4609375,80849.4765625,129884160
2026-05-11 15:02:00+00:00,80826.578125,80828.4609375,80789.7578125,80800.8125,7688192
2026-05-11 15:03:00+00:00,80823.0703125,80849.90625,80813.109375,80831.3125,0
2026-05-11 15:04:00+00:00,80874.2109375,80877.4921875,80832.4765625,80833.3125,10072064
2026-05-11 15:05:00+00:00,80837.8828125,80878.9375,80832.328125,80878.9375,0
2026-05-11 15:06:00+00:00,80855.0078125,80876.7578125,80841.6484375,80849.4921875,0
2026-05-11 15:07:00+00:00,80876.8203125,80885.796875,80858.0,80865.9921875,0
2026-05-11 15:08:00+00:00,80879.84375,80901.1796875,80867.671875,80877.8515625,0
2026-05-11 15:09:00+00:00,80884.0,80885.4375,80865.84375,80879.84375,0
2026-05-11 15:10:00+00:00,80839.53125,80888.8671875,80830.1171875,80888.8671875,4755456
2026-05-11 15:11:00+00:00,80940.0234375,80940.0234375,80840.421875,80840.421875,0
2026-05-11 15:12:00+00:00,80949.2578125,80958.5703125,80917.0234375,80956.546875,3207168
2026-05-11 15:13:00+00:00,81040.3828125,81046.09375,80964.6328125,80964.6328125,0
2026-05-11 15:14:00+00:00,80982.1171875,81061.4375,80960.9921875,81061.4375,0
2026-05-11 15:15:00+00:00,81043.40625,81043.40625,80975.1328125,80997.9609375,0
2026-05-11 15:16:00+00:00,81022.2109375,81067.65625,81022.2109375,81031.296875,0
2026-05-11 15:17:00+00:00,80991.8984375,81025.2265625,80991.8984375,81004.25,5197824
2026-05-11 15:18:00+00:00,80977.6328125,80988.8828125,80947.1875,80988.8828125,56029184
2026-05-11 15:19:00+00:00,80920.7890625,80969.828125,80908.7734375,80969.828125,0
2026-05-11 15:20:00+00:00,80975.828125,80975.828125,80905.6171875,80905.6171875,3334144
2026-05-11 15:21:00+00:00,81013.109375,81013.109375,80961.609375,80976.1484375,56631296
2026-05-11 15:22:00+00:00,81001.0,81014.6015625,80990.84375,81014.6015625,0
2026-05-11 15:23:00+00:00,80978.6015625,81000.8125,80952.5234375,81000.8125,6664192
2026-05-11 15:24:00+00:00,81017.96875,81037.3515625,80996.7734375,80996.7734375,23945216
2026-05-11 15:25:00+00:00,81071.96875,81071.96875,81014.890625,81015.3984375,69632
2026-05-11 15:26:00+00:00,81205.609375,81207.15625,81122.1875,81122.1875,5640192
2026-05-11 15:27:00+00:00,81355.5703125,81394.890625,81250.8828125,81250.8828125,0
2026-05-11 15:28:00+00:00,81364.1875,81378.0625,81300.9609375,81376.8828125,15425536
2026-05-11 15:29:00+00:00,81315.9296875,81361.203125,81310.140625,81352.4765625,9093120
2026-05-11 15:30:00+00:00,81348.0,81348.0,81315.40625,81319.359375,17575936
2026-05-11 15:31:00+00:00,81367.6328125,81413.0703125,81367.6328125,81390.578125,0
2026-05-11 15:32:00+00:00,81225.21875,81340.3515625,81225.21875,81340.3515625,0
2026-05-11 15:33:00+00:00,81285.796875,81285.796875,81228.0,81243.3984375,216276992
2026-05-11 15:34:00+00:00,81194.390625,81285.9921875,81194.390625,81273.6875,5558272
2026-05-11 15:35:00+00:00,81203.7265625,81223.53125,81194.390625,81194.390625,0
2026-05-11 15:36:00+00:00,81249.4375,81249.4375,81198.3203125,81198.3203125,200065024
2026-05-11 15:37:00+00:00,81260.8125,81270.6484375,81249.4375,81249.4375,0
2026-05-11 15:38:00+00:00,81227.0703125,81267.6171875,81210.0,81255.9609375,3448832
2026-05-11 15:39:00+00:00,81258.5703125,81258.5703125,81225.203125,81225.578125,111493120
2026-05-11 15:40:00+00:00,81249.453125,81272.7421875,81238.5390625,81258.5703125,2715648
2026-05-11 15:41:00+00:00,81225.7578125,81248.5,81225.7578125,81240.1796875,1409024
2026-05-11 15:42:00+00:00,81200.96875,81221.1484375,81193.078125,81221.1484375,21389312
2026-05-11 15:43:00+00:00,81210.65625,81248.71875,81204.0234375,81204.0234375,0
2026-05-11 15:44:00+00:00,81198.4609375,81260.71875,81197.5625,81217.8984375,0
2026-05-11 15:45:00+00:00,81225.2109375,81225.2109375,81185.8203125,81190.0,0
2026-05-11 15:46:00+00:00,81188.890625,81232.796875,81188.890625,81224.84375,5865472
2026-05-11 15:47:00+00:00,81219.1484375,81232.7890625,81213.09375,81213.09375,1069056
2026-05-11 15:48:00+00:00,81242.796875,81243.0078125,81217.6015625,81217.6015625,0
2026-05-11 15:49:00+00:00,81207.0234375,81234.296875,81200.3515625,81234.296875,0
2026-05-11 15:50:00+00:00,81242.28125,81242.28125,81210.0625,81211.96875,0
2026-05-11 15:51:00+00:00,81307.0078125,81341.2109375,81242.28125,81242.28125,0
2026-05-11 15:52:00+00:00,81322.1796875,81354.2890625,81316.1171875,81316.1171875,0
2026-05-11 15:53:00+00:00,81358.84375,81364.578125,81312.0,81322.6484375,0
2026-05-11 15:54:00+00:00,81322.1796875,81359.859375,81322.1796875,81359.859375,0
2026-05-11 15:55:00+00:00,81355.5078125,81397.921875,81345.0,81345.0,0
2026-05-11 15:56:00+00:00,81361.5625,81361.5625,81343.3828125,81343.3828125,0
2026-05-11 15:57:00+00:00,81361.546875,81385.0234375,81352.4765625,81376.7109375,0
2026-05-11 15:58:00+00:00,81394.0234375,81428.3125,81363.703125,81367.546875,876544
2026-05-11 15:59:00+00:00,81422.953125,81431.25,81388.65625,81410.0078125,0
2026-05-11 16:00:00+00:00,81390.2890625,81429.1796875,81382.78125,81429.1796875,18366464
2026-05-11 16:01:00+00:00,81382.1171875,81395.46875,81378.7890625,81385.453125,1040384
2026-05-11 16:02:00+00:00,81345.171875,81392.28125,81345.171875,81379.3515625,5021696
2026-05-11 16:03:00+00:00,81320.15625,81351.0,81320.15625,81351.0,0
2026-05-11 16:04:00+00:00,81343.546875,81343.546875,81319.9296875,81330.1015625,0
2026-05-11 16:05:00+00:00,81385.9921875,81385.9921875,81343.1171875,81343.1171875,0
2026-05-11 16:06:00+00:00,81473.65625,81476.6875,81391.5078125,81391.5078125,0
2026-05-11 16:07:00+00:00,81500.046875,81503.78125,81480.171875,81487.6171875,0
2026-05-11 16:08:00+00:00,81496.6796875,81514.25,81470.6328125,81480.03125,1949696
2026-05-11 16:09:00+00:00,81576.6875,81583.96875,81514.25,81514.25,0
2026-05-11 16:10:00+00:00,81700.7578125,81700.7578125,81574.0234375,81574.0234375,75124736
2026-05-11 16:11:00+00:00,81694.1796875,81730.2734375,81674.6875,81695.5703125,4538368
2026-05-11 16:12:00+00:00,81713.046875,81732.0703125,81648.8203125,81691.6875,0
2026-05-11 16:13:00+00:00,81714.1484375,81714.1484375,81682.7421875,81702.5703125,0
2026-05-11 16:14:00+00:00,81776.453125,81776.453125,81697.8984375,81714.140625,0
2026-05-11 16:15:00+00:00,81742.9375,81794.8828125,81742.9375,81770.6171875,14344192
2026-05-11 16:16:00+00:00,81704.0078125,81734.640625,81676.546875,81734.640625,56991744
2026-05-11 16:17:00+00:00,81773.640625,81773.640625,81713.0390625,81713.0390625,7892992
2026-05-11 16:18:00+00:00,81740.3125,81803.9296875,81738.2109375,81772.2578125,0
2026-05-11 16:19:00+00:00,81800.953125,81800.953125,81713.2109375,81723.21875,2707456
2026-05-11 16:20:00+00:00,81793.0234375,81817.9921875,81784.96875,81813.921875,0
2026-05-11 16:21:00+00:00,81776.84375,81806.9609375,81774.4296875,81797.8671875,247029760
2026-05-11 16:22:00+00:00,81788.796875,81798.796875,81775.5625,81778.609375,13058048
2026-05-11 16:23:00+00:00,81834.2421875,81834.2421875,81788.7578125,81789.40625,0
2026-05-11 16:24:00+00:00,81819.1875,81840.296875,81803.9375,81831.03125,176308224
2026-05-11 16:25:00+00:00,81832.328125,81840.2890625,81810.0,81819.1875,0
2026-05-11 16:26:00+00:00,81800.90625,81854.0078125,81800.90625,81835.0078125,5627904
2026-05-11 16:27:00+00:00,81796.1171875,81806.9609375,81774.53125,81788.828125,60370944
2026-05-11 16:28:00+00:00,81730.25,81796.1171875,81715.296875,81796.1171875,0
2026-05-11 16:29:00+00:00,81763.0390625,81764.5390625,81706.9765625,81714.0078125,8675328
2026-05-11 16:30:00+00:00,81837.59375,81837.59375,81779.703125,81779.703125,0
2026-05-11 16:31:00+00:00,81840.2578125,81848.2734375,81792.2421875,81836.6171875,59871232
2026-05-11 16:32:00+00:00,81830.5,81880.9609375,81821.921875,81838.8125,4571136
2026-05-11 16:33:00+00:00,81855.453125,81873.6328125,81837.109375,81837.109375,160854016
2026-05-11 16:34:00+00:00,81885.75,81899.3671875,81867.5703125,81870.59375,15118336
2026-05-11 16:35:00+00:00,81866.8671875,81886.8828125,81837.296875,81886.8828125,7319552
2026-05-11 16:36:00+00:00,81876.65625,81890.0078125,81876.2109375,81876.2109375,0
2026-05-11 16:37:00+00:00,81798.140625,81864.5390625,81780.1171875,81864.5390625,0
2026-05-11 16:38:00+00:00,81829.328125,81852.421875,81816.046875,81816.046875,6033408
2026-05-11 16:39:00+00:00,81831.203125,81850.0,81828.1328125,81837.5234375,84983808
2026-05-11 16:40:00+00:00,81770.609375,81827.8515625,81770.609375,81827.8515625,1486848
2026-05-11 16:41:00+00:00,81730.0,81787.90625,81713.671875,81776.75,0
2026-05-11 16:42:00+00:00,81571.0078125,81680.1015625,81571.0078125,81680.1015625,0
2026-05-11 16:43:00+00:00,81620.2890625,81625.15625,81543.546875,81565.40625,43057152
2026-05-11 16:44:00+00:00,81562.609375,81613.0625,81540.4609375,81613.0625,6668288
2026-05-11 16:45:00+00:00,81617.5703125,81637.5390625,81555.75,81555.75,587124736
2026-05-11 16:46:00+00:00,81605.4296875,81634.2109375,81597.8984375,81624.78125,0
2026-05-11 16:47:00+00:00,81688.7890625,81688.7890625,81607.890625,81610.109375,10084352
2026-05-11 16:48:00+00:00,81700.390625,81731.2109375,81693.703125,81697.8828125,0
2026-05-11 16:49:00+00:00,81667.7421875,81716.0703125,81667.7421875,81703.5078125,0
2026-05-11 16:50:00+00:00,81658.0078125,81698.8984375,81629.109375,81677.203125,536576
2026-05-11 16:51:00+00:00,81628.0703125,81682.7265625,81628.0703125,81682.7265625,0
2026-05-11 16:52:00+00:00,81592.6875,81634.28125,81592.6875,81617.3515625,205672448
2026-05-11 16:53:00+00:00,81613.0390625,81616.0703125,81571.8671875,81616.0703125,20357120
2026-05-11 16:54:00+00:00,81638.3984375,81638.3984375,81606.2890625,81628.0,72994816
2026-05-11 16:55:00+00:00,81615.9375,81655.4609375,81606.2890625,81631.2421875,0
2026-05-11 16:56:00+00:00,81615.4921875,81615.4921875,81588.8125,81613.4609375,0
2026-05-11 16:57:00+00:00,81585.78125,81620.703125,81576.2421875,81615.4921875,0
2026-05-11 16:58:00+00:00,81592.203125,81592.2109375,81573.5,81582.21875,37548032
2026-05-11 16:59:00+00:00,81562.703125,81592.203125,81558.5078125,81592.203125,1978368
2026-05-11 17:00:00+00:00,81490.4609375,81605.2265625,81490.4609375,81555.1171875,0
2026-05-11 17:01:00+00:00,81465.7265625,81499.0390625,81425.5234375,81499.0390625,29876224
2026-05-11 17:02:00+00:00,81432.109375,81438.9765625,81419.4609375,81437.3203125,0
2026-05-11 17:03:00+00:00,81467.6171875,81479.3828125,81434.28125,81434.28125,500617216
2026-05-11 17:04:00+00:00,81501.140625,81504.2890625,81451.2109375,81458.5234375,0
2026-05-11 17:05:00+00:00,81493.96875,81518.5234375,81490.0,81507.0,3682304
2026-05-11 17:06:00+00:00,81422.15625,81493.3984375,81401.46875,81493.3984375,46051328
2026-05-11 17:07:00+00:00,81406.421875,81410.09375,81383.109375,81409.8671875,0
2026-05-11 17:08:00+00:00,81390.796875,81397.8203125,81373.6796875,81390.03125,0
2026-05-11 17:09:00+00:00,81403.9765625,81423.1875,81348.84375,81385.796875,28098560
2026-05-11 17:10:00+00:00,81446.390625,81446.390625,81381.890625,81410.640625,0
2026-05-11 17:11:00+00:00,81482.7734375,81482.7734375,81434.859375,81434.859375,3133440
2026-05-11 17:12:00+00:00,81429.21875,81482.78125,81416.1015625,81482.78125,116502528
2026-05-11 17:13:00+00:00,81500.0,81500.0,81441.90625,81441.90625,0
2026-05-11 17:14:00+00:00,81484.7890625,81500.0,81484.7890625,81485.7890625,0
2026-05-11 17:15:00+00:00,81499.9921875,81500.0,81489.9921875,81494.8828125,0
2026-05-11 17:16:00+00:00,81594.859375,81594.859375,81510.0078125,81510.0078125,5091328
2026-05-11 17:17:00+00:00,81643.3515625,81643.3515625,81622.140625,81622.140625,0
2026-05-11 17:18:00+00:00,81579.703125,81641.921875,81571.640625,81641.921875,0
2026-05-11 17:19:00+00:00,81588.28125,81597.890625,81554.4609375,81591.828125,0
2026-05-11 17:20:00+00:00,81603.953125,81616.0703125,81585.7890625,81592.1484375,344064
2026-05-11 17:21:00+00:00,81616.3515625,81632.0,81594.8671875,81609.9921875,0
2026-05-11 17:22:00+00:00,81597.7265625,81616.0390625,81579.7265625,81613.046875,0
2026-05-11 17:23:00+00:00,81588.5390625,81597.890625,81579.71875,81597.890625,0
2026-05-11 17:24:00+00:00,81586.671875,81615.8828125,81576.703125,81576.703125,5476352
2026-05-11 17:25:00+00:00,81570.6484375,81606.9921875,81570.6484375,81577.578125,0
2026-05-11 17:26:00+00:00,81590.453125,81613.0234375,81570.6328125,81578.1484375,2568192
2026-05-11 17:27:00+00:00,81561.59375,81588.3671875,81561.59375,81587.4921875,0
2026-05-11 17:28:00+00:00,81588.0625,81588.0625,81561.5625,81570.6171875,0
2026-05-11 17:29:00+00:00,81614.9609375,81619.9921875,81590.0,81590.0,192512
2026-05-11 17:30:00+00:00,81571.3203125,81616.0703125,81571.3203125,81616.0703125,85278720
2026-05-11 17:31:00+00:00,81587.9765625,81594.0,81569.578125,81570.03125,1536000
2026-05-11 17:32:00+00:00,81630.921875,81634.25,81582.2734375,81586.84375,221184
2026-05-11 17:33:00+00:00,81621.8125,81648.296875,81616.140625,81628.5078125,0
2026-05-11 17:34:00+00:00,81670.609375,81670.609375,81621.8125,81621.8125,0
2026-05-11 17:35:00+00:00,81698.4375,81698.4375,81670.6171875,81670.6171875,5828608
2026-05-11 17:36:00+00:00,81712.8671875,81716.078125,81671.4609375,81694.9296875,0
2026-05-11 17:37:00+00:00,81743.3515625,81758.4921875,81706.2734375,81718.5390625,991232
2026-05-11 17:38:00+00:00,81813.0234375,81816.1796875,81743.75,81743.75,0
2026-05-11 17:39:00+00:00,81852.40625,81857.578125,81814.25,81819.09375,0
2026-05-11 17:40:00+00:00,81872.6796875,81879.6796875,81852.40625,81852.40625,0
2026-05-11 17:41:00+00:00,81932.0078125,81934.6328125,81879.2421875,81879.2421875,10866688
2026-05-11 17:42:00+00:00,81943.2421875,81966.7109375,81932.5234375,81932.5234375,0
2026-05-11 17:43:00+00:00,81982.703125,81987.15625,81958.4609375,81958.4609375,6946816
2026-05-11 17:44:00+00:00,81997.296875,82006.953125,81982.703125,81982.7109375,0
2026-05-11 17:45:00+00:00,81994.828125,82024.0,81970.046875,81970.046875,42926080
2026-05-11 17:46:00+00:00,82012.0078125,82019.0625,81985.0,81996.8515625,22061056
2026-05-11 17:47:00+00:00,81925.1484375,82014.859375,81921.65625,82014.859375,11980800
2026-05-11 17:48:00+00:00,81910.0,81925.0703125,81909.9921875,81916.0625,172670976
2026-05-11 17:49:00+00:00,81943.65625,81943.65625,81910.0,81925.1328125,15921152
2026-05-11 17:50:00+00:00,81987.9921875,81993.546875,81943.65625,81943.65625,0
2026-05-11 17:51:00+00:00,81986.78125,82013.6875,81971.3125,81985.953125,169426944
2026-05-11 17:52:00+00:00,81965.78125,81988.90625,81943.65625,81988.90625,0
2026-05-11 17:53:00+00:00,81982.5625,81982.5625,81965.7890625,81973.6171875,11239424
2026-05-11 17:54:00+00:00,81932.0,81992.140625,81925.140625,81989.3828125,0
2026-05-11 17:55:00+00:00,81933.3828125,81935.046875,81900.0,81903.9296875,12046336
2026-05-11 17:56:00+00:00,81947.640625,81961.0390625,81935.1796875,81940.2890625,0
2026-05-11 17:57:00+00:00,81916.0390625,81937.2265625,81906.1875,81930.2421875,24043520
2026-05-11 17:58:00+00:00,81916.9921875,81916.9921875,81915.3515625,81915.3515625,0
2026-05-11 17:59:00+00:00,81931.6015625,81931.6015625,81892.296875,81917.0078125,0
2026-05-11 18:00:00+00:00,81905.7890625,81928.171875,81904.5625,81913.0234375,0
2026-05-11 18:01:00+00:00,81928.796875,81933.15625,81921.40625,81921.40625,0
2026-05-11 18:02:00+00:00,81934.1875,81958.0390625,81930.109375,81930.109375,5386240
2026-05-11 18:03:00+00:00,81965.9921875,81965.9921875,81939.5390625,81949.3671875,0
2026-05-11 18:04:00+00:00,82000.0,82002.640625,81978.0,81978.0,0
2026-05-11 18:05:00+00:00,81986.0078125,82002.5,81984.359375,82002.5,0
2026-05-11 18:06:00+00:00,82047.1171875,82047.1328125,81988.1328125,81988.1328125,13926400
2026-05-11 18:07:00+00:00,82076.4765625,82104.203125,82048.1796875,82066.203125,150396928
2026-05-11 18:08:00+00:00,82072.0234375,82085.4296875,82064.7734375,82085.4296875,0
2026-05-11 18:09:00+00:00,82048.328125,82071.9765625,82034.0625,82071.9765625,40906752
2026-05-11 18:10:00+00:00,82027.9921875,82049.703125,82027.9921875,82049.671875,0
2026-05-11 18:11:00+00:00,81997.859375,82041.1171875,81997.859375,82040.28125,0
2026-05-11 18:12:00+00:00,82004.8828125,82006.9296875,81967.953125,81992.21875,10252288
2026-05-11 18:13:00+00:00,82022.453125,82032.5390625,82013.5,82013.5,37883904
2026-05-11 18:14:00+00:00,81967.546875,82009.9921875,81960.0,82009.9921875,27389952
2026-05-11 18:15:00+00:00,81934.7734375,81983.5390625,81934.7734375,81972.6015625,0
2026-05-11 18:16:00+00:00,81935.3203125,81941.921875,81917.1484375,81941.921875,0
2026-05-11 18:17:00+00:00,81908.078125,81940.28125,81908.078125,81934.09375,0
2026-05-11 18:18:00+00:00,81868.171875,81910.5234375,81842.671875,81908.046875,45453312
2026-05-11 18:19:00+00:00,81882.7109375,81892.3828125,81871.796875,81888.6328125,0
2026-05-11 18:20:00+00:00,81911.671875,81912.578125,81870.640625,81883.40625,10055680
2026-05-11 18:21:00+00:00,81938.3828125,81938.3828125,81892.2421875,81908.96875,0
2026-05-11 18:22:00+00:00,81937.3828125,81949.390625,81928.171875,81946.34375,13430784
2026-05-11 18:23:00+00:00,81934.4296875,81937.2578125,81929.96875,81937.2578125,8892416
2026-05-11 18:24:00+00:00,81928.0,81958.4375,81928.0,81934.328125,21409792
2026-05-11 18:25:00+00:00,81902.640625,81940.28125,81902.296875,81919.078125,0
2026-05-11 18:26:00+00:00,81897.46875,81909.109375,81831.0625,81904.46875,10362880
2026-05-11 18:27:00+00:00,81974.140625,81982.0625,81906.9609375,81906.9609375,0
2026-05-11 18:28:00+00:00,82028.78125,82045.5703125,81993.890625,81993.890625,25800704
2026-05-11 18:29:00+00:00,82019.421875,82040.8671875,82004.078125,82040.8671875,4505600
2026-05-11 18:30:00+00:00,82051.5,82051.5,82016.1015625,82016.1015625,116248576
2026-05-11 18:31:00+00:00,82092.3984375,82130.03125,82051.4921875,82051.4921875,7077888
2026-05-11 18:32:00+00:00,82113.0078125,82131.171875,82080.0078125,82094.703125,0
2026-05-11 18:33:00+00:00,82076.796875,82119.71875,82076.796875,82119.71875,0
2026-05-11 18:34:00+00:00,81998.0234375,82060.2421875,81998.0234375,82060.2421875,0
2026-05-11 18:35:00+00:00,82034.21875,82034.21875,81972.0,82016.0390625,4874240
2026-05-11 18:36:00+00:00,82006.828125,82046.328125,82002.4296875,82046.328125,23105536
2026-05-11 18:37:00+00:00,82000.921875,82005.390625,81988.7734375,82003.53125,0
2026-05-11 18:38:00+00:00,81999.8125,82004.203125,81981.1328125,82000.890625,0
2026-05-11 18:39:00+00:00,81961.5,82006.9375,81961.5,82004.640625,21147648
2026-05-11 18:40:00+00:00,81959.421875,81979.671875,81945.3125,81979.671875,0
2026-05-11 18:41:00+00:00,81948.6875,81958.25,81931.203125,81951.9375,49152
2026-05-11 18:42:00+00:00,81956.59375,81956.59375,81940.0,81955.4296875,0
2026-05-11 18:43:00+00:00,81968.7734375,81974.0703125,81949.609375,81953.0390625,49754112
2026-05-11 18:44:00+00:00,81944.9765625,81977.8125,81935.796875,81969.5625,798720
2026-05-11 18:45:00+00:00,81912.9609375,81940.7109375,81890.171875,81940.7109375,0
2026-05-11 18:46:00+00:00,82005.5234375,82013.0078125,81914.921875,81914.921875,6942720
2026-05-11 18:47:00+00:00,82048.640625,82049.703125,81999.2890625,82009.96875,0
2026-05-11 18:48:00+00:00,82037.5703125,82077.1796875,82029.390625,82077.1796875,0
2026-05-11 18:49:00+00:00,82013.03125,82050.15625,82013.03125,82050.15625,147025920
2026-05-11 18:50:00+00:00,82044.78125,82054.1796875,82011.9921875,82021.09375,3473408
2026-05-11 18:51:00+00:00,82026.4296875,82040.171875,82007.109375,82040.171875,0
2026-05-11 18:52:00+00:00,82014.96875,82025.1328125,82006.9609375,82025.1328125,5693440
2026-05-11 18:53:00+00:00,81957.9921875,82022.09375,81957.9921875,82014.640625,0
2026-05-11 18:54:00+00:00,81895.6015625,81934.0,81865.90625,81934.0,48570368
2026-05-11 18:55:00+00:00,81947.453125,81947.453125,81879.8203125,81895.6015625,724992
2026-05-11 18:56:00+00:00,81979.65625,81979.6796875,81961.5078125,81964.53125,53248
2026-05-11 18:57:00+00:00,81942.25,81979.65625,81927.390625,81967.7734375,0
2026-05-11 18:58:00+00:00,81871.28125,81939.8671875,81871.28125,81939.8671875,0
2026-05-11 18:59:00+00:00,81843.3203125,81881.6015625,81821.3203125,81870.6015625,14086144
2026-05-11 19:00:00+00:00,81861.359375,81872.2890625,81852.40625,81852.40625,37629952
2026-05-11 19:01:00+00:00,81861.15625,81880.0,81837.78125,81837.78125,0
2026-05-11 19:02:00+00:00,81756.0,81852.8671875,81722.1328125,81852.8671875,266240
2026-05-11 19:03:00+00:00,81778.609375,81792.828125,81765.671875,81767.2265625,0
2026-05-11 19:04:00+00:00,81763.0625,81790.859375,81763.0625,81770.15625,0
2026-05-11 19:05:00+00:00,81819.078125,81819.078125,81758.4921875,81773.6328125,4112384
2026-05-11 19:06:00+00:00,81886.03125,81886.03125,81829.4296875,81829.4296875,0
2026-05-11 19:07:00+00:00,81944.0,81944.0,81885.46875,81885.46875,56807424
2026-05-11 19:08:00+00:00,81906.9609375,81962.7265625,81885.4921875,81950.953125,2584576
2026-05-11 19:09:00+00:00,81926.6796875,81926.6796875,81907.84375,81910.1015625,0
2026-05-11 19:10:00+00:00,81910.890625,81937.2578125,81894.9921875,81937.2578125,18690048
2026-05-11 19:11:00+00:00,81931.296875,81933.6484375,81906.6328125,81906.6328125,7385088
2026-05-11 19:12:00+00:00,81919.8203125,81947.8984375,81919.8203125,81925.0078125,0
2026-05-11 19:13:00+00:00,81917.8984375,81937.2578125,81913.3125,81914.0390625,2125824
2026-05-11 19:14:00+00:00,81906.9609375,81912.15625,81885.7734375,81912.15625,0
2026-05-11 19:15:00+00:00,81873.6171875,81916.0390625,81858.96875,81916.0390625,119222272
2026-05-11 19:16:00+00:00,81853.8828125,81882.7109375,81846.328125,81874.203125,720896
2026-05-11 19:17:00+00:00,81809.1171875,81860.65625,81807.921875,81852.390625,733184
2026-05-11 19:18:00+00:00,81870.6015625,81870.6015625,81812.28125,81812.28125,0
2026-05-11 19:19:00+00:00,81859.359375,81894.84375,81849.96875,81885.7421875,0
2026-05-11 19:20:00+00:00,81873.53125,81906.953125,81867.5625,81867.5625,0
2026-05-11 19:21:00+00:00,81849.0078125,81867.5234375,81840.296875,81863.390625,0
2026-05-11 19:22:00+00:00,81833.109375,81845.3515625,81807.34375,81845.3515625,7008256
2026-05-11 19:23:00+00:00,82044.8984375,82056.03125,81843.2109375,81843.921875,0
2026-05-11 19:24:00+00:00,82029.3828125,82044.8984375,82025.1328125,82044.8984375,109195264
2026-05-11 19:25:00+00:00,82015.59375,82026.3828125,82013.0078125,82022.28125,0
2026-05-11 19:26:00+00:00,81955.7421875,82019.640625,81955.7421875,82008.09375,0
2026-05-11 19:27:00+00:00,81883.9375,81943.3203125,81881.7109375,81943.3203125,36167680
2026-05-11 19:28:00+00:00,81865.0390625,81887.2109375,81865.03125,81881.9921875,573440
2026-05-11 19:29:00+00:00,81885.75,81885.75,81849.4765625,81857.8203125,6254592
2026-05-11 19:30:00+00:00,81865.0703125,81891.34375,81861.8203125,81878.84375,0
2026-05-11 19:31:00+00:00,81906.15625,81911.78125,81869.4609375,81869.4609375,128757760
2026-05-11 19:32:00+00:00,81897.1015625,81901.890625,81891.8125,81900.90625,4845568
2026-05-11 19:33:00+00:00,81861.5078125,81897.296875,81861.5078125,81897.1796875,21118976
2026-05-11 19:34:00+00:00,81843.3203125,81864.53125,81843.3203125,81858.4765625,196608
2026-05-11 19:35:00+00:00,81865.34375,81867.5625,81831.2109375,81841.7734375,0
2026-05-11 19:36:00+00:00,81906.0,81906.0,81864.0234375,81864.0234375,15159296
2026-05-11 19:37:00+00:00,81900.8984375,81909.9921875,81900.8984375,81905.9921875,1560576
2026-05-11 19:38:00+00:00,81902.34375,81909.0,81885.078125,81900.9609375,491520
2026-05-11 19:39:00+00:00,81927.9609375,81932.25,81885.75,81902.34375,0
2026-05-11 19:40:00+00:00,81952.40625,81975.0,81931.1796875,81931.1796875,2936832
2026-05-11 19:41:00+00:00,81938.7734375,81954.40625,81926.953125,81954.40625,0
2026-05-11 19:42:00+00:00,82069.3984375,82084.1875,81922.4375,81922.4375,10891264
2026-05-11 19:43:00+00:00,82031.1875,82052.421875,82023.5078125,82052.421875,11579392
2026-05-11 19:44:00+00:00,81985.7421875,82025.1328125,81985.7421875,82025.1328125,8138752
2026-05-11 19:45:00+00:00,81973.046875,81997.9921875,81970.28125,81989.1796875,27488256
2026-05-11 19:46:00+00:00,81983.9765625,81991.7890625,81974.59375,81974.6015625,0
2026-05-11 19:47:00+00:00,82003.921875,82004.90625,81983.03125,81983.03125,17227776
2026-05-11 19:48:00+00:00,81964.6796875,81995.3515625,81946.359375,81995.3515625,0
2026-05-11 19:49:00+00:00,81964.5390625,81999.25,81963.0390625,81973.03125,2699264
2026-05-11 19:50:00+00:00,81958.8984375,81974.6328125,81945.2734375,81965.3515625,3469312
2026-05-11 19:51:00+00:00,81922.1015625,81959.9921875,81914.59375,81959.9921875,0
2026-05-11 19:52:00+00:00,81934.2265625,81934.2265625,81919.09375,81922.1015625,81133568
2026-05-11 19:53:00+00:00,81961.4921875,81961.4921875,81928.0078125,81928.0078125,2793472
2026-05-11 19:54:00+00:00,81926.3203125,81974.9921875,81922.4609375,81961.4765625,9449472
2026-05-11 19:55:00+00:00,81992.8125,81999.21875,81926.296875,81926.296875,0
2026-05-11 19:56:00+00:00,81980.2578125,81989.6484375,81976.25,81989.6484375,0
2026-05-11 19:57:00+00:00,81960.15625,81964.7578125,81952.8671875,81960.0234375,9990144
2026-05-11 19:58:00+00:00,81956.46875,81977.7734375,81928.171875,81977.7734375,0
2026-05-11 19:59:00+00:00,81955.4296875,81958.4609375,81934.2265625,81954.0,0
2026-05-11 20:00:00+00:00,81996.0,82006.9375,81952.46875,81969.28125,23408640
2026-05-11 20:01:00+00:00,81993.9921875,82023.796875,81993.9921875,82023.796875,1536000
2026-05-11 20:02:00+00:00,81912.671875,81993.0625,81912.671875,81991.96875,0
2026-05-11 20:03:00+00:00,81974.5,81991.796875,81931.1875,81931.1875,0
2026-05-11 20:04:00+00:00,82031.1796875,82031.1796875,81974.71875,81974.71875,0
2026-05-11 20:05:00+00:00,82022.1171875,82030.140625,82012.09375,82021.9609375,9732096
2026-05-11 20:06:00+00:00,82053.453125,82068.6328125,82024.75,82031.1875,0
2026-05-11 20:07:00+00:00,82040.2734375,82063.28125,82024.9609375,82053.453125,0
2026-05-11 20:08:00+00:00,82047.703125,82058.3828125,82047.0625,82047.0625,3911680
2026-05-11 20:09:00+00:00,82046.53125,82051.90625,82028.7109375,82047.7109375,52887552
2026-05-11 20:10:00+00:00,82037.6015625,82055.6171875,82034.0,82051.140625,4026368
2026-05-11 20:11:00+00:00,81846.546875,82055.75,81846.546875,82035.78125,8790016
2026-05-11 20:12:00+00:00,81922.59375,81940.390625,81846.109375,81872.0234375,0
2026-05-11 20:13:00+00:00,81907.75,81937.5,81879.75,81937.5,0
2026-05-11 20:14:00+00:00,81900.890625,81908.9296875,81886.046875,81902.0078125,1253376
2026-05-11 20:15:00+00:00,81912.90625,81912.90625,81873.6171875,81903.65625,0
2026-05-11 20:16:00+00:00,81924.0,81948.578125,81901.3671875,81907.25,3928064
2026-05-11 20:17:00+00:00,81904.0234375,81920.03125,81900.8984375,81920.03125,2760704
2026-05-11 20:18:00+00:00,81904.046875,81916.21875,81901.21875,81904.03125,0
2026-05-11 20:19:00+00:00,81950.6015625,81962.75,81903.5078125,81903.5078125,113340416
2026-05-11 20:20:00+00:00,81894.9921875,81966.6171875,81888.953125,81958.6171875,0
2026-05-11 20:21:00+00:00,81855.453125,81887.578125,81853.6328125,81887.578125,0
2026-05-11 20:22:00+00:00,81885.7265625,81885.7265625,81846.640625,81852.6015625,0
2026-05-11 20:23:00+00:00,81888.78125,81888.78125,81867.5703125,81874.6875,0
2026-05-11 20:24:00+00:00,81915.0078125,81925.0,81891.2109375,81891.2109375,0
2026-05-11 20:25:00+00:00,81893.65625,81906.9609375,81885.7578125,81906.9609375,12640256
2026-05-11 20:26:00+00:00,81863.5625,81885.75,81855.609375,81885.75,4096
2026-05-11 20:27:00+00:00,81896.7265625,81898.8203125,81864.5390625,81864.5390625,0
2026-05-11 20:28:00+00:00,81894.46875,81909.3203125,81894.46875,81898.8203125,0
2026-05-11 20:29:00+00:00,81895.65625,81898.9375,81893.2578125,81893.2578125,19890176
2026-05-11 20:30:00+00:00,81882.1875,81916.1484375,81877.09375,81902.7578125,70844416
2026-05-11 20:31:00+00:00,81841.0625,81884.2578125,81840.421875,81882.1796875,0
2026-05-11 20:32:00+00:00,81852.390625,81852.390625,81832.4609375,81841.046875,6017024
2026-05-11 20:33:00+00:00,81870.2109375,81873.6171875,81852.390625,81852.390625,0
2026-05-11 20:34:00+00:00,81900.703125,81906.2265625,81881.421875,81881.421875,0
2026-05-11 20:35:00+00:00,81891.03125,81905.21875,81889.890625,81902.0078125,196608
2026-05-11 20:36:00+00:00,81864.328125,81899.4921875,81852.421875,81890.6328125,0
2026-05-11 20:37:00+00:00,81853.2890625,81872.2578125,81848.8671875,81862.3671875,827392
2026-05-11 20:38:00+00:00,81872.25,81872.25,81850.0625,81854.5234375,1347584
2026-05-11 20:39:00+00:00,81863.25,81873.6171875,81858.296875,81872.3203125,0
2026-05-11 20:40:00+00:00,81829.703125,81863.25,81817.828125,81863.25,0
2026-05-11 20:41:00+00:00,81801.203125,81838.0,81800.90625,81831.203125,0
2026-05-11 20:42:00+00:00,81748.9921875,81807.8828125,81748.9921875,81801.2109375,51892224
2026-05-11 20:43:00+00:00,81797.8828125,81797.8828125,81761.5234375,81761.5234375,0
2026-05-11 20:44:00+00:00,81813.0234375,81813.6171875,81796.609375,81796.609375,0
2026-05-11 20:45:00+00:00,81813.03125,81813.03125,81789.1171875,81813.0234375,0
2026-05-11 20:46:00+00:00,81820.7578125,81831.2109375,81816.78125,81816.78125,2449408
2026-05-11 20:47:00+00:00,81834.3125,81834.3125,81803.8125,81814.2421875,0
2026-05-11 20:48:00+00:00,81903.3984375,81903.3984375,81845.1328125,81846.3515625,0
2026-05-11 20:49:00+00:00,81893.6875,81916.7265625,81879.6875,81905.828125,0
2026-05-11 20:50:00+00:00,81847.21875,81893.2421875,81847.21875,81882.0078125,0
2026-05-11 20:51:00+00:00,81860.0078125,81869.3515625,81841.84375,81841.84375,0
2026-05-11 20:52:00+00:00,81850.390625,81868.7890625,81850.390625,81860.0078125,0
2026-05-11 20:53:00+00:00,81849.9921875,81860.0234375,81849.0078125,81849.0234375,0
2026-05-11 20:54:00+00:00,81830.15625,81860.0078125,81830.1484375,81860.0078125,0
2026-05-11 20:55:00+00:00,81827.921875,81844.1015625,81827.3828125,81831.9921875,0
2026-05-11 20:56:00+00:00,81825.15625,81827.859375,81825.15625,81827.2890625,0
2026-05-11 20:57:00+00:00,81810.0,81816.4609375,81802.671875,81803.7109375,0
2026-05-11 20:58:00+00:00,81791.828125,81817.578125,81791.828125,81811.21875,0
2026-05-11 20:59:00+00:00,81812.203125,81812.21875,81798.5,81799.9765625,0
2026-05-11 21:00:00+00:00,81825.8515625,81826.953125,81809.421875,81812.203125,0
2026-05-11 21:01:00+00:00,81828.84375,81828.84375,81825.8515625,81825.8515625,0
2026-05-11 21:02:00+00:00,81835.078125,81846.3515625,81828.84375,81828.84375,0
2026-05-11 21:03:00+00:00,81837.703125,81837.7109375,81835.078125,81835.078125,0
2026-05-11 21:04:00+00:00,81830.0078125,81876.640625,81830.0078125,81836.4765625,0
2026-05-11 21:05:00+00:00,81819.09375,81831.25,81819.09375,81831.2421875,0
2026-05-11 21:06:00+00:00,81782.890625,81820.0234375,81782.890625,81819.09375,0
2026-05-11 21:07:00+00:00,81785.7578125,81794.859375,81780.4765625,81780.4921875,0
2026-05-11 21:08:00+00:00,81749.3984375,81783.9921875,81749.3984375,81783.9921875,0
2026-05-11 21:09:00+00:00,81742.046875,81773.6328125,81742.046875,81758.4765625,0
2026-05-11 21:10:00+00:00,81708.8671875,81734.2421875,81708.8671875,81718.7578125,0
2026-05-11 21:11:00+00:00,81731.2109375,81731.2109375,81692.6484375,81703.9609375,0
2026-05-11 21:12:00+00:00,81715.046875,81731.2109375,81709.609375,81731.2109375,0
2026-05-11 21:13:00+00:00,81708.953125,81708.953125,81667.1015625,81688.796875,0
2026-05-11 21:14:00+00:00,81719.1015625,81719.1015625,81708.9375,81708.9375,0
2026-05-11 21:15:00+00:00,81725.15625,81725.15625,81700.921875,81712.2109375,0
2026-05-11 21:16:00+00:00,81737.2734375,81737.28125,81714.1484375,81725.1484375,0
2026-05-11 21:17:00+00:00,81728.1796875,81737.28125,81720.4921875,81737.2734375,0
2026-05-11 21:18:00+00:00,81678.0703125,81728.1875,81678.0703125,81728.1875,0
2026-05-11 21:19:00+00:00,81679.7109375,81679.7109375,81661.5390625,81678.078125,1089536
2026-05-11 21:20:00+00:00,81679.9609375,81685.7734375,81677.09375,81679.7109375,0
2026-05-11 21:21:00+00:00,81710.0,81710.0,81688.7890625,81688.7890625,0
2026-05-11 21:22:00+00:00,81679.953125,81712.5,81679.953125,81710.0,0
2026-05-11 21:23:00+00:00,81655.46875,81685.7578125,81655.46875,81676.6796875,0
2026-05-11 21:24:00+00:00,81658.671875,81658.671875,81634.8203125,81655.8828125,0
2026-05-11 21:25:00+00:00,81670.4296875,81670.4375,81667.578125,81667.578125,0
2026-05-11 21:26:00+00:00,81656.828125,81678.453125,81656.828125,81678.453125,0
2026-05-11 21:27:00+00:00,81622.1484375,81656.828125,81622.140625,81656.828125,798720
2026-05-11 21:28:00+00:00,81628.203125,81628.2109375,81622.140625,81622.140625,0
2026-05-11 21:29:00+00:00,81622.1484375,81626.796875,81622.1484375,81626.796875,0
2026-05-11 21:30:00+00:00,81607.9375,81610.9921875,81606.59375,81610.0234375,0
2026-05-11 21:31:00+00:00,81605.9921875,81608.203125,81594.8671875,81597.8984375,0
2026-05-11 21:32:00+00:00,81605.2578125,81606.0,81603.609375,81605.9921875,0
2026-05-11 21:33:00+00:00,81582.3203125,81605.2578125,81582.3203125,81605.2578125,0
2026-05-11 21:34:00+00:00,81584.71875,81584.7265625,81580.0,81580.0,0
2026-05-11 21:35:00+00:00,81668.3828125,81674.4921875,81625.15625,81625.171875,2461696
2026-05-11 21:36:00+00:00,81664.5625,81664.5625,81659.6875,81660.90625,0
2026-05-11 21:37:00+00:00,81691.8203125,81691.8203125,81664.546875,81664.5625,0
2026-05-11 21:38:00+00:00,81673.71875,81673.71875,81671.75,81671.75,0
2026-05-11 21:39:00+00:00,81705.8984375,81705.8984375,81658.5,81672.34375,0
2026-05-11 21:40:00+00:00,81694.8828125,81705.9609375,81683.7109375,81683.7109375,0
2026-05-11 21:41:00+00:00,81732.84375,81736.0625,81694.8671875,81694.8671875,0
2026-05-11 21:42:00+00:00,81731.1171875,81752.3515625,81731.1171875,81740.7109375,0
2026-05-11 21:43:00+00:00,81735.0078125,81743.328125,81717.5390625,81723.140625,51335168
2026-05-11 21:44:00+00:00,81717.2734375,81726.7421875,81701.0078125,81726.7421875,532480
2026-05-11 21:45:00+00:00,81694.8515625,81709.7578125,81690.9921875,81709.7578125,0
2026-05-11 21:46:00+00:00,81667.7734375,81691.828125,81667.7734375,81691.828125,9875456
2026-05-11 21:47:00+00:00,81652.7578125,81667.59375,81645.40625,81667.59375,0
2026-05-11 21:48:00+00:00,81688.0625,81708.921875,81646.9609375,81652.7578125,0
2026-05-11 21:49:00+00:00,81723.71875,81728.1875,81688.0625,81688.0625,51961856
2026-05-11 21:50:00+00:00,81754.3125,81754.3125,81726.75,81726.75,3293184
2026-05-11 21:51:00+00:00,81764.546875,81816.046875,81758.4765625,81758.4765625,0
2026-05-11 21:52:00+00:00,81770.34375,81787.109375,81761.6875,81761.6875,25579520
2026-05-11 21:53:00+00:00,81792.828125,81792.828125,81770.34375,81770.34375,0
2026-05-11 21:54:00+00:00,81812.2421875,81812.2421875,81792.828125,81792.828125,0
2026-05-11 21:55:00+00:00,81865.8125,81869.15625,81826.453125,81834.09375,0
2026-05-11 21:56:00+00:00,81828.1875,81898.046875,81828.1875,81898.046875,0
2026-05-11 21:57:00+00:00,81826.6328125,81826.953125,81825.4609375,81826.953125,15114240
2026-05-11 21:58:00+00:00,81806.96875,81848.2421875,81806.96875,81822.1171875,0
2026-05-11 21:59:00+00:00,81812.4609375,81812.4609375,81791.8203125,81806.96875,0
2026-05-11 22:00:00+00:00,81806.0078125,81831.203125,81791.828125,81831.203125,0
2026-05-11 22:01:00+00:00,81910.3828125,81910.3828125,81811.5078125,81811.5078125,0
2026-05-11 22:02:00+00:00,81903.921875,81921.65625,81888.7890625,81921.65625,3403776
2026-05-11 22:03:00+00:00,81955.4296875,81955.4296875,81900.8984375,81906.953125,0
2026-05-11 22:04:00+00:00,81927.8984375,81949.71875,81913.03125,81949.71875,0
2026-05-11 22:05:00+00:00,81908.4296875,81936.4765625,81906.796875,81931.203125,0
2026-05-11 22:06:00+00:00,81922.34375,81940.03125,81908.4375,81908.4375,0
2026-05-11 22:07:00+00:00,81901.3125,81925.1328125,81901.3125,81919.078125,2916352
2026-05-11 22:08:00+00:00,81879.6875,81901.3203125,81879.6875,81901.3125,0
2026-05-11 22:09:00+00:00,81846.3515625,81867.5703125,81838.5,81867.5703125,0
2026-05-11 22:10:00+00:00,81807.296875,81855.4375,81807.296875,81846.3515625,0
2026-05-11 22:11:00+00:00,81816.5390625,81822.109375,81800.0,81803.046875,0
2026-05-11 22:12:00+00:00,81803.953125,81818.953125,81803.9375,81817.3984375,0
2026-05-11 22:13:00+00:00,81817.078125,81817.078125,81791.8203125,81791.8203125,9502720
2026-05-11 22:14:00+00:00,81824.9609375,81831.203125,81817.0703125,81817.0703125,0
2026-05-11 22:15:00+00:00,81849.3828125,81849.390625,81819.09375,81819.09375,0
2026-05-11 22:16:00+00:00,81832.2109375,81850.609375,81806.9921875,81850.609375,0
2026-05-11 22:17:00+00:00,81846.3515625,81846.3515625,81816.0625,81824.71875,0
2026-05-11 22:18:00+00:00,81874.0078125,81874.0078125,81831.21875,81846.359375,57094144
2026-05-11 22:19:00+00:00,81886.2421875,81886.2421875,81874.0078125,81874.0078125,0
2026-05-11 22:20:00+00:00,81900.890625,81909.9765625,81888.78125,81888.78125,0
2026-05-11 22:21:00+00:00,81864.5390625,81902.1171875,81864.5390625,81900.8984375,0
2026-05-11 22:22:00+00:00,81831.2109375,81864.5390625,81831.2109375,81864.5390625,0
2026-05-11 22:23:00+00:00,81800.90625,81831.21875,81789.171875,81831.21875,0
2026-05-11 22:24:00+00:00,81844.4296875,81844.4375,81810.0,81810.0,0
2026-05-11 22:25:00+00:00,81822.28125,81826.53125,81814.609375,81826.53125,0
2026-05-11 22:26:00+00:00,81740.0,81822.2890625,81740.0,81822.2890625,0
2026-05-11 22:27:00+00:00,81740.3125,81748.140625,81728.359375,81733.6015625,0
2026-05-11 22:28:00+00:00,81725.1484375,81758.4765625,81718.03125,81746.1171875,163840
2026-05-11 22:29:00+00:00,81718.0703125,81737.28125,81718.0390625,81725.1484375,0
2026-05-11 22:30:00+00:00,81745.2890625,81754.7265625,81715.5390625,81725.109375,0
2026-05-11 22:31:00+00:00,81751.8984375,81751.921875,81740.3125,81745.28125,0
2026-05-11 22:32:00+00:00,81756.8125,81766.6796875,81744.1484375,81744.1484375,0
2026-05-11 22:33:00+00:00,81728.203125,81756.8125,81728.1875,81756.8125,0
2026-05-11 22:34:00+00:00,81734.3125,81740.3125,81728.203125,81740.296875,0
2026-05-11 22:35:00+00:00,81733.4765625,81740.3125,81720.0,81720.0,0
2026-05-11 22:36:00+00:00,81749.9921875,81749.9921875,81733.4765625,81733.4765625,0
2026-05-11 22:37:00+00:00,81757.921875,81769.7109375,81744.8203125,81744.8203125,0
2026-05-11 22:38:00+00:00,81765.96875,81765.96875,81745.5234375,81746.7421875,0
2026-05-11 22:39:00+00:00,81755.7734375,81765.96875,81755.7734375,81765.9609375,0
2026-05-11 22:40:00+00:00,81753.1796875,81764.546875,81750.84375,81755.7734375,0
2026-05-11 22:41:00+00:00,81773.6328125,81780.0,81764.546875,81773.640625,0
2026-05-11 22:42:00+00:00,81758.21875,81768.5703125,81751.359375,81768.5703125,0
2026-05-11 22:43:00+00:00,81758.0,81758.0,81740.3125,81756.0078125,0
2026-05-11 22:44:00+00:00,81764.21875,81764.609375,81758.0,81758.0,0
2026-05-11 22:45:00+00:00,81758.0,81776.0078125,81756.640625,81772.0,0
2026-05-11 22:46:00+00:00,81788.78125,81788.78125,81744.4609375,81752.3984375,0
2026-05-11 22:47:00+00:00,81800.703125,81800.703125,81788.78125,81788.78125,0
2026-05-11 22:48:00+00:00,81828.1796875,81849.9921875,81816.0625,81816.0625,0
2026-05-11 22:49:00+00:00,81823.75,81831.21875,81810.0078125,81828.1796875,0
2026-05-11 22:50:00+00:00,81837.2578125,81837.2578125,81823.75,81823.75,106496
2026-05-11 22:51:00+00:00,81846.3515625,81846.3515625,81830.4375,81837.2578125,0
2026-05-11 22:52:00+00:00,81900.0,81900.0,81843.328125,81852.40625,0
2026-05-11 22:53:00+00:00,81859.28125,81906.9609375,81859.28125,81906.9609375,0
2026-05-11 22:54:00+00:00,81840.296875,81859.2734375,81831.25,81859.2734375,0
2026-05-11 22:55:00+00:00,81810.0234375,81840.2578125,81810.0234375,81840.2578125,0
2026-05-11 22:56:00+00:00,81819.078125,81831.2109375,81819.078125,81822.1328125,0
2026-05-11 22:57:00+00:00,81836.84375,81836.84375,81823.21875,81825.140625,0
2026-05-11 22:58:00+00:00,81813.0390625,81852.7734375,81813.03125,81848.8515625,0
2026-05-11 22:59:00+00:00,81813.03125,81834.21875,81813.03125,81818.46875,0
2026-05-11 23:00:00+00:00,81791.609375,81791.828125,81788.7890625,81791.828125,0
2026-05-11 23:01:00+00:00,81758.2109375,81791.6171875,81752.4296875,81791.6171875,0
2026-05-11 23:02:00+00:00,81744.296875,81749.578125,81725.171875,81749.578125,0
2026-05-11 23:03:00+00:00,81737.2734375,81737.2734375,81710.0234375,81725.1796875,0
2026-05-11 23:04:00+00:00,81758.703125,81758.7421875,81733.71875,81736.1171875,0
2026-05-11 23:05:00+00:00,81749.40625,81768.2109375,81749.40625,81758.703125,0
2026-05-11 23:06:00+00:00,81713.0390625,81749.421875,81713.0390625,81749.40625,0
2026-05-11 23:07:00+00:00,81725.15625,81725.15625,81710.0078125,81713.0390625,0
2026-05-11 23:08:00+00:00,81711.5,81739.3515625,81711.5,81732.6875,0
2026-05-11 23:09:00+00:00,81687.0625,81711.4765625,81687.0625,81711.4765625,0
2026-05-11 23:10:00+00:00,81694.703125,81696.0625,81679.71875,81684.03125,0
2026-05-11 23:11:00+00:00,81675.8515625,81697.890625,81675.8515625,81697.8828125,630784
2026-05-11 23:12:00+00:00,81675.8515625,81682.7421875,81675.8515625,81675.8515625,0
2026-05-11 23:13:00+00:00,81703.9375,81703.953125,81675.8515625,81675.8515625,40843264
2026-05-11 23:14:00+00:00,81710.0,81710.0,81702.2734375,81703.9375,0
2026-05-11 23:15:00+00:00,81698.203125,81716.0625,81698.203125,81710.0078125,0
2026-05-11 23:16:00+00:00,81698.1796875,81698.1796875,81696.71875,81697.890625,0
2026-05-11 23:17:00+00:00,81673.6484375,81698.1796875,81670.953125,81698.1796875,0
2026-05-11 23:18:00+00:00,81670.6171875,81675.90625,81670.6171875,81675.90625,0
2026-05-11 23:19:00+00:00,81652.3671875,81666.8671875,81646.3828125,81664.5703125,0
2026-05-11 23:20:00+00:00,81652.3515625,81654.7265625,81642.8515625,81652.3671875,0
2026-05-11 23:21:00+00:00,81661.359375,81661.359375,81649.203125,81652.3515625,0
2026-05-11 23:22:00+00:00,81622.1484375,81673.6328125,81622.1484375,81668.90625,0
2026-05-11 23:23:00+00:00,81640.0078125,81642.40625,81622.1484375,81622.1484375,0
2026-05-11 23:24:00+00:00,81656.40625,81656.40625,81640.0078125,81640.0078125,0
2026-05-11 23:25:00+00:00,81630.6796875,81656.3828125,81626.59375,81656.3828125,0
2026-05-11 23:26:00+00:00,81639.4296875,81641.84375,81629.9609375,81630.6015625,0
2026-05-11 23:27:00+00:00,81631.2578125,81639.4296875,81631.25,81639.421875,0
2026-05-11 23:28:00+00:00,81622.46875,81622.90625,81621.671875,81622.1484375,0
2026-05-11 23:29:00+00:00,81608.0703125,81631.2265625,81608.0703125,81622.46875,0
2026-05-11 23:30:00+00:00,81656.828125,81656.828125,81606.46875,81610.0078125,0
2026-05-11 23:31:00+00:00,81675.90625,81675.90625,81652.046875,81656.8203125,0
2026-05-11 23:32:00+00:00,81694.8515625,81694.859375,81664.5703125,81667.6015625,0
2026-05-11 23:33:00+00:00,81700.0,81700.0,81691.0390625,81691.0390625,0
2026-05-11 23:34:00+00:00,81708.203125,81708.203125,81691.828125,81700.0,0
2026-05-11 23:35:00+00:00,81737.0234375,81740.28125,81720.0,81721.03125,0
2026-05-11 23:36:00+00:00,81726.53125,81739.703125,81726.53125,81738.0703125,0
2026-05-11 23:37:00+00:00,81710.0078125,81725.7578125,81698.0625,81725.7578125,1282048
2026-05-11 23:38:00+00:00,81716.03125,81719.09375,81710.0078125,81710.0078125,0
2026-05-11 23:39:00+00:00,81746.0,81746.9609375,81716.03125,81716.0390625,0
2026-05-11 23:40:00+00:00,81722.0,81726.8203125,81722.0,81726.8203125,0
2026-05-11 23:41:00+00:00,81803.25,81806.9609375,81720.5625,81723.1796875,0
2026-05-11 23:42:00+00:00,81785.5625,81803.2578125,81782.7265625,81803.25,58218496
2026-05-11 23:43:00+00:00,81779.9765625,81780.1015625,81773.640625,81777.0078125,0
2026-05-11 23:44:00+00:00,81762.0234375,81782.7890625,81762.0234375,81781.2265625,0
2026-05-11 23:45:00+00:00,81770.6015625,81770.6015625,81750.9921875,81764.0,0
2026-05-11 23:46:00+00:00,81734.2890625,81767.59375,81734.2890625,81758.4921875,0
2026-05-11 23:47:00+00:00,81719.8125,81734.3125,81719.1015625,81734.3125,0
2026-05-11 23:48:00+00:00,81743.3125,81743.3125,81716.0703125,81716.0703125,526602240
2026-05-11 23:49:00+00:00,81739.7109375,81746.328125,81734.25,81734.2578125,0
2026-05-11 23:50:00+00:00,81720.1015625,81742.9921875,81720.1015625,81742.9921875,0
2026-05-11 23:51:00+00:00,81730.9921875,81730.9921875,81719.9765625,81719.9765625,0
2026-05-11 23:52:00+00:00,81752.6328125,81752.6328125,81732.0390625,81734.2421875,0
2026-05-11 23:53:00+00:00,81719.1015625,81761.5078125,81719.1015625,81761.5078125,0
2026-05-11 23:54:00+00:00,81743.2734375,81743.2734375,81716.0703125,81716.0703125,0
2026-05-11 23:55:00+00:00,81746.359375,81746.359375,81736.0,81743.2734375,0
2026-05-11 23:56:00+00:00,81749.390625,81749.390625,81729.96875,81740.7421875,0
2026-05-11 23:57:00+00:00,81727.046875,81752.4296875,81727.0390625,81752.4296875,58195968
2026-05-11 23:58:00+00:00,81728.2734375,81736.8203125,81727.0390625,81727.0390625,0
2026-05-12 00:00:00+00:00,81658.5,81716.890625,81658.5,81715.28125,0
2026-05-12 00:01:00+00:00,81676.5,81680.59375,81625.59375,81655.46875,0
2026-05-12 00:02:00+00:00,81737.2890625,81745.09375,81688.5078125,81698.0,0
2026-05-12 00:03:00+00:00,81738.0234375,81770.6171875,81738.0234375,81750.96875,0
2026-05-12 00:04:00+00:00,81711.890625,81738.671875,81710.0234375,81738.671875,0
2026-05-12 00:05:00+00:00,81689.6015625,81711.109375,81689.59375,81706.9765625,0
2026-05-12 00:06:00+00:00,81649.578125,81689.59375,81649.578125,81689.59375,0
2026-05-12 00:07:00+00:00,81631.2265625,81658.390625,81631.2265625,81649.578125,4431872
2026-05-12 00:08:00+00:00,81682.1796875,81682.1796875,81646.3828125,81649.3984375,0
2026-05-12 00:09:00+00:00,81667.40625,81672.5078125,81657.8671875,81672.5078125,0
2026-05-12 00:10:00+00:00,81653.4609375,81667.7265625,81641.2578125,81667.7265625,0
2026-05-12 00:11:00+00:00,81653.0703125,81670.046875,81642.0234375,81646.7421875,0
2026-05-12 00:12:00+00:00,81599.9765625,81664.546875,81598.5078125,81653.0703125,0
2026-05-12 00:13:00+00:00,81623.8828125,81623.8828125,81598.75,81598.75,0
2026-05-12 00:14:00+00:00,81595.5078125,81623.8828125,81595.5,81623.8828125,0
2026-05-12 00:15:00+00:00,81612.0078125,81612.0078125,81585.78125,81585.78125,0
2026-05-12 00:16:00+00:00,81608.3984375,81619.0625,81602.03125,81619.0625,0
2026-05-12 00:17:00+00:00,81646.3671875,81649.3984375,81610.0078125,81610.0078125,0
2026-05-12 00:18:00+00:00,81624.6015625,81652.4296875,81624.6015625,81652.4296875,0
2026-05-12 00:19:00+00:00,81584.8671875,81597.8984375,81567.2890625,81597.8984375,0
2026-05-12 00:20:00+00:00,81591.8515625,81622.3828125,81583.5390625,81583.5390625,0
2026-05-12 00:21:00+00:00,81555.0078125,81589.171875,81555.0078125,81589.171875,0
2026-05-12 00:22:00+00:00,81551.0,81564.5625,81551.0,81555.0,0
2026-05-12 00:23:00+00:00,81528.7421875,81551.0,81516.796875,81551.0,0
2026-05-12 00:24:00+00:00,81509.9765625,81531.2734375,81498.6328125,81528.7421875,0
2026-05-12 00:25:00+00:00,81516.09375,81523.0234375,81499.703125,81505.828125,18749440
2026-05-12 00:26:00+00:00,81531.2265625,81531.2265625,81512.328125,81514.0,0
2026-05-12 00:27:00+00:00,81514.0,81548.5625,81514.0,81540.0,0
2026-05-12 00:28:00+00:00,81520.7734375,81556.4296875,81511.0078125,81514.0078125,0
2026-05-12 00:29:00+00:00,81543.9765625,81546.3828125,81531.2265625,81531.2421875,0
2026-05-12 00:30:00+00:00,81559.1875,81603.9921875,81543.9765625,81543.9921875,0
2026-05-12 00:31:00+00:00,81592.2890625,81592.2890625,81559.1796875,81565.90625,0
2026-05-12 00:32:00+00:00,81619.109375,81634.25,81602.203125,81602.203125,0
2026-05-12 00:33:00+00:00,81565.96875,81603.96875,81565.796875,81603.96875,0
2026-05-12 00:34:00+00:00,81561.5390625,81590.4765625,81561.5390625,81565.2890625,743424
2026-05-12 00:35:00+00:00,81522.1484375,81570.6171875,81522.1484375,81559.1796875,614400
2026-05-12 00:36:00+00:00,81519.1171875,81528.203125,81510.609375,81528.203125,89622528
2026-05-12 00:37:00+00:00,81516.09375,81525.8125,81516.09375,81519.1171875,0
2026-05-12 00:38:00+00:00,81566.1328125,81567.578125,81540.7265625,81549.40625,0
2026-05-12 00:39:00+00:00,81537.296875,81555.4765625,81537.296875,81555.4765625,0
2026-05-12 00:40:00+00:00,81537.3203125,81549.71875,81537.296875,81537.296875,0
2026-05-12 00:41:00+00:00,81519.1328125,81534.2734375,81519.1328125,81534.2734375,8376320
2026-05-12 00:42:00+00:00,81525.0078125,81525.0078125,81509.8828125,81513.078125,0
2026-05-12 00:43:00+00:00,81493.9921875,81520.0078125,81493.9921875,81520.0078125,0
2026-05-12 00:44:00+00:00,81474.5,81494.0,81462.390625,81494.0,0
2026-05-12 00:45:00+00:00,81540.34375,81549.578125,81472.6328125,81472.640625,0
2026-05-12 00:46:00+00:00,81527.1171875,81539.1328125,81525.1875,81539.109375,0
2026-05-12 00:47:00+00:00,81534.2734375,81534.2734375,81513.0625,81519.1171875,0
2026-05-12 00:48:00+00:00,81542.078125,81543.703125,81537.3515625,81537.3515625,0
2026-05-12 00:49:00+00:00,81542.8984375,81547.78125,81541.953125,81542.0703125,0
2026-05-12 00:50:00+00:00,81570.6328125,81570.6328125,81549.046875,81549.40625,9879552
2026-05-12 00:51:00+00:00,81563.78125,81571.578125,81550.65625,81570.6328125,39200768
2026-05-12 00:52:00+00:00,81545.0703125,81572.921875,81540.328125,81563.7734375,0
2026-05-12 00:53:00+00:00,81557.9765625,81558.5078125,81545.0625,81545.0625,0
2026-05-12 00:54:00+00:00,81537.296875,81566.296875,81537.296875,81558.3203125,0
2026-05-12 00:55:00+00:00,81564.5625,81564.5625,81537.3125,81537.3125,0
2026-05-12 00:56:00+00:00,81552.4375,81552.453125,81534.3984375,81545.078125,0
2026-05-12 00:57:00+00:00,81534.2734375,81551.34375,81534.2734375,81551.34375,0
2026-05-12 00:58:00+00:00,81526.1796875,81531.9921875,81524.9609375,81531.9921875,0
2026-05-12 00:59:00+00:00,81528.203125,81528.203125,81519.1171875,81526.1796875,0
2026-05-12 01:00:00+00:00,81573.8515625,81573.8515625,81528.171875,81528.171875,0
2026-05-12 01:01:00+00:00,81600.9375,81603.953125,81584.03125,81584.046875,0
2026-05-12 01:02:00+00:00,81599.9765625,81601.25,81576.6875,81598.7734375,0
2026-05-12 01:03:00+00:00,81565.1171875,81592.2109375,81561.546875,81592.2109375,0
2026-05-12 01:04:00+00:00,81447.7890625,81570.6171875,81436.8671875,81570.6171875,0
2026-05-12 01:05:00+00:00,81484.859375,81506.9921875,81467.6015625,81467.6015625,0
2026-05-12 01:06:00+00:00,81440.3515625,81475.0078125,81425.9921875,81475.0078125,0
2026-05-12 01:07:00+00:00,81414.390625,81440.34375,81414.390625,81440.34375,737280
2026-05-12 01:08:00+00:00,81389.71875,81400.953125,81382.78125,81391.859375,0
2026-05-12 01:09:00+00:00,81421.90625,81422.0,81384.1484375,81389.71875,0
2026-05-12 01:10:00+00:00,81394.0,81421.921875,81389.8828125,81421.90625,0
2026-05-12 01:11:00+00:00,81391.859375,81410.0390625,81382.7734375,81393.9609375,0
2026-05-12 01:12:00+00:00,81400.953125,81400.953125,81382.78125,81391.8671875,0
2026-05-12 01:13:00+00:00,81386.03125,81394.890625,81367.6328125,81382.78125,0
2026-05-12 01:14:00+00:00,81375.859375,81394.0,81375.859375,81384.0078125,0
2026-05-12 01:15:00+00:00,81375.4296875,81375.8671875,81353.9921875,81375.8671875,0
2026-05-12 01:16:00+00:00,81309.1328125,81375.4375,81270.65625,81375.4375,0
2026-05-12 01:17:00+00:00,81369.9921875,81369.9921875,81310.1796875,81310.1796875,483328
2026-05-12 01:18:00+00:00,81344.8203125,81369.9921875,81338.546875,81369.9921875,80754688
2026-05-12 01:19:00+00:00,81354.8828125,81370.0,81330.1015625,81330.1015625,0
2026-05-12 01:20:00+00:00,81338.640625,81361.703125,81331.9765625,81355.9921875,0
2026-05-12 01:21:00+00:00,81274.1328125,81328.2421875,81265.7265625,81328.2421875,0
2026-05-12 01:22:00+00:00,81270.6484375,81286.4921875,81252.4765625,81286.4921875,0
2026-05-12 01:23:00+00:00,81297.171875,81297.171875,81252.859375,81267.7890625,0
2026-05-12 01:24:00+00:00,81388.21875,81388.21875,81281.890625,81281.8984375,0
2026-05-12 01:25:00+00:00,81416.1015625,81446.390625,81385.8671875,81385.8671875,0
2026-05-12 01:26:00+00:00,81355.703125,81413.578125,81355.703125,81413.578125,81506304
2026-05-12 01:27:00+00:00,81344.6875,81390.1796875,81337.3203125,81355.5078125,0
2026-05-12 01:28:00+00:00,81325.0078125,81346.40625,81325.0078125,81341.3671875,0
2026-05-12 01:29:00+00:00,81352.6484375,81370.0,81324.796875,81324.796875,0
2026-05-12 01:30:00+00:00,81307.03125,81316.1015625,81299.953125,81300.6015625,0
2026-05-12 01:31:00+00:00,81314.046875,81319.2109375,81301.9765625,81303.7421875,0
2026-05-12 01:32:00+00:00,81293.9765625,81320.28125,81293.9765625,81300.2421875,50788352
2026-05-12 01:33:00+00:00,81240.65625,81273.6875,81240.359375,81273.6875,0
2026-05-12 01:34:00+00:00,81131.4765625,81213.0703125,81100.0078125,81213.0703125,0
2026-05-12 01:35:00+00:00,81030.0,81160.2734375,81019.15625,81152.4765625,0
2026-05-12 01:36:00+00:00,80967.1796875,81019.1796875,80931.3125,81019.1796875,0
2026-05-12 01:37:00+00:00,80922.2109375,80973.4609375,80894.1796875,80961.6484375,24977408
2026-05-12 01:38:00+00:00,80865.0,80937.359375,80850.0078125,80937.359375,0
2026-05-12 01:39:00+00:00,80846.4609375,80867.65625,80804.46875,80840.359375,0
2026-05-12 01:40:00+00:00,80786.2734375,80840.40625,80786.2734375,80840.40625,0
2026-05-12 01:41:00+00:00,80763.6328125,80779.2578125,80697.9921875,80779.2578125,12941312
2026-05-12 01:42:00+00:00,80883.9921875,80883.9921875,80729.921875,80729.921875,0
2026-05-12 01:43:00+00:00,80920.53125,80920.53125,80826.5078125,80861.6171875,202526720
2026-05-12 01:44:00+00:00,81042.0,81042.0,80934.03125,80936.5078125,21903360
2026-05-12 01:45:00+00:00,81043.40625,81043.40625,80997.96875,81027.1484375,0
2026-05-12 01:46:00+00:00,81050.0078125,81050.0078125,81007.859375,81047.609375,209842176
2026-05-12 01:47:00+00:00,81082.140625,81091.8828125,81063.03125,81064.9765625,2560000
2026-05-12 01:48:00+00:00,81120.21875,81121.6328125,81092.1015625,81104.4296875,189958144
2026-05-12 01:49:00+00:00,81137.34375,81137.34375,81105.8125,81118.7265625,3121152
2026-05-12 01:50:00+00:00,81173.890625,81186.8828125,81136.078125,81136.078125,1957888
2026-05-12 01:51:00+00:00,81266.828125,81294.0,81176.71875,81176.71875,0
2026-05-12 01:52:00+00:00,81249.7421875,81276.71875,81237.53125,81266.578125,146120704
2026-05-12 01:53:00+00:00,81199.1484375,81222.1796875,81188.8515625,81222.1796875,65435648
2026-05-12 01:54:00+00:00,81182.7890625,81222.171875,81182.7890625,81196.296875,0
2026-05-12 01:55:00+00:00,81173.2109375,81181.34375,81164.609375,81181.34375,2719744
2026-05-12 01:56:00+00:00,81213.078125,81213.078125,81173.2578125,81173.2578125,0
2026-05-12 01:57:00+00:00,81173.6875,81219.1484375,81167.6484375,81213.078125,73912320
2026-05-12 01:58:00+00:00,81174.0078125,81188.3984375,81167.4609375,81167.4609375,0
2026-05-12 01:59:00+00:00,81176.7265625,81185.15625,81152.65625,81174.0234375,3047424
2026-05-12 02:00:00+00:00,81216.109375,81216.109375,81140.3671875,81167.109375,26099712
2026-05-12 02:01:00+00:00,81219.7734375,81225.2109375,81207.03125,81222.140625,0
2026-05-12 02:02:00+00:00,81255.9765625,81255.9765625,81226.3515625,81234.296875,0
2026-05-12 02:03:00+00:00,81216.109375,81259.7734375,81210.0625,81259.7734375,0
2026-05-12 02:04:00+00:00,81262.5703125,81262.7890625,81215.9921875,81217.0703125,0
2026-05-12 02:05:00+00:00,81266.4609375,81291.3203125,81260.6015625,81262.84375,14800896
2026-05-12 02:06:00+00:00,81274.53125,81276.7109375,81237.4765625,81276.7109375,0
2026-05-12 02:07:00+00:00,81287.03125,81297.59375,81260.0078125,81270.0625,11220992
2026-05-12 02:08:00+00:00,81291.8671875,81300.953125,81285.5625,81287.03125,8568832
2026-05-12 02:09:00+00:00,81258.5390625,81288.84375,81243.390625,81288.84375,0
2026-05-12 02:10:00+00:00,81300.0390625,81300.40625,81267.5390625,81267.5390625,0
2026-05-12 02:11:00+00:00,81282.78125,81300.0390625,81282.78125,81300.0390625,0
2026-05-12 02:12:00+00:00,81310.9609375,81315.9375,81285.8125,81285.9609375,0
2026-05-12 02:13:00+00:00,81297.9296875,81318.0,81297.9296875,81310.9609375,9701376
2026-05-12 02:14:00+00:00,81294.8984375,81316.1015625,81294.8984375,81303.0,0
2026-05-12 02:15:00+00:00,81239.9921875,81298.796875,81239.9921875,81298.796875,65912832
2026-05-12 02:16:00+00:00,81210.0625,81237.5,81210.0625,81237.5,2398208
2026-05-12 02:17:00+00:00,81225.7578125,81231.6796875,81188.8515625,81210.0703125,0
2026-05-12 02:18:00+00:00,81185.609375,81228.4921875,81185.609375,81228.4921875,0
2026-05-12 02:19:00+00:00,81131.59375,81186.9921875,81131.59375,81182.8125,0
2026-05-12 02:20:00+00:00,81085.65625,81110.921875,81075.1875,81106.4296875,0
2026-05-12 02:21:00+00:00,81169.1796875,81169.1796875,81107.0703125,81107.0703125,0
2026-05-12 02:22:00+00:00,81176.7265625,81199.2421875,81173.359375,81175.4921875,0
2026-05-12 02:23:00+00:00,81199.2265625,81199.2265625,81168.0078125,81168.0078125,0
2026-05-12 02:24:00+00:00,81190.1484375,81216.0,81190.1015625,81208.71875,0
2026-05-12 02:25:00+00:00,81219.96875,81234.2890625,81180.2734375,81185.7265625,0
2026-05-12 02:26:00+00:00,81212.46875,81216.109375,81200.0,81214.40625,12232704
2026-05-12 02:27:00+00:00,81212.2890625,81225.2109375,81197.953125,81212.2421875,46233600
2026-05-12 02:28:00+00:00,81252.859375,81256.3203125,81206.796875,81206.796875,0
2026-05-12 02:29:00+00:00,81248.0,81256.34375,81242.7578125,81249.1328125,0
2026-05-12 02:30:00+00:00,81206.2109375,81258.0,81200.96875,81256.46875,0
2026-05-12 02:31:00+00:00,81182.8828125,81204.109375,81174.7109375,81204.109375,0
2026-05-12 02:32:00+00:00,81233.78125,81233.78125,81185.296875,81187.25,0
2026-05-12 02:33:00+00:00,81200.84375,81232.46875,81192.28125,81232.46875,0
2026-05-12 02:34:00+00:00,81169.5078125,81185.828125,81169.5078125,81185.8203125,3381248
2026-05-12 02:35:00+00:00,81130.8671875,81152.4921875,81076.7421875,81152.4921875,0
2026-05-12 02:36:00+00:00,81168.3515625,81168.3515625,81139.1875,81140.421875,0
2026-05-12 02:37:00+00:00,81149.2265625,81179.0703125,81149.2265625,81160.0,0
2026-05-12 02:38:00+00:00,81114.3125,81146.953125,81094.3203125,81146.953125,0
2026-05-12 02:39:00+00:00,81112.0078125,81131.3203125,81112.0078125,81115.3515625,17876992
2026-05-12 02:40:00+00:00,81117.328125,81117.328125,81109.1171875,81109.609375,0
2026-05-12 02:41:00+00:00,81116.5,81128.2421875,81110.078125,81119.1484375,0
2026-05-12 02:42:00+00:00,81131.6015625,81137.6171875,81129.0,81133.28125,0
2026-05-12 02:43:00+00:00,81144.4375,81146.9609375,81122.1875,81131.1796875,0
2026-05-12 02:44:00+00:00,81109.96875,81151.9765625,81107.0390625,81140.4375,0
2026-05-12 02:45:00+00:00,81170.3125,81184.0,81122.6875,81122.6875,4651008
2026-05-12 02:46:00+00:00,81152.046875,81176.7109375,81152.046875,81169.109375,0
2026-05-12 02:47:00+00:00,81140.59375,81158.4921875,81137.3515625,81158.4921875,0
2026-05-12 02:48:00+00:00,81155.046875,81155.046875,81125.21875,81137.03125,0
2026-05-12 02:49:00+00:00,81161.578125,81168.6796875,81146.4921875,81150.4921875,0
2026-05-12 02:50:00+00:00,81215.7265625,81222.703125,81161.578125,81161.578125,107843584
2026-05-12 02:51:00+00:00,81205.9296875,81207.03125,81194.90625,81207.03125,25288704
2026-05-12 02:52:00+00:00,81239.9921875,81239.9921875,81218.75,81218.75,466944
2026-05-12 02:53:00+00:00,81216.1171875,81264.59375,81216.1171875,81248.71875,1818624
2026-05-12 02:54:00+00:00,81242.65625,81242.65625,81218.0,81218.0,0
2026-05-12 02:55:00+00:00,81197.9375,81245.5078125,81197.9375,81245.5078125,0
2026-05-12 02:56:00+00:00,81202.109375,81220.0,81194.078125,81197.953125,7456768
2026-05-12 02:57:00+00:00,81224.9375,81228.9921875,81210.046875,81210.046875,45189120
2026-05-12 02:58:00+00:00,81213.453125,81228.2265625,81213.453125,81228.2265625,0
2026-05-12 02:59:00+00:00,81235.0390625,81235.0625,81212.8671875,81213.453125,0
2026-05-12 03:00:00+00:00,81259.96875,81260.1171875,81232.5625,81235.0390625,7104512
2026-05-12 03:01:00+00:00,81261.5703125,81272.7890625,81257.8203125,81257.8203125,1511424
2026-05-12 03:02:00+00:00,81238.3828125,81260.5625,81227.8203125,81260.5625,0
2026-05-12 03:03:00+00:00,81235.7890625,81241.6875,81234.296875,81239.8984375,0
2026-05-12 03:04:00+00:00,81210.4609375,81237.53125,81210.4609375,81237.53125,0
2026-05-12 03:05:00+00:00,81220.0,81220.0,81176.7265625,81210.4609375,0
2026-05-12 03:06:00+00:00,81229.9921875,81229.9921875,81208.9921875,81217.03125,0
2026-05-12 03:07:00+00:00,81253.8515625,81253.8515625,81231.28125,81239.9921875,0
2026-05-12 03:08:00+00:00,81228.7265625,81259.9921875,81228.7265625,81259.9921875,0
2026-05-12 03:09:00+00:00,81230.421875,81236.296875,81228.7265625,81228.7265625,0
2026-05-12 03:10:00+00:00,81230.09375,81230.4296875,81222.1796875,81230.421875,0
2026-05-12 03:11:00+00:00,81207.2578125,81216.75,81207.2578125,81216.75,0
2026-05-12 03:12:00+00:00,81183.3828125,81201.078125,81164.609375,81201.078125,1251328
2026-05-12 03:13:00+00:00,81169.453125,81183.3828125,81161.9921875,81183.3828125,0
2026-05-12 03:14:00+00:00,81202.8203125,81203.6484375,81181.9921875,81181.9921875,0
2026-05-12 03:15:00+00:00,81182.7890625,81202.8203125,81182.7890625,81202.8203125,0
2026-05-12 03:16:00+00:00,81207.0390625,81214.8125,81182.7890625,81182.7890625,0
2026-05-12 03:17:00+00:00,81209.3671875,81214.8125,81209.3671875,81209.3671875,0
2026-05-12 03:18:00+00:00,81191.9921875,81220.296875,81191.9921875,81209.3671875,0
2026-05-12 03:19:00+00:00,81197.9375,81205.9921875,81189.0078125,81189.953125,0
2026-05-12 03:20:00+00:00,81180.921875,81193.7578125,81180.921875,81193.75,0
2026-05-12 03:21:00+00:00,81187.328125,81199.0625,81180.921875,81180.921875,0
2026-05-12 03:22:00+00:00,81173.6796875,81187.328125,81167.6484375,81187.328125,0
2026-05-12 03:23:00+00:00,81137.65625,81179.640625,81137.65625,81173.6796875,0
2026-05-12 03:24:00+00:00,81173.859375,81181.7734375,81139.8515625,81139.8515625,0
2026-05-12 03:25:00+00:00,81170.0703125,81173.8515625,81170.0703125,81173.8515625,0
2026-05-12 03:26:00+00:00,81170.390625,81177.5234375,81167.640625,81170.0703125,0
2026-05-12 03:27:00+00:00,81145.46875,81170.390625,81124.0390625,81170.2734375,28403712
2026-05-12 03:28:00+00:00,81162.84375,81165.9375,81144.0,81144.0,0
2026-05-12 03:29:00+00:00,81148.15625,81162.3984375,81143.3984375,81162.3984375,0
2026-05-12 03:30:00+00:00,81160.0078125,81162.3984375,81152.171875,81152.4765625,0
2026-05-12 03:31:00+00:00,81146.78125,81160.0,81137.3515625,81160.0,0
2026-05-12 03:32:00+00:00,81161.59375,81169.890625,81147.3671875,81147.3671875,0
2026-05-12 03:33:00+00:00,81152.3671875,81158.546875,81147.3828125,81158.546875,0
2026-05-12 03:34:00+00:00,81160.703125,81165.453125,81151.1171875,81151.1171875,0
2026-05-12 03:35:00+00:00,81137.0703125,81143.3984375,81137.0703125,81143.3984375,0
2026-05-12 03:36:00+00:00,81184.9921875,81184.9921875,81137.0703125,81137.0703125,0
2026-05-12 03:37:00+00:00,81198.9609375,81199.25,81184.0078125,81184.0078125,0
2026-05-12 03:38:00+00:00,81177.28125,81189.5625,81160.90625,81182.7890625,0
2026-05-12 03:39:00+00:00,81166.8125,81177.078125,81166.0,81177.078125,0
2026-05-12 03:40:00+00:00,81173.2421875,81173.5390625,81167.1015625,81167.1015625,0
2026-05-12 03:41:00+00:00,81168.78125,81170.65625,81146.4296875,81164.9375,0
2026-05-12 03:42:00+00:00,81177.0234375,81183.2109375,81168.1484375,81168.78125,0
2026-05-12 03:43:00+00:00,81176.796875,81178.328125,81173.703125,81176.7421875,0
2026-05-12 03:44:00+00:00,81172.453125,81182.78125,81168.1484375,81176.796875,0
2026-05-12 03:45:00+00:00,81138.53125,81176.90625,81137.34375,81176.90625,0
2026-05-12 03:46:00+00:00,81082.84375,81137.3828125,81082.84375,81137.3828125,0
2026-05-12 03:47:00+00:00,81082.1171875,81087.96875,81053.59375,81082.84375,0
2026-05-12 03:48:00+00:00,81073.71875,81113.09375,81072.0,81082.1171875,0
2026-05-12 03:49:00+00:00,81089.78125,81090.8203125,81066.8515625,81066.8515625,0
2026-05-12 03:50:00+00:00,81030.390625,81087.421875,81014.640625,81087.421875,0
2026-05-12 03:51:00+00:00,81049.8984375,81049.8984375,81017.2265625,81022.203125,0
2026-05-12 03:52:00+00:00,81049.8984375,81049.8984375,81028.2734375,81049.8984375,0
2026-05-12 03:53:00+00:00,81070.21875,81074.5,81049.8984375,81049.8984375,0
2026-05-12 03:54:00+00:00,81049.6015625,81068.7734375,81049.6015625,81068.2578125,0
2026-05-12 03:55:00+00:00,81031.28125,81048.84375,81023.9921875,81048.828125,0
2026-05-12 03:56:00+00:00,81021.59375,81031.28125,81010.09375,81031.28125,558471168
2026-05-12 03:57:00+00:00,81002.21875,81022.0,81001.203125,81022.0,0
2026-05-12 03:58:00+00:00,81019.1328125,81025.0,81009.0390625,81009.0390625,0
2026-05-12 03:59:00+00:00,81036.0078125,81036.59375,81013.1171875,81025.0,74401792
2026-05-12 04:00:00+00:00,81016.6796875,81020.1484375,81010.078125,81020.1484375,0
2026-05-12 04:01:00+00:00,81022.21875,81049.7578125,81019.8671875,81019.8671875,0
2026-05-12 04:02:00+00:00,81038.1171875,81038.1171875,81022.21875,81025.1875,0
2026-05-12 04:03:00+00:00,80991.8984375,81039.890625,80991.8984375,81039.890625,0
2026-05-12 04:04:00+00:00,81004.0234375,81004.0234375,80985.9921875,80999.9921875,0
2026-05-12 04:05:00+00:00,81015.0078125,81025.4765625,81000.0078125,81005.75,0
2026-05-12 04:06:00+00:00,81019.953125,81021.46875,81010.7109375,81017.8515625,0
2026-05-12 04:07:00+00:00,81037.2109375,81055.0,81017.328125,81019.953125,0
2026-05-12 04:08:00+00:00,81029.453125,81040.7734375,81028.2578125,81037.1484375,0
2026-05-12 04:09:00+00:00,81020.3203125,81037.34375,81020.3203125,81026.65625,0
2026-05-12 04:10:00+00:00,81016.2734375,81020.328125,81016.2578125,81020.3203125,0
2026-05-12 04:11:00+00:00,80992.0625,81016.2578125,80990.828125,81016.2578125,208896
2026-05-12 04:12:00+00:00,81000.0,81009.421875,80984.15625,80994.9296875,14731264
2026-05-12 04:13:00+00:00,80988.890625,81000.0,80988.890625,81000.0,0
2026-05-12 04:14:00+00:00,80980.0078125,81004.0078125,80980.0,80988.890625,0
2026-05-12 04:15:00+00:00,81075.0,81075.0,80972.046875,80980.0,0
2026-05-12 04:16:00+00:00,81104.9296875,81126.5625,81073.1484375,81073.1484375,0
2026-05-12 04:17:00+00:00,81138.84375,81144.390625,81117.8671875,81117.8671875,3256320
2026-05-12 04:18:00+00:00,81115.7578125,81128.25,81113.109375,81128.25,0
2026-05-12 04:19:00+00:00,81137.34375,81146.421875,81115.9375,81115.9375,0
2026-05-12 04:20:00+00:00,81141.7265625,81141.7265625,81131.28125,81137.34375,0
2026-05-12 04:21:00+00:00,81146.5078125,81153.6484375,81141.7265625,81141.7265625,0
2026-05-12 04:22:00+00:00,81162.59375,81162.6015625,81146.796875,81146.796875,80113664
2026-05-12 04:23:00+00:00,81141.953125,81160.25,81141.953125,81159.78125,907264
2026-05-12 04:24:00+00:00,81137.34375,81161.5625,81135.0703125,81135.2421875,0
2026-05-12 04:25:00+00:00,81160.203125,81164.9921875,81137.34375,81137.34375,22781952
2026-05-12 04:26:00+00:00,81191.8671875,81191.8671875,81155.5234375,81161.4765625,2314240
2026-05-12 04:27:00+00:00,81188.15625,81202.84375,81176.7265625,81191.8671875,0
2026-05-12 04:28:00+00:00,81202.1484375,81202.1484375,81183.90625,81188.828125,6223872
2026-05-12 04:29:00+00:00,81183.546875,81204.0,81183.546875,81204.0,0
2026-05-12 04:30:00+00:00,81185.546875,81185.546875,81176.7265625,81185.546875,178053120
2026-05-12 04:31:00+00:00,81185.796875,81204.0078125,81182.7890625,81194.9921875,0
2026-05-12 04:32:00+00:00,81185.3984375,81200.359375,81185.3984375,81185.796875,1509376
2026-05-12 04:33:00+00:00,81187.8671875,81188.171875,81185.3984375,81185.3984375,12931072
2026-05-12 04:34:00+00:00,81190.0,81190.0,81170.671875,81187.8671875,0
2026-05-12 04:35:00+00:00,81195.4296875,81195.4296875,81186.078125,81194.8984375,817152
2026-05-12 04:36:00+00:00,81218.0,81224.2265625,81202.0703125,81202.0703125,0
2026-05-12 04:37:00+00:00,81227.8828125,81238.0078125,81218.0,81218.0,0
2026-05-12 04:38:00+00:00,81229.40625,81239.9921875,81224.15625,81227.0,536576
2026-05-12 04:39:00+00:00,81255.8671875,81255.8671875,81229.703125,81229.703125,0
2026-05-12 04:40:00+00:00,81257.078125,81263.5703125,81255.8671875,81255.8671875,0
2026-05-12 04:41:00+00:00,81247.640625,81256.9765625,81240.546875,81256.9765625,618496
2026-05-12 04:42:00+00:00,81243.9921875,81247.640625,81237.8125,81247.640625,0
2026-05-12 04:43:00+00:00,81238.953125,81252.46875,81238.953125,81243.9921875,0
2026-05-12 04:44:00+00:00,81222.7265625,81231.2734375,81217.8671875,81231.2734375,17070080
2026-05-12 04:45:00+00:00,81258.53125,81258.53125,81222.71875,81222.71875,0
2026-05-12 04:46:00+00:00,81264.9921875,81267.1875,81257.3125,81258.53125,0
2026-05-12 04:47:00+00:00,81264.7265625,81266.21875,81261.8828125,81264.9921875,0
2026-05-12 04:48:00+00:00,81273.5234375,81274.578125,81264.7265625,81264.7265625,0
2026-05-12 04:49:00+00:00,81282.0,81282.0,81273.5234375,81273.5234375,0
2026-05-12 04:50:00+00:00,81274.6875,81280.71875,81274.5390625,81280.7109375,0
2026-05-12 04:51:00+00:00,81266.703125,81276.203125,81255.5078125,81269.1796875,0
2026-05-12 04:52:00+00:00,81212.2578125,81251.8125,81211.953125,81251.8125,0
2026-05-12 04:53:00+00:00,81205.9921875,81211.9609375,81188.8671875,81211.953125,0
2026-05-12 04:54:00+00:00,81207.0234375,81210.921875,81199.5625,81202.328125,0
2026-05-12 04:55:00+00:00,81224.96875,81225.0,81199.578125,81205.796875,983040
2026-05-12 04:56:00+00:00,81209.75,81220.4609375,81204.0,81220.4609375,0
2026-05-12 04:57:00+00:00,81210.6484375,81226.1484375,81209.75,81209.75,0
2026-05-12 04:58:00+00:00,81207.0234375,81207.0234375,81194.90625,81204.0,0
2026-05-12 04:59:00+00:00,81203.9765625,81207.03125,81188.8515625,81207.0234375,1249280
2026-05-12 05:00:00+00:00,81206.328125,81206.328125,81194.90625,81205.6015625,111988736
2026-05-12 05:01:00+00:00,81231.078125,81231.078125,81206.328125,81206.328125,0
2026-05-12 05:02:00+00:00,81220.8515625,81227.5625,81216.1171875,81225.609375,0
2026-05-12 05:03:00+00:00,81212.0625,81216.109375,81197.9375,81200.9765625,0
2026-05-12 05:04:00+00:00,81234.9921875,81234.9921875,81207.03125,81212.0703125,3223552
2026-05-12 05:05:00+00:00,81253.7109375,81260.0,81243.390625,81252.46875,2265088
2026-05-12 05:06:00+00:00,81240.3515625,81256.8125,81228.2421875,81253.703125,0
2026-05-12 05:07:00+00:00,81232.1875,81235.2109375,81228.59375,81232.9921875,46872576
2026-05-12 05:08:00+00:00,81213.0703125,81229.3515625,81207.03125,81229.3515625,83142656
2026-05-12 05:09:00+00:00,81190.890625,81213.078125,81186.078125,81213.078125,0
2026-05-12 05:10:00+00:00,81188.046875,81190.8984375,81188.046875,81190.8984375,1013760
2026-05-12 05:11:00+00:00,81182.7890625,81194.90625,81182.7890625,81188.046875,0
2026-05-12 05:12:00+00:00,81173.7109375,81187.0,81173.7109375,81182.7890625,0
2026-05-12 05:13:00+00:00,81186.9921875,81187.0,81167.640625,81171.140625,23558144
2026-05-12 05:14:00+00:00,81204.0,81204.0,81183.640625,81183.640625,0
2026-05-12 05:15:00+00:00,81221.453125,81224.46875,81209.9921875,81209.9921875,0
2026-05-12 05:16:00+00:00,81213.09375,81221.453125,81213.09375,81215.5390625,0
2026-05-12 05:17:00+00:00,81219.03125,81219.03125,81213.09375,81213.09375,0
2026-05-12 05:18:00+00:00,81241.3671875,81241.3671875,81215.796875,81219.03125,0
2026-05-12 05:19:00+00:00,81206.203125,81251.5078125,81199.6328125,81241.359375,0
2026-05-12 05:20:00+00:00,81236.890625,81243.46875,81206.4375,81206.4375,0
2026-05-12 05:21:00+00:00,81229.84375,81231.2265625,81212.3671875,81219.390625,0
2026-05-12 05:22:00+00:00,81229.6328125,81234.078125,81226.6015625,81231.2265625,0
2026-05-12 05:23:00+00:00,81232.1015625,81236.8984375,81227.4375,81227.4375,100352
2026-05-12 05:24:00+00:00,81221.2421875,81235.6328125,81221.2421875,81235.6328125,35420160
2026-05-12 05:25:00+00:00,81226.6484375,81226.6484375,81220.0234375,81221.2265625,0
2026-05-12 05:26:00+00:00,81256.8515625,81265.4296875,81228.2265625,81228.2265625,1249280
2026-05-12 05:27:00+00:00,81258.40625,81262.4375,81258.40625,81258.7734375,0
2026-05-12 05:28:00+00:00,81261.8671875,81266.2734375,81258.40625,81258.40625,0
2026-05-12 05:29:00+00:00,81263.0390625,81263.0390625,81261.859375,81261.8671875,0
2026-05-12 05:30:00+00:00,81271.4765625,81288.828125,81263.0390625,81263.046875,76691456
2026-05-12 05:31:00+00:00,81281.453125,81281.453125,81271.4921875,81271.4921875,0
2026-05-12 05:32:00+00:00,81259.828125,81281.3125,81255.5078125,81281.15625,722944
2026-05-12 05:33:00+00:00,81249.3515625,81255.5078125,81240.359375,81255.5078125,0
2026-05-12 05:34:00+00:00,81176.3125,81240.359375,81165.03125,81240.359375,0
2026-05-12 05:35:00+00:00,81207.0078125,81207.0078125,81190.03125,81191.8671875,0
2026-05-12 05:36:00+00:00,81209.671875,81212.65625,81207.0078125,81210.0625,24377344
2026-05-12 05:37:00+00:00,81216.1171875,81222.171875,81207.8125,81207.8125,0
2026-05-12 05:38:00+00:00,81222.1796875,81222.1796875,81202.1171875,81204.0,0
2026-05-12 05:39:00+00:00,81255.5078125,81263.2421875,81216.1328125,81216.140625,2723840
2026-05-12 05:40:00+00:00,81239.9921875,81249.453125,81239.203125,81249.453125,0
2026-05-12 05:41:00+00:00,81240.3515625,81240.3515625,81228.25,81239.9921875,73728
2026-05-12 05:42:00+00:00,81240.3515625,81240.3515625,81231.609375,81240.3515625,11991040
2026-05-12 05:43:00+00:00,81261.9921875,81261.9921875,81248.296875,81248.296875,0
2026-05-12 05:44:00+00:00,81228.25,81261.9921875,81228.2421875,81261.9921875,0
2026-05-12 05:45:00+00:00,81247.453125,81247.4921875,81231.4765625,81231.4765625,0
2026-05-12 05:46:00+00:00,81235.15625,81248.71875,81235.1484375,81248.71875,0
2026-05-12 05:47:00+00:00,81237.796875,81240.6484375,81234.3125,81235.1484375,0
2026-05-12 05:48:00+00:00,81240.1796875,81240.3515625,81229.8515625,81235.25,0
2026-05-12 05:49:00+00:00,81236.4375,81240.1796875,81235.5390625,81240.1796875,0
2026-05-12 05:50:00+00:00,81211.328125,81240.3515625,81211.328125,81240.3515625,0
2026-05-12 05:51:00+00:00,81208.2421875,81211.34375,81191.4765625,81211.34375,3604480
2026-05-12 05:52:00+00:00,81191.8828125,81208.25,81191.8828125,81208.2421875,126976
2026-05-12 05:53:00+00:00,81219.140625,81219.140625,81191.8828125,81191.8828125,0
2026-05-12 05:54:00+00:00,81216.5,81219.140625,81215.9296875,81219.140625,0
2026-05-12 05:55:00+00:00,81231.2734375,81231.2734375,81216.859375,81216.859375,0
2026-05-12 05:56:00+00:00,81243.3984375,81265.40625,81243.390625,81265.40625,0
2026-05-12 05:57:00+00:00,81245.3515625,81245.359375,81243.390625,81243.3984375,0
2026-05-12 05:58:00+00:00,81234.59375,81249.0625,81231.2734375,81249.0625,0
2026-05-12 05:59:00+00:00,81200.0078125,81233.9765625,81200.0,81233.9765625,0
2026-05-12 06:00:00+00:00,81182.3671875,81195.359375,81157.6875,81194.90625,53659648
2026-05-12 06:01:00+00:00,81238.2578125,81238.2578125,81184.671875,81191.8671875,0
2026-05-12 06:02:00+00:00,81229.2421875,81244.2890625,81229.2421875,81243.3828125,0
2026-05-12 06:03:00+00:00,81229.2421875,81244.2890625,81229.2421875,81240.3515625,0
2026-05-12 06:04:00+00:00,81224.75,81229.2421875,81222.359375,81229.2421875,0
2026-05-12 06:05:00+00:00,81204.3671875,81224.75,81204.0,81224.75,0
2026-05-12 06:06:00+00:00,81234.0234375,81240.3515625,81198.796875,81204.3671875,0
2026-05-12 06:07:00+00:00,81240.3515625,81240.3515625,81210.0703125,81234.0234375,0
2026-05-12 06:08:00+00:00,81213.859375,81239.5078125,81213.859375,81239.5078125,0
2026-05-12 06:09:00+00:00,81227.59375,81236.53125,81220.3515625,81222.1796875,2826240
2026-05-12 06:10:00+00:00,81240.3515625,81240.359375,81228.140625,81229.21875,0
2026-05-12 06:11:00+00:00,81233.109375,81240.359375,81232.28125,81240.359375,0
2026-05-12 06:12:00+00:00,81238.53125,81238.53125,81230.78125,81230.7890625,0
2026-05-12 06:13:00+00:00,81235.7578125,81238.53125,81231.2734375,81238.53125,3264512
2026-05-12 06:14:00+00:00,81221.9765625,81240.3515625,81221.9765625,81235.75,0
2026-05-12 06:15:00+00:00,81246.0390625,81246.421875,81221.9765625,81221.9765625,0
2026-05-12 06:16:00+00:00,81253.109375,81254.8515625,81246.0390625,81246.0390625,8015872
2026-05-12 06:17:00+00:00,81279.0,81279.0,81249.4375,81253.4921875,0
2026-05-12 06:18:00+00:00,81276.9609375,81282.78125,81272.6484375,81278.9921875,0
2026-05-12 06:19:00+00:00,81253.6875,81276.9609375,81253.6875,81276.9609375,0
2026-05-12 06:20:00+00:00,81261.65625,81264.6015625,81253.6796875,81253.6796875,1724416
2026-05-12 06:21:00+00:00,81266.7578125,81267.4375,81259.59375,81261.65625,15923200
2026-05-12 06:22:00+00:00,81261.5625,81266.7578125,81251.65625,81266.7578125,0
2026-05-12 06:23:00+00:00,81236.40625,81261.5625,81236.390625,81261.5625,1568768
2026-05-12 06:24:00+00:00,81264.3984375,81267.4296875,81219.1484375,81236.40625,0
2026-05-12 06:25:00+00:00,81276.5,81276.5,81265.5234375,81273.9765625,0
2026-05-12 06:26:00+00:00,81264.3984375,81272.2578125,81264.3984375,81272.2578125,0
2026-05-12 06:27:00+00:00,81219.9921875,81264.40625,81215.796875,81264.40625,11171840
2026-05-12 06:28:00+00:00,81201.4921875,81219.9921875,81201.4765625,81219.9921875,8646656
2026-05-12 06:29:00+00:00,81187.3671875,81201.4765625,81187.3671875,81201.4765625,2017280
2026-05-12 06:30:00+00:00,81165.6171875,81192.25,81159.2421875,81192.25,30976000
2026-05-12 06:31:00+00:00,81153.96875,81189.6875,81145.3671875,81165.6328125,0
2026-05-12 06:32:00+00:00,81152.9765625,81159.171875,81145.359375,81147.2890625,0
2026-05-12 06:33:00+00:00,81110.2421875,81150.140625,81110.2421875,81150.140625,0
2026-05-12 06:34:00+00:00,81111.3671875,81127.8515625,81101.0,81101.0,0
2026-05-12 06:35:00+00:00,81168.328125,81168.328125,81114.203125,81114.203125,0
2026-05-12 06:36:00+00:00,81152.8125,81171.15625,81149.9609375,81171.15625,0
2026-05-12 06:37:00+00:00,81161.5703125,81161.5703125,81154.890625,81155.6484375,1482752
2026-05-12 06:38:00+00:00,81132.9296875,81145.609375,81130.109375,81145.609375,978944
2026-05-12 06:39:00+00:00,81098.578125,81130.1015625,81088.2421875,81130.1015625,29138944
2026-05-12 06:40:00+00:00,81105.296875,81110.5625,81096.7265625,81098.5703125,0
2026-05-12 06:41:00+00:00,81083.6015625,81105.3125,81083.59375,81105.3125,0
2026-05-12 06:42:00+00:00,81077.390625,81078.4921875,81069.5703125,81078.4921875,0
2026-05-12 06:43:00+00:00,81057.390625,81080.2265625,81057.3671875,81077.390625,663552
2026-05-12 06:44:00+00:00,81072.2734375,81074.2890625,81052.6015625,81057.390625,1038336
2026-05-12 06:45:00+00:00,81068.09375,81068.1015625,81068.09375,81068.1015625,3141632
2026-05-12 06:46:00+00:00,81090.609375,81102.203125,81068.1015625,81068.1015625,0
2026-05-12 06:47:00+00:00,81093.796875,81093.796875,81087.7578125,81088.7734375,0
2026-05-12 06:48:00+00:00,81103.9921875,81103.9921875,81085.84375,81097.5625,58269696
2026-05-12 06:49:00+00:00,81080.90625,81096.0,81080.90625,81096.0,3446784
2026-05-12 06:50:00+00:00,81049.5,81080.5,81049.5,81080.5,0
2026-05-12 06:51:00+00:00,81016.5,81030.8984375,81009.203125,81030.8984375,15144960
2026-05-12 06:52:00+00:00,81020.4921875,81034.9921875,81009.2109375,81015.8125,0
2026-05-12 06:53:00+00:00,81036.1328125,81038.09375,81023.328125,81023.328125,2701312
2026-05-12 06:54:00+00:00,81027.796875,81039.0,81027.796875,81036.1328125,9650176
2026-05-12 06:55:00+00:00,81006.3828125,81012.0390625,81006.3515625,81011.546875,4397056
2026-05-12 06:56:00+00:00,81000.8671875,81000.8671875,80987.21875,80998.5234375,2793472
2026-05-12 06:57:00+00:00,81001.9921875,81001.9921875,80981.8203125,81000.3515625,0
2026-05-12 06:58:00+00:00,81009.2109375,81013.890625,81001.9921875,81001.9921875,0
2026-05-12 06:59:00+00:00,80997.0390625,81010.3203125,80990.609375,81010.3125,0
2026-05-12 07:00:00+00:00,80978.21875,80992.2890625,80974.6875,80978.2109375,112660480
2026-05-12 07:01:00+00:00,80984.8828125,80984.8828125,80978.2109375,80978.21875,0
2026-05-12 07:02:00+00:00,80904.1015625,80974.7109375,80898.0078125,80968.8984375,0
2026-05-12 07:03:00+00:00,80913.1015625,80944.09375,80897.953125,80900.703125,3201024
2026-05-12 07:04:00+00:00,80896.328125,80897.9296875,80888.296875,80894.5,0
2026-05-12 07:05:00+00:00,80889.8203125,80905.53125,80889.8203125,80900.953125,0
2026-05-12 07:06:00+00:00,80931.6875,80931.6875,80858.9296875,80875.8984375,0
2026-05-12 07:07:00+00:00,80912.3203125,80929.9921875,80897.609375,80918.0,0
2026-05-12 07:08:00+00:00,80971.7734375,80971.7734375,80907.9921875,80907.9921875,0
2026-05-12 07:09:00+00:00,80943.40625,80956.5078125,80942.171875,80956.5,143171584
2026-05-12 07:10:00+00:00,80947.9921875,80947.9921875,80943.609375,80944.6484375,3432448
2026-05-12 07:11:00+00:00,81034.421875,81034.953125,80965.7890625,80965.7890625,1236992
2026-05-12 07:12:00+00:00,81058.7890625,81058.7890625,81036.5078125,81044.0,0
2026-05-12 07:13:00+00:00,81047.0078125,81077.390625,81046.3984375,81072.8671875,0
2026-05-12 07:14:00+00:00,81047.953125,81058.7890625,81046.390625,81046.390625,3981312
2026-05-12 07:15:00+00:00,80955.3515625,81047.9375,80880.8125,81047.9375,0
2026-05-12 07:16:00+00:00,80981.40625,80984.0,80965.796875,80969.9921875,0
2026-05-12 07:17:00+00:00,80969.203125,80987.4765625,80969.171875,80985.2265625,0
2026-05-12 07:18:00+00:00,80972.25,80990.59375,80969.203125,80969.203125,0
2026-05-12 07:19:00+00:00,81020.8203125,81020.8203125,80984.09375,80984.09375,57899008
2026-05-12 07:20:00+00:00,81020.1875,81024.6875,81009.2109375,81010.5390625,2969600
2026-05-12 07:21:00+00:00,81031.5390625,81037.8984375,81022.3125,81022.3125,111411200
2026-05-12 07:22:00+00:00,81049.6328125,81049.6328125,81026.7421875,81031.4375,0
2026-05-12 07:23:00+00:00,81074.859375,81077.390625,81040.2109375,81040.2109375,7469056
2026-05-12 07:24:00+00:00,81096.0,81106.1328125,81080.4921875,81080.4921875,0
2026-05-12 07:25:00+00:00,81062.25,81092.90625,81062.25,81092.8984375,51642368
2026-05-12 07:26:00+00:00,81052.0078125,81064.9921875,81052.0078125,81057.59375,11057152
2026-05-12 07:27:00+00:00,81034.0234375,81054.3515625,81034.0,81054.3515625,9871360
2026-05-12 07:28:00+00:00,81025.2109375,81031.5,81024.0,81031.5,7520256
2026-05-12 07:29:00+00:00,80992.171875,81024.0,80992.171875,81024.0,0
2026-05-12 07:30:00+00:00,80997.34375,80999.640625,80984.3984375,80999.640625,24928256
2026-05-12 07:31:00+00:00,81006.1015625,81006.1015625,80997.34375,80997.3515625,3516416
2026-05-12 07:32:00+00:00,81034.0,81034.0,81006.1015625,81006.1015625,0
2026-05-12 07:33:00+00:00,81040.4921875,81065.0,81030.703125,81033.5390625,12640256
2026-05-12 07:34:00+00:00,81034.03125,81037.9765625,81021.609375,81037.9765625,0
2026-05-12 07:35:00+00:00,81009.2109375,81032.9296875,81009.2109375,81032.9296875,6051840
2026-05-12 07:36:00+00:00,80968.28125,81000.1328125,80965.8125,81000.1328125,0
2026-05-12 07:37:00+00:00,80975.109375,80997.7109375,80968.2734375,80968.2734375,3018752
2026-05-12 07:38:00+00:00,80956.5078125,80972.0,80956.5078125,80972.0,0
2026-05-12 07:39:00+00:00,80962.6171875,80965.7890625,80948.0078125,80953.40625,0
2026-05-12 07:40:00+00:00,80951.9921875,80959.6015625,80944.1015625,80959.6015625,79378432
2026-05-12 07:41:00+00:00,80956.296875,80968.890625,80947.203125,80968.890625,7053312
2026-05-12 07:42:00+00:00,80963.3125,80963.3125,80956.296875,80956.296875,0
2026-05-12 07:43:00+00:00,80933.1015625,80962.03125,80931.7109375,80962.03125,16779264
2026-05-12 07:44:00+00:00,80917.46875,80940.9921875,80917.140625,80931.8984375,4315136
2026-05-12 07:45:00+00:00,80893.9921875,80950.9296875,80893.9921875,80917.46875,0
2026-05-12 07:46:00+00:00,80846.3203125,80877.0,80834.921875,80877.0,24184832
2026-05-12 07:47:00+00:00,80835.6015625,80838.703125,80828.0,80828.0,4253696
2026-05-12 07:48:00+00:00,80844.8984375,80848.203125,80819.1484375,80829.3984375,44881920
2026-05-12 07:49:00+00:00,80854.1875,80863.4921875,80823.1875,80832.5078125,0
2026-05-12 07:50:00+00:00,80906.890625,80906.890625,80857.0234375,80857.03125,0
2026-05-12 07:51:00+00:00,80925.3515625,80928.59375,80913.71875,80919.921875,151832576
2026-05-12 07:52:00+00:00,80931.6875,80931.6875,80914.03125,80925.359375,8853504
2026-05-12 07:53:00+00:00,80906.8984375,80931.703125,80906.8984375,80931.6875,0
2026-05-12 07:54:00+00:00,80930.0,80941.9765625,80893.796875,80897.6015625,0
2026-05-12 07:55:00+00:00,80928.2265625,80942.640625,80926.3203125,80939.5,0
2026-05-12 07:56:00+00:00,80921.328125,80926.9375,80919.3125,80926.3203125,17135616
2026-05-12 07:57:00+00:00,80908.53125,80936.359375,80908.53125,80920.65625,118183936
2026-05-12 07:58:00+00:00,80839.7578125,80900.703125,80839.7578125,80900.703125,2383872
2026-05-12 07:59:00+00:00,80829.9375,80837.9921875,80829.9375,80832.5078125,0
2026-05-12 08:00:00+00:00,80879.8515625,80884.2109375,80782.0,80815.9609375,82597888
2026-05-12 08:01:00+00:00,80857.2890625,80909.7265625,80846.7578125,80888.2109375,0
2026-05-12 08:02:00+00:00,80868.7578125,80878.203125,80851.046875,80854.4609375,0
2026-05-12 08:03:00+00:00,80870.34375,80870.34375,80837.84375,80860.3984375,0
2026-05-12 08:04:00+00:00,80838.703125,80872.796875,80838.703125,80866.9609375,1230848
2026-05-12 08:05:00+00:00,80845.0,80857.2890625,80805.953125,80829.7265625,2379776
2026-05-12 08:06:00+00:00,80836.5390625,80857.1328125,80828.640625,80830.953125,0
2026-05-12 08:07:00+00:00,80866.2421875,80868.84375,80838.578125,80838.578125,0
2026-05-12 08:08:00+00:00,80857.9375,80872.7890625,80857.9375,80864.8203125,1742848
2026-05-12 08:09:00+00:00,80880.2421875,80881.96875,80865.4296875,80865.4296875,157542400
2026-05-12 08:10:00+00:00,80838.703125,80880.2265625,80838.703125,80880.2265625,0
2026-05-12 08:11:00+00:00,80854.8125,80857.84375,80832.0,80838.7109375,0
2026-05-12 08:12:00+00:00,80810.796875,80844.90625,80789.1875,80844.90625,0
2026-05-12 08:13:00+00:00,80781.703125,80807.1015625,80781.703125,80807.1015625,0
2026-05-12 08:14:00+00:00,80798.4921875,80800.2265625,80766.0,80783.59375,372736
2026-05-12 08:15:00+00:00,80767.390625,80785.03125,80733.0625,80785.03125,5822464
2026-05-12 08:16:00+00:00,80797.09375,80807.8828125,80749.2109375,80758.0703125,0
2026-05-12 08:17:00+00:00,80823.203125,80833.0234375,80798.390625,80798.390625,0
2026-05-12 08:18:00+00:00,80826.2890625,80826.2890625,80793.6015625,80795.296875,0
2026-05-12 08:19:00+00:00,80829.4921875,80841.796875,80829.4921875,80834.9921875,1671168
2026-05-12 08:20:00+00:00,80848.1015625,80848.1015625,80821.3203125,80836.953125,651264
2026-05-12 08:21:00+00:00,80840.09375,80858.5234375,80836.171875,80844.5,72022016
2026-05-12 08:22:00+00:00,80874.53125,80878.9921875,80838.8984375,80854.203125,0
2026-05-12 08:23:00+00:00,80895.3984375,80910.0,80867.90625,80867.90625,3270656
2026-05-12 08:24:00+00:00,80848.0078125,80897.5234375,80848.0078125,80895.3984375,87980032
2026-05-12 08:25:00+00:00,80810.8203125,80841.796875,80810.8203125,80841.796875,0
2026-05-12 08:26:00+00:00,80857.9765625,80863.4921875,80810.8125,80810.8125,4620288
2026-05-12 08:27:00+00:00,80863.46875,80863.46875,80852.2578125,80856.921875,0
2026-05-12 08:28:00+00:00,80841.7890625,80852.4921875,80817.0078125,80852.4921875,27609088
2026-05-12 08:29:00+00:00,80847.5078125,80847.5078125,80836.578125,80839.1015625,415744
2026-05-12 08:30:00+00:00,80823.1875,80838.328125,80813.8984375,80838.328125,29829120
2026-05-12 08:31:00+00:00,80841.7890625,80841.7890625,80815.109375,80819.7890625,0
2026-05-12 08:32:00+00:00,80836.5234375,80841.5234375,80827.671875,80840.578125,0
2026-05-12 08:33:00+00:00,80848.0234375,80859.7109375,80848.0234375,80853.921875,116736
2026-05-12 08:34:00+00:00,80872.078125,80872.796875,80835.640625,80848.0234375,847872
2026-05-12 08:35:00+00:00,80886.0390625,80888.2890625,80872.1015625,80872.1015625,3643392
2026-05-12 08:36:00+00:00,80919.296875,80934.0390625,80909.1328125,80909.1328125,0
2026-05-12 08:37:00+00:00,80920.9609375,80925.5,80915.9296875,80916.0625,0
2026-05-12 08:38:00+00:00,80924.0078125,80925.0,80918.3125,80924.9921875,0
2026-05-12 08:39:00+00:00,80914.0625,80928.59375,80910.0234375,80920.609375,16164864
2026-05-12 08:40:00+00:00,80903.4609375,80911.8984375,80891.6875,80911.8984375,118784
2026-05-12 08:41:00+00:00,80883.9765625,80903.4609375,80881.3515625,80903.4609375,0
2026-05-12 08:42:00+00:00,80891.8984375,80897.59375,80879.3203125,80883.9921875,0
2026-05-12 08:43:00+00:00,80918.0,80918.0,80891.8984375,80891.8984375,0
2026-05-12 08:44:00+00:00,80923.7734375,80931.8828125,80916.203125,80918.03125,3622912
2026-05-12 08:45:00+00:00,80928.6015625,80937.1328125,80906.90625,80917.34375,9771008
2026-05-12 08:46:00+00:00,80906.890625,80928.609375,80906.890625,80928.609375,0
2026-05-12 08:47:00+00:00,80895.9765625,80906.7421875,80895.7109375,80901.2421875,1069056
2026-05-12 08:48:00+00:00,80906.921875,80919.890625,80900.0234375,80900.0234375,0
2026-05-12 08:49:00+00:00,80898.75,80906.921875,80891.8984375,80906.921875,0
2026-05-12 08:50:00+00:00,80892.75,80898.7578125,80891.921875,80898.75,0
2026-05-12 08:51:00+00:00,80910.15625,80910.15625,80892.7421875,80892.75,70127616
2026-05-12 08:52:00+00:00,80890.0234375,80903.1484375,80889.9921875,80897.609375,151552
2026-05-12 08:53:00+00:00,80824.21875,80890.0234375,80821.3125,80890.0234375,0
2026-05-12 08:54:00+00:00,80826.4375,80838.703125,80810.0,80817.859375,0
2026-05-12 08:55:00+00:00,80817.5,80835.6015625,80815.7265625,80823.40625,0
2026-05-12 08:56:00+00:00,80809.578125,80818.8671875,80809.5703125,80817.5,5806080
2026-05-12 08:57:00+00:00,80835.4921875,80835.5,80809.5703125,80809.578125,31295488
2026-05-12 08:58:00+00:00,80842.5625,80851.2109375,80835.4765625,80835.4921875,1304576
2026-05-12 08:59:00+00:00,80807.7578125,80852.296875,80807.7578125,80842.546875,0
2026-05-12 09:00:00+00:00,80782.8984375,80801.4921875,80782.8984375,80801.25,0
2026-05-12 09:01:00+00:00,80789.1015625,80804.59375,80779.796875,80779.796875,1017856
2026-05-12 09:02:00+00:00,80813.8984375,80813.8984375,80789.0234375,80795.0234375,403456
2026-05-12 09:03:00+00:00,80834.0390625,80851.09375,80817.8203125,80817.8203125,0
2026-05-12 09:04:00+00:00,80853.5,80854.171875,80827.1171875,80827.1171875,17596416
2026-05-12 09:05:00+00:00,80800.34375,80869.6796875,80798.3984375,80860.390625,0
2026-05-12 09:06:00+00:00,80792.21875,80805.1484375,80792.21875,80796.171875,35602432
2026-05-12 09:07:00+00:00,80789.09375,80792.2109375,80739.03125,80792.2109375,5779456
2026-05-12 09:08:00+00:00,80786.0078125,80798.390625,80773.6015625,80782.7890625,123322368
2026-05-12 09:09:00+00:00,80782.890625,80801.4921875,80768.8828125,80788.8203125,0
2026-05-12 09:10:00+00:00,80801.4921875,80801.4921875,80786.640625,80792.1875,763904
2026-05-12 09:11:00+00:00,80798.40625,80816.921875,80789.109375,80789.109375,0
2026-05-12 09:12:00+00:00,80762.8671875,80798.3984375,80762.8671875,80789.7734375,0
2026-05-12 09:13:00+00:00,80744.0390625,80754.6171875,80733.3125,80751.8984375,659456
2026-05-12 09:14:00+00:00,80741.0078125,80761.1875,80741.0078125,80743.09375,1669120
2026-05-12 09:15:00+00:00,80757.859375,80764.2890625,80739.5078125,80739.5078125,0
2026-05-12 09:16:00+00:00,80736.3984375,80773.4375,80736.3984375,80758.2265625,43571200
2026-05-12 09:17:00+00:00,80754.7578125,80754.7578125,80727.609375,80736.40625,0
2026-05-12 09:18:00+00:00,80742.6171875,80753.859375,80736.40625,80736.40625,0
2026-05-12 09:19:00+00:00,80733.9921875,80737.21875,80721.796875,80737.0078125,0
2026-05-12 09:20:00+00:00,80739.78125,80751.1796875,80731.1484375,80731.1484375,0
2026-05-12 09:21:00+00:00,80744.5078125,80753.4375,80727.109375,80735.2734375,65374208
2026-05-12 09:22:00+00:00,80720.4296875,80725.1796875,80705.0078125,80705.0078125,1437696
2026-05-12 09:23:00+00:00,80691.7890625,80720.421875,80691.7890625,80720.421875,663552
2026-05-12 09:24:00+00:00,80723.9765625,80723.9765625,80689.90625,80689.90625,0
2026-05-12 09:25:00+00:00,80695.2890625,80721.9921875,80694.578125,80714.84375,0
2026-05-12 09:26:00+00:00,80696.8125,80696.8125,80688.0,80688.0078125,112893952
2026-05-12 09:27:00+00:00,80699.9921875,80709.2109375,80695.8203125,80696.8125,0
2026-05-12 09:28:00+00:00,80697.859375,80703.890625,80692.90625,80697.5625,563200
2026-05-12 09:29:00+00:00,80713.2265625,80713.2265625,80696.640625,80697.859375,0
2026-05-12 09:30:00+00:00,80860.3984375,80860.3984375,80723.6484375,80730.1875,0
2026-05-12 09:31:00+00:00,80817.1875,80871.2109375,80817.1796875,80863.5,0
2026-05-12 09:32:00+00:00,80854.2421875,80866.640625,80832.5,80832.5,1337344
2026-05-12 09:33:00+00:00,80906.53125,80906.53125,80839.7109375,80839.7109375,24164352
2026-05-12 09:34:00+00:00,80894.3828125,80925.703125,80894.3828125,80908.859375,1601536
2026-05-12 09:35:00+00:00,80886.6484375,80922.96875,80885.65625,80919.34375,0
2026-05-12 09:36:00+00:00,80897.34375,80899.9921875,80885.2109375,80893.109375,0
2026-05-12 09:37:00+00:00,80865.6796875,80899.9765625,80865.6796875,80897.34375,0
2026-05-12 09:38:00+00:00,80890.0,80890.0,80882.1796875,80882.1796875,276895744
2026-05-12 09:39:00+00:00,80914.3828125,80914.3828125,80882.3828125,80890.0,30806016
2026-05-12 09:40:00+00:00,80922.890625,80928.59375,80914.3828125,80914.3828125,0
2026-05-12 09:41:00+00:00,80896.5234375,80929.3125,80893.546875,80925.5625,0
2026-05-12 09:42:00+00:00,80896.25,80919.9921875,80893.9609375,80903.7890625,60022784
2026-05-12 09:43:00+00:00,80906.75,80910.0,80884.3984375,80887.3125,264259584
2026-05-12 09:44:00+00:00,80901.7265625,80921.96875,80901.71875,80906.7578125,0
2026-05-12 09:45:00+00:00,80920.3671875,80922.3984375,80892.671875,80892.671875,0
2026-05-12 09:46:00+00:00,80874.0390625,80920.1484375,80870.2734375,80920.1484375,0
2026-05-12 09:47:00+00:00,80840.4921875,80867.8984375,80824.40625,80867.8984375,0
2026-05-12 09:48:00+00:00,80866.59375,80866.59375,80826.296875,80835.609375,153565184
2026-05-12 09:49:00+00:00,80879.0,80879.0,80857.296875,80866.6015625,0
2026-05-12 09:50:00+00:00,80855.8203125,80876.7890625,80855.8203125,80876.7890625,288768
2026-05-12 09:51:00+00:00,80855.5,80865.25,80855.5,80863.296875,0
2026-05-12 09:52:00+00:00,80841.046875,80849.890625,80841.046875,80847.2734375,0
2026-05-12 09:53:00+00:00,80825.09375,80839.6484375,80825.09375,80835.609375,0
2026-05-12 09:54:00+00:00,80794.2421875,80809.578125,80790.9765625,80809.578125,0
2026-05-12 09:55:00+00:00,80798.3984375,80807.1171875,80776.71875,80782.90625,0
2026-05-12 09:56:00+00:00,80799.1484375,80801.4296875,80789.1015625,80789.203125,0
2026-05-12 09:57:00+00:00,80786.1015625,80796.7109375,80786.1015625,80796.7109375,0
2026-05-12 09:58:00+00:00,80786.0234375,80799.5078125,80781.7890625,80787.859375,23293952
2026-05-12 09:59:00+00:00,80799.703125,80800.671875,80789.671875,80789.671875,0
2026-05-12 10:00:00+00:00,80795.2890625,80802.1015625,80768.9375,80799.703125,14577664
2026-05-12 10:01:00+00:00,80789.34375,80794.84375,80781.25,80781.25,655360
2026-05-12 10:02:00+00:00,80770.5078125,80801.4296875,80770.5078125,80794.84375,0
2026-05-12 10:03:00+00:00,80751.9921875,80770.5078125,80736.40625,80770.5078125,0
2026-05-12 10:04:00+00:00,80749.390625,80754.796875,80749.3125,80751.9921875,0
2026-05-12 10:05:00+00:00,80771.2421875,80771.2421875,80749.390625,80749.390625,3926016
2026-05-12 10:06:00+00:00,80779.7890625,80779.7890625,80771.2265625,80771.2265625,0
2026-05-12 10:07:00+00:00,80798.6328125,80805.0,80782.890625,80782.890625,0
2026-05-12 10:08:00+00:00,80799.9921875,80800.0,80788.2734375,80798.71875,11751424
2026-05-12 10:09:00+00:00,80793.9375,80800.9609375,80786.046875,80799.9921875,2207744
2026-05-12 10:10:00+00:00,80791.078125,80801.7578125,80788.2109375,80795.2890625,3590144
2026-05-12 10:11:00+00:00,80788.21875,80799.9921875,80788.21875,80789.1484375,0
2026-05-12 10:12:00+00:00,80776.71875,80788.21875,80776.71875,80788.21875,44355584
2026-05-12 10:13:00+00:00,80773.1796875,80776.71875,80765.90625,80776.7109375,0
2026-05-12 10:14:00+00:00,80772.5234375,80789.09375,80772.5234375,80773.171875,151552
2026-05-12 10:15:00+00:00,80742.6015625,80770.5,80742.6015625,80770.5,7383040
2026-05-12 10:16:00+00:00,80745.6796875,80750.1328125,80742.609375,80742.609375,0
2026-05-12 10:17:00+00:00,80736.0234375,80745.6796875,80718.09375,80745.6796875,0
2026-05-12 10:18:00+00:00,80792.1875,80792.1875,80733.1875,80734.7734375,0
2026-05-12 10:19:00+00:00,80790.75,80792.203125,80783.8984375,80792.203125,0
2026-05-12 10:20:00+00:00,80786.0,80800.0,80786.0,80800.0,0
2026-05-12 10:21:00+00:00,80778.828125,80785.6015625,80767.5078125,80784.1171875,0
2026-05-12 10:22:00+00:00,80742.6015625,80777.796875,80742.6015625,80772.078125,0
2026-05-12 10:23:00+00:00,80702.3203125,80743.1015625,80702.3203125,80740.0703125,0
2026-05-12 10:24:00+00:00,80733.2890625,80733.2890625,80711.59375,80711.59375,380928
2026-05-12 10:25:00+00:00,80668.1875,80742.2890625,80654.7265625,80742.2890625,0
2026-05-12 10:26:00+00:00,80661.1875,80674.390625,80658.8984375,80658.8984375,2762752
2026-05-12 10:27:00+00:00,80683.6875,80685.359375,80668.203125,80668.203125,0
2026-05-12 10:28:00+00:00,80696.9296875,80705.3984375,80696.0,80696.0,4802560
2026-05-12 10:29:00+00:00,80694.3203125,80696.1015625,80688.140625,80694.5625,0
2026-05-12 10:30:00+00:00,80674.40625,80721.0,80674.3984375,80702.296875,82817024
2026-05-12 10:31:00+00:00,80664.5078125,80680.59375,80652.8984375,80665.109375,0
2026-05-12 10:32:00+00:00,80645.1328125,80666.8984375,80642.6015625,80666.8984375,0
2026-05-12 10:33:00+00:00,80640.078125,80653.8125,80635.5,80645.1328125,14016512
2026-05-12 10:34:00+00:00,80621.421875,80637.3671875,80615.0,80637.3671875,0
2026-05-12 10:35:00+00:00,80643.390625,80643.390625,80607.4375,80623.9765625,0
2026-05-12 10:36:00+00:00,80654.96875,80654.96875,80628.296875,80640.609375,98660352
2026-05-12 10:37:00+00:00,80682.5,80684.953125,80659.9921875,80659.9921875,3817472
2026-05-12 10:38:00+00:00,80710.84375,80710.84375,80700.0078125,80700.0078125,0
2026-05-12 10:39:00+00:00,80668.2109375,80709.96875,80668.2109375,80709.96875,0
2026-05-12 10:40:00+00:00,80679.140625,80685.7578125,80662.0,80662.0,0
2026-05-12 10:41:00+00:00,80685.6015625,80686.796875,80673.0625,80677.5,0
2026-05-12 10:42:00+00:00,80646.5,80686.796875,80646.5,80686.796875,0
2026-05-12 10:43:00+00:00,80661.359375,80661.359375,80627.8984375,80634.90625,313344
2026-05-12 10:44:00+00:00,80659.296875,80662.9375,80656.3828125,80661.359375,0
2026-05-12 10:45:00+00:00,80658.890625,80676.46875,80646.5,80659.296875,0
2026-05-12 10:46:00+00:00,80656.921875,80665.1015625,80656.1015625,80658.890625,0
2026-05-12 10:47:00+00:00,80662.3515625,80680.578125,80662.3515625,80668.1796875,817152
2026-05-12 10:48:00+00:00,80668.203125,80670.6015625,80660.7265625,80662.3515625,106332160
2026-05-12 10:49:00+00:00,80616.1171875,80668.203125,80616.1171875,80668.203125,0
2026-05-12 10:50:00+00:00,80661.296875,80670.0078125,80599.9765625,80599.9765625,0
2026-05-12 10:51:00+00:00,80660.5,80660.5078125,80640.296875,80643.3984375,0
2026-05-12 10:52:00+00:00,80674.390625,80674.390625,80649.6015625,80654.2265625,1425408
2026-05-12 10:53:00+00:00,80655.796875,80674.40625,80655.796875,80674.3984375,7475200
2026-05-12 10:54:00+00:00,80639.8125,80643.40625,80637.203125,80643.40625,22638592
2026-05-12 10:55:00+00:00,80639.8125,80639.8203125,80612.796875,80639.8203125,0
2026-05-12 10:56:00+00:00,80640.296875,80648.1171875,80640.296875,80647.953125,0
2026-05-12 10:57:00+00:00,80637.1875,80639.0,80625.8671875,80637.203125,50247680
2026-05-12 10:58:00+00:00,80634.1484375,80639.640625,80634.1484375,80637.1875,0
2026-05-12 10:59:00+00:00,80643.390625,80643.3984375,80633.53125,80633.53125,0
2026-05-12 11:00:00+00:00,80649.6015625,80664.0,80643.3984375,80664.0,0
2026-05-12 11:01:00+00:00,80630.0234375,80649.6015625,80630.0234375,80649.6015625,0
2026-05-12 11:02:00+00:00,80613.5703125,80634.4609375,80601.1875,80633.9296875,1130496
2026-05-12 11:03:00+00:00,80636.1171875,80636.1171875,80593.796875,80606.203125,0
2026-05-12 11:04:00+00:00,80630.0078125,80635.9921875,80621.203125,80630.9765625,3096576
2026-05-12 11:05:00+00:00,80544.5,80624.796875,80544.5,80624.796875,12062720
2026-05-12 11:06:00+00:00,80544.2109375,80565.890625,80532.7734375,80544.203125,0
2026-05-12 11:07:00+00:00,80534.90625,80550.2265625,80534.8984375,80539.4921875,0
2026-05-12 11:08:00+00:00,80588.5078125,80588.5078125,80505.0,80538.59375,0
2026-05-12 11:09:00+00:00,80588.2109375,80596.4375,80584.2109375,80596.4375,0
2026-05-12 11:10:00+00:00,80593.8125,80667.8125,80593.8125,80606.1875,0
2026-05-12 11:11:00+00:00,80582.53125,80591.953125,80576.5,80590.140625,0
2026-05-12 11:12:00+00:00,80556.609375,80574.7578125,80556.609375,80571.78125,125446144
2026-05-12 11:13:00+00:00,80554.84375,80565.5234375,80550.40625,80556.6015625,6432768
2026-05-12 11:14:00+00:00,80560.109375,80572.09375,80557.203125,80562.7890625,0
2026-05-12 11:15:00+00:00,80532.0,80560.109375,80525.6015625,80560.109375,31571968
2026-05-12 11:16:00+00:00,80500.796875,80522.5,80497.7265625,80522.5,0
2026-05-12 11:17:00+00:00,80496.5,80497.6875,80488.3984375,80491.078125,45056
2026-05-12 11:18:00+00:00,80485.6484375,80503.890625,80479.1015625,80503.890625,68720640
2026-05-12 11:19:00+00:00,80516.2890625,80516.2890625,80471.8984375,80477.5234375,0
2026-05-12 11:20:00+00:00,80528.6875,80528.6875,80492.0234375,80503.15625,22165504
2026-05-12 11:21:00+00:00,80541.9921875,80541.9921875,80524.2734375,80534.890625,0
2026-05-12 11:22:00+00:00,80550.609375,80575.3203125,80531.796875,80542.109375,27639808
2026-05-12 11:23:00+00:00,80565.890625,80565.890625,80547.90625,80556.59375,12742656
2026-05-12 11:24:00+00:00,80565.953125,80567.578125,80543.8828125,80558.8515625,39854080
2026-05-12 11:25:00+00:00,80615.59375,80615.59375,80565.9375,80565.9375,0
2026-05-12 11:26:00+00:00,80618.0,80634.03125,80606.3515625,80606.3515625,4718592
2026-05-12 11:27:00+00:00,80601.9921875,80629.9765625,80593.8125,80618.0078125,0
2026-05-12 11:28:00+00:00,80590.921875,80600.9609375,80590.7109375,80599.7265625,28043264
2026-05-12 11:29:00+00:00,80615.5703125,80615.578125,80603.09375,80603.09375,0
2026-05-12 11:30:00+00:00,80632.0078125,80636.7265625,80615.578125,80624.109375,0
2026-05-12 11:31:00+00:00,80635.1328125,80646.4921875,80621.5,80635.296875,7163904
2026-05-12 11:32:00+00:00,80624.8828125,80635.1328125,80622.1171875,80635.1328125,0
2026-05-12 11:33:00+00:00,80622.7421875,80630.7265625,80615.5078125,80624.8671875,61913088
2026-05-12 11:34:00+00:00,80639.9765625,80639.9765625,80618.09375,80622.7421875,5740544
2026-05-12 11:35:00+00:00,80637.2109375,80643.390625,80634.1171875,80640.296875,2144256
2026-05-12 11:36:00+00:00,80635.390625,80642.8671875,80629.828125,80640.0390625,37705728
2026-05-12 11:37:00+00:00,80637.2109375,80660.6015625,80635.390625,80635.390625,0
2026-05-12 11:38:00+00:00,80659.046875,80659.046875,80626.4765625,80626.4765625,6895616
2026-05-12 11:39:00+00:00,80655.921875,80673.3515625,80646.75,80661.4296875,45481984
2026-05-12 11:40:00+00:00,80678.4921875,80678.4921875,80662.0,80662.0,0
2026-05-12 11:41:00+00:00,80712.0234375,80712.0234375,80678.4921875,80678.4921875,261328896
2026-05-12 11:42:00+00:00,80704.65625,80712.0078125,80699.5,80702.703125,129343488
2026-05-12 11:43:00+00:00,80702.2890625,80702.2890625,80693.0078125,80700.859375,0
2026-05-12 11:44:00+00:00,80710.0234375,80715.328125,80705.390625,80705.390625,4831232
2026-05-12 11:45:00+00:00,80693.0078125,80711.3984375,80693.0078125,80710.0,42283008
2026-05-12 11:46:00+00:00,80716.6796875,80716.6875,80685.6875,80693.0234375,8450048
2026-05-12 11:47:00+00:00,80723.0703125,80723.0703125,80714.203125,80714.4375,2592768
2026-05-12 11:48:00+00:00,80742.59375,80742.59375,80720.2265625,80720.2265625,0
2026-05-12 11:49:00+00:00,80720.3828125,80742.7265625,80720.3828125,80739.90625,0
2026-05-12 11:50:00+00:00,80715.21875,80721.4765625,80712.8125,80721.4765625,2084864
2026-05-12 11:51:00+00:00,80717.171875,80724.8671875,80709.4609375,80715.21875,0
2026-05-12 11:52:00+00:00,80725.296875,80739.4921875,80708.0,80727.09375,263223296
2026-05-12 11:53:00+00:00,80714.6875,80725.296875,80697.78125,80725.296875,0
2026-05-12 11:54:00+00:00,80743.8828125,80749.8671875,80720.890625,80720.890625,0
2026-05-12 11:55:00+00:00,80749.859375,80749.859375,80730.203125,80739.578125,290256896
2026-05-12 11:56:00+00:00,80741.46875,80761.96875,80741.46875,80750.0,5197824
2026-05-12 11:57:00+00:00,80746.546875,80746.5703125,80739.9921875,80739.9921875,44505088
2026-05-12 11:58:00+00:00,80754.1328125,80756.2421875,80748.796875,80754.9921875,0
2026-05-12 11:59:00+00:00,80764.296875,80764.296875,80746.5625,80754.1171875,0
2026-05-12 12:00:00+00:00,80767.3671875,80767.3828125,80742.609375,80755.3203125,11397120
2026-05-12 12:01:00+00:00,80769.1484375,80769.1484375,80753.0390625,80753.0390625,0
2026-05-12 12:02:00+00:00,80780.75,80780.75,80767.390625,80767.390625,319406080
2026-05-12 12:03:00+00:00,80754.0,80778.0703125,80754.0,80777.25,0
2026-05-12 12:04:00+00:00,80731.40625,80751.9296875,80731.40625,80751.9296875,0
2026-05-12 12:05:00+00:00,80744.59375,80744.59375,80730.0078125,80730.0078125,0
2026-05-12 12:06:00+00:00,80708.5078125,80740.1484375,80708.5078125,80740.1484375,0
2026-05-12 12:07:00+00:00,80675.65625,80716.171875,80675.65625,80716.171875,710656
2026-05-12 12:08:00+00:00,80689.078125,80689.078125,80675.65625,80683.6875,1157120
2026-05-12 12:09:00+00:00,80772.578125,80772.578125,80717.7890625,80717.7890625,0
2026-05-12 12:10:00+00:00,80799.5,80826.3203125,80776.703125,80776.703125,10498048
2026-05-12 12:11:00+00:00,80799.9921875,80813.8984375,80799.5,80799.5,3733504
2026-05-12 12:12:00+00:00,80802.7578125,80802.7578125,80782.90625,80799.9921875,7069696
2026-05-12 12:13:00+00:00,80791.90625,80805.9921875,80791.90625,80800.25,3264512
2026-05-12 12:14:00+00:00,80798.9765625,80803.7578125,80789.1328125,80790.0,0
2026-05-12 12:15:00+00:00,80801.03125,80801.03125,80792.2890625,80799.9921875,31907840
2026-05-12 12:16:00+00:00,80776.7265625,80802.890625,80776.7265625,80800.0,2791424
2026-05-12 12:17:00+00:00,80793.1796875,80803.9765625,80793.1796875,80795.2890625,4886528
2026-05-12 12:18:00+00:00,80786.0,80805.59375,80786.0,80799.4609375,23742464
2026-05-12 12:19:00+00:00,80797.4765625,80808.6484375,80790.0,80790.0,0
2026-05-12 12:20:00+00:00,80783.453125,80799.9921875,80782.59375,80792.2109375,0
2026-05-12 12:21:00+00:00,80822.71875,80822.71875,80779.796875,80779.796875,0
2026-05-12 12:22:00+00:00,80791.078125,80826.2421875,80781.4609375,80821.84375,1062912
2026-05-12 12:23:00+00:00,80798.109375,80798.1171875,80784.296875,80784.296875,4141056
2026-05-12 12:24:00+00:00,80789.328125,80798.109375,80787.421875,80798.109375,0
2026-05-12 12:25:00+00:00,80785.9921875,80785.9921875,80759.859375,80778.09375,37392384
2026-05-12 12:26:00+00:00,80752.6328125,80787.21875,80745.3515625,80785.9921875,5437440
2026-05-12 12:27:00+00:00,80717.796875,80747.8125,80717.796875,80747.8125,81801216
2026-05-12 12:28:00+00:00,80791.046875,80798.40625,80736.390625,80736.390625,0
2026-05-12 12:29:00+00:00,80784.84375,80798.421875,80783.9921875,80792.5703125,2373632
2026-05-12 12:30:00+00:00,80643.1484375,80853.8203125,80642.0,80853.8203125,0
2026-05-12 12:31:00+00:00,80605.7578125,80723.96875,80605.7578125,80723.96875,0
2026-05-12 12:32:00+00:00,80603.9765625,80655.796875,80593.4765625,80605.578125,24506368
2026-05-12 12:33:00+00:00,80641.84375,80678.1328125,80618.6015625,80618.6015625,0
2026-05-12 12:34:00+00:00,80751.609375,80806.03125,80652.6875,80652.6875,9840640
2026-05-12 12:35:00+00:00,80823.1875,80823.1875,80759.65625,80759.65625,0
2026-05-12 12:36:00+00:00,80836.828125,80850.0390625,80829.8203125,80837.3203125,4544512
2026-05-12 12:37:00+00:00,80896.7109375,80900.0078125,80849.7265625,80849.7265625,0
2026-05-12 12:38:00+00:00,80961.6484375,80961.6484375,80888.5625,80888.5625,0
2026-05-12 12:39:00+00:00,80963.5390625,80983.078125,80951.9765625,80983.078125,258007040
2026-05-12 12:40:00+00:00,80978.1015625,80981.296875,80953.40625,80953.40625,9375744
2026-05-12 12:41:00+00:00,80947.2109375,80954.03125,80944.109375,80950.0,0
2026-05-12 12:42:00+00:00,80887.78125,80972.0,80887.78125,80947.2109375,0
2026-05-12 12:43:00+00:00,80893.546875,80916.203125,80879.4609375,80884.859375,2891776
2026-05-12 12:44:00+00:00,80836.2578125,80887.8125,80836.2578125,80885.2109375,4417536
2026-05-12 12:45:00+00:00,80875.8984375,80875.8984375,80831.9375,80832.5078125,86781952
2026-05-12 12:46:00+00:00,80877.34375,80899.8125,80877.34375,80881.9296875,0
2026-05-12 12:47:00+00:00,80923.9765625,80931.0625,80879.7265625,80879.7265625,3602432
2026-05-12 12:48:00+00:00,80929.890625,80929.890625,80907.8515625,80923.0625,0
2026-05-12 12:49:00+00:00,80946.0,80959.6015625,80930.71875,80930.71875,260775936
2026-05-12 12:50:00+00:00,80879.3984375,80944.21875,80879.3984375,80944.109375,194060288
2026-05-12 12:51:00+00:00,80875.8984375,80922.3828125,80875.8984375,80896.0390625,0
2026-05-12 12:52:00+00:00,80878.25,80879.828125,80874.078125,80879.828125,0
2026-05-12 12:53:00+00:00,80875.9296875,80889.9921875,80875.421875,80875.421875,4775936
2026-05-12 12:54:00+00:00,80885.03125,80900.671875,80880.328125,80880.328125,25839616
2026-05-12 12:55:00+00:00,80878.9765625,80878.9765625,80845.9921875,80875.9375,1884160
2026-05-12 12:56:00+00:00,80871.4765625,80880.8984375,80869.703125,80880.4921875,1728512
2026-05-12 12:57:00+00:00,80857.9765625,80879.0,80844.9921875,80871.4765625,0
2026-05-12 12:58:00+00:00,80841.8671875,80857.9765625,80840.2578125,80857.9765625,15204352
2026-05-12 12:59:00+00:00,80862.5390625,80862.546875,80847.9921875,80847.9921875,1386496
2026-05-12 13:00:00+00:00,80878.9921875,80878.9921875,80838.4296875,80862.5390625,38412288
2026-05-12 13:01:00+00:00,80867.671875,80898.4921875,80867.671875,80884.796875,2627584
2026-05-12 13:02:00+00:00,80910.6484375,80910.6484375,80865.8203125,80865.8203125,0
2026-05-12 13:03:00+00:00,80898.0,80906.359375,80871.6015625,80906.359375,0
2026-05-12 13:04:00+00:00,80869.6875,80896.8125,80857.296875,80896.8125,272480256
2026-05-12 13:05:00+00:00,80897.6015625,80897.6015625,80863.5,80869.7109375,3330048
2026-05-12 13:06:00+00:00,80884.8828125,80903.7109375,80875.8984375,80903.7109375,4456448
2026-05-12 13:07:00+00:00,80896.46875,80899.6015625,80876.203125,80879.0,0
2026-05-12 13:08:00+00:00,80886.8984375,80894.140625,80882.109375,80893.6171875,7516160
2026-05-12 13:09:00+00:00,80866.7265625,80888.4375,80861.09375,80884.1875,49836032
2026-05-12 13:10:00+00:00,80851.1015625,80861.1171875,80851.1015625,80861.1015625,0
2026-05-12 13:11:00+00:00,80866.6015625,80903.0390625,80860.40625,80876.59375,3284992
2026-05-12 13:12:00+00:00,80860.40625,80873.0,80860.40625,80866.609375,0
2026-05-12 13:13:00+00:00,80848.0078125,80860.4296875,80848.0,80860.3984375,6150144
2026-05-12 13:14:00+00:00,80778.2734375,80844.8984375,80778.2734375,80844.8984375,5545984
2026-05-12 13:15:00+00:00,80767.40625,80783.2109375,80750.5234375,80776.140625,30177280
2026-05-12 13:16:00+00:00,80779.8125,80788.9609375,80745.7109375,80745.7109375,0
2026-05-12 13:17:00+00:00,80759.5625,80788.953125,80758.1015625,80775.6328125,684032
2026-05-12 13:18:00+00:00,80733.6015625,80754.3515625,80731.5625,80744.2265625,0
2026-05-12 13:19:00+00:00,80683.7109375,80733.6015625,80680.609375,80733.6015625,0
2026-05-12 13:20:00+00:00,80654.6875,80680.6015625,80641.09375,80680.6015625,0
2026-05-12 13:21:00+00:00,80659.3515625,80675.0390625,80641.09375,80664.6796875,0
2026-05-12 13:22:00+00:00,80655.71875,80662.0,80649.609375,80659.359375,0
2026-05-12 13:23:00+00:00,80687.1875,80687.203125,80662.0,80662.0,0
2026-05-12 13:24:00+00:00,80676.5078125,80687.5703125,80676.5078125,80682.6171875,43268096
2026-05-12 13:25:00+00:00,80613.4609375,80636.53125,80613.4609375,80622.34375,0
2026-05-12 13:26:00+00:00,80624.5625,80636.5234375,80605.0078125,80610.109375,61388800
2026-05-12 13:27:00+00:00,80603.2890625,80627.796875,80603.2890625,80624.546875,0
2026-05-12 13:28:00+00:00,80623.0625,80627.8984375,80615.5078125,80627.8125,0
2026-05-12 13:29:00+00:00,80631.0,80634.1015625,80611.21875,80623.0625,0
2026-05-12 13:30:00+00:00,80609.296875,80612.390625,80587.6015625,80590.0078125,136404992
2026-05-12 13:31:00+00:00,80678.1875,80678.1875,80590.7109375,80597.6796875,1019904
2026-05-12 13:32:00+00:00,80676.1015625,80696.0625,80666.8671875,80677.5,1443840
2026-05-12 13:33:00+00:00,80639.2421875,80678.828125,80585.9765625,80678.828125,21889024
2026-05-12 13:34:00+00:00,80652.7109375,80679.609375,80616.96875,80632.0234375,0
2026-05-12 13:35:00+00:00,80591.109375,80623.03125,80574.921875,80618.6015625,860160
2026-05-12 13:36:00+00:00,80592.78125,80627.640625,80559.703125,80615.5,649216
2026-05-12 13:37:00+00:00,80615.5,80615.5,80563.0078125,80593.046875,0
2026-05-12 13:38:00+00:00,80637.8125,80637.8125,80596.9609375,80596.9609375,0
2026-05-12 13:39:00+00:00,80733.84375,80738.3203125,80635.546875,80635.546875,0
2026-05-12 13:40:00+00:00,80749.3203125,80786.2421875,80717.8125,80761.203125,0
2026-05-12 13:41:00+00:00,80747.1171875,80771.53125,80737.953125,80743.8671875,7847936
2026-05-12 13:42:00+00:00,80697.6875,80745.6875,80677.8671875,80740.0,0
2026-05-12 13:43:00+00:00,80745.2109375,80759.7890625,80718.4296875,80718.703125,0
2026-05-12 13:44:00+00:00,80745.6875,80798.2421875,80714.703125,80756.21875,0
2026-05-12 13:45:00+00:00,80824.140625,80851.09375,80749.9921875,80749.9921875,28405760
2026-05-12 13:46:00+00:00,80804.96875,80857.2890625,80727.9921875,80844.8984375,0
2026-05-12 13:47:00+00:00,80651.9921875,80802.890625,80651.9921875,80802.890625,1294336
2026-05-12 13:48:00+00:00,80668.2109375,80692.0234375,80653.59375,80671.3125,0
2026-05-12 13:49:00+00:00,80718.0703125,80720.8984375,80663.3671875,80668.6484375,0
2026-05-12 13:50:00+00:00,80672.2734375,80737.9296875,80667.2578125,80705.40625,0
2026-05-12 13:51:00+00:00,80668.1328125,80689.53125,80656.1484375,80656.1484375,41195520
2026-05-12 13:52:00+00:00,80661.0078125,80669.890625,80633.4296875,80669.890625,19832832
2026-05-12 13:53:00+00:00,80661.4609375,80736.3984375,80656.28125,80668.203125,6453248
2026-05-12 13:54:00+00:00,80644.640625,80665.609375,80641.9765625,80665.609375,45514752
2026-05-12 13:55:00+00:00,80635.6328125,80644.671875,80580.796875,80644.671875,0
2026-05-12 13:56:00+00:00,80516.3125,80656.7578125,80516.3125,80656.7578125,11122688
2026-05-12 13:57:00+00:00,80511.2265625,80553.5,80511.2265625,80525.59375,49285120
2026-05-12 13:58:00+00:00,80457.40625,80513.4296875,80457.40625,80511.0234375,0
2026-05-12 13:59:00+00:00,80432.2734375,80488.59375,80385.9765625,80488.59375,2480128
2026-05-12 14:00:00+00:00,80423.2890625,80436.8203125,80359.90625,80407.8125,0
2026-05-12 14:01:00+00:00,80560.046875,80560.046875,80428.6875,80428.6875,0
2026-05-12 14:02:00+00:00,80482.3984375,80575.1875,80482.3984375,80548.1796875,10958848
2026-05-12 14:03:00+00:00,80472.953125,80494.8515625,80471.296875,80477.8671875,115351552
2026-05-12 14:04:00+00:00,80528.6875,80528.6875,80430.1875,80477.1015625,0
2026-05-12 14:05:00+00:00,80646.65625,80646.65625,80579.2890625,80579.2890625,0
2026-05-12 14:06:00+00:00,80647.53125,80661.9921875,80624.5,80645.5078125,50100224
2026-05-12 14:07:00+00:00,80667.0,80680.609375,80657.9921875,80657.9921875,5570560
2026-05-12 14:08:00+00:00,80544.1875,80659.9921875,80523.671875,80659.9921875,96256
2026-05-12 14:09:00+00:00,80599.5,80603.8671875,80556.6015625,80556.6015625,101160960
2026-05-12 14:10:00+00:00,80574.9609375,80613.1015625,80574.9609375,80612.640625,8273920
2026-05-12 14:11:00+00:00,80599.7421875,80614.640625,80574.4765625,80574.4765625,0
2026-05-12 14:12:00+00:00,80609.3125,80649.546875,80593.4296875,80595.5,160141312
2026-05-12 14:13:00+00:00,80655.8125,80689.890625,80648.078125,80648.078125,5718016
2026-05-12 14:14:00+00:00,80686.796875,80699.1875,80666.96875,80666.96875,1927168
2026-05-12 14:15:00+00:00,80713.3671875,80713.3671875,80665.1015625,80685.421875,143339520
2026-05-12 14:16:00+00:00,80674.34375,80728.9921875,80674.34375,80723.6328125,0
2026-05-12 14:17:00+00:00,80640.5625,80677.5,80612.40625,80677.5,0
2026-05-12 14:18:00+00:00,80680.40625,80680.40625,80640.5234375,80640.5234375,0
2026-05-12 14:19:00+00:00,80770.5,80770.5,80684.703125,80684.703125,11087872
2026-05-12 14:20:00+00:00,80755.9921875,80789.0234375,80755.0,80780.9921875,3819520
2026-05-12 14:21:00+00:00,80802.1171875,80807.703125,80755.0,80755.0,0
2026-05-12 14:22:00+00:00,80804.6015625,80833.96875,80788.3671875,80807.6875,180760576
2026-05-12 14:23:00+00:00,80808.4375,80808.4375,80779.796875,80798.40625,3426304
2026-05-12 14:24:00+00:00,80778.0,80807.7109375,80770.2421875,80807.7109375,0
2026-05-12 14:25:00+00:00,80804.3828125,80820.1015625,80773.609375,80782.8984375,1794048
2026-05-12 14:26:00+00:00,80750.0078125,80811.0703125,80750.0078125,80807.8984375,0
2026-05-12 14:27:00+00:00,80713.9375,80750.0,80692.9765625,80750.0,7069696
2026-05-12 14:28:00+00:00,80603.2890625,80715.2265625,80603.2890625,80713.0,152375296
2026-05-12 14:29:00+00:00,80631.9765625,80646.4765625,80572.1015625,80572.1015625,8871936
2026-05-12 14:30:00+00:00,80590.6875,80653.9921875,80590.6875,80608.0,25389056
2026-05-12 14:31:00+00:00,80537.4375,80575.2109375,80462.53125,80575.2109375,0
2026-05-12 14:32:00+00:00,80470.90625,80538.390625,80470.90625,80488.40625,0
2026-05-12 14:33:00+00:00,80438.078125,80485.296875,80396.0,80474.0390625,0
2026-05-12 14:34:00+00:00,80497.6875,80497.6875,80392.296875,80407.796875,0
2026-05-12 14:35:00+00:00,80473.3671875,80540.96875,80443.1015625,80538.0390625,0
2026-05-12 14:36:00+00:00,80537.9921875,80537.9921875,80488.2734375,80488.390625,0
2026-05-12 14:37:00+00:00,80637.203125,80637.203125,80537.9921875,80537.9921875,0
2026-05-12 14:38:00+00:00,80662.0078125,80664.703125,80620.0078125,80620.0078125,3379200
2026-05-12 14:39:00+00:00,80780.1875,80789.359375,80677.4921875,80677.4921875,0
2026-05-12 14:40:00+00:00,80790.7890625,80792.1796875,80733.296875,80773.328125,0
2026-05-12 14:41:00+00:00,80813.8984375,80823.203125,80777.9375,80790.7890625,0
2026-05-12 14:42:00+00:00,80823.203125,80839.2421875,80820.140625,80820.140625,0
2026-05-12 14:43:00+00:00,80798.0078125,80880.0078125,80792.203125,80841.78125,5275648
2026-05-12 14:44:00+00:00,80782.171875,80806.1328125,80777.78125,80794.421875,8314880
2026-05-12 14:45:00+00:00,80717.8125,80778.34375,80711.6015625,80778.34375,124256256
2026-05-12 14:46:00+00:00,80699.1875,80721.8984375,80683.7109375,80714.703125,4091904
2026-05-12 14:47:00+00:00,80674.3984375,80699.03125,80621.703125,80686.796875,1540096
2026-05-12 14:48:00+00:00,80659.5703125,80673.75,80647.9609375,80671.296875,0
2026-05-12 14:49:00+00:00,80597.3515625,80653.7890625,80562.0,80653.7890625,228421632
2026-05-12 14:50:00+00:00,80515.0,80595.5390625,80515.0,80589.5390625,4814848
2026-05-12 14:51:00+00:00,80481.78125,80510.96875,80450.9921875,80487.59375,0
2026-05-12 14:52:00+00:00,80568.9921875,80568.9921875,80464.203125,80484.4296875,0
2026-05-12 14:53:00+00:00,80542.2265625,80576.7578125,80542.2265625,80562.7734375,0
2026-05-12 14:54:00+00:00,80555.578125,80555.578125,80514.71875,80535.96875,0
2026-05-12 14:55:00+00:00,80493.9921875,80568.0,80493.9921875,80562.140625,2883584
2026-05-12 14:56:00+00:00,80504.9609375,80510.0078125,80471.96875,80493.3515625,3139584
2026-05-12 14:57:00+00:00,80516.4765625,80518.03125,80478.6015625,80504.9921875,158058496
2026-05-12 14:58:00+00:00,80499.2109375,80534.0,80499.2109375,80534.0,0
2026-05-12 14:59:00+00:00,80525.9765625,80525.9765625,80470.3671875,80482.71875,0
2026-05-12 15:00:00+00:00,80451.90625,80518.28125,80451.90625,80518.28125,0
2026-05-12 15:01:00+00:00,80426.6796875,80447.1796875,80413.9921875,80444.7421875,1251328
2026-05-12 15:02:00+00:00,80420.109375,80425.0,80393.703125,80420.1015625,0
2026-05-12 15:03:00+00:00,80451.7109375,80473.6875,80406.7421875,80412.609375,0
2026-05-12 15:04:00+00:00,80464.296875,80506.640625,80464.2890625,80483.671875,0
2026-05-12 15:05:00+00:00,80490.0,80490.0,80436.0,80477.046875,17897472
2026-05-12 15:06:00+00:00,80514.2265625,80537.4375,80482.390625,80482.390625,0
2026-05-12 15:07:00+00:00,80589.296875,80601.609375,80506.203125,80506.203125,2136064
2026-05-12 15:08:00+00:00,80576.9765625,80601.0,80553.5234375,80584.75,6268928
2026-05-12 15:09:00+00:00,80621.1015625,80621.1015625,80580.90625,80584.2421875,0
2026-05-12 15:10:00+00:00,80642.5703125,80642.5703125,80602.3203125,80623.0390625,34426880
2026-05-12 15:11:00+00:00,80599.328125,80637.8125,80587.6015625,80637.8125,4673536
2026-05-12 15:12:00+00:00,80590.9609375,80604.3515625,80586.1796875,80592.0703125,47273984
2026-05-12 15:13:00+00:00,80624.171875,80624.171875,80599.546875,80602.65625,5756928
2026-05-12 15:14:00+00:00,80584.25,80624.0078125,80577.828125,80624.0078125,0
2026-05-12 15:15:00+00:00,80535.1875,80584.25,80510.0,80584.25,0
2026-05-12 15:16:00+00:00,80527.96875,80542.5390625,80501.671875,80523.953125,663552
2026-05-12 15:17:00+00:00,80559.1171875,80564.1484375,80512.0,80512.0,11382784
2026-05-12 15:18:00+00:00,80477.25,80566.4296875,80477.046875,80566.4296875,0
2026-05-12 15:19:00+00:00,80530.7890625,80538.921875,80482.328125,80484.5,0
2026-05-12 15:20:00+00:00,80513.46875,80543.9765625,80471.34375,80543.9765625,0
2026-05-12 15:21:00+00:00,80454.0,80531.4609375,80454.0,80531.4609375,21819392
2026-05-12 15:22:00+00:00,80384.109375,80456.203125,80384.109375,80456.203125,0
2026-05-12 15:23:00+00:00,80317.40625,80393.2890625,80317.40625,80393.2890625,0
2026-05-12 15:24:00+00:00,80205.703125,80317.40625,80205.703125,80317.40625,13240320
2026-05-12 15:25:00+00:00,80152.7734375,80249.2421875,80152.7734375,80212.9296875,0
2026-05-12 15:26:00+00:00,80209.0625,80222.21875,80161.8984375,80163.1171875,7092224
2026-05-12 15:27:00+00:00,80235.96875,80235.96875,80185.921875,80209.046875,26998784
2026-05-12 15:28:00+00:00,80156.1171875,80242.5625,80145.1171875,80237.1796875,13805568
2026-05-12 15:29:00+00:00,80181.96875,80218.7109375,80143.65625,80145.3984375,11337728
2026-05-12 15:30:00+00:00,80232.5234375,80250.0,80190.4765625,80190.4765625,0
2026-05-12 15:31:00+00:00,80289.453125,80292.75,80227.96875,80227.96875,0
2026-05-12 15:32:00+00:00,80316.65625,80339.703125,80314.2890625,80314.2890625,571019264
2026-05-12 15:33:00+00:00,80393.2890625,80393.2890625,80298.0,80326.2890625,0
2026-05-12 15:34:00+00:00,80413.390625,80435.53125,80388.0078125,80388.0078125,2226176
2026-05-12 15:35:00+00:00,80369.84375,80408.59375,80348.1484375,80408.59375,0
2026-05-12 15:36:00+00:00,80353.53125,80379.890625,80335.0390625,80350.84375,0
2026-05-12 15:37:00+00:00,80357.15625,80379.703125,80353.671875,80365.0234375,0
2026-05-12 15:38:00+00:00,80389.9375,80389.9375,80355.90625,80355.90625,9162752
2026-05-12 15:39:00+00:00,80349.2734375,80393.671875,80349.2734375,80389.9375,48576512
2026-05-12 15:40:00+00:00,80328.5390625,80359.8125,80325.3515625,80359.8125,0
2026-05-12 15:41:00+00:00,80272.34375,80339.703125,80242.546875,80338.6171875,0
2026-05-12 15:42:00+00:00,80293.4296875,80312.5703125,80245.296875,80259.3203125,5363712
2026-05-12 15:43:00+00:00,80350.1015625,80352.96875,80290.8984375,80290.8984375,0
2026-05-12 15:44:00+00:00,80333.0,80357.5078125,80326.4609375,80354.1796875,81590272
2026-05-12 15:45:00+00:00,80289.9765625,80376.0234375,80289.9765625,80340.0,154175488
2026-05-12 15:46:00+00:00,80287.1875,80306.203125,80265.9765625,80306.203125,0
2026-05-12 15:47:00+00:00,80262.640625,80281.8671875,80243.15625,80276.2578125,2545664
2026-05-12 15:48:00+00:00,80276.3828125,80278.859375,80246.1875,80269.328125,90654720
2026-05-12 15:49:00+00:00,80260.2109375,80277.1875,80245.8984375,80277.1875,0
2026-05-12 15:50:00+00:00,80304.1328125,80304.1328125,80265.828125,80282.75,9656320
2026-05-12 15:51:00+00:00,80384.0,80386.59375,80319.8984375,80319.8984375,0
2026-05-12 15:52:00+00:00,80361.953125,80394.9921875,80353.1171875,80373.1328125,0
2026-05-12 15:53:00+00:00,80350.0390625,80383.2421875,80342.0078125,80363.140625,7911424
2026-05-12 15:54:00+00:00,80370.640625,80386.59375,80350.0390625,80350.0390625,45686784
2026-05-12 15:55:00+00:00,80396.640625,80396.640625,80327.90625,80338.3671875,13697024
2026-05-12 15:56:00+00:00,80395.0,80415.453125,80386.6015625,80388.0078125,0
2026-05-12 15:57:00+00:00,80326.28125,80412.9296875,80317.53125,80412.9296875,6264832
2026-05-12 15:58:00+00:00,80315.6796875,80331.71875,80313.34375,80313.34375,13002752
2026-05-12 15:59:00+00:00,80295.5390625,80329.6484375,80295.5390625,80322.953125,0
2026-05-12 16:00:00+00:00,80265.359375,80269.15625,80180.59375,80269.15625,58808320
2026-05-12 16:01:00+00:00,80299.203125,80312.0,80247.1875,80264.9609375,0
2026-05-12 16:02:00+00:00,80340.0,80350.0,80300.9921875,80300.9921875,0
2026-05-12 16:03:00+00:00,80349.7421875,80393.296875,80349.7421875,80368.0,1372160
2026-05-12 16:04:00+00:00,80299.7421875,80359.7109375,80299.7421875,80355.25,0
2026-05-12 16:05:00+00:00,80287.03125,80299.578125,80269.3515625,80299.578125,0
2026-05-12 16:06:00+00:00,80282.140625,80282.7421875,80252.96875,80269.3515625,316844032
2026-05-12 16:07:00+00:00,80289.453125,80312.2421875,80278.40625,80279.6328125,0
2026-05-12 16:08:00+00:00,80262.6484375,80292.8828125,80250.046875,80288.8984375,0
2026-05-12 16:09:00+00:00,80312.296875,80318.3984375,80260.2265625,80260.2265625,0
2026-05-12 16:10:00+00:00,80294.078125,80336.3515625,80282.7734375,80319.6015625,0
2026-05-12 16:11:00+00:00,80305.078125,80309.0625,80290.6484375,80290.6484375,2879488
2026-05-12 16:12:00+00:00,80304.5234375,80314.1796875,80282.8515625,80303.8671875,0
2026-05-12 16:13:00+00:00,80375.96875,80379.8984375,80316.2421875,80316.2421875,0
2026-05-12 16:14:00+00:00,80341.46875,80381.3671875,80341.46875,80381.15625,0
2026-05-12 16:15:00+00:00,80249.25,80329.9921875,80233.8203125,80316.7265625,58566656
2026-05-12 16:16:00+00:00,80204.7109375,80247.2109375,80179.0,80247.2109375,0
2026-05-12 16:17:00+00:00,80265.9921875,80286.09375,80201.390625,80201.390625,0
2026-05-12 16:18:00+00:00,80286.921875,80300.9375,80266.9765625,80266.9765625,2285568
2026-05-12 16:19:00+00:00,80326.3125,80349.7421875,80302.8515625,80302.8515625,0
2026-05-12 16:20:00+00:00,80364.75,80370.21875,80310.453125,80316.2578125,10246144
2026-05-12 16:21:00+00:00,80257.9921875,80369.84375,80257.9921875,80365.2890625,90531840
2026-05-12 16:22:00+00:00,80312.890625,80312.890625,80255.546875,80255.546875,0
2026-05-12 16:23:00+00:00,80277.4296875,80306.0,80277.4296875,80306.0,0
2026-05-12 16:24:00+00:00,80272.3671875,80280.8125,80242.8828125,80280.8125,0
2026-05-12 16:25:00+00:00,80227.8828125,80274.9375,80221.25,80272.3828125,0
2026-05-12 16:26:00+00:00,80255.046875,80256.1328125,80215.328125,80226.8671875,17111040
2026-05-12 16:27:00+00:00,80242.671875,80256.1328125,80237.84375,80253.578125,20402176
2026-05-12 16:28:00+00:00,80299.2265625,80299.2265625,80253.7890625,80253.7890625,0
2026-05-12 16:29:00+00:00,80258.9609375,80303.578125,80256.1328125,80302.84375,0
2026-05-12 16:30:00+00:00,80265.328125,80275.671875,80265.328125,80265.9921875,0
2026-05-12 16:31:00+00:00,80284.953125,80287.0234375,80233.9765625,80233.9765625,0
2026-05-12 16:32:00+00:00,80275.1484375,80277.859375,80249.25,80266.0390625,0
2026-05-12 16:33:00+00:00,80222.4609375,80244.0078125,80212.3984375,80232.5,0
2026-05-12 16:34:00+00:00,80245.796875,80245.8125,80216.5703125,80216.5703125,0
2026-05-12 16:35:00+00:00,80253.7421875,80259.296875,80235.84375,80249.2421875,0
2026-05-12 16:36:00+00:00,80310.84375,80311.9375,80257.578125,80268.03125,0
2026-05-12 16:37:00+00:00,80279.3203125,80309.84375,80272.703125,80302.8515625,0
2026-05-12 16:38:00+00:00,80247.1875,80289.4375,80241.9921875,80286.09375,0
2026-05-12 16:39:00+00:00,80250.0703125,80254.90625,80239.921875,80250.0703125,0
2026-05-12 16:40:00+00:00,80269.71875,80289.4375,80259.296875,80274.6875,0
2026-05-12 16:41:00+00:00,80230.2109375,80264.0234375,80225.796875,80263.3984375,9359360
2026-05-12 16:42:00+00:00,80204.8828125,80217.171875,80179.7265625,80215.75,0
2026-05-12 16:43:00+00:00,80223.78125,80235.84375,80207.546875,80207.546875,411648
2026-05-12 16:44:00+00:00,80222.4375,80229.140625,80216.2578125,80217.0078125,0
2026-05-12 16:45:00+00:00,80094.5390625,80254.9921875,80077.0,80254.9921875,208896
2026-05-12 16:46:00+00:00,79920.953125,80034.8828125,79916.0,80000.0,0
2026-05-12 16:47:00+00:00,79881.921875,79931.0078125,79861.53125,79911.3984375,0
2026-05-12 16:48:00+00:00,79905.21875,79934.328125,79860.5625,79887.453125,0
2026-05-12 16:49:00+00:00,79959.0,79959.0,79910.7890625,79937.703125,0
2026-05-12 16:50:00+00:00,79822.2578125,79948.8671875,79822.2578125,79945.03125,65992704
2026-05-12 16:51:00+00:00,79905.0,79905.0,79819.75,79830.5,147476480
2026-05-12 16:52:00+00:00,79858.8671875,79917.59375,79858.8671875,79893.203125,2521088
2026-05-12 16:53:00+00:00,79894.9296875,79907.546875,79861.671875,79861.671875,6756352
2026-05-12 16:54:00+00:00,79938.796875,79941.546875,79863.96875,79893.1796875,0
2026-05-12 16:55:00+00:00,79953.453125,79953.453125,79901.359375,79938.25,68014080
2026-05-12 16:56:00+00:00,79984.59375,80001.34375,79947.7421875,79947.7421875,10317824
2026-05-12 16:57:00+00:00,80006.03125,80045.3125,79994.78125,80001.3203125,133750784
2026-05-12 16:58:00+00:00,79955.8203125,80018.5390625,79954.4609375,80003.390625,7927808
2026-05-12 16:59:00+00:00,79965.0078125,79978.3203125,79961.71875,79961.71875,4134912
2026-05-12 17:00:00+00:00,79999.6015625,80007.453125,79928.1875,80007.453125,0
2026-05-12 17:01:00+00:00,80005.6171875,80027.1484375,80003.859375,80004.703125,89710592
2026-05-12 17:02:00+00:00,80047.7890625,80050.0,80016.59375,80018.09375,0
2026-05-12 17:03:00+00:00,80071.296875,80075.0390625,80010.0390625,80050.0,0
2026-05-12 17:04:00+00:00,80081.7421875,80091.8125,80063.09375,80083.421875,0
2026-05-12 17:05:00+00:00,80091.796875,80091.796875,80078.40625,80081.7421875,0
2026-05-12 17:06:00+00:00,80085.6796875,80108.4296875,80085.6796875,80098.4921875,0
2026-05-12 17:07:00+00:00,80097.2578125,80109.1796875,80081.75,80081.75,573440
2026-05-12 17:08:00+00:00,80057.171875,80096.0,80036.8671875,80096.0,3145728
2026-05-12 17:09:00+00:00,80032.78125,80054.0390625,80018.0390625,80054.0390625,40873984
2026-05-12 17:10:00+00:00,80095.6796875,80098.203125,80023.59375,80024.796875,0
2026-05-12 17:11:00+00:00,80095.9765625,80108.4375,80095.6796875,80099.6796875,1048576
2026-05-12 17:12:00+00:00,80142.0390625,80142.0390625,80089.9921875,80098.4921875,105324544
2026-05-12 17:13:00+00:00,80168.2890625,80171.0,80142.390625,80145.390625,0
2026-05-12 17:14:00+00:00,80176.421875,80185.59375,80169.4765625,80173.8828125,3508224
2026-05-12 17:15:00+00:00,80245.890625,80245.890625,80190.7109375,80190.7109375,68657152
2026-05-12 17:16:00+00:00,80311.6015625,80343.0390625,80252.59375,80252.59375,0
2026-05-12 17:17:00+00:00,80257.546875,80316.2421875,80257.546875,80309.640625,5933056
2026-05-12 17:18:00+00:00,80256.0,80275.75,80223.15625,80266.0,0
2026-05-12 17:19:00+00:00,80291.8515625,80291.8515625,80225.9609375,80256.0,0
2026-05-12 17:20:00+00:00,80339.40625,80396.9609375,80321.1015625,80338.0,8024064
2026-05-12 17:21:00+00:00,80336.4296875,80356.4375,80333.0,80333.0,0
2026-05-12 17:22:00+00:00,80350.46875,80357.859375,80335.0,80338.9375,0
2026-05-12 17:23:00+00:00,80376.546875,80386.59375,80359.2578125,80359.2578125,37500928
2026-05-12 17:24:00+00:00,80383.046875,80400.0078125,80379.8984375,80386.59375,47075328
2026-05-12 17:25:00+00:00,80363.1484375,80395.0390625,80363.1484375,80386.1875,19984384
2026-05-12 17:26:00+00:00,80373.1875,80373.1875,80349.75,80349.75,0
2026-05-12 17:27:00+00:00,80393.296875,80393.296875,80379.1796875,80382.5625,57579520
2026-05-12 17:28:00+00:00,80393.296875,80408.953125,80393.296875,80397.75,2400256
2026-05-12 17:29:00+00:00,80396.6484375,80413.390625,80396.6484375,80413.390625,2074624
2026-05-12 17:30:00+00:00,80440.1875,80440.1875,80395.4296875,80395.4296875,85960704
2026-05-12 17:31:00+00:00,80396.140625,80436.0078125,80396.140625,80436.0078125,0
2026-05-12 17:32:00+00:00,80443.546875,80471.9765625,80400.0,80400.0,0
2026-05-12 17:33:00+00:00,80423.796875,80442.609375,80418.7734375,80440.203125,31377408
2026-05-12 17:34:00+00:00,80465.3828125,80470.34375,80418.8828125,80418.8828125,4065280
2026-05-12 17:35:00+00:00,80410.046875,80476.09375,80410.046875,80462.5,669696
2026-05-12 17:36:00+00:00,80446.890625,80446.890625,80408.5,80408.5,102535168
2026-05-12 17:37:00+00:00,80439.859375,80458.3515625,80439.859375,80448.0078125,0
2026-05-12 17:38:00+00:00,80416.75,80444.1484375,80413.2890625,80439.859375,0
2026-05-12 17:39:00+00:00,80443.5625,80471.7578125,80423.4375,80423.4375,88258560
2026-05-12 17:40:00+00:00,80432.71875,80458.03125,80432.71875,80452.2421875,0
2026-05-12 17:41:00+00:00,80443.5390625,80443.5390625,80431.328125,80438.59375,0
2026-05-12 17:42:00+00:00,80413.40625,80460.59375,80413.40625,80442.359375,0
2026-05-12 17:43:00+00:00,80431.3203125,80433.4921875,80424.796875,80424.796875,0
2026-05-12 17:44:00+00:00,80490.09375,80494.828125,80450.2421875,80450.2421875,0
2026-05-12 17:45:00+00:00,80470.4765625,80507.4609375,80470.4765625,80494.828125,16443392
2026-05-12 17:46:00+00:00,80470.34375,80471.359375,80436.8515625,80471.359375,0
2026-05-12 17:47:00+00:00,80499.0078125,80499.640625,80470.34375,80470.34375,0
2026-05-12 17:48:00+00:00,80460.2890625,80498.5625,80452.2890625,80498.5625,0
2026-05-12 17:49:00+00:00,80455.6171875,80470.0703125,80449.9609375,80462.859375,0
2026-05-12 17:50:00+00:00,80463.796875,80479.7578125,80443.8984375,80455.6171875,737280
2026-05-12 17:51:00+00:00,80490.1875,80493.7265625,80461.046875,80461.046875,30607360
2026-05-12 17:52:00+00:00,80512.953125,80513.40625,80489.390625,80490.1875,0
2026-05-12 17:53:00+00:00,80514.0,80518.1484375,80508.796875,80513.0,0
2026-05-12 17:54:00+00:00,80540.3515625,80562.9921875,80519.9921875,80520.6015625,0
2026-05-12 17:55:00+00:00,80500.6015625,80556.9296875,80500.6015625,80550.7421875,507904
2026-05-12 17:56:00+00:00,80503.8515625,80523.953125,80493.8125,80493.8125,161792
2026-05-12 17:57:00+00:00,80499.296875,80517.8984375,80494.2109375,80501.8984375,7518208
2026-05-12 17:58:00+00:00,80470.3515625,80491.3203125,80470.3515625,80491.3203125,0
2026-05-12 17:59:00+00:00,80493.796875,80501.28125,80470.3515625,80470.3515625,2205696
2026-05-12 18:00:00+00:00,80483.53125,80523.953125,80481.1015625,80487.1015625,9760768
2026-05-12 18:01:00+00:00,80498.1328125,80503.171875,80477.046875,80480.9765625,0
2026-05-12 18:02:00+00:00,80456.921875,80507.1796875,80420.46875,80507.1796875,1763328
2026-05-12 18:03:00+00:00,80479.71875,80490.109375,80456.2265625,80456.2265625,0
2026-05-12 18:04:00+00:00,80480.0,80480.0,80460.3125,80474.5,0
2026-05-12 18:05:00+00:00,80490.3984375,80500.6484375,80474.9609375,80474.9609375,684032
2026-05-12 18:06:00+00:00,80494.421875,80507.1875,80490.03125,80490.03125,7407616
2026-05-12 18:07:00+00:00,80473.703125,80494.0234375,80448.0,80494.0234375,0
2026-05-12 18:08:00+00:00,80490.4375,80490.453125,80473.6875,80473.6875,0
2026-05-12 18:09:00+00:00,80502.8203125,80507.203125,80490.4375,80490.4375,0
2026-05-12 18:10:00+00:00,80510.1796875,80514.828125,80498.7265625,80502.8203125,0
2026-05-12 18:11:00+00:00,80454.7734375,80513.6171875,80451.1875,80513.6171875,0
2026-05-12 18:12:00+00:00,80468.90625,80470.34375,80457.0703125,80457.0703125,0
2026-05-12 18:13:00+00:00,80468.90625,80476.0078125,80463.65625,80463.671875,0
2026-05-12 18:14:00+00:00,80509.9765625,80509.9765625,80468.90625,80468.90625,0
2026-05-12 18:15:00+00:00,80508.546875,80533.9921875,80499.890625,80510.546875,63053824
2026-05-12 18:16:00+00:00,80532.28125,80533.03125,80508.5390625,80508.5390625,0
2026-05-12 18:17:00+00:00,80525.046875,80537.28125,80497.703125,80527.3125,0
2026-05-12 18:18:00+00:00,80479.8828125,80520.609375,80479.8828125,80520.609375,0
2026-05-12 18:19:00+00:00,80490.6796875,80492.0078125,80479.3515625,80479.3515625,0
2026-05-12 18:20:00+00:00,80502.90625,80510.546875,80483.7578125,80483.7578125,0
2026-05-12 18:21:00+00:00,80534.0,80534.0,80510.5390625,80510.5390625,0
2026-05-12 18:22:00+00:00,80531.0078125,80542.0078125,80525.0390625,80542.0078125,0
2026-05-12 18:23:00+00:00,80536.140625,80544.0390625,80527.296875,80537.3515625,0
2026-05-12 18:24:00+00:00,80494.1875,80532.140625,80494.1875,80532.140625,0
2026-05-12 18:25:00+00:00,80487.2890625,80541.21875,80487.2890625,80519.6484375,0
2026-05-12 18:26:00+00:00,80475.46875,80503.84375,80473.703125,80488.03125,868352
2026-05-12 18:27:00+00:00,80467.0,80480.390625,80448.5234375,80480.390625,6973440
2026-05-12 18:28:00+00:00,80477.0390625,80487.1015625,80458.6171875,80469.546875,786432
2026-05-12 18:29:00+00:00,80470.34375,80479.046875,80436.2265625,80478.46875,0
2026-05-12 18:30:00+00:00,80503.84375,80503.84375,80456.9609375,80456.9609375,0
2026-05-12 18:31:00+00:00,80503.890625,80527.1484375,80498.8203125,80508.0625,12963840
2026-05-12 18:32:00+00:00,80520.828125,80525.4765625,80517.2421875,80517.2421875,0
2026-05-12 18:33:00+00:00,80537.34375,80537.34375,80520.8203125,80520.8203125,0
2026-05-12 18:34:00+00:00,80537.3515625,80544.5625,80532.0,80532.0,0
2026-05-12 18:35:00+00:00,80547.1875,80547.1875,80521.1015625,80525.9921875,0
2026-05-12 18:36:00+00:00,80601.3671875,80601.3671875,80552.4609375,80557.4375,0
2026-05-12 18:37:00+00:00,80600.53125,80620.6171875,80589.84375,80620.6171875,0
2026-05-12 18:38:00+00:00,80607.671875,80621.1015625,80600.5234375,80600.75,0
2026-05-12 18:39:00+00:00,80587.8125,80624.453125,80587.8125,80609.203125,13639680
2026-05-12 18:40:00+00:00,80609.7890625,80609.7890625,80579.6171875,80579.6171875,0
2026-05-12 18:41:00+00:00,80597.6875,80609.9296875,80584.25,80609.9296875,0
2026-05-12 18:42:00+00:00,80608.6328125,80617.7734375,80607.6875,80607.6875,0
2026-05-12 18:43:00+00:00,80632.296875,80632.296875,80620.3515625,80624.453125,137216
2026-05-12 18:44:00+00:00,80637.859375,80665.546875,80631.71875,80640.0,2787328
2026-05-12 18:45:00+00:00,80643.75,80669.59375,80628.953125,80661.546875,0
2026-05-12 18:46:00+00:00,80618.8515625,80652.8125,80617.953125,80637.8515625,14522368
2026-05-12 18:47:00+00:00,80612.8828125,80615.46875,80590.5,80611.046875,237568
2026-05-12 18:48:00+00:00,80602.90625,80631.1015625,80602.90625,80618.3203125,109746176
2026-05-12 18:49:00+00:00,80619.046875,80619.0625,80603.6484375,80605.65625,1409024
2026-05-12 18:50:00+00:00,80640.28125,80641.1796875,80620.0,80620.0,0
2026-05-12 18:51:00+00:00,80671.3515625,80671.3515625,80648.578125,80648.59375,0
2026-05-12 18:52:00+00:00,80677.9765625,80679.2734375,80659.9765625,80679.2734375,0
2026-05-12 18:53:00+00:00,80695.0625,80712.0078125,80679.2734375,80679.2734375,1998848
2026-05-12 18:54:00+00:00,80704.84375,80708.8828125,80694.796875,80708.8671875,0
2026-05-12 18:55:00+00:00,80681.3984375,80701.609375,80674.703125,80701.609375,0
2026-05-12 18:56:00+00:00,80721.6015625,80731.1796875,80679.9765625,80679.9765625,0
2026-05-12 18:57:00+00:00,80664.65625,80720.0,80660.140625,80720.0,30865408
2026-05-12 18:58:00+00:00,80684.21875,80684.21875,80664.640625,80664.6484375,3176448
2026-05-12 18:59:00+00:00,80649.09375,80684.2265625,80649.09375,80684.2265625,1265664
2026-05-12 19:00:00+00:00,80686.078125,80694.2421875,80650.1171875,80650.1171875,67387392
2026-05-12 19:01:00+00:00,80723.8203125,80723.8203125,80690.28125,80690.28125,0
2026-05-12 19:02:00+00:00,80706.8984375,80755.609375,80704.859375,80724.9375,163840
2026-05-12 19:03:00+00:00,80688.8671875,80712.65625,80684.75,80701.5,0
2026-05-12 19:04:00+00:00,80710.359375,80710.359375,80674.21875,80690.8125,0
2026-05-12 19:05:00+00:00,80711.546875,80728.4921875,80698.1484375,80711.5703125,2033664
2026-05-12 19:06:00+00:00,80713.4375,80714.890625,80684.75,80711.546875,0
2026-05-12 19:07:00+00:00,80747.421875,80747.421875,80713.203125,80713.453125,0
2026-05-12 19:08:00+00:00,80749.046875,80753.8828125,80741.703125,80751.7421875,4691968
2026-05-12 19:09:00+00:00,80751.7578125,80768.96875,80751.7578125,80763.8515625,0
2026-05-12 19:10:00+00:00,80771.9765625,80781.8984375,80761.7890625,80761.7890625,126976
2026-05-12 19:11:00+00:00,80778.546875,80794.78125,80771.9765625,80771.9765625,493568
2026-05-12 19:12:00+00:00,80781.8984375,80792.3125,80781.8984375,80785.328125,0
2026-05-12 19:13:00+00:00,80815.7109375,80815.7109375,80784.890625,80784.890625,0
2026-05-12 19:14:00+00:00,80789.671875,80804.7265625,80787.6015625,80796.96875,1458176
2026-05-12 19:15:00+00:00,80815.5234375,80821.96875,80794.3671875,80794.3671875,33376256
2026-05-12 19:16:00+00:00,80785.2421875,80814.078125,80784.0390625,80814.078125,86016
2026-05-12 19:17:00+00:00,80760.1796875,80780.1875,80758.4609375,80778.546875,0
2026-05-12 19:18:00+00:00,80762.9765625,80762.9765625,80744.3515625,80760.1796875,5787648
2026-05-12 19:19:00+00:00,80742.8671875,80779.7734375,80742.8671875,80762.9765625,393216
2026-05-12 19:20:00+00:00,80761.578125,80761.578125,80745.8671875,80750.3515625,3579904
2026-05-12 19:21:00+00:00,80763.2421875,80765.1484375,80755.03125,80755.03125,0
2026-05-12 19:22:00+00:00,80741.6875,80759.21875,80727.6328125,80759.21875,0
2026-05-12 19:23:00+00:00,80723.8125,80748.2421875,80704.8515625,80748.2421875,1773568
2026-05-12 19:24:00+00:00,80742.59375,80749.640625,80713.0078125,80713.0078125,138612736
2026-05-12 19:25:00+00:00,80734.0625,80742.84375,80729.203125,80742.84375,3348480
2026-05-12 19:26:00+00:00,80747.6484375,80762.3671875,80735.34375,80735.34375,0
2026-05-12 19:27:00+00:00,80725.1328125,80752.2578125,80721.2109375,80747.640625,0
2026-05-12 19:28:00+00:00,80725.90625,80743.9609375,80722.21875,80727.46875,0
2026-05-12 19:29:00+00:00,80690.7421875,80728.34375,80690.7421875,80728.34375,0
2026-05-12 19:30:00+00:00,80732.7421875,80740.8515625,80705.4609375,80714.5625,0
2026-05-12 19:31:00+00:00,80741.6875,80741.6875,80711.5703125,80732.75,0
2026-05-12 19:32:00+00:00,80753.0703125,80753.0703125,80724.9609375,80746.4296875,376832
2026-05-12 19:33:00+00:00,80747.6171875,80748.296875,80738.359375,80746.8828125,0
2026-05-12 19:34:00+00:00,80782.0625,80789.34375,80751.9765625,80751.9765625,0
2026-05-12 19:35:00+00:00,80718.4921875,80795.5625,80718.4921875,80784.4375,3213312
2026-05-12 19:36:00+00:00,80734.9921875,80742.9921875,80714.90625,80723.7421875,10371072
2026-05-12 19:37:00+00:00,80730.15625,80739.5390625,80721.6171875,80736.046875,6234112
2026-05-12 19:38:00+00:00,80756.0078125,80756.0078125,80737.8984375,80738.5078125,0
2026-05-12 19:39:00+00:00,80771.84375,80774.5703125,80752.640625,80752.640625,0
2026-05-12 19:40:00+00:00,80751.75,80779.6484375,80751.75,80771.84375,2742272
2026-05-12 19:41:00+00:00,80756.9375,80762.828125,80750.75,80750.75,2521088
2026-05-12 19:42:00+00:00,80739.6484375,80759.0625,80738.3515625,80759.0625,0
2026-05-12 19:43:00+00:00,80721.578125,80745.2578125,80712.09375,80738.3515625,0
2026-05-12 19:44:00+00:00,80739.8203125,80741.15625,80721.59375,80721.59375,0
2026-05-12 19:45:00+00:00,80756.53125,80756.53125,80739.8203125,80739.8203125,9146368
2026-05-12 19:46:00+00:00,80740.2421875,80756.4921875,80731.9609375,80756.4921875,0
2026-05-12 19:47:00+00:00,80752.28125,80758.46875,80740.2421875,80740.2421875,847872
2026-05-12 19:48:00+00:00,80777.546875,80777.546875,80752.28125,80752.28125,0
2026-05-12 19:49:00+00:00,80772.078125,80789.8203125,80772.078125,80781.890625,0
2026-05-12 19:50:00+00:00,80788.59375,80788.59375,80761.296875,80761.296875,2412544
2026-05-12 19:51:00+00:00,80825.4375,80825.4375,80788.609375,80788.609375,531517440
2026-05-12 19:52:00+00:00,80828.6328125,80836.6171875,80825.4765625,80825.4765625,0
2026-05-12 19:53:00+00:00,80833.25,80859.046875,80828.6328125,80828.6328125,6094848
2026-05-12 19:54:00+00:00,80791.203125,80812.4765625,80778.7578125,80812.4765625,0
2026-05-12 19:55:00+00:00,80795.921875,80815.390625,80795.90625,80800.3984375,0
2026-05-12 19:56:00+00:00,80821.28125,80821.28125,80788.6015625,80788.6015625,4575232
2026-05-12 19:57:00+00:00,80798.65625,80821.2890625,80798.65625,80818.8515625,21506048
2026-05-12 19:58:00+00:00,80798.9609375,80816.53125,80798.9609375,80800.1484375,5257216
2026-05-12 19:59:00+00:00,80814.296875,80826.2734375,80788.6015625,80816.8515625,0
2026-05-12 20:00:00+00:00,80828.796875,80828.796875,80804.9765625,80823.9921875,1363968
2026-05-12 20:01:00+00:00,80832.6171875,80842.1875,80826.0390625,80828.7890625,129196032
2026-05-12 20:02:00+00:00,80812.0390625,80812.0390625,80782.28125,80802.0,118784
2026-05-12 20:03:00+00:00,80825.4375,80825.453125,80805.0703125,80809.2109375,0
2026-05-12 20:04:00+00:00,80869.828125,80871.359375,80828.7578125,80828.7578125,0
2026-05-12 20:05:00+00:00,80817.828125,80858.8828125,80817.828125,80858.8828125,0
2026-05-12 20:06:00+00:00,80828.6875,80837.140625,80812.046875,80817.84375,0
2026-05-12 20:07:00+00:00,80832.1484375,80849.7421875,80832.1484375,80839.4921875,0
2026-05-12 20:08:00+00:00,80808.703125,80829.8984375,80808.703125,80828.6875,3018752
2026-05-12 20:09:00+00:00,80792.8515625,80808.7109375,80792.84375,80808.703125,21446656
2026-05-12 20:10:00+00:00,80754.1484375,80792.84375,80754.1484375,80792.84375,0
2026-05-12 20:11:00+00:00,80739.3984375,80752.171875,80721.4375,80721.4375,5795840
2026-05-12 20:12:00+00:00,80758.5625,80759.2734375,80738.3515625,80738.3515625,12378112
2026-05-12 20:13:00+00:00,80748.3984375,80765.5390625,80748.3984375,80763.4375,5505024
2026-05-12 20:14:00+00:00,80750.6171875,80751.2421875,80748.3984375,80748.3984375,0
2026-05-12 20:15:00+00:00,80768.859375,80776.1796875,80750.6171875,80750.6171875,0
2026-05-12 20:16:00+00:00,80741.703125,80768.5234375,80735.0078125,80768.5,16152576
2026-05-12 20:17:00+00:00,80761.5,80761.5,80741.703125,80741.703125,0
2026-05-12 20:18:00+00:00,80788.59375,80788.59375,80768.859375,80772.3828125,0
2026-05-12 20:19:00+00:00,80779.109375,80791.0234375,80777.0703125,80788.6484375,0
2026-05-12 20:20:00+00:00,80758.5234375,80781.8125,80758.5234375,80781.8125,1904640
2026-05-12 20:21:00+00:00,80759.3125,80761.6171875,80758.5234375,80758.5234375,0
2026-05-12 20:22:00+00:00,80752.21875,80760.703125,80752.1796875,80759.3125,0
2026-05-12 20:23:00+00:00,80784.9375,80784.9375,80769.421875,80769.421875,0
2026-05-12 20:24:00+00:00,80780.921875,80795.2890625,80780.921875,80782.5078125,21204992
2026-05-12 20:25:00+00:00,80803.7109375,80805.328125,80778.09375,80778.09375,159744
2026-05-12 20:26:00+00:00,80793.1171875,80805.1171875,80791.6328125,80803.75,0
2026-05-12 20:27:00+00:00,80771.8515625,80793.578125,80771.8515625,80790.28125,0
2026-05-12 20:28:00+00:00,80794.109375,80795.21875,80790.4296875,80790.7265625,0
2026-05-12 20:29:00+00:00,80797.453125,80800.953125,80794.9765625,80795.9375,0
2026-05-12 20:30:00+00:00,80776.8125,80797.4609375,80771.8515625,80797.453125,38666240
2026-05-12 20:31:00+00:00,80752.1875,80779.6015625,80752.1875,80776.8125,0
2026-05-12 20:32:00+00:00,80728.796875,80752.3671875,80701.1015625,80752.3671875,11937792
2026-05-12 20:33:00+00:00,80741.7109375,80749.953125,80734.0234375,80734.0234375,0
2026-05-12 20:34:00+00:00,80732.171875,80739.3515625,80728.796875,80739.3515625,2164736
2026-05-12 20:35:00+00:00,80719.3671875,80732.1875,80708.203125,80732.1875,0
2026-05-12 20:36:00+00:00,80698.15625,80728.2890625,80698.15625,80728.2890625,0
2026-05-12 20:37:00+00:00,80678.046875,80681.40625,80671.3515625,80681.40625,0
2026-05-12 20:38:00+00:00,80653.890625,80694.7890625,80653.890625,80685.0,3872768
2026-05-12 20:39:00+00:00,80651.25,80657.21875,80651.25,80653.890625,19302400
2026-05-12 20:40:00+00:00,80659.5,80659.5078125,80648.90625,80655.1015625,2549760
2026-05-12 20:41:00+00:00,80643.2421875,80659.5,80641.203125,80659.5,1429504
2026-05-12 20:42:00+00:00,80642.859375,80643.84375,80626.6015625,80641.203125,0
2026-05-12 20:43:00+00:00,80670.890625,80670.890625,80642.75,80642.75,0
2026-05-12 20:44:00+00:00,80691.4375,80691.4375,80670.8984375,80670.8984375,0
2026-05-12 20:45:00+00:00,80680.890625,80682.1171875,80678.0625,80678.0625,15923200
2026-05-12 20:46:00+00:00,80676.578125,80692.71875,80674.1328125,80691.453125,6219776
2026-05-12 20:47:00+00:00,80631.71875,80666.828125,80627.96875,80666.828125,0
2026-05-12 20:48:00+00:00,80644.5390625,80644.5390625,80631.046875,80644.5390625,21567488
2026-05-12 20:49:00+00:00,80626.0625,80644.5390625,80625.15625,80644.5390625,227328
2026-05-12 20:50:00+00:00,80627.78125,80627.7890625,80619.6484375,80623.2578125,681984
2026-05-12 20:51:00+00:00,80621.1484375,80621.5078125,80617.5703125,80618.8515625,34623488
2026-05-12 20:52:00+00:00,80661.2890625,80661.2890625,80621.140625,80621.140625,0
2026-05-12 20:53:00+00:00,80657.8515625,80660.296875,80656.671875,80660.296875,0
2026-05-12 20:54:00+00:00,80684.7421875,80684.75,80644.546875,80644.546875,0
2026-05-12 20:55:00+00:00,80685.28125,80696.2890625,80684.7421875,80684.7421875,2650112
2026-05-12 20:56:00+00:00,80672.03125,80685.28125,80672.03125,80685.28125,335872
2026-05-12 20:57:00+00:00,80651.0390625,80672.046875,80644.6875,80672.03125,33026048
2026-05-12 20:58:00+00:00,80658.671875,80661.296875,80651.0390625,80651.046875,0
2026-05-12 20:59:00+00:00,80673.03125,80691.4375,80673.03125,80691.4375,3631104
2026-05-12 21:00:00+00:00,80708.8828125,80708.8828125,80671.8203125,80671.8203125,21889024
2026-05-12 21:01:00+00:00,80683.2265625,80708.8671875,80662.0,80708.8671875,1980416
2026-05-12 21:02:00+00:00,80666.5703125,80683.2265625,80666.5703125,80683.21875,3276800
2026-05-12 21:03:00+00:00,80678.0390625,80678.046875,80666.5703125,80666.5703125,0
2026-05-12 21:04:00+00:00,80676.59375,80678.046875,80676.59375,80678.0390625,0
2026-05-12 21:05:00+00:00,80673.6171875,80691.453125,80673.6171875,80691.453125,2086912
2026-05-12 21:06:00+00:00,80675.40625,80675.40625,80673.609375,80673.6171875,15423488
2026-05-12 21:07:00+00:00,80699.359375,80699.359375,80675.40625,80675.40625,2017280
2026-05-12 21:08:00+00:00,80701.9375,80716.1171875,80699.1328125,80706.328125,0
2026-05-12 21:09:00+00:00,80704.859375,80718.25,80702.859375,80702.859375,12644352
2026-05-12 21:10:00+00:00,80706.078125,80706.078125,80704.8515625,80704.8515625,0
2026-05-12 21:11:00+00:00,80706.1484375,80706.1484375,80706.0703125,80706.0703125,2011136
2026-05-12 21:12:00+00:00,80695.703125,80706.1484375,80695.21875,80706.140625,58247168
2026-05-12 21:13:00+00:00,80676.5078125,80701.7421875,80676.5,80695.2265625,0
2026-05-12 21:14:00+00:00,80676.5078125,80676.5078125,80676.5,80676.5078125,16384
2026-05-12 21:15:00+00:00,80666.9765625,80676.5078125,80666.9765625,80670.703125,88641536
2026-05-12 21:16:00+00:00,80665.640625,80666.9765625,80665.6328125,80666.9765625,0
2026-05-12 21:17:00+00:00,80663.328125,80665.6328125,80663.3203125,80665.6328125,0
2026-05-12 21:18:00+00:00,80708.1875,80708.1875,80663.328125,80663.34375,0
2026-05-12 21:19:00+00:00,80672.1328125,80704.9375,80672.1328125,80702.109375,0
2026-05-12 21:20:00+00:00,80664.53125,80672.140625,80663.328125,80672.1328125,0
2026-05-12 21:21:00+00:00,80654.609375,80664.5390625,80654.609375,80664.53125,0
2026-05-12 21:22:00+00:00,80636.640625,80662.8515625,80636.640625,80654.609375,0
2026-05-12 21:23:00+00:00,80636.640625,80636.6484375,80636.640625,80636.6484375,3504128
2026-05-12 21:24:00+00:00,80647.890625,80647.890625,80635.453125,80635.453125,0
2026-05-12 21:25:00+00:00,80623.9765625,80643.859375,80623.9765625,80643.859375,0
2026-05-12 21:26:00+00:00,80623.9765625,80623.9921875,80623.390625,80623.9765625,323584
2026-05-12 21:27:00+00:00,80617.7421875,80623.9921875,80611.0390625,80623.9921875,0
2026-05-12 21:28:00+00:00,80620.71875,80620.7265625,80607.703125,80607.703125,0
2026-05-12 21:29:00+00:00,80631.140625,80631.140625,80620.71875,80620.71875,0
2026-05-12 21:30:00+00:00,80630.0234375,80633.0,80624.5625,80633.0,0
2026-05-12 21:31:00+00:00,80623.921875,80630.2890625,80614.40625,80630.2890625,12662784
2026-05-12 21:32:00+00:00,80610.1484375,80623.9296875,80608.0625,80623.921875,1798144
2026-05-12 21:33:00+00:00,80554.9609375,80610.1484375,80550.75,80610.1484375,0
2026-05-12 21:34:00+00:00,80551.6015625,80553.9921875,80544.046875,80551.8515625,7331840
2026-05-12 21:35:00+00:00,80573.953125,80573.953125,80545.5078125,80545.5234375,0
2026-05-12 21:36:00+00:00,80545.09375,80576.40625,80545.09375,80576.40625,0
2026-05-12 21:37:00+00:00,80549.9921875,80550.0,80545.09375,80545.09375,13318144
2026-05-12 21:38:00+00:00,80531.4609375,80542.7578125,80530.5390625,80530.5390625,0
2026-05-12 21:39:00+00:00,80547.0,80547.0078125,80523.953125,80526.828125,66498560
2026-05-12 21:40:00+00:00,80559.1796875,80559.1796875,80549.9921875,80549.9921875,0
2026-05-12 21:41:00+00:00,80570.71875,80570.7265625,80559.1796875,80559.1796875,0
2026-05-12 21:42:00+00:00,80570.296875,80570.7265625,80557.4609375,80570.7265625,0
2026-05-12 21:43:00+00:00,80520.5078125,80570.296875,80520.5078125,80570.296875,0
2026-05-12 21:44:00+00:00,80557.4375,80557.4375,80520.4921875,80520.4921875,3702784
2026-05-12 21:45:00+00:00,80516.7109375,80557.9921875,80516.1796875,80557.9921875,0
2026-05-12 21:46:00+00:00,80547.40625,80547.40625,80511.609375,80511.609375,0
2026-05-12 21:47:00+00:00,80544.578125,80557.4375,80544.578125,80557.4375,129024
2026-05-12 21:48:00+00:00,80534.0078125,80544.078125,80534.0078125,80544.078125,0
2026-05-12 21:49:00+00:00,80484.4375,80534.0,80484.4375,80534.0,1540096
2026-05-12 21:50:00+00:00,80526.3125,80529.9765625,80472.2265625,80473.703125,0
2026-05-12 21:51:00+00:00,80507.1875,80521.71875,80476.5234375,80521.71875,0
2026-05-12 21:52:00+00:00,80511.8984375,80518.640625,80511.8984375,80517.2421875,69101568
2026-05-12 21:53:00+00:00,80511.9765625,80511.9765625,80511.8984375,80511.8984375,0
2026-05-12 21:54:00+00:00,80524.9921875,80525.0,80511.9765625,80511.9765625,221184
2026-05-12 21:55:00+00:00,80517.2578125,80550.2109375,80517.25,80524.9921875,1687552
2026-05-12 21:56:00+00:00,80550.6015625,80550.609375,80517.296875,80517.296875,0
2026-05-12 21:57:00+00:00,80538.59375,80554.09375,80538.59375,80550.6015625,0
2026-05-12 21:58:00+00:00,80567.5,80567.5,80538.59375,80538.59375,0
2026-05-12 21:59:00+00:00,80569.2265625,80570.3203125,80567.5078125,80570.3203125,385024
2026-05-12 22:00:00+00:00,80681.96875,80681.96875,80611.578125,80612.5078125,9601024
2026-05-12 22:01:00+00:00,80695.140625,80695.140625,80661.0078125,80661.9296875,0
2026-05-12 22:02:00+00:00,80718.3671875,80718.3671875,80680.0,80697.46875,0
2026-05-12 22:03:00+00:00,80741.6875,80750.0,80718.2421875,80718.2421875,0
2026-05-12 22:04:00+00:00,80742.1796875,80770.3125,80741.703125,80748.0,0
2026-05-12 22:05:00+00:00,80744.53125,80773.7734375,80744.53125,80751.75,0
2026-05-12 22:06:00+00:00,80735.0078125,80762.0703125,80735.0078125,80751.7421875,0
2026-05-12 22:07:00+00:00,80701.5,80726.46875,80701.5,80721.6015625,48545792
2026-05-12 22:08:00+00:00,80671.3515625,80702.453125,80671.3515625,80691.4609375,2263040
2026-05-12 22:09:00+00:00,80661.296875,80684.671875,80661.296875,80673.078125,0
2026-05-12 22:10:00+00:00,80657.9375,80671.3515625,80631.15625,80661.3125,0
2026-05-12 22:11:00+00:00,80647.890625,80665.03125,80631.6484375,80657.9375,0
2026-05-12 22:12:00+00:00,80640.0,80653.140625,80640.0,80647.8984375,0
2026-05-12 22:13:00+00:00,80630.421875,80652.0078125,80630.421875,80646.5234375,8871936
2026-05-12 22:14:00+00:00,80611.0390625,80628.5078125,80600.53125,80624.7890625,5271552
2026-05-12 22:15:00+00:00,80595.59375,80611.0390625,80595.59375,80611.0390625,104271872
2026-05-12 22:16:00+00:00,80611.046875,80618.90625,80595.6015625,80595.6015625,0
2026-05-12 22:17:00+00:00,80629.78125,80629.7890625,80611.0390625,80611.0390625,0
2026-05-12 22:18:00+00:00,80657.9375,80657.9375,80634.4921875,80634.4921875,0
2026-05-12 22:19:00+00:00,80671.34375,80671.34375,80633.96875,80633.96875,12288
2026-05-12 22:20:00+00:00,80647.90625,80678.0390625,80647.90625,80671.3515625,1964032
2026-05-12 22:21:00+00:00,80660.7578125,80660.7578125,80641.203125,80647.8984375,0
2026-05-12 22:22:00+00:00,80641.203125,80660.7578125,80641.203125,80660.7578125,0
2026-05-12 22:23:00+00:00,80658.171875,80658.1796875,80641.203125,80641.2109375,903168
2026-05-12 22:24:00+00:00,80644.0078125,80658.15625,80641.203125,80658.15625,59938816
2026-05-12 22:25:00+00:00,80617.1875,80644.0078125,80611.203125,80644.0078125,724992
2026-05-12 22:26:00+00:00,80641.1875,80641.1875,80614.3984375,80617.1875,0
2026-05-12 22:27:00+00:00,80644.5390625,80644.5390625,80636.0,80642.953125,0
2026-05-12 22:28:00+00:00,80636.0,80647.3671875,80636.0,80647.3671875,119537664
2026-05-12 22:29:00+00:00,80637.3984375,80642.28125,80636.0,80636.0,1097728
2026-05-12 22:30:00+00:00,80630.0078125,80637.390625,80630.0,80637.390625,0
2026-05-12 22:31:00+00:00,80651.25,80651.25,80624.453125,80624.453125,0
2026-05-12 22:32:00+00:00,80674.703125,80674.703125,80651.25,80651.25,3743744
2026-05-12 22:33:00+00:00,80700.0078125,80704.2578125,80679.9921875,80680.0,0
2026-05-12 22:34:00+00:00,80644.2578125,80674.6875,80644.2578125,80674.6796875,0
2026-05-12 22:35:00+00:00,80614.40625,80639.65625,80614.40625,80639.65625,1634304
2026-05-12 22:36:00+00:00,80600.0,80611.390625,80600.0,80611.390625,0
2026-05-12 22:37:00+00:00,80624.2109375,80626.4375,80617.7421875,80617.75,493568
2026-05-12 22:38:00+00:00,80634.4765625,80634.5,80624.2109375,80624.2109375,0
2026-05-12 22:39:00+00:00,80649.7578125,80649.7578125,80626.8125,80634.4765625,0
2026-05-12 22:40:00+00:00,80634.5,80649.3828125,80634.5,80648.671875,0
2026-05-12 22:41:00+00:00,80638.8515625,80651.2421875,80638.8515625,80651.2421875,0
2026-05-12 22:42:00+00:00,80626.25,80626.2578125,80626.25,80626.25,0
2026-05-12 22:43:00+00:00,80622.40625,80626.2578125,80622.40625,80626.25,0
2026-05-12 22:44:00+00:00,80637.8515625,80637.8515625,80621.5625,80622.40625,0
2026-05-12 22:45:00+00:00,80635.7265625,80647.6171875,80635.71875,80641.203125,1552384
2026-05-12 22:46:00+00:00,80626.25,80635.7421875,80626.25,80635.7265625,0
2026-05-12 22:47:00+00:00,80633.8203125,80637.8515625,80616.8515625,80618.96875,2533376
2026-05-12 22:48:00+00:00,80616.2421875,80633.140625,80616.2421875,80633.140625,0
2026-05-12 22:49:00+00:00,80631.140625,80631.1484375,80617.34375,80617.34375,0
2026-05-12 22:50:00+00:00,80653.9765625,80653.9765625,80631.140625,80631.140625,0
2026-05-12 22:51:00+00:00,80651.3671875,80651.3671875,80630.1015625,80641.203125,0
2026-05-12 22:52:00+00:00,80670.0078125,80671.046875,80657.9375,80657.9375,0
2026-05-12 22:53:00+00:00,80683.1875,80683.1875,80669.453125,80669.453125,1191936
2026-05-12 22:54:00+00:00,80673.0703125,80684.3828125,80673.0703125,80684.3828125,0
2026-05-12 22:55:00+00:00,80686.8828125,80688.09375,80668.0,80673.0703125,0
2026-05-12 22:56:00+00:00,80697.296875,80708.296875,80686.8828125,80686.8828125,0
2026-05-12 22:57:00+00:00,80661.8828125,80688.1015625,80661.8828125,80688.1015625,0
2026-05-12 22:58:00+00:00,80644.0390625,80667.9921875,80643.9765625,80661.890625,821248
2026-05-12 22:59:00+00:00,80639.9921875,80644.03125,80631.546875,80644.03125,0
2026-05-12 23:00:00+00:00,80644.40625,80647.4765625,80627.796875,80639.9921875,0
2026-05-12 23:01:00+00:00,80696.3203125,80696.3203125,80647.4921875,80647.4921875,5627904
2026-05-12 23:02:00+00:00,80657.953125,80697.546875,80657.953125,80688.109375,0
2026-05-12 23:03:00+00:00,80652.328125,80671.328125,80652.3203125,80657.9609375,0
2026-05-12 23:04:00+00:00,80652.3203125,80654.7421875,80652.3203125,80652.3203125,0
2026-05-12 23:05:00+00:00,80631.1484375,80658.53125,80631.1484375,80652.3203125,0
2026-05-12 23:06:00+00:00,80642.0390625,80644.546875,80631.1484375,80631.15625,0
2026-05-12 23:07:00+00:00,80616.953125,80637.8671875,80616.953125,80623.8125,0
2026-05-12 23:08:00+00:00,80614.390625,80616.9609375,80605.0078125,80616.9609375,0
2026-05-12 23:09:00+00:00,80637.859375,80647.8828125,80637.84375,80637.84375,0
2026-05-12 23:10:00+00:00,80644.546875,80644.546875,80637.84375,80637.8515625,0
2026-05-12 23:11:00+00:00,80663.859375,80667.9921875,80651.2421875,80651.2421875,0
2026-05-12 23:12:00+00:00,80683.6796875,80683.6875,80663.859375,80663.8671875,15020032
2026-05-12 23:13:00+00:00,80592.75,80685.6875,80592.7421875,80685.6875,0
2026-05-12 23:14:00+00:00,80592.609375,80592.7421875,80554.1015625,80592.7421875,2211840
2026-05-12 23:15:00+00:00,80589.5,80601.0,80580.90625,80584.25,0
2026-05-12 23:16:00+00:00,80601.8515625,80605.78125,80591.40625,80591.421875,0
2026-05-12 23:17:00+00:00,80595.0,80617.7421875,80591.6796875,80601.8515625,2689024
2026-05-12 23:18:00+00:00,80575.8671875,80593.34375,80572.1171875,80593.34375,0
2026-05-12 23:19:00+00:00,80606.2890625,80606.2890625,80579.4296875,80580.65625,3246080
2026-05-12 23:20:00+00:00,80597.6484375,80606.2890625,80590.59375,80606.2890625,0
2026-05-12 23:21:00+00:00,80597.6484375,80597.6484375,80576.53125,80596.0625,25286656
2026-05-12 23:22:00+00:00,80617.59375,80617.75,80617.578125,80617.7421875,811008
2026-05-12 23:23:00+00:00,80600.9921875,80617.578125,80585.640625,80617.578125,3076096
2026-05-12 23:24:00+00:00,80620.5703125,80620.5703125,80590.9609375,80598.390625,17240064
2026-05-12 23:25:00+00:00,80621.609375,80631.140625,80620.5625,80620.5625,176128
2026-05-12 23:26:00+00:00,80633.25,80646.5,80623.6796875,80624.421875,0
2026-05-12 23:27:00+00:00,80644.5390625,80644.5390625,80634.4296875,80634.4296875,15443968
2026-05-12 23:28:00+00:00,80654.0625,80654.0703125,80644.546875,80644.546875,532480
2026-05-12 23:29:00+00:00,80638.9921875,80653.5,80631.3671875,80653.5,2158592
2026-05-12 23:30:00+00:00,80631.359375,80638.9921875,80631.359375,80638.9921875,0
2026-05-12 23:31:00+00:00,80634.28125,80645.453125,80630.0,80637.9609375,0
2026-05-12 23:32:00+00:00,80599.890625,80634.28125,80599.890625,80634.28125,0
2026-05-12 23:33:00+00:00,80580.90625,80603.359375,80580.90625,80603.359375,75347968
2026-05-12 23:34:00+00:00,80537.3515625,80580.90625,80537.3515625,80580.90625,0
2026-05-12 23:35:00+00:00,80526.84375,80547.390625,80517.25,80534.5390625,1116160
2026-05-12 23:36:00+00:00,80491.0078125,80537.3203125,80491.0078125,80537.3203125,0
2026-05-12 23:37:00+00:00,80507.1875,80507.1875,80480.3984375,80491.0078125,0
2026-05-12 23:38:00+00:00,80478.7734375,80507.1875,80469.1171875,80507.1875,0
2026-05-12 23:39:00+00:00,80537.34375,80537.34375,80486.2421875,80491.8125,0
2026-05-12 23:40:00+00:00,80540.6875,80540.6875,80537.34375,80537.3515625,1914880
2026-05-12 23:41:00+00:00,80507.40625,80540.703125,80507.40625,80540.6875,0
2026-05-12 23:42:00+00:00,80507.21875,80514.078125,80507.21875,80514.078125,2342912
2026-05-12 23:43:00+00:00,80497.1484375,80507.203125,80497.1484375,80500.0078125,34347008
2026-05-12 23:44:00+00:00,80493.796875,80503.84375,80480.453125,80497.1484375,0
2026-05-12 23:45:00+00:00,80502.078125,80513.890625,80475.0078125,80480.453125,0
2026-05-12 23:46:00+00:00,80438.953125,80500.03125,80438.953125,80500.03125,0
2026-05-12 23:47:00+00:00,80433.5,80464.0078125,80430.1484375,80447.7109375,0
2026-05-12 23:48:00+00:00,80431.453125,80434.7734375,80420.1015625,80429.390625,61718528
2026-05-12 23:49:00+00:00,80466.46875,80466.46875,80431.578125,80431.578125,1796096
2026-05-12 23:50:00+00:00,80449.9375,80480.390625,80448.71875,80470.34375,0
2026-05-12 23:51:00+00:00,80454.6796875,80466.9921875,80450.2578125,80460.2890625,0
2026-05-12 23:52:00+00:00,80468.953125,80468.953125,80438.6484375,80454.6796875,0
2026-05-12 23:53:00+00:00,80490.4375,80490.4375,80470.3515625,80470.3515625,8687616
2026-05-12 23:54:00+00:00,80463.65625,80480.0,80460.96875,80480.0,126062592
2026-05-12 23:55:00+00:00,80443.546875,80457.3515625,80443.546875,80457.3515625,100352
2026-05-12 23:56:00+00:00,80463.65625,80463.65625,80443.5625,80443.5625,2254848
2026-05-12 23:57:00+00:00,80487.46875,80487.46875,80470.2109375,80470.2265625,0
2026-05-12 23:58:00+00:00,80483.75,80500.3671875,80483.75,80490.4375,14387200
2026-05-13 00:00:00+00:00,80510.5390625,80513.890625,80480.40625,80480.40625,67885056
2026-05-13 00:01:00+00:00,80487.1015625,80520.59375,80487.1015625,80510.5390625,1204224
2026-05-13 00:02:00+00:00,80433.5,80473.703125,80431.4921875,80473.703125,0
2026-05-13 00:03:00+00:00,80389.953125,80423.453125,80389.953125,80423.453125,0
2026-05-13 00:04:00+00:00,80444.7578125,80444.7578125,80404.0,80410.046875,0
2026-05-13 00:05:00+00:00,80453.609375,80478.8515625,80453.609375,80453.9921875,0
2026-05-13 00:06:00+00:00,80454.71875,80454.71875,80439.7890625,80450.7890625,0
2026-05-13 00:07:00+00:00,80480.4375,80483.7421875,80454.71875,80454.71875,2457600
2026-05-13 00:08:00+00:00,80495.296875,80495.296875,80463.6328125,80480.4375,0
2026-05-13 00:09:00+00:00,80436.859375,80483.7421875,80436.8515625,80482.2109375,19785728
2026-05-13 00:10:00+00:00,80463.640625,80463.640625,80436.8515625,80436.8515625,0
2026-05-13 00:11:00+00:00,80446.90625,80477.0390625,80446.8984375,80464.859375,8941568
2026-05-13 00:12:00+00:00,80436.859375,80473.6875,80436.859375,80456.953125,266240
2026-05-13 00:13:00+00:00,80430.046875,80440.8828125,80410.09375,80440.8828125,0
2026-05-13 00:14:00+00:00,80442.9296875,80442.9296875,80426.4609375,80426.4609375,2070528
2026-05-13 00:15:00+00:00,80475.2421875,80475.2421875,80430.1875,80430.1875,17582080
2026-05-13 00:16:00+00:00,80516.3203125,80516.3203125,80474.1484375,80474.1484375,0
2026-05-13 00:17:00+00:00,80554.0625,80554.0625,80511.8984375,80515.1796875,0
2026-05-13 00:18:00+00:00,80573.40625,80573.40625,80540.703125,80544.2265625,0
2026-05-13 00:19:00+00:00,80580.8984375,80601.03125,80560.796875,80587.59375,0
2026-05-13 00:20:00+00:00,80570.8515625,80590.953125,80561.3671875,80590.953125,0
2026-05-13 00:21:00+00:00,80559.9765625,80577.5390625,80557.4609375,80569.5625,0
2026-05-13 00:22:00+00:00,80600.0,80600.0,80558.65625,80558.671875,632832
2026-05-13 00:23:00+00:00,80649.9921875,80649.9921875,80608.609375,80608.609375,0
2026-05-13 00:24:00+00:00,80681.3984375,80695.5390625,80640.0078125,80662.5703125,0
2026-05-13 00:25:00+00:00,80710.8671875,80732.0,80694.796875,80694.796875,22161408
2026-05-13 00:26:00+00:00,80701.859375,80726.7265625,80694.796875,80726.7265625,2338816
2026-05-13 00:27:00+00:00,80691.4609375,80708.1796875,80689.328125,80701.859375,3127296
2026-05-13 00:28:00+00:00,80657.953125,80693.421875,80645.09375,80692.609375,1421312
2026-05-13 00:29:00+00:00,80631.953125,80647.90625,80624.4609375,80647.90625,0
2026-05-13 00:30:00+00:00,80671.5625,80671.5625,80634.421875,80634.421875,49508352
2026-05-13 00:31:00+00:00,80661.0390625,80686.21875,80660.8828125,80681.390625,0
2026-05-13 00:32:00+00:00,80655.15625,80664.5390625,80650.0078125,80661.03125,9846784
2026-05-13 00:33:00+00:00,80631.171875,80653.9609375,80627.8125,80634.65625,92489728
2026-05-13 00:34:00+00:00,80627.796875,80631.171875,80614.84375,80631.171875,0
2026-05-13 00:35:00+00:00,80655.046875,80661.2890625,80626.578125,80626.578125,3160064
2026-05-13 00:36:00+00:00,80659.5703125,80678.0390625,80655.0625,80655.0625,0
2026-05-13 00:37:00+00:00,80692.2890625,80701.5,80651.296875,80651.296875,444416
2026-05-13 00:38:00+00:00,80701.1796875,80701.1875,80690.0,80701.1796875,0
2026-05-13 00:39:00+00:00,80718.0390625,80728.296875,80684.7578125,80701.21875,0
2026-05-13 00:40:00+00:00,80720.03125,80736.9921875,80718.109375,80720.0625,0
2026-05-13 00:41:00+00:00,80731.6484375,80757.3984375,80731.6484375,80734.9921875,0
2026-05-13 00:42:00+00:00,80737.1328125,80737.1328125,80716.0,80725.203125,0
2026-05-13 00:43:00+00:00,80718.2421875,80748.21875,80718.2265625,80732.7109375,1495040
2026-05-13 00:44:00+00:00,80729.546875,80729.546875,80716.6171875,80716.6171875,1251328
2026-05-13 00:45:00+00:00,80678.0390625,80731.578125,80668.640625,80731.578125,0
2026-05-13 00:46:00+00:00,80678.0625,80701.4375,80668.640625,80668.640625,45594624
2026-05-13 00:47:00+00:00,80671.3515625,80678.0625,80671.3515625,80678.0625,0
2026-05-13 00:48:00+00:00,80688.109375,80698.140625,80688.1015625,80691.4375,0
2026-05-13 00:49:00+00:00,80672.8984375,80691.6796875,80672.8984375,80684.9765625,0
2026-05-13 00:50:00+00:00,80624.453125,80668.0,80615.6328125,80668.0,0
2026-05-13 00:51:00+00:00,80617.7578125,80626.578125,80615.640625,80615.640625,5482496
2026-05-13 00:52:00+00:00,80604.359375,80631.5390625,80604.359375,80617.7578125,103393280
2026-05-13 00:53:00+00:00,80617.6875,80620.1875,80600.1328125,80604.3515625,0
2026-05-13 00:54:00+00:00,80641.1875,80641.1875,80618.6796875,80621.09375,0
2026-05-13 00:55:00+00:00,80680.5390625,80680.5390625,80641.1875,80641.1875,0
2026-05-13 00:56:00+00:00,80706.7109375,80706.7109375,80681.3828125,80681.3828125,0
2026-05-13 00:57:00+00:00,80714.9921875,80715.0,80708.75,80708.75,6232064
2026-05-13 00:58:00+00:00,80689.96875,80718.2421875,80688.109375,80715.0,4571136
2026-05-13 00:59:00+00:00,80698.1171875,80705.953125,80685.046875,80695.0,0
2026-05-13 01:00:00+00:00,80698.1484375,80718.2265625,80684.0078125,80703.7734375,0
2026-05-13 01:01:00+00:00,80664.65625,80694.046875,80664.65625,80686.8828125,0
2026-05-13 01:02:00+00:00,80708.71875,80708.71875,80658.2890625,80664.65625,2537472
2026-05-13 01:03:00+00:00,80702.09375,80702.75,80696.59375,80698.1484375,0
2026-05-13 01:04:00+00:00,80724.9375,80724.9375,80702.0703125,80702.2421875,0
2026-05-13 01:05:00+00:00,80784.71875,80818.7421875,80734.9921875,80734.9921875,964608
2026-05-13 01:06:00+00:00,80766.5703125,80793.0,80763.796875,80792.4609375,0
2026-05-13 01:07:00+00:00,80745.84375,80758.4609375,80737.9921875,80758.4609375,0
2026-05-13 01:08:00+00:00,80765.640625,80771.84375,80765.6328125,80769.8828125,528486400
2026-05-13 01:09:00+00:00,80828.0,80828.0,80778.5390625,80778.5390625,0
2026-05-13 01:10:00+00:00,80818.53125,80840.0,80802.28125,80836.6796875,28672
2026-05-13 01:11:00+00:00,80899.1484375,80972.8515625,80830.8125,80830.8125,0
2026-05-13 01:12:00+00:00,80954.34375,80957.2421875,80905.8515625,80912.5390625,427945984
2026-05-13 01:13:00+00:00,80962.0078125,80973.9609375,80913.9765625,80945.0,251904
2026-05-13 01:14:00+00:00,80942.703125,80972.84375,80925.953125,80972.84375,9099264
2026-05-13 01:15:00+00:00,80873.1328125,80908.703125,80873.1171875,80899.1484375,0
2026-05-13 01:16:00+00:00,80865.9921875,80870.4609375,80844.859375,80865.6484375,1431552
2026-05-13 01:17:00+00:00,80853.2734375,80865.859375,80853.2734375,80864.4765625,0
2026-05-13 01:18:00+00:00,80882.1015625,80882.1015625,80855.0,80865.96875,43843584
2026-05-13 01:19:00+00:00,80899.65625,80899.9921875,80853.46875,80869.0078125,0
2026-05-13 01:20:00+00:00,81007.953125,81007.953125,80899.65625,80899.65625,0
2026-05-13 01:21:00+00:00,81053.2578125,81091.90625,81023.1015625,81091.90625,21055488
2026-05-13 01:22:00+00:00,81065.59375,81076.0078125,81019.75,81049.90625,0
2026-05-13 01:23:00+00:00,81014.0078125,81084.140625,81014.0078125,81057.1171875,3909632
2026-05-13 01:24:00+00:00,81009.703125,81020.96875,80996.296875,81008.9296875,37355520
2026-05-13 01:25:00+00:00,81010.15625,81016.890625,80985.03125,81016.890625,4478976
2026-05-13 01:26:00+00:00,81020.03125,81024.9921875,81011.546875,81011.546875,4304896
2026-05-13 01:27:00+00:00,81045.28125,81053.2578125,81028.6484375,81028.6484375,0
2026-05-13 01:28:00+00:00,81058.65625,81068.0,81049.640625,81049.640625,0
2026-05-13 01:29:00+00:00,81048.9921875,81084.1484375,81043.203125,81065.640625,0
2026-05-13 01:30:00+00:00,81041.7109375,81100.15625,81041.7109375,81057.8984375,0
2026-05-13 01:31:00+00:00,81093.4609375,81124.96875,81049.40625,81049.40625,4632576
2026-05-13 01:32:00+00:00,81096.796875,81135.8828125,81093.453125,81093.453125,0
2026-05-13 01:33:00+00:00,81139.9921875,81139.9921875,81075.9609375,81086.7578125,3119104
2026-05-13 01:34:00+00:00,81099.9921875,81136.8515625,81099.9921875,81136.8515625,556877824
2026-05-13 01:35:00+00:00,81026.7890625,81123.59375,81015.0,81123.59375,8169472
2026-05-13 01:36:00+00:00,81039.8515625,81080.03125,81039.84375,81039.84375,86974464
2026-05-13 01:37:00+00:00,81025.75,81042.5390625,81021.9765625,81042.5390625,0
2026-05-13 01:38:00+00:00,81023.109375,81053.0625,81023.1015625,81043.1875,0
2026-05-13 01:39:00+00:00,81045.1875,81048.15625,81026.0078125,81039.9921875,0
2026-05-13 01:40:00+00:00,81053.9375,81069.921875,81044.8203125,81044.8203125,0
2026-05-13 01:41:00+00:00,81083.3984375,81083.3984375,81053.71875,81056.5625,0
2026-05-13 01:42:00+00:00,81131.75,81131.75,81079.9609375,81083.3984375,0
2026-05-13 01:43:00+00:00,81100.90625,81128.8984375,81096.796875,81128.8984375,128425984
2026-05-13 01:44:00+00:00,81093.9765625,81110.0,81083.3984375,81096.8125,0
2026-05-13 01:45:00+00:00,81120.1796875,81133.9765625,81113.4921875,81122.0,0
2026-05-13 01:46:00+00:00,81063.3125,81120.1796875,81063.296875,81120.1796875,0
2026-05-13 01:47:00+00:00,81064.34375,81064.34375,81049.8984375,81059.953125,0
2026-05-13 01:48:00+00:00,81090.5625,81090.5625,81063.3125,81064.140625,0
2026-05-13 01:49:00+00:00,81113.5390625,81113.546875,81091.0234375,81091.0234375,0
2026-05-13 01:50:00+00:00,81080.859375,81113.546875,81073.3515625,81093.453125,0
2026-05-13 01:51:00+00:00,81126.8203125,81129.6484375,81076.703125,81083.359375,0
2026-05-13 01:52:00+00:00,81084.4296875,81180.0,81080.0625,81180.0,0
2026-05-13 01:53:00+00:00,81074.78125,81093.4375,81072.15625,81085.6015625,0
2026-05-13 01:54:00+00:00,81052.3671875,81083.3984375,81050.7265625,81083.390625,0
2026-05-13 01:55:00+00:00,81045.34375,81046.546875,81040.7890625,81045.9921875,0
2026-05-13 01:56:00+00:00,81026.4609375,81044.2734375,81026.4609375,81044.2734375,0
2026-05-13 01:57:00+00:00,81000.0,81016.40625,81000.0,81016.40625,0
2026-05-13 01:58:00+00:00,80972.3984375,81000.0078125,80965.0078125,81000.0078125,16228352
2026-05-13 01:59:00+00:00,80985.8671875,80996.15625,80972.40625,80972.40625,0
2026-05-13 02:00:00+00:00,80983.9765625,81007.5390625,80982.90625,80985.8828125,0
2026-05-13 02:01:00+00:00,80966.6171875,80982.90625,80965.9765625,80982.90625,0
2026-05-13 02:02:00+00:00,80940.859375,80966.6328125,80932.09375,80966.6328125,0
2026-05-13 02:03:00+00:00,80939.359375,80949.390625,80919.7578125,80933.1484375,0
2026-05-13 02:04:00+00:00,80963.9921875,80966.1484375,80959.4375,80959.4375,0
2026-05-13 02:05:00+00:00,81005.84375,81005.84375,80966.140625,80966.1484375,3416064
2026-05-13 02:06:00+00:00,81009.6875,81016.3984375,80998.546875,81005.84375,0
2026-05-13 02:07:00+00:00,81005.6484375,81016.390625,81000.0625,81013.28125,4767744
2026-05-13 02:08:00+00:00,81033.421875,81033.421875,81001.0,81001.0078125,0
2026-05-13 02:09:00+00:00,81037.71875,81043.1875,81018.90625,81039.2421875,0
2026-05-13 02:10:00+00:00,81009.7109375,81043.9375,81009.7109375,81043.9375,0
2026-05-13 02:11:00+00:00,81019.671875,81019.671875,80999.140625,81005.0,0
2026-05-13 02:12:00+00:00,81030.25,81046.5390625,81023.5,81023.5,0
2026-05-13 02:13:00+00:00,81016.8984375,81030.2578125,81013.0625,81030.2578125,608256
2026-05-13 02:14:00+00:00,81043.2109375,81070.3984375,81021.96875,81021.96875,3115008
2026-05-13 02:15:00+00:00,81074.1875,81074.203125,81043.2109375,81043.2109375,0
2026-05-13 02:16:00+00:00,81059.953125,81083.390625,81059.953125,81071.9296875,117145600
2026-05-13 02:17:00+00:00,81037.03125,81059.9609375,81029.8125,81059.9609375,25145344
2026-05-13 02:18:00+00:00,81016.5625,81035.796875,81009.9921875,81035.796875,0
2026-05-13 02:19:00+00:00,81033.1484375,81035.75,81009.9765625,81011.9765625,405504
2026-05-13 02:20:00+00:00,81054.9375,81056.390625,81033.8984375,81033.8984375,0
2026-05-13 02:21:00+00:00,81101.859375,81125.34375,81062.828125,81062.828125,0
2026-05-13 02:22:00+00:00,81101.359375,81113.5390625,81097.3125,81113.5390625,0
2026-05-13 02:23:00+00:00,81163.7890625,81163.7890625,81106.8515625,81131.90625,0
2026-05-13 02:24:00+00:00,81214.0625,81260.0,81201.09375,81204.0,0
2026-05-13 02:25:00+00:00,81200.65625,81214.0390625,81186.7421875,81207.3515625,0
2026-05-13 02:26:00+00:00,81160.4375,81193.2265625,81143.09375,81187.25,0
2026-05-13 02:27:00+00:00,81107.2890625,81143.7109375,81107.2890625,81143.703125,0
2026-05-13 02:28:00+00:00,81091.53125,81116.59375,81087.3203125,81110.203125,5629952
2026-05-13 02:29:00+00:00,81106.8515625,81106.8515625,81091.59375,81101.96875,0
2026-05-13 02:30:00+00:00,81099.25,81114.890625,81090.75,81112.921875,170829824
2026-05-13 02:31:00+00:00,81075.8828125,81128.5234375,81070.15625,81093.4609375,0
2026-05-13 02:32:00+00:00,81041.390625,81082.359375,81041.390625,81082.359375,28672
2026-05-13 02:33:00+00:00,81035.7578125,81052.0,81029.796875,81035.0,0
2026-05-13 02:34:00+00:00,81046.578125,81056.59375,81039.84375,81039.84375,903168
2026-05-13 02:35:00+00:00,81080.0625,81082.578125,81046.5625,81046.5625,577333248
2026-05-13 02:36:00+00:00,81059.9609375,81076.90625,81059.9609375,81073.359375,0
2026-05-13 02:37:00+00:00,81051.9921875,81063.421875,81043.2109375,81062.7890625,0
2026-05-13 02:38:00+00:00,81060.546875,81064.84375,81043.203125,81051.9921875,0
2026-05-13 02:39:00+00:00,81029.8125,81053.2578125,81029.8125,81053.2578125,137244672
2026-05-13 02:40:00+00:00,81006.9765625,81023.1015625,81006.9765625,81023.1015625,0
2026-05-13 02:41:00+00:00,80999.1796875,81006.9765625,80999.1796875,81006.9765625,0
2026-05-13 02:42:00+00:00,81029.7890625,81029.7890625,80995.0234375,80995.7578125,0
2026-05-13 02:43:00+00:00,81036.4921875,81036.4921875,81024.78125,81029.796875,444416
2026-05-13 02:44:00+00:00,81044.640625,81048.71875,81038.53125,81039.3203125,0
2026-05-13 02:45:00+00:00,81059.9609375,81072.1171875,81039.1796875,81044.640625,0
2026-05-13 02:46:00+00:00,81036.5078125,81057.3984375,81036.5,81057.3984375,1959936
2026-05-13 02:47:00+00:00,81023.328125,81035.9921875,81020.796875,81033.15625,0
2026-05-13 02:48:00+00:00,81016.90625,81044.4296875,81016.90625,81024.3203125,19154944
2026-05-13 02:49:00+00:00,81024.0,81032.796875,81016.921875,81018.53125,0
2026-05-13 02:50:00+00:00,81035.9296875,81039.8515625,81035.9296875,81036.4921875,1036288
2026-05-13 02:51:00+00:00,81045.59375,81049.6328125,81033.15625,81038.828125,0
2026-05-13 02:52:00+00:00,81054.4765625,81057.59375,81041.9296875,81054.0,0
2026-05-13 02:53:00+00:00,81019.75,81055.3203125,81004.953125,81054.4765625,0
2026-05-13 02:54:00+00:00,81009.703125,81029.7890625,81009.703125,81019.7421875,0
2026-05-13 02:55:00+00:00,81013.9921875,81013.9921875,80996.296875,81003.0078125,0
2026-05-13 02:56:00+00:00,81038.6875,81038.6875,81014.46875,81014.46875,0
2026-05-13 02:57:00+00:00,81033.1171875,81046.546875,81032.6484375,81032.6484375,0
2026-05-13 02:58:00+00:00,81017.96875,81029.8125,81014.15625,81028.09375,0
2026-05-13 02:59:00+00:00,81040.59375,81040.59375,81019.7578125,81026.390625,1562624
2026-05-13 03:00:00+00:00,81024.28125,81030.7734375,81011.4921875,81016.3984375,21975040
2026-05-13 03:01:00+00:00,81044.6796875,81049.0625,81023.109375,81025.0234375,0
2026-05-13 03:02:00+00:00,81054.46875,81054.46875,81043.1796875,81049.3828125,0
2026-05-13 03:03:00+00:00,81029.0234375,81053.9765625,81029.0078125,81050.6875,0
2026-05-13 03:04:00+00:00,81037.7890625,81052.71875,81037.7890625,81039.828125,0
2026-05-13 03:05:00+00:00,81070.0,81070.0,81053.2421875,81053.2421875,2578432
2026-05-13 03:06:00+00:00,81052.03125,81070.0,81052.03125,81069.9921875,0
2026-05-13 03:07:00+00:00,81006.5234375,81052.0390625,81006.4921875,81052.0390625,0
2026-05-13 03:08:00+00:00,80989.9765625,80989.9765625,80972.0,80980.0078125,0
2026-05-13 03:09:00+00:00,81018.6328125,81018.6328125,80999.640625,80999.640625,6623232
2026-05-13 03:10:00+00:00,81065.8515625,81076.5,81019.8515625,81019.8515625,1124352
2026-05-13 03:11:00+00:00,81033.15625,81071.2265625,81033.15625,81070.296875,0
2026-05-13 03:12:00+00:00,81033.6015625,81033.8671875,81027.9921875,81027.9921875,0
2026-05-13 03:13:00+00:00,81010.6171875,81030.703125,81009.7109375,81030.703125,0
2026-05-13 03:14:00+00:00,80992.9609375,80999.828125,80991.3203125,80999.6484375,0
2026-05-13 03:15:00+00:00,81011.5234375,81013.9765625,80996.296875,80999.84375,0
2026-05-13 03:16:00+00:00,81013.046875,81013.71875,81005.140625,81013.71875,36966400
2026-05-13 03:17:00+00:00,80992.296875,81014.9921875,80992.296875,81014.9921875,0
2026-05-13 03:18:00+00:00,81012.609375,81012.609375,81002.9921875,81002.9921875,0
2026-05-13 03:19:00+00:00,80977.9765625,81016.390625,80969.5078125,81012.6015625,804864
2026-05-13 03:20:00+00:00,81013.4375,81016.390625,80996.2890625,80996.2890625,0
2026-05-13 03:21:00+00:00,81016.3984375,81016.3984375,80999.140625,81010.9375,40497152
2026-05-13 03:22:00+00:00,81007.6875,81016.359375,81000.0,81016.359375,831488
2026-05-13 03:23:00+00:00,81007.2421875,81009.9765625,80999.6484375,81008.7734375,0
2026-05-13 03:24:00+00:00,81016.3671875,81016.3828125,80997.9921875,81005.0703125,33179648
2026-05-13 03:25:00+00:00,81033.9609375,81035.546875,81016.3671875,81016.3671875,2641920
2026-05-13 03:26:00+00:00,81069.453125,81069.9921875,81045.2578125,81045.46875,0
2026-05-13 03:27:00+00:00,81058.5078125,81067.1015625,81043.8203125,81065.9296875,7145472
2026-05-13 03:28:00+00:00,81066.8203125,81070.0,81055.65625,81055.65625,2170880
2026-05-13 03:29:00+00:00,81070.0234375,81083.3984375,81070.0234375,81072.6328125,0
2026-05-13 03:30:00+00:00,81077.7578125,81083.390625,81070.7109375,81074.8828125,77780992
2026-05-13 03:31:00+00:00,81072.78125,81086.7109375,81070.0,81083.390625,1476608
2026-05-13 03:32:00+00:00,81068.7265625,81073.3828125,81061.5234375,81070.0234375,0
2026-05-13 03:33:00+00:00,81080.0390625,81080.0390625,81061.0234375,81072.0234375,4714496
2026-05-13 03:34:00+00:00,81078.3828125,81085.421875,81075.953125,81080.0390625,0
2026-05-13 03:35:00+00:00,81083.390625,81088.0,81070.0,81085.40625,0
2026-05-13 03:36:00+00:00,81100.15625,81117.9921875,81088.671875,81088.671875,1378304
2026-05-13 03:37:00+00:00,81103.078125,81104.859375,81083.5078125,81090.1015625,1019904
2026-05-13 03:38:00+00:00,81126.2265625,81140.34375,81112.5078125,81116.8984375,1906688
2026-05-13 03:39:00+00:00,81124.6328125,81127.8984375,81106.0234375,81106.859375,0
2026-05-13 03:40:00+00:00,81130.296875,81130.296875,81123.078125,81123.078125,42848256
2026-05-13 03:41:00+00:00,81144.6328125,81163.796875,81131.2578125,81140.3515625,0
2026-05-13 03:42:00+00:00,81171.4296875,81171.4296875,81130.296875,81135.7734375,42250240
2026-05-13 03:43:00+00:00,81181.4375,81187.25,81171.4296875,81171.4296875,0
2026-05-13 03:44:00+00:00,81182.890625,81185.0,81170.296875,81176.0,3571712
2026-05-13 03:45:00+00:00,81182.8984375,81187.2421875,81182.8984375,81184.6796875,0
2026-05-13 03:46:00+00:00,81170.5,81192.109375,81170.5,81182.8984375,0
2026-05-13 03:47:00+00:00,81192.5703125,81192.5703125,81160.0078125,81169.4921875,71680
2026-05-13 03:48:00+00:00,81207.9765625,81218.0390625,81189.2578125,81189.8125,128948224
2026-05-13 03:49:00+00:00,81244.1875,81244.1875,81209.7734375,81209.7734375,0
2026-05-13 03:50:00+00:00,81229.28125,81277.109375,81229.28125,81254.25,0
2026-05-13 03:51:00+00:00,81209.4765625,81214.046875,81195.9921875,81214.046875,22136832
2026-05-13 03:52:00+00:00,81198.3125,81219.9765625,81198.3125,81210.6875,9179136
2026-05-13 03:53:00+00:00,81223.921875,81223.921875,81196.046875,81203.9375,0
2026-05-13 03:54:00+00:00,81223.9296875,81223.9296875,81223.921875,81223.9296875,35954688
2026-05-13 03:55:00+00:00,81207.859375,81223.9296875,81207.859375,81219.859375,0
2026-05-13 03:56:00+00:00,81195.0,81208.2421875,81188.0234375,81207.859375,12888064
2026-05-13 03:57:00+00:00,81201.1328125,81201.1328125,81193.078125,81195.0078125,4444160
2026-05-13 03:58:00+00:00,81197.7109375,81204.90625,81197.703125,81204.90625,391168
2026-05-13 03:59:00+00:00,81240.78125,81240.78125,81193.9609375,81197.7109375,1511424
2026-05-13 04:00:00+00:00,81220.75,81247.5390625,81220.75,81247.5390625,0
2026-05-13 04:01:00+00:00,81222.8125,81222.8125,81191.21875,81214.6015625,11419648
2026-05-13 04:02:00+00:00,81208.5703125,81227.9921875,81205.8515625,81222.4296875,0
2026-05-13 04:03:00+00:00,81205.4765625,81208.5703125,81198.1875,81208.5703125,0
2026-05-13 04:04:00+00:00,81217.40625,81235.828125,81208.7734375,81208.7734375,0
2026-05-13 04:05:00+00:00,81195.9765625,81207.3515625,81178.2109375,81207.3515625,1323008
2026-05-13 04:06:00+00:00,81207.8125,81212.8125,81195.9765625,81199.2421875,0
2026-05-13 04:07:00+00:00,81192.1015625,81193.9609375,81187.6796875,81193.9609375,0
2026-05-13 04:08:00+00:00,81182.59375,81192.9609375,81182.59375,81192.1015625,0
2026-05-13 04:09:00+00:00,81150.40625,81185.9921875,81150.40625,81178.1328125,42551296
2026-05-13 04:10:00+00:00,81153.75,81153.75,81134.5625,81150.40625,0
2026-05-13 04:11:00+00:00,81131.140625,81151.390625,81124.640625,81151.390625,0
2026-05-13 04:12:00+00:00,81154.46875,81154.46875,81134.0,81134.0,692224
2026-05-13 04:13:00+00:00,81152.5078125,81152.5078125,81147.7890625,81149.421875,0
2026-05-13 04:14:00+00:00,81153.1484375,81154.0,81151.2890625,81152.5078125,163840
2026-05-13 04:15:00+00:00,81141.4921875,81173.34375,81141.4921875,81164.453125,2076672
2026-05-13 04:16:00+00:00,81110.796875,81133.6875,81107.5234375,81133.640625,0
2026-05-13 04:17:00+00:00,81114.2578125,81131.9921875,81109.8125,81112.640625,0
2026-05-13 04:18:00+00:00,81142.5078125,81152.671875,81124.5078125,81126.9375,0
2026-05-13 04:19:00+00:00,81170.0,81170.0,81144.4921875,81144.4921875,176128
2026-05-13 04:20:00+00:00,81192.5,81198.15625,81189.59375,81189.59375,0
2026-05-13 04:21:00+00:00,81195.8125,81195.8125,81192.4921875,81192.4921875,0
2026-05-13 04:22:00+00:00,81192.8515625,81195.171875,81192.8203125,81192.8203125,0
2026-05-13 04:23:00+00:00,81168.0234375,81192.8515625,81168.0234375,81192.8515625,2297856
2026-05-13 04:24:00+00:00,81167.140625,81168.6015625,81157.109375,81168.0078125,8255488
2026-05-13 04:25:00+00:00,81171.03125,81188.0,81171.03125,81185.0,0
2026-05-13 04:26:00+00:00,81160.09375,81170.0078125,81157.109375,81170.0078125,0
2026-05-13 04:27:00+00:00,81170.0078125,81170.4921875,81160.078125,81160.09375,0
2026-05-13 04:28:00+00:00,81154.6796875,81165.53125,81154.6796875,81165.53125,102203392
2026-05-13 04:29:00+00:00,81194.0,81194.0,81152.0234375,81154.6875,645120
2026-05-13 04:30:00+00:00,81207.3515625,81232.0,81193.9375,81214.9921875,0
2026-05-13 04:31:00+00:00,81225.15625,81227.9921875,81206.2265625,81206.2265625,0
2026-05-13 04:32:00+00:00,81254.859375,81254.859375,81229.71875,81229.7265625,0
2026-05-13 04:33:00+00:00,81227.7734375,81264.4609375,81225.5625,81264.4609375,1429504
2026-05-13 04:34:00+00:00,81166.9296875,81227.7578125,81166.9296875,81227.7578125,0
2026-05-13 04:35:00+00:00,81192.25,81196.1875,81190.59375,81190.6015625,2203648
2026-05-13 04:36:00+00:00,81202.0,81207.34375,81190.2578125,81192.359375,0
2026-05-13 04:37:00+00:00,81191.109375,81214.0390625,81191.109375,81204.0,0
2026-05-13 04:38:00+00:00,81190.4296875,81190.4296875,81185.0234375,81188.28125,9054208
2026-05-13 04:39:00+00:00,81194.8203125,81197.2890625,81186.8671875,81190.421875,159027200
2026-05-13 04:40:00+00:00,81183.8984375,81197.2890625,81183.8984375,81197.2890625,0
2026-05-13 04:41:00+00:00,81180.546875,81183.0078125,81167.1796875,81183.0078125,438272
2026-05-13 04:42:00+00:00,81197.296875,81197.296875,81180.546875,81180.546875,2265088
2026-05-13 04:43:00+00:00,81217.0390625,81217.0390625,81197.296875,81197.296875,0
2026-05-13 04:44:00+00:00,81170.0234375,81214.59375,81170.0234375,81214.59375,0
2026-05-13 04:45:00+00:00,81170.0234375,81172.2265625,81166.140625,81170.0234375,15958016
2026-05-13 04:46:00+00:00,81163.828125,81168.921875,81163.8125,81167.96875,1298432
2026-05-13 04:47:00+00:00,81176.953125,81176.953125,81155.5703125,81156.0,0
2026-05-13 04:48:00+00:00,81197.671875,81202.4921875,81183.390625,81183.390625,0
2026-05-13 04:49:00+00:00,81205.7265625,81214.0390625,81194.0234375,81197.671875,0
2026-05-13 04:50:00+00:00,81192.1171875,81220.75,81192.1171875,81217.390625,2211840
2026-05-13 04:51:00+00:00,81187.7109375,81190.90625,81183.8984375,81190.90625,10100736
2026-05-13 04:52:00+00:00,81183.8984375,81187.7578125,81183.8984375,81187.7578125,0
2026-05-13 04:53:00+00:00,81187.796875,81191.328125,81170.7578125,81180.5625,0
2026-05-13 04:54:00+00:00,81204.8125,81204.8203125,81193.921875,81193.921875,890880
2026-05-13 04:55:00+00:00,81211.4765625,81211.4765625,81204.8203125,81204.8203125,0
2026-05-13 04:56:00+00:00,81197.2265625,81229.640625,81196.6171875,81211.5,0
2026-05-13 04:57:00+00:00,81214.0,81214.0,81193.9609375,81210.78125,26390528
2026-05-13 04:58:00+00:00,81205.1796875,81212.21875,81205.1796875,81212.21875,0
2026-05-13 04:59:00+00:00,81217.390625,81217.390625,81198.140625,81208.0078125,0
2026-05-13 05:00:00+00:00,81212.3203125,81226.0078125,81212.3203125,81212.890625,0
2026-05-13 05:01:00+00:00,81188.7421875,81208.90625,81188.7421875,81208.90625,0
2026-05-13 05:02:00+00:00,81172.3515625,81188.0,81164.2109375,81188.0,780288
2026-05-13 05:03:00+00:00,81169.0078125,81177.8828125,81169.0078125,81177.8828125,0
2026-05-13 05:04:00+00:00,81203.921875,81207.203125,81169.5234375,81170.8203125,0
2026-05-13 05:05:00+00:00,81191.1171875,81212.1015625,81191.1171875,81205.78125,0
2026-05-13 05:06:00+00:00,81189.71875,81193.9296875,81185.9765625,81187.2578125,0
2026-05-13 05:07:00+00:00,81173.8515625,81190.03125,81173.8515625,81189.7109375,0
2026-05-13 05:08:00+00:00,81153.7578125,81171.2109375,81153.7578125,81169.9765625,2875392
2026-05-13 05:09:00+00:00,81150.2890625,81150.2890625,81140.359375,81147.046875,0
2026-05-13 05:10:00+00:00,81147.6015625,81159.203125,81147.6015625,81159.203125,1302528
2026-05-13 05:11:00+00:00,81177.4375,81177.4375,81146.03125,81148.4609375,0
2026-05-13 05:12:00+00:00,81157.3671875,81179.78125,81157.3671875,81179.78125,10854400
2026-05-13 05:13:00+00:00,81156.40625,81163.03125,81152.65625,81157.359375,708608
2026-05-13 05:14:00+00:00,81142.0234375,81161.9375,81142.0078125,81161.9375,0
2026-05-13 05:15:00+00:00,81118.046875,81137.609375,81113.3828125,81132.0234375,0
2026-05-13 05:16:00+00:00,81105.6171875,81126.9375,81105.6171875,81118.0390625,3510272
2026-05-13 05:17:00+00:00,81115.0078125,81117.5078125,81102.03125,81113.5390625,471040
2026-05-13 05:18:00+00:00,81088.8125,81115.0078125,81082.75,81115.0078125,8876032
2026-05-13 05:19:00+00:00,81084.0078125,81094.671875,81080.578125,81093.4375,49152
2026-05-13 05:20:00+00:00,81097.96875,81101.796875,81080.0625,81082.421875,0
2026-05-13 05:21:00+00:00,81117.4375,81117.4375,81100.15625,81106.8515625,36548608
2026-05-13 05:22:00+00:00,81125.90625,81125.90625,81098.03125,81116.0,0
2026-05-13 05:23:00+00:00,81116.90625,81126.953125,81116.90625,81126.953125,0
2026-05-13 05:24:00+00:00,81131.5234375,81131.5234375,81116.0078125,81116.8984375,0
2026-05-13 05:25:00+00:00,81103.9921875,81131.5234375,81103.9921875,81131.5234375,0
2026-05-13 05:26:00+00:00,81114.2421875,81117.7734375,81103.9921875,81103.9921875,815104
2026-05-13 05:27:00+00:00,81107.9921875,81113.7890625,81103.7265625,81113.78125,0
2026-05-13 05:28:00+00:00,81100.0078125,81108.0,81100.0078125,81106.796875,130338816
2026-05-13 05:29:00+00:00,81103.6328125,81106.2734375,81100.0078125,81100.0234375,655360
2026-05-13 05:30:00+00:00,81086.046875,81120.3828125,81086.046875,81103.6328125,0
2026-05-13 05:31:00+00:00,81067.25,81091.8125,81067.25,81091.8125,0
2026-05-13 05:32:00+00:00,81063.296875,81071.421875,81062.7421875,81067.75,733184
2026-05-13 05:33:00+00:00,81083.390625,81083.390625,81067.328125,81069.90625,133142528
2026-05-13 05:34:00+00:00,81048.0,81078.0625,81048.0,81078.0625,1691648
2026-05-13 05:35:00+00:00,81053.78125,81058.03125,81048.0,81048.0,0
2026-05-13 05:36:00+00:00,81059.4296875,81059.4296875,81053.59375,81054.796875,0
2026-05-13 05:37:00+00:00,81045.6015625,81059.4375,81036.5078125,81059.4375,0
2026-05-13 05:38:00+00:00,81026.3984375,81045.609375,81026.3984375,81045.609375,0
2026-05-13 05:39:00+00:00,81035.3984375,81048.8984375,81033.140625,81033.140625,0
2026-05-13 05:40:00+00:00,81053.2265625,81053.2265625,81026.4609375,81033.0,2437120
2026-05-13 05:41:00+00:00,81039.859375,81048.2265625,81037.890625,81045.0,0
2026-05-13 05:42:00+00:00,81027.0078125,81039.859375,81027.0078125,81039.859375,0
2026-05-13 05:43:00+00:00,81020.0078125,81024.921875,81020.0,81024.171875,380928
2026-05-13 05:44:00+00:00,81017.7109375,81020.1015625,81017.7109375,81020.0,417792
2026-05-13 05:45:00+00:00,81012.421875,81016.1328125,81012.421875,81013.640625,0
2026-05-13 05:46:00+00:00,80995.0,81013.6328125,80995.0,81013.6328125,0
2026-05-13 05:47:00+00:00,80991.0703125,80995.0078125,80988.0078125,80995.0078125,677888
2026-05-13 05:48:00+00:00,81021.1328125,81021.140625,80999.640625,80999.640625,93374464
2026-05-13 05:49:00+00:00,81044.203125,81049.4296875,81028.7578125,81029.7890625,0
2026-05-13 05:50:00+00:00,81065.4375,81066.6484375,81050.4375,81053.2890625,0
2026-05-13 05:51:00+00:00,81056.8203125,81065.4375,81050.609375,81065.4375,0
2026-05-13 05:52:00+00:00,81056.8203125,81066.640625,81056.8203125,81058.84375,0
2026-05-13 05:53:00+00:00,81028.40625,81056.828125,81028.40625,81056.828125,1048576
2026-05-13 05:54:00+00:00,81016.40625,81028.421875,81016.40625,81028.421875,230332416
2026-05-13 05:55:00+00:00,81004.609375,81016.40625,80999.65625,81016.40625,765952
2026-05-13 05:56:00+00:00,80989.609375,81004.6171875,80989.609375,81004.609375,0
2026-05-13 05:57:00+00:00,80975.4921875,80988.0234375,80973.3671875,80988.0234375,0
2026-05-13 05:58:00+00:00,80990.5234375,80990.5234375,80974.390625,80986.2421875,124831744
2026-05-13 05:59:00+00:00,80998.671875,81002.4921875,80990.5234375,80990.5234375,0
2026-05-13 06:00:00+00:00,81004.109375,81004.109375,80996.7578125,80999.8984375,0
2026-05-13 06:01:00+00:00,80976.6015625,81008.7109375,80976.6015625,81004.1171875,0
2026-05-13 06:02:00+00:00,80988.078125,80989.59375,80972.8515625,80985.40625,0
2026-05-13 06:03:00+00:00,80989.59375,80989.59375,80979.5625,80982.6328125,0
2026-05-13 06:04:00+00:00,81009.8125,81012.65625,80992.953125,80992.953125,0
2026-05-13 06:05:00+00:00,81013.7421875,81023.09375,81009.7109375,81023.09375,909312
2026-05-13 06:06:00+00:00,81014.671875,81015.5234375,81013.5703125,81015.5234375,0
2026-05-13 06:07:00+00:00,81009.9765625,81014.671875,81009.9765625,81014.65625,0
2026-05-13 06:08:00+00:00,81043.203125,81043.203125,81009.96875,81009.9765625,755712
2026-05-13 06:09:00+00:00,81051.140625,81069.9921875,81048.0078125,81052.703125,5169152
2026-05-13 06:10:00+00:00,81062.40625,81062.40625,81051.1328125,81051.1328125,10876928
2026-05-13 06:11:00+00:00,81046.5625,81059.5703125,81046.546875,81059.5703125,829440
2026-05-13 06:12:00+00:00,81069.078125,81069.078125,81066.6484375,81066.6484375,3676160
2026-05-13 06:13:00+00:00,81076.078125,81076.2890625,81069.078125,81069.078125,0
2026-05-13 06:14:00+00:00,81080.171875,81080.171875,81072.9375,81076.0703125,0
2026-05-13 06:15:00+00:00,81077.9765625,81087.03125,81066.65625,81082.5078125,0
2026-05-13 06:16:00+00:00,81061.9375,81073.78125,81061.9375,81069.078125,0
2026-05-13 06:17:00+00:00,81063.296875,81081.9765625,81063.296875,81073.3515625,313344
2026-05-13 06:18:00+00:00,81088.5078125,81088.5078125,81068.7734375,81068.7734375,0
2026-05-13 06:19:00+00:00,81137.0,81137.0,81088.5078125,81088.5078125,0
2026-05-13 06:20:00+00:00,81103.5,81123.6015625,81103.5,81123.6015625,4935680
2026-05-13 06:21:00+00:00,81049.90625,81104.0,81049.90625,81093.453125,0
2026-05-13 06:22:00+00:00,81031.8125,81039.8515625,81031.6328125,81036.5,638976
2026-05-13 06:23:00+00:00,81013.0625,81026.4609375,81013.0625,81026.4609375,0
2026-05-13 06:24:00+00:00,81046.5390625,81046.546875,81016.6171875,81016.6171875,16564224
2026-05-13 06:25:00+00:00,81072.4765625,81072.4765625,81032.7265625,81046.546875,0
2026-05-13 06:26:00+00:00,81039.8515625,81075.140625,81039.8515625,81073.34375,0
2026-05-13 06:27:00+00:00,81033.15625,81043.140625,81033.15625,81039.8515625,180232192
2026-05-13 06:28:00+00:00,81021.546875,81034.65625,81021.546875,81032.59375,0
2026-05-13 06:29:00+00:00,81080.28125,81080.28125,81009.7109375,81019.7578125,0
2026-05-13 06:30:00+00:00,81065.2890625,81080.5234375,81063.546875,81080.5234375,0
2026-05-13 06:31:00+00:00,81080.046875,81098.90625,81080.046875,81090.09375,0
2026-05-13 06:32:00+00:00,81055.0,81080.296875,81055.0,81080.2890625,0
2026-05-13 06:33:00+00:00,81033.703125,81053.2578125,81033.703125,81053.2578125,127903744
2026-05-13 06:34:00+00:00,81032.6875,81034.2890625,81032.6796875,81034.2890625,0
2026-05-13 06:35:00+00:00,81055.546875,81056.6015625,81046.5390625,81046.5390625,4327424
2026-05-13 06:36:00+00:00,81047.6484375,81055.5390625,81039.8515625,81055.5390625,0
2026-05-13 06:37:00+00:00,81061.078125,81066.3125,81047.65625,81047.65625,0
2026-05-13 06:38:00+00:00,81070.9765625,81072.078125,81061.2734375,81061.2734375,1415168
2026-05-13 06:39:00+00:00,81036.5078125,81059.921875,81036.5078125,81059.90625,0
2026-05-13 06:40:00+00:00,81016.40625,81029.796875,81016.40625,81029.796875,25415680
2026-05-13 06:41:00+00:00,81023.1015625,81033.1015625,81011.7734375,81016.3984375,378880
2026-05-13 06:42:00+00:00,81012.5625,81025.2421875,81012.5625,81024.3203125,23189504
2026-05-13 06:43:00+00:00,81010.859375,81012.5390625,81002.84375,81007.5625,0
2026-05-13 06:44:00+00:00,81038.59375,81039.8515625,81012.53125,81012.9921875,0
2026-05-13 06:45:00+00:00,81037.09375,81037.09375,81016.40625,81028.2265625,79841280
2026-05-13 06:46:00+00:00,81026.546875,81040.9765625,81026.5390625,81037.4765625,3936256
2026-05-13 06:47:00+00:00,81027.6875,81036.0234375,81026.5390625,81026.546875,0
2026-05-13 06:48:00+00:00,81026.609375,81027.75,81026.4921875,81026.5390625,55656448
2026-05-13 06:49:00+00:00,81020.1875,81020.1875,81013.046875,81014.9765625,1519616
2026-05-13 06:50:00+00:00,80992.9609375,81020.1875,80992.9609375,81020.1875,0
2026-05-13 06:51:00+00:00,80994.1875,80996.2578125,80983.3984375,80983.3984375,26271744
2026-05-13 06:52:00+00:00,80960.0078125,80994.1875,80960.0,80994.1875,0
2026-05-13 06:53:00+00:00,80962.8125,80970.5,80947.0078125,80960.75,0
2026-05-13 06:54:00+00:00,80974.953125,80979.671875,80962.8125,80962.8125,0
2026-05-13 06:55:00+00:00,80969.578125,80970.328125,80964.7109375,80969.5078125,0
2026-05-13 06:56:00+00:00,80960.8125,80963.328125,80949.3984375,80962.8125,0
2026-05-13 06:57:00+00:00,80960.8203125,80960.8203125,80960.8125,80960.8203125,0
2026-05-13 06:58:00+00:00,80956.109375,80960.78125,80956.1015625,80960.78125,0
2026-05-13 06:59:00+00:00,80958.0625,80958.28125,80955.4609375,80958.28125,530432
2026-05-13 07:00:00+00:00,80997.2734375,81003.6171875,80949.3984375,80949.3984375,0
2026-05-13 07:01:00+00:00,80975.9375,80997.2734375,80972.8515625,80997.2734375,93413376
2026-05-13 07:02:00+00:00,80992.953125,80994.0,80977.15625,80977.15625,755712
2026-05-13 07:03:00+00:00,80998.5,80999.640625,80992.953125,80992.953125,0
2026-05-13 07:04:00+00:00,80979.5390625,80985.0078125,80971.3828125,80985.0078125,0
2026-05-13 07:05:00+00:00,80974.9375,80981.65625,80974.328125,80979.5390625,0
2026-05-13 07:06:00+00:00,80973.2734375,80975.9921875,80972.8671875,80975.9765625,0
2026-05-13 07:07:00+00:00,80962.6484375,80974.4921875,80962.6484375,80974.4921875,0
2026-05-13 07:08:00+00:00,80984.40625,80985.75,80966.3828125,80972.7421875,0
2026-05-13 07:09:00+00:00,80993.96875,80994.53125,80989.1015625,80991.9765625,0
2026-05-13 07:10:00+00:00,80971.5625,80978.9921875,80970.7265625,80978.9921875,0
2026-05-13 07:11:00+00:00,80974.0234375,80974.0234375,80972.796875,80972.796875,0
2026-05-13 07:12:00+00:00,80972.796875,80974.0078125,80972.7890625,80974.0078125,0
2026-05-13 07:13:00+00:00,80997.6484375,80997.6484375,80971.5625,80972.796875,0
2026-05-13 07:14:00+00:00,80987.4921875,80991.5078125,80987.4921875,80991.5078125,0
2026-05-13 07:15:00+00:00,81028.390625,81031.6328125,80994.7734375,80995.84375,0
2026-05-13 07:16:00+00:00,81001.828125,81025.8828125,80999.6484375,81025.8828125,0
2026-05-13 07:17:00+00:00,80999.640625,81001.84375,80999.6328125,81001.84375,0
2026-05-13 07:18:00+00:00,80981.890625,80998.6328125,80981.890625,80998.6171875,167030784
2026-05-13 07:19:00+00:00,80930.53125,80980.1796875,80930.53125,80980.1796875,0
2026-05-13 07:20:00+00:00,80949.390625,80949.390625,80917.6796875,80930.5390625,0
2026-05-13 07:21:00+00:00,80931.8984375,80949.3984375,80931.8984375,80949.3984375,0
2026-05-13 07:22:00+00:00,80882.953125,80937.6171875,80879.171875,80931.8984375,0
2026-05-13 07:23:00+00:00,80879.9765625,80890.1484375,80879.96875,80885.296875,0
2026-05-13 07:24:00+00:00,80891.9921875,80905.9609375,80872.75,80893.2265625,0
2026-05-13 07:25:00+00:00,80910.6875,80910.6875,80892.5703125,80892.5703125,0
2026-05-13 07:26:00+00:00,80903.140625,80925.9296875,80903.140625,80910.7265625,0
2026-05-13 07:27:00+00:00,80918.8828125,80918.8828125,80905.9609375,80905.9609375,0
2026-05-13 07:28:00+00:00,80900.9375,80919.71875,80900.9296875,80919.71875,0
2026-05-13 07:29:00+00:00,80888.8125,80900.9375,80888.8125,80900.9296875,0
2026-05-13 07:30:00+00:00,80882.359375,80889.46875,80861.2109375,80889.46875,26306560
2026-05-13 07:31:00+00:00,80884.9765625,80887.796875,80882.8984375,80887.5625,3174400
2026-05-13 07:32:00+00:00,80888.796875,80897.3828125,80887.4921875,80887.8125,0
2026-05-13 07:33:00+00:00,80908.0390625,80908.0390625,80888.8125,80891.6328125,0
2026-05-13 07:34:00+00:00,80907.140625,80907.140625,80892.7734375,80906.1484375,0
2026-05-13 07:35:00+00:00,80887.46875,80908.046875,80869.53125,80908.046875,0
2026-05-13 07:36:00+00:00,80904.4609375,80904.4609375,80883.4609375,80883.4609375,0
2026-05-13 07:37:00+00:00,80901.6171875,80907.8828125,80901.6171875,80904.4609375,0
2026-05-13 07:38:00+00:00,80922.7890625,80922.7890625,80899.0390625,80899.0390625,1601536
2026-05-13 07:39:00+00:00,80884.03125,80952.9765625,80884.03125,80910.6875,0
2026-05-13 07:40:00+00:00,80926.8125,80926.8125,80885.0,80885.0,0
2026-05-13 07:41:00+00:00,80939.5703125,80939.5703125,80927.296875,80927.296875,0
2026-05-13 07:42:00+00:00,80934.84375,80942.25,80929.3203125,80939.5703125,0
2026-05-13 07:43:00+00:00,80928.96875,80935.21875,80927.3203125,80934.828125,0
2026-05-13 07:44:00+00:00,80934.453125,80936.671875,80928.9765625,80931.7421875,0
2026-05-13 07:45:00+00:00,80942.90625,80959.359375,80939.421875,80941.96875,0
2026-05-13 07:46:00+00:00,80944.1171875,80956.8515625,80944.109375,80945.25,1892352
2026-05-13 07:47:00+00:00,80937.0390625,80947.9765625,80937.0390625,80941.0390625,0
2026-05-13 07:48:00+00:00,80942.703125,80946.5703125,80931.75,80931.75,0
2026-05-13 07:49:00+00:00,80928.90625,80941.6796875,80928.8984375,80941.6796875,0
2026-05-13 07:50:00+00:00,80928.90625,80928.90625,80928.8984375,80928.90625,0
2026-05-13 07:51:00+00:00,80928.90625,80928.90625,80910.2265625,80917.6796875,0
2026-05-13 07:52:00+00:00,80917.53125,80928.90625,80914.6328125,80928.8984375,0
2026-05-13 07:53:00+00:00,80928.8984375,80928.8984375,80915.046875,80917.53125,0
2026-05-13 07:54:00+00:00,80946.140625,80949.796875,80928.90625,80928.90625,0
2026-05-13 07:55:00+00:00,80937.3828125,80939.3515625,80933.7265625,80933.7265625,526336
2026-05-13 07:56:00+00:00,80951.5390625,80951.5390625,80937.390625,80937.390625,0
2026-05-13 07:57:00+00:00,80972.2421875,80972.2421875,80953.9609375,80953.9609375,0
2026-05-13 07:58:00+00:00,81010.15625,81010.15625,80978.65625,80978.65625,0
2026-05-13 07:59:00+00:00,80996.0078125,81010.6796875,80996.0078125,81010.15625,4052992
2026-05-13 08:00:00+00:00,81042.8515625,81042.8515625,80999.5234375,81003.9375,0
2026-05-13 08:01:00+00:00,81023.21875,81035.078125,81017.203125,81029.75,3270656
2026-05-13 08:02:00+00:00,81036.3984375,81036.4375,81026.0,81026.0,53133312
2026-05-13 08:03:00+00:00,81033.25,81042.0,81017.203125,81017.203125,0
2026-05-13 08:04:00+00:00,81030.0,81037.0234375,81024.390625,81037.0078125,0
2026-05-13 08:05:00+00:00,81010.796875,81036.453125,81006.2421875,81036.453125,0
2026-05-13 08:06:00+00:00,80981.5234375,81000.140625,80970.0390625,81000.140625,0
2026-05-13 08:07:00+00:00,80966.1171875,80987.1796875,80957.46875,80981.5234375,0
2026-05-13 08:08:00+00:00,80961.046875,80966.1328125,80961.0390625,80966.1328125,0
2026-05-13 08:09:00+00:00,80968.2265625,80978.1875,80962.2578125,80962.2578125,0
2026-05-13 08:10:00+00:00,80973.9765625,80993.5078125,80971.0703125,80971.0703125,22093824
2026-05-13 08:11:00+00:00,80979.6171875,80979.6171875,80973.9375,80973.9765625,0
2026-05-13 08:12:00+00:00,80942.203125,80979.6171875,80942.203125,80979.6171875,0
2026-05-13 08:13:00+00:00,80968.8515625,80968.8515625,80940.1484375,80940.1484375,1474560
2026-05-13 08:14:00+00:00,80988.296875,80988.296875,80973.2734375,80973.2734375,0
2026-05-13 08:15:00+00:00,81007.546875,81007.546875,80991.4765625,80991.5078125,0
2026-05-13 08:16:00+00:00,81042.859375,81042.859375,81013.328125,81013.328125,0
2026-05-13 08:17:00+00:00,81038.09375,81060.453125,81038.09375,81049.2890625,7342080
2026-05-13 08:18:00+00:00,81033.25,81041.5078125,81020.7890625,81034.09375,178900992
2026-05-13 08:19:00+00:00,81002.5078125,81028.6484375,81002.5078125,81028.6484375,0
2026-05-13 08:20:00+00:00,81036.109375,81036.109375,81002.5078125,81002.5078125,0
2026-05-13 08:21:00+00:00,81025.8203125,81036.453125,81021.921875,81036.453125,487548928
2026-05-13 08:22:00+00:00,81034.0,81043.25,81032.21875,81032.21875,0
2026-05-13 08:23:00+00:00,81025.0078125,81034.0078125,81025.0078125,81034.0078125,3182592
2026-05-13 08:24:00+00:00,81012.8828125,81024.5078125,81012.8828125,81013.9921875,9818112
2026-05-13 08:25:00+00:00,81054.5,81054.5,81018.171875,81020.390625,0
2026-05-13 08:26:00+00:00,81087.6875,81087.6875,81055.8515625,81055.8515625,0
2026-05-13 08:27:00+00:00,81042.8828125,81077.40625,81042.8828125,81076.203125,7260160
2026-05-13 08:28:00+00:00,81017.203125,81041.3515625,81017.203125,81041.3515625,0
2026-05-13 08:29:00+00:00,81004.15625,81017.203125,81002.78125,81017.203125,0
2026-05-13 08:30:00+00:00,80956.2109375,81004.171875,80956.2109375,81004.171875,5982208
2026-05-13 08:31:00+00:00,80946.5703125,80962.6328125,80946.5703125,80962.6328125,0
2026-05-13 08:32:00+00:00,80921.96875,80950.0078125,80919.53125,80950.0078125,0
2026-05-13 08:33:00+00:00,80958.890625,80958.890625,80908.2265625,80911.2578125,676866048
2026-05-13 08:34:00+00:00,80976.7578125,80976.7578125,80946.5625,80959.5,0
2026-05-13 08:35:00+00:00,80976.609375,80988.078125,80969.046875,80988.078125,0
2026-05-13 08:36:00+00:00,81003.3984375,81009.7265625,80980.046875,80980.046875,5629952
2026-05-13 08:37:00+00:00,81007.5625,81007.5625,80992.21875,81006.8203125,0
2026-05-13 08:38:00+00:00,80994.71875,81004.34375,80991.65625,80994.71875,2529280
2026-05-13 08:39:00+00:00,81010.078125,81012.7734375,80985.09375,80994.71875,214779904
2026-05-13 08:40:00+00:00,81096.0234375,81096.0234375,81018.4375,81020.8125,0
2026-05-13 08:41:00+00:00,81086.28125,81106.046875,81071.7734375,81086.171875,0
2026-05-13 08:42:00+00:00,81095.140625,81100.6484375,81068.546875,81081.390625,0
2026-05-13 08:43:00+00:00,81126.96875,81145.0234375,81117.4609375,81118.796875,2506752
2026-05-13 08:44:00+00:00,81123.2265625,81130.4296875,81103.8828125,81130.4296875,0
2026-05-13 08:45:00+00:00,81125.5,81149.9921875,81121.7421875,81126.328125,0
2026-05-13 08:46:00+00:00,81131.0390625,81146.78125,81129.3203125,81129.3203125,0
2026-05-13 08:47:00+00:00,81117.09375,81135.046875,81117.09375,81120.046875,18876416
2026-05-13 08:48:00+00:00,81108.75,81117.1015625,81099.46875,81117.1015625,0
2026-05-13 08:49:00+00:00,81107.078125,81124.34375,81105.953125,81110.21875,2029568
2026-05-13 08:50:00+00:00,81118.6875,81122.0,81106.25,81106.25,0
2026-05-13 08:51:00+00:00,81156.578125,81156.578125,81123.0703125,81123.0703125,0
2026-05-13 08:52:00+00:00,81153.6328125,81172.609375,81153.6328125,81164.84375,0
2026-05-13 08:53:00+00:00,81155.2109375,81155.2109375,81142.3828125,81152.328125,4044800
2026-05-13 08:54:00+00:00,81138.1875,81151.171875,81138.1875,81151.171875,45897728
2026-05-13 08:55:00+00:00,81151.15625,81167.4921875,81137.90625,81141.1328125,0
2026-05-13 08:56:00+00:00,81139.7734375,81140.8125,81138.703125,81140.8125,0
2026-05-13 08:57:00+00:00,81140.1484375,81145.59375,81138.703125,81139.78125,0
2026-05-13 08:58:00+00:00,81148.796875,81155.9375,81148.796875,81148.796875,85358592
2026-05-13 08:59:00+00:00,81165.09375,81168.046875,81144.0,81144.0,0
2026-05-13 09:00:00+00:00,81168.0625,81187.3203125,81162.3984375,81172.53125,3889152
2026-05-13 09:01:00+00:00,81163.109375,81168.8203125,81136.0390625,81168.0390625,0
2026-05-13 09:02:00+00:00,81219.4296875,81228.2109375,81163.2265625,81163.2265625,0
2026-05-13 09:03:00+00:00,81259.21875,81259.21875,81224.5078125,81230.0,1241088
2026-05-13 09:04:00+00:00,81283.15625,81283.15625,81234.25,81262.1875,0
2026-05-13 09:05:00+00:00,81270.8125,81283.2890625,81251.953125,81283.2890625,1419264
2026-05-13 09:06:00+00:00,81282.0703125,81284.0078125,81260.0234375,81269.6015625,0
2026-05-13 09:07:00+00:00,81281.1171875,81285.5078125,81277.8515625,81277.890625,0
2026-05-13 09:08:00+00:00,81267.9296875,81281.1328125,81256.90625,81281.1328125,4935680
2026-05-13 09:09:00+00:00,81244.1328125,81264.359375,81235.46875,81264.359375,95199232
2026-05-13 09:10:00+00:00,81241.890625,81250.03125,81236.1171875,81248.0,2801664
2026-05-13 09:11:00+00:00,81234.3671875,81244.0390625,81234.3671875,81235.4765625,0
2026-05-13 09:12:00+00:00,81221.4765625,81235.828125,81219.4296875,81235.828125,0
2026-05-13 09:13:00+00:00,81219.46875,81229.046875,81219.4296875,81229.0390625,108386304
2026-05-13 09:14:00+00:00,81200.9921875,81219.46875,81193.9921875,81219.46875,0
2026-05-13 09:15:00+00:00,81217.6796875,81219.9921875,81193.7421875,81216.9609375,0
2026-05-13 09:16:00+00:00,81196.9609375,81213.59375,81195.9296875,81213.59375,0
2026-05-13 09:17:00+00:00,81190.53125,81198.109375,81188.0078125,81196.953125,0
2026-05-13 09:18:00+00:00,81184.1171875,81196.9375,81184.1171875,81191.0078125,0
2026-05-13 09:19:00+00:00,81177.2109375,81190.7734375,81163.71875,81190.7734375,0
2026-05-13 09:20:00+00:00,81155.2265625,81180.8828125,81155.2265625,81180.8828125,0
2026-05-13 09:21:00+00:00,81130.3515625,81159.3828125,81130.3515625,81155.21875,0
2026-05-13 09:22:00+00:00,81135.9609375,81140.046875,81103.8671875,81127.90625,1116160
2026-05-13 09:23:00+00:00,81102.1171875,81141.859375,81102.1015625,81133.7421875,0
2026-05-13 09:24:00+00:00,81109.3984375,81110.0,81100.25,81102.109375,0
2026-05-13 09:25:00+00:00,81101.8671875,81113.171875,81097.453125,81108.046875,0
2026-05-13 09:26:00+00:00,81132.7421875,81132.7421875,81113.65625,81115.046875,8904704
2026-05-13 09:27:00+00:00,81134.5703125,81137.5625,81131.8671875,81133.7578125,0
2026-05-13 09:28:00+00:00,81142.2734375,81146.15625,81134.5703125,81134.640625,0
2026-05-13 09:29:00+00:00,81126.90625,81145.671875,81126.4609375,81141.9296875,4519936
2026-05-13 09:30:00+00:00,81130.40625,81159.2890625,81130.40625,81140.71875,32604160
2026-05-13 09:31:00+00:00,81144.2109375,81144.2109375,81137.0078125,81139.8125,616448
2026-05-13 09:32:00+00:00,81221.5390625,81221.5390625,81145.90625,81145.90625,0
2026-05-13 09:33:00+00:00,81201.8984375,81250.0078125,81198.40625,81228.9375,0
2026-05-13 09:34:00+00:00,81209.4765625,81209.4765625,81192.328125,81199.5390625,0
2026-05-13 09:35:00+00:00,81248.0234375,81248.0234375,81213.0,81213.0,0
2026-05-13 09:36:00+00:00,81248.0234375,81254.328125,81237.96875,81254.328125,0
2026-05-13 09:37:00+00:00,81255.3203125,81264.1015625,81247.5703125,81248.0078125,2703360
2026-05-13 09:38:00+00:00,81233.34375,81264.0078125,81232.2578125,81264.0078125,0
2026-05-13 09:39:00+00:00,81252.203125,81254.9921875,81231.3671875,81233.34375,0
2026-05-13 09:40:00+00:00,81245.1015625,81252.171875,81231.2109375,81252.1484375,50677760
2026-05-13 09:41:00+00:00,81219.40625,81245.1015625,81219.40625,81245.1015625,3565568
2026-05-13 09:42:00+00:00,81197.421875,81213.9609375,81195.7890625,81211.1015625,12855296
2026-05-13 09:43:00+00:00,81197.671875,81197.6796875,81190.7421875,81195.1328125,0
2026-05-13 09:44:00+00:00,81194.0078125,81197.6796875,81190.578125,81197.6796875,0
2026-05-13 09:45:00+00:00,81211.453125,81216.203125,81191.7421875,81193.6171875,116328448
2026-05-13 09:46:00+00:00,81216.859375,81230.7890625,81210.5,81213.1875,575488
2026-05-13 09:47:00+00:00,81225.71875,81225.71875,81207.65625,81216.8515625,0
2026-05-13 09:48:00+00:00,81231.9609375,81236.0,81216.09375,81230.0390625,0
2026-05-13 09:49:00+00:00,81184.46875,81234.8984375,81184.46875,81234.8984375,0
2026-05-13 09:50:00+00:00,81194.78125,81196.1328125,81185.25,81185.25,11298816
2026-05-13 09:51:00+00:00,81210.9375,81216.2109375,81194.78125,81194.78125,0
2026-05-13 09:52:00+00:00,81207.859375,81210.953125,81200.15625,81210.9375,116736
2026-05-13 09:53:00+00:00,81203.0234375,81205.1328125,81201.796875,81205.1171875,3233792
2026-05-13 09:54:00+00:00,81234.2734375,81234.2734375,81203.0078125,81203.0078125,43393024
2026-05-13 09:55:00+00:00,81224.40625,81236.7890625,81224.3984375,81234.2734375,0
2026-05-13 09:56:00+00:00,81243.953125,81243.9609375,81224.40625,81224.40625,2363392
2026-05-13 09:57:00+00:00,81237.90625,81254.7265625,81237.90625,81246.390625,23394304
2026-05-13 09:58:00+00:00,81235.4609375,81235.46875,81222.640625,81231.2265625,0
2026-05-13 09:59:00+00:00,81256.6015625,81268.9609375,81241.0625,81241.0625,0
2026-05-13 10:00:00+00:00,81256.2265625,81264.359375,81252.5390625,81252.5390625,0
2026-05-13 10:01:00+00:00,81235.328125,81262.6015625,81235.3203125,81259.84375,0
2026-05-13 10:02:00+00:00,81177.71875,81227.46875,81177.71875,81227.46875,0
2026-05-13 10:03:00+00:00,81197.5390625,81203.359375,81187.328125,81187.328125,0
2026-05-13 10:04:00+00:00,81190.8828125,81202.4765625,81190.8671875,81202.4765625,0
2026-05-13 10:05:00+00:00,81197.453125,81198.671875,81190.8671875,81190.8671875,0
2026-05-13 10:06:00+00:00,81177.703125,81198.671875,81177.703125,81198.671875,0
2026-05-13 10:07:00+00:00,81138.453125,81172.1171875,81138.453125,81172.0078125,5873664
2026-05-13 10:08:00+00:00,81148.0,81153.328125,81130.109375,81132.75,0
2026-05-13 10:09:00+00:00,81146.0078125,81161.6328125,81146.0078125,81148.0,26441728
2026-05-13 10:10:00+00:00,81100.65625,81146.0,81100.6484375,81146.0,0
2026-05-13 10:11:00+00:00,81107.1875,81117.96875,81098.546875,81109.1484375,7571456
2026-05-13 10:12:00+00:00,81074.8984375,81096.8125,81074.09375,81096.8125,14387200
2026-05-13 10:13:00+00:00,81105.84375,81105.84375,81068.9765625,81068.9765625,0
2026-05-13 10:14:00+00:00,81071.9921875,81084.6015625,81071.9921875,81084.6015625,796672
2026-05-13 10:15:00+00:00,81081.9921875,81081.9921875,81078.7265625,81078.7265625,0
2026-05-13 10:16:00+00:00,81075.046875,81080.7421875,81073.4296875,81080.7421875,0
2026-05-13 10:17:00+00:00,81097.4296875,81097.4296875,81075.578125,81077.8828125,2226176
2026-05-13 10:18:00+00:00,81105.8984375,81106.796875,81101.7578125,81101.7578125,495312896
2026-05-13 10:19:00+00:00,81088.671875,81104.171875,81087.4609375,81104.171875,15564800
2026-05-13 10:20:00+00:00,81112.59375,81129.1484375,81096.7578125,81096.7578125,0
2026-05-13 10:21:00+00:00,81123.109375,81123.109375,81112.0,81112.59375,0
2026-05-13 10:22:00+00:00,81097.453125,81114.4609375,81097.4375,81110.0,0
2026-05-13 10:23:00+00:00,81101.8671875,81101.8828125,81084.609375,81084.609375,2387968
2026-05-13 10:24:00+00:00,81083.7578125,81103.859375,81071.7578125,81101.8828125,109877248
2026-05-13 10:25:00+00:00,81078.796875,81084.9765625,81074.9765625,81084.9765625,1421312
2026-05-13 10:26:00+00:00,81033.2421875,81078.796875,81031.7109375,81078.796875,0
2026-05-13 10:27:00+00:00,80973.453125,81017.1875,80965.84375,81017.1875,0
2026-05-13 10:28:00+00:00,80962.6015625,80978.71875,80951.6015625,80973.453125,0
2026-05-13 10:29:00+00:00,80939.3203125,80947.9921875,80939.3203125,80945.0,0
2026-05-13 10:30:00+00:00,80952.28125,81001.1328125,80952.2734375,80999.9921875,143147008
2026-05-13 10:31:00+00:00,80951.7734375,80952.28125,80930.5234375,80946.5703125,3371008
2026-05-13 10:32:00+00:00,80959.40625,80971.71875,80952.9765625,80952.9765625,0
2026-05-13 10:33:00+00:00,80952.9765625,80981.8671875,80932.8984375,80958.0,20762624
2026-05-13 10:34:00+00:00,80902.15625,80953.78125,80900.2734375,80953.78125,0
2026-05-13 10:35:00+00:00,80908.046875,80930.71875,80902.1484375,80902.1484375,6047744
2026-05-13 10:36:00+00:00,80901.9921875,80906.8984375,80888.34375,80898.421875,0
2026-05-13 10:37:00+00:00,80897.8984375,80899.390625,80891.0625,80899.1484375,0
2026-05-13 10:38:00+00:00,80892.4609375,80911.25,80892.453125,80906.2890625,0
2026-05-13 10:39:00+00:00,80883.1796875,80892.4609375,80883.171875,80892.453125,0
2026-05-13 10:40:00+00:00,80888.3984375,80888.3984375,80873.546875,80873.546875,0
2026-05-13 10:41:00+00:00,80888.78125,80888.78125,80881.9609375,80888.3984375,667648
2026-05-13 10:42:00+00:00,80892.5078125,80901.6171875,80888.7890625,80888.7890625,0
2026-05-13 10:43:00+00:00,80790.140625,80886.53125,80790.140625,80879.171875,155488256
2026-05-13 10:44:00+00:00,80824.21875,80837.3828125,80811.0078125,80811.0078125,712704
2026-05-13 10:45:00+00:00,80802.1328125,80833.2734375,80790.96875,80824.578125,164427776
2026-05-13 10:46:00+00:00,80837.6171875,80852.0,80806.171875,80806.171875,1820672
2026-05-13 10:47:00+00:00,80852.5078125,80856.3515625,80835.46875,80837.4375,0
2026-05-13 10:48:00+00:00,80830.109375,80854.921875,80821.390625,80854.8828125,0
2026-05-13 10:49:00+00:00,80809.078125,80829.4609375,80809.078125,80829.4609375,1077248
2026-05-13 10:50:00+00:00,80797.1875,80804.9609375,80777.5625,80802.140625,1423360
2026-05-13 10:51:00+00:00,80800.609375,80809.1796875,80792.8515625,80798.0234375,93353984
2026-05-13 10:52:00+00:00,80821.3828125,80834.0078125,80790.4375,80795.7109375,0
2026-05-13 10:53:00+00:00,80812.1796875,80820.0,80812.0,80816.3671875,0
2026-05-13 10:54:00+00:00,80796.2109375,80802.1171875,80789.921875,80802.1171875,0
2026-05-13 10:55:00+00:00,80818.1484375,80818.9296875,80788.3984375,80795.640625,2947072
2026-05-13 10:56:00+00:00,80808.53125,80818.15625,80789.2890625,80818.15625,1564672
2026-05-13 10:57:00+00:00,80800.2109375,80809.140625,80799.2890625,80809.140625,21891072
2026-05-13 10:58:00+00:00,80804.21875,80804.21875,80800.0078125,80800.21875,0
2026-05-13 10:59:00+00:00,80773.5078125,80807.75,80773.5078125,80804.21875,0
2026-05-13 11:00:00+00:00,80790.7578125,80790.7578125,80755.3671875,80768.6875,0
2026-05-13 11:01:00+00:00,80811.75,80815.3203125,80790.7578125,80790.7578125,0
2026-05-13 11:02:00+00:00,80777.7421875,80811.75,80773.9921875,80811.75,1492992
2026-05-13 11:03:00+00:00,80743.9921875,80778.921875,80743.9921875,80778.921875,0
2026-05-13 11:04:00+00:00,80730.796875,80762.0,80728.296875,80750.7890625,0
2026-05-13 11:05:00+00:00,80676.9296875,80714.453125,80670.0,80699.40625,0
2026-05-13 11:06:00+00:00,80622.359375,80668.7421875,80619.1484375,80668.7421875,0
2026-05-13 11:07:00+00:00,80619.140625,80652.890625,80604.0,80614.0078125,0
2026-05-13 11:08:00+00:00,80621.0,80642.96875,80615.96875,80615.96875,3440640
2026-05-13 11:09:00+00:00,80640.953125,80651.1328125,80619.2890625,80621.0390625,0
2026-05-13 11:10:00+00:00,80592.640625,80640.9609375,80561.3828125,80631.9921875,0
2026-05-13 11:11:00+00:00,80585.9921875,80606.296875,80581.3671875,80584.03125,0
2026-05-13 11:12:00+00:00,80564.0234375,80577.421875,80550.7265625,80577.421875,66127872
2026-05-13 11:13:00+00:00,80559.8515625,80569.1796875,80543.953125,80569.1796875,0
2026-05-13 11:14:00+00:00,80538.9921875,80563.96875,80538.8984375,80554.8984375,0
2026-05-13 11:15:00+00:00,80558.0625,80558.0625,80519.6484375,80529.2734375,94064640
2026-05-13 11:16:00+00:00,80609.7109375,80618.171875,80564.9765625,80564.9765625,1748992
2026-05-13 11:17:00+00:00,80625.3828125,80625.3828125,80587.046875,80602.28125,2760704
2026-05-13 11:18:00+00:00,80615.9375,80625.3125,80607.0625,80625.3125,142170112
2026-05-13 11:19:00+00:00,80613.5703125,80631.9921875,80601.1875,80615.953125,0
2026-05-13 11:20:00+00:00,80622.3203125,80622.359375,80606.3203125,80615.9296875,3530752
2026-05-13 11:21:00+00:00,80648.03125,80648.03125,80609.5234375,80612.7421875,16062464
2026-05-13 11:22:00+00:00,80638.40625,80660.8671875,80638.40625,80638.421875,0
2026-05-13 11:23:00+00:00,80591.1796875,80631.9921875,80562.75,80631.9921875,333824
2026-05-13 11:24:00+00:00,80615.0,80615.0,80588.296875,80591.8125,0
2026-05-13 11:25:00+00:00,80602.2578125,80608.6171875,80599.890625,80606.3125,0
2026-05-13 11:26:00+00:00,80593.84375,80609.5078125,80593.84375,80609.5078125,0
2026-05-13 11:27:00+00:00,80559.609375,80599.90625,80554.9375,80598.1328125,0
2026-05-13 11:28:00+00:00,80573.328125,80573.328125,80538.4375,80558.3984375,0
2026-05-13 11:29:00+00:00,80539.1796875,80567.78125,80533.7265625,80567.78125,0
2026-05-13 11:30:00+00:00,80557.4296875,80557.4296875,80535.6875,80539.609375,0
2026-05-13 11:31:00+00:00,80604.65625,80605.546875,80559.9609375,80559.9609375,10928128
2026-05-13 11:32:00+00:00,80625.5625,80625.5625,80608.203125,80608.203125,3801088
2026-05-13 11:33:00+00:00,80637.8125,80637.8125,80615.3515625,80626.3515625,0
2026-05-13 11:34:00+00:00,80632.4375,80645.828125,80620.6328125,80645.828125,0
2026-05-13 11:35:00+00:00,80636.9296875,80641.0,80632.0078125,80632.8828125,0
2026-05-13 11:36:00+00:00,80613.9921875,80621.9765625,80613.9921875,80621.9765625,0
2026-05-13 11:37:00+00:00,80630.078125,80630.796875,80613.9921875,80614.0,3958784
2026-05-13 11:38:00+00:00,80636.7890625,80636.7890625,80630.7890625,80630.796875,1277952
2026-05-13 11:39:00+00:00,80637.1875,80644.4296875,80634.1484375,80635.1796875,0
2026-05-13 11:40:00+00:00,80651.2265625,80657.65625,80630.078125,80637.1875,53952512
2026-05-13 11:41:00+00:00,80622.3984375,80638.421875,80621.046875,80638.421875,0
2026-05-13 11:42:00+00:00,80630.6328125,80630.6328125,80624.9609375,80626.046875,0
2026-05-13 11:43:00+00:00,80632.0234375,80632.0234375,80626.703125,80628.5078125,0
2026-05-13 11:44:00+00:00,80654.28125,80654.28125,80636.0625,80636.0625,0
2026-05-13 11:45:00+00:00,80644.8203125,80644.8203125,80637.078125,80642.578125,24610816
2026-05-13 11:46:00+00:00,80645.953125,80672.9765625,80645.1328125,80648.0390625,0
2026-05-13 11:47:00+00:00,80625.578125,80650.421875,80625.578125,80650.421875,0
2026-05-13 11:48:00+00:00,80596.6796875,80625.578125,80596.6796875,80625.578125,0
2026-05-13 11:49:00+00:00,80574.2109375,80596.6796875,80574.2109375,80596.6796875,0
2026-05-13 11:50:00+00:00,80500.3828125,80571.0078125,80499.5,80571.0078125,1599488
2026-05-13 11:51:00+00:00,80501.609375,80519.640625,80491.203125,80508.3828125,0
2026-05-13 11:52:00+00:00,80515.9609375,80522.84375,80493.9296875,80493.9609375,0
2026-05-13 11:53:00+00:00,80493.9296875,80508.4609375,80490.0,80499.5703125,972800
2026-05-13 11:54:00+00:00,80505.640625,80505.640625,80487.1796875,80493.859375,0
2026-05-13 11:55:00+00:00,80514.796875,80520.7578125,80513.2109375,80513.2109375,0
2026-05-13 11:56:00+00:00,80486.96875,80512.046875,80485.28125,80512.046875,0
2026-05-13 11:57:00+00:00,80468.2890625,80485.2734375,80468.2890625,80485.2734375,0
2026-05-13 11:58:00+00:00,80485.34375,80486.5234375,80478.5,80478.5,169984
2026-05-13 11:59:00+00:00,80471.1484375,80496.0078125,80469.796875,80485.328125,1943552
2026-05-13 12:00:00+00:00,80471.5,80477.890625,80433.0,80468.96875,120121344
2026-05-13 12:01:00+00:00,80517.78125,80517.78125,80472.3984375,80472.3984375,0
2026-05-13 12:02:00+00:00,80519.4375,80522.2890625,80500.421875,80522.2890625,0
2026-05-13 12:03:00+00:00,80529.2578125,80529.2578125,80519.640625,80519.640625,490657792
2026-05-13 12:04:00+00:00,80552.0,80564.5625,80532.46875,80532.46875,0
2026-05-13 12:05:00+00:00,80520.578125,80545.3203125,80516.109375,80545.3203125,0
2026-05-13 12:06:00+00:00,80498.640625,80520.0078125,80495.0078125,80520.0078125,153907200
2026-05-13 12:07:00+00:00,80486.3515625,80498.9765625,80484.2421875,80498.9765625,0
2026-05-13 12:08:00+00:00,80465.59375,80477.0078125,80465.59375,80477.0078125,0
2026-05-13 12:09:00+00:00,80501.6171875,80505.453125,80481.4921875,80481.4921875,0
2026-05-13 12:10:00+00:00,80459.6796875,80496.6875,80459.6796875,80496.6875,0
2026-05-13 12:11:00+00:00,80452.0625,80454.046875,80420.703125,80445.953125,0
2026-05-13 12:12:00+00:00,80481.140625,80481.140625,80442.3515625,80454.0234375,0
2026-05-13 12:13:00+00:00,80524.59375,80531.8671875,80481.6484375,80487.359375,0
2026-05-13 12:14:00+00:00,80501.140625,80532.8671875,80498.4296875,80529.1328125,0
2026-05-13 12:15:00+00:00,80504.59375,80521.140625,80496.0078125,80521.140625,0
2026-05-13 12:16:00+00:00,80521.7265625,80521.7265625,80502.09375,80509.5390625,368640
2026-05-13 12:17:00+00:00,80520.90625,80534.0078125,80517.9921875,80527.21875,0
2026-05-13 12:18:00+00:00,80499.1015625,80512.0,80486.0,80512.0,9617408
2026-05-13 12:19:00+00:00,80494.15625,80514.8828125,80494.15625,80506.2890625,0
2026-05-13 12:20:00+00:00,80450.0078125,80495.4375,80450.0078125,80488.09375,0
2026-05-13 12:21:00+00:00,80398.4375,80446.25,80392.3515625,80446.25,7292928
2026-05-13 12:22:00+00:00,80205.609375,80383.046875,80205.609375,80383.046875,0
2026-05-13 12:23:00+00:00,80178.90625,80241.3984375,80150.0703125,80195.546875,0
2026-05-13 12:24:00+00:00,80249.9921875,80249.9921875,80185.5234375,80185.5234375,0
2026-05-13 12:25:00+00:00,80253.4921875,80253.4921875,80216.6796875,80223.2734375,0
2026-05-13 12:26:00+00:00,80288.09375,80288.09375,80250.40625,80253.4921875,17006592
2026-05-13 12:27:00+00:00,80336.3203125,80336.3203125,80295.7421875,80295.75,11442176
2026-05-13 12:28:00+00:00,80320.328125,80340.9921875,80315.0390625,80340.9921875,0
2026-05-13 12:29:00+00:00,80325.578125,80325.578125,80313.8828125,80319.0625,542720
2026-05-13 12:30:00+00:00,80189.9296875,80259.5078125,80166.0078125,80206.0390625,125440000
2026-05-13 12:31:00+00:00,80133.8515625,80146.03125,80056.0,80117.5703125,0
2026-05-13 12:32:00+00:00,80066.890625,80124.7109375,80056.8515625,80124.7109375,3244032
2026-05-13 12:33:00+00:00,80041.7890625,80087.390625,80039.046875,80055.2421875,0
2026-05-13 12:34:00+00:00,80086.453125,80111.53125,80050.8203125,80050.8203125,0
2026-05-13 12:35:00+00:00,80132.046875,80132.046875,80096.0,80096.4296875,11630592
2026-05-13 12:36:00+00:00,80062.96875,80096.4375,80058.640625,80088.578125,0
2026-05-13 12:37:00+00:00,79900.0,80046.4296875,79900.0,80046.4296875,2134016
2026-05-13 12:38:00+00:00,79897.1171875,79931.71875,79847.296875,79888.0,0
2026-05-13 12:39:00+00:00,79924.2890625,79924.2890625,79854.84375,79875.9765625,0
2026-05-13 12:40:00+00:00,79929.9765625,79929.9765625,79825.9609375,79898.1328125,0
2026-05-13 12:41:00+00:00,80027.140625,80027.140625,79951.9921875,79954.5,119762944
2026-05-13 12:42:00+00:00,80000.0234375,80025.71875,79987.0625,80025.71875,123912192
2026-05-13 12:43:00+00:00,80008.859375,80033.0078125,79991.609375,80000.5234375,5124096
2026-05-13 12:44:00+00:00,80127.34375,80127.34375,80008.7109375,80008.7109375,0
2026-05-13 12:45:00+00:00,80189.34375,80197.140625,80108.5234375,80125.34375,158398464
2026-05-13 12:46:00+00:00,80158.640625,80206.2421875,80153.8203125,80196.09375,202752
2026-05-13 12:47:00+00:00,80204.9765625,80204.9765625,80160.6484375,80160.6484375,9611264
2026-05-13 12:48:00+00:00,80206.796875,80213.6015625,80188.296875,80204.9921875,0
2026-05-13 12:49:00+00:00,80208.0,80240.8203125,80199.1328125,80206.7890625,0
2026-05-13 12:50:00+00:00,80218.0078125,80241.28125,80208.0,80208.0,5912576
2026-05-13 12:51:00+00:00,80207.3515625,80214.171875,80202.390625,80211.203125,302061568
2026-05-13 12:52:00+00:00,80239.71875,80253.4921875,80203.0625,80208.203125,6438912
2026-05-13 12:53:00+00:00,80162.359375,80238.3828125,80162.359375,80238.3828125,0
2026-05-13 12:54:00+00:00,80129.921875,80153.8203125,80129.2578125,80149.703125,0
2026-05-13 12:55:00+00:00,80156.8203125,80156.8203125,80127.9921875,80129.90625,0
2026-05-13 12:56:00+00:00,80129.6171875,80171.9296875,80123.8984375,80159.8515625,0
2026-05-13 12:57:00+00:00,80173.8828125,80173.890625,80129.6328125,80129.6328125,0
2026-05-13 12:58:00+00:00,80190.0625,80190.0625,80168.0390625,80182.078125,2015232
2026-05-13 12:59:00+00:00,80172.5234375,80196.09375,80171.2890625,80192.0078125,2031616
2026-05-13 13:00:00+00:00,80217.2265625,80217.2265625,80167.3828125,80172.5078125,0
2026-05-13 13:01:00+00:00,80254.609375,80269.0625,80232.34375,80238.3828125,223787008
2026-05-13 13:02:00+00:00,80257.328125,80262.53125,80229.3203125,80254.171875,0
2026-05-13 13:03:00+00:00,80241.3984375,80260.15625,80241.3984375,80260.1484375,76976128
2026-05-13 13:04:00+00:00,80247.7578125,80247.7578125,80220.453125,80229.7578125,0
2026-05-13 13:05:00+00:00,80237.8984375,80254.7265625,80230.15625,80254.7265625,0
2026-05-13 13:06:00+00:00,80254.1875,80258.6015625,80234.1171875,80243.8984375,194560
2026-05-13 13:07:00+00:00,80265.828125,80277.1171875,80251.09375,80254.203125,0
2026-05-13 13:08:00+00:00,80276.0234375,80297.1875,80275.546875,80282.0,1699840
2026-05-13 13:09:00+00:00,80289.7109375,80312.0,80271.1328125,80271.1328125,3657728
2026-05-13 13:10:00+00:00,80276.4296875,80298.6875,80274.2578125,80290.1015625,0
2026-05-13 13:11:00+00:00,80320.8125,80320.8125,80289.71875,80289.71875,0
2026-05-13 13:12:00+00:00,80308.3515625,80314.2421875,80302.9609375,80314.2421875,124545024
2026-05-13 13:13:00+00:00,80277.03125,80315.65625,80269.2109375,80315.65625,0
2026-05-13 13:14:00+00:00,80275.84375,80280.6484375,80269.359375,80269.359375,0
2026-05-13 13:15:00+00:00,80255.109375,80270.09375,80247.4375,80270.09375,0
2026-05-13 13:16:00+00:00,80261.6015625,80281.1171875,80258.75,80262.5390625,0
2026-05-13 13:17:00+00:00,80294.921875,80300.0234375,80261.59375,80261.59375,0
2026-05-13 13:18:00+00:00,80307.8203125,80307.8828125,80294.90625,80295.7421875,11964416
2026-05-13 13:19:00+00:00,80267.7109375,80310.84375,80267.328125,80310.84375,0
2026-05-13 13:20:00+00:00,80248.4609375,80265.8828125,80241.0390625,80265.8828125,0
2026-05-13 13:21:00+00:00,80246.828125,80246.828125,80205.1015625,80232.3515625,0
2026-05-13 13:22:00+00:00,80232.34375,80268.5703125,80232.34375,80253.9609375,0
2026-05-13 13:23:00+00:00,80217.2421875,80244.828125,80217.2421875,80229.3515625,0
2026-05-13 13:24:00+00:00,80196.1015625,80211.9921875,80196.1015625,80207.3671875,0
2026-05-13 13:25:00+00:00,80186.4296875,80194.4296875,80173.0703125,80194.4296875,0
2026-05-13 13:26:00+00:00,80182.3984375,80182.90625,80177.9765625,80181.0078125,0
2026-05-13 13:27:00+00:00,80142.953125,80159.7578125,80142.953125,80153.8203125,0
2026-05-13 13:28:00+00:00,80132.6796875,80147.453125,80117.640625,80147.453125,0
2026-05-13 13:29:00+00:00,80121.203125,80127.9921875,80105.5078125,80117.578125,8468480
2026-05-13 13:30:00+00:00,80147.78125,80177.8203125,80063.9765625,80069.2421875,0
2026-05-13 13:31:00+00:00,80052.953125,80137.4921875,80052.953125,80127.859375,0
2026-05-13 13:32:00+00:00,80124.0390625,80143.8984375,80050.0,80050.0,946176
2026-05-13 13:33:00+00:00,80137.9921875,80165.8984375,80112.671875,80128.90625,44271616
2026-05-13 13:34:00+00:00,80099.7109375,80155.8515625,80092.5234375,80134.03125,0
2026-05-13 13:35:00+00:00,80004.796875,80104.75,80004.796875,80099.828125,7823360
2026-05-13 13:36:00+00:00,80014.890625,80014.890625,79934.0234375,79975.640625,17864704
2026-05-13 13:37:00+00:00,79927.3203125,79998.0,79927.3203125,79969.6015625,0
2026-05-13 13:38:00+00:00,79912.203125,79933.34375,79901.6171875,79933.34375,0
2026-05-13 13:39:00+00:00,79849.5078125,79909.203125,79843.9375,79895.8125,0
2026-05-13 13:40:00+00:00,79791.421875,79826.0,79752.15625,79805.53125,7294976
2026-05-13 13:41:00+00:00,79817.953125,79825.0,79758.2109375,79795.4296875,0
2026-05-13 13:42:00+00:00,79901.953125,79908.0078125,79785.3828125,79818.40625,0
2026-05-13 13:43:00+00:00,79836.703125,79910.5,79831.9921875,79910.5,92801024
2026-05-13 13:44:00+00:00,79819.9375,79835.328125,79793.953125,79832.5625,17072128
2026-05-13 13:45:00+00:00,79685.0078125,79804.421875,79676.65625,79804.421875,143366144
2026-05-13 13:46:00+00:00,79618.0234375,79675.9296875,79579.2109375,79649.953125,13268992
2026-05-13 13:47:00+00:00,79572.171875,79640.0,79557.1171875,79597.25,0
2026-05-13 13:48:00+00:00,79601.9609375,79651.1484375,79553.21875,79553.21875,240074752
2026-05-13 13:49:00+00:00,79609.0625,79661.8984375,79547.078125,79601.171875,0
2026-05-13 13:50:00+00:00,79571.640625,79621.7890625,79540.3828125,79607.96875,273745920
2026-05-13 13:51:00+00:00,79650.6796875,79677.3671875,79604.1328125,79604.1328125,152326144
2026-05-13 13:52:00+00:00,79667.7109375,79667.7109375,79587.9765625,79598.1484375,0
2026-05-13 13:53:00+00:00,79657.359375,79681.5703125,79635.40625,79681.5703125,1691648
2026-05-13 13:54:00+00:00,79694.0,79694.0,79638.0703125,79664.890625,0
2026-05-13 13:55:00+00:00,79685.640625,79731.0234375,79666.0078125,79700.0,40345600
2026-05-13 13:56:00+00:00,79565.9921875,79667.0703125,79561.90625,79667.0703125,3121152
2026-05-13 13:57:00+00:00,79581.0625,79619.9765625,79568.078125,79570.9609375,173746176
2026-05-13 13:58:00+00:00,79601.8828125,79601.8828125,79570.078125,79571.96875,0
2026-05-13 13:59:00+00:00,79617.9765625,79649.3984375,79594.421875,79602.0,0
2026-05-13 14:00:00+00:00,79541.1796875,79582.9375,79514.0625,79581.421875,197392384
2026-05-13 14:01:00+00:00,79532.578125,79540.7578125,79447.140625,79493.3671875,13303808
2026-05-13 14:02:00+00:00,79567.90625,79612.4296875,79549.8203125,79560.359375,0
2026-05-13 14:03:00+00:00,79600.0,79646.6328125,79564.390625,79564.390625,0
2026-05-13 14:04:00+00:00,79610.2109375,79654.2890625,79564.6484375,79608.34375,0
2026-05-13 14:05:00+00:00,79691.7578125,79691.7578125,79562.7421875,79614.2265625,0
2026-05-13 14:06:00+00:00,79692.0390625,79692.0390625,79650.0,79679.6875,77967360
2026-05-13 14:07:00+00:00,79679.421875,79703.078125,79643.0,79691.75,8753152
2026-05-13 14:08:00+00:00,79620.6015625,79670.0078125,79591.390625,79670.0078125,0
2026-05-13 14:09:00+00:00,79670.4296875,79670.4296875,79612.8828125,79612.8828125,12320768
2026-05-13 14:10:00+00:00,79715.921875,79740.0,79647.5234375,79652.5078125,1648640
2026-05-13 14:11:00+00:00,79664.578125,79715.90625,79661.5390625,79689.796875,4331520
2026-05-13 14:12:00+00:00,79684.9765625,79685.7109375,79652.5,79673.6328125,0
2026-05-13 14:13:00+00:00,79676.78125,79733.9609375,79676.78125,79679.96875,1923072
2026-05-13 14:14:00+00:00,79672.78125,79682.171875,79666.6484375,79674.7109375,0
2026-05-13 14:15:00+00:00,79705.9375,79705.9375,79636.0078125,79670.34375,220977152
2026-05-13 14:16:00+00:00,79679.84375,79707.7265625,79660.21875,79705.1875,1486848
2026-05-13 14:17:00+00:00,79690.921875,79741.609375,79675.90625,79675.90625,1548288
2026-05-13 14:18:00+00:00,79635.9609375,79654.46875,79635.9609375,79643.453125,0
2026-05-13 14:19:00+00:00,79667.6015625,79667.6015625,79627.4375,79640.34375,0
2026-05-13 14:20:00+00:00,79672.9296875,79682.0,79654.953125,79679.90625,5644288
2026-05-13 14:21:00+00:00,79709.8671875,79736.0,79679.671875,79679.671875,16934912
2026-05-13 14:22:00+00:00,79725.828125,79725.828125,79691.78125,79708.03125,0
2026-05-13 14:23:00+00:00,79757.25,79758.0,79721.9921875,79732.0,5490688
2026-05-13 14:24:00+00:00,79737.84375,79764.2265625,79715.421875,79754.1484375,0
2026-05-13 14:25:00+00:00,79765.5390625,79785.28125,79759.6484375,79759.6484375,13289472
2026-05-13 14:26:00+00:00,79819.1015625,79819.1015625,79768.34375,79768.34375,2480128
2026-05-13 14:27:00+00:00,79815.578125,79862.4921875,79815.578125,79832.109375,0
2026-05-13 14:28:00+00:00,79822.8828125,79851.796875,79803.5078125,79808.2890625,1814528
2026-05-13 14:29:00+00:00,79814.0,79829.5703125,79803.5,79829.5703125,0
2026-05-13 14:30:00+00:00,79812.7109375,79824.2109375,79791.8828125,79791.8828125,0
2026-05-13 14:31:00+00:00,79774.0,79804.0078125,79774.0,79804.0078125,22347776
2026-05-13 14:32:00+00:00,79745.3125,79765.3828125,79735.1015625,79764.171875,0
2026-05-13 14:33:00+00:00,79786.8828125,79798.96875,79749.1328125,79749.1328125,0
2026-05-13 14:34:00+00:00,79749.0,79806.5234375,79743.09375,79791.2578125,1366016
2026-05-13 14:35:00+00:00,79725.9921875,79752.453125,79720.0,79743.8984375,0
2026-05-13 14:36:00+00:00,79756.9921875,79756.9921875,79724.96875,79731.640625,0
2026-05-13 14:37:00+00:00,79738.2265625,79778.0234375,79730.03125,79778.0234375,0
2026-05-13 14:38:00+00:00,79749.109375,79760.6875,79726.859375,79749.1328125,0
2026-05-13 14:39:00+00:00,79762.0,79764.1015625,79745.0,79750.953125,0
2026-05-13 14:40:00+00:00,79744.140625,79764.2109375,79739.25,79764.2109375,0
2026-05-13 14:41:00+00:00,79732.0,79746.9296875,79732.0,79746.9296875,0
2026-05-13 14:42:00+00:00,79700.0078125,79751.7421875,79700.0078125,79736.703125,0
2026-05-13 14:43:00+00:00,79740.3984375,79762.4921875,79698.3515625,79705.0625,0
2026-05-13 14:44:00+00:00,79662.09375,79745.4921875,79662.09375,79737.0625,0
2026-05-13 14:45:00+00:00,79688.9765625,79688.9765625,79665.6875,79668.5625,0
2026-05-13 14:46:00+00:00,79667.953125,79696.15625,79661.0390625,79696.15625,0
2026-05-13 14:47:00+00:00,79628.34375,79662.078125,79614.7578125,79662.078125,0
2026-05-13 14:48:00+00:00,79617.8828125,79642.40625,79611.921875,79624.6796875,81602560
2026-05-13 14:49:00+00:00,79632.96875,79632.96875,79617.828125,79617.828125,8378368
2026-05-13 14:50:00+00:00,79659.71875,79659.71875,79613.25,79613.25,0
2026-05-13 14:51:00+00:00,79665.0,79676.0234375,79629.9765625,79673.6328125,0
2026-05-13 14:52:00+00:00,79715.921875,79715.921875,79660.1171875,79660.1171875,0
2026-05-13 14:53:00+00:00,79753.328125,79755.140625,79724.0234375,79724.0234375,0
2026-05-13 14:54:00+00:00,79700.8125,79778.0078125,79694.7890625,79765.4375,0
2026-05-13 14:55:00+00:00,79718.5234375,79724.9765625,79699.21875,79714.921875,0
2026-05-13 14:56:00+00:00,79669.1875,79716.15625,79668.578125,79706.8671875,0
2026-05-13 14:57:00+00:00,79705.703125,79705.703125,79667.6328125,79685.71875,0
2026-05-13 14:58:00+00:00,79717.828125,79717.828125,79688.7421875,79712.8984375,0
2026-05-13 14:59:00+00:00,79724.6796875,79732.7734375,79713.09375,79724.96875,0
2026-05-13 15:00:00+00:00,79763.75,79788.3984375,79732.578125,79734.0390625,132087808
2026-05-13 15:01:00+00:00,79770.03125,79820.03125,79764.7734375,79770.25,0
2026-05-13 15:02:00+00:00,79773.28125,79803.9921875,79755.1796875,79758.0625,0
2026-05-13 15:03:00+00:00,79767.2578125,79793.75,79767.2578125,79782.75,0
2026-05-13 15:04:00+00:00,79701.9921875,79768.46875,79701.9921875,79768.46875,626688
2026-05-13 15:05:00+00:00,79632.3984375,79699.9921875,79627.203125,79691.0,7340032
2026-05-13 15:06:00+00:00,79627.9921875,79653.2734375,79611.8828125,79625.9609375,0
2026-05-13 15:07:00+00:00,79627.9609375,79649.390625,79626.109375,79628.890625,0
2026-05-13 15:08:00+00:00,79531.6875,79610.796875,79516.0,79608.671875,757760
2026-05-13 15:09:00+00:00,79571.796875,79576.5703125,79532.9765625,79532.9765625,77877248
2026-05-13 15:10:00+00:00,79557.3671875,79573.96875,79557.359375,79567.9375,0
2026-05-13 15:11:00+00:00,79500.7578125,79557.3671875,79500.0,79557.3671875,1087488
2026-05-13 15:12:00+00:00,79494.0,79505.421875,79479.4765625,79500.7578125,0
2026-05-13 15:13:00+00:00,79441.1796875,79467.453125,79419.2265625,79467.453125,0
2026-05-13 15:14:00+00:00,79392.453125,79450.03125,79392.453125,79450.03125,3184640
2026-05-13 15:15:00+00:00,79445.9609375,79445.9609375,79375.9765625,79385.421875,0
2026-05-13 15:16:00+00:00,79395.4765625,79433.046875,79377.9296875,79433.046875,7045120
2026-05-13 15:17:00+00:00,79414.7734375,79426.0,79389.7578125,79410.4765625,0
2026-05-13 15:18:00+00:00,79365.6015625,79417.21875,79365.6015625,79417.21875,637634560
2026-05-13 15:19:00+00:00,79304.71875,79374.65625,79298.0,79374.65625,2019328
2026-05-13 15:20:00+00:00,79336.34375,79336.34375,79255.6015625,79261.96875,671744
2026-05-13 15:21:00+00:00,79365.59375,79365.59375,79325.296875,79340.0,49821696
2026-05-13 15:22:00+00:00,79329.7578125,79351.890625,79316.8671875,79346.9609375,0
2026-05-13 15:23:00+00:00,79343.96875,79352.0,79316.078125,79332.0,14974976
2026-05-13 15:24:00+00:00,79310.2734375,79360.078125,79281.21875,79334.0,7524352
2026-05-13 15:25:00+00:00,79263.21875,79323.109375,79252.546875,79313.109375,0
2026-05-13 15:26:00+00:00,79244.0390625,79263.6875,79235.8203125,79263.6875,0
2026-05-13 15:27:00+00:00,79277.1171875,79277.1171875,79200.8984375,79243.6875,13942784
2026-05-13 15:28:00+00:00,79250.828125,79293.1171875,79235.75,79270.2265625,0
2026-05-13 15:29:00+00:00,79239.0,79286.3515625,79235.140625,79258.0625,0
2026-05-13 15:30:00+00:00,79195.609375,79222.046875,79187.9765625,79202.75,0
2026-05-13 15:31:00+00:00,79185.46875,79230.109375,79185.46875,79203.0,0
2026-05-13 15:32:00+00:00,79208.9609375,79225.9921875,79208.5703125,79208.5703125,0
2026-05-13 15:33:00+00:00,79237.1328125,79237.1328125,79202.5234375,79207.421875,0
2026-05-13 15:34:00+00:00,79267.1875,79267.1875,79224.5703125,79235.7265625,152930304
2026-05-13 15:35:00+00:00,79229.9609375,79268.796875,79222.7421875,79255.8515625,0
2026-05-13 15:36:00+00:00,79236.6015625,79262.0,79230.78125,79231.9609375,151171072
2026-05-13 15:37:00+00:00,79255.046875,79265.90625,79242.1328125,79252.0078125,0
2026-05-13 15:38:00+00:00,79214.0625,79251.9921875,79213.640625,79251.9921875,0
2026-05-13 15:39:00+00:00,79212.0234375,79235.7421875,79203.2265625,79212.6875,0
2026-05-13 15:40:00+00:00,79199.53125,79221.3671875,79196.4765625,79221.3671875,509952
2026-05-13 15:41:00+00:00,79213.9296875,79244.2421875,79200.7109375,79200.7109375,1728512
2026-05-13 15:42:00+00:00,79258.0234375,79262.7421875,79223.640625,79223.640625,0
2026-05-13 15:43:00+00:00,79276.9609375,79309.109375,79262.90625,79262.90625,0
2026-05-13 15:44:00+00:00,79209.0,79284.0078125,79209.0,79284.0078125,0
2026-05-13 15:45:00+00:00,79178.203125,79195.6796875,79156.0078125,79195.6796875,5906432
2026-05-13 15:46:00+00:00,79169.9609375,79221.75,79146.0,79160.2578125,8867840
2026-05-13 15:47:00+00:00,79186.109375,79200.0,79169.296875,79177.203125,8251392
2026-05-13 15:48:00+00:00,79142.1796875,79197.9921875,79142.1796875,79197.9921875,26990592
2026-05-13 15:49:00+00:00,79133.0625,79157.9765625,79081.71875,79127.9921875,0
2026-05-13 15:50:00+00:00,79105.140625,79108.0,79071.0078125,79099.9921875,19816448
2026-05-13 15:51:00+00:00,79073.90625,79105.8515625,79073.90625,79094.890625,65718272
2026-05-13 15:52:00+00:00,79061.3125,79083.5234375,79061.3125,79076.7265625,13572096
2026-05-13 15:53:00+00:00,79039.8828125,79065.859375,79028.7578125,79065.859375,5634048
2026-05-13 15:54:00+00:00,79057.9296875,79070.0,79033.8671875,79045.6171875,0
2026-05-13 15:55:00+00:00,79028.09375,79060.5703125,79028.09375,79060.5703125,0
2026-05-13 15:56:00+00:00,78993.890625,79030.953125,78993.890625,79030.953125,6948864
2026-05-13 15:57:00+00:00,78888.109375,78977.890625,78881.59375,78945.9921875,0
2026-05-13 15:58:00+00:00,78780.15625,78886.0234375,78761.3125,78886.0234375,7315456
2026-05-13 15:59:00+00:00,78783.0390625,78837.0390625,78770.7734375,78780.7734375,0
2026-05-13 16:00:00+00:00,78957.7890625,78968.0,78761.28125,78761.28125,6178816
2026-05-13 16:01:00+00:00,78890.0,78918.0,78885.09375,78918.0,50171904
2026-05-13 16:02:00+00:00,78870.0,78925.8828125,78831.0078125,78891.453125,30935040
2026-05-13 16:03:00+00:00,78900.8984375,78922.6875,78839.9921875,78850.0,252125184
2026-05-13 16:04:00+00:00,78849.9921875,78936.7578125,78849.9921875,78906.0078125,0
2026-05-13 16:05:00+00:00,78824.2421875,78859.8671875,78824.2421875,78845.1484375,0
2026-05-13 16:06:00+00:00,78838.0,78850.078125,78774.90625,78831.9765625,216721408
2026-05-13 16:07:00+00:00,78788.0625,78818.9765625,78777.1875,78815.9609375,7700480
2026-05-13 16:08:00+00:00,78765.9921875,78807.9921875,78753.078125,78792.15625,2062336
2026-05-13 16:09:00+00:00,78707.7265625,78752.7109375,78707.7265625,78743.4921875,412256256
2026-05-13 16:10:00+00:00,78716.2734375,78745.28125,78700.0,78704.0,0
2026-05-13 16:11:00+00:00,78780.0078125,78817.296875,78702.0,78702.0,19146752
2026-05-13 16:12:00+00:00,78843.140625,78847.9921875,78784.890625,78785.75,38703104
2026-05-13 16:13:00+00:00,78819.9296875,78849.1796875,78813.9609375,78846.15625,17102848
2026-05-13 16:14:00+00:00,78862.421875,78867.28125,78809.75,78813.03125,24113152
2026-05-13 16:15:00+00:00,78840.1328125,78867.109375,78840.1328125,78862.453125,0
2026-05-13 16:16:00+00:00,78834.078125,78840.1328125,78800.8515625,78840.1328125,0
2026-05-13 16:17:00+00:00,78835.8671875,78867.2890625,78835.8515625,78852.203125,395368448
2026-05-13 16:18:00+00:00,78856.390625,78856.390625,78829.0,78842.7421875,0
2026-05-13 16:19:00+00:00,78860.578125,78887.5703125,78853.796875,78853.796875,0
2026-05-13 16:20:00+00:00,78862.3984375,78866.171875,78854.0,78863.3828125,0
2026-05-13 16:21:00+00:00,78904.640625,78912.109375,78862.40625,78862.40625,0
2026-05-13 16:22:00+00:00,78933.5078125,78936.7578125,78912.1171875,78912.1171875,0
2026-05-13 16:23:00+00:00,78941.9765625,78941.9765625,78913.9765625,78931.9296875,608256
2026-05-13 16:24:00+00:00,78942.25,78994.140625,78924.1328125,78955.4375,135260160
2026-05-13 16:25:00+00:00,78933.7265625,78966.9375,78920.828125,78966.9375,0
2026-05-13 16:26:00+00:00,78950.0078125,78982.046875,78950.0078125,78957.6328125,0
2026-05-13 16:27:00+00:00,78974.0234375,78976.0078125,78929.7265625,78929.7265625,3024896
2026-05-13 16:28:00+00:00,78987.328125,79011.96875,78983.3203125,78988.0,16396288
2026-05-13 16:29:00+00:00,79003.140625,79022.8828125,78986.0078125,78986.0078125,0
2026-05-13 16:30:00+00:00,79004.3984375,79024.328125,78994.9296875,79001.8515625,145238016
2026-05-13 16:31:00+00:00,79013.078125,79032.65625,78991.0,79024.34375,0
2026-05-13 16:32:00+00:00,79064.8984375,79064.8984375,79021.9921875,79035.9765625,0
2026-05-13 16:33:00+00:00,79076.671875,79090.40625,79056.7890625,79056.7890625,0
2026-05-13 16:34:00+00:00,79090.1875,79090.5703125,79053.859375,79081.828125,3745792
2026-05-13 16:35:00+00:00,79099.5,79105.0078125,79087.40625,79090.453125,4139008
2026-05-13 16:36:00+00:00,79065.59375,79094.0,79060.7265625,79094.0,0
2026-05-13 16:37:00+00:00,79066.2578125,79084.7265625,79060.328125,79061.8203125,33630208
2026-05-13 16:38:00+00:00,79084.0625,79092.328125,79060.6875,79062.28125,3659776
2026-05-13 16:39:00+00:00,79096.2265625,79102.7578125,79082.703125,79082.703125,50669568
2026-05-13 16:40:00+00:00,79123.421875,79123.421875,79096.2265625,79096.2265625,0
2026-05-13 16:41:00+00:00,79117.9609375,79128.1484375,79100.6328125,79122.1015625,5564416
2026-05-13 16:42:00+00:00,79128.796875,79134.9921875,79105.828125,79124.953125,0
2026-05-13 16:43:00+00:00,79100.7109375,79134.8828125,79100.7109375,79129.1171875,46960640
2026-05-13 16:44:00+00:00,79099.03125,79110.078125,79069.6484375,79097.921875,2641920
2026-05-13 16:45:00+00:00,79100.6015625,79101.8828125,79081.1171875,79101.8828125,31858688
2026-05-13 16:46:00+00:00,79117.0390625,79117.0390625,79086.96875,79106.5,0
2026-05-13 16:47:00+00:00,79168.40625,79174.03125,79109.3125,79109.3125,0
2026-05-13 16:48:00+00:00,79170.609375,79181.3671875,79167.9765625,79176.6796875,8488960
2026-05-13 16:49:00+00:00,79157.546875,79176.7890625,79144.3125,79172.359375,0
2026-05-13 16:50:00+00:00,79151.9375,79165.921875,79150.0,79165.921875,0
2026-05-13 16:51:00+00:00,79105.8828125,79175.328125,79105.8828125,79175.328125,116736
2026-05-13 16:52:00+00:00,79089.921875,79123.109375,79089.8984375,79120.9609375,0
2026-05-13 16:53:00+00:00,79063.8671875,79114.0390625,79063.8671875,79093.7890625,7004160
2026-05-13 16:54:00+00:00,79052.34375,79063.84375,79040.3203125,79063.84375,0
2026-05-13 16:55:00+00:00,79072.65625,79072.65625,79033.7734375,79052.6796875,0
2026-05-13 16:56:00+00:00,79087.34375,79098.796875,79073.0234375,79077.96875,0
2026-05-13 16:57:00+00:00,79087.34375,79087.7578125,79069.640625,79072.8125,0
2026-05-13 16:58:00+00:00,79042.1796875,79069.6484375,79040.4765625,79069.6484375,0
2026-05-13 16:59:00+00:00,79066.609375,79066.609375,79042.34375,79042.921875,1714176
2026-05-13 17:00:00+00:00,79197.671875,79197.671875,79096.84375,79096.84375,0
2026-05-13 17:01:00+00:00,79164.0,79188.28125,79158.0,79188.28125,0
2026-05-13 17:02:00+00:00,79161.8671875,79161.8671875,79124.4609375,79160.0,0
2026-05-13 17:03:00+00:00,79190.0078125,79190.0078125,79156.0078125,79164.0,0
2026-05-13 17:04:00+00:00,79196.0,79202.0,79178.0078125,79178.0078125,0
2026-05-13 17:05:00+00:00,79167.703125,79199.46875,79166.0078125,79199.46875,1728512
2026-05-13 17:06:00+00:00,79179.2734375,79184.0078125,79176.71875,79177.328125,0
2026-05-13 17:07:00+00:00,79153.078125,79176.34375,79140.0,79176.34375,2207744
2026-05-13 17:08:00+00:00,79165.1796875,79165.1796875,79146.71875,79153.078125,0
2026-05-13 17:09:00+00:00,79146.203125,79166.7421875,79132.28125,79166.2109375,0
2026-05-13 17:10:00+00:00,79159.7421875,79159.7421875,79143.2265625,79148.15625,0
2026-05-13 17:11:00+00:00,79136.2734375,79168.9921875,79136.2734375,79168.9921875,0
2026-05-13 17:12:00+00:00,79165.8125,79183.890625,79138.2421875,79138.2421875,177784832
2026-05-13 17:13:00+00:00,79194.0,79202.0,79161.9609375,79161.96875,0
2026-05-13 17:14:00+00:00,79199.75,79199.75,79186.0,79194.0,3862528
2026-05-13 17:15:00+00:00,79200.8828125,79208.5625,79192.296875,79196.0,0
2026-05-13 17:16:00+00:00,79084.9921875,79201.6015625,79068.0078125,79201.6015625,6993920
2026-05-13 17:17:00+00:00,79102.109375,79108.890625,79093.0234375,79097.0,796672
2026-05-13 17:18:00+00:00,79227.0,79228.0,79108.6328125,79108.6328125,0
2026-05-13 17:19:00+00:00,79274.0,79278.0,79244.9921875,79245.0,0
2026-05-13 17:20:00+00:00,79249.3828125,79282.1328125,79249.3515625,79282.1328125,0
2026-05-13 17:21:00+00:00,79268.953125,79274.9921875,79251.4921875,79251.4921875,8849408
2026-05-13 17:22:00+00:00,79286.0390625,79290.1015625,79261.703125,79261.703125,7233536
2026-05-13 17:23:00+00:00,79304.7890625,79304.7890625,79270.640625,79293.1171875,610304
2026-05-13 17:24:00+00:00,79268.0,79296.9765625,79268.0,79296.0,0
2026-05-13 17:25:00+00:00,79279.1328125,79302.171875,79279.1328125,79291.15625,0
2026-05-13 17:26:00+00:00,79304.640625,79326.328125,79279.9765625,79279.9765625,55296
2026-05-13 17:27:00+00:00,79343.953125,79343.953125,79304.609375,79307.421875,653627392
2026-05-13 17:28:00+00:00,79309.5078125,79343.0078125,79299.9921875,79343.0078125,5382144
2026-05-13 17:29:00+00:00,79306.8671875,79310.421875,79306.203125,79309.5078125,0
2026-05-13 17:30:00+00:00,79316.84375,79326.34375,79308.84375,79308.8515625,21571584
2026-05-13 17:31:00+00:00,79313.84375,79315.2578125,79307.84375,79307.84375,10240
2026-05-13 17:32:00+00:00,79302.65625,79323.3125,79302.65625,79313.828125,5263360
2026-05-13 17:33:00+00:00,79318.4609375,79326.34375,79302.1796875,79302.1796875,7063552
2026-05-13 17:34:00+00:00,79335.609375,79336.9765625,79318.0,79324.5234375,0
2026-05-13 17:35:00+00:00,79311.9921875,79339.3828125,79311.9921875,79335.71875,1380352
2026-05-13 17:36:00+00:00,79353.5,79353.5,79311.9921875,79311.9921875,116283392
2026-05-13 17:37:00+00:00,79332.8828125,79353.5078125,79331.9296875,79353.5078125,630784
2026-05-13 17:38:00+00:00,79317.5390625,79338.28125,79317.5390625,79332.8828125,413696
2026-05-13 17:39:00+00:00,79328.7109375,79332.3671875,79317.53125,79317.53125,8468480
2026-05-13 17:40:00+00:00,79341.4296875,79341.4296875,79328.7109375,79328.7109375,0
2026-05-13 17:41:00+00:00,79338.171875,79341.4296875,79326.2265625,79341.4296875,2760704
2026-05-13 17:42:00+00:00,79374.6484375,79374.6484375,79354.7734375,79359.9375,4761600
2026-05-13 17:43:00+00:00,79396.0,79400.9765625,79374.6484375,79374.6484375,534528
2026-05-13 17:44:00+00:00,79400.6875,79411.3828125,79396.90625,79398.328125,1722368
2026-05-13 17:45:00+00:00,79366.0078125,79421.140625,79366.0,79404.8984375,0
2026-05-13 17:46:00+00:00,79401.8515625,79401.8515625,79366.5,79366.5,2543616
2026-05-13 17:47:00+00:00,79417.9765625,79417.9765625,79387.7734375,79387.7734375,1910784
2026-05-13 17:48:00+00:00,79394.2109375,79420.9296875,79394.2109375,79420.9296875,0
2026-05-13 17:49:00+00:00,79440.0,79441.09375,79396.0,79396.0,9748480
2026-05-13 17:50:00+00:00,79455.4765625,79486.1171875,79439.9921875,79439.9921875,0
2026-05-13 17:51:00+00:00,79452.0234375,79476.453125,79448.75,79452.828125,0
2026-05-13 17:52:00+00:00,79450.171875,79465.9921875,79447.8515625,79452.0,3725312
2026-05-13 17:53:00+00:00,79444.953125,79459.21875,79440.5625,79459.21875,5402624
2026-05-13 17:54:00+00:00,79436.0234375,79446.8671875,79430.953125,79430.953125,40726528
2026-05-13 17:55:00+00:00,79441.1015625,79470.0390625,79441.1015625,79445.890625,0
2026-05-13 17:56:00+00:00,79416.0078125,79451.328125,79416.0078125,79437.1015625,0
2026-05-13 17:57:00+00:00,79450.0703125,79459.2109375,79417.1171875,79417.1171875,0
2026-05-13 17:58:00+00:00,79516.6171875,79528.7890625,79458.78125,79459.7734375,0
2026-05-13 17:59:00+00:00,79479.9921875,79509.140625,79479.9921875,79507.5390625,0
2026-05-13 18:00:00+00:00,79516.609375,79533.0078125,79495.3984375,79495.3984375,109004800
2026-05-13 18:01:00+00:00,79558.8984375,79561.890625,79510.5703125,79510.5703125,0
2026-05-13 18:02:00+00:00,79555.7734375,79561.8828125,79516.609375,79550.0078125,14735360
2026-05-13 18:03:00+00:00,79509.9921875,79561.25,79509.9921875,79554.5703125,0
2026-05-13 18:04:00+00:00,79500.421875,79519.609375,79482.21875,79500.0,2144256
2026-05-13 18:05:00+00:00,79531.8203125,79531.8203125,79502.6796875,79502.6796875,0
2026-05-13 18:06:00+00:00,79549.109375,79549.109375,79530.84375,79531.9375,0
2026-05-13 18:07:00+00:00,79527.8515625,79567.9375,79515.7421875,79547.8515625,0
2026-05-13 18:08:00+00:00,79552.640625,79561.890625,79513.9921875,79513.9921875,0
2026-05-13 18:09:00+00:00,79559.03125,79567.71875,79547.8828125,79551.96875,0
2026-05-13 18:10:00+00:00,79567.5625,79571.90625,79559.7578125,79559.7578125,0
2026-05-13 18:11:00+00:00,79588.546875,79588.546875,79559.0625,79559.0625,0
2026-05-13 18:12:00+00:00,79557.046875,79595.828125,79557.046875,79585.9921875,9674752
2026-05-13 18:13:00+00:00,79583.46875,79583.46875,79548.8125,79548.8125,138090496
2026-05-13 18:14:00+00:00,79581.6875,79581.6875,79578.796875,79578.796875,0
2026-05-13 18:15:00+00:00,79586.0703125,79608.1328125,79586.0703125,79587.1796875,24918016
2026-05-13 18:16:00+00:00,79588.78125,79591.0,79586.09375,79586.09375,1572864
2026-05-13 18:17:00+00:00,79560.828125,79590.6796875,79531.703125,79590.6796875,0
2026-05-13 18:18:00+00:00,79576.40625,79576.9296875,79545.8984375,79563.15625,19019776
2026-05-13 18:19:00+00:00,79694.3984375,79694.3984375,79578.796875,79581.2734375,0
2026-05-13 18:20:00+00:00,79725.1328125,79731.0,79695.578125,79695.578125,2787328
2026-05-13 18:21:00+00:00,79746.1171875,79773.2890625,79743.109375,79752.9921875,37666816
2026-05-13 18:22:00+00:00,79705.3203125,79745.9375,79690.0078125,79745.9375,0
2026-05-13 18:23:00+00:00,79742.15625,79742.15625,79712.8671875,79712.8671875,14221312
2026-05-13 18:24:00+00:00,79740.8671875,79749.0390625,79739.578125,79742.15625,72224768
2026-05-13 18:25:00+00:00,79730.9921875,79757.8515625,79724.140625,79751.0078125,5150720
2026-05-13 18:26:00+00:00,79741.0234375,79750.4765625,79737.7421875,79737.7421875,4030464
2026-05-13 18:27:00+00:00,79708.0625,79741.0,79700.0,79741.0,0
2026-05-13 18:28:00+00:00,79739.0390625,79739.0390625,79710.84375,79714.9765625,0
2026-05-13 18:29:00+00:00,79736.0,79746.1015625,79702.28125,79742.71875,0
2026-05-13 18:30:00+00:00,79732.96875,79756.21875,79730.1484375,79735.953125,143749120
2026-05-13 18:31:00+00:00,79680.453125,79752.0078125,79680.453125,79732.0234375,0
2026-05-13 18:32:00+00:00,79689.9296875,79697.7734375,79644.3671875,79680.9765625,10360832
2026-05-13 18:33:00+00:00,79689.921875,79709.8828125,79689.921875,79697.8125,0
2026-05-13 18:34:00+00:00,79694.7890625,79694.7890625,79668.3828125,79679.1796875,670373888
2026-05-13 18:35:00+00:00,79713.0,79714.671875,79699.796875,79700.0,17827840
2026-05-13 18:36:00+00:00,79681.046875,79712.921875,79678.0078125,79712.921875,0
2026-05-13 18:37:00+00:00,79700.8125,79706.859375,79685.78125,79685.78125,153600
2026-05-13 18:38:00+00:00,79695.078125,79714.609375,79695.078125,79702.0078125,0
2026-05-13 18:39:00+00:00,79714.609375,79714.609375,79698.6484375,79698.6484375,0
2026-05-13 18:40:00+00:00,79770.28125,79782.359375,79714.6015625,79714.6015625,0
2026-05-13 18:41:00+00:00,79757.9921875,79763.6328125,79753.9921875,79763.6328125,2652160
2026-05-13 18:42:00+00:00,79700.0,79749.140625,79700.0,79749.140625,56375296
2026-05-13 18:43:00+00:00,79682.703125,79700.953125,79682.703125,79700.953125,0
2026-05-13 18:44:00+00:00,79612.0,79664.59375,79612.0,79664.578125,9758720
2026-05-13 18:45:00+00:00,79632.1796875,79634.0,79610.0234375,79610.0234375,148058112
2026-05-13 18:46:00+00:00,79560.2734375,79640.390625,79560.2734375,79637.0625,2689024
2026-05-13 18:47:00+00:00,79564.0390625,79576.9921875,79548.109375,79559.1796875,0
2026-05-13 18:48:00+00:00,79575.9921875,79582.1171875,79531.703125,79564.0390625,0
2026-05-13 18:49:00+00:00,79557.40625,79592.078125,79554.0078125,79576.0,0
2026-05-13 18:50:00+00:00,79591.0390625,79591.7265625,79549.9296875,79558.8671875,0
2026-05-13 18:51:00+00:00,79573.9765625,79590.1015625,79565.953125,79589.9765625,59617280
2026-05-13 18:52:00+00:00,79558.59375,79576.90625,79558.59375,79574.0,0
2026-05-13 18:53:00+00:00,79584.0078125,79584.0078125,79558.59375,79558.59375,3753984
2026-05-13 18:54:00+00:00,79594.0078125,79606.0,79564.9296875,79592.046875,0
2026-05-13 18:55:00+00:00,79646.0078125,79646.0078125,79606.03125,79608.75,15017984
2026-05-13 18:56:00+00:00,79650.6328125,79656.3828125,79632.0,79646.0078125,0
2026-05-13 18:57:00+00:00,79642.46875,79652.03125,79639.9765625,79650.6328125,13045760
2026-05-13 18:58:00+00:00,79613.25,79642.5078125,79613.25,79642.5078125,202752
2026-05-13 18:59:00+00:00,79576.1328125,79608.1171875,79573.9921875,79608.1171875,0
2026-05-13 19:00:00+00:00,79585.96875,79594.203125,79564.9296875,79567.9375,65673216
2026-05-13 19:01:00+00:00,79573.3515625,79601.140625,79573.3515625,79601.140625,0
2026-05-13 19:02:00+00:00,79509.6015625,79565.9921875,79509.6015625,79565.9921875,395264
2026-05-13 19:03:00+00:00,79496.0078125,79518.46875,79496.0078125,79503.96875,8157184
2026-05-13 19:04:00+00:00,79497.3515625,79528.1796875,79491.8125,79491.8125,0
2026-05-13 19:05:00+00:00,79520.9609375,79526.59375,79500.953125,79500.953125,0
2026-05-13 19:06:00+00:00,79462.1796875,79522.6015625,79462.1796875,79507.5390625,4960256
2026-05-13 19:07:00+00:00,79451.5625,79465.2578125,79443.8984375,79465.2578125,8378368
2026-05-13 19:08:00+00:00,79483.53125,79486.3984375,79455.703125,79457.96875,0
2026-05-13 19:09:00+00:00,79485.4296875,79497.578125,79482.7109375,79497.578125,0
2026-05-13 19:10:00+00:00,79518.1171875,79528.3515625,79489.421875,79489.421875,0
2026-05-13 19:11:00+00:00,79475.109375,79522.453125,79475.109375,79522.453125,7923712
2026-05-13 19:12:00+00:00,79486.59375,79486.59375,79472.3828125,79475.3515625,12978176
2026-05-13 19:13:00+00:00,79509.9921875,79512.0390625,79486.59375,79486.59375,628736
2026-05-13 19:14:00+00:00,79480.5,79519.0,79480.5,79514.5625,0
2026-05-13 19:15:00+00:00,79464.7734375,79512.0078125,79464.7734375,79512.0078125,0
2026-05-13 19:16:00+00:00,79452.328125,79471.25,79427.0703125,79471.25,118638592
2026-05-13 19:17:00+00:00,79453.75,79469.9765625,79453.71875,79456.1875,0
2026-05-13 19:18:00+00:00,79469.8203125,79469.9921875,79461.5390625,79461.5390625,9801728
2026-05-13 19:19:00+00:00,79432.046875,79469.828125,79432.046875,79469.828125,0
2026-05-13 19:20:00+00:00,79439.953125,79465.2578125,79434.671875,79434.671875,0
2026-05-13 19:21:00+00:00,79454.9921875,79463.9921875,79434.0,79434.0,0
2026-05-13 19:22:00+00:00,79466.2578125,79466.2734375,79448.203125,79448.203125,2144256
2026-05-13 19:23:00+00:00,79413.9609375,79460.7109375,79413.9609375,79459.2265625,0
2026-05-13 19:24:00+00:00,79389.1875,79418.84375,79389.1875,79413.96875,0
2026-05-13 19:25:00+00:00,79404.609375,79404.6171875,79363.9921875,79389.203125,0
2026-05-13 19:26:00+00:00,79441.09375,79441.09375,79405.453125,79405.453125,0
2026-05-13 19:27:00+00:00,79480.171875,79480.171875,79444.1171875,79444.1171875,0
2026-05-13 19:28:00+00:00,79459.0625,79479.03125,79450.0,79479.03125,0
2026-05-13 19:29:00+00:00,79467.3828125,79467.3828125,79455.671875,79457.2109375,19322880
2026-05-13 19:30:00+00:00,79486.3984375,79487.96875,79465.953125,79465.953125,34363392
2026-05-13 19:31:00+00:00,79489.2578125,79492.3984375,79470.0234375,79470.0234375,0
2026-05-13 19:32:00+00:00,79482.3984375,79487.4375,79479.9921875,79485.9296875,0
2026-05-13 19:33:00+00:00,79482.953125,79482.953125,79465.9921875,79472.0,8417280
2026-05-13 19:34:00+00:00,79480.0,79480.7265625,79476.140625,79478.4609375,0
2026-05-13 19:35:00+00:00,79466.0,79474.3203125,79459.2265625,79459.2421875,0
2026-05-13 19:36:00+00:00,79428.109375,79462.25,79418.7421875,79462.25,0
2026-05-13 19:37:00+00:00,79480.203125,79480.203125,79418.0,79423.46875,3061760
2026-05-13 19:38:00+00:00,79559.109375,79568.9609375,79487.8515625,79487.8515625,0
2026-05-13 19:39:00+00:00,79515.7265625,79552.890625,79515.7265625,79552.890625,0
2026-05-13 19:40:00+00:00,79524.7890625,79540.75,79519.671875,79525.9375,0
2026-05-13 19:41:00+00:00,79516.6484375,79541.171875,79516.6484375,79540.0,0
2026-05-13 19:42:00+00:00,79530.6484375,79531.703125,79516.25,79516.25,0
2026-05-13 19:43:00+00:00,79521.40625,79543.7890625,79521.40625,79534.3515625,1339392
2026-05-13 19:44:00+00:00,79475.953125,79517.046875,79475.9375,79517.046875,0
2026-05-13 19:45:00+00:00,79511.5234375,79511.671875,79485.6796875,79485.6796875,43112448
2026-05-13 19:46:00+00:00,79497.4921875,79508.5234375,79497.4921875,79505.1796875,0
2026-05-13 19:47:00+00:00,79495.4609375,79503.921875,79478.78125,79499.84375,0
2026-05-13 19:48:00+00:00,79493.078125,79500.453125,79485.546875,79485.9375,5711872
2026-05-13 19:49:00+00:00,79482.1796875,79495.796875,79463.9765625,79495.796875,3721216
2026-05-13 19:50:00+00:00,79482.8671875,79485.828125,79459.71875,79462.7109375,0
2026-05-13 19:51:00+00:00,79506.46875,79513.9765625,79495.4609375,79508.0,0
2026-05-13 19:52:00+00:00,79520.046875,79540.7578125,79516.609375,79519.6171875,0
2026-05-13 19:53:00+00:00,79547.1484375,79547.1484375,79526.7578125,79527.953125,0
2026-05-13 19:54:00+00:00,79528.6875,79549.546875,79528.6875,79540.28125,0
2026-05-13 19:55:00+00:00,79536.671875,79542.1484375,79536.671875,79538.0,0
2026-05-13 19:56:00+00:00,79568.2578125,79568.2578125,79531.40625,79531.40625,0
2026-05-13 19:57:00+00:00,79582.640625,79585.3125,79560.6796875,79571.6875,0
2026-05-13 19:58:00+00:00,79609.7265625,79609.7265625,79571.8828125,79571.9296875,0
2026-05-13 19:59:00+00:00,79606.0,79614.5390625,79584.46875,79593.75,0
2026-05-13 20:00:00+00:00,79656.421875,79656.421875,79605.578125,79611.359375,0
2026-05-13 20:01:00+00:00,79629.2734375,79648.71875,79626.8515625,79645.03125,4395008
2026-05-13 20:02:00+00:00,79613.046875,79630.0390625,79607.8828125,79630.0390625,0
2026-05-13 20:03:00+00:00,79610.2421875,79619.2734375,79595.7890625,79595.7890625,0
2026-05-13 20:04:00+00:00,79620.1171875,79620.1171875,79599.3828125,79605.296875,596348928
2026-05-13 20:05:00+00:00,79602.609375,79622.359375,79602.0,79609.4375,63451136
2026-05-13 20:06:00+00:00,79610.0625,79611.0625,79598.3515625,79600.90625,0
2026-05-13 20:07:00+00:00,79613.171875,79626.578125,79600.1875,79608.953125,0
2026-05-13 20:08:00+00:00,79634.2890625,79637.390625,79616.0,79616.0,0
2026-05-13 20:09:00+00:00,79629.28125,79633.96875,79628.0703125,79633.75,3108864
2026-05-13 20:10:00+00:00,79686.390625,79686.390625,79632.796875,79632.796875,0
2026-05-13 20:11:00+00:00,79668.1796875,79721.3203125,79664.59375,79697.796875,0
2026-05-13 20:12:00+00:00,79632.859375,79677.0625,79632.3984375,79677.0625,0
2026-05-13 20:13:00+00:00,79614.9765625,79633.03125,79614.9765625,79633.03125,0
2026-05-13 20:14:00+00:00,79608.2890625,79617.8671875,79606.890625,79617.8671875,0
2026-05-13 20:15:00+00:00,79614.0078125,79628.296875,79610.8828125,79616.25,0
2026-05-13 20:16:00+00:00,79618.1484375,79621.8984375,79613.7109375,79613.84375,0
2026-05-13 20:17:00+00:00,79647.3203125,79654.9765625,79622.1484375,79622.1484375,0
2026-05-13 20:18:00+00:00,79668.0,79676.5390625,79645.9921875,79645.9921875,0
2026-05-13 20:19:00+00:00,79678.53125,79694.78125,79666.0234375,79667.7578125,190709760
2026-05-13 20:20:00+00:00,79675.0,79679.703125,79660.78125,79678.671875,2859008
2026-05-13 20:21:00+00:00,79660.890625,79675.0078125,79656.34375,79675.0078125,0
2026-05-13 20:22:00+00:00,79621.96875,79656.34375,79619.7578125,79656.34375,0
2026-05-13 20:23:00+00:00,79619.28125,79631.78125,79619.140625,79620.0390625,0
2026-05-13 20:24:00+00:00,79624.5703125,79640.828125,79619.28125,79619.328125,0
2026-05-13 20:25:00+00:00,79638.59375,79640.421875,79622.9921875,79632.328125,14233600
2026-05-13 20:26:00+00:00,79629.34375,79636.15625,79621.9921875,79634.9609375,0
2026-05-13 20:27:00+00:00,79611.203125,79629.34375,79610.2265625,79629.34375,86140928
2026-05-13 20:28:00+00:00,79609.9765625,79616.25,79604.4609375,79607.2109375,0
2026-05-13 20:29:00+00:00,79577.578125,79604.28125,79576.03125,79604.28125,0
2026-05-13 20:30:00+00:00,79611.3828125,79615.75,79579.9609375,79582.0,9676800
2026-05-13 20:31:00+00:00,79634.3671875,79634.3671875,79616.0078125,79619.2734375,192512
2026-05-13 20:32:00+00:00,79653.59375,79653.59375,79626.40625,79634.3671875,0
2026-05-13 20:33:00+00:00,79672.7421875,79672.7421875,79666.1875,79666.1875,0
2026-05-13 20:34:00+00:00,79626.9609375,79694.7734375,79622.65625,79671.578125,0
2026-05-13 20:35:00+00:00,79640.0078125,79641.9921875,79626.9609375,79626.9609375,0
2026-05-13 20:36:00+00:00,79625.28125,79640.0078125,79612.53125,79640.0,0
2026-05-13 20:37:00+00:00,79617.3203125,79634.2734375,79617.3125,79634.03125,0
2026-05-13 20:38:00+00:00,79635.3203125,79638.34375,79635.3203125,79637.078125,0
2026-05-13 20:39:00+00:00,79636.6875,79642.890625,79631.21875,79631.9921875,0
2026-05-13 20:40:00+00:00,79660.578125,79660.578125,79643.4296875,79643.4296875,6602752
2026-05-13 20:41:00+00:00,79649.4921875,79656.640625,79634.3828125,79634.3828125,2390016
2026-05-13 20:42:00+00:00,79663.3515625,79663.3515625,79649.5078125,79649.5078125,0
2026-05-13 20:43:00+00:00,79697.7890625,79706.15625,79673.6328125,79673.6328125,1630208
2026-05-13 20:44:00+00:00,79693.34375,79704.71875,79687.5078125,79702.078125,2678784
2026-05-13 20:45:00+00:00,79720.2734375,79731.890625,79691.9921875,79691.9921875,0
2026-05-13 20:46:00+00:00,79667.59375,79720.2734375,79650.0078125,79720.2734375,0
2026-05-13 20:47:00+00:00,79670.53125,79676.6484375,79655.9921875,79667.59375,0
2026-05-13 20:48:00+00:00,79671.4765625,79675.09375,79669.9921875,79670.640625,6270976
2026-05-13 20:49:00+00:00,79679.671875,79679.671875,79665.203125,79671.5234375,0
2026-05-13 20:50:00+00:00,79658.78125,79679.671875,79658.78125,79679.671875,0
2026-05-13 20:51:00+00:00,79674.0,79674.0,79642.2890625,79650.0,19648512
2026-05-13 20:52:00+00:00,79662.0,79673.9921875,79662.0,79673.9921875,1552384
2026-05-13 20:53:00+00:00,79664.703125,79664.7421875,79661.9921875,79661.9921875,0
2026-05-13 20:54:00+00:00,79655.0234375,79664.7421875,79655.0078125,79664.7109375,0
2026-05-13 20:55:00+00:00,79648.6171875,79655.0234375,79646.4609375,79655.0234375,0
2026-05-13 20:56:00+00:00,79655.9921875,79656.9921875,79647.7578125,79648.6328125,0
2026-05-13 20:57:00+00:00,79666.9296875,79668.1171875,79654.921875,79656.0,0
2026-05-13 20:58:00+00:00,79671.890625,79671.8984375,79666.9296875,79666.9296875,4814848
2026-05-13 20:59:00+00:00,79676.6484375,79687.609375,79664.5703125,79681.2578125,0
2026-05-13 21:00:00+00:00,79676.8671875,79676.8984375,79676.8671875,79676.8671875,0
2026-05-13 21:01:00+00:00,79664.0,79676.8828125,79664.0,79676.8828125,0
2026-05-13 21:02:00+00:00,79607.3125,79664.9296875,79607.3125,79663.3203125,0
2026-05-13 21:03:00+00:00,79607.9921875,79637.3671875,79607.9765625,79637.3671875,60086272
2026-05-13 21:04:00+00:00,79622.5625,79623.7265625,79619.2734375,79619.2734375,0
2026-05-13 21:05:00+00:00,79598.921875,79622.5390625,79594.0,79622.5390625,2680832
2026-05-13 21:06:00+00:00,79555.859375,79599.2734375,79555.859375,79599.2734375,0
2026-05-13 21:07:00+00:00,79503.796875,79557.6171875,79503.796875,79557.6171875,0
2026-05-13 21:08:00+00:00,79456.8515625,79492.4375,79456.84375,79492.4375,3844096
2026-05-13 21:09:00+00:00,79444.1171875,79453.1796875,79425.796875,79453.1796875,57868288
2026-05-13 21:10:00+00:00,79365.6015625,79444.1171875,79360.4765625,79444.109375,0
2026-05-13 21:11:00+00:00,79390.9296875,79392.7734375,79324.2578125,79356.546875,0
2026-05-13 21:12:00+00:00,79403.78125,79417.8203125,79389.7265625,79390.9375,15702016
2026-05-13 21:13:00+00:00,79405.5390625,79407.96875,79385.9921875,79403.78125,56868864
2026-05-13 21:14:00+00:00,79404.296875,79405.546875,79390.96875,79405.546875,18077696
2026-05-13 21:15:00+00:00,79375.0,79410.8984375,79368.640625,79410.8984375,62924800
2026-05-13 21:16:00+00:00,79367.421875,79390.890625,79367.421875,79382.8203125,0
2026-05-13 21:17:00+00:00,79356.5625,79377.671875,79352.203125,79377.671875,10473472
2026-05-13 21:18:00+00:00,79374.0,79375.796875,79356.5625,79356.5625,8396800
2026-05-13 21:19:00+00:00,79377.671875,79377.6796875,79350.5078125,79373.4296875,1495040
2026-05-13 21:20:00+00:00,79380.7109375,79392.1484375,79376.0234375,79377.6796875,817152
2026-05-13 21:21:00+00:00,79371.8828125,79380.7109375,79367.03125,79380.703125,0
2026-05-13 21:22:00+00:00,79399.5625,79399.5625,79371.8984375,79371.8984375,0
2026-05-13 21:23:00+00:00,79383.71875,79399.5703125,79383.71875,79399.5703125,0
2026-05-13 21:24:00+00:00,79375.59375,79380.34375,79371.421875,79380.34375,31207424
2026-05-13 21:25:00+00:00,79396.109375,79396.109375,79368.6171875,79368.6171875,3205120
2026-05-13 21:26:00+00:00,79413.90625,79418.7265625,79396.109375,79396.109375,0
2026-05-13 21:27:00+00:00,79378.03125,79412.7109375,79374.4296875,79412.7109375,0
2026-05-13 21:28:00+00:00,79369.9921875,79377.96875,79369.9921875,79377.96875,32430080
2026-05-13 21:29:00+00:00,79392.2578125,79392.2578125,79366.4921875,79366.4921875,0
2026-05-13 21:30:00+00:00,79413.90625,79413.90625,79392.2578125,79392.2578125,35289088
2026-05-13 21:31:00+00:00,79415.578125,79415.578125,79413.90625,79413.90625,923648
2026-05-13 21:32:00+00:00,79425.0234375,79425.0234375,79415.5703125,79415.5703125,0
2026-05-13 21:33:00+00:00,79410.8984375,79425.3203125,79410.8984375,79425.0234375,722944
2026-05-13 21:34:00+00:00,79414.46875,79414.46875,79384.703125,79410.890625,4784128
2026-05-13 21:35:00+00:00,79428.75,79438.0703125,79428.7421875,79438.0625,0
2026-05-13 21:36:00+00:00,79425.4921875,79428.75,79413.921875,79428.75,0
2026-05-13 21:37:00+00:00,79459.359375,79459.359375,79425.4921875,79425.4921875,0
2026-05-13 21:38:00+00:00,79445.828125,79456.2109375,79431.9375,79431.9375,0
2026-05-13 21:39:00+00:00,79460.921875,79462.2265625,79445.828125,79445.828125,0
2026-05-13 21:40:00+00:00,79441.703125,79468.7578125,79441.703125,79466.046875,0
2026-05-13 21:41:00+00:00,79461.421875,79467.8828125,79432.9296875,79432.9296875,2027520
2026-05-13 21:42:00+00:00,79465.1171875,79465.4375,79461.53125,79461.53125,10309632
2026-05-13 21:43:00+00:00,79458.9765625,79476.0625,79458.9765625,79463.3828125,0
2026-05-13 21:44:00+00:00,79449.2578125,79458.4765625,79442.1796875,79458.46875,0
2026-05-13 21:45:00+00:00,79422.9765625,79454.6171875,79422.9765625,79449.25,1265664
2026-05-13 21:46:00+00:00,79432.0390625,79442.328125,79382.2265625,79416.953125,1183744
2026-05-13 21:47:00+00:00,79462.1484375,79462.1484375,79416.859375,79416.953125,0
2026-05-13 21:48:00+00:00,79477.6171875,79482.75,79463.9921875,79463.9921875,0
2026-05-13 21:49:00+00:00,79444.25,79474.8203125,79444.25,79474.8203125,22327296
2026-05-13 21:50:00+00:00,79477.609375,79477.609375,79442.859375,79442.859375,0
2026-05-13 21:51:00+00:00,79480.671875,79482.9921875,79451.3828125,79482.9765625,2908160
2026-05-13 21:52:00+00:00,79495.7265625,79495.828125,79477.90625,79481.15625,12075008
2026-05-13 21:53:00+00:00,79471.3125,79492.859375,79452.0234375,79492.859375,0
2026-05-13 21:54:00+00:00,79463.359375,79474.203125,79459.0078125,79471.453125,0
2026-05-13 21:55:00+00:00,79407.9921875,79472.1328125,79407.9921875,79472.03125,0
2026-05-13 21:56:00+00:00,79393.40625,79403.7265625,79376.453125,79403.7265625,5554176
2026-05-13 21:57:00+00:00,79397.359375,79401.9921875,79393.3984375,79393.40625,827392
2026-05-13 21:58:00+00:00,79342.03125,79398.0,79342.03125,79398.0,188416
2026-05-13 21:59:00+00:00,79363.1171875,79364.9921875,79350.5,79350.5,0
2026-05-13 22:00:00+00:00,79380.7109375,79405.03125,79373.53125,79405.03125,14329856
2026-05-13 22:01:00+00:00,79358.953125,79398.3515625,79347.4765625,79370.0625,0
2026-05-13 22:02:00+00:00,79373.953125,79392.78125,79361.046875,79361.609375,0
2026-05-13 22:03:00+00:00,79336.921875,79371.2421875,79335.4765625,79365.796875,0
2026-05-13 22:04:00+00:00,79329.65625,79350.40625,79323.34375,79344.1796875,0
2026-05-13 22:05:00+00:00,79220.640625,79331.8828125,79220.640625,79331.8828125,0
2026-05-13 22:06:00+00:00,79223.6484375,79224.71875,79207.75,79223.671875,123373568
2026-05-13 22:07:00+00:00,79199.8828125,79217.8671875,79198.546875,79216.6171875,0
2026-05-13 22:08:00+00:00,79236.0,79236.0,79195.2578125,79195.2578125,0
2026-05-13 22:09:00+00:00,79271.96875,79271.96875,79241.78125,79241.78125,0
2026-05-13 22:10:00+00:00,79344.453125,79344.453125,79278.2578125,79279.96875,0
2026-05-13 22:11:00+00:00,79354.6328125,79365.59375,79329.796875,79356.6796875,5154816
2026-05-13 22:12:00+00:00,79360.921875,79374.0,79353.1875,79374.0,53684224
2026-05-13 22:13:00+00:00,79351.3515625,79371.6328125,79350.5078125,79368.9609375,5517312
2026-05-13 22:14:00+00:00,79375.15625,79375.15625,79345.7734375,79352.8828125,0
2026-05-13 22:15:00+00:00,79332.390625,79375.7109375,79332.390625,79375.7109375,0
2026-05-13 22:16:00+00:00,79313.40625,79356.6875,79313.40625,79355.75,845824
2026-05-13 22:17:00+00:00,79312.09375,79320.296875,79305.7265625,79305.7265625,0
2026-05-13 22:18:00+00:00,79299.171875,79302.0390625,79293.609375,79296.0,66574336
2026-05-13 22:19:00+00:00,79256.8828125,79302.1796875,79256.8828125,79295.09375,1368064
2026-05-13 22:20:00+00:00,79272.171875,79278.0078125,79241.78125,79252.796875,0
2026-05-13 22:21:00+00:00,79275.8203125,79280.65625,79271.96875,79275.25,0
2026-05-13 22:22:00+00:00,79251.0625,79273.8125,79238.703125,79273.8125,30339072
2026-05-13 22:23:00+00:00,79255.4375,79262.90625,79231.90625,79249.9765625,0
2026-05-13 22:24:00+00:00,79295.78125,79295.78125,79260.34375,79262.90625,108310528
2026-05-13 22:25:00+00:00,79289.921875,79295.8515625,79282.25,79294.0703125,0
2026-05-13 22:26:00+00:00,79259.0625,79284.9921875,79259.0625,79284.7578125,0
2026-05-13 22:27:00+00:00,79270.078125,79271.9765625,79255.0625,79259.53125,18499584
2026-05-13 22:28:00+00:00,79291.8828125,79291.890625,79268.953125,79268.953125,0
2026-05-13 22:29:00+00:00,79288.28125,79292.5625,79281.0390625,79291.8828125,393216
2026-05-13 22:30:00+00:00,79268.890625,79272.1796875,79256.8984375,79272.1796875,0
2026-05-13 22:31:00+00:00,79292.1484375,79295.0078125,79266.0234375,79266.0234375,0
2026-05-13 22:32:00+00:00,79208.25,79290.9921875,79196.0234375,79290.9921875,96256
2026-05-13 22:33:00+00:00,79220.0,79224.65625,79204.171875,79209.9921875,26175488
2026-05-13 22:34:00+00:00,79250.7578125,79250.7578125,79221.0234375,79223.1171875,413696
2026-05-13 22:35:00+00:00,79225.140625,79257.6796875,79223.65625,79257.6796875,0
2026-05-13 22:36:00+00:00,79246.9765625,79246.9765625,79221.59375,79237.671875,0
2026-05-13 22:37:00+00:00,79234.9296875,79250.8515625,79232.578125,79250.8515625,0
2026-05-13 22:38:00+00:00,79238.2265625,79247.78125,79233.9921875,79236.5703125,1474560
2026-05-13 22:39:00+00:00,79265.0078125,79265.0078125,79232.0,79233.171875,32847872
2026-05-13 22:40:00+00:00,79311.03125,79311.03125,79274.03125,79274.28125,0
2026-05-13 22:41:00+00:00,79362.578125,79362.578125,79307.0703125,79307.0703125,0
2026-05-13 22:42:00+00:00,79350.5078125,79373.9921875,79348.953125,79365.359375,16017408
2026-05-13 22:43:00+00:00,79367.5625,79368.546875,79350.5078125,79355.5078125,0
2026-05-13 22:44:00+00:00,79374.6484375,79374.6484375,79362.578125,79367.5625,0
2026-05-13 22:45:00+00:00,79387.9921875,79393.1171875,79371.640625,79371.640625,0
2026-05-13 22:46:00+00:00,79416.9375,79425.9921875,79389.546875,79389.546875,0
2026-05-13 22:47:00+00:00,79441.8984375,79441.90625,79418.1484375,79418.1484375,5670912
2026-05-13 22:48:00+00:00,79386.7421875,79422.0,79386.7421875,79421.8828125,4935680
2026-05-13 22:49:00+00:00,79384.0,79387.9921875,79377.6875,79377.6875,4294656
2026-05-13 22:50:00+00:00,79397.03125,79408.6796875,79383.03125,79383.03125,0
2026-05-13 22:51:00+00:00,79419.75,79419.75,79395.796875,79397.0390625,6342656
2026-05-13 22:52:00+00:00,79430.03125,79437.6171875,79419.75,79419.75,0
2026-05-13 22:53:00+00:00,79422.7578125,79432.7578125,79417.0390625,79430.3671875,215040
2026-05-13 22:54:00+00:00,79422.6328125,79423.78125,79421.2421875,79422.7578125,58615808
2026-05-13 22:55:00+00:00,79413.921875,79423.9609375,79383.7265625,79422.7578125,0
2026-05-13 22:56:00+00:00,79395.53125,79401.84375,79375.0078125,79401.84375,4841472
2026-05-13 22:57:00+00:00,79409.84375,79409.84375,79379.3671875,79395.7890625,0
2026-05-13 22:58:00+00:00,79409.828125,79416.0703125,79409.828125,79409.84375,133816320
2026-05-13 22:59:00+00:00,79393.6328125,79404.8671875,79391.6015625,79404.8671875,927744
2026-05-13 23:00:00+00:00,79421.0703125,79421.0703125,79396.6484375,79396.6484375,0
2026-05-13 23:01:00+00:00,79415.890625,79465.2578125,79415.890625,79421.0625,4728832
2026-05-13 23:02:00+00:00,79390.03125,79409.109375,79390.03125,79392.8203125,0
2026-05-13 23:03:00+00:00,79343.59375,79381.359375,79343.59375,79381.3515625,0
2026-05-13 23:04:00+00:00,79333.9921875,79365.59375,79333.9921875,79362.5703125,0
2026-05-13 23:05:00+00:00,79386.9296875,79386.9296875,79337.9921875,79337.9921875,0
2026-05-13 23:06:00+00:00,79381.9765625,79386.9296875,79351.4375,79386.9296875,16422912
2026-05-13 23:07:00+00:00,79351.1484375,79384.0,79349.9921875,79383.7109375,0
2026-05-13 23:08:00+00:00,79366.0,79383.3203125,79344.46875,79351.1484375,1644544
2026-05-13 23:09:00+00:00,79384.5625,79389.8203125,79370.2265625,79370.2265625,45471744
2026-05-13 23:10:00+00:00,79335.0,79377.6796875,79322.0,79377.6796875,0
2026-05-13 23:11:00+00:00,79359.5703125,79366.4609375,79336.8203125,79336.8203125,20209664
2026-05-13 23:12:00+00:00,79358.546875,79368.609375,79350.5,79368.609375,34785280
2026-05-13 23:13:00+00:00,79340.0,79358.5390625,79338.421875,79358.5390625,0
2026-05-13 23:14:00+00:00,79342.40625,79374.640625,79342.2578125,79345.203125,907264
2026-05-13 23:15:00+00:00,79332.390625,79346.6875,79323.3203125,79341.2578125,26472448
2026-05-13 23:16:00+00:00,79336.1171875,79339.609375,79332.390625,79332.390625,2025472
2026-05-13 23:17:00+00:00,79353.53125,79365.5390625,79353.53125,79364.25,421888
2026-05-13 23:18:00+00:00,79330.4375,79357.8125,79330.4375,79353.5234375,0
2026-05-13 23:19:00+00:00,79324.3125,79327.0234375,79314.2578125,79327.0234375,4169728
2026-05-13 23:20:00+00:00,79337.109375,79337.6328125,79316.7421875,79324.3125,0
2026-05-13 23:21:00+00:00,79329.3515625,79362.5,79321.6796875,79347.46875,12701696
2026-05-13 23:22:00+00:00,79355.9765625,79355.9921875,79332.90625,79332.90625,0
2026-05-13 23:23:00+00:00,79367.53125,79379.1171875,79355.9765625,79355.9765625,0
2026-05-13 23:24:00+00:00,79378.609375,79385.2109375,79355.0,79355.0,27019264
2026-05-13 23:25:00+00:00,79391.2578125,79391.2578125,79371.953125,79376.0390625,0
2026-05-13 23:26:00+00:00,79371.640625,79407.78125,79371.640625,79398.8125,1972224
2026-05-13 23:27:00+00:00,79371.6484375,79397.9921875,79371.6484375,79380.046875,14067712
2026-05-13 23:28:00+00:00,79311.8203125,79371.65625,79311.8203125,79371.65625,0
2026-05-13 23:29:00+00:00,79317.2734375,79317.2734375,79262.9609375,79302.1875,0
2026-05-13 23:30:00+00:00,79347.4296875,79347.9921875,79320.2890625,79320.2890625,0
2026-05-13 23:31:00+00:00,79294.171875,79325.84375,79294.171875,79325.84375,0
2026-05-13 23:32:00+00:00,79282.9765625,79300.59375,79282.9765625,79297.9375,0
2026-05-13 23:33:00+00:00,79263.0,79278.03125,79227.0390625,79278.03125,72146944
2026-05-13 23:34:00+00:00,79274.8125,79274.8125,79256.8828125,79271.9765625,0
2026-05-13 23:35:00+00:00,79299.15625,79312.40625,79284.046875,79284.046875,29958144
2026-05-13 23:36:00+00:00,79306.4765625,79308.2109375,79299.1484375,79300.1796875,21749760
2026-05-13 23:37:00+00:00,79275.96875,79298.828125,79262.921875,79298.828125,378880
2026-05-13 23:38:00+00:00,79237.21875,79275.9765625,79232.71875,79275.96875,20588544
2026-05-13 23:39:00+00:00,79239.9921875,79243.40625,79222.0,79236.75,0
2026-05-13 23:40:00+00:00,79241.28125,79242.140625,79238.0,79240.0,0
2026-05-13 23:41:00+00:00,79265.6328125,79270.7578125,79243.4765625,79243.4765625,935936
2026-05-13 23:42:00+00:00,79269.1796875,79269.1796875,79237.546875,79264.1484375,13729792
2026-05-13 23:43:00+00:00,79275.40625,79278.0234375,79269.1796875,79269.1796875,4036608
2026-05-13 23:44:00+00:00,79282.03125,79282.0390625,79268.296875,79275.3984375,0
2026-05-13 23:45:00+00:00,79281.03125,79296.0390625,79272.59375,79289.9765625,3717120
2026-05-13 23:46:00+00:00,79272.0234375,79281.046875,79269.6328125,79281.0390625,49989632
2026-05-13 23:47:00+00:00,79283.03125,79283.0390625,79272.03125,79272.03125,0
2026-05-13 23:48:00+00:00,79289.859375,79289.859375,79280.0625,79283.0234375,48807936
2026-05-13 23:49:00+00:00,79253.796875,79289.8515625,79253.796875,79289.8515625,0
2026-05-13 23:50:00+00:00,79244.78125,79250.84375,79235.9765625,79250.84375,0
2026-05-13 23:51:00+00:00,79200.0,79244.8515625,79194.15625,79243.9765625,0
2026-05-13 23:52:00+00:00,79241.03125,79241.03125,79199.7578125,79199.9921875,1300480
2026-05-13 23:53:00+00:00,79246.109375,79246.109375,79237.0,79244.609375,0
2026-05-13 23:54:00+00:00,79290.3125,79290.3125,79242.65625,79242.65625,0
2026-05-13 23:55:00+00:00,79284.8203125,79290.3203125,79281.1328125,79290.3203125,0
2026-05-13 23:56:00+00:00,79281.2265625,79284.8203125,79278.0234375,79284.8203125,1423360
2026-05-13 23:57:00+00:00,79280.5390625,79281.296875,79278.0234375,79281.2265625,17899520
2026-05-13 23:58:00+00:00,79281.2265625,79281.2265625,79280.53125,79280.5390625,4071424
2026-05-14 00:00:00+00:00,79391.9921875,79391.9921875,79287.0703125,79299.1484375,0
2026-05-14 00:01:00+00:00,79329.359375,79403.6171875,79329.359375,79393.9921875,2899968
2026-05-14 00:02:00+00:00,79348.890625,79374.6484375,79344.453125,79344.453125,0
2026-05-14 00:03:00+00:00,79371.6171875,79371.6171875,79332.390625,79348.890625,75317248
2026-05-14 00:04:00+00:00,79348.796875,79378.671875,79348.796875,79371.6328125,3217408
2026-05-14 00:05:00+00:00,79346.453125,79368.6328125,79339.75,79339.75,0
2026-05-14 00:06:00+00:00,79367.34375,79368.6171875,79332.3828125,79332.390625,0
2026-05-14 00:07:00+00:00,79419.5390625,79419.5390625,79363.9921875,79369.546875,0
2026-05-14 00:08:00+00:00,79444.09375,79446.046875,79432.0390625,79433.9296875,5582848
2026-05-14 00:09:00+00:00,79447.6875,79457.96875,79438.6171875,79444.09375,54059008
2026-05-14 00:10:00+00:00,79447.1328125,79458.046875,79438.0703125,79456.1875,0
2026-05-14 00:11:00+00:00,79450.28125,79450.28125,79435.0390625,79438.0703125,0
2026-05-14 00:12:00+00:00,79442.2578125,79444.1171875,79434.71875,79444.1171875,28307456
2026-05-14 00:13:00+00:00,79486.3125,79486.3125,79452.1484375,79452.1484375,2013184
2026-05-14 00:14:00+00:00,79498.6328125,79498.6328125,79480.359375,79480.3671875,0
2026-05-14 00:15:00+00:00,79538.5,79550.0,79509.84375,79509.84375,127950848
2026-05-14 00:16:00+00:00,79518.4296875,79542.0078125,79518.421875,79531.703125,0
2026-05-14 00:17:00+00:00,79523.8515625,79552.9609375,79523.8515625,79542.0078125,4816896
2026-05-14 00:18:00+00:00,79510.7109375,79523.8515625,79504.5234375,79523.8515625,0
2026-05-14 00:19:00+00:00,79476.34375,79508.6015625,79476.34375,79508.6015625,1478656
2026-05-14 00:20:00+00:00,79420.8984375,79498.4765625,79420.8984375,79476.34375,0
2026-05-14 00:21:00+00:00,79419.9609375,79431.6328125,79412.078125,79420.8984375,0
2026-05-14 00:22:00+00:00,79435.0625,79442.671875,79429.0078125,79429.0078125,44994560
2026-05-14 00:23:00+00:00,79458.71875,79458.71875,79421.59375,79426.0,1013760
2026-05-14 00:24:00+00:00,79468.6796875,79468.6796875,79456.203125,79456.203125,53245952
2026-05-14 00:25:00+00:00,79486.40625,79496.0625,79468.6875,79468.6875,444416
2026-05-14 00:26:00+00:00,79471.359375,79480.359375,79465.2734375,79480.359375,0
2026-05-14 00:27:00+00:00,79453.1875,79471.390625,79453.1796875,79471.390625,0
2026-05-14 00:28:00+00:00,79429.0234375,79447.140625,79429.0234375,79447.140625,0
2026-05-14 00:29:00+00:00,79433.171875,79435.890625,79416.953125,79416.953125,4132864
2026-05-14 00:30:00+00:00,79499.78125,79510.0,79441.15625,79441.15625,33202176
2026-05-14 00:31:00+00:00,79504.5234375,79510.546875,79487.7890625,79489.4296875,0
2026-05-14 00:32:00+00:00,79548.5703125,79550.0,79505.0625,79505.0625,0
2026-05-14 00:33:00+00:00,79543.4609375,79564.90625,79519.6328125,79519.6328125,0
2026-05-14 00:34:00+00:00,79571.1171875,79571.1171875,79544.6875,79544.6875,0
2026-05-14 00:35:00+00:00,79555.0,79571.1484375,79542.0078125,79571.1484375,212992
2026-05-14 00:36:00+00:00,79563.5234375,79563.5234375,79543.03125,79555.078125,0
2026-05-14 00:37:00+00:00,79581.4375,79581.609375,79552.84375,79560.3671875,0
2026-05-14 00:38:00+00:00,79561.90625,79579.46875,79558.0078125,79575.34375,931840
2026-05-14 00:39:00+00:00,79558.6015625,79561.921875,79537.7421875,79561.8984375,0
2026-05-14 00:40:00+00:00,79561.1171875,79582.546875,79555.4375,79558.6015625,0
2026-05-14 00:41:00+00:00,79555.7109375,79567.8984375,79545.5,79564.65625,8685568
2026-05-14 00:42:00+00:00,79564.703125,79564.703125,79545.6484375,79549.828125,120993792
2026-05-14 00:43:00+00:00,79584.171875,79589.1015625,79573.96875,79573.96875,0
2026-05-14 00:44:00+00:00,79610.2109375,79610.2109375,79589.203125,79589.203125,0
2026-05-14 00:45:00+00:00,79635.140625,79637.359375,79624.0,79624.0078125,0
2026-05-14 00:46:00+00:00,79643.453125,79656.453125,79634.3828125,79642.9765625,1556480
2026-05-14 00:47:00+00:00,79622.3125,79637.3984375,79611.4921875,79637.3984375,1878016
2026-05-14 00:48:00+00:00,79632.0078125,79640.421875,79628.40625,79628.40625,0
2026-05-14 00:49:00+00:00,79593.9609375,79632.0078125,79589.203125,79632.0078125,0
2026-05-14 00:50:00+00:00,79561.90625,79593.96875,79561.90625,79593.953125,2818048
2026-05-14 00:51:00+00:00,79570.96875,79588.828125,79570.953125,79570.953125,73525248
2026-05-14 00:52:00+00:00,79579.328125,79584.2421875,79570.9609375,79570.9609375,6320128
2026-05-14 00:53:00+00:00,79528.5390625,79583.203125,79528.5390625,79574.1328125,0
2026-05-14 00:54:00+00:00,79530.4921875,79537.7421875,79519.6171875,79528.53125,12275712
2026-05-14 00:55:00+00:00,79564.21875,79569.8125,79543.7734375,79543.7734375,4149248
2026-05-14 00:56:00+00:00,79563.2109375,79571.9921875,79561.90625,79570.953125,0
2026-05-14 00:57:00+00:00,79569.1875,79569.1875,79558.8828125,79565.9921875,0
2026-05-14 00:58:00+00:00,79573.96875,79573.96875,79569.1875,79569.1875,0
2026-05-14 00:59:00+00:00,79546.796875,79592.078125,79546.796875,79588.140625,3698688
2026-05-14 01:00:00+00:00,79584.171875,79584.171875,79525.6484375,79525.6484375,36515840
2026-05-14 01:01:00+00:00,79614.3515625,79614.3515625,79578.1015625,79578.1015625,0
2026-05-14 01:02:00+00:00,79640.421875,79661.546875,79620.1875,79620.1875,1540096
2026-05-14 01:03:00+00:00,79595.1328125,79622.296875,79595.1328125,79622.296875,0
2026-05-14 01:04:00+00:00,79641.6796875,79641.6796875,79595.3125,79595.3125,0
2026-05-14 01:05:00+00:00,79626.8515625,79660.0234375,79626.84375,79652.5,0
2026-05-14 01:06:00+00:00,79586.0703125,79620.2734375,79586.0625,79620.2734375,32522240
2026-05-14 01:07:00+00:00,79584.890625,79594.0078125,79584.890625,79586.078125,8192
2026-05-14 01:08:00+00:00,79564.921875,79595.1171875,79564.921875,79584.890625,0
2026-05-14 01:09:00+00:00,79586.0,79596.5625,79564.0078125,79564.0078125,0
2026-05-14 01:10:00+00:00,79595.5390625,79596.7421875,79579.6875,79579.6875,0
2026-05-14 01:11:00+00:00,79594.203125,79599.0703125,79587.578125,79589.078125,0
2026-05-14 01:12:00+00:00,79622.28125,79622.28125,79594.203125,79594.203125,0
2026-05-14 01:13:00+00:00,79575.0,79637.9921875,79573.6796875,79628.0,0
2026-05-14 01:14:00+00:00,79591.75,79591.75,79548.0703125,79564.921875,0
2026-05-14 01:15:00+00:00,79556.3125,79595.390625,79556.3125,79586.5,50798592
2026-05-14 01:16:00+00:00,79561.0234375,79561.0234375,79477.0078125,79556.328125,1458176
2026-05-14 01:17:00+00:00,79554.0,79573.9765625,79547.2265625,79572.96875,0
2026-05-14 01:18:00+00:00,79598.1328125,79598.1328125,79547.21875,79556.0,4562944
2026-05-14 01:19:00+00:00,79580.03125,79589.0703125,79571.9296875,79571.9296875,0
2026-05-14 01:20:00+00:00,79550.0078125,79576.0078125,79549.046875,79570.71875,0
2026-05-14 01:21:00+00:00,79576.828125,79589.9609375,79552.84375,79552.84375,0
2026-05-14 01:22:00+00:00,79562.1484375,79562.203125,79552.84375,79562.203125,0
2026-05-14 01:23:00+00:00,79549.8203125,79562.15625,79549.8203125,79562.15625,12425216
2026-05-14 01:24:00+00:00,79573.2734375,79573.2734375,79549.9921875,79552.71875,0
2026-05-14 01:25:00+00:00,79588.65625,79609.3828125,79583.109375,79583.109375,0
2026-05-14 01:26:00+00:00,79586.046875,79598.8828125,79582.8515625,79598.8828125,0
2026-05-14 01:27:00+00:00,79590.2265625,79592.09375,79586.609375,79590.0,0
2026-05-14 01:28:00+00:00,79563.8515625,79590.2265625,79563.8515625,79590.2265625,0
2026-05-14 01:29:00+00:00,79520.78125,79551.0,79516.59375,79551.0,7698432
2026-05-14 01:30:00+00:00,79555.640625,79561.8984375,79522.3125,79528.6796875,0
2026-05-14 01:31:00+00:00,79510.5625,79557.7578125,79510.5625,79557.75,12421120
2026-05-14 01:32:00+00:00,79508.6796875,79516.6015625,79489.421875,79500.40625,0
2026-05-14 01:33:00+00:00,79435.359375,79504.53125,79434.0,79504.53125,0
2026-05-14 01:34:00+00:00,79468.5625,79485.9921875,79454.6171875,79459.96875,0
2026-05-14 01:35:00+00:00,79449.9765625,79468.5625,79432.046875,79468.5625,0
2026-05-14 01:36:00+00:00,79446.90625,79453.1796875,79446.46875,79449.0703125,559104
2026-05-14 01:37:00+00:00,79407.8828125,79433.2890625,79389.7734375,79433.2890625,0
2026-05-14 01:38:00+00:00,79388.9296875,79413.1796875,79383.7421875,79407.8828125,0
2026-05-14 01:39:00+00:00,79437.0390625,79437.0390625,79388.1875,79388.1875,13289472
2026-05-14 01:40:00+00:00,79474.328125,79474.328125,79437.03125,79437.0390625,659456
2026-05-14 01:41:00+00:00,79445.6328125,79465.2578125,79444.1328125,79465.2578125,0
2026-05-14 01:42:00+00:00,79433.390625,79441.1015625,79429.03125,79437.0390625,0
2026-05-14 01:43:00+00:00,79449.34375,79449.34375,79398.0,79432.046875,538624
2026-05-14 01:44:00+00:00,79461.1015625,79464.6875,79449.3828125,79449.3828125,0
2026-05-14 01:45:00+00:00,79453.1875,79467.1796875,79453.1875,79462.109375,72925184
2026-05-14 01:46:00+00:00,79441.09375,79444.1171875,79404.8671875,79444.1171875,0
2026-05-14 01:47:00+00:00,79468.28125,79468.28125,79442.1171875,79442.1171875,0
2026-05-14 01:48:00+00:00,79508.65625,79509.2109375,79460.0390625,79460.0390625,0
2026-05-14 01:49:00+00:00,79519.6328125,79541.703125,79508.65625,79508.65625,0
2026-05-14 01:50:00+00:00,79540.7734375,79571.6875,79519.640625,79519.640625,0
2026-05-14 01:51:00+00:00,79601.0234375,79601.0234375,79534.0,79534.0,0
2026-05-14 01:52:00+00:00,79600.2890625,79604.0234375,79573.9921875,79604.0234375,123086848
2026-05-14 01:53:00+00:00,79630.5078125,79634.0390625,79592.109375,79592.109375,0
2026-05-14 01:54:00+00:00,79600.0078125,79638.1171875,79600.0078125,79634.0390625,0
2026-05-14 01:55:00+00:00,79589.09375,79598.140625,79573.9921875,79588.0,0
2026-05-14 01:56:00+00:00,79595.109375,79597.0625,79583.046875,79589.09375,0
2026-05-14 01:57:00+00:00,79567.9375,79612.4375,79567.9375,79595.1171875,0
2026-05-14 01:58:00+00:00,79570.3515625,79577.9921875,79567.9296875,79570.53125,8065024
2026-05-14 01:59:00+00:00,79573.4921875,79579.578125,79570.3515625,79570.3515625,11411456
2026-05-14 02:00:00+00:00,79601.15625,79601.15625,79572.2890625,79577.0,155582464
2026-05-14 02:01:00+00:00,79610.3203125,79634.3671875,79609.9921875,79609.9921875,1048576
2026-05-14 02:02:00+00:00,79640.40625,79640.40625,79595.1328125,79610.3203125,0
2026-05-14 02:03:00+00:00,79616.2734375,79650.6875,79616.2734375,79643.4375,9900032
2026-05-14 02:04:00+00:00,79578.8828125,79619.25,79578.8828125,79616.2734375,0
2026-05-14 02:05:00+00:00,79601.96875,79601.9765625,79583.0390625,79586.046875,1888256
2026-05-14 02:06:00+00:00,79613.2265625,79613.2265625,79603.0,79609.21875,6721536
2026-05-14 02:07:00+00:00,79601.9921875,79613.2265625,79601.9765625,79613.2265625,0
2026-05-14 02:08:00+00:00,79626.8515625,79631.359375,79584.28125,79594.9375,0
2026-05-14 02:09:00+00:00,79616.65625,79626.84375,79611.96875,79626.84375,17629184
2026-05-14 02:10:00+00:00,79622.2890625,79630.6171875,79605.9921875,79618.53125,1980416
2026-05-14 02:11:00+00:00,79607.203125,79637.703125,79607.203125,79622.703125,1548288
2026-05-14 02:12:00+00:00,79551.9921875,79607.2109375,79551.9921875,79607.203125,0
2026-05-14 02:13:00+00:00,79561.90625,79580.0625,79561.90625,79573.6015625,0
2026-05-14 02:14:00+00:00,79557.046875,79559.421875,79555.9765625,79557.1796875,3186688
2026-05-14 02:15:00+00:00,79565.5,79577.171875,79552.84375,79557.046875,19554304
2026-05-14 02:16:00+00:00,79541.140625,79561.9765625,79538.0,79561.9765625,634880
2026-05-14 02:17:00+00:00,79537.6484375,79554.5625,79536.15625,79541.1484375,864256
2026-05-14 02:18:00+00:00,79528.6875,79549.8203125,79528.6875,79543.7734375,0
2026-05-14 02:19:00+00:00,79571.359375,79571.359375,79529.9765625,79529.9765625,0
2026-05-14 02:20:00+00:00,79622.6171875,79624.9765625,79571.359375,79571.359375,0
2026-05-14 02:21:00+00:00,79618.0,79632.28125,79616.2578125,79631.359375,0
2026-05-14 02:22:00+00:00,79616.2578125,79623.1875,79607.203125,79610.2109375,888832
2026-05-14 02:23:00+00:00,79614.4375,79614.453125,79613.2421875,79614.203125,0
2026-05-14 02:24:00+00:00,79610.34375,79622.0390625,79607.359375,79614.4375,7344128
2026-05-14 02:25:00+00:00,79619.2734375,79619.28125,79610.34375,79610.3515625,54982656
2026-05-14 02:26:00+00:00,79622.2890625,79622.296875,79614.078125,79619.28125,0
2026-05-14 02:27:00+00:00,79620.9921875,79620.9921875,79610.21875,79619.796875,50415616
2026-05-14 02:28:00+00:00,79614.03125,79621.0,79614.03125,79620.9921875,0
2026-05-14 02:29:00+00:00,79633.8671875,79633.8671875,79617.1875,79617.203125,0
2026-05-14 02:30:00+00:00,79614.3515625,79633.8671875,79614.3515625,79633.8671875,0
2026-05-14 02:31:00+00:00,79616.4296875,79616.4296875,79614.34375,79614.3515625,0
2026-05-14 02:32:00+00:00,79615.40625,79617.96875,79610.3203125,79617.859375,0
2026-05-14 02:33:00+00:00,79607.2109375,79621.078125,79607.2109375,79615.3984375,0
2026-05-14 02:34:00+00:00,79625.3125,79625.3125,79601.9921875,79605.65625,0
2026-05-14 02:35:00+00:00,79616.8984375,79622.2890625,79609.671875,79622.2890625,2928640
2026-05-14 02:36:00+00:00,79603.0703125,79616.8984375,79603.0703125,79616.8984375,0
2026-05-14 02:37:00+00:00,79612.15625,79612.15625,79598.140625,79603.0703125,0
2026-05-14 02:38:00+00:00,79607.609375,79625.3203125,79604.203125,79614.203125,0
2026-05-14 02:39:00+00:00,79611.28125,79614.4375,79608.0625,79609.25,0
2026-05-14 02:40:00+00:00,79569.1015625,79611.28125,79546.4921875,79611.28125,37658624
2026-05-14 02:41:00+00:00,79525.1015625,79569.1015625,79516.90625,79569.1015625,9986048
2026-05-14 02:42:00+00:00,79552.84375,79565.2578125,79527.4921875,79527.4921875,70547456
2026-05-14 02:43:00+00:00,79568.0234375,79570.953125,79539.1875,79543.78125,9250816
2026-05-14 02:44:00+00:00,79561.0078125,79569.9765625,79561.0078125,79568.03125,0
2026-05-14 02:45:00+00:00,79567.9296875,79567.9375,79562.3515625,79567.9296875,0
2026-05-14 02:46:00+00:00,79540.7734375,79567.9375,79540.7734375,79567.9296875,6359040
2026-05-14 02:47:00+00:00,79451.90625,79534.71875,79428.7109375,79534.71875,0
2026-05-14 02:48:00+00:00,79421.75,79451.90625,79405.09375,79451.90625,201394176
2026-05-14 02:49:00+00:00,79387.25,79412.7578125,79387.25,79404.859375,0
2026-05-14 02:50:00+00:00,79335.5234375,79392.3515625,79332.703125,79386.7421875,0
2026-05-14 02:51:00+00:00,79331.9609375,79354.1015625,79328.171875,79347.4765625,0
2026-05-14 02:52:00+00:00,79242.109375,79332.0234375,79242.109375,79332.0234375,0
2026-05-14 02:53:00+00:00,79237.65625,79249.4765625,79195.71875,79219.46875,11810816
2026-05-14 02:54:00+00:00,79298.8671875,79298.8671875,79214.921875,79221.0,136667136
2026-05-14 02:55:00+00:00,79336.6796875,79342.5703125,79317.28125,79330.9921875,0
2026-05-14 02:56:00+00:00,79316.3203125,79323.3125,79308.21875,79319.2421875,3510272
2026-05-14 02:57:00+00:00,79331.6484375,79340.9765625,79316.3203125,79320.3125,8144896
2026-05-14 02:58:00+00:00,79342.96875,79342.96875,79326.1796875,79331.9921875,2488320
2026-05-14 02:59:00+00:00,79340.0,79342.96875,79321.4765625,79342.96875,6025216
2026-05-14 03:00:00+00:00,79346.8203125,79346.8203125,79302.703125,79306.5,0
2026-05-14 03:01:00+00:00,79407.9296875,79407.9375,79354.8515625,79354.8515625,16830464
2026-05-14 03:02:00+00:00,79407.8828125,79429.0078125,79404.8828125,79410.1015625,0
2026-05-14 03:03:00+00:00,79418.296875,79422.9765625,79402.6171875,79407.8828125,56901632
2026-05-14 03:04:00+00:00,79407.5390625,79425.9921875,79403.21875,79425.9921875,0
2026-05-14 03:05:00+00:00,79378.65625,79410.8671875,79356.5390625,79408.5078125,0
2026-05-14 03:06:00+00:00,79322.3984375,79376.2578125,79322.3984375,79376.2578125,29050880
2026-05-14 03:07:00+00:00,79232.84375,79326.046875,79230.1484375,79322.8515625,112640
2026-05-14 03:08:00+00:00,79160.0,79223.65625,79119.96875,79223.65625,2220032
2026-05-14 03:09:00+00:00,79195.5078125,79211.75,79164.2890625,79164.2890625,188522496
2026-05-14 03:10:00+00:00,79205.96875,79225.2109375,79202.5078125,79202.5078125,0
2026-05-14 03:11:00+00:00,79208.546875,79208.546875,79172.3203125,79208.2265625,0
2026-05-14 03:12:00+00:00,79241.78125,79241.78125,79212.9765625,79230.0,0
2026-05-14 03:13:00+00:00,79236.0,79259.9921875,79235.9765625,79238.7578125,7479296
2026-05-14 03:14:00+00:00,79246.9765625,79264.6484375,79241.4921875,79244.796875,0
2026-05-14 03:15:00+00:00,79230.953125,79249.640625,79229.703125,79246.9765625,0
2026-05-14 03:16:00+00:00,79210.96875,79230.953125,79204.3125,79230.953125,0
2026-05-14 03:17:00+00:00,79216.1796875,79216.1796875,79158.3828125,79210.2421875,3649536
2026-05-14 03:18:00+00:00,79262.703125,79278.0,79226.6875,79226.6875,111517696
2026-05-14 03:19:00+00:00,79202.5234375,79271.96875,79202.5234375,79260.4609375,5246976
2026-05-14 03:20:00+00:00,79031.28125,79209.109375,79031.28125,79204.5703125,0
2026-05-14 03:21:00+00:00,79081.71875,79106.9375,79060.0,79060.0,6864896
2026-05-14 03:22:00+00:00,79042.46875,79090.7734375,79024.34375,79085.7578125,86032384
2026-05-14 03:23:00+00:00,79015.6484375,79055.0,78995.1875,79055.0,29052928
2026-05-14 03:24:00+00:00,79052.296875,79085.0,79030.3828125,79030.3828125,0
2026-05-14 03:25:00+00:00,79146.8515625,79179.0625,79081.7109375,79081.7109375,1175552
2026-05-14 03:26:00+00:00,79190.453125,79212.8828125,79146.7578125,79146.7578125,0
2026-05-14 03:27:00+00:00,79238.75,79238.75,79193.46875,79219.9921875,10575872
2026-05-14 03:28:00+00:00,79311.25,79332.8828125,79257.8203125,79257.8203125,107339776
2026-05-14 03:29:00+00:00,79287.0703125,79317.2734375,79281.0390625,79311.25,17068032
2026-05-14 03:30:00+00:00,79284.0625,79305.1875,79284.0625,79290.0,0
2026-05-14 03:31:00+00:00,79313.421875,79313.421875,79291.390625,79291.390625,0
2026-05-14 03:32:00+00:00,79348.6875,79357.4921875,79320.0,79320.0,0
2026-05-14 03:33:00+00:00,79337.953125,79348.703125,79323.3203125,79348.703125,0
2026-05-14 03:34:00+00:00,79334.0,79347.4765625,79326.3515625,79337.9609375,0
2026-05-14 03:35:00+00:00,79354.9921875,79355.9921875,79341.4375,79345.3828125,0
2026-05-14 03:36:00+00:00,79341.2890625,79365.28125,79320.65625,79362.578125,94707712
2026-05-14 03:37:00+00:00,79255.21875,79341.2890625,79255.21875,79341.2890625,0
2026-05-14 03:38:00+00:00,79202.5234375,79266.546875,79202.5234375,79259.890625,8720384
2026-05-14 03:39:00+00:00,79148.15625,79205.53125,79133.0625,79187.421875,0
2026-05-14 03:40:00+00:00,79172.3125,79172.3125,79136.078125,79136.078125,659456
2026-05-14 03:41:00+00:00,79174.921875,79189.421875,79164.0234375,79177.1171875,0
2026-05-14 03:42:00+00:00,79142.7734375,79163.1484375,79133.0625,79163.1484375,0
2026-05-14 03:43:00+00:00,79176.7421875,79184.3984375,79133.0625,79142.7734375,0
2026-05-14 03:44:00+00:00,79172.3203125,79184.2578125,79161.828125,79172.3203125,0
2026-05-14 03:45:00+00:00,79171.96875,79171.96875,79150.0078125,79169.3125,0
2026-05-14 03:46:00+00:00,79145.1328125,79161.2109375,79124.0,79161.2109375,3878912
2026-05-14 03:47:00+00:00,79102.8671875,79157.21875,79102.8671875,79145.140625,0
2026-05-14 03:48:00+00:00,79066.0,79110.84375,79066.0,79084.7421875,0
2026-05-14 03:49:00+00:00,79041.8984375,79069.640625,79030.390625,79065.9921875,87736320
2026-05-14 03:50:00+00:00,79056.640625,79056.640625,79041.8984375,79041.8984375,0
2026-05-14 03:51:00+00:00,79015.2890625,79054.5390625,78985.140625,79054.5390625,1552384
2026-05-14 03:52:00+00:00,79035.40625,79052.6015625,79009.25,79009.25,0
2026-05-14 03:53:00+00:00,79058.296875,79080.0234375,79044.4765625,79044.4765625,0
2026-05-14 03:54:00+00:00,79070.8828125,79070.8828125,79058.2890625,79058.6875,0
2026-05-14 03:55:00+00:00,78985.0703125,79075.8984375,78978.5,79075.8984375,17715200
2026-05-14 03:56:00+00:00,78946.828125,78968.7265625,78928.15625,78968.7265625,4087808
2026-05-14 03:57:00+00:00,78951.9765625,78982.046875,78906.5703125,78939.8984375,46563328
2026-05-14 03:58:00+00:00,78989.28125,78994.9921875,78917.890625,78945.8203125,0
2026-05-14 03:59:00+00:00,79012.2734375,79016.5625,78985.0078125,78988.0,12185600
2026-05-14 04:00:00+00:00,79009.6015625,79017.9921875,78978.6015625,79017.9921875,180490240
2026-05-14 04:01:00+00:00,78979.0234375,79004.21875,78963.9375,79004.21875,5959680
2026-05-14 04:02:00+00:00,78982.046875,78982.046875,78945.828125,78961.6875,585728
2026-05-14 04:03:00+00:00,79029.046875,79033.40625,78978.28125,78978.28125,0
2026-05-14 04:04:00+00:00,79038.7109375,79038.7109375,79021.3203125,79029.9375,65884160
2026-05-14 04:05:00+00:00,79090.7734375,79090.7734375,79038.7109375,79038.7109375,12132352
2026-05-14 04:06:00+00:00,79125.7734375,79125.7734375,79089.5078125,79090.7734375,48324608
2026-05-14 04:07:00+00:00,79169.2890625,79169.2890625,79123.046875,79127.0078125,5545984
2026-05-14 04:08:00+00:00,79194.75,79199.9765625,79176.8203125,79176.8203125,0
2026-05-14 04:09:00+00:00,79208.828125,79215.75,79193.46875,79194.7421875,0
2026-05-14 04:10:00+00:00,79230.0234375,79232.7109375,79211.5703125,79211.5703125,0
2026-05-14 04:11:00+00:00,79194.0078125,79225.296875,79194.0078125,79224.9921875,13897728
2026-05-14 04:12:00+00:00,79213.4296875,79226.828125,79202.890625,79202.890625,35696640
2026-05-14 04:13:00+00:00,79226.671875,79226.671875,79211.09375,79213.5703125,3866624
2026-05-14 04:14:00+00:00,79232.7890625,79232.7890625,79223.9921875,79226.1484375,0
2026-05-14 04:15:00+00:00,79226.34375,79260.0,79211.578125,79257.8125,69541888
2026-05-14 04:16:00+00:00,79234.4609375,79250.0,79221.1015625,79235.7265625,466944
2026-05-14 04:17:00+00:00,79256.8671875,79256.8828125,79234.4609375,79234.4609375,1150976
2026-05-14 04:18:00+00:00,79295.578125,79295.578125,79256.8671875,79256.8671875,8404992
2026-05-14 04:19:00+00:00,79317.28125,79332.8671875,79289.453125,79290.9609375,0
2026-05-14 04:20:00+00:00,79300.703125,79332.8671875,79299.9375,79317.2890625,0
2026-05-14 04:21:00+00:00,79281.2890625,79305.1875,79281.2890625,79300.703125,134508544
2026-05-14 04:22:00+00:00,79281.34375,79309.1875,79271.9765625,79290.09375,6742016
2026-05-14 04:23:00+00:00,79271.421875,79281.3515625,79271.421875,79281.3515625,0
2026-05-14 04:24:00+00:00,79286.8515625,79287.0703125,79265.9921875,79272.421875,0
2026-05-14 04:25:00+00:00,79299.671875,79299.671875,79281.046875,79286.859375,0
2026-05-14 04:26:00+00:00,79318.71875,79325.09375,79305.1875,79305.1875,3194880
2026-05-14 04:27:00+00:00,79315.078125,79316.0078125,79293.1171875,79305.2109375,0
2026-05-14 04:28:00+00:00,79299.15625,79311.2265625,79299.15625,79309.8203125,0
2026-05-14 04:29:00+00:00,79288.4921875,79298.921875,79288.25,79296.140625,0
2026-05-14 04:30:00+00:00,79299.171875,79305.0,79282.296875,79288.5,26415104
2026-05-14 04:31:00+00:00,79309.1015625,79309.9921875,79296.140625,79299.15625,109060096
2026-05-14 04:32:00+00:00,79321.671875,79321.671875,79296.140625,79296.1484375,0
2026-05-14 04:33:00+00:00,79327.953125,79337.8203125,79319.9921875,79321.671875,28168192
2026-05-14 04:34:00+00:00,79272.359375,79337.859375,79272.359375,79337.859375,2174976
2026-05-14 04:35:00+00:00,79316.5390625,79322.5078125,79281.046875,79281.046875,0
2026-05-14 04:36:00+00:00,79299.171875,79316.5390625,79299.15625,79316.5390625,0
2026-05-14 04:37:00+00:00,79298.0078125,79305.1875,79298.0078125,79299.171875,1982464
2026-05-14 04:38:00+00:00,79331.0703125,79331.0703125,79311.2265625,79311.2265625,0
2026-05-14 04:39:00+00:00,79349.1015625,79353.9921875,79341.4296875,79341.4296875,3633152
2026-05-14 04:40:00+00:00,79345.390625,79345.390625,79336.578125,79344.4609375,0
2026-05-14 04:41:00+00:00,79356.53125,79356.53125,79342.2109375,79342.2109375,360448
2026-05-14 04:42:00+00:00,79340.0,79356.5234375,79332.3984375,79356.5234375,0
2026-05-14 04:43:00+00:00,79349.8828125,79349.8828125,79332.640625,79336.953125,0
2026-05-14 04:44:00+00:00,79353.3125,79356.5703125,79347.4765625,79353.5078125,98304
2026-05-14 04:45:00+00:00,79324.3515625,79350.0625,79324.0234375,79350.0625,10784768
2026-05-14 04:46:00+00:00,79341.4296875,79341.4296875,79293.6328125,79311.2421875,0
2026-05-14 04:47:00+00:00,79374.65625,79374.65625,79355.1796875,79368.6171875,0
2026-05-14 04:48:00+00:00,79401.8515625,79407.5390625,79374.6484375,79374.6484375,0
2026-05-14 04:49:00+00:00,79413.921875,79440.0,79403.171875,79403.171875,2072576
2026-05-14 04:50:00+00:00,79372.8671875,79407.8828125,79362.3828125,79407.8828125,606208
2026-05-14 04:51:00+00:00,79392.7734375,79392.7734375,79365.0078125,79368.671875,0
2026-05-14 04:52:00+00:00,79384.609375,79392.7890625,79383.7265625,79392.7890625,40787968
2026-05-14 04:53:00+00:00,79392.9765625,79398.828125,79381.3203125,79384.6875,2854912
2026-05-14 04:54:00+00:00,79419.9921875,79424.546875,79395.7890625,79395.796875,24092672
2026-05-14 04:55:00+00:00,79407.8671875,79420.0,79407.8671875,79420.0,4849664
2026-05-14 04:56:00+00:00,79401.8515625,79418.0,79401.8515625,79408.546875,0
2026-05-14 04:57:00+00:00,79413.921875,79429.859375,79401.828125,79401.84375,22278144
2026-05-14 04:58:00+00:00,79394.609375,79415.21875,79389.828125,79415.21875,0
2026-05-14 04:59:00+00:00,79428.703125,79428.703125,79383.71875,79392.828125,0
2026-05-14 05:00:00+00:00,79401.84375,79407.34375,79386.7421875,79407.34375,0
2026-05-14 05:01:00+00:00,79373.1015625,79402.546875,79373.09375,79402.546875,0
2026-05-14 05:02:00+00:00,79408.6796875,79408.6875,79374.953125,79374.953125,0
2026-05-14 05:03:00+00:00,79402.46875,79405.0703125,79379.7890625,79404.8515625,3665920
2026-05-14 05:04:00+00:00,79422.703125,79453.65625,79415.9609375,79415.9609375,0
2026-05-14 05:05:00+00:00,79404.21875,79404.21875,79383.2265625,79398.8203125,172032
2026-05-14 05:06:00+00:00,79396.7421875,79396.7421875,79384.3671875,79389.7734375,0
2026-05-14 05:07:00+00:00,79424.59375,79424.6015625,79396.75,79396.75,0
2026-05-14 05:08:00+00:00,79435.4765625,79438.8984375,79413.921875,79424.6015625,13389824
2026-05-14 05:09:00+00:00,79433.03125,79438.140625,79429.0234375,79429.03125,78196736
2026-05-14 05:10:00+00:00,79419.96875,79432.328125,79419.96875,79432.328125,225280
2026-05-14 05:11:00+00:00,79410.8984375,79432.03125,79410.8984375,79420.0234375,0
2026-05-14 05:12:00+00:00,79413.5078125,79419.953125,79404.859375,79404.859375,0
2026-05-14 05:13:00+00:00,79400.703125,79404.7265625,79396.0234375,79396.0234375,42057728
2026-05-14 05:14:00+00:00,79376.0234375,79395.8125,79362.578125,79395.8125,380928
2026-05-14 05:15:00+00:00,79372.6484375,79372.65625,79347.46875,79358.3671875,14602240
2026-05-14 05:16:00+00:00,79400.6875,79400.6875,79367.140625,79367.6328125,2613248
2026-05-14 05:17:00+00:00,79447.1328125,79447.1328125,79404.0390625,79404.0390625,0
2026-05-14 05:18:00+00:00,79417.03125,79447.90625,79404.390625,79444.96875,430080
2026-05-14 05:19:00+00:00,79423.9921875,79432.9921875,79416.6484375,79416.65625,4894720
2026-05-14 05:20:00+00:00,79462.2265625,79462.2265625,79419.9609375,79419.9609375,860160
2026-05-14 05:21:00+00:00,79516.6015625,79516.6015625,79461.296875,79462.2265625,6709248
2026-05-14 05:22:00+00:00,79541.7265625,79555.8515625,79525.65625,79531.6875,0
2026-05-14 05:23:00+00:00,79551.6328125,79564.0,79535.390625,79563.9921875,0
2026-05-14 05:24:00+00:00,79558.8515625,79559.9921875,79554.03125,79558.84375,21229568
2026-05-14 05:25:00+00:00,79547.0,79561.3125,79543.7734375,79556.0,4014080
2026-05-14 05:26:00+00:00,79547.3515625,79557.7734375,79537.7421875,79552.828125,4923392
2026-05-14 05:27:00+00:00,79501.8515625,79546.7890625,79490.0234375,79546.7890625,0
2026-05-14 05:28:00+00:00,79547.9765625,79557.5,79502.9375,79506.0,0
2026-05-14 05:29:00+00:00,79561.0234375,79569.8984375,79540.7578125,79544.9375,2953216
2026-05-14 05:30:00+00:00,79592.09375,79595.1171875,79567.9296875,79567.9296875,10989568
2026-05-14 05:31:00+00:00,79593.0078125,79604.171875,79593.0,79604.171875,3608576
2026-05-14 05:32:00+00:00,79610.0,79610.0,79583.09375,79586.0625,3235840
2026-05-14 05:33:00+00:00,79678.3671875,79698.109375,79619.2734375,79619.2734375,0
2026-05-14 05:34:00+00:00,79658.5390625,79697.7890625,79658.5390625,79689.7265625,35405824
2026-05-14 05:35:00+00:00,79720.9921875,79736.359375,79652.5,79652.5,0
2026-05-14 05:36:00+00:00,79692.4921875,79721.953125,79692.4921875,79717.296875,19537920
2026-05-14 05:37:00+00:00,79683.2265625,79701.703125,79673.640625,79692.4765625,5939200
2026-05-14 05:38:00+00:00,79718.9921875,79718.9921875,79673.78125,79694.2421875,3227648
2026-05-14 05:39:00+00:00,79667.921875,79718.9296875,79667.921875,79709.8828125,0
2026-05-14 05:40:00+00:00,79691.9921875,79700.8125,79668.3671875,79668.3671875,108584960
2026-05-14 05:41:00+00:00,79696.6484375,79696.6484375,79670.5,79689.9921875,3584000
2026-05-14 05:42:00+00:00,79671.03125,79692.078125,79665.0234375,79685.71875,83185664
2026-05-14 05:43:00+00:00,79655.5234375,79674.140625,79655.5234375,79671.03125,1925120
2026-05-14 05:44:00+00:00,79676.09375,79677.9765625,79655.5234375,79655.5234375,0
2026-05-14 05:45:00+00:00,79779.4296875,79790.0078125,79690.0,79690.0,40824832
2026-05-14 05:46:00+00:00,79764.7109375,79785.3828125,79737.0703125,79785.3828125,0
2026-05-14 05:47:00+00:00,79794.2578125,79794.2578125,79770.28125,79773.2890625,0
2026-05-14 05:48:00+00:00,79789.171875,79797.4609375,79785.3828125,79794.4296875,0
2026-05-14 05:49:00+00:00,79794.0234375,79816.2265625,79791.0234375,79791.0234375,0
2026-05-14 05:50:00+00:00,79802.796875,79812.546875,79796.453125,79796.453125,9199616
2026-05-14 05:51:00+00:00,79872.953125,79894.7109375,79801.0234375,79801.0234375,29134848
2026-05-14 05:52:00+00:00,79922.0,79962.3828125,79872.953125,79872.953125,4403200
2026-05-14 05:53:00+00:00,79878.890625,79924.9375,79872.9609375,79924.9375,2965504
2026-05-14 05:54:00+00:00,79832.4921875,79869.953125,79830.6875,79869.953125,0
2026-05-14 05:55:00+00:00,79776.671875,79825.5703125,79776.671875,79825.5703125,60379136
2026-05-14 05:56:00+00:00,79757.296875,79788.390625,79745.9296875,79788.390625,13336576
2026-05-14 05:57:00+00:00,79783.859375,79791.9765625,79743.71875,79759.6171875,202928128
2026-05-14 05:58:00+00:00,79779.3515625,79821.609375,79779.34375,79785.9921875,4141056
2026-05-14 05:59:00+00:00,79780.7734375,79802.5,79779.34375,79779.34375,0
2026-05-14 06:00:00+00:00,79822.890625,79823.6015625,79788.34375,79788.34375,0
2026-05-14 06:01:00+00:00,79824.640625,79853.0234375,79824.640625,79839.7265625,39936000
2026-05-14 06:02:00+00:00,79827.65625,79837.921875,79780.0,79818.6015625,4153344
2026-05-14 06:03:00+00:00,79840.53125,79847.546875,79821.359375,79847.546875,20570112
2026-05-14 06:04:00+00:00,79848.578125,79857.8515625,79840.5234375,79840.5234375,0
2026-05-14 06:05:00+00:00,79857.859375,79894.09375,79849.0390625,79849.0390625,0
2026-05-14 06:06:00+00:00,79891.078125,79898.96875,79856.8515625,79856.8515625,0
2026-05-14 06:07:00+00:00,79870.9296875,79898.75,79860.8828125,79882.0234375,0
2026-05-14 06:08:00+00:00,79832.2265625,79879.109375,79832.2265625,79879.109375,6832128
2026-05-14 06:09:00+00:00,79821.6328125,79837.6875,79820.0390625,79820.0390625,0
2026-05-14 06:10:00+00:00,79874.9296875,79874.9296875,79818.6015625,79824.9921875,0
2026-05-14 06:11:00+00:00,79898.046875,79908.28125,79874.0,79874.0,5705728
2026-05-14 06:12:00+00:00,79878.9921875,79905.640625,79876.4375,79898.546875,0
2026-05-14 06:13:00+00:00,79873.71875,79900.25,79869.9375,79890.546875,218341376
2026-05-14 06:14:00+00:00,79888.3203125,79894.0,79881.7890625,79882.0234375,0
2026-05-14 06:15:00+00:00,79848.796875,79899.2421875,79848.796875,79892.3125,0
2026-05-14 06:16:00+00:00,79827.7265625,79840.1328125,79806.1796875,79840.1328125,0
2026-05-14 06:17:00+00:00,79839.7265625,79845.7734375,79824.7578125,79833.6875,2596864
2026-05-14 06:18:00+00:00,79827.65625,79834.453125,79811.65625,79834.4375,84729856
2026-05-14 06:19:00+00:00,79806.5078125,79828.8671875,79806.5078125,79828.8671875,0
2026-05-14 06:20:00+00:00,79831.0078125,79833.6171875,79816.546875,79816.546875,0
2026-05-14 06:21:00+00:00,79845.7890625,79858.03125,79820.703125,79828.0,0
2026-05-14 06:22:00+00:00,79842.4296875,79854.578125,79842.4296875,79847.640625,139558912
2026-05-14 06:23:00+00:00,79847.578125,79852.34375,79833.0,79845.7734375,159744
2026-05-14 06:24:00+00:00,79824.640625,79847.59375,79824.640625,79847.578125,0
2026-05-14 06:25:00+00:00,79803.5,79848.2265625,79803.5,79830.6796875,1699840
2026-05-14 06:26:00+00:00,79795.9765625,79804.0,79789.921875,79797.75,0
2026-05-14 06:27:00+00:00,79797.4609375,79812.7734375,79797.4609375,79809.53125,610304
2026-05-14 06:28:00+00:00,79818.8671875,79818.8828125,79794.453125,79801.9921875,21880832
2026-05-14 06:29:00+00:00,79786.4375,79818.578125,79786.4375,79817.859375,1019904
2026-05-14 06:30:00+00:00,79790.8203125,79807.96875,79770.0,79807.96875,0
2026-05-14 06:31:00+00:00,79771.9921875,79799.46875,79764.9296875,79799.46875,0
2026-05-14 06:32:00+00:00,79755.171875,79782.359375,79744.0078125,79775.671875,6901760
2026-05-14 06:33:00+00:00,79753.1796875,79758.1875,79746.1171875,79758.1875,0
2026-05-14 06:34:00+00:00,79736.9609375,79758.0078125,79732.9609375,79755.109375,4632576
2026-05-14 06:35:00+00:00,79749.140625,79758.0,79726.6796875,79732.0078125,0
2026-05-14 06:36:00+00:00,79765.296875,79767.25,79752.8203125,79752.8203125,0
2026-05-14 06:37:00+00:00,79787.7578125,79787.7578125,79750.8984375,79765.3125,0
2026-05-14 06:38:00+00:00,79802.0078125,79802.2578125,79788.390625,79788.390625,610304
2026-05-14 06:39:00+00:00,79796.0234375,79802.0078125,79784.046875,79802.0078125,35680256
2026-05-14 06:40:00+00:00,79853.15625,79853.15625,79800.46875,79800.46875,0
2026-05-14 06:41:00+00:00,79849.3828125,79858.0390625,79842.7578125,79853.2265625,1355776
2026-05-14 06:42:00+00:00,79833.6875,79850.796875,79820.03125,79849.1171875,0
2026-05-14 06:43:00+00:00,79831.1015625,79846.8828125,79831.1015625,79842.640625,0
2026-05-14 06:44:00+00:00,79842.2265625,79848.78125,79830.6875,79831.1015625,0
2026-05-14 06:45:00+00:00,79834.1875,79844.09375,79822.4921875,79842.2265625,17473536
2026-05-14 06:46:00+00:00,79847.9765625,79848.8125,79830.6796875,79836.1875,0
2026-05-14 06:47:00+00:00,79821.609375,79847.4921875,79820.0,79839.75,0
2026-05-14 06:48:00+00:00,79817.5234375,79821.6015625,79800.4765625,79821.6015625,0
2026-05-14 06:49:00+00:00,79797.8515625,79829.40625,79797.84375,79820.6484375,0
2026-05-14 06:50:00+00:00,79803.9921875,79812.328125,79797.34375,79797.34375,8908800
2026-05-14 06:51:00+00:00,79812.5625,79819.3125,79806.84375,79806.84375,0
2026-05-14 06:52:00+00:00,79800.46875,79806.03125,79790.0234375,79806.03125,15421440
2026-05-14 06:53:00+00:00,79793.9765625,79806.03125,79793.46875,79804.328125,0
2026-05-14 06:54:00+00:00,79807.0,79807.0,79794.078125,79794.078125,0
2026-05-14 06:55:00+00:00,79801.9765625,79807.78125,79794.8984375,79806.9921875,286720
2026-05-14 06:56:00+00:00,79795.1484375,79801.9765625,79792.0,79801.9765625,1150976
2026-05-14 06:57:00+00:00,79793.921875,79796.0078125,79789.6015625,79796.0078125,28286976
2026-05-14 06:58:00+00:00,79803.671875,79803.671875,79766.8515625,79790.421875,0
2026-05-14 06:59:00+00:00,79772.953125,79802.640625,79767.2578125,79802.640625,5693440
2026-05-14 07:00:00+00:00,79804.5625,79804.5625,79767.15625,79768.40625,19238912
2026-05-14 07:01:00+00:00,79800.4765625,79833.6875,79800.4765625,79809.796875,3588096
2026-05-14 07:02:00+00:00,79803.2890625,79815.0,79790.4765625,79790.4765625,1888256
2026-05-14 07:03:00+00:00,79739.9765625,79803.296875,79737.0703125,79803.296875,0
2026-05-14 07:04:00+00:00,79709.8671875,79736.9765625,79691.9921875,79736.9765625,0
2026-05-14 07:05:00+00:00,79743.1015625,79743.1015625,79721.9609375,79732.046875,0
2026-05-14 07:06:00+00:00,79752.171875,79757.4296875,79750.59375,79754.90625,19906560
2026-05-14 07:07:00+00:00,79765.421875,79765.421875,79750.0234375,79752.15625,0
2026-05-14 07:08:00+00:00,79780.296875,79785.9921875,79777.078125,79779.328125,3358720
2026-05-14 07:09:00+00:00,79743.09375,79761.2109375,79728.0,79761.2109375,0
2026-05-14 07:10:00+00:00,79728.9921875,79731.7109375,79722.8515625,79728.0078125,18128896
2026-05-14 07:11:00+00:00,79728.7265625,79741.46875,79728.7265625,79729.9765625,0
2026-05-14 07:12:00+00:00,79704.890625,79728.7421875,79694.1171875,79728.7421875,0
2026-05-14 07:13:00+00:00,79705.9765625,79721.9609375,79705.9765625,79712.6328125,0
2026-05-14 07:14:00+00:00,79717.5703125,79717.5703125,79705.9765625,79706.0234375,0
2026-05-14 07:15:00+00:00,79715.421875,79715.421875,79687.7265625,79706.859375,0
2026-05-14 07:16:00+00:00,79714.4296875,79714.9296875,79688.7421875,79688.7421875,0
2026-05-14 07:17:00+00:00,79692.0625,79716.3671875,79692.0625,79715.90625,6103040
2026-05-14 07:18:00+00:00,79690.40625,79693.5703125,79679.6796875,79690.0703125,68743168
2026-05-14 07:19:00+00:00,79671.0,79693.4296875,79671.0,79693.4296875,0
2026-05-14 07:20:00+00:00,79678.65625,79682.6875,79671.0,79671.0,1978368
2026-05-14 07:21:00+00:00,79698.3515625,79698.3515625,79678.65625,79678.65625,0
2026-05-14 07:22:00+00:00,79738.0078125,79745.046875,79698.34375,79698.34375,21340160
2026-05-14 07:23:00+00:00,79720.75,79740.0,79720.2578125,79740.0,0
2026-05-14 07:24:00+00:00,79702.5390625,79720.53125,79700.0078125,79717.4296875,0
2026-05-14 07:25:00+00:00,79748.546875,79748.546875,79730.6484375,79730.6484375,3182592
2026-05-14 07:26:00+00:00,79790.328125,79790.34375,79748.546875,79748.546875,1343488
2026-05-14 07:27:00+00:00,79798.2578125,79814.0,79788.1015625,79788.1015625,105394176
2026-05-14 07:28:00+00:00,79798.6171875,79800.90625,79796.4921875,79798.25,0
2026-05-14 07:29:00+00:00,79757.6171875,79798.6328125,79754.0,79798.6328125,1536000
2026-05-14 07:30:00+00:00,79776.890625,79779.3828125,79760.03125,79760.03125,0
2026-05-14 07:31:00+00:00,79800.0,79800.0,79778.0234375,79779.3828125,0
2026-05-14 07:32:00+00:00,79858.3515625,79861.59375,79800.0,79800.0078125,4251648
2026-05-14 07:33:00+00:00,79872.5234375,79885.0,79852.0234375,79852.0234375,21831680
2026-05-14 07:34:00+00:00,79881.2890625,79881.2890625,79868.8828125,79872.5078125,1871872
2026-05-14 07:35:00+00:00,79895.34375,79895.34375,79867.5,79877.21875,0
2026-05-14 07:36:00+00:00,79874.0234375,79903.46875,79873.0234375,79895.328125,20365312
2026-05-14 07:37:00+00:00,79860.6015625,79877.609375,79860.6015625,79877.1328125,700416
2026-05-14 07:38:00+00:00,79882.4375,79883.0234375,79856.4609375,79860.6015625,0
2026-05-14 07:39:00+00:00,79875.0390625,79881.3984375,79871.3984375,79881.3984375,46383104
2026-05-14 07:40:00+00:00,79847.921875,79870.4921875,79842.0,79870.4921875,0
2026-05-14 07:41:00+00:00,79852.3125,79852.3125,79841.34375,79852.3125,4067328
2026-05-14 07:42:00+00:00,79873.9765625,79873.9765625,79852.3125,79852.3125,8581120
2026-05-14 07:43:00+00:00,79864.171875,79876.2734375,79864.171875,79873.9765625,16719872
2026-05-14 07:44:00+00:00,79864.75,79873.0234375,79860.0078125,79864.15625,0
2026-05-14 07:45:00+00:00,79848.1796875,79876.2734375,79848.1796875,79865.8203125,0
2026-05-14 07:46:00+00:00,79854.6171875,79862.0234375,79843.25,79855.9921875,0
2026-05-14 07:47:00+00:00,79831.2890625,79854.6171875,79831.2890625,79854.6171875,0
2026-05-14 07:48:00+00:00,79850.0,79850.0,79831.2890625,79831.2890625,0
2026-05-14 07:49:00+00:00,79846.921875,79854.6171875,79845.9921875,79850.40625,21372928
2026-05-14 07:50:00+00:00,79829.21875,79846.0,79808.7265625,79846.0,0
2026-05-14 07:51:00+00:00,79836.4375,79839.9921875,79825.0,79825.0,0
2026-05-14 07:52:00+00:00,79820.90625,79847.4296875,79819.203125,79847.4296875,8486912
2026-05-14 07:53:00+00:00,79828.828125,79829.9921875,79821.8984375,79821.8984375,1519616
2026-05-14 07:54:00+00:00,79790.21875,79829.8984375,79790.21875,79829.8984375,7729152
2026-05-14 07:55:00+00:00,79829.0,79829.0,79795.890625,79795.890625,118784
2026-05-14 07:56:00+00:00,79819.2109375,79841.9765625,79819.2109375,79829.0,0
2026-05-14 07:57:00+00:00,79801.140625,79820.59375,79801.140625,79819.2109375,0
2026-05-14 07:58:00+00:00,79760.9921875,79798.4765625,79757.171875,79798.4765625,0
2026-05-14 07:59:00+00:00,79706.1015625,79755.5234375,79699.1484375,79753.0234375,823296
2026-05-14 08:00:00+00:00,79728.1171875,79739.15625,79709.03125,79709.03125,94363648
2026-05-14 08:01:00+00:00,79707.4296875,79714.78125,79696.0,79714.0234375,0
2026-05-14 08:02:00+00:00,79640.6875,79676.328125,79624.8203125,79676.09375,1437696
2026-05-14 08:03:00+00:00,79637.59375,79648.0390625,79637.5703125,79640.6875,44249088
2026-05-14 08:04:00+00:00,79628.7734375,79652.6796875,79618.421875,79628.7578125,0
2026-05-14 08:05:00+00:00,79622.96875,79635.1015625,79605.1015625,79620.4921875,0
2026-05-14 08:06:00+00:00,79641.1796875,79641.1796875,79620.4765625,79620.4765625,96530432
2026-05-14 08:07:00+00:00,79678.4296875,79678.4296875,79637.046875,79647.9921875,0
2026-05-14 08:08:00+00:00,79696.6484375,79696.6484375,79674.3125,79686.7109375,11476992
2026-05-14 08:09:00+00:00,79724.09375,79725.578125,79709.0625,79709.0703125,18604032
2026-05-14 08:10:00+00:00,79796.3828125,79796.3828125,79728.0078125,79736.390625,1081344
2026-05-14 08:11:00+00:00,79810.921875,79841.9921875,79806.0,79814.3984375,0
2026-05-14 08:12:00+00:00,79782.4296875,79807.4765625,79782.03125,79807.4765625,0
2026-05-14 08:13:00+00:00,79789.8984375,79799.6171875,79782.421875,79782.421875,42504192
2026-05-14 08:14:00+00:00,79799.390625,79801.34375,79786.09375,79788.9921875,4911104
2026-05-14 08:15:00+00:00,79820.0390625,79823.34375,79802.4765625,79802.4765625,0
2026-05-14 08:16:00+00:00,79823.328125,79831.609375,79815.0625,79818.1796875,0
2026-05-14 08:17:00+00:00,79807.5,79827.9921875,79807.5,79827.9921875,0
2026-05-14 08:18:00+00:00,79790.9921875,79809.6015625,79790.9921875,79807.5078125,62521344
2026-05-14 08:19:00+00:00,79794.40625,79809.40625,79792.21875,79808.9609375,0
2026-05-14 08:20:00+00:00,79764.921875,79793.2890625,79761.9765625,79793.1171875,0
2026-05-14 08:21:00+00:00,79731.3203125,79763.453125,79731.3203125,79763.453125,0
2026-05-14 08:22:00+00:00,79703.28125,79730.0625,79703.28125,79727.3203125,0
2026-05-14 08:23:00+00:00,79696.6171875,79696.65625,79681.0703125,79695.0234375,0
2026-05-14 08:24:00+00:00,79718.578125,79718.578125,79685.6171875,79686.71875,3031040
2026-05-14 08:25:00+00:00,79734.6015625,79734.6015625,79718.59375,79718.59375,8712192
2026-05-14 08:26:00+00:00,79730.2109375,79730.21875,79725.640625,79727.171875,3342336
2026-05-14 08:27:00+00:00,79745.96875,79745.96875,79714.3671875,79718.578125,30064640
2026-05-14 08:28:00+00:00,79772.3984375,79773.2734375,79745.96875,79745.96875,0
2026-05-14 08:29:00+00:00,79744.6796875,79777.796875,79744.6796875,79769.8203125,0
2026-05-14 08:30:00+00:00,79779.328125,79779.328125,79748.65625,79754.2109375,0
2026-05-14 08:31:00+00:00,79767.5625,79782.5390625,79761.2421875,79773.65625,0
2026-05-14 08:32:00+00:00,79798.4921875,79798.4921875,79761.2421875,79767.5625,0
2026-05-14 08:33:00+00:00,79827.4765625,79827.4765625,79810.1875,79810.921875,0
2026-05-14 08:34:00+00:00,79852.453125,79853.7734375,79827.4765625,79827.4765625,181665792
2026-05-14 08:35:00+00:00,79865.9921875,79868.1171875,79848.1796875,79852.078125,0
2026-05-14 08:36:00+00:00,79871.96875,79873.5390625,79859.03125,79866.0,0
2026-05-14 08:37:00+00:00,79883.78125,79889.5703125,79856.4609375,79856.4609375,3293184
2026-05-14 08:38:00+00:00,79889.0703125,79897.8515625,79873.703125,79883.7890625,0
2026-05-14 08:39:00+00:00,79897.5234375,79906.4765625,79890.0,79896.34375,1392640
2026-05-14 08:40:00+00:00,79864.7421875,79891.9765625,79864.7421875,79889.578125,6963200
2026-05-14 08:41:00+00:00,79827.4765625,79856.46875,79827.4765625,79856.4609375,6848512
2026-05-14 08:42:00+00:00,79832.9765625,79844.03125,79823.3515625,79823.3515625,102326272
2026-05-14 08:43:00+00:00,79848.96875,79848.96875,79823.3515625,79830.0078125,13242368
2026-05-14 08:44:00+00:00,79862.28125,79875.921875,79848.96875,79848.96875,0
2026-05-14 08:45:00+00:00,79819.2109375,79869.5078125,79818.2734375,79862.28125,113606656
2026-05-14 08:46:00+00:00,79828.7734375,79838.0078125,79823.3515625,79838.0078125,0
2026-05-14 08:47:00+00:00,79827.4921875,79836.65625,79827.4921875,79828.7734375,5840896
2026-05-14 08:48:00+00:00,79810.2265625,79828.6484375,79808.390625,79828.6484375,9289728
2026-05-14 08:49:00+00:00,79790.0,79807.546875,79790.0,79798.5078125,0
2026-05-14 08:50:00+00:00,79791.859375,79791.859375,79751.9375,79770.0078125,274432
2026-05-14 08:51:00+00:00,79765.0703125,79791.859375,79765.0703125,79791.859375,4513792
2026-05-14 08:52:00+00:00,79778.96875,79778.96875,79765.2421875,79767.3984375,3010560
2026-05-14 08:53:00+00:00,79804.703125,79804.703125,79781.4609375,79781.4609375,30867456
2026-05-14 08:54:00+00:00,79796.609375,79806.78125,79794.4296875,79806.78125,0
2026-05-14 08:55:00+00:00,79780.46875,79794.4296875,79778.3515625,79794.4296875,0
2026-05-14 08:56:00+00:00,79796.34375,79796.34375,79765.2421875,79781.953125,0
2026-05-14 08:57:00+00:00,79797.5234375,79805.8828125,79797.5078125,79804.0,0
2026-05-14 08:58:00+00:00,79785.0078125,79797.5234375,79784.5625,79797.5234375,0
2026-05-14 08:59:00+00:00,79784.5625,79785.2265625,79784.5625,79784.5703125,6168576
2026-05-14 09:00:00+00:00,79831.6171875,79875.0,79798.5,79798.5,0
2026-05-14 09:01:00+00:00,79828.0,79835.46875,79821.953125,79821.953125,0
2026-05-14 09:02:00+00:00,79846.46875,79856.453125,79806.75,79828.0,0
2026-05-14 09:03:00+00:00,79836.609375,79847.5078125,79836.046875,79847.5078125,62423040
2026-05-14 09:04:00+00:00,79821.1875,79837.609375,79812.0078125,79836.6015625,5709824
2026-05-14 09:05:00+00:00,79827.4765625,79827.4765625,79815.0625,79815.0625,0
2026-05-14 09:06:00+00:00,79860.453125,79860.453125,79820.703125,79820.703125,0
2026-05-14 09:07:00+00:00,79835.7734375,79852.0703125,79835.7578125,79852.0703125,0
2026-05-14 09:08:00+00:00,79830.296875,79835.7734375,79820.0,79835.7578125,0
2026-05-14 09:09:00+00:00,79840.3515625,79840.3515625,79830.59375,79830.6015625,0
2026-05-14 09:10:00+00:00,79810.9375,79870.421875,79781.1171875,79870.421875,0
2026-05-14 09:11:00+00:00,79794.359375,79803.65625,79781.9375,79803.65625,0
2026-05-14 09:12:00+00:00,79823.078125,79829.53125,79791.421875,79797.703125,0
2026-05-14 09:13:00+00:00,79806.0,79821.109375,79802.6484375,79819.203125,1097728
2026-05-14 09:14:00+00:00,79798.90625,79802.828125,79794.359375,79798.5,2953216
2026-05-14 09:15:00+00:00,79785.4765625,79790.2265625,79783.5625,79790.2265625,0
2026-05-14 09:16:00+00:00,79765.4609375,79786.21875,79757.8828125,79785.6875,1736704
2026-05-14 09:17:00+00:00,79763.84375,79771.4921875,79763.84375,79765.46875,0
2026-05-14 09:18:00+00:00,79764.5,79765.390625,79761.7734375,79765.09375,0
2026-05-14 09:19:00+00:00,79792.7890625,79792.7890625,79764.5,79764.5,2023424
2026-05-14 09:20:00+00:00,79803.8984375,79803.8984375,79792.7890625,79792.7890625,0
2026-05-14 09:21:00+00:00,79802.8671875,79802.8671875,79790.2265625,79799.8984375,0
2026-05-14 09:22:00+00:00,79790.2265625,79803.328125,79790.2265625,79803.3203125,0
2026-05-14 09:23:00+00:00,79765.359375,79781.9609375,79765.359375,79781.9609375,0
2026-05-14 09:24:00+00:00,79741.2109375,79760.1171875,79741.2109375,79760.1171875,0
2026-05-14 09:25:00+00:00,79723.9921875,79741.2109375,79723.9765625,79741.2109375,0
2026-05-14 09:26:00+00:00,79726.921875,79726.921875,79722.9296875,79723.9765625,0
2026-05-14 09:27:00+00:00,79740.0078125,79740.0078125,79726.90625,79726.90625,4022272
2026-05-14 09:28:00+00:00,79699.046875,79721.140625,79699.046875,79721.1328125,610304
2026-05-14 09:29:00+00:00,79705.3984375,79705.40625,79700.0,79700.0,0
2026-05-14 09:30:00+00:00,79685.6875,79705.40625,79674.296875,79705.40625,0
2026-05-14 09:31:00+00:00,79666.796875,79688.8125,79666.796875,79686.7109375,0
2026-05-14 09:32:00+00:00,79645.3125,79667.4296875,79620.0,79666.8125,0
2026-05-14 09:33:00+00:00,79669.9921875,79669.9921875,79649.8671875,79649.8671875,16068608
2026-05-14 09:34:00+00:00,79694.9921875,79694.9921875,79672.34375,79672.34375,0
2026-05-14 09:35:00+00:00,79670.15625,79711.5625,79670.15625,79694.9921875,0
2026-05-14 09:36:00+00:00,79648.0,79668.5625,79614.9921875,79668.5625,0
2026-05-14 09:37:00+00:00,79580.0078125,79648.9296875,79580.0078125,79648.9296875,0
2026-05-14 09:38:00+00:00,79574.9375,79587.3515625,79551.6015625,79574.953125,0
2026-05-14 09:39:00+00:00,79581.1875,79591.0390625,79562.53125,79566.65625,0
2026-05-14 09:40:00+00:00,79562.5390625,79570.6015625,79562.5390625,79563.953125,1474560
2026-05-14 09:41:00+00:00,79604.9375,79614.0625,79570.796875,79570.796875,3084288
2026-05-14 09:42:00+00:00,79614.3125,79617.3984375,79598.671875,79604.953125,0
2026-05-14 09:43:00+00:00,79632.8671875,79635.0078125,79614.296875,79614.296875,28606464
2026-05-14 09:44:00+00:00,79637.0390625,79637.0390625,79614.8828125,79632.296875,0
2026-05-14 09:45:00+00:00,79585.078125,79632.6015625,79585.078125,79632.6015625,47116288
2026-05-14 09:46:00+00:00,79582.0234375,79584.96875,79573.609375,79577.9375,1236992
2026-05-14 09:47:00+00:00,79571.7421875,79592.96875,79571.7421875,79582.0390625,0
2026-05-14 09:48:00+00:00,79557.40625,79586.21875,79557.40625,79571.75,0
2026-05-14 09:49:00+00:00,79564.2578125,79564.2578125,79553.890625,79557.421875,0
2026-05-14 09:50:00+00:00,79587.6328125,79588.03125,79564.2578125,79564.2734375,2826240
2026-05-14 09:51:00+00:00,79561.828125,79579.078125,79561.828125,79579.078125,45662208
2026-05-14 09:52:00+00:00,79564.328125,79570.7890625,79554.2421875,79554.25,0
2026-05-14 09:53:00+00:00,79563.828125,79570.7890625,79558.390625,79560.671875,1892352
2026-05-14 09:54:00+00:00,79555.703125,79563.828125,79554.9609375,79563.828125,99844096
2026-05-14 09:55:00+00:00,79542.7890625,79566.328125,79542.7890625,79555.703125,4755456
2026-05-14 09:56:00+00:00,79559.7109375,79559.7109375,79529.71875,79542.78125,0
2026-05-14 09:57:00+00:00,79572.203125,79572.2109375,79557.8671875,79566.65625,0
2026-05-14 09:58:00+00:00,79616.1796875,79616.1796875,79579.53125,79579.53125,0
2026-05-14 09:59:00+00:00,79591.078125,79630.0,79591.078125,79620.4765625,0
2026-05-14 10:00:00+00:00,79679.578125,79679.578125,79599.78125,79599.78125,0
2026-05-14 10:01:00+00:00,79649.46875,79698.03125,79643.7265625,79679.578125,0
2026-05-14 10:02:00+00:00,79659.7734375,79668.8984375,79646.1796875,79649.46875,8503296
2026-05-14 10:03:00+00:00,79641.3828125,79653.3984375,79641.1796875,79646.78125,0
2026-05-14 10:04:00+00:00,79641.1875,79645.9609375,79641.1875,79641.3828125,121761792
2026-05-14 10:05:00+00:00,79653.6015625,79667.0,79641.1796875,79653.6015625,0
2026-05-14 10:06:00+00:00,79620.9765625,79651.0625,79620.9765625,79645.328125,0
2026-05-14 10:07:00+00:00,79562.5078125,79617.890625,79541.8203125,79612.2109375,561152
2026-05-14 10:08:00+00:00,79545.96875,79558.3671875,79545.9609375,79546.59375,0
2026-05-14 10:09:00+00:00,79546.5,79554.4765625,79525.2578125,79540.609375,9408512
2026-05-14 10:10:00+00:00,79601.5703125,79601.5703125,79525.0,79551.4375,0
2026-05-14 10:11:00+00:00,79661.8828125,79661.8828125,79579.8984375,79579.8984375,0
2026-05-14 10:12:00+00:00,79620.0,79707.0390625,79608.390625,79678.4296875,7274496
2026-05-14 10:13:00+00:00,79564.9921875,79620.0234375,79563.4375,79620.0234375,421888
2026-05-14 10:14:00+00:00,79583.21875,79583.2265625,79564.9921875,79565.0,0
2026-05-14 10:15:00+00:00,79623.5625,79623.5625,79584.2421875,79584.2421875,154804224
2026-05-14 10:16:00+00:00,79598.0,79636.5390625,79597.9921875,79629.3515625,0
2026-05-14 10:17:00+00:00,79664.8515625,79668.8828125,79599.2421875,79599.2421875,0
2026-05-14 10:18:00+00:00,79687.0,79700.0,79672.2421875,79672.2421875,0
2026-05-14 10:19:00+00:00,79709.78125,79721.828125,79682.59375,79682.59375,0
2026-05-14 10:20:00+00:00,79699.1484375,79721.828125,79699.1484375,79711.5703125,0
2026-05-14 10:21:00+00:00,79682.59375,79686.71875,79674.3125,79686.71875,56410112
2026-05-14 10:22:00+00:00,79686.71875,79703.453125,79679.5234375,79689.9609375,0
2026-05-14 10:23:00+00:00,79654.296875,79675.90625,79647.6484375,79675.90625,5181440
2026-05-14 10:24:00+00:00,79637.1796875,79654.3125,79637.1796875,79654.3125,0
2026-05-14 10:25:00+00:00,79658.6875,79665.0703125,79628.7578125,79637.1796875,0
2026-05-14 10:26:00+00:00,79674.296875,79674.296875,79658.6875,79658.703125,6430720
2026-05-14 10:27:00+00:00,79657.75,79678.4296875,79657.75,79670.53125,18759680
2026-05-14 10:28:00+00:00,79650.0,79653.609375,79643.25,79653.609375,4071424
2026-05-14 10:29:00+00:00,79651.578125,79661.8671875,79649.9921875,79649.9921875,0
2026-05-14 10:30:00+00:00,79652.921875,79653.9921875,79650.0234375,79650.0234375,0
2026-05-14 10:31:00+00:00,79608.53125,79654.5234375,79600.25,79654.5234375,0
2026-05-14 10:32:00+00:00,79569.5234375,79608.53125,79569.5078125,79608.53125,0
2026-05-14 10:33:00+00:00,79587.359375,79587.359375,79564.2578125,79569.5078125,82083840
2026-05-14 10:34:00+00:00,79617.4296875,79617.4296875,79591.4921875,79591.4921875,0
2026-05-14 10:35:00+00:00,79599.7890625,79608.03125,79599.7578125,79608.03125,0
2026-05-14 10:36:00+00:00,79590.0078125,79610.0625,79590.0078125,79599.7890625,0
2026-05-14 10:37:00+00:00,79583.2265625,79598.7109375,79583.2265625,79590.1875,0
2026-05-14 10:38:00+00:00,79562.53125,79575.6015625,79562.53125,79575.3203125,4976640
2026-05-14 10:39:00+00:00,79550.109375,79562.5234375,79550.1015625,79550.109375,0
2026-05-14 10:40:00+00:00,79521.109375,79544.078125,79521.109375,79543.4921875,0
2026-05-14 10:41:00+00:00,79414.0,79516.9765625,79404.3984375,79516.9765625,0
2026-05-14 10:42:00+00:00,79430.2421875,79430.2421875,79401.7734375,79419.3125,0
2026-05-14 10:43:00+00:00,79399.3515625,79428.6796875,79375.0,79428.6796875,327680
2026-05-14 10:44:00+00:00,79420.8125,79421.75,79399.359375,79399.359375,3792896
2026-05-14 10:45:00+00:00,79450.75,79462.578125,79423.6875,79423.6875,0
2026-05-14 10:46:00+00:00,79446.609375,79458.4765625,79446.609375,79450.75,21512192
2026-05-14 10:47:00+00:00,79446.90625,79453.0078125,79442.7890625,79450.75,9973760
2026-05-14 10:48:00+00:00,79458.6015625,79459.1171875,79446.90625,79446.921875,0
2026-05-14 10:49:00+00:00,79479.7109375,79479.7109375,79458.6015625,79458.6015625,991232
2026-05-14 10:50:00+00:00,79489.7265625,79494.0078125,79483.8671875,79486.671875,0
2026-05-14 10:51:00+00:00,79477.5078125,79522.0,79477.5078125,79496.28125,0
2026-05-14 10:52:00+00:00,79488.53125,79504.546875,79477.5234375,79477.5234375,0
2026-05-14 10:53:00+00:00,79541.8125,79541.8125,79488.5078125,79489.9765625,9117696
2026-05-14 10:54:00+00:00,79570.96875,79583.046875,79550.0,79550.0,0
2026-05-14 10:55:00+00:00,79595.0703125,79595.640625,79570.96875,79570.96875,499712
2026-05-14 10:56:00+00:00,79569.7578125,79592.9609375,79569.7578125,79592.9609375,0
2026-05-14 10:57:00+00:00,79562.53125,79569.75,79562.5234375,79569.75,0
2026-05-14 10:58:00+00:00,79542.859375,79562.5234375,79537.6796875,79562.5234375,0
2026-05-14 10:59:00+00:00,79534.4765625,79542.859375,79534.4765625,79542.859375,3280896
2026-05-14 11:00:00+00:00,79535.9921875,79550.0078125,79533.546875,79533.546875,107819008
2026-05-14 11:01:00+00:00,79573.15625,79573.15625,79537.609375,79542.9296875,0
2026-05-14 11:02:00+00:00,79542.7421875,79575.90625,79533.8515625,79574.75,6664192
2026-05-14 11:03:00+00:00,79499.90625,79542.7421875,79499.90625,79542.7421875,0
2026-05-14 11:04:00+00:00,79510.0,79510.0,79488.46875,79504.5703125,0
2026-05-14 11:05:00+00:00,79492.1484375,79508.6875,79492.140625,79508.6875,6533120
2026-05-14 11:06:00+00:00,79473.828125,79492.1484375,79473.8203125,79492.1484375,0
2026-05-14 11:07:00+00:00,79496.046875,79500.421875,79467.3125,79467.3125,112226304
2026-05-14 11:08:00+00:00,79515.640625,79515.640625,79496.28125,79500.9921875,0
2026-05-14 11:09:00+00:00,79566.6484375,79566.6484375,79524.2734375,79524.2734375,0
2026-05-14 11:10:00+00:00,79555.0078125,79576.6484375,79555.0078125,79574.9921875,0
2026-05-14 11:11:00+00:00,79537.796875,79555.0078125,79537.7890625,79555.0078125,0
2026-05-14 11:12:00+00:00,79525.2578125,79541.859375,79525.2578125,79541.8515625,0
2026-05-14 11:13:00+00:00,79502.0234375,79516.9921875,79502.0078125,79516.9921875,0
2026-05-14 11:14:00+00:00,79464.609375,79504.5703125,79459.9609375,79504.5703125,0
2026-05-14 11:15:00+00:00,79449.9921875,79450.7421875,79425.8984375,79450.7421875,0
2026-05-14 11:16:00+00:00,79458.5234375,79459.828125,79450.0,79450.0,528384
2026-05-14 11:17:00+00:00,79463.796875,79466.3671875,79450.75,79450.75,0
2026-05-14 11:18:00+00:00,79494.9765625,79494.9765625,79468.6796875,79468.6796875,0
2026-05-14 11:19:00+00:00,79478.0,79500.0,79475.9921875,79494.9921875,0
2026-05-14 11:20:00+00:00,79492.1484375,79506.0703125,79479.7265625,79479.7265625,0
2026-05-14 11:21:00+00:00,79454.8828125,79493.109375,79454.8828125,79493.109375,0
2026-05-14 11:22:00+00:00,79422.078125,79449.9921875,79417.8125,79449.9921875,0
2026-05-14 11:23:00+00:00,79406.7265625,79422.09375,79406.71875,79422.09375,0
2026-05-14 11:24:00+00:00,79378.546875,79406.7265625,79378.546875,79406.71875,0
2026-05-14 11:25:00+00:00,79350.0,79375.0,79334.828125,79374.9921875,1425408
2026-05-14 11:26:00+00:00,79329.328125,79355.5234375,79329.328125,79351.3828125,0
2026-05-14 11:27:00+00:00,79320.0,79331.0,79319.421875,79319.421875,0
2026-05-14 11:28:00+00:00,79290.140625,79328.078125,79290.140625,79327.96875,0
2026-05-14 11:29:00+00:00,79322.40625,79343.78125,79288.8515625,79288.8515625,3268608
2026-05-14 11:30:00+00:00,79322.7734375,79327.3203125,79309.9921875,79318.2734375,28020736
2026-05-14 11:31:00+00:00,79330.4296875,79334.8203125,79322.3984375,79326.53125,0
2026-05-14 11:32:00+00:00,79272.8515625,79325.0,79270.4765625,79322.40625,10592256
2026-05-14 11:33:00+00:00,79285.15625,79304.9921875,79271.2734375,79278.0,0
2026-05-14 11:34:00+00:00,79260.2578125,79285.4609375,79258.2578125,79285.15625,11726848
2026-05-14 11:35:00+00:00,79252.03125,79285.140625,79252.03125,79270.0,0
2026-05-14 11:36:00+00:00,79302.7734375,79305.828125,79239.6015625,79252.03125,1740800
2026-05-14 11:37:00+00:00,79330.6875,79340.4375,79304.25,79304.25,258048
2026-05-14 11:38:00+00:00,79358.0,79358.0,79333.46875,79333.46875,0
2026-05-14 11:39:00+00:00,79334.828125,79358.0625,79334.828125,79358.0625,98123776
2026-05-14 11:40:00+00:00,79334.828125,79342.4765625,79334.828125,79335.9609375,4702208
2026-05-14 11:41:00+00:00,79309.296875,79332.90625,79309.296875,79332.90625,0
2026-05-14 11:42:00+00:00,79313.2265625,79318.0,79309.3125,79309.3125,0
2026-05-14 11:43:00+00:00,79238.6015625,79289.296875,79238.6015625,79289.2890625,0
2026-05-14 11:44:00+00:00,79250.5703125,79252.0234375,79239.6015625,79245.3984375,0
2026-05-14 11:45:00+00:00,79211.046875,79248.8671875,79211.046875,79239.640625,16384000
2026-05-14 11:46:00+00:00,79208.0078125,79240.0,79208.0078125,79216.0234375,0
2026-05-14 11:47:00+00:00,79205.5703125,79223.0390625,79189.9765625,79208.0078125,0
2026-05-14 11:48:00+00:00,79283.328125,79289.2734375,79210.609375,79210.609375,16302080
2026-05-14 11:49:00+00:00,79262.0,79276.8671875,79252.03125,79276.8671875,0
2026-05-14 11:50:00+00:00,79285.140625,79285.140625,79260.0234375,79260.578125,11317248
2026-05-14 11:51:00+00:00,79238.609375,79274.4296875,79238.609375,79270.109375,0
2026-05-14 11:52:00+00:00,79265.328125,79269.1484375,79246.0078125,79248.3515625,0
2026-05-14 11:53:00+00:00,79269.15625,79279.8828125,79269.15625,79279.8828125,2473984
2026-05-14 11:54:00+00:00,79290.2890625,79290.2890625,79260.203125,79264.4609375,0
2026-05-14 11:55:00+00:00,79283.5625,79297.078125,79277.09375,79296.9921875,57409536
2026-05-14 11:56:00+00:00,79278.34375,79288.640625,79278.34375,79288.640625,1921024
2026-05-14 11:57:00+00:00,79266.03125,79267.2734375,79260.34375,79264.4375,0
2026-05-14 11:58:00+00:00,79265.6171875,79266.03125,79258.84375,79266.03125,0
2026-05-14 11:59:00+00:00,79213.1484375,79268.578125,79213.1484375,79266.0234375,0
2026-05-14 12:00:00+00:00,79203.8984375,79220.6484375,79194.9765625,79198.21875,25575424
2026-05-14 12:01:00+00:00,79267.84375,79274.546875,79206.46875,79206.46875,0
2026-05-14 12:02:00+00:00,79262.8515625,79270.0,79255.09375,79260.7890625,2412544
2026-05-14 12:03:00+00:00,79262.359375,79280.9921875,79258.0,79258.0,0
2026-05-14 12:04:00+00:00,79335.03125,79343.359375,79267.7890625,79267.7890625,5623808
2026-05-14 12:05:00+00:00,79340.6171875,79340.6171875,79318.2734375,79338.46875,0
2026-05-14 12:06:00+00:00,79319.0,79344.15625,79310.640625,79344.15625,19435520
2026-05-14 12:07:00+00:00,79289.2734375,79305.84375,79280.890625,79305.84375,5996544
2026-05-14 12:08:00+00:00,79295.4765625,79301.0,79293.40625,79293.40625,0
2026-05-14 12:09:00+00:00,79304.5234375,79305.84375,79299.7109375,79300.9921875,22564864
2026-05-14 12:10:00+00:00,79348.8984375,79360.3515625,79304.5234375,79304.5234375,0
2026-05-14 12:11:00+00:00,79346.3984375,79373.2109375,79343.109375,79353.46875,0
2026-05-14 12:12:00+00:00,79297.5703125,79339.953125,79297.5703125,79336.0078125,0
2026-05-14 12:13:00+00:00,79324.890625,79342.8671875,79305.828125,79305.84375,0
2026-05-14 12:14:00+00:00,79326.0703125,79328.2734375,79314.1171875,79314.1328125,0
2026-05-14 12:15:00+00:00,79354.2421875,79356.4921875,79334.8125,79334.8125,0
2026-05-14 12:16:00+00:00,79353.7890625,79368.96875,79351.3828125,79354.2421875,5517312
2026-05-14 12:17:00+00:00,79308.953125,79342.25,79301.71875,79342.25,692224
2026-05-14 12:18:00+00:00,79253.59375,79311.390625,79250.546875,79301.9296875,0
2026-05-14 12:19:00+00:00,79256.7578125,79256.9921875,79253.59375,79253.59375,0
2026-05-14 12:20:00+00:00,79318.25,79318.25,79276.8515625,79276.8515625,0
2026-05-14 12:21:00+00:00,79330.4609375,79331.0,79317.21875,79320.9296875,8941568
2026-05-14 12:22:00+00:00,79336.25,79341.25,79314.1171875,79320.59375,0
2026-05-14 12:23:00+00:00,79318.2578125,79336.640625,79318.2578125,79336.640625,0
2026-05-14 12:24:00+00:00,79349.546875,79353.34375,79317.0078125,79318.2734375,0
2026-05-14 12:25:00+00:00,79395.5625,79424.3984375,79361.890625,79361.890625,0
2026-05-14 12:26:00+00:00,79372.1015625,79393.078125,79372.1015625,79384.5,0
2026-05-14 12:27:00+00:00,79405.0,79405.0,79372.09375,79372.09375,27787264
2026-05-14 12:28:00+00:00,79381.7421875,79409.5703125,79376.90625,79405.0078125,917504
2026-05-14 12:29:00+00:00,79386.59375,79397.9921875,79376.40625,79385.0625,794624
2026-05-14 12:30:00+00:00,79376.78125,79392.78125,79374.890625,79384.2265625,0
2026-05-14 12:31:00+00:00,79392.390625,79405.1875,79367.1484375,79381.1171875,0
2026-05-14 12:32:00+00:00,79391.1328125,79419.7578125,79391.1328125,79392.390625,0
2026-05-14 12:33:00+00:00,79427.90625,79427.90625,79389.78125,79389.78125,0
2026-05-14 12:34:00+00:00,79542.0,79542.0,79421.140625,79421.140625,0
2026-05-14 12:35:00+00:00,79600.0078125,79642.5234375,79561.2734375,79561.2734375,0
2026-05-14 12:36:00+00:00,79559.546875,79586.0,79553.1171875,79586.0,0
2026-05-14 12:37:00+00:00,79527.4609375,79538.0078125,79512.0078125,79538.0078125,487424
2026-05-14 12:38:00+00:00,79536.4765625,79566.0078125,79521.453125,79524.703125,12054528
2026-05-14 12:39:00+00:00,79579.9921875,79579.9921875,79540.0078125,79545.5390625,0
2026-05-14 12:40:00+00:00,79581.0078125,79590.0,79556.78125,79586.0078125,0
2026-05-14 12:41:00+00:00,79607.171875,79607.1875,79583.4375,79588.3125,0
2026-05-14 12:42:00+00:00,79583.40625,79608.5078125,79581.6171875,79607.15625,0
2026-05-14 12:43:00+00:00,79586.0,79595.03125,79578.546875,79584.9609375,0
2026-05-14 12:44:00+00:00,79662.2265625,79662.2265625,79587.75,79587.75,0
2026-05-14 12:45:00+00:00,79678.2578125,79678.2578125,79642.09375,79670.4609375,0
2026-05-14 12:46:00+00:00,79699.15625,79699.15625,79662.2421875,79678.25,0
2026-05-14 12:47:00+00:00,79696.453125,79717.7109375,79696.453125,79711.96875,0
2026-05-14 12:48:00+00:00,79705.3515625,79712.140625,79696.78125,79696.78125,0
2026-05-14 12:49:00+00:00,79725.2421875,79725.2421875,79698.0078125,79698.0078125,0
2026-05-14 12:50:00+00:00,79712.0703125,79725.25,79709.28125,79725.25,12001280
2026-05-14 12:51:00+00:00,79699.203125,79729.953125,79699.203125,79712.0703125,0
2026-05-14 12:52:00+00:00,79679.0390625,79705.0,79679.0390625,79699.71875,0
2026-05-14 12:53:00+00:00,79684.0078125,79719.3515625,79679.0390625,79679.0390625,0
2026-05-14 12:54:00+00:00,79703.4375,79724.0234375,79700.046875,79701.0,21561344
2026-05-14 12:55:00+00:00,79719.1796875,79719.1796875,79698.0,79702.140625,4640768
2026-05-14 12:56:00+00:00,79742.8828125,79742.8828125,79719.3828125,79719.3828125,0
2026-05-14 12:57:00+00:00,79751.9296875,79757.96875,79742.859375,79743.171875,0
2026-05-14 12:58:00+00:00,79736.171875,79750.0,79736.15625,79750.0,16793600
2026-05-14 12:59:00+00:00,79744.0,79750.0,79737.109375,79737.640625,0
2026-05-14 13:00:00+00:00,79700.6015625,79742.609375,79699.2109375,79742.609375,108265472
2026-05-14 13:01:00+00:00,79748.140625,79748.140625,79695.8515625,79699.75,0
2026-05-14 13:02:00+00:00,79757.9765625,79763.9921875,79730.078125,79752.171875,0
2026-05-14 13:03:00+00:00,79758.453125,79793.6796875,79756.0078125,79786.7578125,0
2026-05-14 13:04:00+00:00,79822.3203125,79824.6484375,79753.421875,79760.0390625,0
2026-05-14 13:05:00+00:00,79856.09375,79858.28125,79810.0,79818.328125,648343552
2026-05-14 13:06:00+00:00,79828.796875,79857.15625,79826.890625,79857.15625,0
2026-05-14 13:07:00+00:00,79783.2109375,79817.8203125,79783.2109375,79817.8203125,3129344
2026-05-14 13:08:00+00:00,79836.3671875,79836.3671875,79763.046875,79766.96875,0
2026-05-14 13:09:00+00:00,79789.90625,79831.9765625,79779.8828125,79830.453125,0
2026-05-14 13:10:00+00:00,79776.4609375,79777.9921875,79758.1796875,79767.9921875,0
2026-05-14 13:11:00+00:00,79853.7578125,79853.7578125,79771.5,79771.5,0
2026-05-14 13:12:00+00:00,79853.8203125,79856.5625,79826.8828125,79850.296875,57348096
2026-05-14 13:13:00+00:00,79850.3984375,79860.71875,79836.9765625,79853.8203125,0
2026-05-14 13:14:00+00:00,79857.1015625,79864.6796875,79824.890625,79854.2734375,5173248
2026-05-14 13:15:00+00:00,79947.9921875,79947.9921875,79852.0078125,79852.0078125,56975360
2026-05-14 13:16:00+00:00,79904.1484375,79934.40625,79879.953125,79934.40625,0
2026-05-14 13:17:00+00:00,79833.9765625,79890.71875,79830.2421875,79890.71875,3289088
2026-05-14 13:18:00+00:00,79752.9765625,79835.0234375,79752.9765625,79835.0234375,23207936
2026-05-14 13:19:00+00:00,79764.9296875,79766.2890625,79750.0,79750.0,0
2026-05-14 13:20:00+00:00,79800.0,79800.0,79739.9921875,79750.0,0
2026-05-14 13:21:00+00:00,79869.0,79869.0,79816.609375,79816.609375,0
2026-05-14 13:22:00+00:00,79988.4375,79999.3203125,79890.703125,79893.0703125,22994944
2026-05-14 13:23:00+00:00,79951.953125,80025.1171875,79951.953125,80025.1171875,3244032
2026-05-14 13:24:00+00:00,79989.46875,80026.0,79949.09375,79958.859375,0
2026-05-14 13:25:00+00:00,79931.9921875,79955.3828125,79921.890625,79940.09375,86867968
2026-05-14 13:26:00+00:00,79887.1328125,79914.2421875,79882.0234375,79914.2421875,34775040
2026-05-14 13:27:00+00:00,79891.953125,79899.8984375,79878.9921875,79884.6796875,44597248
2026-05-14 13:28:00+00:00,79915.9296875,79915.9296875,79864.4921875,79886.0078125,5283840
2026-05-14 13:29:00+00:00,79913.59375,79930.8984375,79894.0703125,79894.0703125,0
2026-05-14 13:30:00+00:00,79897.4375,79922.0,79880.640625,79903.9921875,0
2026-05-14 13:31:00+00:00,79931.046875,79944.421875,79860.4765625,79860.4765625,3194880
2026-05-14 13:32:00+00:00,79914.2421875,79940.9921875,79900.796875,79940.9921875,10264576
2026-05-14 13:33:00+00:00,79906.3203125,79906.3203125,79809.8984375,79899.9765625,0
2026-05-14 13:34:00+00:00,79867.1875,79904.2265625,79859.421875,79904.2265625,0
2026-05-14 13:35:00+00:00,79732.0,79877.2734375,79732.0,79869.71875,4829184
2026-05-14 13:36:00+00:00,79719.171875,79720.9921875,79672.3203125,79702.5625,674201600
2026-05-14 13:37:00+00:00,79779.1015625,79782.9609375,79711.1875,79711.1875,3395584
2026-05-14 13:38:00+00:00,79854.3125,79877.28125,79786.546875,79786.546875,3813376
2026-05-14 13:39:00+00:00,79831.609375,79857.2265625,79803.359375,79851.0078125,0
2026-05-14 13:40:00+00:00,79731.7265625,79833.609375,79724.453125,79833.59375,0
2026-05-14 13:41:00+00:00,79759.3203125,79799.7109375,79739.53125,79769.2265625,10399744
2026-05-14 13:42:00+00:00,79732.109375,79755.9921875,79715.078125,79755.9921875,25489408
2026-05-14 13:43:00+00:00,79798.96875,79820.1484375,79773.90625,79779.828125,0
2026-05-14 13:44:00+00:00,79830.53125,79830.53125,79769.7734375,79791.78125,0
2026-05-14 13:45:00+00:00,79873.15625,79923.9921875,79816.9765625,79824.640625,0
2026-05-14 13:46:00+00:00,79855.1484375,79913.9921875,79840.328125,79886.0,0
2026-05-14 13:47:00+00:00,79923.6875,79923.6875,79850.671875,79857.9921875,1441792
2026-05-14 13:48:00+00:00,79907.6171875,79914.2421875,79865.9921875,79904.15625,49336320
2026-05-14 13:49:00+00:00,79974.71875,79981.4375,79900.796875,79910.8984375,0
2026-05-14 13:50:00+00:00,79921.5390625,80015.03125,79913.03125,80000.0,0
2026-05-14 13:51:00+00:00,79959.671875,79974.71875,79918.0078125,79919.59375,0
2026-05-14 13:52:00+00:00,79924.390625,79963.5390625,79895.0,79895.0,0
2026-05-14 13:53:00+00:00,79898.3828125,79914.296875,79866.0,79908.328125,0
2026-05-14 13:54:00+00:00,79926.453125,79926.453125,79894.09375,79923.6015625,0
2026-05-14 13:55:00+00:00,79922.6171875,79935.25,79896.0,79904.34375,0
2026-05-14 13:56:00+00:00,79930.0390625,79971.359375,79927.6796875,79944.0078125,0
2026-05-14 13:57:00+00:00,79843.34375,79937.6484375,79833.59375,79934.390625,0
2026-05-14 13:58:00+00:00,79850.0,79867.1875,79843.6796875,79847.9921875,0
2026-05-14 13:59:00+00:00,79679.9921875,79836.9609375,79655.640625,79836.9609375,0
2026-05-14 14:00:00+00:00,79744.59375,79744.59375,79619.9921875,79652.453125,0
2026-05-14 14:01:00+00:00,79796.8828125,79796.8828125,79748.0,79748.0,0
2026-05-14 14:02:00+00:00,79790.0078125,79812.4609375,79777.84375,79809.3125,0
2026-05-14 14:03:00+00:00,79786.546875,79789.90625,79726.578125,79777.84375,292618240
2026-05-14 14:04:00+00:00,79774.65625,79794.0234375,79759.6796875,79792.0234375,0
2026-05-14 14:05:00+00:00,79709.2890625,79766.40625,79687.3984375,79766.3984375,4456448
2026-05-14 14:06:00+00:00,79564.8203125,79713.171875,79564.8203125,79713.171875,0
2026-05-14 14:07:00+00:00,79559.3984375,79631.96875,79542.3671875,79570.0,0
2026-05-14 14:08:00+00:00,79666.3984375,79666.3984375,79554.703125,79554.703125,0
2026-05-14 14:09:00+00:00,79750.0,79754.5625,79692.4765625,79697.0,0
2026-05-14 14:10:00+00:00,79773.1328125,79803.8984375,79765.0390625,79774.796875,11255808
2026-05-14 14:11:00+00:00,79829.09375,79830.2265625,79760.0234375,79783.1875,0
2026-05-14 14:12:00+00:00,79872.359375,79872.359375,79815.609375,79822.7265625,4112384
2026-05-14 14:13:00+00:00,79957.5078125,79957.75,79880.0234375,79903.6015625,24395776
2026-05-14 14:14:00+00:00,79946.0078125,79949.7578125,79930.671875,79941.0390625,0
2026-05-14 14:15:00+00:00,80019.59375,80019.59375,79931.59375,79931.59375,75472896
2026-05-14 14:16:00+00:00,80004.953125,80025.1171875,79984.8125,80025.1171875,0
2026-05-14 14:17:00+00:00,80017.96875,80017.96875,79994.0,80011.671875,0
2026-05-14 14:18:00+00:00,80100.0703125,80138.546875,80028.0,80028.0,0
2026-05-14 14:19:00+00:00,80219.9921875,80219.9921875,80154.0,80154.0,11972608
2026-05-14 14:20:00+00:00,80168.7265625,80223.9765625,80168.7265625,80203.59375,0
2026-05-14 14:21:00+00:00,80209.90625,80209.90625,80128.0234375,80165.46875,84332544
2026-05-14 14:22:00+00:00,80212.7578125,80216.8515625,80156.15625,80206.546875,0
2026-05-14 14:23:00+00:00,80206.0,80218.0,80193.2109375,80203.203125,9424896
2026-05-14 14:24:00+00:00,80176.9375,80209.890625,80176.9375,80209.890625,0
2026-05-14 14:25:00+00:00,80202.9921875,80206.421875,80162.90625,80196.4765625,13672448
2026-05-14 14:26:00+00:00,80092.5703125,80176.0,80078.8671875,80173.546875,0
2026-05-14 14:27:00+00:00,80068.4375,80114.5390625,80058.71875,80109.1171875,1708032
2026-05-14 14:28:00+00:00,80094.0,80094.0,80052.1796875,80052.1796875,134385664
2026-05-14 14:29:00+00:00,80109.3984375,80134.3828125,80071.8671875,80095.6796875,657039360
2026-05-14 14:30:00+00:00,80077.7734375,80141.3515625,80077.5234375,80141.3515625,0
2026-05-14 14:31:00+00:00,80113.078125,80130.5,80068.796875,80068.796875,253952
2026-05-14 14:32:00+00:00,80089.203125,80112.8125,80088.34375,80112.8125,1101824
2026-05-14 14:33:00+00:00,80071.296875,80110.296875,80066.28125,80092.96875,0
2026-05-14 14:34:00+00:00,80098.9765625,80122.0078125,80075.109375,80075.109375,163098624
2026-05-14 14:35:00+00:00,80094.9296875,80109.2265625,80068.8125,80109.0703125,0
2026-05-14 14:36:00+00:00,80187.171875,80196.0625,80103.0,80104.078125,0
2026-05-14 14:37:00+00:00,80233.0390625,80247.328125,80200.0,80200.0,0
2026-05-14 14:38:00+00:00,80253.59375,80253.59375,80206.2421875,80231.53125,0
2026-05-14 14:39:00+00:00,80230.09375,80260.3515625,80230.09375,80253.59375,0
2026-05-14 14:40:00+00:00,80344.1484375,80344.1484375,80246.546875,80246.546875,3112960
2026-05-14 14:41:00+00:00,80292.03125,80364.46875,80292.03125,80364.46875,12554240
2026-05-14 14:42:00+00:00,80327.53125,80356.9609375,80320.0078125,80320.0078125,21188608
2026-05-14 14:43:00+00:00,80314.9296875,80327.5234375,80304.0,80327.5234375,0
2026-05-14 14:44:00+00:00,80326.0,80326.0,80298.3828125,80314.9296875,28364800
2026-05-14 14:45:00+00:00,80394.921875,80394.921875,80357.75,80357.75,0
2026-05-14 14:46:00+00:00,80437.859375,80450.0,80384.6484375,80399.9921875,5578752
2026-05-14 14:47:00+00:00,80469.0078125,80486.078125,80446.6328125,80454.0078125,6160384
2026-05-14 14:48:00+00:00,80600.578125,80621.4921875,80481.1171875,80481.1171875,0
2026-05-14 14:49:00+00:00,80673.6015625,80700.4765625,80651.609375,80668.4609375,516239360
2026-05-14 14:50:00+00:00,80787.9921875,80787.9921875,80689.453125,80689.453125,7516160
2026-05-14 14:51:00+00:00,80773.296875,80787.9765625,80713.9296875,80784.0078125,391127040
2026-05-14 14:52:00+00:00,80783.9765625,80804.0390625,80743.9921875,80804.0390625,0
2026-05-14 14:53:00+00:00,80793.578125,80820.7265625,80757.5625,80757.5625,8368128
2026-05-14 14:54:00+00:00,80833.359375,80852.0,80800.0390625,80814.71875,0
2026-05-14 14:55:00+00:00,80920.2578125,80921.2734375,80863.9296875,80863.9296875,200925184
2026-05-14 14:56:00+00:00,80898.640625,80918.28125,80855.0390625,80918.28125,27951104
2026-05-14 14:57:00+00:00,80953.2734375,80978.453125,80924.96875,80925.6015625,380481536
2026-05-14 14:58:00+00:00,80932.3671875,80948.0703125,80886.2109375,80948.0703125,10063872
2026-05-14 14:59:00+00:00,80949.109375,80969.28125,80903.4921875,80930.25,0
2026-05-14 15:00:00+00:00,81070.078125,81123.8671875,80954.078125,80954.078125,15568896
2026-05-14 15:01:00+00:00,81103.0078125,81131.6328125,81081.453125,81096.953125,0
2026-05-14 15:02:00+00:00,81028.59375,81122.0625,81003.9296875,81105.96875,0
2026-05-14 15:03:00+00:00,80986.5625,81030.0078125,80970.0,81007.40625,0
2026-05-14 15:04:00+00:00,81028.5,81028.5,80986.59375,80999.5234375,0
2026-05-14 15:05:00+00:00,80998.6328125,81058.859375,80998.6328125,81030.0,0
2026-05-14 15:06:00+00:00,80951.5,81017.4375,80916.0078125,81006.2578125,498896896
2026-05-14 15:07:00+00:00,80834.8671875,80956.03125,80807.109375,80954.453125,0
2026-05-14 15:08:00+00:00,80888.9375,80922.0078125,80841.359375,80844.9375,12013568
2026-05-14 15:09:00+00:00,80878.0,80912.8671875,80839.9921875,80897.34375,172359680
2026-05-14 15:10:00+00:00,80913.9765625,80956.296875,80885.2578125,80885.2578125,0
2026-05-14 15:11:00+00:00,80898.96875,80931.3203125,80876.9921875,80926.3203125,20553728
2026-05-14 15:12:00+00:00,80915.53125,80944.0078125,80911.171875,80911.171875,888303616
2026-05-14 15:13:00+00:00,80914.453125,80934.65625,80884.59375,80922.2734375,0
2026-05-14 15:14:00+00:00,80976.59375,80977.1875,80928.3515625,80928.3515625,5705728
2026-05-14 15:15:00+00:00,80962.546875,80977.9609375,80945.7109375,80977.8203125,0
2026-05-14 15:16:00+00:00,80912.328125,80952.09375,80912.328125,80930.6171875,106475520
2026-05-14 15:17:00+00:00,80902.828125,80918.8828125,80889.078125,80901.9765625,0
2026-05-14 15:18:00+00:00,80912.15625,80946.609375,80908.796875,80910.078125,41725952
2026-05-14 15:19:00+00:00,81001.640625,81001.640625,80912.28125,80912.28125,0
2026-05-14 15:20:00+00:00,81074.0390625,81123.2109375,81002.8515625,81002.8515625,0
2026-05-14 15:21:00+00:00,81060.859375,81117.09375,81038.453125,81117.09375,53153792
2026-05-14 15:22:00+00:00,80976.0,81067.5390625,80976.0,81059.328125,0
2026-05-14 15:23:00+00:00,81004.6484375,81009.6015625,80928.9609375,80979.890625,7032832
2026-05-14 15:24:00+00:00,81029.7578125,81047.9765625,81018.109375,81018.109375,0
2026-05-14 15:25:00+00:00,80999.5234375,81031.9296875,80999.5234375,81030.7734375,0
2026-05-14 15:26:00+00:00,80991.9921875,81000.1015625,80990.828125,80991.046875,0
2026-05-14 15:27:00+00:00,81002.5625,81036.4765625,80986.09375,80986.09375,150876160
2026-05-14 15:28:00+00:00,81013.640625,81013.640625,80968.0078125,81009.578125,7950336
2026-05-14 15:29:00+00:00,80994.0,81010.0,80973.8984375,81010.0,0
2026-05-14 15:30:00+00:00,81060.0,81078.0,80988.0234375,80988.0234375,701669376
2026-05-14 15:31:00+00:00,81024.0390625,81056.1171875,81021.9765625,81055.9921875,0
2026-05-14 15:32:00+00:00,81004.4296875,81025.75,80982.9375,81015.578125,66113536
2026-05-14 15:33:00+00:00,80952.7578125,81020.8515625,80950.0,81020.8515625,0
2026-05-14 15:34:00+00:00,80932.6796875,80943.203125,80885.28125,80943.203125,159744
2026-05-14 15:35:00+00:00,80931.609375,80936.0625,80912.859375,80912.859375,0
2026-05-14 15:36:00+00:00,80932.4609375,80949.1171875,80928.9609375,80949.1171875,0
2026-05-14 15:37:00+00:00,80878.5625,80937.671875,80878.5625,80932.0,0
2026-05-14 15:38:00+00:00,80841.6015625,80900.0,80837.2890625,80897.2734375,15982592
2026-05-14 15:39:00+00:00,80850.96875,80858.9921875,80810.90625,80841.6015625,0
2026-05-14 15:40:00+00:00,80922.4765625,80922.4765625,80877.9765625,80877.9765625,0
2026-05-14 15:41:00+00:00,80937.4765625,80948.96875,80916.8828125,80936.203125,0
2026-05-14 15:42:00+00:00,80975.171875,80975.171875,80923.6015625,80937.4609375,0
2026-05-14 15:43:00+00:00,80998.0078125,81012.2421875,80976.0,80976.0,2072576
2026-05-14 15:44:00+00:00,81020.1328125,81020.1328125,80976.0234375,81003.046875,0
2026-05-14 15:45:00+00:00,81022.4765625,81040.0,80999.921875,80999.921875,136540160
2026-05-14 15:46:00+00:00,81058.7734375,81058.7734375,81022.2421875,81034.0,0
2026-05-14 15:47:00+00:00,81068.0234375,81070.078125,81030.03125,81065.3203125,0
2026-05-14 15:48:00+00:00,81050.0078125,81070.9375,81044.78125,81066.40625,23625728
2026-05-14 15:49:00+00:00,81055.9921875,81063.1015625,81029.7578125,81060.0234375,0
2026-05-14 15:50:00+00:00,81153.1171875,81159.828125,81065.2734375,81095.0,2854912
2026-05-14 15:51:00+00:00,81155.9609375,81170.0,81135.2265625,81158.0,0
2026-05-14 15:52:00+00:00,81260.6015625,81260.6015625,81166.1015625,81166.1015625,0
2026-05-14 15:53:00+00:00,81289.390625,81289.390625,81258.2578125,81260.921875,12300288
2026-05-14 15:54:00+00:00,81292.7734375,81307.6796875,81292.7734375,81293.9296875,0
2026-05-14 15:55:00+00:00,81301.078125,81319.71875,81301.078125,81304.1484375,14266368
2026-05-14 15:56:00+00:00,81290.0078125,81311.1484375,81286.0703125,81287.0234375,4333568
2026-05-14 15:57:00+00:00,81316.3203125,81319.9921875,81290.0,81290.0,0
2026-05-14 15:58:00+00:00,81324.03125,81335.578125,81300.0078125,81323.0390625,94785536
2026-05-14 15:59:00+00:00,81304.03125,81330.65625,81285.8671875,81330.65625,103280640
2026-05-14 16:00:00+00:00,81498.9921875,81500.6796875,81328.796875,81328.796875,0
2026-05-14 16:01:00+00:00,81376.2578125,81496.1328125,81351.0234375,81494.46875,0
2026-05-14 16:02:00+00:00,81346.0078125,81383.359375,81334.421875,81376.2734375,0
2026-05-14 16:03:00+00:00,81360.0078125,81360.0078125,81334.0078125,81342.0078125,0
2026-05-14 16:04:00+00:00,81338.1875,81359.921875,81328.0,81356.359375,11669504
2026-05-14 16:05:00+00:00,81460.0078125,81460.0078125,81343.25,81343.25,5029888
2026-05-14 16:06:00+00:00,81386.0078125,81443.203125,81380.0078125,81440.0,0
2026-05-14 16:07:00+00:00,81462.859375,81466.0703125,81393.5390625,81393.5390625,6344704
2026-05-14 16:08:00+00:00,81454.0078125,81457.109375,81426.0078125,81449.5703125,0
2026-05-14 16:09:00+00:00,81485.578125,81490.796875,81453.8984375,81465.7890625,0
2026-05-14 16:10:00+00:00,81522.0,81531.65625,81486.40625,81486.40625,4399104
2026-05-14 16:11:00+00:00,81536.0078125,81539.0625,81478.3671875,81539.0625,2170880
2026-05-14 16:12:00+00:00,81531.0390625,81591.671875,81484.0703125,81569.2734375,102612992
2026-05-14 16:13:00+00:00,81542.1796875,81548.0,81513.140625,81526.0,0
2026-05-14 16:14:00+00:00,81545.0,81550.1328125,81496.9921875,81513.0078125,0
2026-05-14 16:15:00+00:00,81536.34375,81539.9375,81535.7890625,81536.9296875,0
2026-05-14 16:16:00+00:00,81447.8984375,81538.1875,81447.8984375,81510.0390625,7421952
2026-05-14 16:17:00+00:00,81457.7265625,81467.0,81411.109375,81439.9921875,0
2026-05-14 16:18:00+00:00,81490.4609375,81490.4609375,81474.53125,81474.53125,0
2026-05-14 16:19:00+00:00,81465.15625,81492.9921875,81436.1328125,81482.359375,871059456
2026-05-14 16:20:00+00:00,81447.9921875,81512.890625,81447.9921875,81472.046875,75624448
2026-05-14 16:21:00+00:00,81509.2109375,81513.78125,81443.203125,81443.203125,0
2026-05-14 16:22:00+00:00,81498.7109375,81508.4375,81476.3984375,81500.0,10686464
2026-05-14 16:23:00+00:00,81488.9765625,81557.9765625,81488.9765625,81512.0078125,15503360
2026-05-14 16:24:00+00:00,81496.078125,81496.078125,81474.09375,81488.7890625,0
2026-05-14 16:25:00+00:00,81546.7578125,81548.8984375,81466.2421875,81471.25,163098624
2026-05-14 16:26:00+00:00,81548.6171875,81582.828125,81534.328125,81573.078125,6025216
2026-05-14 16:27:00+00:00,81556.9375,81558.546875,81488.7578125,81525.6015625,34414592
2026-05-14 16:28:00+00:00,81598.21875,81598.21875,81538.328125,81552.7109375,6914048
2026-05-14 16:29:00+00:00,81550.171875,81613.90625,81544.140625,81606.9296875,0
2026-05-14 16:30:00+00:00,81577.3125,81598.0,81570.0703125,81572.0,164208640
2026-05-14 16:31:00+00:00,81545.1796875,81608.03125,81545.1796875,81589.1875,0
2026-05-14 16:32:00+00:00,81545.8671875,81548.890625,81515.328125,81541.953125,39198720
2026-05-14 16:33:00+00:00,81506.0234375,81560.0,81480.75,81560.0,211021824
2026-05-14 16:34:00+00:00,81466.1875,81503.7265625,81453.28125,81502.9765625,0
2026-05-14 16:35:00+00:00,81485.3828125,81496.0,81455.140625,81455.1484375,3051520
2026-05-14 16:36:00+00:00,81415.9765625,81472.3671875,81400.0078125,81468.0234375,0
2026-05-14 16:37:00+00:00,81386.0,81409.328125,81358.421875,81409.328125,61063168
2026-05-14 16:38:00+00:00,81454.9765625,81454.9765625,81399.1875,81404.9765625,0
2026-05-14 16:39:00+00:00,81467.140625,81478.0234375,81450.6015625,81476.2734375,0
2026-05-14 16:40:00+00:00,81556.0703125,81563.0703125,81483.9609375,81483.9609375,98918400
2026-05-14 16:41:00+00:00,81584.5078125,81584.5078125,81538.328125,81559.5,0
2026-05-14 16:42:00+00:00,81643.9921875,81643.9921875,81544.140625,81584.5234375,88317952
2026-05-14 16:43:00+00:00,81581.53125,81655.953125,81576.0,81648.59375,6959104
2026-05-14 16:44:00+00:00,81526.0,81572.96875,81520.421875,81572.96875,5709824
2026-05-14 16:45:00+00:00,81466.5234375,81553.9921875,81438.0,81528.0,0
2026-05-14 16:46:00+00:00,81458.9921875,81458.9921875,81415.9921875,81442.6796875,112992256
2026-05-14 16:47:00+00:00,81485.9921875,81496.078125,81452.9609375,81476.3828125,259874816
2026-05-14 16:48:00+00:00,81450.1796875,81485.9921875,81442.3515625,81485.9921875,0
2026-05-14 16:49:00+00:00,81399.0,81453.359375,81399.0,81447.0390625,8654848
2026-05-14 16:50:00+00:00,81368.0390625,81437.9609375,81368.0390625,81387.703125,0
2026-05-14 16:51:00+00:00,81297.9921875,81374.5,81297.9921875,81374.5,89112576
2026-05-14 16:52:00+00:00,81173.9765625,81274.8984375,81166.84375,81271.90625,3416064
2026-05-14 16:53:00+00:00,81103.609375,81180.7265625,81088.390625,81146.6484375,3633152
2026-05-14 16:54:00+00:00,81189.9921875,81189.9921875,81115.203125,81115.203125,0
2026-05-14 16:55:00+00:00,81286.671875,81286.671875,81197.75,81197.75,0
2026-05-14 16:56:00+00:00,81312.8984375,81322.0,81258.0,81274.0,0
2026-05-14 16:57:00+00:00,81466.0234375,81466.0234375,81321.15625,81321.15625,0
2026-05-14 16:58:00+00:00,81623.9375,81623.9375,81459.5625,81459.5625,349851648
2026-05-14 16:59:00+00:00,81890.34375,81890.34375,81710.9921875,81731.4375,10838016
2026-05-14 17:00:00+00:00,81835.0,81877.2265625,81813.7578125,81877.2265625,23511040
2026-05-14 17:01:00+00:00,81881.6484375,81881.6484375,81782.2578125,81858.078125,0
2026-05-14 17:02:00+00:00,81953.09375,81963.5234375,81866.96875,81866.96875,61329408
2026-05-14 17:03:00+00:00,82005.828125,82005.828125,81940.8125,81949.40625,0
2026-05-14 17:04:00+00:00,82028.0,82033.671875,81994.0,82024.0625,0
2026-05-14 17:05:00+00:00,82054.3125,82054.3125,82010.5390625,82030.6171875,28516352
2026-05-14 17:06:00+00:00,82030.546875,82052.0,81984.0078125,82052.0,0
2026-05-14 17:07:00+00:00,81954.640625,82043.9921875,81904.0,82043.9921875,532717568
2026-05-14 17:08:00+00:00,81965.2421875,81993.9921875,81949.9765625,81974.921875,12705792
2026-05-14 17:09:00+00:00,81969.0,82033.609375,81963.921875,81994.0,350953472
2026-05-14 17:10:00+00:00,81996.296875,81997.359375,81916.0,81949.0234375,24748032
2026-05-14 17:11:00+00:00,82010.2109375,82018.03125,81971.8984375,82003.2734375,0
2026-05-14 17:12:00+00:00,81943.5625,82013.203125,81943.5625,82013.203125,289337344
2026-05-14 17:13:00+00:00,81866.0390625,81922.0,81866.0390625,81908.15625,7815168
2026-05-14 17:14:00+00:00,81735.65625,81837.6015625,81734.3984375,81837.6015625,11988992
2026-05-14 17:15:00+00:00,81618.0390625,81725.8828125,81618.0390625,81713.7578125,213598208
2026-05-14 17:16:00+00:00,81541.9765625,81656.0,81541.9765625,81618.203125,0
2026-05-14 17:17:00+00:00,81586.703125,81612.0,81512.703125,81537.671875,9678848
2026-05-14 17:18:00+00:00,81480.90625,81616.3515625,81480.90625,81610.5390625,29818880
2026-05-14 17:19:00+00:00,81425.65625,81497.609375,81425.65625,81469.9921875,8183808
2026-05-14 17:20:00+00:00,81508.0390625,81508.0390625,81402.0703125,81414.21875,0
2026-05-14 17:21:00+00:00,81328.78125,81516.1015625,81328.78125,81510.6171875,44437504
2026-05-14 17:22:00+00:00,81449.96875,81449.96875,81294.5703125,81294.5703125,0
2026-05-14 17:23:00+00:00,81437.953125,81477.8671875,81394.46875,81445.46875,113745920
2026-05-14 17:24:00+00:00,81450.6015625,81477.703125,81404.15625,81404.15625,0
2026-05-14 17:25:00+00:00,81428.1328125,81451.0390625,81340.0078125,81451.0390625,40067072
2026-05-14 17:26:00+00:00,81447.9765625,81460.859375,81406.2109375,81460.859375,5754880
2026-05-14 17:27:00+00:00,81467.53125,81496.0234375,81454.7109375,81454.7109375,0
2026-05-14 17:28:00+00:00,81498.5703125,81499.03125,81457.15625,81481.5625,252628992
2026-05-14 17:29:00+00:00,81484.25,81486.71875,81440.40625,81473.7421875,29196288
2026-05-14 17:30:00+00:00,81512.5078125,81512.5078125,81451.4375,81474.0,92000256
2026-05-14 17:31:00+00:00,81529.2421875,81587.4921875,81524.7265625,81524.7265625,6520832
2026-05-14 17:32:00+00:00,81456.28125,81539.9921875,81453.96875,81539.9921875,0
2026-05-14 17:33:00+00:00,81474.109375,81521.03125,81474.109375,81478.671875,139108352
2026-05-14 17:34:00+00:00,81587.09375,81587.09375,81476.4375,81489.0625,9854976
2026-05-14 17:35:00+00:00,81717.453125,81720.953125,81587.0,81599.2265625,8220672
2026-05-14 17:36:00+00:00,81655.8671875,81709.1484375,81642.15625,81709.1484375,58470400
2026-05-14 17:37:00+00:00,81595.1171875,81643.9921875,81595.1171875,81632.1796875,0
2026-05-14 17:38:00+00:00,81612.1328125,81612.1328125,81569.28125,81599.0234375,0
2026-05-14 17:39:00+00:00,81594.0078125,81631.1875,81582.4296875,81631.1875,51900416
2026-05-14 17:40:00+00:00,81562.828125,81579.6015625,81553.796875,81579.6015625,2203648
2026-05-14 17:41:00+00:00,81575.9765625,81577.9375,81526.0234375,81558.96875,3248128
2026-05-14 17:42:00+00:00,81641.0,81641.0,81584.75,81584.75,34578432
2026-05-14 17:43:00+00:00,81665.21875,81697.7265625,81649.21875,81649.21875,0
2026-05-14 17:44:00+00:00,81657.0,81660.0,81634.0,81660.0,5324800
2026-05-14 17:45:00+00:00,81661.0,81699.75,81656.9921875,81656.9921875,24903680
2026-05-14 17:46:00+00:00,81734.2109375,81734.2109375,81661.0,81661.0078125,0
2026-05-14 17:47:00+00:00,81745.9609375,81748.0,81727.0,81734.0078125,0
2026-05-14 17:48:00+00:00,81789.9921875,81789.9921875,81755.0625,81789.0390625,0
2026-05-14 17:49:00+00:00,81772.8203125,81806.609375,81772.8125,81786.2109375,176152576
2026-05-14 17:50:00+00:00,81759.0,81777.1328125,81755.046875,81770.0234375,55009280
2026-05-14 17:51:00+00:00,81756.0,81770.5234375,81738.0,81756.1015625,0
2026-05-14 17:52:00+00:00,81705.4921875,81780.203125,81705.4921875,81744.71875,4837376
2026-05-14 17:53:00+00:00,81697.9921875,81724.0703125,81685.4296875,81705.4921875,0
2026-05-14 17:54:00+00:00,81756.0234375,81756.0234375,81691.4609375,81694.9765625,26562560
2026-05-14 17:55:00+00:00,81755.046875,81777.9921875,81755.046875,81760.203125,9793536
2026-05-14 17:56:00+00:00,81765.3984375,81780.828125,81756.0,81766.140625,0
2026-05-14 17:57:00+00:00,81734.0078125,81769.5703125,81734.0078125,81750.7890625,59547648
2026-05-14 17:58:00+00:00,81732.5703125,81736.53125,81718.921875,81721.3203125,0
2026-05-14 17:59:00+00:00,81683.8828125,81744.0,81674.21875,81744.0,0
2026-05-14 18:00:00+00:00,81590.5234375,81691.8671875,81590.5234375,81684.171875,28889088
2026-05-14 18:01:00+00:00,81517.6875,81579.3203125,81515.453125,81569.5390625,0
2026-05-14 18:02:00+00:00,81555.8125,81564.7265625,81515.4609375,81528.71875,0
2026-05-14 18:03:00+00:00,81515.6015625,81558.0078125,81500.4375,81558.0078125,0
2026-05-14 18:04:00+00:00,81495.7265625,81529.0390625,81488.109375,81527.8125,0
2026-05-14 18:05:00+00:00,81526.859375,81531.4296875,81487.03125,81525.96875,13348864
2026-05-14 18:06:00+00:00,81592.6796875,81592.6796875,81520.8125,81523.5078125,70189056
2026-05-14 18:07:00+00:00,81629.7578125,81629.7578125,81590.9609375,81590.96875,2510848
2026-05-14 18:08:00+00:00,81712.5625,81712.5625,81623.109375,81623.5,0
2026-05-14 18:09:00+00:00,81753.71875,81754.453125,81724.0078125,81724.0078125,0
2026-05-14 18:10:00+00:00,81825.0,81825.0,81753.71875,81753.71875,0
2026-05-14 18:11:00+00:00,81859.7109375,81859.7109375,81830.15625,81830.1875,0
2026-05-14 18:12:00+00:00,81847.90625,81859.7109375,81812.15625,81859.7109375,0
2026-05-14 18:13:00+00:00,81861.9765625,81861.9765625,81850.0078125,81850.0078125,2977792
2026-05-14 18:14:00+00:00,81872.21875,81874.0234375,81856.0,81856.0078125,10801152
2026-05-14 18:15:00+00:00,81822.1171875,81880.7265625,81822.1171875,81867.0703125,0
2026-05-14 18:16:00+00:00,81788.0078125,81852.421875,81788.0078125,81842.3984375,75313152
2026-05-14 18:17:00+00:00,81823.703125,81823.703125,81761.1015625,81764.0078125,9129984
2026-05-14 18:18:00+00:00,81836.7890625,81843.6875,81817.7421875,81817.7421875,145166336
2026-05-14 18:19:00+00:00,81894.359375,81902.0,81844.0078125,81844.0078125,3915776
2026-05-14 18:20:00+00:00,81905.7421875,81909.7734375,81880.3203125,81880.3203125,0
2026-05-14 18:21:00+00:00,81888.03125,81931.6796875,81887.6015625,81907.1484375,82333696
2026-05-14 18:22:00+00:00,81925.28125,81925.28125,81895.296875,81895.9921875,0
2026-05-14 18:23:00+00:00,81901.90625,81926.7578125,81874.0,81926.7578125,0
2026-05-14 18:24:00+00:00,81965.828125,81965.828125,81916.0625,81916.0625,0
2026-05-14 18:25:00+00:00,81910.2578125,81994.9765625,81910.2578125,81965.828125,0
2026-05-14 18:26:00+00:00,81930.96875,81930.96875,81908.8671875,81908.90625,0
2026-05-14 18:27:00+00:00,81915.328125,81939.9921875,81915.3203125,81930.9765625,35909632
2026-05-14 18:28:00+00:00,81918.7734375,81940.796875,81915.78125,81915.78125,23760896
2026-05-14 18:29:00+00:00,81890.4296875,81929.53125,81884.171875,81918.78125,33091584
2026-05-14 18:30:00+00:00,81880.0,81884.6796875,81845.96875,81884.671875,0
2026-05-14 18:31:00+00:00,81847.75,81897.0,81840.2109375,81874.0,205443072
2026-05-14 18:32:00+00:00,81819.09375,81860.4375,81819.09375,81860.4375,1437696
2026-05-14 18:33:00+00:00,81800.0,81824.109375,81786.0078125,81824.109375,0
2026-05-14 18:34:00+00:00,81554.1796875,81605.6484375,81554.1796875,81593.171875,2555904
2026-05-14 18:35:00+00:00,81587.7265625,81607.9609375,81567.7265625,81582.2890625,102400
2026-05-14 18:36:00+00:00,81563.84375,81592.0,81563.84375,81592.0,0
2026-05-14 18:37:00+00:00,81598.6796875,81598.6796875,81537.0,81561.203125,0
2026-05-14 18:38:00+00:00,81572.140625,81605.390625,81568.640625,81601.4921875,34607104
2026-05-14 18:39:00+00:00,81600.2421875,81618.0,81562.203125,81574.046875,31207424
2026-05-14 18:40:00+00:00,81527.7265625,81596.359375,81522.859375,81596.359375,0
2026-05-14 18:41:00+00:00,81502.203125,81533.15625,81502.203125,81528.3671875,0
2026-05-14 18:42:00+00:00,81558.1015625,81564.1171875,81517.9765625,81521.84375,9142272
2026-05-14 18:43:00+00:00,81555.1796875,81558.09375,81548.6328125,81558.09375,113946624
2026-05-14 18:44:00+00:00,81547.0234375,81571.9921875,81547.0234375,81555.1875,0
2026-05-14 18:45:00+00:00,81538.59375,81553.796875,81533.171875,81553.7890625,2584576
2026-05-14 18:46:00+00:00,81598.4375,81598.4375,81527.9921875,81527.9921875,0
2026-05-14 18:47:00+00:00,81602.1328125,81605.9609375,81584.1171875,81598.453125,917504
2026-05-14 18:48:00+00:00,81561.4765625,81606.1015625,81523.859375,81606.1015625,136892416
2026-05-14 18:49:00+00:00,81585.109375,81627.296875,81574.2578125,81574.2578125,1126400
2026-05-14 18:50:00+00:00,81522.0234375,81573.703125,81522.0234375,81573.703125,684032
2026-05-14 18:51:00+00:00,81496.421875,81524.6796875,81496.421875,81503.7578125,7589888
2026-05-14 18:52:00+00:00,81583.2109375,81583.2109375,81506.171875,81506.171875,0
2026-05-14 18:53:00+00:00,81460.0,81560.53125,81435.1171875,81560.53125,3584000
2026-05-14 18:54:00+00:00,81470.25,81484.7265625,81458.546875,81458.546875,5267456
2026-05-14 18:55:00+00:00,81556.078125,81557.2734375,81474.5703125,81474.5703125,3452928
2026-05-14 18:56:00+00:00,81587.15625,81587.15625,81543.4921875,81553.0078125,4521984
2026-05-14 18:57:00+00:00,81639.890625,81662.0390625,81578.6796875,81578.6796875,0
2026-05-14 18:58:00+00:00,81608.8203125,81644.7734375,81599.2890625,81644.7734375,0
2026-05-14 18:59:00+00:00,81590.34375,81620.09375,81590.34375,81590.8515625,13619200
2026-05-14 19:00:00+00:00,81601.15625,81601.15625,81576.7421875,81600.546875,0
2026-05-14 19:01:00+00:00,81689.0234375,81708.59375,81601.15625,81601.15625,0
2026-05-14 19:02:00+00:00,81728.0078125,81728.0078125,81670.1015625,81701.421875,0
2026-05-14 19:03:00+00:00,81700.0,81708.6796875,81682.796875,81708.671875,2482176
2026-05-14 19:04:00+00:00,81665.4296875,81717.90625,81665.4296875,81717.90625,26722304
2026-05-14 19:05:00+00:00,81703.4375,81728.1484375,81653.4765625,81653.4765625,25567232
2026-05-14 19:06:00+00:00,81710.1015625,81712.0703125,81669.9765625,81701.5234375,0
2026-05-14 19:07:00+00:00,81641.4296875,81702.0,81641.4296875,81702.0,0
2026-05-14 19:08:00+00:00,81671.9921875,81671.9921875,81620.890625,81630.9921875,2777088
2026-05-14 19:09:00+00:00,81618.359375,81665.421875,81618.359375,81662.15625,0
2026-05-14 19:10:00+00:00,81622.0234375,81639.6015625,81622.0234375,81627.7265625,0
2026-05-14 19:11:00+00:00,81639.59375,81641.4765625,81618.3671875,81618.3671875,844554240
2026-05-14 19:12:00+00:00,81631.203125,81646.5390625,81615.7109375,81641.5234375,0
2026-05-14 19:13:00+00:00,81585.3984375,81631.203125,81585.3984375,81631.203125,0
2026-05-14 19:14:00+00:00,81558.9609375,81593.6875,81558.9609375,81580.59375,6598656
2026-05-14 19:15:00+00:00,81510.859375,81544.0,81503.9765625,81525.2734375,0
2026-05-14 19:16:00+00:00,81506.15625,81531.890625,81501.09375,81521.40625,2510848
2026-05-14 19:17:00+00:00,81531.828125,81531.828125,81499.9921875,81499.9921875,0
2026-05-14 19:18:00+00:00,81643.03125,81643.03125,81531.828125,81531.828125,0
2026-05-14 19:19:00+00:00,81618.0078125,81636.359375,81606.71875,81636.359375,0
2026-05-14 19:20:00+00:00,81619.546875,81634.46875,81614.2734375,81614.2734375,6447104
2026-05-14 19:21:00+00:00,81631.1875,81636.3515625,81596.09375,81627.9921875,160571392
2026-05-14 19:22:00+00:00,81630.0078125,81630.65625,81615.859375,81617.359375,14471168
2026-05-14 19:23:00+00:00,81595.078125,81630.0078125,81595.078125,81630.0078125,0
2026-05-14 19:24:00+00:00,81465.7890625,81579.65625,81465.7890625,81579.6015625,1974272
2026-05-14 19:25:00+00:00,81471.2890625,81478.0,81423.9609375,81450.609375,10272768
2026-05-14 19:26:00+00:00,81457.9375,81481.5625,81454.1171875,81481.5625,1368064
2026-05-14 19:27:00+00:00,81396.796875,81461.9921875,81341.328125,81454.1171875,32751616
2026-05-14 19:28:00+00:00,81366.25,81398.390625,81357.7265625,81389.8671875,5902336
2026-05-14 19:29:00+00:00,81347.046875,81379.25,81340.640625,81362.078125,0
2026-05-14 19:30:00+00:00,81360.0,81360.0,81327.1875,81352.5625,12656640
2026-05-14 19:31:00+00:00,81411.3203125,81411.3515625,81376.0078125,81376.0078125,5529600
2026-05-14 19:32:00+00:00,81482.3515625,81485.8515625,81411.328125,81411.328125,3551232
2026-05-14 19:33:00+00:00,81456.0078125,81471.25,81450.8125,81471.25,74543104
2026-05-14 19:34:00+00:00,81474.4765625,81484.0,81455.9921875,81456.0,0
2026-05-14 19:35:00+00:00,81383.5234375,81472.0,81383.5234375,81472.0,10235904
2026-05-14 19:36:00+00:00,81385.9921875,81389.96875,81363.078125,81363.078125,29143040
2026-05-14 19:37:00+00:00,81361.9921875,81378.3515625,81357.7421875,81368.9609375,2895872
2026-05-14 19:38:00+00:00,81382.296875,81389.34375,81368.0078125,81368.0078125,0
2026-05-14 19:39:00+00:00,81389.578125,81402.671875,81364.4765625,81381.4921875,0
2026-05-14 19:40:00+00:00,81420.0234375,81430.4296875,81398.65625,81409.1484375,0
2026-05-14 19:41:00+00:00,81445.4296875,81445.4296875,81404.1484375,81420.0234375,1916928
2026-05-14 19:42:00+00:00,81454.0,81459.5,81446.0078125,81446.0078125,0
2026-05-14 19:43:00+00:00,81438.0078125,81460.1484375,81424.6328125,81454.0,0
2026-05-14 19:44:00+00:00,81459.109375,81482.0078125,81445.890625,81445.890625,0
2026-05-14 19:45:00+00:00,81454.1015625,81456.3515625,81454.1015625,81455.7578125,76652544
2026-05-14 19:46:00+00:00,81463.6328125,81466.9765625,81454.1015625,81454.1015625,10575872
2026-05-14 19:47:00+00:00,81440.2734375,81468.0,81434.2890625,81463.640625,5246976
2026-05-14 19:48:00+00:00,81435.1171875,81446.8828125,81386.8671875,81440.2734375,31657984
2026-05-14 19:49:00+00:00,81416.0078125,81435.0078125,81409.84375,81435.0078125,8482816
2026-05-14 19:50:00+00:00,81422.28125,81439.9921875,81402.140625,81402.140625,0
2026-05-14 19:51:00+00:00,81388.6875,81419.28125,81388.6796875,81417.5390625,73867264
2026-05-14 19:52:00+00:00,81436.8203125,81455.75,81388.6875,81388.6875,0
2026-05-14 19:53:00+00:00,81495.0,81495.0,81446.0625,81455.15625,11120640
2026-05-14 19:54:00+00:00,81488.8671875,81490.4921875,81450.796875,81486.078125,132894720
2026-05-14 19:55:00+00:00,81419.9921875,81449.9921875,81419.9921875,81449.9921875,0
2026-05-14 19:56:00+00:00,81422.0,81448.1875,81404.7734375,81415.6171875,5701632
2026-05-14 19:57:00+00:00,81414.3828125,81440.8125,81412.5234375,81434.1484375,23191552
2026-05-14 19:58:00+00:00,81397.8203125,81415.0234375,81396.1171875,81415.0234375,6565888
2026-05-14 19:59:00+00:00,81438.0,81457.9921875,81392.171875,81392.171875,3837952
2026-05-14 20:00:00+00:00,81470.078125,81470.09375,81448.1484375,81459.9765625,0
2026-05-14 20:01:00+00:00,81495.9921875,81500.09375,81495.9921875,81500.09375,31305728
2026-05-14 20:02:00+00:00,81518.0078125,81518.0078125,81498.0078125,81498.0078125,0
2026-05-14 20:03:00+00:00,81540.0,81543.46875,81527.4921875,81527.4921875,0
2026-05-14 20:04:00+00:00,81564.1171875,81588.1875,81540.0,81540.0,0
2026-05-14 20:05:00+00:00,81507.8828125,81579.8828125,81492.0,81564.1328125,5976064
2026-05-14 20:06:00+00:00,81595.9765625,81595.9765625,81507.890625,81517.09375,0
2026-05-14 20:07:00+00:00,81595.078125,81625.0703125,81582.0,81607.046875,0
2026-05-14 20:08:00+00:00,81588.703125,81595.078125,81568.0,81595.078125,0
2026-05-14 20:09:00+00:00,81553.390625,81588.703125,81539.640625,81588.703125,82292736
2026-05-14 20:10:00+00:00,81562.6796875,81574.4296875,81549.4296875,81556.0390625,7454720
2026-05-14 20:11:00+00:00,81535.421875,81559.7109375,81535.421875,81555.3828125,0
2026-05-14 20:12:00+00:00,81471.8828125,81535.4296875,81471.8828125,81535.421875,0
2026-05-14 20:13:00+00:00,81455.7578125,81471.8828125,81455.75,81471.8828125,0
2026-05-14 20:14:00+00:00,81357.7421875,81455.7578125,81357.7421875,81455.75,241549312
2026-05-14 20:15:00+00:00,81382.5703125,81410.109375,81352.546875,81352.546875,156188672
2026-05-14 20:16:00+00:00,81352.5625,81420.0078125,81352.5625,81399.0,0
2026-05-14 20:17:00+00:00,81336.6328125,81373.203125,81334.03125,81352.5625,0
2026-05-14 20:18:00+00:00,81349.9921875,81354.2578125,81337.953125,81337.953125,0
2026-05-14 20:19:00+00:00,81306.140625,81350.0,81306.140625,81350.0,0
2026-05-14 20:20:00+00:00,81280.3203125,81322.0,81255.546875,81313.8828125,3055616
2026-05-14 20:21:00+00:00,81277.828125,81297.7421875,81251.7578125,81285.8125,0
2026-05-14 20:22:00+00:00,81280.328125,81300.0,81276.0,81276.0,58327040
2026-05-14 20:23:00+00:00,81275.1796875,81299.9921875,81235.9921875,81254.53125,3231744
2026-05-14 20:24:00+00:00,81306.2890625,81306.2890625,81271.15625,81287.28125,25223168
2026-05-14 20:25:00+00:00,81287.390625,81312.3984375,81285.9609375,81312.3984375,2560000
2026-05-14 20:26:00+00:00,81281.9921875,81281.9921875,81250.0078125,81278.0,2146304
2026-05-14 20:27:00+00:00,81224.0,81280.7421875,81224.0,81280.7421875,0
2026-05-14 20:28:00+00:00,81259.6328125,81280.15625,81254.5234375,81254.5234375,187379712
2026-05-14 20:29:00+00:00,81274.0,81279.65625,81258.0,81265.421875,1191936
2026-05-14 20:30:00+00:00,81280.890625,81299.7890625,81274.0,81285.4765625,65433600
2026-05-14 20:31:00+00:00,81258.8984375,81282.6796875,81249.3671875,81282.6796875,0
2026-05-14 20:32:00+00:00,81300.7578125,81300.7578125,81258.0,81258.8125,0
2026-05-14 20:33:00+00:00,81244.3984375,81276.53125,81244.3828125,81264.8671875,9428992
2026-05-14 20:34:00+00:00,81223.6875,81244.390625,81213.25,81244.390625,987136
2026-05-14 20:35:00+00:00,81209.6328125,81223.9921875,81205.7109375,81223.9921875,1183744
2026-05-14 20:36:00+00:00,81208.28125,81212.5078125,81204.5703125,81208.0,23859200
2026-05-14 20:37:00+00:00,81191.7890625,81203.9921875,81189.7734375,81203.9921875,0
2026-05-14 20:38:00+00:00,81197.7578125,81212.1171875,81187.9296875,81190.15625,0
2026-05-14 20:39:00+00:00,81158.5390625,81197.7734375,81151.3125,81197.7734375,0
2026-05-14 20:40:00+00:00,81161.671875,81167.703125,81160.0,81160.0,0
2026-05-14 20:41:00+00:00,81177.1328125,81187.65625,81161.3671875,81161.3671875,2297856
2026-05-14 20:42:00+00:00,81179.1875,81180.921875,81173.4609375,81173.96875,148254720
2026-05-14 20:43:00+00:00,81205.2421875,81211.3671875,81205.2421875,81209.5,0
2026-05-14 20:44:00+00:00,81235.921875,81242.5625,81223.9921875,81223.9921875,20480
2026-05-14 20:45:00+00:00,81261.3203125,81264.828125,81235.921875,81235.921875,1929216
2026-05-14 20:46:00+00:00,81321.6015625,81321.6015625,81261.3203125,81261.3203125,5095424
2026-05-14 20:47:00+00:00,81296.0234375,81336.78125,81295.8125,81321.59375,0
2026-05-14 20:48:00+00:00,81323.9921875,81326.75,81296.0078125,81296.0234375,0
2026-05-14 20:49:00+00:00,81337.078125,81337.078125,81323.9921875,81323.9921875,4358144
2026-05-14 20:50:00+00:00,81362.8984375,81373.203125,81342.2421875,81342.2421875,3190784
2026-05-14 20:51:00+00:00,81409.2578125,81415.0,81362.890625,81362.8984375,0
2026-05-14 20:52:00+00:00,81436.0078125,81438.3984375,81409.2734375,81409.2734375,4161536
2026-05-14 20:53:00+00:00,81434.78125,81455.5234375,81434.78125,81443.46875,0
2026-05-14 20:54:00+00:00,81386.0078125,81429.96875,81386.0078125,81429.96875,0
2026-05-14 20:55:00+00:00,81376.078125,81382.0078125,81374.2890625,81374.2890625,0
2026-05-14 20:56:00+00:00,81376.671875,81396.09375,81373.203125,81377.71875,8785920
2026-05-14 20:57:00+00:00,81358.640625,81368.6171875,81357.84375,81364.2578125,70963200
2026-05-14 20:58:00+00:00,81379.8671875,81379.8671875,81369.0703125,81369.4375,0
2026-05-14 20:59:00+00:00,81400.0,81400.0,81369.1171875,81379.8671875,0
2026-05-14 21:00:00+00:00,81424.546875,81466.5078125,81424.546875,81453.78125,119037952
2026-05-14 21:01:00+00:00,81380.7109375,81434.53125,81380.7109375,81424.5390625,1265664
2026-05-14 21:02:00+00:00,81378.96875,81380.6875,81353.9765625,81380.6875,0
2026-05-14 21:03:00+00:00,81376.0,81394.1484375,81371.578125,81378.96875,47751168
2026-05-14 21:04:00+00:00,81355.65625,81377.953125,81355.65625,81377.953125,0
2026-05-14 21:05:00+00:00,81401.296875,81401.296875,81360.4296875,81375.9921875,0
2026-05-14 21:06:00+00:00,81415.2578125,81418.328125,81404.1484375,81404.1484375,1724416
2026-05-14 21:07:00+00:00,81372.28125,81415.2578125,81364.9296875,81415.2578125,1007616
2026-05-14 21:08:00+00:00,81393.671875,81393.671875,81372.1875,81378.3515625,5255168
2026-05-14 21:09:00+00:00,81399.0,81399.0,81393.65625,81393.65625,0
2026-05-14 21:10:00+00:00,81398.3515625,81399.0,81394.8515625,81398.9921875,9646080
2026-05-14 21:11:00+00:00,81367.453125,81398.34375,81367.4375,81398.34375,0
2026-05-14 21:12:00+00:00,81356.71875,81373.203125,81349.03125,81367.453125,0
2026-05-14 21:13:00+00:00,81349.0234375,81377.0,81349.0234375,81357.7265625,0
2026-05-14 21:14:00+00:00,81326.75,81342.859375,81315.59375,81342.859375,0
2026-05-14 21:15:00+00:00,81351.75,81351.75,81326.7421875,81326.7421875,0
2026-05-14 21:16:00+00:00,81316.2421875,81347.859375,81316.2421875,81347.859375,0
2026-05-14 21:17:00+00:00,81277.5234375,81318.203125,81270.8671875,81318.203125,1294336
2026-05-14 21:18:00+00:00,81267.9921875,81275.9765625,81259.6796875,81275.9765625,0
2026-05-14 21:19:00+00:00,81279.6328125,81280.8671875,81260.171875,81268.0,0
2026-05-14 21:20:00+00:00,81297.7421875,81297.7421875,81260.96875,81279.6328125,0
2026-05-14 21:21:00+00:00,81334.9921875,81334.9921875,81299.9765625,81300.953125,0
2026-05-14 21:22:00+00:00,81351.5078125,81357.5390625,81333.4296875,81333.4296875,0
2026-05-14 21:23:00+00:00,81331.90625,81331.90625,81326.7734375,81326.7734375,0
2026-05-14 21:24:00+00:00,81326.7734375,81340.0,81326.7578125,81331.90625,0
2026-05-14 21:25:00+00:00,81321.6015625,81350.0,81321.6015625,81341.4921875,0
2026-05-14 21:26:00+00:00,81348.5625,81348.5625,81324.890625,81327.421875,0
2026-05-14 21:27:00+00:00,81373.609375,81373.609375,81340.0,81346.9375,0
2026-05-14 21:28:00+00:00,81417.15625,81417.15625,81374.3125,81374.3125,1548288
2026-05-14 21:29:00+00:00,81414.9375,81455.546875,81414.9375,81450.0078125,2056192
2026-05-14 21:30:00+00:00,81409.3203125,81409.328125,81407.3984375,81409.3203125,0
2026-05-14 21:31:00+00:00,81420.546875,81449.890625,81409.3203125,81409.3203125,103170048
2026-05-14 21:32:00+00:00,81453.40625,81453.40625,81420.546875,81420.546875,8998912
2026-05-14 21:33:00+00:00,81465.96875,81494.1328125,81456.703125,81456.703125,10420224
2026-05-14 21:34:00+00:00,81454.4609375,81465.96875,81454.4609375,81465.96875,0
2026-05-14 21:35:00+00:00,81450.890625,81450.8984375,81425.9921875,81450.8984375,0
2026-05-14 21:36:00+00:00,81451.90625,81451.90625,81450.890625,81450.8984375,483328
2026-05-14 21:37:00+00:00,81489.65625,81489.65625,81451.90625,81451.90625,0
2026-05-14 21:38:00+00:00,81520.03125,81526.0,81487.8125,81487.8125,548864
2026-05-14 21:39:00+00:00,81479.421875,81518.1328125,81456.09375,81518.1328125,4583424
2026-05-14 21:40:00+00:00,81475.09375,81492.6875,81475.09375,81480.2890625,3665920
2026-05-14 21:41:00+00:00,81473.2109375,81473.2109375,81442.03125,81468.1875,0
2026-05-14 21:42:00+00:00,81454.046875,81467.8125,81445.4375,81467.8125,27389952
2026-05-14 21:43:00+00:00,81476.09375,81477.3515625,81454.046875,81454.046875,0
2026-05-14 21:44:00+00:00,81448.15625,81476.796875,81436.171875,81476.078125,0
2026-05-14 21:45:00+00:00,81441.7890625,81454.1328125,81441.78125,81448.1484375,0
2026-05-14 21:46:00+00:00,81415.34375,81441.796875,81409.3203125,81441.796875,0
2026-05-14 21:47:00+00:00,81415.859375,81415.9375,81413.7578125,81415.3515625,0
2026-05-14 21:48:00+00:00,81403.921875,81420.8515625,81402.5390625,81415.828125,22044672
2026-05-14 21:49:00+00:00,81423.0078125,81436.171875,81398.8984375,81398.8984375,2162688
2026-05-14 21:50:00+00:00,81393.828125,81419.640625,81377.25,81419.640625,2859008
2026-05-14 21:51:00+00:00,81415.8515625,81415.96875,81409.5234375,81411.5234375,0
2026-05-14 21:52:00+00:00,81409.5703125,81415.953125,81409.5703125,81415.953125,1331200
2026-05-14 21:53:00+00:00,81410.5,81412.5390625,81402.40625,81410.8515625,0
2026-05-14 21:54:00+00:00,81447.4609375,81447.4609375,81410.65625,81410.65625,119164928
2026-05-14 21:55:00+00:00,81404.171875,81415.28125,81404.15625,81414.4765625,2752512
2026-05-14 21:56:00+00:00,81400.0234375,81402.609375,81388.25,81402.609375,0
2026-05-14 21:57:00+00:00,81377.1015625,81398.046875,81364.328125,81398.046875,0
2026-05-14 21:58:00+00:00,81380.0078125,81392.0,81359.7265625,81377.1015625,0
2026-05-14 21:59:00+00:00,81375.9765625,81386.7109375,81375.0234375,81380.0234375,114442240
2026-05-14 22:00:00+00:00,81398.0078125,81401.078125,81376.0078125,81376.0078125,0
2026-05-14 22:01:00+00:00,81373.1875,81391.703125,81328.0,81391.703125,0
2026-05-14 22:02:00+00:00,81378.3515625,81383.6796875,81348.046875,81383.6796875,0
2026-05-14 22:03:00+00:00,81373.1875,81391.8828125,81369.2734375,81388.0078125,0
2026-05-14 22:04:00+00:00,81387.9765625,81387.9765625,81363.2109375,81365.2734375,0
2026-05-14 22:05:00+00:00,81414.4765625,81435.109375,81396.0078125,81396.0234375,48484352
2026-05-14 22:06:00+00:00,81435.1875,81456.1015625,81435.1875,81444.171875,0
2026-05-14 22:07:00+00:00,81398.0,81429.96875,81388.6796875,81429.96875,0
2026-05-14 22:08:00+00:00,81428.0078125,81428.4765625,81395.4921875,81407.1484375,0
2026-05-14 22:09:00+00:00,81444.8828125,81446.0,81428.0078125,81430.0390625,0
2026-05-14 22:10:00+00:00,81470.03125,81473.96875,81433.09375,81442.0,761856
2026-05-14 22:11:00+00:00,81426.09375,81453.59375,81426.09375,81453.59375,0
2026-05-14 22:12:00+00:00,81443.21875,81448.859375,81416.0,81416.0,0
2026-05-14 22:13:00+00:00,81469.3125,81469.3125,81451.8203125,81456.34375,8011776
2026-05-14 22:14:00+00:00,81510.0078125,81510.0078125,81475.4296875,81476.078125,0
2026-05-14 22:15:00+00:00,81462.09375,81498.0625,81460.921875,81497.0390625,0
2026-05-14 22:16:00+00:00,81433.6328125,81465.359375,81422.0,81465.359375,0
2026-05-14 22:17:00+00:00,81415.0078125,81432.328125,81415.0078125,81419.640625,409600
2026-05-14 22:18:00+00:00,81418.0703125,81423.6484375,81399.0,81415.0078125,7000064
2026-05-14 22:19:00+00:00,81399.0078125,81424.7890625,81399.0078125,81422.3125,614400
2026-05-14 22:20:00+00:00,81419.078125,81419.09375,81398.0703125,81399.0234375,0
2026-05-14 22:21:00+00:00,81426.953125,81427.59375,81409.3203125,81420.703125,3084288
2026-05-14 22:22:00+00:00,81414.4921875,81428.578125,81414.4921875,81428.578125,0
2026-05-14 22:23:00+00:00,81416.3125,81416.4765625,81414.4921875,81414.5,299008
2026-05-14 22:24:00+00:00,81433.109375,81442.9609375,81416.90625,81416.90625,0
2026-05-14 22:25:00+00:00,81440.421875,81440.421875,81427.046875,81433.1171875,0
2026-05-14 22:26:00+00:00,81432.5390625,81440.4296875,81429.328125,81440.4296875,0
2026-05-14 22:27:00+00:00,81429.296875,81437.421875,81429.296875,81432.25,0
2026-05-14 22:28:00+00:00,81409.328125,81424.8125,81409.3203125,81424.8125,880640
2026-05-14 22:29:00+00:00,81432.0,81439.6171875,81424.171875,81424.7890625,0
2026-05-14 22:30:00+00:00,81435.109375,81439.359375,81424.796875,81434.7109375,0
2026-05-14 22:31:00+00:00,81461.6171875,81465.390625,81448.78125,81448.78125,212992
2026-05-14 22:32:00+00:00,81500.0,81507.6015625,81468.0,81468.0,0
2026-05-14 22:33:00+00:00,81507.359375,81533.1171875,81500.0,81500.0,0
2026-05-14 22:34:00+00:00,81485.046875,81494.7890625,81485.0234375,81492.0234375,0
2026-05-14 22:35:00+00:00,81490.2265625,81490.2265625,81476.609375,81481.5625,0
2026-05-14 22:36:00+00:00,81482.328125,81488.453125,81472.2890625,81488.453125,0
2026-05-14 22:37:00+00:00,81488.0078125,81499.9765625,81469.0,81486.0234375,0
2026-05-14 22:38:00+00:00,81483.40625,81486.71875,81480.0234375,81486.71875,0
2026-05-14 22:39:00+00:00,81499.25,81506.0234375,81476.40625,81483.4609375,0
2026-05-14 22:40:00+00:00,81503.8203125,81504.5234375,81490.03125,81490.03125,5574656
2026-05-14 22:41:00+00:00,81524.203125,81527.8515625,81503.8203125,81503.8203125,0
2026-05-14 22:42:00+00:00,81524.390625,81524.7265625,81510.7421875,81524.2109375,1814528
2026-05-14 22:43:00+00:00,81498.390625,81517.6796875,81498.390625,81517.6796875,123621376
2026-05-14 22:44:00+00:00,81504.4765625,81504.4765625,81486.71875,81498.3984375,0
2026-05-14 22:45:00+00:00,81497.3671875,81504.0,81494.109375,81504.0,14516224
2026-05-14 22:46:00+00:00,81535.5390625,81542.0390625,81496.09375,81496.09375,0
2026-05-14 22:47:00+00:00,81510.6015625,81535.3671875,81510.6015625,81534.640625,2113536
2026-05-14 22:48:00+00:00,81505.9765625,81506.0,81488.0078125,81491.8828125,0
2026-05-14 22:49:00+00:00,81507.296875,81509.0078125,81495.9765625,81496.078125,688128
2026-05-14 22:50:00+00:00,81481.5703125,81505.4375,81481.5625,81505.4375,3121152
2026-05-14 22:51:00+00:00,81450.0703125,81480.0,81450.0703125,81480.0,0
2026-05-14 22:52:00+00:00,81466.078125,81466.078125,81450.0703125,81450.0703125,0
2026-05-14 22:53:00+00:00,81452.8125,81455.75,81440.296875,81448.5390625,0
2026-05-14 22:54:00+00:00,81441.8984375,81469.7890625,81441.8984375,81458.6796875,0
2026-05-14 22:55:00+00:00,81442.7421875,81443.4921875,81441.890625,81441.8984375,1208320
2026-05-14 22:56:00+00:00,81429.1171875,81454.0390625,81429.1171875,81442.7421875,0
2026-05-14 22:57:00+00:00,81406.2734375,81424.796875,81406.2734375,81424.796875,0
2026-05-14 22:58:00+00:00,81428.0078125,81428.0078125,81408.6875,81408.6875,0
2026-05-14 22:59:00+00:00,81444.0078125,81444.0078125,81425.9921875,81425.9921875,19288064
2026-05-14 23:00:00+00:00,81403.9375,81407.84375,81373.9296875,81405.0,0
2026-05-14 23:01:00+00:00,81404.5234375,81411.0,81398.078125,81400.0078125,0
2026-05-14 23:02:00+00:00,81376.8828125,81404.0703125,81376.8671875,81399.0,2088960
2026-05-14 23:03:00+00:00,81342.921875,81377.71875,81340.5703125,81377.296875,0
2026-05-14 23:04:00+00:00,81321.59375,81356.0078125,81315.046875,81346.3984375,0
2026-05-14 23:05:00+00:00,81321.609375,81321.609375,81300.2109375,81316.2109375,319488
2026-05-14 23:06:00+00:00,81275.0,81321.6015625,81275.0,81321.6015625,0
2026-05-14 23:07:00+00:00,81262.7890625,81269.8203125,81258.0,81269.8203125,0
2026-05-14 23:08:00+00:00,81216.796875,81264.0078125,81216.796875,81264.0078125,0
2026-05-14 23:09:00+00:00,81189.890625,81211.8828125,81172.0,81211.8828125,0
2026-05-14 23:10:00+00:00,81226.7109375,81231.9765625,81200.328125,81200.328125,0
2026-05-14 23:11:00+00:00,81230.5703125,81234.7578125,81221.921875,81227.2421875,0
2026-05-14 23:12:00+00:00,81240.34375,81241.9921875,81223.9921875,81223.9921875,0
2026-05-14 23:13:00+00:00,81244.9296875,81246.25,81230.59375,81230.59375,0
2026-05-14 23:14:00+00:00,81244.921875,81244.921875,81236.0234375,81244.921875,386166784
2026-05-14 23:15:00+00:00,81252.25,81258.6796875,81240.0,81244.9296875,0
2026-05-14 23:16:00+00:00,81245.9921875,81252.2578125,81236.0078125,81252.2578125,2867200
2026-05-14 23:17:00+00:00,81236.0,81257.6875,81236.0,81247.8515625,0
2026-05-14 23:18:00+00:00,81232.9296875,81242.0,81230.578125,81242.0,144732160
2026-05-14 23:19:00+00:00,81229.65625,81231.328125,81226.1875,81226.1875,3366912
2026-05-14 23:20:00+00:00,81224.5703125,81229.65625,81222.953125,81229.6484375,0
2026-05-14 23:21:00+00:00,81220.0078125,81230.0625,81220.0078125,81224.5703125,0
2026-05-14 23:22:00+00:00,81178.0234375,81218.3984375,81178.0078125,81218.3984375,0
2026-05-14 23:23:00+00:00,81187.0625,81187.6875,81178.0078125,81178.0234375,307200
2026-05-14 23:24:00+00:00,81281.15625,81286.1171875,81192.8984375,81192.8984375,13619200
2026-05-14 23:25:00+00:00,81277.75,81281.1484375,81269.8984375,81281.1484375,0
2026-05-14 23:26:00+00:00,81286.1171875,81286.1328125,81280.4296875,81280.4296875,0
2026-05-14 23:27:00+00:00,81286.1328125,81286.1328125,81284.03125,81284.03125,671744
2026-05-14 23:28:00+00:00,81286.1171875,81286.1328125,81285.640625,81286.1171875,0
2026-05-14 23:29:00+00:00,81345.0234375,81360.40625,81316.4375,81316.4375,0
2026-05-14 23:30:00+00:00,81328.5078125,81351.640625,81326.7734375,81345.0234375,0
2026-05-14 23:31:00+00:00,81323.2578125,81333.3125,81316.453125,81329.703125,0
2026-05-14 23:32:00+00:00,81327.3203125,81337.0390625,81316.6796875,81322.8203125,1208320
2026-05-14 23:33:00+00:00,81339.9921875,81339.9921875,81320.3828125,81322.421875,0
2026-05-14 23:34:00+00:00,81311.2890625,81348.0,81311.2890625,81339.9609375,0
2026-05-14 23:35:00+00:00,81301.5390625,81311.25,81301.5390625,81308.5078125,638976
2026-05-14 23:36:00+00:00,81296.2265625,81301.546875,81291.3671875,81301.546875,140832768
2026-05-14 23:37:00+00:00,81318.7890625,81318.7890625,81303.7734375,81303.9921875,0
2026-05-14 23:38:00+00:00,81310.0,81321.703125,81310.0,81318.7890625,0
2026-05-14 23:39:00+00:00,81259.6796875,81305.0,81259.6796875,81305.0,38694912
2026-05-14 23:40:00+00:00,81231.171875,81250.0234375,81228.7265625,81244.109375,122880
2026-05-14 23:41:00+00:00,81217.203125,81237.9765625,81217.203125,81230.4296875,0
2026-05-14 23:42:00+00:00,81202.921875,81212.3125,81202.921875,81212.3125,98033664
2026-05-14 23:43:00+00:00,81208.0703125,81208.078125,81195.0703125,81202.9296875,36798464
2026-05-14 23:44:00+00:00,81205.3828125,81207.0078125,81192.9296875,81207.0078125,0
2026-05-14 23:45:00+00:00,81168.9609375,81199.9921875,81168.9609375,81195.0078125,0
2026-05-14 23:46:00+00:00,81084.21875,81168.953125,81054.34375,81168.953125,0
2026-05-14 23:47:00+00:00,81088.6875,81089.390625,81075.09375,81082.6796875,0
2026-05-14 23:48:00+00:00,81082.0234375,81082.21875,81070.7265625,81082.0703125,0
2026-05-14 23:49:00+00:00,81071.0078125,81079.2734375,81062.8671875,81079.2734375,0
2026-05-14 23:50:00+00:00,81037.7109375,81064.03125,81029.1484375,81060.0,18886656
2026-05-14 23:51:00+00:00,81081.0625,81084.0,81031.9375,81037.7109375,48099328
2026-05-14 23:52:00+00:00,81086.0,81086.0,81064.7734375,81074.0,1368064
2026-05-14 23:53:00+00:00,81074.828125,81084.0,81071.1328125,81079.25,50102272
2026-05-14 23:54:00+00:00,81054.0390625,81060.5078125,81047.1015625,81060.5078125,0
2026-05-14 23:55:00+00:00,81055.8515625,81055.8515625,81047.109375,81050.578125,0
2026-05-14 23:56:00+00:00,81074.8984375,81074.8984375,81064.0,81064.40625,4214784
2026-05-14 23:57:00+00:00,81040.96875,81077.7734375,81040.7890625,81074.8984375,0
2026-05-14 23:58:00+00:00,81049.40625,81054.3125,81040.96875,81040.96875,0
2026-05-15 00:00:00+00:00,81090.9609375,81094.0,81070.0,81080.078125,0
2026-05-15 00:01:00+00:00,81047.4921875,81090.4609375,81047.4921875,81090.4609375,130256896
2026-05-15 00:02:00+00:00,81114.2734375,81126.703125,81077.0234375,81077.0234375,0
2026-05-15 00:03:00+00:00,81121.4765625,81144.046875,81120.359375,81120.359375,0
2026-05-15 00:04:00+00:00,81125.0390625,81129.421875,81110.046875,81121.4921875,4042752
2026-05-15 00:05:00+00:00,81152.7265625,81158.140625,81126.328125,81126.328125,0
2026-05-15 00:06:00+00:00,81184.8515625,81184.8515625,81154.0390625,81154.0390625,0
2026-05-15 00:07:00+00:00,81251.6015625,81254.5078125,81209.2421875,81209.2421875,2838528
2026-05-15 00:08:00+00:00,81297.0,81297.0,81251.3984375,81254.96875,0
2026-05-15 00:09:00+00:00,81287.671875,81290.0078125,81271.1875,81275.15625,8187904
2026-05-15 00:10:00+00:00,81285.4296875,81286.1875,81278.796875,81282.0078125,0
2026-05-15 00:11:00+00:00,81311.2734375,81315.0703125,81281.109375,81281.109375,528384
2026-05-15 00:12:00+00:00,81362.0078125,81362.4921875,81310.0078125,81313.109375,0
2026-05-15 00:13:00+00:00,81362.0078125,81362.3828125,81342.0,81348.8828125,0
2026-05-15 00:14:00+00:00,81459.421875,81459.421875,81415.59375,81415.59375,5668864
2026-05-15 00:15:00+00:00,81453.9765625,81476.0234375,81424.0625,81464.8203125,0
2026-05-15 00:16:00+00:00,81442.703125,81482.0703125,81438.84375,81479.171875,0
2026-05-15 00:17:00+00:00,81386.609375,81429.296875,81374.0078125,81429.296875,0
2026-05-15 00:18:00+00:00,81374.0390625,81430.2421875,81374.0390625,81387.3828125,7057408
2026-05-15 00:19:00+00:00,81418.0,81418.0,81383.5234375,81386.796875,1515520
2026-05-15 00:20:00+00:00,81378.7734375,81416.46875,81376.5390625,81416.46875,0
2026-05-15 00:21:00+00:00,81350.1796875,81376.03125,81350.0078125,81376.03125,0
2026-05-15 00:22:00+00:00,81378.0078125,81387.953125,81350.1875,81350.1875,52285440
2026-05-15 00:23:00+00:00,81428.3984375,81434.03125,81378.0078125,81378.0078125,0
2026-05-15 00:24:00+00:00,81429.75,81436.1328125,81425.828125,81428.390625,21024768
2026-05-15 00:25:00+00:00,81414.84375,81430.1484375,81404.15625,81430.1484375,1196032
2026-05-15 00:26:00+00:00,81391.9765625,81419.421875,81375.9921875,81419.421875,0
2026-05-15 00:27:00+00:00,81404.7578125,81413.609375,81393.9375,81393.9375,0
2026-05-15 00:28:00+00:00,81409.2890625,81411.71875,81396.59375,81403.9375,4395008
2026-05-15 00:29:00+00:00,81437.3671875,81437.3671875,81411.7109375,81411.7109375,253952
2026-05-15 00:30:00+00:00,81404.046875,81449.359375,81404.046875,81449.359375,112521216
2026-05-15 00:31:00+00:00,81466.3984375,81466.3984375,81404.046875,81404.046875,0
2026-05-15 00:32:00+00:00,81543.171875,81543.171875,81476.3984375,81476.3984375,1159168
2026-05-15 00:33:00+00:00,81633.2578125,81634.59375,81540.2109375,81548.0,4624384
2026-05-15 00:34:00+00:00,81593.9609375,81646.671875,81569.2890625,81642.171875,53248
2026-05-15 00:35:00+00:00,81630.15625,81630.15625,81590.3125,81599.8203125,0
2026-05-15 00:36:00+00:00,81622.0078125,81629.6796875,81602.9609375,81615.71875,0
2026-05-15 00:37:00+00:00,81589.4765625,81609.6484375,81579.9609375,81609.6484375,0
2026-05-15 00:38:00+00:00,81559.421875,81584.0,81559.421875,81584.0,0
2026-05-15 00:39:00+00:00,81515.4375,81559.40625,81515.4375,81559.40625,0
2026-05-15 00:40:00+00:00,81471.7734375,81520.90625,81465.4765625,81520.90625,4976640
2026-05-15 00:41:00+00:00,81338.9375,81465.0,81338.9375,81465.0,2031616
2026-05-15 00:42:00+00:00,81297.9921875,81331.9921875,81297.9921875,81326.7578125,0
2026-05-15 00:43:00+00:00,81351.15625,81351.15625,81262.6875,81301.9765625,224768000
2026-05-15 00:44:00+00:00,81330.0078125,81336.3125,81323.2734375,81329.6875,0
2026-05-15 00:45:00+00:00,81384.5625,81384.5625,81326.7578125,81330.171875,0
2026-05-15 00:46:00+00:00,81419.8125,81455.75,81402.0078125,81424.796875,4923392
2026-05-15 00:47:00+00:00,81510.0,81512.0,81429.96875,81433.0,0
2026-05-15 00:48:00+00:00,81523.4609375,81543.4765625,81497.0390625,81534.4296875,26021888
2026-05-15 00:49:00+00:00,81557.171875,81563.9375,81507.3515625,81520.0,6397952
2026-05-15 00:50:00+00:00,81562.0390625,81576.109375,81512.0234375,81543.4765625,4186112
2026-05-15 00:51:00+00:00,81528.0,81573.640625,81528.0,81573.640625,16977920
2026-05-15 00:52:00+00:00,81508.15625,81526.6328125,81502.2109375,81502.2109375,0
2026-05-15 00:53:00+00:00,81462.7421875,81495.0,81445.0,81495.0,4243456
2026-05-15 00:54:00+00:00,81476.0,81480.421875,81460.5703125,81461.6875,0
2026-05-15 00:55:00+00:00,81503.6328125,81516.21875,81475.96875,81475.96875,0
2026-05-15 00:56:00+00:00,81453.6328125,81508.953125,81451.9609375,81508.953125,5906432
2026-05-15 00:57:00+00:00,81445.453125,81460.03125,81437.7890625,81437.7890625,768364544
2026-05-15 00:58:00+00:00,81485.9921875,81485.9921875,81454.8828125,81454.8828125,0
2026-05-15 00:59:00+00:00,81506.09375,81520.0,81485.9921875,81485.9921875,0
2026-05-15 01:00:00+00:00,81554.6015625,81557.3203125,81502.2109375,81502.2109375,0
2026-05-15 01:01:00+00:00,81560.671875,81569.28125,81528.0078125,81552.390625,0
2026-05-15 01:02:00+00:00,81600.5625,81600.5625,81560.671875,81560.671875,503808
2026-05-15 01:03:00+00:00,81600.5703125,81608.3125,81595.7734375,81602.2734375,0
2026-05-15 01:04:00+00:00,81589.4296875,81601.5625,81556.1171875,81601.5625,106864640
2026-05-15 01:05:00+00:00,81555.8984375,81590.109375,81543.4921875,81590.109375,4222976
2026-05-15 01:06:00+00:00,81505.921875,81579.6015625,81505.921875,81556.0,0
2026-05-15 01:07:00+00:00,81562.0,81562.0,81491.8828125,81506.5703125,0
2026-05-15 01:08:00+00:00,81520.109375,81553.8125,81520.109375,81553.8125,0
2026-05-15 01:09:00+00:00,81520.3828125,81549.3203125,81520.3828125,81548.6328125,2068480
2026-05-15 01:10:00+00:00,81536.0078125,81536.0078125,81507.359375,81514.0390625,32432128
2026-05-15 01:11:00+00:00,81512.90625,81541.40625,81508.0078125,81541.40625,6553600
2026-05-15 01:12:00+00:00,81537.9296875,81537.9296875,81510.8828125,81519.1328125,0
2026-05-15 01:13:00+00:00,81555.9921875,81557.046875,81532.0078125,81532.0078125,8761344
2026-05-15 01:14:00+00:00,81528.0,81550.5,81528.0,81550.5,0
2026-05-15 01:15:00+00:00,81558.953125,81558.953125,81500.0,81538.0078125,146296832
2026-05-15 01:16:00+00:00,81579.1875,81584.9765625,81567.15625,81567.15625,2363392
2026-05-15 01:17:00+00:00,81512.5078125,81569.28125,81495.0234375,81569.28125,22618112
2026-05-15 01:18:00+00:00,81517.6328125,81548.640625,81500.0078125,81514.71875,0
2026-05-15 01:19:00+00:00,81542.1171875,81542.1171875,81476.0,81524.0078125,0
2026-05-15 01:20:00+00:00,81471.2421875,81532.25,81471.2421875,81528.0,3428352
2026-05-15 01:21:00+00:00,81440.390625,81465.46875,81420.1796875,81465.46875,0
2026-05-15 01:22:00+00:00,81450.2421875,81461.9921875,81435.1328125,81447.5703125,6819840
2026-05-15 01:23:00+00:00,81464.28125,81464.28125,81426.28125,81438.7109375,6819840
2026-05-15 01:24:00+00:00,81459.0078125,81485.90625,81455.7734375,81467.578125,0
2026-05-15 01:25:00+00:00,81484.0,81494.8828125,81439.9765625,81461.171875,40804352
2026-05-15 01:26:00+00:00,81447.2421875,81491.28125,81430.390625,81491.28125,4395008
2026-05-15 01:27:00+00:00,81415.953125,81437.3828125,81397.4921875,81435.9765625,0
2026-05-15 01:28:00+00:00,81398.0,81415.9921875,81398.0,81410.90625,0
2026-05-15 01:29:00+00:00,81375.3125,81402.8125,81375.296875,81396.0078125,0
2026-05-15 01:30:00+00:00,81255.296875,81366.6875,81255.296875,81357.71875,0
2026-05-15 01:31:00+00:00,81219.421875,81264.828125,81214.359375,81229.9921875,814092288
2026-05-15 01:32:00+00:00,81225.3125,81288.09375,81199.96875,81225.9609375,0
2026-05-15 01:33:00+00:00,81211.4765625,81228.71875,81211.4765625,81226.421875,0
2026-05-15 01:34:00+00:00,81271.9765625,81271.9765625,81196.65625,81196.65625,4452352
2026-05-15 01:35:00+00:00,81291.8515625,81291.8515625,81247.2421875,81280.3203125,0
2026-05-15 01:36:00+00:00,81390.0234375,81390.0234375,81306.171875,81306.171875,0
2026-05-15 01:37:00+00:00,81416.0078125,81460.921875,81395.96875,81395.96875,0
2026-05-15 01:38:00+00:00,81390.0625,81413.75,81388.0078125,81409.25,90886144
2026-05-15 01:39:00+00:00,81392.3984375,81419.9921875,81392.3984375,81409.3125,0
2026-05-15 01:40:00+00:00,81391.203125,81424.0,81389.8671875,81400.0078125,0
2026-05-15 01:41:00+00:00,81352.4765625,81364.9296875,81337.09375,81347.3984375,1032192
2026-05-15 01:42:00+00:00,81385.75,81387.078125,81356.03125,81358.6015625,0
2026-05-15 01:43:00+00:00,81395.5625,81404.15625,81393.1484375,81395.15625,966656
2026-05-15 01:44:00+00:00,81376.0078125,81403.9921875,81363.0078125,81403.9921875,806912
2026-05-15 01:45:00+00:00,81327.96875,81383.9765625,81327.96875,81376.0078125,0
2026-05-15 01:46:00+00:00,81273.4609375,81342.140625,81273.4609375,81342.140625,55619584
2026-05-15 01:47:00+00:00,81266.6796875,81269.9921875,81229.8203125,81269.9921875,0
2026-05-15 01:48:00+00:00,81289.6875,81293.78125,81275.78125,81279.78125,130211840
2026-05-15 01:49:00+00:00,81286.5703125,81291.6796875,81271.03125,81290.0234375,0
2026-05-15 01:50:00+00:00,81289.9765625,81294.0,81268.7109375,81286.5703125,0
2026-05-15 01:51:00+00:00,81151.75,81297.3515625,81151.75,81297.3515625,0
2026-05-15 01:52:00+00:00,81161.4375,81182.2734375,81146.15625,81146.15625,20062208
2026-05-15 01:53:00+00:00,81111.6328125,81151.7734375,81094.0,81148.0234375,0
2026-05-15 01:54:00+00:00,81252.0234375,81252.0234375,81151.296875,81151.296875,6934528
2026-05-15 01:55:00+00:00,81197.9921875,81259.28125,81196.71875,81252.0234375,0
2026-05-15 01:56:00+00:00,81202.2265625,81205.09375,81182.28125,81187.453125,0
2026-05-15 01:57:00+00:00,81153.703125,81202.9296875,81153.703125,81202.9296875,0
2026-05-15 01:58:00+00:00,81159.5078125,81166.78125,81135.0390625,81135.8515625,3887104
2026-05-15 01:59:00+00:00,81110.046875,81150.03125,81110.046875,81150.03125,425984
2026-05-15 02:00:00+00:00,81110.03125,81110.03125,81061.0,81086.9296875,0
2026-05-15 02:01:00+00:00,81041.0234375,81092.8125,81039.046875,81089.3984375,0
2026-05-15 02:02:00+00:00,81068.75,81098.7421875,80994.359375,80994.359375,0
2026-05-15 02:03:00+00:00,81111.6875,81117.890625,81019.5234375,81019.5234375,0
2026-05-15 02:04:00+00:00,81161.3828125,81186.0,81103.5234375,81130.75,0
2026-05-15 02:05:00+00:00,81106.6171875,81164.40625,81103.5,81164.40625,12599296
2026-05-15 02:06:00+00:00,81064.09375,81104.8828125,81039.5625,81104.8828125,0
2026-05-15 02:07:00+00:00,81001.6875,81075.59375,81001.6875,81054.0,63782912
2026-05-15 02:08:00+00:00,81020.8984375,81022.3125,80995.90625,81012.0,892928
2026-05-15 02:09:00+00:00,81021.9765625,81063.609375,81012.0,81031.03125,170586112
2026-05-15 02:10:00+00:00,80934.6015625,80987.9921875,80910.0,80987.9921875,1765376
2026-05-15 02:11:00+00:00,80950.078125,80958.96875,80908.8984375,80913.6484375,0
2026-05-15 02:12:00+00:00,80912.6015625,80955.25,80904.65625,80950.078125,0
2026-05-15 02:13:00+00:00,80905.0,80912.6015625,80855.8125,80912.6015625,46297088
2026-05-15 02:14:00+00:00,80926.5,80930.0,80905.0,80905.0,2113536
2026-05-15 02:15:00+00:00,80956.4765625,80956.59375,80877.9921875,80910.0,57356288
2026-05-15 02:16:00+00:00,80955.2578125,81012.0,80955.2578125,80979.3515625,0
2026-05-15 02:17:00+00:00,80883.0,80934.6015625,80850.578125,80924.2890625,0
2026-05-15 02:18:00+00:00,80923.5078125,80934.59375,80894.0,80894.0,63426560
2026-05-15 02:19:00+00:00,80949.03125,80949.0390625,80923.4921875,80923.5,3772416
2026-05-15 02:20:00+00:00,80925.7265625,80950.0703125,80914.921875,80950.0703125,3223552
2026-05-15 02:21:00+00:00,80894.25,80925.0390625,80894.25,80922.0234375,0
2026-05-15 02:22:00+00:00,80950.4765625,80965.46875,80907.8671875,80907.8671875,0
2026-05-15 02:23:00+00:00,80969.8203125,80969.8203125,80934.4765625,80951.140625,4988928
2026-05-15 02:24:00+00:00,80965.546875,80973.9921875,80939.7578125,80973.9921875,0
2026-05-15 02:25:00+00:00,80932.71875,80970.6875,80910.078125,80970.6875,0
2026-05-15 02:26:00+00:00,80947.4609375,80947.4609375,80894.25,80898.4765625,0
2026-05-15 02:27:00+00:00,80944.65625,80944.921875,80929.703125,80942.2265625,0
2026-05-15 02:28:00+00:00,80897.9921875,80944.6484375,80897.9921875,80944.6484375,147943424
2026-05-15 02:29:00+00:00,80887.9765625,80907.390625,80872.71875,80898.0,2818048
2026-05-15 02:30:00+00:00,80875.046875,80895.9765625,80857.203125,80895.9765625,0
2026-05-15 02:31:00+00:00,80833.5234375,80867.65625,80833.5234375,80857.2109375,5148672
2026-05-15 02:32:00+00:00,80772.1484375,80859.0078125,80769.4921875,80846.8671875,1794048
2026-05-15 02:33:00+00:00,80764.3203125,80797.5,80751.25,80789.9921875,0
2026-05-15 02:34:00+00:00,80783.9921875,80783.9921875,80729.0,80752.7421875,54833152
2026-05-15 02:35:00+00:00,80860.0234375,80865.25,80775.9609375,80775.9609375,0
2026-05-15 02:36:00+00:00,80829.71875,80852.640625,80824.0234375,80852.1796875,7389184
2026-05-15 02:37:00+00:00,80883.7578125,80883.7578125,80820.328125,80820.328125,7372800
2026-05-15 02:38:00+00:00,80926.4765625,80926.4765625,80882.140625,80882.140625,0
2026-05-15 02:39:00+00:00,80862.3828125,80934.4296875,80862.359375,80934.4296875,64016384
2026-05-15 02:40:00+00:00,80900.0,80905.2109375,80868.4921875,80868.4921875,0
2026-05-15 02:41:00+00:00,80920.828125,80920.828125,80895.7578125,80902.328125,0
2026-05-15 02:42:00+00:00,80915.0390625,80919.59375,80893.0078125,80919.59375,0
2026-05-15 02:43:00+00:00,81036.609375,81036.609375,80914.546875,80914.546875,0
2026-05-15 02:44:00+00:00,81070.84375,81113.2734375,81043.1171875,81043.1171875,0
2026-05-15 02:45:00+00:00,81149.9921875,81149.9921875,81084.2421875,81102.65625,0
2026-05-15 02:46:00+00:00,81106.671875,81149.9921875,81100.96875,81149.9921875,4657152
2026-05-15 02:47:00+00:00,81136.046875,81136.046875,81084.2734375,81106.6796875,29106176
2026-05-15 02:48:00+00:00,81086.0234375,81141.6015625,81086.0234375,81125.53125,0
2026-05-15 02:49:00+00:00,81105.703125,81111.953125,81090.5625,81090.5625,0
2026-05-15 02:50:00+00:00,81113.1328125,81135.84375,81096.1875,81096.1875,0
2026-05-15 02:51:00+00:00,81254.5390625,81324.0625,81113.1171875,81113.1171875,0
2026-05-15 02:52:00+00:00,81285.953125,81296.0,81224.390625,81264.84375,0
2026-05-15 02:53:00+00:00,81329.9921875,81338.3828125,81279.8984375,81338.3828125,0
2026-05-15 02:54:00+00:00,81292.4921875,81331.453125,81290.8125,81318.3828125,0
2026-05-15 02:55:00+00:00,81265.453125,81297.359375,81255.828125,81297.359375,0
2026-05-15 02:56:00+00:00,81288.0,81288.0,81258.2421875,81275.6796875,245129216
2026-05-15 02:57:00+00:00,81279.3515625,81282.09375,81266.109375,81282.09375,0
2026-05-15 02:58:00+00:00,81297.46875,81304.8125,81271.9765625,81271.9765625,0
2026-05-15 02:59:00+00:00,81281.3984375,81287.8984375,81264.859375,81287.8984375,0
2026-05-15 03:00:00+00:00,81320.03125,81323.453125,81273.953125,81290.53125,0
2026-05-15 03:01:00+00:00,81296.03125,81322.0,81296.0,81313.8515625,0
2026-05-15 03:02:00+00:00,81290.0078125,81331.0390625,81285.359375,81285.359375,1753088
2026-05-15 03:03:00+00:00,81235.2421875,81275.09375,81235.2421875,81274.4765625,0
2026-05-15 03:04:00+00:00,81223.5625,81262.8515625,81223.5625,81248.8671875,0
2026-05-15 03:05:00+00:00,81236.53125,81237.1484375,81223.5625,81237.1484375,786432
2026-05-15 03:06:00+00:00,81179.953125,81241.1171875,81167.2109375,81241.1171875,0
2026-05-15 03:07:00+00:00,81135.8515625,81175.9921875,81135.8515625,81175.9921875,17096704
2026-05-15 03:08:00+00:00,81190.0,81190.4921875,81122.8671875,81140.7265625,0
2026-05-15 03:09:00+00:00,81162.2265625,81184.9609375,81156.4921875,81184.9609375,0
2026-05-15 03:10:00+00:00,81246.6875,81246.6875,81161.3671875,81161.3671875,0
2026-05-15 03:11:00+00:00,81242.6484375,81255.9765625,81239.9921875,81244.0078125,0
2026-05-15 03:12:00+00:00,81234.9765625,81266.3125,81234.9765625,81243.8203125,0
2026-05-15 03:13:00+00:00,81219.71875,81238.2578125,81211.0390625,81238.2578125,0
2026-05-15 03:14:00+00:00,81217.453125,81219.71875,81192.6015625,81219.71875,18219008
2026-05-15 03:15:00+00:00,81197.7734375,81229.640625,81197.7734375,81218.421875,16719872
2026-05-15 03:16:00+00:00,81177.9921875,81194.3125,81155.078125,81194.3125,0
2026-05-15 03:17:00+00:00,81192.3203125,81192.3203125,81174.0,81174.0,0
2026-05-15 03:18:00+00:00,81197.7734375,81230.0,81195.4921875,81195.5,108236800
2026-05-15 03:19:00+00:00,81215.2109375,81221.9921875,81197.9765625,81197.9765625,0
2026-05-15 03:20:00+00:00,81199.0,81228.0625,81195.453125,81228.0625,0
2026-05-15 03:21:00+00:00,81173.890625,81197.6875,81162.609375,81197.6875,0
2026-05-15 03:22:00+00:00,81186.9765625,81186.9765625,81144.609375,81170.0,0
2026-05-15 03:23:00+00:00,81189.53125,81189.53125,81173.6796875,81186.3984375,0
2026-05-15 03:24:00+00:00,81239.03125,81239.03125,81195.328125,81195.328125,0
2026-05-15 03:25:00+00:00,81236.8984375,81240.7265625,81219.9921875,81238.3203125,0
2026-05-15 03:26:00+00:00,81222.59375,81254.5078125,81222.59375,81240.1015625,0
2026-05-15 03:27:00+00:00,81225.96875,81231.40625,81206.1015625,81220.0,0
2026-05-15 03:28:00+00:00,81209.609375,81220.0,81203.3125,81220.0,0
2026-05-15 03:29:00+00:00,81252.0078125,81252.0078125,81203.3203125,81205.9609375,0
2026-05-15 03:30:00+00:00,81195.328125,81233.890625,81195.328125,81233.890625,0
2026-05-15 03:31:00+00:00,81124.7578125,81195.34375,81124.7578125,81195.34375,0
2026-05-15 03:32:00+00:00,81023.640625,81107.9921875,81020.0,81107.9921875,0
2026-05-15 03:33:00+00:00,81026.359375,81045.421875,81012.0078125,81033.9765625,0
2026-05-15 03:34:00+00:00,80977.109375,81026.3515625,80965.71875,81026.3515625,0
2026-05-15 03:35:00+00:00,80947.046875,80994.578125,80934.609375,80984.59375,0
2026-05-15 03:36:00+00:00,80932.9921875,80954.2578125,80922.796875,80954.2578125,0
2026-05-15 03:37:00+00:00,80997.1875,81000.0078125,80933.609375,80935.609375,0
2026-05-15 03:38:00+00:00,81039.9765625,81043.0,80999.203125,81013.296875,1654784
2026-05-15 03:39:00+00:00,80951.9921875,81006.8515625,80951.9921875,81006.8515625,71929856
2026-05-15 03:40:00+00:00,80996.0,80996.5234375,80981.0390625,80981.0390625,4509696
2026-05-15 03:41:00+00:00,81025.828125,81025.828125,80996.0078125,80996.0078125,0
2026-05-15 03:42:00+00:00,80998.8828125,81044.96875,80992.9765625,81027.0390625,25354240
2026-05-15 03:43:00+00:00,80986.609375,81004.3671875,80985.1328125,80998.8828125,0
2026-05-15 03:44:00+00:00,80977.0703125,80987.8125,80971.59375,80979.859375,11460608
2026-05-15 03:45:00+00:00,81009.5078125,81009.5078125,80977.0703125,80977.0703125,2723840
2026-05-15 03:46:00+00:00,80992.453125,81017.6328125,80992.453125,81011.0078125,4927488
2026-05-15 03:47:00+00:00,80994.0390625,81014.7109375,80993.9765625,80993.9921875,27525120
2026-05-15 03:48:00+00:00,80999.140625,81004.9765625,80989.0390625,80995.3671875,0
2026-05-15 03:49:00+00:00,80956.2421875,80991.8203125,80956.2421875,80991.8203125,0
2026-05-15 03:50:00+00:00,80984.859375,80984.859375,80958.9609375,80958.9609375,798720
2026-05-15 03:51:00+00:00,80990.5390625,81005.0,80984.859375,80984.8671875,0
2026-05-15 03:52:00+00:00,81000.8984375,81005.0,80989.4375,80990.53125,0
2026-05-15 03:53:00+00:00,81009.5390625,81009.5390625,80986.8828125,81000.8984375,126976
2026-05-15 03:54:00+00:00,81020.296875,81040.4921875,81014.171875,81017.1484375,0
2026-05-15 03:55:00+00:00,81045.3125,81055.0,81020.296875,81020.296875,0
2026-05-15 03:56:00+00:00,81056.0234375,81056.0234375,81029.0703125,81044.296875,0
2026-05-15 03:57:00+00:00,81071.1875,81086.9765625,81058.0,81058.0,0
2026-05-15 03:58:00+00:00,81064.25,81068.5234375,81058.0234375,81063.890625,0
2026-05-15 03:59:00+00:00,81053.6875,81062.109375,81044.6171875,81062.109375,0
2026-05-15 04:00:00+00:00,81027.4609375,81045.3125,81022.296875,81045.3125,0
2026-05-15 04:01:00+00:00,81003.4765625,81012.0625,81003.4765625,81012.0625,0
2026-05-15 04:02:00+00:00,80976.4296875,80998.8125,80965.859375,80998.8125,0
2026-05-15 04:03:00+00:00,80945.5625,80971.9609375,80942.3984375,80969.15625,200134656
2026-05-15 04:04:00+00:00,80980.0,80980.0,80947.03125,80951.1796875,0
2026-05-15 04:05:00+00:00,81075.0,81075.0,80979.3671875,80979.3671875,0
2026-05-15 04:06:00+00:00,81073.7421875,81081.7890625,81054.8828125,81068.390625,0
2026-05-15 04:07:00+00:00,81075.09375,81075.84375,81064.0,81064.0,0
2026-05-15 04:08:00+00:00,81062.0,81075.1015625,81060.1328125,81075.1015625,0
2026-05-15 04:09:00+00:00,81032.6484375,81063.4921875,81032.6484375,81062.0,0
2026-05-15 04:10:00+00:00,81072.0078125,81072.578125,81035.1796875,81035.1796875,81305600
2026-05-15 04:11:00+00:00,81035.4375,81072.0078125,81035.4375,81072.0078125,0
2026-05-15 04:12:00+00:00,81020.0078125,81035.453125,81017.8671875,81035.453125,38563840
2026-05-15 04:13:00+00:00,81009.1015625,81015.9921875,80975.890625,81006.8515625,0
2026-05-15 04:14:00+00:00,81018.140625,81018.140625,81003.1015625,81013.1328125,0
2026-05-15 04:15:00+00:00,81034.890625,81037.7734375,81012.0078125,81021.5234375,0
2026-05-15 04:16:00+00:00,81046.1171875,81063.296875,81046.1171875,81048.0078125,950272
2026-05-15 04:17:00+00:00,81021.3671875,81040.140625,81009.65625,81040.140625,5414912
2026-05-15 04:18:00+00:00,81001.65625,81022.3125,80986.921875,81022.3125,6987776
2026-05-15 04:19:00+00:00,80968.3671875,81001.1484375,80965.5703125,81001.1484375,0
2026-05-15 04:20:00+00:00,80971.53125,80983.9296875,80944.078125,80977.8515625,0
2026-05-15 04:21:00+00:00,80954.9921875,80971.5078125,80950.078125,80971.5078125,0
2026-05-15 04:22:00+00:00,80890.546875,80953.2734375,80880.6328125,80953.2734375,0
2026-05-15 04:23:00+00:00,80936.6484375,80936.6484375,80905.7890625,80905.7890625,0
2026-05-15 04:24:00+00:00,80967.9609375,80967.96875,80941.6015625,80949.9921875,0
2026-05-15 04:25:00+00:00,80975.3203125,80975.328125,80959.203125,80969.8671875,0
2026-05-15 04:26:00+00:00,80944.9296875,80973.453125,80944.9296875,80970.0078125,16457728
2026-05-15 04:27:00+00:00,80931.9921875,80936.640625,80921.1875,80936.640625,61206528
2026-05-15 04:28:00+00:00,80944.90625,80944.90625,80908.8125,80924.0234375,2060288
2026-05-15 04:29:00+00:00,80900.9921875,80964.0234375,80900.9921875,80950.7578125,0
2026-05-15 04:30:00+00:00,80902.7109375,80915.8671875,80893.34375,80893.34375,491520
2026-05-15 04:31:00+00:00,80901.140625,80907.96875,80895.9921875,80897.53125,0
2026-05-15 04:32:00+00:00,80882.9921875,80902.453125,80867.5078125,80893.9296875,2060288
2026-05-15 04:33:00+00:00,80930.0,80930.0,80887.9921875,80887.9921875,11325440
2026-05-15 04:34:00+00:00,80960.3984375,80960.3984375,80919.1171875,80919.1171875,1310720
2026-05-15 04:35:00+00:00,80939.7734375,80980.9765625,80939.7734375,80980.9765625,0
2026-05-15 04:36:00+00:00,80967.09375,80968.9765625,80939.7578125,80939.7578125,0
2026-05-15 04:37:00+00:00,80934.0234375,80965.3828125,80930.4921875,80965.3828125,3235840
2026-05-15 04:38:00+00:00,80935.9921875,80943.578125,80933.359375,80943.578125,0
2026-05-15 04:39:00+00:00,80965.9921875,80965.9921875,80925.9765625,80937.6171875,34770944
2026-05-15 04:40:00+00:00,80991.0703125,81005.3125,80967.9921875,80968.0,5693440
2026-05-15 04:41:00+00:00,81001.9921875,81024.0,80992.0078125,80992.0078125,0
2026-05-15 04:42:00+00:00,81000.9921875,81006.84375,80991.359375,80999.03125,0
2026-05-15 04:43:00+00:00,80983.9921875,80998.1328125,80983.9921875,80998.1328125,0
2026-05-15 04:44:00+00:00,80909.9921875,80985.609375,80908.0234375,80985.609375,7462912
2026-05-15 04:45:00+00:00,80908.6171875,80908.65625,80889.2890625,80908.65625,0
2026-05-15 04:46:00+00:00,80913.953125,80913.953125,80889.8671875,80902.6484375,0
2026-05-15 04:47:00+00:00,80908.0,80933.0234375,80908.0,80917.3828125,7454720
2026-05-15 04:48:00+00:00,80846.0078125,80901.9765625,80846.0078125,80900.046875,120004608
2026-05-15 04:49:00+00:00,80877.84375,80898.4921875,80850.6328125,80850.6328125,380928
2026-05-15 04:50:00+00:00,80890.5234375,80890.5234375,80862.359375,80870.9765625,0
2026-05-15 04:51:00+00:00,80856.328125,80888.1484375,80856.328125,80877.84375,0
2026-05-15 04:52:00+00:00,80865.1171875,80872.671875,80855.2734375,80856.3203125,0
2026-05-15 04:53:00+00:00,80815.96875,80865.1171875,80815.96875,80865.109375,0
2026-05-15 04:54:00+00:00,80831.9765625,80831.9765625,80800.9921875,80807.109375,0
2026-05-15 04:55:00+00:00,80782.3984375,80821.078125,80780.3828125,80821.078125,2936832
2026-05-15 04:56:00+00:00,80778.6484375,80800.4375,80778.6484375,80782.3984375,0
2026-05-15 04:57:00+00:00,80784.328125,80789.578125,80773.9921875,80773.9921875,0
2026-05-15 04:58:00+00:00,80776.0078125,80796.796875,80775.1875,80796.796875,176037888
2026-05-15 04:59:00+00:00,80710.328125,80775.84375,80694.03125,80775.84375,1028096
2026-05-15 05:00:00+00:00,80687.9921875,80714.0,80645.9921875,80713.71875,10981376
2026-05-15 05:01:00+00:00,80761.9921875,80761.9921875,80663.421875,80663.421875,1990656
2026-05-15 05:02:00+00:00,80798.1796875,80799.5234375,80748.828125,80771.0625,0
2026-05-15 05:03:00+00:00,80812.0,80812.0,80777.0,80802.0078125,0
2026-05-15 05:04:00+00:00,80833.9609375,80833.9609375,80781.703125,80813.59375,0
2026-05-15 05:05:00+00:00,80809.0703125,80833.96875,80807.4296875,80833.96875,0
2026-05-15 05:06:00+00:00,80783.703125,80816.7421875,80772.3125,80816.7421875,0
2026-05-15 05:07:00+00:00,80739.6484375,80783.9765625,80717.8828125,80783.9765625,22564864
2026-05-15 05:08:00+00:00,80751.890625,80751.890625,80702.3984375,80735.5234375,0
2026-05-15 05:09:00+00:00,80768.9375,80768.9375,80742.078125,80753.953125,33095680
2026-05-15 05:10:00+00:00,80764.0234375,80775.9921875,80738.5234375,80775.9921875,921600
2026-05-15 05:11:00+00:00,80721.4765625,80762.0390625,80716.0,80762.0390625,2404352
2026-05-15 05:12:00+00:00,80778.8984375,80784.9765625,80728.1484375,80728.1484375,0
2026-05-15 05:13:00+00:00,80759.4375,80780.3125,80757.5078125,80778.8984375,0
2026-05-15 05:14:00+00:00,80809.859375,80809.859375,80743.6875,80759.4375,2203648
2026-05-15 05:15:00+00:00,80858.9765625,80858.9765625,80810.6484375,80810.6484375,62930944
2026-05-15 05:16:00+00:00,80839.4609375,80859.78125,80839.453125,80857.4765625,2445312
2026-05-15 05:17:00+00:00,80785.7421875,80833.0,80784.9609375,80833.0,0
2026-05-15 05:18:00+00:00,80811.59375,80825.578125,80783.078125,80783.078125,0
2026-05-15 05:19:00+00:00,80845.90625,80845.90625,80814.0,80815.0234375,0
2026-05-15 05:20:00+00:00,80828.0703125,80856.8671875,80828.0703125,80838.0078125,2355200
2026-05-15 05:21:00+00:00,80855.28125,80871.2890625,80837.6796875,80837.6796875,0
2026-05-15 05:22:00+00:00,80841.296875,80857.9765625,80824.7578125,80857.9765625,2572288
2026-05-15 05:23:00+00:00,80795.03125,80836.6328125,80769.4765625,80836.6328125,0
2026-05-15 05:24:00+00:00,80850.890625,80850.890625,80792.6796875,80792.6796875,0
2026-05-15 05:25:00+00:00,80849.1328125,80867.5234375,80848.3671875,80853.0234375,0
2026-05-15 05:26:00+00:00,80805.609375,80847.53125,80805.6015625,80841.78125,0
2026-05-15 05:27:00+00:00,80788.65625,80797.4765625,80778.0,80790.1171875,0
2026-05-15 05:28:00+00:00,80770.90625,80805.03125,80769.2890625,80805.03125,2822144
2026-05-15 05:29:00+00:00,80786.296875,80786.296875,80750.0078125,80768.1875,0
2026-05-15 05:30:00+00:00,80715.9921875,80803.1875,80715.9921875,80803.1875,34693120
2026-05-15 05:31:00+00:00,80604.3671875,80699.3125,80604.3671875,80699.3125,0
2026-05-15 05:32:00+00:00,80538.3984375,80599.203125,80516.640625,80599.203125,1048576
2026-05-15 05:33:00+00:00,80568.2265625,80568.2265625,80498.0234375,80522.453125,28389376
2026-05-15 05:34:00+00:00,80547.6015625,80582.4375,80547.6015625,80565.2421875,0
2026-05-15 05:35:00+00:00,80435.796875,80545.96875,80435.796875,80545.96875,0
2026-05-15 05:36:00+00:00,80385.8515625,80447.078125,80356.5703125,80420.0,0
2026-05-15 05:37:00+00:00,80325.71875,80380.7578125,80308.0,80356.5625,0
2026-05-15 05:38:00+00:00,80374.5390625,80374.5390625,80318.9765625,80327.2109375,0
2026-05-15 05:39:00+00:00,80408.3125,80421.0,80367.0078125,80373.59375,0
2026-05-15 05:40:00+00:00,80375.578125,80392.796875,80346.3203125,80392.796875,18825216
2026-05-15 05:41:00+00:00,80380.71875,80413.4296875,80366.9921875,80368.609375,4050944
2026-05-15 05:42:00+00:00,80406.1171875,80413.4375,80387.6328125,80391.0390625,289640448
2026-05-15 05:43:00+00:00,80477.4765625,80490.828125,80414.359375,80414.359375,8609792
2026-05-15 05:44:00+00:00,80455.46875,80478.0703125,80449.5703125,80470.4375,0
2026-05-15 05:45:00+00:00,80414.828125,80449.640625,80405.75,80449.640625,0
2026-05-15 05:46:00+00:00,80397.25,80430.4296875,80393.9921875,80420.21875,24309760
2026-05-15 05:47:00+00:00,80408.0703125,80416.0078125,80372.1875,80394.140625,0
2026-05-15 05:48:00+00:00,80389.7734375,80416.0,80346.3984375,80414.0,8069120
2026-05-15 05:49:00+00:00,80392.7890625,80419.7734375,80375.9765625,80397.3125,43773952
2026-05-15 05:50:00+00:00,80439.2265625,80439.2265625,80392.0,80392.0,0
2026-05-15 05:51:00+00:00,80506.390625,80537.28125,80448.2578125,80453.796875,165666816
2026-05-15 05:52:00+00:00,80413.890625,80494.6171875,80413.4375,80494.6171875,0
2026-05-15 05:53:00+00:00,80449.8828125,80459.25,80407.9921875,80417.828125,10436608
2026-05-15 05:54:00+00:00,80447.0390625,80454.7265625,80423.8671875,80440.6015625,6676480
2026-05-15 05:55:00+00:00,80436.59375,80444.0234375,80434.078125,80434.078125,0
2026-05-15 05:56:00+00:00,80414.0,80439.2265625,80408.3125,80436.59375,0
2026-05-15 05:57:00+00:00,80359.9921875,80400.0,80351.9921875,80400.0,0
2026-05-15 05:58:00+00:00,80341.1875,80351.6875,80327.6796875,80351.6875,0
2026-05-15 05:59:00+00:00,80364.0,80364.0,80308.7265625,80327.8671875,0
2026-05-15 06:00:00+00:00,80345.4609375,80359.796875,80305.9609375,80346.359375,0
2026-05-15 06:01:00+00:00,80331.046875,80359.3671875,80307.53125,80332.0,0
2026-05-15 06:02:00+00:00,80376.7421875,80379.546875,80325.0390625,80325.0390625,7987200
2026-05-15 06:03:00+00:00,80387.890625,80392.7890625,80366.0390625,80375.703125,0
2026-05-15 06:04:00+00:00,80408.40625,80423.75,80378.828125,80378.828125,44027904
2026-05-15 06:05:00+00:00,80435.421875,80440.0,80403.1328125,80415.390625,536576
2026-05-15 06:06:00+00:00,80403.609375,80417.0234375,80396.1171875,80412.0,0
2026-05-15 06:07:00+00:00,80423.3203125,80423.3203125,80389.328125,80395.3515625,59609088
2026-05-15 06:08:00+00:00,80446.0078125,80454.71875,80400.53125,80413.6171875,4657152
2026-05-15 06:09:00+00:00,80422.1484375,80436.6328125,80393.25,80436.6328125,88461312
2026-05-15 06:10:00+00:00,80413.9609375,80424.859375,80395.34375,80424.859375,2985984
2026-05-15 06:11:00+00:00,80421.4296875,80445.203125,80414.1875,80414.1875,0
2026-05-15 06:12:00+00:00,80421.2890625,80423.5,80416.0,80420.7421875,77598720
2026-05-15 06:13:00+00:00,80404.0703125,80422.71875,80404.0703125,80418.0078125,0
2026-05-15 06:14:00+00:00,80398.9296875,80410.0078125,80398.9296875,80410.0078125,1314816
2026-05-15 06:15:00+00:00,80395.40625,80400.671875,80379.8515625,80400.671875,0
2026-05-15 06:16:00+00:00,80462.140625,80462.140625,80395.40625,80395.40625,0
2026-05-15 06:17:00+00:00,80440.0234375,80472.7890625,80440.0078125,80465.0390625,4833280
2026-05-15 06:18:00+00:00,80397.96875,80440.0078125,80397.96875,80440.0078125,6422528
2026-05-15 06:19:00+00:00,80356.6796875,80397.9609375,80356.6796875,80397.9609375,0
2026-05-15 06:20:00+00:00,80340.78125,80346.3828125,80306.78125,80346.3828125,8445952
2026-05-15 06:21:00+00:00,80445.6875,80447.7890625,80352.6875,80352.6875,144330752
2026-05-15 06:22:00+00:00,80439.0,80445.8203125,80428.4609375,80445.6796875,0
2026-05-15 06:23:00+00:00,80416.3828125,80416.390625,80408.28125,80413.453125,0
2026-05-15 06:24:00+00:00,80404.4609375,80440.0,80400.0,80428.28125,0
2026-05-15 06:25:00+00:00,80404.8515625,80430.2734375,80393.9765625,80393.9765625,5238784
2026-05-15 06:26:00+00:00,80462.6484375,80462.65625,80410.0,80410.0,0
2026-05-15 06:27:00+00:00,80485.0078125,80487.59375,80463.15625,80463.15625,0
2026-05-15 06:28:00+00:00,80475.828125,80491.8828125,80475.828125,80484.8515625,75788288
2026-05-15 06:29:00+00:00,80510.3203125,80510.3203125,80484.9921875,80484.9921875,2400256
2026-05-15 06:30:00+00:00,80584.0703125,80584.0703125,80502.21875,80516.53125,0
2026-05-15 06:31:00+00:00,80550.0,80578.546875,80550.0,80578.546875,9203712
2026-05-15 06:32:00+00:00,80534.0078125,80549.2734375,80531.0234375,80549.2734375,0
2026-05-15 06:33:00+00:00,80531.4921875,80533.546875,80530.109375,80531.3203125,268083200
2026-05-15 06:34:00+00:00,80497.2890625,80537.9296875,80497.2890625,80533.421875,7671808
2026-05-15 06:35:00+00:00,80511.1171875,80532.109375,80511.109375,80515.9921875,0
2026-05-15 06:36:00+00:00,80535.3125,80535.953125,80499.390625,80518.7109375,15859712
2026-05-15 06:37:00+00:00,80555.9765625,80555.9765625,80510.0078125,80535.3203125,0
2026-05-15 06:38:00+00:00,80551.921875,80555.9921875,80528.75,80555.9921875,5107712
2026-05-15 06:39:00+00:00,80567.171875,80567.171875,80544.90625,80544.90625,0
2026-05-15 06:40:00+00:00,80586.4921875,80593.9765625,80573.3984375,80573.3984375,2744320
2026-05-15 06:41:00+00:00,80621.109375,80621.9296875,80588.8671875,80588.8671875,1097728
2026-05-15 06:42:00+00:00,80612.0078125,80624.0625,80592.109375,80621.921875,152870912
2026-05-15 06:43:00+00:00,80606.0078125,80611.34375,80603.328125,80611.34375,0
2026-05-15 06:44:00+00:00,80586.3984375,80597.2265625,80584.9921875,80597.2265625,21278720
2026-05-15 06:45:00+00:00,80578.6484375,80621.1015625,80577.8671875,80599.9921875,63655936
2026-05-15 06:46:00+00:00,80567.3828125,80577.328125,80550.0,80577.328125,0
2026-05-15 06:47:00+00:00,80592.03125,80594.390625,80563.7890625,80566.7734375,80146432
2026-05-15 06:48:00+00:00,80551.828125,80593.296875,80551.828125,80592.1875,0
2026-05-15 06:49:00+00:00,80582.46875,80586.421875,80559.796875,80559.796875,0
2026-05-15 06:50:00+00:00,80568.0,80592.9765625,80568.0,80582.4765625,16384000
2026-05-15 06:51:00+00:00,80559.4296875,80562.59375,80546.8828125,80551.609375,22302720
2026-05-15 06:52:00+00:00,80546.6171875,80559.9765625,80542.453125,80559.9765625,0
2026-05-15 06:53:00+00:00,80568.0078125,80579.2421875,80542.0,80545.640625,0
2026-05-15 06:54:00+00:00,80576.25,80576.25,80557.9296875,80568.0,5459968
2026-05-15 06:55:00+00:00,80596.0,80596.0,80575.7265625,80575.7265625,0
2026-05-15 06:56:00+00:00,80595.2109375,80625.96875,80595.2109375,80596.0,0
2026-05-15 06:57:00+00:00,80586.0234375,80600.921875,80584.96875,80600.921875,0
2026-05-15 06:58:00+00:00,80566.0,80586.03125,80541.421875,80586.03125,0
2026-05-15 06:59:00+00:00,80568.2421875,80586.8984375,80564.84375,80565.9921875,0
2026-05-15 07:00:00+00:00,80589.53125,80596.421875,80563.5625,80575.0,17727488
2026-05-15 07:01:00+00:00,80607.9921875,80614.671875,80584.46875,80588.703125,0
2026-05-15 07:02:00+00:00,80633.796875,80633.796875,80610.4609375,80610.4609375,8740864
2026-05-15 07:03:00+00:00,80596.3125,80621.9375,80596.3125,80621.9375,0
2026-05-15 07:04:00+00:00,80608.1015625,80612.203125,80594.0390625,80594.0390625,0
2026-05-15 07:05:00+00:00,80628.453125,80628.6484375,80605.5390625,80605.5390625,118784
2026-05-15 07:06:00+00:00,80628.0078125,80651.390625,80616.890625,80628.3515625,25878528
2026-05-15 07:07:00+00:00,80628.546875,80640.03125,80628.2109375,80635.3203125,0
2026-05-15 07:08:00+00:00,80547.75,80625.0078125,80547.75,80625.0078125,0
2026-05-15 07:09:00+00:00,80607.1875,80607.1875,80552.296875,80558.0,0
2026-05-15 07:10:00+00:00,80683.84375,80683.84375,80624.390625,80624.390625,0
2026-05-15 07:11:00+00:00,80718.0,80718.0,80676.6015625,80676.609375,0
2026-05-15 07:12:00+00:00,80705.96875,80723.03125,80702.40625,80723.03125,0
2026-05-15 07:13:00+00:00,80733.03125,80738.5078125,80709.578125,80709.578125,0
2026-05-15 07:14:00+00:00,80764.0,80765.0078125,80749.4296875,80750.4765625,0
2026-05-15 07:15:00+00:00,80786.8984375,80798.5234375,80759.2890625,80759.2890625,1683456
2026-05-15 07:16:00+00:00,80759.59375,80800.21875,80759.59375,80770.0390625,0
2026-05-15 07:17:00+00:00,80723.046875,80757.96875,80723.0390625,80757.96875,0
2026-05-15 07:18:00+00:00,80722.7734375,80726.421875,80699.1796875,80720.09375,0
2026-05-15 07:19:00+00:00,80728.1875,80728.1875,80711.9921875,80719.9921875,0
2026-05-15 07:20:00+00:00,80758.453125,80758.453125,80728.1875,80728.1875,0
2026-05-15 07:21:00+00:00,80797.1484375,80826.8515625,80772.2265625,80773.90625,0
2026-05-15 07:22:00+00:00,80853.2734375,80858.8671875,80803.9921875,80813.2109375,48930816
2026-05-15 07:23:00+00:00,80895.7578125,80918.7265625,80886.1171875,80886.1171875,36093952
2026-05-15 07:24:00+00:00,80897.71875,80924.2734375,80890.0,80892.84375,0
2026-05-15 07:25:00+00:00,80915.203125,80915.9765625,80890.0,80890.0,0
2026-05-15 07:26:00+00:00,80991.3515625,80991.3515625,80913.9296875,80913.9296875,9478144
2026-05-15 07:27:00+00:00,80960.421875,80986.4296875,80960.421875,80983.3203125,67989504
2026-05-15 07:28:00+00:00,80911.296875,80980.046875,80911.296875,80951.6328125,21745664
2026-05-15 07:29:00+00:00,80898.46875,80924.0078125,80896.7265625,80908.796875,0
2026-05-15 07:30:00+00:00,80883.0,80903.3828125,80883.0,80898.4609375,0
2026-05-15 07:31:00+00:00,80849.7109375,80895.0703125,80849.7109375,80885.46875,173535232
2026-05-15 07:32:00+00:00,80803.5703125,80828.8515625,80795.9921875,80821.078125,0
2026-05-15 07:33:00+00:00,80796.828125,80815.8828125,80781.21875,80815.8828125,44953600
2026-05-15 07:34:00+00:00,80810.59375,80810.59375,80775.140625,80788.0078125,1658880
2026-05-15 07:35:00+00:00,80814.7734375,80834.40625,80810.25,80815.90625,123658240
2026-05-15 07:36:00+00:00,80779.8125,80813.0234375,80779.8125,80813.0234375,0
2026-05-15 07:37:00+00:00,80782.0,80782.0,80750.453125,80771.203125,9568256
2026-05-15 07:38:00+00:00,80788.5703125,80799.9921875,80782.0,80784.9609375,0
2026-05-15 07:39:00+00:00,80793.5390625,80798.8828125,80784.9609375,80795.4921875,80314368
2026-05-15 07:40:00+00:00,80780.21875,80792.6484375,80771.953125,80792.6484375,3301376
2026-05-15 07:41:00+00:00,80739.3125,80776.6015625,80739.3125,80776.6015625,0
2026-05-15 07:42:00+00:00,80773.90625,80784.4375,80738.078125,80738.8984375,128827392
2026-05-15 07:43:00+00:00,80846.359375,80851.7734375,80773.9921875,80773.9921875,933888
2026-05-15 07:44:00+00:00,80816.0703125,80830.0,80816.0703125,80830.0,655360
2026-05-15 07:45:00+00:00,80799.6796875,80809.90625,80783.609375,80809.90625,0
2026-05-15 07:46:00+00:00,80810.46875,80813.9609375,80801.6875,80813.953125,52031488
2026-05-15 07:47:00+00:00,80786.0703125,80799.96875,80777.9921875,80799.96875,7929856
2026-05-15 07:48:00+00:00,80783.828125,80786.078125,80769.9921875,80786.0703125,28807168
2026-05-15 07:49:00+00:00,80841.71875,80841.71875,80783.8515625,80783.8515625,4509696
2026-05-15 07:50:00+00:00,80861.0,80861.0,80838.6328125,80841.328125,39854080
2026-05-15 07:51:00+00:00,80849.2890625,80849.3203125,80830.0078125,80843.1015625,0
2026-05-15 07:52:00+00:00,80863.9609375,80866.921875,80852.3125,80862.3515625,2678784
2026-05-15 07:53:00+00:00,80840.21875,80875.96875,80840.2109375,80863.953125,0
2026-05-15 07:54:00+00:00,80826.0234375,80840.2109375,80826.0078125,80840.2109375,35389440
2026-05-15 07:55:00+00:00,80844.1484375,80852.0,80815.9921875,80821.1171875,1396736
2026-05-15 07:56:00+00:00,80841.71875,80862.3515625,80841.71875,80844.1484375,31567872
2026-05-15 07:57:00+00:00,80823.0078125,80840.1328125,80821.078125,80836.5703125,0
2026-05-15 07:58:00+00:00,80813.6875,80823.8984375,80813.6875,80823.0078125,0
2026-05-15 07:59:00+00:00,80815.9921875,80819.9921875,80813.078125,80813.703125,8163328
2026-05-15 08:00:00+00:00,80776.1171875,80819.9921875,80776.0,80819.9921875,0
2026-05-15 08:01:00+00:00,80717.109375,80765.7578125,80712.7578125,80763.21875,0
2026-05-15 08:02:00+00:00,80688.25,80732.0,80685.0,80710.9296875,0
2026-05-15 08:03:00+00:00,80736.859375,80736.90625,80690.96875,80697.2265625,0
2026-05-15 08:04:00+00:00,80701.890625,80727.796875,80694.0,80727.796875,0
2026-05-15 08:05:00+00:00,80723.7734375,80726.40625,80701.6875,80701.6875,6787072
2026-05-15 08:06:00+00:00,80716.0078125,80739.21875,80709.53125,80733.53125,0
2026-05-15 08:07:00+00:00,80736.28125,80736.28125,80707.5625,80713.90625,0
2026-05-15 08:08:00+00:00,80698.5078125,80751.96875,80698.5078125,80743.5703125,0
2026-05-15 08:09:00+00:00,80714.0078125,80715.1875,80692.078125,80697.28125,23318528
2026-05-15 08:10:00+00:00,80686.921875,80720.671875,80686.921875,80718.1328125,0
2026-05-15 08:11:00+00:00,80671.9765625,80675.6328125,80661.1171875,80675.6328125,0
2026-05-15 08:12:00+00:00,80674.2109375,80691.96875,80670.0,80675.9765625,0
2026-05-15 08:13:00+00:00,80685.59375,80686.8828125,80669.3125,80673.0078125,0
2026-05-15 08:14:00+00:00,80732.03125,80732.03125,80684.453125,80686.8984375,0
2026-05-15 08:15:00+00:00,80679.0078125,80724.6484375,80674.421875,80724.6484375,122802176
2026-05-15 08:16:00+00:00,80649.3671875,80674.3984375,80644.6015625,80674.390625,1138688
2026-05-15 08:17:00+00:00,80597.828125,80653.8515625,80560.2734375,80649.34375,0
2026-05-15 08:18:00+00:00,80648.109375,80648.109375,80578.078125,80622.8984375,0
2026-05-15 08:19:00+00:00,80622.546875,80652.8671875,80617.109375,80647.953125,30081024
2026-05-15 08:20:00+00:00,80647.6015625,80647.6015625,80606.59375,80606.59375,30445568
2026-05-15 08:21:00+00:00,80636.0,80638.0,80609.9921875,80618.0,0
2026-05-15 08:22:00+00:00,80626.5234375,80636.40625,80607.0234375,80618.453125,4288512
2026-05-15 08:23:00+00:00,80630.2734375,80648.0,80612.9296875,80632.328125,0
2026-05-15 08:24:00+00:00,80618.0,80649.171875,80618.0,80638.0,0
2026-05-15 08:25:00+00:00,80643.5,80651.8515625,80617.0234375,80617.0234375,0
2026-05-15 08:26:00+00:00,80599.5625,80649.96875,80599.5625,80649.96875,164876288
2026-05-15 08:27:00+00:00,80571.78125,80608.1796875,80571.78125,80599.9296875,0
2026-05-15 08:28:00+00:00,80552.546875,80552.546875,80519.9296875,80550.0,0
2026-05-15 08:29:00+00:00,80530.0,80564.0078125,80519.6328125,80564.0078125,3645440
2026-05-15 08:30:00+00:00,80415.9296875,80533.4296875,80415.9296875,80533.4296875,0
2026-05-15 08:31:00+00:00,80467.859375,80473.390625,80423.5,80433.046875,0
2026-05-15 08:32:00+00:00,80531.59375,80543.0,80480.8671875,80480.8671875,0
2026-05-15 08:33:00+00:00,80547.78125,80547.78125,80495.8203125,80516.078125,0
2026-05-15 08:34:00+00:00,80593.96875,80593.96875,80562.09375,80562.09375,0
2026-05-15 08:35:00+00:00,80581.28125,80624.2578125,80581.28125,80586.9765625,0
2026-05-15 08:36:00+00:00,80624.6875,80624.6875,80567.0,80583.96875,36311040
2026-05-15 08:37:00+00:00,80643.390625,80660.0,80629.0234375,80629.0234375,0
2026-05-15 08:38:00+00:00,80623.7265625,80660.7265625,80623.7265625,80640.3984375,0
2026-05-15 08:39:00+00:00,80633.4296875,80638.6015625,80625.9296875,80625.9609375,0
2026-05-15 08:40:00+00:00,80658.53125,80662.0078125,80641.84375,80643.0703125,0
2026-05-15 08:41:00+00:00,80676.046875,80688.0078125,80664.2890625,80668.6171875,0
2026-05-15 08:42:00+00:00,80681.6171875,80704.671875,80652.9375,80689.703125,0
2026-05-15 08:43:00+00:00,80708.0703125,80716.703125,80668.0,80688.34375,0
2026-05-15 08:44:00+00:00,80683.8828125,80707.078125,80678.9296875,80707.078125,0
2026-05-15 08:45:00+00:00,80644.3828125,80683.75,80640.3515625,80683.75,0
2026-05-15 08:46:00+00:00,80636.09375,80644.3828125,80625.15625,80644.3828125,0
2026-05-15 08:47:00+00:00,80634.75,80646.0,80623.4609375,80629.0390625,0
2026-05-15 08:48:00+00:00,80626.7265625,80646.6875,80626.40625,80639.0078125,116891648
2026-05-15 08:49:00+00:00,80643.5,80662.9921875,80628.0078125,80628.0078125,0
2026-05-15 08:50:00+00:00,80589.5234375,80649.0,80589.5234375,80649.0,0
2026-05-15 08:51:00+00:00,80587.140625,80590.1875,80576.5625,80586.546875,0
2026-05-15 08:52:00+00:00,80576.640625,80587.0703125,80563.0,80587.0703125,1220608
2026-05-15 08:53:00+00:00,80591.59375,80593.8828125,80577.390625,80577.390625,0
2026-05-15 08:54:00+00:00,80614.703125,80622.7421875,80595.953125,80595.953125,0
2026-05-15 08:55:00+00:00,80600.1875,80605.1015625,80586.7578125,80600.7265625,0
2026-05-15 08:56:00+00:00,80651.8671875,80655.671875,80599.921875,80599.921875,0
2026-05-15 08:57:00+00:00,80656.703125,80663.0390625,80651.46875,80655.2890625,0
2026-05-15 08:58:00+00:00,80633.8671875,80660.359375,80633.8203125,80660.359375,593920
2026-05-15 08:59:00+00:00,80640.0,80641.0390625,80621.7109375,80621.7109375,1318912
2026-05-15 09:00:00+00:00,80609.3984375,80648.21875,80609.3984375,80642.0078125,0
2026-05-15 09:01:00+00:00,80631.7890625,80632.7890625,80614.390625,80614.390625,0
2026-05-15 09:02:00+00:00,80551.609375,80633.546875,80548.4765625,80633.546875,13807616
2026-05-15 09:03:00+00:00,80578.4921875,80578.4921875,80547.7890625,80547.7890625,194932736
2026-05-15 09:04:00+00:00,80622.28125,80622.28125,80571.6875,80581.65625,0
2026-05-15 09:05:00+00:00,80673.1328125,80673.1328125,80638.0703125,80638.0703125,0
2026-05-15 09:06:00+00:00,80600.3671875,80657.7265625,80600.3671875,80657.7265625,0
2026-05-15 09:07:00+00:00,80583.0703125,80600.6796875,80576.46875,80600.6796875,2437120
2026-05-15 09:08:00+00:00,80586.0078125,80587.9921875,80566.921875,80585.9921875,0
2026-05-15 09:09:00+00:00,80593.3671875,80604.6171875,80573.828125,80573.828125,6328320
2026-05-15 09:10:00+00:00,80579.859375,80601.1015625,80569.046875,80597.2265625,6098944
2026-05-15 09:11:00+00:00,80580.421875,80605.09375,80572.828125,80572.828125,0
2026-05-15 09:12:00+00:00,80548.09375,80572.09375,80539.890625,80572.078125,28635136
2026-05-15 09:13:00+00:00,80589.7578125,80589.7578125,80565.1875,80571.578125,0
2026-05-15 09:14:00+00:00,80570.3671875,80595.3671875,80562.3828125,80589.796875,0
2026-05-15 09:15:00+00:00,80544.7265625,80568.53125,80544.7265625,80568.4609375,0
2026-05-15 09:16:00+00:00,80527.0234375,80562.8828125,80527.0234375,80562.8828125,0
2026-05-15 09:17:00+00:00,80552.28125,80559.6875,80527.0234375,80536.4921875,2715648
2026-05-15 09:18:00+00:00,80550.859375,80553.4375,80531.0234375,80553.4375,0
2026-05-15 09:19:00+00:00,80521.0625,80546.0,80518.171875,80546.0,0
2026-05-15 09:20:00+00:00,80502.5234375,80514.828125,80486.59375,80514.828125,0
2026-05-15 09:21:00+00:00,80528.65625,80538.09375,80515.96875,80519.296875,0
2026-05-15 09:22:00+00:00,80479.65625,80505.0,80467.3203125,80505.0,1269760
2026-05-15 09:23:00+00:00,80465.03125,80481.0625,80462.921875,80479.1015625,0
2026-05-15 09:24:00+00:00,80497.703125,80497.703125,80465.9921875,80465.9921875,10649600
2026-05-15 09:25:00+00:00,80479.6015625,80519.078125,80462.390625,80519.078125,1110016
2026-05-15 09:26:00+00:00,80500.859375,80500.859375,80454.140625,80467.296875,0
2026-05-15 09:27:00+00:00,80517.84375,80520.078125,80501.7421875,80501.7421875,0
2026-05-15 09:28:00+00:00,80533.4296875,80533.4296875,80500.0,80517.90625,0
2026-05-15 09:29:00+00:00,80566.921875,80574.6328125,80539.25,80539.25,2846720
2026-05-15 09:30:00+00:00,80561.953125,80577.921875,80561.921875,80572.59375,171012096
2026-05-15 09:31:00+00:00,80559.2578125,80581.2265625,80559.2578125,80562.1875,0
2026-05-15 09:32:00+00:00,80608.0078125,80608.0078125,80546.0,80546.0,0
2026-05-15 09:33:00+00:00,80632.2890625,80632.2890625,80594.5234375,80606.03125,2924544
2026-05-15 09:34:00+00:00,80605.8984375,80634.8515625,80605.8984375,80633.828125,1871872
2026-05-15 09:35:00+00:00,80601.21875,80627.4375,80586.5,80627.4375,0
2026-05-15 09:36:00+00:00,80604.6015625,80638.96875,80604.6015625,80613.6796875,0
2026-05-15 09:37:00+00:00,80535.0,80593.09375,80535.0,80593.09375,0
2026-05-15 09:38:00+00:00,80518.46875,80531.578125,80491.1875,80531.578125,9863168
2026-05-15 09:39:00+00:00,80501.828125,80517.0703125,80493.59375,80499.9765625,161554432
2026-05-15 09:40:00+00:00,80470.6171875,80512.171875,80469.1484375,80502.0078125,0
2026-05-15 09:41:00+00:00,80463.5078125,80463.5078125,80444.0078125,80463.5078125,0
2026-05-15 09:42:00+00:00,80441.0078125,80473.71875,80421.4765625,80465.0390625,0
2026-05-15 09:43:00+00:00,80448.1796875,80458.9609375,80443.40625,80443.40625,0
2026-05-15 09:44:00+00:00,80428.8125,80448.171875,80422.0,80448.171875,1593344
2026-05-15 09:45:00+00:00,80448.921875,80448.921875,80407.046875,80427.171875,0
2026-05-15 09:46:00+00:00,80428.0234375,80455.25,80428.0234375,80448.9296875,0
2026-05-15 09:47:00+00:00,80430.0078125,80465.453125,80426.0078125,80433.703125,0
2026-05-15 09:48:00+00:00,80432.2890625,80433.75,80424.21875,80430.0234375,0
2026-05-15 09:49:00+00:00,80435.421875,80443.8671875,80424.1015625,80429.90625,199917568
2026-05-15 09:50:00+00:00,80377.78125,80409.0,80370.9296875,80404.6875,0
2026-05-15 09:51:00+00:00,80373.03125,80391.59375,80371.96875,80385.9921875,10276864
2026-05-15 09:52:00+00:00,80416.0,80416.0,80366.1171875,80374.0,1507328
2026-05-15 09:53:00+00:00,80397.0,80408.0078125,80382.7890625,80408.0078125,0
2026-05-15 09:54:00+00:00,80401.9921875,80401.9921875,80379.671875,80391.03125,2019328
2026-05-15 09:55:00+00:00,80447.28125,80461.640625,80387.84375,80387.84375,0
2026-05-15 09:56:00+00:00,80463.3984375,80498.3984375,80447.3984375,80498.3984375,2560000
2026-05-15 09:57:00+00:00,80449.9921875,80467.6875,80439.8984375,80467.6875,54206464
2026-05-15 09:58:00+00:00,80460.0,80460.75,80453.5078125,80453.5078125,0
2026-05-15 09:59:00+00:00,80488.0078125,80488.0078125,80450.03125,80457.4375,0
2026-05-15 10:00:00+00:00,80426.0625,80489.4765625,80409.171875,80489.4765625,76230656
2026-05-15 10:01:00+00:00,80452.5234375,80454.0078125,80420.7578125,80420.7578125,0
2026-05-15 10:02:00+00:00,80490.90625,80493.8671875,80465.0,80471.8125,360448
2026-05-15 10:03:00+00:00,80459.953125,80490.25,80446.8671875,80490.25,0
2026-05-15 10:04:00+00:00,80476.0703125,80476.0703125,80451.5,80465.828125,0
2026-05-15 10:05:00+00:00,80514.4609375,80527.5,80460.0,80477.09375,3956736
2026-05-15 10:06:00+00:00,80524.5625,80526.2109375,80487.2109375,80504.7578125,0
2026-05-15 10:07:00+00:00,80530.1484375,80547.7734375,80509.9609375,80529.25,1433600
2026-05-15 10:08:00+00:00,80554.140625,80554.140625,80518.0390625,80529.4609375,0
2026-05-15 10:09:00+00:00,80564.2109375,80564.2109375,80553.546875,80553.546875,0
2026-05-15 10:10:00+00:00,80561.0,80566.0078125,80548.25,80566.0078125,34217984
2026-05-15 10:11:00+00:00,80588.09375,80589.3125,80560.953125,80560.953125,0
2026-05-15 10:12:00+00:00,80595.4375,80600.1875,80569.0078125,80588.0703125,0
2026-05-15 10:13:00+00:00,80578.109375,80595.578125,80577.6875,80595.578125,294912
2026-05-15 10:14:00+00:00,80594.296875,80600.25,80586.71875,80586.71875,0
2026-05-15 10:15:00+00:00,80579.9609375,80591.1015625,80576.46875,80590.0078125,11476992
2026-05-15 10:16:00+00:00,80513.46875,80576.46875,80510.3125,80576.46875,0
2026-05-15 10:17:00+00:00,80525.96875,80527.3671875,80508.0,80509.671875,4640768
2026-05-15 10:18:00+00:00,80502.5078125,80524.0078125,80489.0390625,80524.0078125,0
2026-05-15 10:19:00+00:00,80494.90625,80514.3125,80493.1171875,80504.1796875,0
2026-05-15 10:20:00+00:00,80533.0390625,80533.0390625,80492.0078125,80499.421875,24576
2026-05-15 10:21:00+00:00,80508.3515625,80547.78125,80508.3515625,80536.0078125,0
2026-05-15 10:22:00+00:00,80518.5,80523.1796875,80509.9375,80516.671875,0
2026-05-15 10:23:00+00:00,80543.84375,80545.296875,80517.109375,80517.109375,41816064
2026-05-15 10:24:00+00:00,80547.0,80559.2265625,80535.890625,80559.2265625,0
2026-05-15 10:25:00+00:00,80567.4375,80576.4609375,80555.0,80555.0,0
2026-05-15 10:26:00+00:00,80553.5703125,80563.3203125,80535.671875,80563.3203125,0
2026-05-15 10:27:00+00:00,80510.7109375,80559.9765625,80510.7109375,80555.6015625,8536064
2026-05-15 10:28:00+00:00,80511.0,80513.546875,80506.0,80507.6171875,380928
2026-05-15 10:29:00+00:00,80510.9375,80512.6171875,80507.75,80507.75,4460544
2026-05-15 10:30:00+00:00,80538.0078125,80538.0078125,80506.75,80506.75,0
2026-05-15 10:31:00+00:00,80560.46875,80560.7890625,80540.9375,80544.0,368640
2026-05-15 10:32:00+00:00,80560.0234375,80570.671875,80554.921875,80562.84375,0
2026-05-15 10:33:00+00:00,80574.0078125,80574.0078125,80555.03125,80558.0078125,0
2026-05-15 10:34:00+00:00,80557.359375,80573.921875,80546.0,80573.921875,0
2026-05-15 10:35:00+00:00,80528.0234375,80557.3515625,80504.53125,80557.3515625,0
2026-05-15 10:36:00+00:00,80523.421875,80529.421875,80515.1171875,80528.15625,14270464
2026-05-15 10:37:00+00:00,80490.421875,80533.3984375,80490.421875,80523.0234375,0
2026-05-15 10:38:00+00:00,80481.46875,80501.9296875,80481.46875,80495.4375,3149824
2026-05-15 10:39:00+00:00,80491.5390625,80491.5390625,80481.4765625,80487.9921875,2547712
2026-05-15 10:40:00+00:00,80445.4765625,80482.78125,80442.6171875,80482.78125,0
2026-05-15 10:41:00+00:00,80449.96875,80455.7265625,80437.8515625,80450.6875,0
2026-05-15 10:42:00+00:00,80475.0,80475.0,80449.9765625,80449.9765625,0
2026-05-15 10:43:00+00:00,80473.7265625,80478.4765625,80469.0703125,80478.4765625,430080
2026-05-15 10:44:00+00:00,80528.6484375,80528.6484375,80451.0,80473.71875,0
2026-05-15 10:45:00+00:00,80578.5,80590.0234375,80534.0390625,80534.0390625,2142208
2026-05-15 10:46:00+00:00,80616.4375,80675.453125,80612.5625,80614.6875,0
2026-05-15 10:47:00+00:00,80698.5078125,80698.5078125,80619.3671875,80619.3671875,4890624
2026-05-15 10:48:00+00:00,80662.9375,80682.0703125,80662.9375,80682.0703125,0
2026-05-15 10:49:00+00:00,80619.53125,80702.078125,80619.53125,80680.0078125,0
2026-05-15 10:50:00+00:00,80669.0390625,80689.3515625,80617.3125,80617.3125,0
2026-05-15 10:51:00+00:00,80758.90625,80758.90625,80660.3984375,80660.3984375,7888896
2026-05-15 10:52:00+00:00,80743.2578125,80771.796875,80731.96875,80767.6484375,0
2026-05-15 10:53:00+00:00,80756.4921875,80767.6484375,80753.3203125,80753.3203125,9027584
2026-05-15 10:54:00+00:00,80737.453125,80756.4375,80737.453125,80756.4375,28979200
2026-05-15 10:55:00+00:00,80740.4765625,80755.296875,80734.8515625,80741.5078125,6205440
2026-05-15 10:56:00+00:00,80716.21875,80740.921875,80711.4609375,80739.9921875,0
2026-05-15 10:57:00+00:00,80728.03125,80742.0078125,80717.25,80717.25,17108992
2026-05-15 10:58:00+00:00,80717.40625,80728.0390625,80717.3984375,80728.0390625,135168
2026-05-15 10:59:00+00:00,80710.2890625,80717.40625,80697.953125,80717.40625,5787648
2026-05-15 11:00:00+00:00,80744.03125,80753.3125,80718.6875,80718.6875,51740672
2026-05-15 11:01:00+00:00,80722.2890625,80744.828125,80722.2890625,80741.96875,0
2026-05-15 11:02:00+00:00,80672.046875,80719.859375,80652.953125,80719.859375,0
2026-05-15 11:03:00+00:00,80669.4921875,80672.8984375,80667.28125,80672.046875,0
2026-05-15 11:04:00+00:00,80624.9765625,80662.5,80624.9765625,80662.5,1744896
2026-05-15 11:05:00+00:00,80633.8125,80634.0,80609.921875,80624.9765625,0
2026-05-15 11:06:00+00:00,80624.2578125,80647.640625,80624.2578125,80647.640625,154464256
2026-05-15 11:07:00+00:00,80617.0703125,80622.59375,80605.1484375,80622.59375,0
2026-05-15 11:08:00+00:00,80608.4921875,80617.9921875,80608.4921875,80617.078125,4661248
2026-05-15 11:09:00+00:00,80600.3671875,80610.03125,80587.546875,80608.4921875,0
2026-05-15 11:10:00+00:00,80637.078125,80637.09375,80587.5625,80587.5625,0
2026-05-15 11:11:00+00:00,80628.03125,80662.4921875,80628.03125,80662.4921875,29073408
2026-05-15 11:12:00+00:00,80621.03125,80652.0,80621.03125,80629.0390625,0
2026-05-15 11:13:00+00:00,80644.9765625,80644.9765625,80617.7265625,80625.03125,0
2026-05-15 11:14:00+00:00,80675.53125,80675.5390625,80644.3671875,80644.3828125,5148672
2026-05-15 11:15:00+00:00,80700.0,80700.0,80675.5390625,80675.5390625,6619136
2026-05-15 11:16:00+00:00,80694.0078125,80713.8984375,80693.46875,80713.8984375,0
2026-05-15 11:17:00+00:00,80703.84375,80703.8515625,80686.578125,80686.578125,0
2026-05-15 11:18:00+00:00,80633.8203125,80694.40625,80633.8203125,80691.203125,0
2026-05-15 11:19:00+00:00,80659.7578125,80672.0625,80650.0234375,80651.9921875,0
2026-05-15 11:20:00+00:00,80678.40625,80680.0078125,80659.7734375,80659.7734375,266240
2026-05-15 11:21:00+00:00,80629.34375,80675.453125,80629.34375,80674.96875,0
2026-05-15 11:22:00+00:00,80600.6875,80629.1328125,80600.6875,80629.1328125,573440
2026-05-15 11:23:00+00:00,80603.9765625,80613.171875,80595.578125,80605.328125,0
2026-05-15 11:24:00+00:00,80580.7734375,80614.6171875,80580.7734375,80602.9921875,0
2026-05-15 11:25:00+00:00,80595.578125,80616.953125,80594.0,80594.0,14012416
2026-05-15 11:26:00+00:00,80608.0,80608.0,80584.96875,80597.3515625,125063168
2026-05-15 11:27:00+00:00,80612.3515625,80613.1875,80600.359375,80607.2265625,0
2026-05-15 11:28:00+00:00,80623.109375,80632.1015625,80612.0390625,80612.0390625,0
2026-05-15 11:29:00+00:00,80629.0234375,80630.71875,80624.0625,80630.71875,0
2026-05-15 11:30:00+00:00,80612.75,80626.0078125,80610.8515625,80626.0,2682880
2026-05-15 11:31:00+00:00,80621.640625,80624.2578125,80612.75,80612.75,0
2026-05-15 11:32:00+00:00,80609.546875,80624.2578125,80609.546875,80621.6328125,0
2026-05-15 11:33:00+00:00,80617.7578125,80617.7578125,80609.546875,80609.546875,0
2026-05-15 11:34:00+00:00,80598.0234375,80616.0625,80586.0234375,80616.0625,0
2026-05-15 11:35:00+00:00,80635.59375,80635.59375,80609.90625,80609.90625,0
2026-05-15 11:36:00+00:00,80627.609375,80641.3125,80622.0,80635.6015625,0
2026-05-15 11:37:00+00:00,80614.3203125,80614.859375,80609.9296875,80609.9296875,0
2026-05-15 11:38:00+00:00,80629.03125,80629.0390625,80606.3828125,80612.0,0
2026-05-15 11:39:00+00:00,80600.7265625,80620.8828125,80590.8125,80620.8828125,0
2026-05-15 11:40:00+00:00,80597.453125,80600.7265625,80586.2265625,80600.7265625,0
2026-05-15 11:41:00+00:00,80600.0,80600.0,80584.046875,80596.3515625,0
2026-05-15 11:42:00+00:00,80630.8515625,80633.09375,80595.09375,80595.09375,0
2026-05-15 11:43:00+00:00,80624.2734375,80639.7734375,80624.2734375,80632.84375,0
2026-05-15 11:44:00+00:00,80641.9765625,80641.9921875,80617.140625,80619.4765625,0
2026-05-15 11:45:00+00:00,80657.7734375,80660.8203125,80632.796875,80632.796875,0
2026-05-15 11:46:00+00:00,80672.609375,80673.40625,80662.2109375,80662.2109375,417792
2026-05-15 11:47:00+00:00,80692.03125,80692.03125,80670.9921875,80672.6015625,0
2026-05-15 11:48:00+00:00,80707.4921875,80713.921875,80686.0078125,80692.03125,0
2026-05-15 11:49:00+00:00,80663.34375,80690.0390625,80662.5,80690.0390625,0
2026-05-15 11:50:00+00:00,80695.953125,80695.953125,80662.5078125,80665.53125,0
2026-05-15 11:51:00+00:00,80686.0,80705.5234375,80686.0,80694.359375,0
2026-05-15 11:52:00+00:00,80681.9375,80687.9609375,80676.8515625,80684.7265625,0
2026-05-15 11:53:00+00:00,80669.25,80669.84375,80643.3828125,80662.5078125,11132928
2026-05-15 11:54:00+00:00,80671.890625,80674.109375,80667.28125,80667.28125,0
2026-05-15 11:55:00+00:00,80594.4921875,80675.4609375,80594.4921875,80672.8203125,0
2026-05-15 11:56:00+00:00,80605.1328125,80605.1328125,80584.03125,80590.8125,0
2026-05-15 11:57:00+00:00,80617.828125,80623.578125,80605.140625,80605.140625,0
2026-05-15 11:58:00+00:00,80620.8984375,80635.8984375,80617.28125,80617.28125,1073152
2026-05-15 11:59:00+00:00,80616.046875,80622.5078125,80614.203125,80619.8515625,0
2026-05-15 12:00:00+00:00,80628.078125,80628.078125,80600.359375,80600.359375,0
2026-05-15 12:01:00+00:00,80571.7578125,80635.0,80571.7578125,80635.0,0
2026-05-15 12:02:00+00:00,80510.921875,80560.9921875,80509.4296875,80558.2109375,0
2026-05-15 12:03:00+00:00,80532.0078125,80533.4296875,80507.9921875,80507.9921875,0
2026-05-15 12:04:00+00:00,80509.5625,80539.5234375,80505.546875,80532.0,0
2026-05-15 12:05:00+00:00,80468.578125,80511.1796875,80468.578125,80511.1796875,0
2026-05-15 12:06:00+00:00,80411.1484375,80467.9765625,80411.1484375,80467.9765625,0
2026-05-15 12:07:00+00:00,80406.7265625,80406.9375,80385.84375,80405.0234375,0
2026-05-15 12:08:00+00:00,80418.71875,80418.71875,80390.0625,80406.2734375,0
2026-05-15 12:09:00+00:00,80581.2265625,80581.2265625,80419.296875,80423.4921875,13873152
2026-05-15 12:10:00+00:00,80583.7890625,80583.7890625,80559.2421875,80579.828125,0
2026-05-15 12:11:00+00:00,80532.0078125,80577.96875,80530.03125,80577.96875,4431872
2026-05-15 12:12:00+00:00,80495.9765625,80532.0,80495.9765625,80532.0,79826944
2026-05-15 12:13:00+00:00,80500.7734375,80506.5078125,80492.046875,80495.9765625,10801152
2026-05-15 12:14:00+00:00,80408.0078125,80495.203125,80408.0078125,80495.203125,0
2026-05-15 12:15:00+00:00,80425.953125,80425.953125,80374.09375,80398.0234375,0
2026-05-15 12:16:00+00:00,80461.2265625,80461.2265625,80418.5234375,80430.8671875,0
2026-05-15 12:17:00+00:00,80454.1328125,80456.75,80446.40625,80446.40625,44384256
2026-05-15 12:18:00+00:00,80470.140625,80470.140625,80444.2265625,80455.1328125,0
2026-05-15 12:19:00+00:00,80502.0234375,80504.7578125,80462.0,80462.0,3072000
2026-05-15 12:20:00+00:00,80503.3515625,80508.71875,80487.328125,80492.359375,0
2026-05-15 12:21:00+00:00,80505.046875,80519.1015625,80490.421875,80514.9296875,0
2026-05-15 12:22:00+00:00,80538.59375,80563.7421875,80497.3671875,80497.3671875,73408512
2026-05-15 12:23:00+00:00,80506.0625,80538.9609375,80504.7734375,80538.9609375,213315584
2026-05-15 12:24:00+00:00,80478.921875,80498.796875,80465.1015625,80498.796875,0
2026-05-15 12:25:00+00:00,80470.0,80480.6484375,80465.453125,80480.3125,544768
2026-05-15 12:26:00+00:00,80497.7734375,80499.96875,80478.0,80480.8515625,0
2026-05-15 12:27:00+00:00,80494.3671875,80494.5078125,80478.0078125,80485.6484375,26791936
2026-05-15 12:28:00+00:00,80508.0234375,80509.9375,80495.203125,80495.203125,0
2026-05-15 12:29:00+00:00,80532.4921875,80532.9375,80507.6484375,80507.6484375,4145152
2026-05-15 12:30:00+00:00,80439.921875,80493.296875,80430.40625,80493.296875,2535424
2026-05-15 12:31:00+00:00,80475.25,80475.59375,80428.0078125,80436.2265625,7090176
2026-05-15 12:32:00+00:00,80544.2890625,80544.2890625,80459.03125,80459.03125,0
2026-05-15 12:33:00+00:00,80508.8828125,80547.7734375,80506.1875,80547.7734375,0
2026-05-15 12:34:00+00:00,80527.828125,80528.0078125,80504.7578125,80504.7734375,0
2026-05-15 12:35:00+00:00,80516.0078125,80547.5703125,80507.3828125,80547.5703125,3575808
2026-05-15 12:36:00+00:00,80492.4296875,80512.0078125,80488.0078125,80512.0078125,0
2026-05-15 12:37:00+00:00,80434.6015625,80494.046875,80434.6015625,80494.046875,0
2026-05-15 12:38:00+00:00,80432.15625,80456.9296875,80429.8984375,80435.546875,0
2026-05-15 12:39:00+00:00,80459.9921875,80460.65625,80432.7109375,80438.8828125,0
2026-05-15 12:40:00+00:00,80428.3984375,80460.7421875,80428.3984375,80460.7421875,0
2026-05-15 12:41:00+00:00,80434.5234375,80440.96875,80432.0234375,80433.7421875,0
2026-05-15 12:42:00+00:00,80388.046875,80419.5703125,80386.03125,80416.2578125,0
2026-05-15 12:43:00+00:00,80434.2890625,80434.2890625,80386.0234375,80386.0234375,0
2026-05-15 12:44:00+00:00,80410.640625,80437.828125,80410.640625,80434.8828125,0
2026-05-15 12:45:00+00:00,80366.1015625,80390.6484375,80364.0078125,80390.6484375,75051008
2026-05-15 12:46:00+00:00,80408.0078125,80413.9296875,80380.4765625,80380.4765625,0
2026-05-15 12:47:00+00:00,80406.0,80409.7109375,80399.9765625,80408.0234375,0
2026-05-15 12:48:00+00:00,80402.78125,80409.6796875,80381.4609375,80409.6796875,0
2026-05-15 12:49:00+00:00,80390.3984375,80422.40625,80382.0078125,80409.1484375,0
2026-05-15 12:50:00+00:00,80376.1796875,80391.8125,80371.546875,80383.6171875,0
2026-05-15 12:51:00+00:00,80385.25,80385.25,80346.8515625,80375.296875,120070144
2026-05-15 12:52:00+00:00,80433.046875,80433.046875,80361.25,80370.9765625,0
2026-05-15 12:53:00+00:00,80380.8671875,80436.0,80375.703125,80436.0,0
2026-05-15 12:54:00+00:00,80342.25,80366.1484375,80337.4609375,80366.1484375,0
2026-05-15 12:55:00+00:00,80376.8828125,80376.8828125,80344.3984375,80358.0,0
2026-05-15 12:56:00+00:00,80361.359375,80379.8828125,80354.8515625,80362.8515625,0
2026-05-15 12:57:00+00:00,80370.3984375,80370.5625,80353.9921875,80355.9921875,0
2026-05-15 12:58:00+00:00,80370.0,80371.578125,80369.96875,80370.3984375,0
2026-05-15 12:59:00+00:00,80380.1328125,80380.46875,80371.578125,80371.578125,43315200
2026-05-15 13:00:00+00:00,80302.0,80361.359375,80302.0,80361.359375,6160384
2026-05-15 13:01:00+00:00,80226.6328125,80304.0,80205.0078125,80304.0,1998848
2026-05-15 13:02:00+00:00,80144.1796875,80215.5625,80144.1796875,80200.8984375,4624384
2026-05-15 13:03:00+00:00,80108.109375,80161.9921875,80108.109375,80136.703125,0
2026-05-15 13:04:00+00:00,80131.90625,80131.90625,80077.9921875,80103.3984375,0
2026-05-15 13:05:00+00:00,80125.9921875,80136.6875,80098.9609375,80133.2890625,0
2026-05-15 13:06:00+00:00,80122.84375,80122.84375,80098.4609375,80107.90625,0
2026-05-15 13:07:00+00:00,80074.65625,80109.8828125,80074.65625,80109.8828125,13279232
2026-05-15 13:08:00+00:00,80057.96875,80085.09375,80057.96875,80080.2578125,0
2026-05-15 13:09:00+00:00,80079.6875,80091.9921875,80053.859375,80053.859375,0
2026-05-15 13:10:00+00:00,80099.1015625,80108.0,80064.2109375,80070.953125,71688192
2026-05-15 13:11:00+00:00,80106.9921875,80119.9921875,80099.7421875,80099.7421875,3276800
2026-05-15 13:12:00+00:00,80069.84375,80095.7578125,80056.0703125,80095.7578125,0
2026-05-15 13:13:00+00:00,80066.65625,80071.8203125,80049.546875,80069.84375,7438336
2026-05-15 13:14:00+00:00,80120.0,80120.0,80058.78125,80058.78125,0
2026-05-15 13:15:00+00:00,80106.0390625,80116.3125,80049.546875,80116.3125,336011264
2026-05-15 13:16:00+00:00,80089.84375,80098.0078125,80062.109375,80084.7578125,7491584
2026-05-15 13:17:00+00:00,80080.84375,80091.90625,80071.5390625,80080.1796875,0
2026-05-15 13:18:00+00:00,80115.421875,80115.421875,80071.59375,80078.3125,0
2026-05-15 13:19:00+00:00,80120.0,80140.0078125,80103.65625,80114.5078125,0
2026-05-15 13:20:00+00:00,80130.8671875,80133.8515625,80120.0078125,80120.0703125,269639680
2026-05-15 13:21:00+00:00,80140.6171875,80148.078125,80135.0078125,80135.9765625,0
2026-05-15 13:22:00+00:00,80140.0078125,80160.0078125,80138.9375,80142.0078125,0
2026-05-15 13:23:00+00:00,80159.046875,80170.03125,80140.0,80152.96875,0
2026-05-15 13:24:00+00:00,80155.671875,80155.6796875,80137.9765625,80138.9296875,0
2026-05-15 13:25:00+00:00,80079.859375,80151.0234375,80078.828125,80151.0234375,0
2026-05-15 13:26:00+00:00,80057.0234375,80093.7109375,80057.0234375,80078.828125,0
2026-05-15 13:27:00+00:00,80036.0,80082.046875,80033.0078125,80064.28125,0
2026-05-15 13:28:00+00:00,79998.90625,80047.6171875,79987.5234375,80037.0234375,0
2026-05-15 13:29:00+00:00,79991.0234375,80026.5625,79987.4921875,80007.2734375,136384512
2026-05-15 13:30:00+00:00,79888.78125,79966.9375,79859.9921875,79966.9375,0
2026-05-15 13:31:00+00:00,79784.0,79828.0,79714.0,79828.0,11624448
2026-05-15 13:32:00+00:00,79712.0078125,79765.0,79680.0078125,79765.0,0
2026-05-15 13:33:00+00:00,79627.859375,79680.0,79627.859375,79680.0,26128384
2026-05-15 13:34:00+00:00,79670.40625,79690.65625,79625.9765625,79628.8203125,41050112
2026-05-15 13:35:00+00:00,79627.4765625,79658.578125,79615.0,79629.2109375,0
2026-05-15 13:36:00+00:00,79600.0078125,79634.4765625,79586.703125,79617.59375,88977408
2026-05-15 13:37:00+00:00,79561.0078125,79613.921875,79557.09375,79601.84375,0
2026-05-15 13:38:00+00:00,79367.9765625,79521.4375,79334.0,79521.4375,720748544
2026-05-15 13:39:00+00:00,79305.3828125,79378.0,79267.390625,79378.0,144056320
2026-05-15 13:40:00+00:00,79321.8125,79321.8125,79268.3671875,79291.5625,0
2026-05-15 13:41:00+00:00,79186.6015625,79298.8125,79185.4296875,79298.8125,23105536
2026-05-15 13:42:00+00:00,79093.25,79194.0078125,79055.28125,79175.28125,251715584
2026-05-15 13:43:00+00:00,79099.2578125,79136.0,79085.3203125,79096.0,33849344
2026-05-15 13:44:00+00:00,79089.59375,79184.7265625,79089.59375,79121.921875,0
2026-05-15 13:45:00+00:00,79047.390625,79122.5,79047.1328125,79093.953125,133750784
2026-05-15 13:46:00+00:00,79169.0,79169.0,78980.9609375,79001.4296875,0
2026-05-15 13:47:00+00:00,79148.96875,79230.9765625,79111.90625,79209.3515625,46469120
2026-05-15 13:48:00+00:00,79076.7578125,79209.53125,79057.9765625,79190.0078125,338563072
2026-05-15 13:49:00+00:00,79073.0234375,79081.2109375,78974.5703125,79081.2109375,46178304
2026-05-15 13:50:00+00:00,78955.53125,79082.0,78928.0,79082.0,0
2026-05-15 13:51:00+00:00,78707.53125,78837.1484375,78665.0234375,78830.171875,0
2026-05-15 13:52:00+00:00,78753.328125,78756.3984375,78666.296875,78666.296875,114126848
2026-05-15 13:53:00+00:00,78949.9296875,78949.9296875,78759.90625,78759.90625,19988480
2026-05-15 13:54:00+00:00,79013.3515625,79042.0078125,78945.328125,78945.328125,142024704
2026-05-15 13:55:00+00:00,78832.6484375,79023.953125,78830.859375,79023.953125,69066752
2026-05-15 13:56:00+00:00,78754.0,78855.9375,78750.0,78818.9921875,0
2026-05-15 13:57:00+00:00,78724.0,78768.421875,78703.1484375,78755.84375,179142656
2026-05-15 13:58:00+00:00,78660.15625,78710.390625,78647.203125,78710.390625,49364992
2026-05-15 13:59:00+00:00,78701.9296875,78844.390625,78700.9296875,78756.3984375,0
2026-05-15 14:00:00+00:00,78657.7890625,78729.21875,78601.1875,78729.21875,901939200
2026-05-15 14:01:00+00:00,78771.4921875,78795.78125,78643.0078125,78682.0,0
2026-05-15 14:02:00+00:00,78896.75,78925.921875,78822.5390625,78826.53125,34869248
2026-05-15 14:03:00+00:00,78866.0,78906.0,78853.0625,78883.84375,94412800
2026-05-15 14:04:00+00:00,78906.8515625,78920.7734375,78785.046875,78854.7421875,0
2026-05-15 14:05:00+00:00,78870.0,78948.9921875,78870.0,78910.0,0
2026-05-15 14:06:00+00:00,78860.6484375,78882.6328125,78801.6484375,78882.6328125,0
2026-05-15 14:07:00+00:00,78887.9375,78911.4921875,78871.8828125,78871.8828125,0
2026-05-15 14:08:00+00:00,78985.9921875,78985.9921875,78915.0,78915.0,39530496
2026-05-15 14:09:00+00:00,79068.46875,79145.6484375,78988.9765625,78988.9765625,482254848
2026-05-15 14:10:00+00:00,79104.0625,79125.5390625,79093.2421875,79099.96875,0
2026-05-15 14:11:00+00:00,79091.96875,79091.96875,79004.65625,79060.4296875,127447040
2026-05-15 14:12:00+00:00,79181.9921875,79181.9921875,79037.28125,79077.609375,0
2026-05-15 14:13:00+00:00,79169.4296875,79287.7890625,79169.4296875,79237.3671875,23109632
2026-05-15 14:14:00+00:00,79209.4296875,79209.4296875,79169.453125,79178.0390625,0
2026-05-15 14:15:00+00:00,79190.0703125,79197.4296875,79143.53125,79185.46875,157290496
2026-05-15 14:16:00+00:00,79165.03125,79220.3671875,79140.5,79199.8203125,0
2026-05-15 14:17:00+00:00,79245.9375,79262.0,79184.921875,79184.921875,0
2026-05-15 14:18:00+00:00,79239.1171875,79259.0625,79210.3125,79250.7421875,11714560
2026-05-15 14:19:00+00:00,79161.96875,79273.34375,79160.4296875,79273.34375,278528
2026-05-15 14:20:00+00:00,79179.9609375,79179.9609375,79151.96875,79177.078125,8814592
2026-05-15 14:21:00+00:00,79136.2734375,79203.296875,79136.2734375,79177.3203125,0
2026-05-15 14:22:00+00:00,79157.390625,79160.0078125,79096.4609375,79143.0390625,0
2026-05-15 14:23:00+00:00,79196.6328125,79211.6796875,79150.0078125,79150.0078125,0
2026-05-15 14:24:00+00:00,79131.4375,79186.0234375,79131.4375,79176.0,33673216
2026-05-15 14:25:00+00:00,79106.0,79137.3203125,79040.0703125,79137.3203125,15486976
2026-05-15 14:26:00+00:00,79053.1328125,79114.6796875,79044.78125,79100.3984375,0
2026-05-15 14:27:00+00:00,79043.3203125,79078.0078125,79034.1484375,79037.6484375,2150400
2026-05-15 14:28:00+00:00,79079.9921875,79106.171875,79041.859375,79041.859375,0
2026-05-15 14:29:00+00:00,79030.15625,79063.921875,78959.9921875,79063.921875,4042752
2026-05-15 14:30:00+00:00,79092.0078125,79099.828125,79034.3203125,79081.0625,0
2026-05-15 14:31:00+00:00,79000.0,79114.7734375,79000.0,79114.7734375,6520832
2026-05-15 14:32:00+00:00,79007.046875,79027.96875,78947.953125,79001.7734375,0
2026-05-15 14:33:00+00:00,79000.3984375,79018.3125,78969.671875,79001.3125,0
2026-05-15 14:34:00+00:00,79089.0,79102.9296875,79013.4375,79013.4375,0
2026-05-15 14:35:00+00:00,79175.078125,79175.078125,79077.9765625,79089.1484375,4354048
2026-05-15 14:36:00+00:00,79126.0078125,79154.03125,79095.453125,79144.0078125,353329152
2026-05-15 14:37:00+00:00,79095.2109375,79150.109375,79092.0,79133.3125,0
2026-05-15 14:38:00+00:00,79132.4921875,79133.6015625,79070.9609375,79071.6484375,0
2026-05-15 14:39:00+00:00,79127.1328125,79153.3828125,79107.0078125,79153.3828125,93073408
2026-05-15 14:40:00+00:00,79156.3828125,79156.3828125,79118.171875,79118.171875,0
2026-05-15 14:41:00+00:00,79148.03125,79185.1171875,79126.8203125,79166.5625,0
2026-05-15 14:42:00+00:00,79196.5234375,79202.0,79141.71875,79149.5390625,0
2026-05-15 14:43:00+00:00,79169.9765625,79228.1171875,79167.75,79206.0234375,0
2026-05-15 14:44:00+00:00,79170.296875,79183.0,79149.390625,79165.421875,0
2026-05-15 14:45:00+00:00,79100.4375,79189.7890625,79088.046875,79173.9765625,0
2026-05-15 14:46:00+00:00,79000.96875,79086.0,78976.25,79067.2265625,4468736
2026-05-15 14:47:00+00:00,78963.90625,79061.140625,78963.90625,79001.28125,0
2026-05-15 14:48:00+00:00,78950.7734375,78976.9375,78917.9296875,78960.8984375,0
2026-05-15 14:49:00+00:00,78971.78125,78991.4375,78954.75,78954.75,0
2026-05-15 14:50:00+00:00,78976.390625,78976.390625,78940.0,78965.921875,0
2026-05-15 14:51:00+00:00,79008.3203125,79020.0,78953.84375,78988.9296875,0
2026-05-15 14:52:00+00:00,79074.34375,79074.34375,78975.4765625,78987.2265625,0
2026-05-15 14:53:00+00:00,79069.171875,79089.2421875,79055.453125,79069.171875,0
2026-05-15 14:54:00+00:00,79136.0,79136.0,79055.78125,79075.9296875,0
2026-05-15 14:55:00+00:00,79124.84375,79177.453125,79095.21875,79177.453125,0
2026-05-15 14:56:00+00:00,79177.0234375,79177.0234375,79119.9765625,79119.9765625,0
2026-05-15 14:57:00+00:00,79264.0078125,79271.9765625,79201.15625,79201.15625,0
2026-05-15 14:58:00+00:00,79230.0234375,79256.640625,79196.0703125,79256.640625,0
2026-05-15 14:59:00+00:00,79111.921875,79221.0,79111.921875,79221.0,0
2026-05-15 15:00:00+00:00,79109.53125,79177.1796875,79109.53125,79145.3671875,0
2026-05-15 15:01:00+00:00,79172.40625,79212.0703125,79111.4765625,79112.0,11739136
2026-05-15 15:02:00+00:00,79065.0,79157.828125,79065.0,79152.7265625,0
2026-05-15 15:03:00+00:00,79080.09375,79080.09375,79043.0390625,79045.578125,0
2026-05-15 15:04:00+00:00,79070.1171875,79104.0,79061.0078125,79091.8984375,15306752
2026-05-15 15:05:00+00:00,79116.671875,79116.671875,79057.890625,79057.890625,0
2026-05-15 15:06:00+00:00,79067.7578125,79122.0234375,79061.96875,79109.0,0
2026-05-15 15:07:00+00:00,79061.15625,79089.7578125,79061.15625,79072.6796875,0
2026-05-15 15:08:00+00:00,79064.109375,79073.1796875,79045.1171875,79053.546875,0
2026-05-15 15:09:00+00:00,79219.953125,79219.953125,79053.140625,79053.140625,0
2026-05-15 15:10:00+00:00,79291.0,79291.0,79190.2890625,79238.0,0
2026-05-15 15:11:00+00:00,79237.7109375,79265.671875,79217.9921875,79265.671875,0
2026-05-15 15:12:00+00:00,79256.0,79256.0,79189.4765625,79225.5703125,0
2026-05-15 15:13:00+00:00,79215.3515625,79254.0078125,79189.703125,79254.0078125,0
2026-05-15 15:14:00+00:00,79204.84375,79238.796875,79184.921875,79237.578125,2273280
2026-05-15 15:15:00+00:00,79186.0,79195.84375,79172.7109375,79193.4921875,0
2026-05-15 15:16:00+00:00,79183.0078125,79254.3671875,79183.0078125,79197.546875,0
2026-05-15 15:17:00+00:00,79211.1796875,79211.1796875,79168.6875,79197.1796875,0
2026-05-15 15:18:00+00:00,79192.8984375,79230.03125,79182.9375,79222.1328125,56004608
2026-05-15 15:19:00+00:00,79232.1875,79261.1796875,79182.7578125,79184.0078125,0
2026-05-15 15:20:00+00:00,79285.7265625,79298.0234375,79241.8203125,79241.8203125,4947968
2026-05-15 15:21:00+00:00,79325.1484375,79325.25,79270.3203125,79298.0625,0
2026-05-15 15:22:00+00:00,79264.7109375,79337.5703125,79264.7109375,79333.828125,0
2026-05-15 15:23:00+00:00,79252.0,79276.4921875,79233.59375,79259.0,0
2026-05-15 15:24:00+00:00,79228.0078125,79269.0,79228.0078125,79252.0078125,0
2026-05-15 15:25:00+00:00,79125.0078125,79206.6796875,79105.953125,79206.6796875,5160960
2026-05-15 15:26:00+00:00,79181.7265625,79192.0,79123.7890625,79123.7890625,0
2026-05-15 15:27:00+00:00,79141.453125,79175.0234375,79141.453125,79170.859375,0
2026-05-15 15:28:00+00:00,79118.0234375,79133.65625,79088.0078125,79133.65625,0
2026-05-15 15:29:00+00:00,79099.171875,79113.546875,79071.65625,79113.546875,31346688
2026-05-15 15:30:00+00:00,79129.140625,79175.9609375,79129.140625,79148.2890625,0
2026-05-15 15:31:00+00:00,79148.71875,79157.2734375,79118.1796875,79133.2890625,0
2026-05-15 15:32:00+00:00,79165.4296875,79185.140625,79143.3515625,79149.40625,2744320
2026-05-15 15:33:00+00:00,79167.703125,79192.4921875,79140.140625,79192.4921875,0
2026-05-15 15:34:00+00:00,79118.2109375,79165.359375,79118.2109375,79165.359375,0
2026-05-15 15:35:00+00:00,79118.046875,79118.046875,79055.09375,79109.2890625,0
2026-05-15 15:36:00+00:00,79093.7890625,79128.8828125,79093.7890625,79118.953125,0
2026-05-15 15:37:00+00:00,79121.3203125,79121.3203125,79085.578125,79090.4375,0
2026-05-15 15:38:00+00:00,79116.3125,79135.9375,79101.5390625,79114.46875,25931776
2026-05-15 15:39:00+00:00,79099.46875,79111.9609375,79062.2421875,79111.953125,177025024
2026-05-15 15:40:00+00:00,79113.8828125,79115.84375,79065.1796875,79092.1171875,0
2026-05-15 15:41:00+00:00,79127.203125,79127.203125,79075.2265625,79075.2265625,0
2026-05-15 15:42:00+00:00,79116.4921875,79133.328125,79110.71875,79133.328125,0
2026-05-15 15:43:00+00:00,79092.9765625,79103.0,79064.59375,79103.0,21905408
2026-05-15 15:44:00+00:00,79063.4765625,79101.3984375,79037.109375,79091.3984375,1794048
2026-05-15 15:45:00+00:00,79055.7421875,79060.03125,78980.9921875,79060.03125,0
2026-05-15 15:46:00+00:00,79040.25,79047.859375,79030.84375,79037.15625,0
2026-05-15 15:47:00+00:00,79080.3203125,79080.3203125,79053.2734375,79053.2734375,0
2026-05-15 15:48:00+00:00,79121.296875,79146.0703125,79106.09375,79107.7109375,0
2026-05-15 15:49:00+00:00,79094.9765625,79141.34375,79090.2890625,79133.2578125,0
2026-05-15 15:50:00+00:00,79158.609375,79158.609375,79081.4765625,79086.7109375,0
2026-05-15 15:51:00+00:00,79147.4296875,79166.1015625,79141.8515625,79149.390625,44417024
2026-05-15 15:52:00+00:00,79157.2265625,79165.328125,79150.796875,79165.3203125,0
2026-05-15 15:53:00+00:00,79148.9765625,79166.2578125,79139.890625,79156.9375,2613248
2026-05-15 15:54:00+00:00,79202.9609375,79203.90625,79160.3203125,79160.3203125,0
2026-05-15 15:55:00+00:00,79192.7578125,79213.5390625,79178.671875,79206.3671875,0
2026-05-15 15:56:00+00:00,79189.46875,79189.46875,79169.3984375,79181.9609375,0
2026-05-15 15:57:00+00:00,79110.2421875,79203.1171875,79109.609375,79203.1171875,0
2026-05-15 15:58:00+00:00,79140.2109375,79140.2109375,79108.28125,79109.2109375,0
2026-05-15 15:59:00+00:00,79113.296875,79157.7578125,79104.8203125,79139.109375,0
2026-05-15 16:00:00+00:00,79121.28125,79141.359375,79101.34375,79141.359375,0
2026-05-15 16:01:00+00:00,79133.3671875,79133.3671875,79089.1875,79115.359375,0
2026-05-15 16:02:00+00:00,79148.5390625,79161.3984375,79130.359375,79139.5078125,0
2026-05-15 16:03:00+00:00,79129.328125,79152.4921875,79108.953125,79152.4921875,0
2026-05-15 16:04:00+00:00,79156.328125,79156.359375,79128.75,79128.75,0
2026-05-15 16:05:00+00:00,79201.28125,79201.28125,79165.3984375,79165.3984375,0
2026-05-15 16:06:00+00:00,79117.46875,79209.5,79117.46875,79201.3125,0
2026-05-15 16:07:00+00:00,79153.0,79153.0,79100.0,79105.2734375,0
2026-05-15 16:08:00+00:00,79154.640625,79166.4296875,79134.28125,79153.0078125,0
2026-05-15 16:09:00+00:00,79163.9609375,79186.4921875,79154.640625,79154.6484375,0
2026-05-15 16:10:00+00:00,79201.0234375,79201.0234375,79163.6171875,79170.59375,0
2026-05-15 16:11:00+00:00,79140.0390625,79167.0234375,79110.0,79167.0234375,0
2026-05-15 16:12:00+00:00,79144.25,79146.1015625,79110.0,79132.046875,0
2026-05-15 16:13:00+00:00,79169.4296875,79200.796875,79161.296875,79161.296875,2981888
2026-05-15 16:14:00+00:00,79183.0,79185.53125,79161.421875,79176.921875,0
2026-05-15 16:15:00+00:00,79127.78125,79171.4296875,79127.78125,79156.9375,0
2026-05-15 16:16:00+00:00,79135.25,79169.53125,79126.796875,79126.796875,929792
2026-05-15 16:17:00+00:00,79138.7265625,79138.7421875,79110.859375,79138.40625,0
2026-05-15 16:18:00+00:00,79120.2265625,79147.8203125,79115.421875,79122.7109375,0
2026-05-15 16:19:00+00:00,79150.8671875,79150.8671875,79110.0,79125.1875,0
2026-05-15 16:20:00+00:00,79205.5078125,79205.5078125,79149.4921875,79149.4921875,0
2026-05-15 16:21:00+00:00,79207.4921875,79279.2578125,79207.4921875,79219.6171875,0
2026-05-15 16:22:00+00:00,79225.8828125,79236.0703125,79198.4609375,79198.4609375,0
2026-05-15 16:23:00+00:00,79221.7890625,79228.2734375,79196.90625,79225.8828125,0
2026-05-15 16:24:00+00:00,79266.1484375,79274.2265625,79221.78125,79221.78125,0
2026-05-15 16:25:00+00:00,79233.3515625,79283.203125,79222.796875,79259.2421875,0
2026-05-15 16:26:00+00:00,79197.5,79226.5,79197.5,79226.5,0
2026-05-15 16:27:00+00:00,79209.8125,79217.5625,79189.4921875,79197.5078125,0
2026-05-15 16:28:00+00:00,79180.7890625,79220.8984375,79180.7890625,79215.0234375,0
2026-05-15 16:29:00+00:00,79281.4296875,79281.8203125,79183.6484375,79183.6484375,0
2026-05-15 16:30:00+00:00,79311.609375,79346.90625,79297.453125,79301.75,0
2026-05-15 16:31:00+00:00,79297.0,79337.84375,79294.5390625,79313.5234375,0
2026-05-15 16:32:00+00:00,79294.3984375,79302.046875,79285.71875,79301.921875,0
2026-05-15 16:33:00+00:00,79244.25,79288.6328125,79242.2265625,79280.578125,0
2026-05-15 16:34:00+00:00,79281.71875,79305.1875,79249.53125,79249.53125,0
2026-05-15 16:35:00+00:00,79259.9609375,79275.3125,79256.65625,79275.3125,0
2026-05-15 16:36:00+00:00,79249.640625,79278.5234375,79246.8515625,79260.0078125,153645056
2026-05-15 16:37:00+00:00,79272.703125,79274.53125,79231.7890625,79237.640625,0
2026-05-15 16:38:00+00:00,79219.0234375,79269.6796875,79219.0234375,79269.6796875,0
2026-05-15 16:39:00+00:00,79265.328125,79265.65625,79222.8515625,79222.8515625,0
2026-05-15 16:40:00+00:00,79279.0078125,79285.5625,79243.0703125,79283.21875,0
2026-05-15 16:41:00+00:00,79233.6015625,79274.7421875,79233.6015625,79273.8125,0
2026-05-15 16:42:00+00:00,79230.59375,79236.0703125,79227.1875,79235.7265625,0
2026-05-15 16:43:00+00:00,79230.5,79242.03125,79215.8203125,79229.8984375,0
2026-05-15 16:44:00+00:00,79245.546875,79245.546875,79226.203125,79237.15625,0
2026-05-15 16:45:00+00:00,79207.5234375,79256.0625,79205.0,79241.890625,0
2026-05-15 16:46:00+00:00,79120.15625,79217.5390625,79105.3515625,79217.5390625,0
2026-05-15 16:47:00+00:00,79233.59375,79233.59375,79123.046875,79123.046875,0
2026-05-15 16:48:00+00:00,79263.34375,79301.2109375,79259.828125,79273.390625,0
2026-05-15 16:49:00+00:00,79239.9375,79252.953125,79230.0078125,79252.953125,0
2026-05-15 16:50:00+00:00,79245.6171875,79269.6796875,79238.5078125,79238.5078125,0
2026-05-15 16:51:00+00:00,79234.8203125,79257.640625,79234.8203125,79246.140625,0
2026-05-15 16:52:00+00:00,79197.921875,79234.8203125,79197.921875,79233.8515625,0
2026-05-15 16:53:00+00:00,79211.3125,79211.3125,79154.3203125,79195.1796875,0
2026-05-15 16:54:00+00:00,79200.0,79224.546875,79197.5,79215.609375,0
2026-05-15 16:55:00+00:00,79230.1171875,79230.1171875,79204.71875,79204.71875,0
2026-05-15 16:56:00+00:00,79261.5625,79261.5625,79243.7578125,79245.6171875,0
2026-05-15 16:57:00+00:00,79253.4609375,79269.671875,79240.2578125,79240.2578125,0
2026-05-15 16:58:00+00:00,79238.2421875,79265.65625,79230.0,79250.5234375,0
2026-05-15 16:59:00+00:00,79268.34375,79268.34375,79233.15625,79233.15625,1613824
2026-05-15 17:00:00+00:00,79229.390625,79242.6484375,79225.0,79242.6484375,0
2026-05-15 17:01:00+00:00,79237.59375,79265.65625,79204.703125,79229.1171875,0
2026-05-15 17:02:00+00:00,79245.0703125,79245.0703125,79217.546875,79225.5703125,0
2026-05-15 17:03:00+00:00,79210.71875,79245.03125,79207.0234375,79245.03125,0
2026-05-15 17:04:00+00:00,79225.4375,79241.6015625,79203.5390625,79211.8203125,0
2026-05-15 17:05:00+00:00,79227.2421875,79239.03125,79204.03125,79221.8984375,0
2026-05-15 17:06:00+00:00,79271.34375,79318.5625,79238.4375,79238.4375,0
2026-05-15 17:07:00+00:00,79245.6328125,79290.4375,79245.6328125,79281.9609375,0
2026-05-15 17:08:00+00:00,79269.6796875,79272.1796875,79245.8515625,79245.8828125,0
2026-05-15 17:09:00+00:00,79261.671875,79280.359375,79253.71875,79280.359375,0
2026-05-15 17:10:00+00:00,79241.640625,79275.28125,79241.609375,79261.8984375,5447680
2026-05-15 17:11:00+00:00,79259.8515625,79281.6796875,79249.3125,79249.3125,0
2026-05-15 17:12:00+00:00,79265.140625,79284.1015625,79253.5,79253.5,0
2026-05-15 17:13:00+00:00,79201.421875,79265.0234375,79189.609375,79265.0234375,0
2026-05-15 17:14:00+00:00,79225.078125,79225.078125,79194.0078125,79205.0390625,0
2026-05-15 17:15:00+00:00,79249.7578125,79249.78125,79226.5078125,79226.5078125,0
2026-05-15 17:16:00+00:00,79227.6171875,79264.4921875,79227.6171875,79261.6484375,0
2026-05-15 17:17:00+00:00,79211.46875,79227.7109375,79202.609375,79227.7109375,0
2026-05-15 17:18:00+00:00,79223.0390625,79223.0390625,79188.8515625,79218.3515625,0
2026-05-15 17:19:00+00:00,79240.9375,79240.9375,79207.6796875,79223.03125,0
2026-05-15 17:20:00+00:00,79243.203125,79253.46875,79221.6015625,79244.0078125,0
2026-05-15 17:21:00+00:00,79241.1015625,79248.2109375,79227.2734375,79243.203125,0
2026-05-15 17:22:00+00:00,79263.3515625,79263.3515625,79230.7578125,79234.953125,0
2026-05-15 17:23:00+00:00,79282.3203125,79303.5078125,79282.3203125,79284.96875,0
2026-05-15 17:24:00+00:00,79287.609375,79323.2421875,79287.609375,79288.390625,0
2026-05-15 17:25:00+00:00,79324.96875,79331.078125,79287.59375,79287.59375,0
2026-05-15 17:26:00+00:00,79337.8515625,79373.453125,79337.84375,79337.84375,0
2026-05-15 17:27:00+00:00,79369.921875,79369.921875,79305.1171875,79335.71875,0
2026-05-15 17:28:00+00:00,79419.8125,79419.8125,79388.046875,79389.0390625,0
2026-05-15 17:29:00+00:00,79343.6171875,79419.796875,79343.6171875,79419.796875,0
2026-05-15 17:30:00+00:00,79333.46875,79364.546875,79333.46875,79341.7890625,0
2026-05-15 17:31:00+00:00,79364.578125,79365.90625,79329.1875,79339.9921875,0
2026-05-15 17:32:00+00:00,79385.3515625,79385.3515625,79364.609375,79364.609375,0
2026-05-15 17:33:00+00:00,79422.0625,79424.921875,79382.1328125,79382.1328125,0
2026-05-15 17:34:00+00:00,79410.453125,79423.6171875,79401.6875,79422.0703125,0
2026-05-15 17:35:00+00:00,79427.8984375,79442.7890625,79423.9375,79423.9375,0
2026-05-15 17:36:00+00:00,79441.8984375,79441.8984375,79390.953125,79426.46875,57782272
2026-05-15 17:37:00+00:00,79428.640625,79428.640625,79428.640625,79428.640625,0
