Datetime,Close,High,Low,Open,Volume
2026-03-17 00:00:00+00:00,74965.6171875,75447.015625,74682.5703125,74871.296875,1561542656
2026-03-17 00:30:00+00:00,75204.6015625,75204.6015625,74940.71875,75162.3984375,960966656
2026-03-17 01:00:00+00:00,75954.96875,75954.96875,75108.96875,75286.53125,822804480
2026-03-17 01:30:00+00:00,75620.7421875,75921.28125,75474.90625,75921.28125,1153249280
2026-03-17 02:00:00+00:00,75146.890625,75648.9765625,75125.734375,75635.125,1229914112
2026-03-17 02:30:00+00:00,75211.6171875,75423.0859375,75156.1015625,75199.4453125,1637855232
2026-03-17 03:00:00+00:00,74844.1328125,75302.1796875,74779.171875,75190.9453125,578760704
2026-03-17 03:30:00+00:00,74423.7109375,74775.078125,74309.4609375,74775.078125,0
2026-03-17 04:00:00+00:00,74396.265625,74652.7421875,74312.40625,74545.046875,223961088
2026-03-17 04:30:00+00:00,74271.78125,74472.625,74001.8671875,74416.9921875,1465413632
2026-03-17 05:00:00+00:00,74406.1015625,74409.484375,74147.5390625,74245.1484375,324681728
2026-03-17 05:30:00+00:00,73991.4453125,74448.46875,73839.921875,74412.59375,1193656320
2026-03-17 06:00:00+00:00,74182.0078125,74239.9921875,73889.7578125,74053.3671875,66179072
2026-03-17 06:30:00+00:00,74082.6640625,74267.0,73985.765625,74223.03125,267333632
2026-03-17 07:00:00+00:00,74423.203125,74435.90625,74082.6328125,74082.6328125,297701376
2026-03-17 07:30:00+00:00,74257.4609375,74402.21875,74235.203125,74402.21875,151478272
2026-03-17 08:00:00+00:00,74300.1328125,74425.5859375,74158.890625,74254.4609375,55918592
2026-03-17 08:30:00+00:00,74167.9765625,74425.8515625,74167.9765625,74348.1328125,0
2026-03-17 09:00:00+00:00,74267.2890625,74347.3984375,74008.578125,74185.6875,139587584
2026-03-17 09:30:00+00:00,73950.484375,74308.359375,73873.8203125,74308.359375,443043840
2026-03-17 10:00:00+00:00,73781.1953125,73938.5546875,73614.75,73932.1953125,433143808
2026-03-17 10:30:00+00:00,73720.25,73763.421875,73648.4765625,73763.0078125,89276416
2026-03-17 11:00:00+00:00,74044.78125,74055.2734375,73702.8828125,73736.875,393404416
2026-03-17 11:30:00+00:00,74057.859375,74166.2890625,73964.390625,74009.875,285077504
2026-03-17 12:00:00+00:00,73831.28125,74160.3125,73831.28125,74036.2421875,449941504
2026-03-17 12:30:00+00:00,73729.296875,73900.125,73705.09375,73795.6640625,328982528
2026-03-17 13:00:00+00:00,73692.5546875,73847.15625,73692.5546875,73741.6640625,162623488
2026-03-17 13:30:00+00:00,73668.1796875,74091.9609375,73488.921875,73715.3203125,24678400
2026-03-17 14:00:00+00:00,73895.84375,73895.84375,73459.25,73648.8671875,2715860992
2026-03-17 14:30:00+00:00,74383.1484375,74410.984375,73963.8046875,73997.3359375,1288052736
2026-03-17 15:00:00+00:00,74109.2578125,74816.5,74062.5234375,74396.6875,1440264192
2026-03-17 15:30:00+00:00,73949.9375,74157.171875,73738.90625,74101.59375,418869248
2026-03-17 16:00:00+00:00,74225.8046875,74347.2109375,73905.640625,73943.6171875,2442633216
2026-03-17 16:30:00+00:00,74139.8671875,74260.0546875,74025.34375,74236.75,711356416
2026-03-17 17:00:00+00:00,74294.7421875,74439.15625,74039.1171875,74165.3046875,987602944
2026-03-17 17:30:00+00:00,74534.34375,74582.2109375,74300.0546875,74301.1796875,75661312
2026-03-17 18:00:00+00:00,74452.2421875,74657.6015625,74418.953125,74502.8359375,0
2026-03-17 18:30:00+00:00,74696.8046875,74757.0078125,74439.84375,74439.84375,327798784
2026-03-17 19:00:00+00:00,74596.640625,74810.171875,74596.640625,74669.46875,81154048
2026-03-17 19:30:00+00:00,74509.2109375,74757.8984375,74485.6015625,74651.5,158474240
2026-03-17 20:00:00+00:00,74679.125,74679.125,74399.4453125,74510.2265625,300085248
2026-03-17 20:30:00+00:00,74568.0078125,74673.3125,74518.6875,74673.3125,267853824
2026-03-17 21:00:00+00:00,74616.0546875,74770.953125,74501.109375,74547.59375,0
2026-03-17 21:30:00+00:00,74700.4921875,74797.6953125,74534.8203125,74593.96875,251355136
2026-03-17 22:00:00+00:00,74431.4375,74791.140625,74431.4375,74663.78125,80678912
2026-03-17 22:30:00+00:00,74309.75,74375.828125,73972.3984375,74375.828125,353955840
2026-03-17 23:00:00+00:00,74208.2421875,74401.6015625,74149.15625,74328.9609375,123240448
2026-03-17 23:30:00+00:00,73936.8515625,74217.7265625,73936.8515625,74217.7265625,1161166848
2026-03-18 00:00:00+00:00,73745.1171875,74082.5234375,73727.5,73933.515625,0
2026-03-18 00:30:00+00:00,73855.84375,73879.4453125,73607.1796875,73771.109375,29659136
2026-03-18 01:00:00+00:00,74054.53125,74054.53125,73869.1328125,73869.1328125,0
2026-03-18 01:30:00+00:00,74098.3125,74216.4921875,74040.78125,74040.78125,0
2026-03-18 02:00:00+00:00,74208.5546875,74295.21875,74089.375,74089.375,107831296
2026-03-18 02:30:00+00:00,74352.140625,74468.1015625,74224.1640625,74231.8515625,107716608
2026-03-18 03:00:00+00:00,74557.96875,74598.1640625,74288.6171875,74350.484375,0
2026-03-18 03:30:00+00:00,74520.84375,74614.859375,74438.875,74542.953125,0
2026-03-18 04:00:00+00:00,74311.3359375,74495.1484375,74300.03125,74488.171875,0
2026-03-18 04:30:00+00:00,74185.9453125,74263.8359375,74179.2890625,74231.59375,0
2026-03-18 05:00:00+00:00,74101.6484375,74301.109375,74101.4921875,74184.734375,128348160
2026-03-18 05:30:00+00:00,73950.6171875,74156.640625,73898.4609375,74113.6171875,0
2026-03-18 06:00:00+00:00,74210.1484375,74221.609375,74000.484375,74004.7890625,532664320
2026-03-18 06:30:00+00:00,73963.078125,74227.5390625,73963.078125,74186.765625,147693568
2026-03-18 07:00:00+00:00,73835.265625,73978.3515625,73835.265625,73964.40625,200826880
2026-03-18 07:30:00+00:00,73888.078125,73907.7421875,73739.234375,73821.6875,130215936
2026-03-18 08:00:00+00:00,74020.5859375,74051.84375,73889.796875,73889.796875,303443968
2026-03-18 08:30:00+00:00,74030.09375,74118.8984375,74021.46875,74036.5859375,161824768
2026-03-18 09:00:00+00:00,74158.8515625,74216.7578125,74039.984375,74039.984375,6885376
2026-03-18 09:30:00+00:00,74154.8046875,74264.984375,74138.1015625,74161.9765625,0
2026-03-18 10:00:00+00:00,74197.2734375,74264.2578125,74105.28125,74203.2890625,1085673472
2026-03-18 10:30:00+00:00,73936.0546875,74203.9609375,73854.3828125,74203.9609375,205803520
2026-03-18 11:00:00+00:00,73784.625,73993.3125,73771.3671875,73928.75,66482176
2026-03-18 11:30:00+00:00,72931.2109375,73612.3671875,72884.6171875,73612.3671875,2019127296
2026-03-18 12:00:00+00:00,72840.3203125,72969.7421875,72718.2265625,72969.7421875,847044608
2026-03-18 12:30:00+00:00,72383.359375,72849.4609375,72352.828125,72849.4609375,1994473472
2026-03-18 13:00:00+00:00,72479.2109375,72537.0703125,72179.859375,72272.1953125,540344320
2026-03-18 13:30:00+00:00,72050.671875,72507.78125,72002.1015625,72389.7265625,132317184
2026-03-18 14:00:00+00:00,71651.875,72196.3359375,71651.875,72167.140625,861896704
2026-03-18 14:30:00+00:00,71315.328125,71812.5234375,71315.328125,71728.40625,943742976
2026-03-18 15:00:00+00:00,71289.0546875,71420.5234375,70978.140625,71077.0,939999232
2026-03-18 15:30:00+00:00,71515.359375,71515.359375,71251.2578125,71265.8671875,1253683200
2026-03-18 16:00:00+00:00,71292.8203125,71551.2890625,71138.625,71452.140625,636952576
2026-03-18 16:30:00+00:00,71329.96875,71403.734375,71133.4765625,71224.609375,143085568
2026-03-18 17:00:00+00:00,71472.328125,71488.0078125,71219.640625,71316.6328125,93786112
2026-03-18 17:30:00+00:00,71616.7109375,71710.953125,71371.3671875,71419.2109375,746401792
2026-03-18 18:00:00+00:00,71645.4375,71948.5546875,71587.4375,71775.625,672215040
2026-03-18 18:30:00+00:00,70992.875,71781.6796875,70992.875,71669.421875,516845568
2026-03-18 19:00:00+00:00,71298.4140625,71453.0234375,71176.03125,71184.4765625,388231168
2026-03-18 19:30:00+00:00,71111.2421875,71288.0390625,71001.71875,71288.0390625,1414901760
2026-03-18 20:00:00+00:00,70993.046875,71058.625,70605.0234375,71058.625,723091456
2026-03-18 20:30:00+00:00,71240.7265625,71273.40625,70989.515625,70990.90625,548794368
2026-03-18 21:00:00+00:00,71279.7578125,71406.578125,71234.8359375,71234.8359375,949678080
2026-03-18 21:30:00+00:00,71293.0625,71358.7421875,71190.4296875,71248.1875,136646656
2026-03-18 22:00:00+00:00,71059.078125,71218.265625,70985.78125,71218.265625,353902592
2026-03-18 22:30:00+00:00,71139.421875,71139.421875,70979.8203125,71088.953125,337440768
2026-03-18 23:00:00+00:00,71208.953125,71250.1640625,71091.03125,71119.5390625,250982400
2026-03-18 23:30:00+00:00,71250.3515625,71349.421875,71240.265625,71241.3125,296964096
2026-03-19 00:00:00+00:00,71215.5078125,71285.5546875,71111.7578125,71216.484375,144932864
2026-03-19 00:30:00+00:00,71010.4921875,71298.9609375,71010.4921875,71298.9609375,551108608
2026-03-19 01:00:00+00:00,71047.8828125,71087.625,70964.4453125,71058.0703125,269000704
2026-03-19 01:30:00+00:00,71140.328125,71165.8671875,71036.7109375,71094.9375,53485568
2026-03-19 02:00:00+00:00,71210.921875,71233.4921875,70936.203125,71075.46875,261324800
2026-03-19 02:30:00+00:00,71050.7421875,71253.0234375,71050.7421875,71231.171875,100102144
2026-03-19 03:00:00+00:00,71538.7265625,71593.9453125,71060.1328125,71060.1328125,1303097344
2026-03-19 03:30:00+00:00,71223.125,71496.3125,71223.125,71496.3125,898125824
2026-03-19 04:00:00+00:00,70698.765625,71199.2578125,70698.765625,71157.5390625,568897536
2026-03-19 04:30:00+00:00,70841.8359375,70863.8359375,70719.2109375,70719.2109375,283930624
2026-03-19 05:00:00+00:00,70718.0390625,70894.46875,70718.0390625,70854.7421875,72638464
2026-03-19 05:30:00+00:00,70835.7734375,70845.796875,70688.65625,70710.953125,380727296
2026-03-19 06:00:00+00:00,70788.53125,70930.9453125,70735.9140625,70834.140625,233590784
2026-03-19 06:30:00+00:00,70538.578125,70728.6796875,70532.890625,70715.9765625,302571520
2026-03-19 07:00:00+00:00,69816.1953125,70543.28125,69519.03125,70543.28125,2226237440
2026-03-19 07:30:00+00:00,70220.4609375,70288.9140625,69834.578125,69834.578125,1756626944
2026-03-19 08:00:00+00:00,70070.2265625,70256.6875,70070.2265625,70202.65625,743510016
2026-03-19 08:30:00+00:00,69960.1171875,70122.0,69960.1171875,70070.78125,710541312
2026-03-19 09:00:00+00:00,70185.7265625,70428.2421875,69992.7421875,69992.7421875,356241408
2026-03-19 09:30:00+00:00,70494.7734375,70530.7578125,70176.46875,70329.375,1066110976
2026-03-19 10:00:00+00:00,70423.7265625,70499.0703125,70416.5625,70499.0703125,583376896
2026-03-19 10:30:00+00:00,70119.53125,70381.390625,70119.53125,70381.390625,260759552
2026-03-19 11:00:00+00:00,70199.390625,70201.5078125,70097.265625,70134.71875,92999680
2026-03-19 11:30:00+00:00,69915.0,70229.7265625,69915.0,70219.359375,12013568
2026-03-19 12:00:00+00:00,69561.1484375,69935.6484375,69561.1484375,69934.671875,512000
2026-03-19 12:30:00+00:00,69308.4140625,69733.0078125,69186.2265625,69575.265625,390316032
2026-03-19 13:00:00+00:00,69334.34375,69404.875,69099.8671875,69288.171875,719958016
2026-03-19 13:30:00+00:00,69897.484375,69997.40625,69265.078125,69335.5390625,757026816
2026-03-19 14:00:00+00:00,69164.671875,70009.0546875,69164.671875,70009.0546875,17846272
2026-03-19 14:30:00+00:00,69560.4921875,69560.4921875,69132.6796875,69153.2890625,117850112
2026-03-19 15:00:00+00:00,69250.6953125,69847.2890625,69235.84375,69508.1953125,10899456
2026-03-19 15:30:00+00:00,69452.3203125,69531.40625,68829.8515625,69214.53125,714035200
2026-03-19 16:00:00+00:00,69534.5625,69571.46875,69236.4296875,69425.8359375,1612177408
2026-03-19 16:30:00+00:00,69446.2578125,69603.3125,69315.03125,69541.875,210903040
2026-03-19 17:00:00+00:00,69699.59375,69699.59375,69145.453125,69467.7109375,1095094272
2026-03-19 17:30:00+00:00,69858.3515625,69879.515625,69533.1484375,69654.5625,258752512
2026-03-19 18:00:00+00:00,69703.96875,69908.8203125,69693.34375,69850.21875,582369280
2026-03-19 18:30:00+00:00,69842.75,69842.75,69613.9609375,69653.0390625,0
2026-03-19 19:00:00+00:00,70260.328125,70564.9453125,69826.40625,69826.40625,953151488
2026-03-19 19:30:00+00:00,70280.046875,70476.203125,70190.2109375,70283.7421875,322883584
2026-03-19 20:00:00+00:00,70391.1875,70458.953125,70214.5390625,70277.4296875,3571712
2026-03-19 20:30:00+00:00,70490.953125,70633.4296875,70335.1796875,70335.1796875,212606976
2026-03-19 21:00:00+00:00,70565.40625,70695.4375,70500.1875,70505.65625,344485888
2026-03-19 21:30:00+00:00,70485.6328125,70571.8125,70414.9921875,70571.8125,287641600
2026-03-19 22:00:00+00:00,70410.8359375,70491.5234375,70326.5,70437.625,161337344
2026-03-19 22:30:00+00:00,70139.3515625,70386.125,69969.984375,70386.125,176861184
2026-03-19 23:00:00+00:00,70164.078125,70270.4140625,69998.6171875,70180.421875,156073984
2026-03-19 23:30:00+00:00,69911.53125,70157.84375,69740.953125,70157.3203125,273354752
2026-03-20 00:00:00+00:00,70083.6796875,70162.34375,69849.15625,69921.890625,339062784
2026-03-20 00:30:00+00:00,70232.03125,70280.90625,70072.125,70100.3671875,172806144
2026-03-20 01:00:00+00:00,70395.5703125,70432.5703125,70209.6875,70209.6875,286932992
2026-03-20 01:30:00+00:00,70411.375,70581.65625,70396.3046875,70396.3046875,341938176
2026-03-20 02:00:00+00:00,70229.6875,70451.3046875,70203.671875,70411.609375,182378496
2026-03-20 02:30:00+00:00,70429.59375,70501.953125,70096.6171875,70194.0546875,165875712
2026-03-20 03:00:00+00:00,70519.8828125,70546.6328125,70408.3046875,70423.8671875,95449088
2026-03-20 03:30:00+00:00,70747.953125,70765.3984375,70582.6953125,70648.328125,403267584
2026-03-20 04:00:00+00:00,70904.09375,70939.7734375,70732.3515625,70732.3515625,102076416
2026-03-20 04:30:00+00:00,70785.0546875,70913.1875,70569.1015625,70913.1875,258113536
2026-03-20 05:00:00+00:00,70639.2578125,70846.8046875,70639.2578125,70784.3203125,285401088
2026-03-20 05:30:00+00:00,70586.2578125,70719.0703125,70555.8984375,70622.0625,148373504
2026-03-20 06:00:00+00:00,70434.5546875,70609.03125,70434.5546875,70587.5625,450072576
2026-03-20 06:30:00+00:00,70480.53125,70531.2890625,70359.3828125,70463.75,79224832
2026-03-20 07:00:00+00:00,70473.3359375,70536.1796875,70223.3046875,70495.2109375,0
2026-03-20 07:30:00+00:00,70857.6328125,70890.09375,70435.3125,70452.671875,97144832
2026-03-20 08:00:00+00:00,71267.171875,71315.328125,70810.9453125,70859.1796875,400027648
2026-03-20 08:30:00+00:00,71027.5234375,71258.453125,71027.5234375,71258.453125,119988224
2026-03-20 09:00:00+00:00,70509.625,71002.9609375,70482.7890625,70995.9140625,336281600
2026-03-20 09:30:00+00:00,70564.0,70711.7734375,70496.5390625,70517.625,209072128
2026-03-20 10:00:00+00:00,70309.7109375,70570.6640625,70242.9609375,70570.6640625,282767360
2026-03-20 10:30:00+00:00,70606.1953125,70643.9765625,70319.5,70319.5,1007489024
2026-03-20 11:00:00+00:00,70707.4375,70787.5,70575.734375,70606.625,449814528
2026-03-20 11:30:00+00:00,70472.921875,70711.1328125,70334.421875,70706.09375,65531904
2026-03-20 12:00:00+00:00,70463.3984375,70659.421875,70440.0703125,70474.6953125,0
2026-03-20 12:30:00+00:00,70321.734375,70447.640625,70266.2734375,70447.640625,88395776
2026-03-20 13:00:00+00:00,70497.578125,70610.78125,70257.4609375,70328.6484375,13176832
2026-03-20 13:30:00+00:00,69830.9765625,70484.421875,69830.9765625,70484.421875,156688384
2026-03-20 14:00:00+00:00,69894.96875,69997.828125,69637.5390625,69853.2109375,803274752
2026-03-20 14:30:00+00:00,69792.6328125,70227.015625,69676.3125,69936.0234375,685125632
2026-03-20 15:00:00+00:00,69779.09375,69947.2265625,69512.046875,69738.203125,322748416
2026-03-20 15:30:00+00:00,69812.21875,69957.40625,69769.96875,69804.3125,161935360
2026-03-20 16:00:00+00:00,69996.140625,70067.390625,69857.6171875,69857.6171875,454373376
2026-03-20 16:30:00+00:00,69862.078125,70022.4609375,69658.296875,70022.4609375,124346368
2026-03-20 17:00:00+00:00,69661.6953125,69904.6015625,69661.6953125,69819.046875,131350528
2026-03-20 17:30:00+00:00,69953.96875,69953.96875,69435.75,69641.8515625,468537344
2026-03-20 18:00:00+00:00,69700.5234375,70025.2734375,69700.5234375,69960.4375,139120640
2026-03-20 18:30:00+00:00,69700.6640625,69882.3828125,69540.6171875,69649.2421875,814182400
2026-03-20 19:00:00+00:00,69860.4609375,69931.84375,69702.7578125,69750.9375,0
2026-03-20 19:30:00+00:00,70164.53125,70165.765625,69688.8984375,69857.4140625,358273024
2026-03-20 20:00:00+00:00,69954.5078125,70228.75,69954.5078125,70160.9375,164990976
2026-03-20 20:30:00+00:00,70047.375,70063.6015625,69775.8359375,69982.8515625,224604160
2026-03-20 21:00:00+00:00,70494.0078125,70497.125,69978.828125,70044.4921875,1001402368
2026-03-20 21:30:00+00:00,70525.046875,70624.5625,70398.9765625,70490.9921875,295501824
2026-03-20 22:00:00+00:00,70717.96875,70877.3046875,70545.578125,70545.578125,510939136
2026-03-20 22:30:00+00:00,70791.7109375,70805.75,70634.296875,70694.7734375,114823168
2026-03-20 23:00:00+00:00,70485.9453125,70783.875,70457.359375,70783.875,127549440
2026-03-20 23:30:00+00:00,70522.46875,70578.4609375,70468.59375,70491.671875,0
2026-03-21 00:00:00+00:00,70680.390625,70762.1640625,70490.8203125,70517.6171875,78888960
2026-03-21 00:30:00+00:00,70695.8828125,70707.34375,70583.5859375,70651.6171875,37527552
2026-03-21 01:00:00+00:00,70637.5,70742.890625,70595.5546875,70680.7890625,16994304
2026-03-21 01:30:00+00:00,70483.4453125,70630.140625,70483.4453125,70610.1640625,104759296
2026-03-21 02:00:00+00:00,70664.1796875,70664.1796875,70438.75,70480.125,117010432
2026-03-21 02:30:00+00:00,70715.328125,70764.6484375,70584.03125,70652.296875,81666048
2026-03-21 03:00:00+00:00,70702.9765625,70767.015625,70668.03125,70730.1640625,22405120
2026-03-21 03:30:00+00:00,70675.25,70700.34375,70615.7421875,70700.34375,0
2026-03-21 04:00:00+00:00,70788.984375,70790.421875,70673.375,70673.375,80248832
2026-03-21 04:30:00+00:00,70632.328125,70768.8125,70623.890625,70768.8125,33083392
2026-03-21 05:00:00+00:00,70771.90625,70771.90625,70632.203125,70632.203125,126451712
2026-03-21 05:30:00+00:00,70704.1328125,70782.8203125,70686.1796875,70777.1953125,622596096
2026-03-21 06:00:00+00:00,70782.96875,70799.671875,70696.578125,70696.578125,137084928
2026-03-21 06:30:00+00:00,70764.578125,70787.8046875,70744.59375,70783.6953125,191680512
2026-03-21 07:00:00+00:00,70871.8515625,70871.8515625,70732.390625,70771.8515625,0
2026-03-21 07:30:00+00:00,70697.6328125,70865.765625,70693.84375,70865.765625,52097024
2026-03-21 08:00:00+00:00,70536.1484375,70727.671875,70536.1484375,70711.7109375,106467328
2026-03-21 08:30:00+00:00,70585.9921875,70623.109375,70489.359375,70520.171875,420507648
2026-03-21 09:00:00+00:00,70599.1796875,70701.453125,70586.71875,70586.71875,0
2026-03-21 09:30:00+00:00,70656.6015625,70673.2734375,70583.3671875,70594.7109375,19165184
2026-03-21 10:00:00+00:00,70572.0546875,70661.2421875,70562.703125,70654.46875,35287040
2026-03-21 10:30:00+00:00,70589.5234375,70612.3203125,70556.9921875,70582.9296875,27017216
2026-03-21 11:00:00+00:00,70598.671875,70598.671875,70558.6953125,70588.78125,33386496
2026-03-21 11:30:00+00:00,70634.9609375,70636.265625,70567.609375,70597.1640625,24039424
2026-03-21 12:00:00+00:00,70760.7265625,70763.3984375,70635.1640625,70635.1640625,15532032
2026-03-21 12:30:00+00:00,70704.8671875,70753.5859375,70699.7109375,70751.5,0
2026-03-21 13:00:00+00:00,70733.5703125,70789.84375,70682.90625,70703.015625,60041216
2026-03-21 13:30:00+00:00,70725.484375,70761.2578125,70698.7421875,70754.4921875,0
2026-03-21 14:00:00+00:00,70930.734375,71040.421875,70717.6796875,70717.6796875,17682432
2026-03-21 14:30:00+00:00,70592.34375,70980.46875,70590.8203125,70921.875,0
2026-03-21 15:00:00+00:00,70639.421875,70639.421875,70486.5078125,70615.625,42115072
2026-03-21 15:30:00+00:00,70652.2265625,70750.3203125,70624.4453125,70650.3125,473088
2026-03-21 16:00:00+00:00,70353.84375,70644.515625,70353.84375,70641.703125,0
2026-03-21 16:30:00+00:00,70290.7578125,70462.7578125,70269.796875,70406.09375,34160640
2026-03-21 17:00:00+00:00,70378.0546875,70378.0546875,70223.3203125,70295.28125,23769088
2026-03-21 17:30:00+00:00,70317.5859375,70403.3046875,70296.3046875,70366.5234375,0
2026-03-21 18:00:00+00:00,70408.953125,70427.671875,70297.890625,70312.9609375,0
2026-03-21 18:30:00+00:00,70404.65625,70489.90625,70375.0,70407.8828125,18434048
2026-03-21 19:00:00+00:00,70426.296875,70434.65625,70389.640625,70389.640625,0
2026-03-21 19:30:00+00:00,70379.7109375,70415.3046875,70328.8984375,70415.3046875,0
2026-03-21 20:00:00+00:00,70438.3203125,70455.828125,70347.359375,70380.328125,12572672
2026-03-21 20:30:00+00:00,70456.4140625,70480.296875,70432.78125,70440.375,191297536
2026-03-21 21:00:00+00:00,70357.296875,70490.6171875,70357.296875,70454.390625,49534976
2026-03-21 21:30:00+00:00,70346.4921875,70377.6015625,70283.9140625,70355.1875,0
2026-03-21 22:00:00+00:00,70273.8515625,70346.078125,70270.5390625,70346.078125,125857792
2026-03-21 22:30:00+00:00,70291.234375,70356.8671875,70271.8359375,70280.6875,157773824
2026-03-21 23:00:00+00:00,70134.421875,70265.4921875,70128.5078125,70265.4921875,5484544
2026-03-21 23:30:00+00:00,68737.4453125,70178.75,68737.4453125,70115.15625,1649061888
2026-03-22 00:00:00+00:00,68823.2578125,69024.4765625,68339.5859375,68903.21875,2452260864
2026-03-22 00:30:00+00:00,68908.2109375,69084.8046875,68830.375,68898.8359375,1026312192
2026-03-22 01:00:00+00:00,69009.6015625,69074.5390625,68878.625,68942.6171875,397056000
2026-03-22 01:30:00+00:00,68959.234375,69046.4609375,68802.9453125,69013.8046875,606390272
2026-03-22 02:00:00+00:00,69333.015625,69333.015625,68959.140625,68963.9609375,127674368
2026-03-22 02:30:00+00:00,69313.6015625,69336.53125,69209.359375,69336.53125,429248512
2026-03-22 03:00:00+00:00,69446.953125,69446.953125,69138.40625,69279.0546875,223619072
2026-03-22 03:30:00+00:00,69332.0703125,69552.2734375,69282.9765625,69448.1953125,515962880
2026-03-22 04:00:00+00:00,69231.203125,69494.2578125,69231.203125,69336.1171875,99254272
2026-03-22 04:30:00+00:00,69322.4296875,69381.234375,69207.5078125,69257.390625,239941632
2026-03-22 05:00:00+00:00,69212.4296875,69341.4453125,69177.40625,69341.4453125,68653056
2026-03-22 05:30:00+00:00,69147.1796875,69240.1484375,69147.1796875,69173.6328125,0
2026-03-22 06:00:00+00:00,69191.671875,69191.671875,69062.5078125,69146.0546875,571039744
2026-03-22 06:30:00+00:00,69151.9140625,69219.9765625,69149.875,69219.9765625,0
2026-03-22 07:00:00+00:00,69193.2734375,69216.1171875,69124.5390625,69152.8359375,55486464
2026-03-22 07:30:00+00:00,68923.3125,69178.5625,68923.3125,69178.5625,176254976
2026-03-22 08:00:00+00:00,68664.5234375,68971.8046875,68664.5234375,68907.0234375,285609984
2026-03-22 08:30:00+00:00,68805.8203125,68805.8203125,68628.953125,68645.2890625,462319616
2026-03-22 09:00:00+00:00,68661.59375,68857.0625,68608.9453125,68799.2734375,239015936
2026-03-22 09:30:00+00:00,68817.265625,68825.0703125,68646.1640625,68646.1640625,190162944
2026-03-22 10:00:00+00:00,68722.921875,68820.3828125,68670.765625,68820.3828125,201074688
2026-03-22 10:30:00+00:00,68659.65625,68754.4765625,68606.4296875,68721.1328125,191404032
2026-03-22 11:00:00+00:00,68422.953125,68671.8671875,68410.1484375,68647.453125,169904128
2026-03-22 11:30:00+00:00,68216.140625,68496.234375,68216.140625,68420.5234375,862402560
2026-03-22 12:00:00+00:00,68733.0703125,68733.0703125,68213.7421875,68213.7421875,464748544
2026-03-22 12:30:00+00:00,68656.21875,68656.21875,68584.1875,68655.8046875,353654784
2026-03-22 13:00:00+00:00,68807.484375,68918.75,68653.9453125,68653.9453125,479860736
2026-03-22 13:30:00+00:00,68732.0625,68835.390625,68564.640625,68805.8359375,226185216
2026-03-22 14:00:00+00:00,68828.8671875,68868.8203125,68574.5625,68709.0859375,54272000
2026-03-22 14:30:00+00:00,68705.0546875,68897.8046875,68663.0,68830.953125,209113088
2026-03-22 15:00:00+00:00,68884.828125,68940.5703125,68708.7421875,68708.7421875,247873536
2026-03-22 15:30:00+00:00,68828.15625,68898.2578125,68724.84375,68898.2578125,96253952
2026-03-22 16:00:00+00:00,68721.3671875,68860.4921875,68719.4609375,68843.4296875,151875584
2026-03-22 16:30:00+00:00,68829.7109375,68841.8203125,68698.125,68717.2421875,0
2026-03-22 17:00:00+00:00,68824.0859375,68852.375,68768.4375,68816.875,1265664
2026-03-22 17:30:00+00:00,68722.84375,68818.359375,68684.703125,68806.921875,58732544
2026-03-22 18:00:00+00:00,68695.0,68734.703125,68619.0859375,68688.203125,104476672
2026-03-22 18:30:00+00:00,68572.1953125,68727.7890625,68438.71875,68699.390625,310562816
2026-03-22 19:00:00+00:00,68368.6484375,68610.453125,68324.1015625,68610.453125,258549760
2026-03-22 19:30:00+00:00,68184.2890625,68411.0,68156.375,68315.6328125,957138944
2026-03-22 20:00:00+00:00,68307.7421875,68489.1875,68194.046875,68194.046875,82001920
2026-03-22 20:30:00+00:00,68189.2109375,68364.359375,68123.078125,68307.2265625,258093056
2026-03-22 21:00:00+00:00,67808.4375,68192.7578125,67408.296875,68185.515625,1142364160
2026-03-22 21:30:00+00:00,67833.8359375,67930.0703125,67713.9609375,67800.953125,550535168
2026-03-22 22:00:00+00:00,68324.0390625,68324.0390625,67619.6875,67877.453125,677052416
2026-03-22 22:30:00+00:00,68296.4609375,68364.6640625,68105.6015625,68252.8828125,469450752
2026-03-22 23:00:00+00:00,68114.7734375,68411.7734375,68114.7734375,68316.71875,247674880
2026-03-22 23:30:00+00:00,67843.0,68134.671875,67843.0,68102.4453125,161882112
2026-03-23 00:00:00+00:00,67992.0234375,68130.328125,67786.25,67854.984375,0
2026-03-23 00:30:00+00:00,67718.25,67983.6328125,67466.7109375,67983.6328125,183586816
2026-03-23 01:00:00+00:00,68092.7265625,68107.21875,67583.265625,67678.8125,579655680
2026-03-23 01:30:00+00:00,67924.46875,68129.265625,67913.9375,68091.8046875,193490944
2026-03-23 02:00:00+00:00,68181.5390625,68214.8125,67820.4609375,67902.3046875,99366912
2026-03-23 02:30:00+00:00,68289.7109375,68319.953125,68181.0546875,68258.5859375,254119936
2026-03-23 03:00:00+00:00,68181.4375,68565.7421875,68181.4375,68371.6953125,134504448
2026-03-23 03:30:00+00:00,68068.9921875,68211.03125,68062.515625,68189.390625,190730240
2026-03-23 04:00:00+00:00,68170.796875,68193.7421875,68069.9375,68072.1796875,62015488
2026-03-23 04:30:00+00:00,68513.8515625,68513.8515625,68206.1171875,68206.1171875,62611456
2026-03-23 05:00:00+00:00,68693.1640625,68828.2734375,68518.7734375,68518.7734375,586137600
2026-03-23 05:30:00+00:00,68845.609375,68850.125,68594.578125,68675.9921875,765591552
2026-03-23 06:00:00+00:00,68601.078125,68877.9765625,68531.9921875,68877.9765625,236427264
2026-03-23 06:30:00+00:00,67806.609375,68554.8359375,67741.265625,68554.8359375,1182287872
2026-03-23 07:00:00+00:00,67764.3984375,67976.359375,67543.046875,67852.125,809662464
2026-03-23 07:30:00+00:00,68311.0390625,68414.875,67803.6796875,67803.6796875,1014579200
2026-03-23 08:00:00+00:00,68484.765625,68641.5234375,68303.515625,68303.515625,607096832
2026-03-23 08:30:00+00:00,68446.6875,68619.6875,68353.984375,68451.4921875,1109078016
2026-03-23 09:00:00+00:00,68212.8125,68417.78125,68146.0625,68417.78125,255361024
2026-03-23 09:30:00+00:00,68247.9609375,68280.46875,67922.8515625,68232.3515625,735928320
2026-03-23 10:00:00+00:00,68438.03125,68670.203125,68303.2109375,68321.6484375,372676608
2026-03-23 10:30:00+00:00,68549.3203125,68549.3203125,68291.34375,68451.7578125,228659200
2026-03-23 11:00:00+00:00,70717.0703125,71401.8515625,68534.1796875,68534.1796875,6150336512
2026-03-23 11:30:00+00:00,70063.984375,71144.4296875,70063.984375,70688.984375,2145746944
2026-03-23 12:00:00+00:00,70317.421875,70464.953125,69731.46875,70082.0390625,1655582720
2026-03-23 12:30:00+00:00,70630.6796875,70828.5546875,70173.65625,70331.0703125,1155174400
2026-03-23 13:00:00+00:00,70843.1796875,70878.953125,70629.4921875,70719.125,454971392
2026-03-23 13:30:00+00:00,71410.3125,71525.5546875,70698.9609375,70798.6328125,1751699456
2026-03-23 14:00:00+00:00,71345.5546875,71696.078125,71345.5546875,71453.0390625,1320181760
2026-03-23 14:30:00+00:00,71365.3203125,71489.46875,71190.4140625,71375.28125,912572416
2026-03-23 15:00:00+00:00,70920.8359375,71623.90625,70920.8359375,71457.4375,703193088
2026-03-23 15:30:00+00:00,70131.59375,70926.9453125,70131.59375,70902.453125,1438674944
2026-03-23 16:00:00+00:00,70350.9375,70508.5703125,70107.0390625,70107.0390625,1321189376
2026-03-23 16:30:00+00:00,70545.265625,70680.6640625,70203.0703125,70216.9296875,1708613632
2026-03-23 17:00:00+00:00,70576.171875,70712.765625,70419.9296875,70561.5625,836526080
2026-03-23 17:30:00+00:00,71083.4921875,71098.25,70548.828125,70548.828125,780492800
2026-03-23 18:00:00+00:00,70900.5234375,71139.953125,70900.5234375,71067.3984375,474943488
2026-03-23 18:30:00+00:00,71056.4375,71154.96875,70942.265625,70942.265625,209281024
2026-03-23 19:00:00+00:00,71041.9375,71170.8671875,70834.21875,71075.15625,859639808
2026-03-23 19:30:00+00:00,70651.0703125,71029.1171875,70651.0703125,71023.546875,0
2026-03-23 20:00:00+00:00,70777.625,70806.328125,70596.109375,70679.421875,953442304
2026-03-23 20:30:00+00:00,70907.671875,70952.390625,70791.7421875,70791.7421875,364646400
2026-03-23 21:00:00+00:00,70886.5625,70942.84375,70818.7265625,70893.953125,0
2026-03-23 21:30:00+00:00,70889.0078125,70972.8046875,70880.9921875,70881.3515625,264753152
2026-03-23 22:00:00+00:00,70651.1171875,70827.125,70606.421875,70827.125,66560000
2026-03-23 22:30:00+00:00,70759.2578125,70760.8046875,70535.609375,70644.5859375,63246336
2026-03-23 23:00:00+00:00,70657.9375,70783.0,70406.1171875,70783.0,14974976
2026-03-23 23:30:00+00:00,70912.671875,70919.921875,70618.0078125,70684.2578125,383401984
2026-03-24 00:00:00+00:00,70700.3984375,71045.5234375,70652.84375,70898.6640625,154456064
2026-03-24 00:30:00+00:00,70694.296875,70789.8359375,70510.125,70705.796875,305582080
2026-03-24 01:00:00+00:00,70832.515625,70832.515625,70506.375,70648.890625,138125312
2026-03-24 01:30:00+00:00,70505.296875,70823.09375,70360.375,70823.09375,484495360
2026-03-24 02:00:00+00:00,70498.2265625,70656.46875,70427.140625,70499.40625,172036096
2026-03-24 02:30:00+00:00,70444.484375,70616.21875,70424.046875,70513.78125,23678976
2026-03-24 03:00:00+00:00,70554.234375,70554.234375,70397.609375,70440.03125,245755904
2026-03-24 03:30:00+00:00,70523.75,70536.328125,70427.3359375,70534.375,150384640
2026-03-24 04:00:00+00:00,70546.109375,70671.8046875,70522.234375,70523.875,607584256
2026-03-24 04:30:00+00:00,70376.3203125,70494.375,70270.3984375,70494.375,318312448
2026-03-24 05:00:00+00:00,70160.7109375,70362.28125,70129.859375,70362.28125,983232512
2026-03-24 05:30:00+00:00,70260.484375,70345.203125,70151.4296875,70161.2578125,1232068608
2026-03-24 06:00:00+00:00,70326.1796875,70431.25,70254.359375,70263.3984375,171958272
2026-03-24 06:30:00+00:00,70518.46875,70522.984375,70352.5859375,70352.5859375,806608896
2026-03-24 07:00:00+00:00,70917.3359375,70994.71875,70489.46875,70518.859375,1008758784
2026-03-24 07:30:00+00:00,71331.5,71331.5,70827.578125,70897.890625,258818048
2026-03-24 08:00:00+00:00,70876.3828125,71277.5234375,70868.671875,71277.5234375,93106176
2026-03-24 08:30:00+00:00,70915.6640625,71070.1484375,70863.7890625,70890.90625,453476352
2026-03-24 09:00:00+00:00,71010.0,71010.0,70860.8984375,70954.3125,225087488
2026-03-24 09:30:00+00:00,71307.640625,71318.828125,70998.109375,70998.75,340918272
2026-03-24 10:00:00+00:00,71141.2734375,71307.2578125,71141.2734375,71302.625,391659520
2026-03-24 10:30:00+00:00,71262.15625,71262.15625,71110.4140625,71141.2734375,271126528
2026-03-24 11:00:00+00:00,71053.984375,71264.0703125,70994.4375,71264.0703125,39010304
2026-03-24 11:30:00+00:00,71123.2421875,71291.578125,71038.4375,71055.4921875,0
2026-03-24 12:00:00+00:00,71073.9453125,71143.7421875,70974.484375,71143.7421875,0
2026-03-24 12:30:00+00:00,70936.03125,71066.5859375,70869.4453125,71066.5859375,0
2026-03-24 13:00:00+00:00,70588.25,71020.2265625,70567.8125,70940.84375,650194944
2026-03-24 13:30:00+00:00,70017.3828125,70745.984375,70017.3828125,70589.84375,227995648
2026-03-24 14:00:00+00:00,70053.7578125,70423.1796875,69766.0390625,70070.2578125,83136512
2026-03-24 14:30:00+00:00,69906.9375,70085.6171875,69515.4765625,69981.6953125,880001024
2026-03-24 15:00:00+00:00,70165.7734375,70193.4921875,69833.625,69833.625,270286848
2026-03-24 15:30:00+00:00,69875.765625,70147.4765625,69795.5703125,70039.25,149204992
2026-03-24 16:00:00+00:00,69787.5234375,69945.90625,69702.2734375,69869.234375,43327488
2026-03-24 16:30:00+00:00,69452.984375,69781.7109375,69383.1484375,69781.7109375,174907392
2026-03-24 17:00:00+00:00,69142.515625,69479.46875,69091.6953125,69441.28125,379842560
2026-03-24 17:30:00+00:00,69221.265625,69248.09375,68934.4375,69145.0859375,834260992
2026-03-24 18:00:00+00:00,69359.8515625,69448.3046875,69166.9140625,69284.5390625,531283968
2026-03-24 18:30:00+00:00,69419.03125,69702.84375,69373.7421875,69373.7421875,175599616
2026-03-24 19:00:00+00:00,69546.2109375,69648.640625,69410.4375,69410.4375,32452608
2026-03-24 19:30:00+00:00,69297.703125,69508.5546875,69276.390625,69508.5546875,245641216
2026-03-24 20:00:00+00:00,69945.828125,70220.421875,69277.375,69318.796875,413872128
2026-03-24 20:30:00+00:00,70043.5078125,70170.2421875,69898.046875,69964.2109375,922710016
2026-03-24 21:00:00+00:00,70002.5703125,70154.46875,69920.40625,70051.0234375,281182208
2026-03-24 21:30:00+00:00,70280.640625,70314.296875,70028.734375,70034.3046875,459513856
2026-03-24 22:00:00+00:00,70355.2734375,70513.671875,70212.2734375,70293.453125,481943552
2026-03-24 22:30:00+00:00,70343.359375,70343.359375,70159.40625,70186.4375,541138944
2026-03-24 23:00:00+00:00,70720.7890625,70720.7890625,70265.484375,70298.3828125,441028608
2026-03-24 23:30:00+00:00,70520.046875,70783.234375,70520.046875,70708.703125,618459136
2026-03-25 00:00:00+00:00,70650.125,70706.4609375,70513.28125,70525.5625,140947456
2026-03-25 00:30:00+00:00,70869.515625,70995.4453125,70510.4296875,70638.25,438992896
2026-03-25 01:00:00+00:00,70727.0078125,70925.3828125,70689.828125,70827.4140625,568434688
2026-03-25 01:30:00+00:00,70702.359375,70781.8046875,70631.0390625,70734.921875,177909760
2026-03-25 02:00:00+00:00,70617.03125,70685.796875,70530.9140625,70685.796875,287186944
2026-03-25 02:30:00+00:00,70483.5703125,70721.453125,70483.390625,70591.7890625,239288320
2026-03-25 03:00:00+00:00,70451.25,70524.296875,70405.984375,70490.4296875,323448832
2026-03-25 03:30:00+00:00,70729.296875,70757.6796875,70509.3671875,70509.3671875,344174592
2026-03-25 04:00:00+00:00,70895.9765625,70895.9765625,70696.578125,70709.2578125,332312576
2026-03-25 04:30:00+00:00,70924.8125,70924.8125,70717.046875,70855.578125,55902208
2026-03-25 05:00:00+00:00,71178.0546875,71295.6171875,70932.828125,70932.953125,822956032
2026-03-25 05:30:00+00:00,71089.2734375,71204.9765625,71062.90625,71169.96875,275857408
2026-03-25 06:00:00+00:00,71195.890625,71227.1484375,71000.7421875,71092.890625,76247040
2026-03-25 06:30:00+00:00,71014.7578125,71214.078125,71014.7578125,71208.8125,527597568
2026-03-25 07:00:00+00:00,71045.3984375,71130.0625,70975.765625,70982.921875,430080
2026-03-25 07:30:00+00:00,70908.28125,71235.7109375,70886.9609375,71048.8203125,0
2026-03-25 08:00:00+00:00,71214.6875,71214.6875,70790.1015625,70903.484375,196718592
2026-03-25 08:30:00+00:00,71229.4296875,71468.2265625,71188.40625,71188.40625,504733696
2026-03-25 09:00:00+00:00,71268.984375,71350.203125,71210.921875,71226.1640625,1092767744
2026-03-25 09:30:00+00:00,71327.7734375,71327.7734375,71112.1015625,71252.828125,211759104
2026-03-25 10:00:00+00:00,71394.8984375,71437.2265625,71299.5703125,71365.6796875,202686464
2026-03-25 10:30:00+00:00,71490.6015625,71554.5703125,71324.6328125,71395.9375,339001344
2026-03-25 11:00:00+00:00,71776.390625,71783.59375,71467.0078125,71486.8984375,89530368
2026-03-25 11:30:00+00:00,71661.7578125,71946.390625,71539.6875,71879.3203125,1097674752
2026-03-25 12:00:00+00:00,71253.5546875,71817.859375,71218.5078125,71705.8359375,1089355776
2026-03-25 12:30:00+00:00,71682.5703125,71724.828125,71198.8984375,71318.6875,948813824
2026-03-25 13:00:00+00:00,71597.1640625,71829.3984375,71585.140625,71701.3828125,855375872
2026-03-25 13:30:00+00:00,71645.2109375,71907.1953125,71555.296875,71600.328125,72609792
2026-03-25 14:00:00+00:00,71339.21875,71626.0703125,71258.9609375,71564.5859375,244277248
2026-03-25 14:30:00+00:00,71296.828125,71497.7890625,71296.828125,71342.484375,31367168
2026-03-25 15:00:00+00:00,70933.484375,71256.4375,70584.640625,71223.5,345845760
2026-03-25 15:30:00+00:00,70834.3203125,71041.3203125,70795.7578125,70995.9296875,690745344
2026-03-25 16:00:00+00:00,71584.6640625,71706.296875,70797.7578125,70838.890625,469929984
2026-03-25 16:30:00+00:00,71291.734375,71596.984375,71263.8359375,71478.7265625,505733120
2026-03-25 17:00:00+00:00,71155.1484375,71327.46875,70956.1953125,71303.25,501809152
2026-03-25 17:30:00+00:00,70737.6953125,71041.484375,70722.234375,71041.484375,143454208
2026-03-25 18:00:00+00:00,70964.53125,71080.75,70738.8046875,70745.5390625,112574464
2026-03-25 18:30:00+00:00,70758.75,70968.015625,70732.734375,70968.015625,99479552
2026-03-25 19:00:00+00:00,70894.3671875,70947.4140625,70769.6953125,70773.6640625,747683840
2026-03-25 19:30:00+00:00,70781.0078125,71024.2890625,70761.7265625,70907.2265625,215818240
2026-03-25 20:00:00+00:00,70702.578125,70849.5,70636.125,70849.5,519712768
2026-03-25 20:30:00+00:00,70991.0234375,71033.109375,70693.2109375,70693.2109375,104316928
2026-03-25 21:00:00+00:00,70958.28125,71135.3046875,70932.6328125,70982.8828125,189906944
2026-03-25 21:30:00+00:00,70997.5703125,71057.4609375,70947.7109375,70952.0390625,0
2026-03-25 22:00:00+00:00,71014.171875,71086.421875,70940.5234375,71007.4453125,78581760
2026-03-25 22:30:00+00:00,71345.9453125,71524.359375,71010.4375,71010.4375,298291200
2026-03-25 23:00:00+00:00,71369.3671875,71396.9453125,71237.0390625,71353.3203125,114511872
2026-03-25 23:30:00+00:00,71310.1171875,71338.8671875,71179.1328125,71336.0078125,20017152
2026-03-26 00:00:00+00:00,71232.890625,71332.546875,71179.984375,71311.6640625,615731200
2026-03-26 00:30:00+00:00,71243.4140625,71393.2109375,71148.0390625,71259.3984375,66625536
2026-03-26 01:00:00+00:00,71287.453125,71306.078125,71153.0078125,71258.0078125,44072960
2026-03-26 01:30:00+00:00,71252.234375,71312.203125,71194.0703125,71287.453125,220790784
2026-03-26 02:00:00+00:00,70907.5078125,71255.8828125,70879.5078125,71247.9609375,686702592
2026-03-26 02:30:00+00:00,70867.078125,70886.2890625,70717.8671875,70886.2890625,760893440
2026-03-26 03:00:00+00:00,70683.1953125,70945.40625,70675.46875,70880.796875,542412800
2026-03-26 03:30:00+00:00,70864.46875,70866.78125,70686.296875,70686.296875,99848192
2026-03-26 04:00:00+00:00,70834.8671875,70874.7890625,70697.3125,70860.96875,220971008
2026-03-26 04:30:00+00:00,70754.3984375,70856.8984375,70753.6484375,70832.8046875,0
2026-03-26 05:00:00+00:00,70545.8125,70750.1015625,70486.1484375,70750.1015625,580855808
2026-03-26 05:30:00+00:00,69983.71875,70578.171875,69956.7734375,70553.1171875,561229824
2026-03-26 06:00:00+00:00,70006.4140625,70081.5234375,69845.5703125,69976.6640625,615886848
2026-03-26 06:30:00+00:00,70077.34375,70114.34375,69957.015625,70024.40625,615661568
2026-03-26 07:00:00+00:00,69922.734375,70103.21875,69922.734375,70060.6171875,950194176
2026-03-26 07:30:00+00:00,70076.09375,70109.34375,69805.421875,69926.9453125,135680000
2026-03-26 08:00:00+00:00,69824.25,70077.6953125,69818.203125,70063.6953125,68972544
2026-03-26 08:30:00+00:00,69978.7265625,69991.234375,69794.609375,69806.3515625,48076800
2026-03-26 09:00:00+00:00,69997.7578125,70075.0546875,69870.546875,69989.6875,586559488
2026-03-26 09:30:00+00:00,69565.8046875,69994.09375,69383.3671875,69994.09375,1529708544
2026-03-26 10:00:00+00:00,69657.1484375,69658.328125,69487.765625,69563.9609375,403238912
2026-03-26 10:30:00+00:00,69460.2890625,69608.4140625,69451.046875,69583.125,158281728
2026-03-26 11:00:00+00:00,69289.3984375,69605.1875,69242.5625,69479.796875,356941824
2026-03-26 11:30:00+00:00,69264.1328125,69425.65625,69264.1328125,69297.6171875,137588736
2026-03-26 12:00:00+00:00,69371.0390625,69376.7890625,69222.3359375,69255.953125,96374784
2026-03-26 12:30:00+00:00,69421.5703125,69421.5703125,69240.6171875,69389.234375,102047744
2026-03-26 13:00:00+00:00,69360.1796875,69496.25,69360.1796875,69414.984375,176670720
2026-03-26 13:30:00+00:00,69518.5390625,69826.125,69245.7734375,69367.453125,648833024
2026-03-26 14:00:00+00:00,69631.1328125,69750.765625,69411.765625,69600.421875,238286848
2026-03-26 14:30:00+00:00,69506.859375,69739.7890625,69293.4375,69598.2265625,407586816
2026-03-26 15:00:00+00:00,69038.0859375,69454.84375,68819.421875,69454.84375,536657920
2026-03-26 15:30:00+00:00,69042.921875,69178.40625,68894.0,68965.8671875,377880576
2026-03-26 16:00:00+00:00,68889.4375,69059.0703125,68854.8984375,69059.0703125,429236224
2026-03-26 16:30:00+00:00,68897.984375,68944.546875,68808.8984375,68848.9296875,7335936
2026-03-26 17:00:00+00:00,68983.7265625,68983.7578125,68884.6796875,68884.6796875,43438080
2026-03-26 17:30:00+00:00,68448.4765625,69104.578125,68448.4765625,69036.0859375,235458560
2026-03-26 18:00:00+00:00,68147.234375,68535.171875,68134.265625,68431.0390625,1212264448
2026-03-26 18:30:00+00:00,68417.5703125,68417.5703125,68163.75,68163.75,748908544
2026-03-26 19:00:00+00:00,68375.875,68517.0234375,68375.0859375,68435.5078125,116969472
2026-03-26 19:30:00+00:00,68584.140625,68621.546875,68331.015625,68377.4375,456179712
2026-03-26 20:00:00+00:00,69099.4453125,69281.46875,68413.1796875,68510.28125,1656549376
2026-03-26 20:30:00+00:00,68958.2109375,69209.9140625,68915.4296875,69121.3515625,337473536
2026-03-26 21:00:00+00:00,69021.7109375,69130.953125,68864.953125,68969.7578125,221622272
2026-03-26 21:30:00+00:00,68926.3828125,69077.953125,68879.5546875,69046.578125,255225856
2026-03-26 22:00:00+00:00,68767.4140625,68986.375,68605.6484375,68884.1171875,197382144
2026-03-26 22:30:00+00:00,68831.703125,68831.703125,68711.46875,68722.9296875,63197184
2026-03-26 23:00:00+00:00,68632.890625,68930.9921875,68623.6171875,68851.03125,142127104
2026-03-26 23:30:00+00:00,68790.8359375,68793.9921875,68632.78125,68684.2890625,194539520
2026-03-27 00:00:00+00:00,68736.5546875,68909.015625,68700.3359375,68778.71875,204124160
2026-03-27 00:30:00+00:00,68707.9765625,68730.078125,68524.25,68722.421875,210235392
2026-03-27 01:00:00+00:00,68874.9453125,68892.03125,68668.96875,68725.046875,194523136
2026-03-27 01:30:00+00:00,68999.703125,69008.4453125,68827.3203125,68875.109375,446910464
2026-03-27 02:00:00+00:00,68966.5625,69082.3515625,68934.921875,69009.4296875,242225152
2026-03-27 02:30:00+00:00,68884.2734375,69038.125,68862.15625,69005.4921875,782266368
2026-03-27 03:00:00+00:00,68788.9609375,68873.0546875,68644.6875,68873.0546875,291540992
2026-03-27 03:30:00+00:00,68741.234375,68855.015625,68741.234375,68790.03125,180568064
2026-03-27 04:00:00+00:00,68496.7890625,68729.7890625,68269.15625,68729.7890625,1088278528
2026-03-27 04:30:00+00:00,68542.78125,68584.765625,68489.2734375,68499.5859375,284647424
2026-03-27 05:00:00+00:00,68566.6328125,68817.0390625,68517.9140625,68542.09375,80003072
2026-03-27 05:30:00+00:00,68582.5859375,68651.6875,68505.7578125,68556.3125,212017152
2026-03-27 06:00:00+00:00,68788.1171875,68788.1171875,68546.3046875,68578.9765625,0
2026-03-27 06:30:00+00:00,68615.8203125,68771.9140625,68615.8203125,68771.9140625,236081152
2026-03-27 07:00:00+00:00,68888.1875,68907.578125,68575.34375,68620.2109375,700936192
2026-03-27 07:30:00+00:00,68418.7265625,68891.6953125,68418.7265625,68885.703125,1378136064
2026-03-27 08:00:00+00:00,68343.7421875,68536.6796875,68303.1875,68480.609375,1345634304
2026-03-27 08:30:00+00:00,67910.8203125,68232.5703125,67616.8203125,68200.765625,1243963392
2026-03-27 09:00:00+00:00,67879.2421875,67916.234375,67607.5703125,67896.78125,158773248
2026-03-27 09:30:00+00:00,67670.0234375,67890.640625,67665.2578125,67890.640625,529907712
2026-03-27 10:00:00+00:00,67723.1796875,67723.1796875,67598.6171875,67641.8984375,1556480
2026-03-27 10:30:00+00:00,66486.0078125,67727.109375,66422.984375,67727.109375,2147225600
2026-03-27 11:00:00+00:00,66658.1953125,66684.8828125,66371.2421875,66460.5390625,1271173120
2026-03-27 11:30:00+00:00,66668.6796875,66818.1328125,66643.96875,66686.859375,485523456
2026-03-27 12:00:00+00:00,66513.3828125,66716.5234375,66513.3828125,66676.8984375,178683904
2026-03-27 12:30:00+00:00,66590.46875,66628.2578125,66414.5625,66498.9375,462782464
2026-03-27 13:00:00+00:00,66672.3125,66672.3125,66488.7734375,66590.1796875,160194560
2026-03-27 13:30:00+00:00,66095.171875,66662.9375,66064.2578125,66659.7890625,1071738880
2026-03-27 14:00:00+00:00,65721.515625,66322.46875,65721.515625,66139.3671875,1001844736
2026-03-27 14:30:00+00:00,66175.203125,66175.203125,65703.7265625,65703.7265625,984481792
2026-03-27 15:00:00+00:00,66182.28125,66382.71875,65953.578125,66168.5625,359411712
2026-03-27 15:30:00+00:00,66089.65625,66552.0546875,66068.125,66263.5859375,1574920192
2026-03-27 16:00:00+00:00,65936.375,66075.796875,65794.703125,66075.796875,555462656
2026-03-27 16:30:00+00:00,65933.7421875,66086.4375,65796.0625,65920.4296875,457129984
2026-03-27 17:00:00+00:00,65862.75,66232.8984375,65862.75,65952.265625,411328512
2026-03-27 17:30:00+00:00,65604.5,65866.8671875,65585.15625,65854.6015625,130801664
2026-03-27 18:00:00+00:00,65701.7578125,65781.7734375,65539.1875,65603.640625,63791104
2026-03-27 18:30:00+00:00,65833.9140625,65884.921875,65713.6953125,65722.9296875,307548160
2026-03-27 19:00:00+00:00,65887.3515625,65887.3515625,65668.4140625,65817.0703125,429867008
2026-03-27 19:30:00+00:00,66041.453125,66041.453125,65836.453125,65937.296875,398417920
2026-03-27 20:00:00+00:00,65824.4921875,66068.0546875,65824.4921875,66021.203125,533282816
2026-03-27 20:30:00+00:00,65980.7890625,66030.109375,65795.3515625,65842.21875,487710720
2026-03-27 21:00:00+00:00,66116.8671875,66116.8671875,65972.2578125,65972.2578125,335880192
2026-03-27 21:30:00+00:00,66034.46875,66124.53125,66012.8359375,66102.78125,0
2026-03-27 22:00:00+00:00,65914.453125,66027.5625,65909.1171875,66027.5625,140374016
2026-03-27 22:30:00+00:00,65998.34375,66027.7421875,65882.765625,65958.5625,45699072
2026-03-27 23:00:00+00:00,66153.3984375,66171.09375,65937.5546875,65979.34375,261980160
2026-03-27 23:30:00+00:00,66338.5,66351.5703125,66141.4375,66147.0078125,313880576
2026-03-28 00:00:00+00:00,66321.1640625,66416.5625,66252.890625,66363.4140625,52178944
2026-03-28 00:30:00+00:00,66376.828125,66468.921875,66315.7265625,66315.7265625,323506176
2026-03-28 01:00:00+00:00,66176.6171875,66379.7421875,66103.1796875,66379.7421875,189333504
2026-03-28 01:30:00+00:00,66063.234375,66236.8359375,66027.359375,66177.765625,840482816
2026-03-28 02:00:00+00:00,66002.0078125,66205.796875,65998.7890625,66125.5625,185032704
2026-03-28 02:30:00+00:00,66000.3359375,66010.21875,65916.359375,66003.3359375,372936704
2026-03-28 03:00:00+00:00,66103.53125,66141.109375,66004.3125,66004.3125,78807040
2026-03-28 03:30:00+00:00,66167.8359375,66190.7421875,66111.265625,66127.4140625,190607360
2026-03-28 04:00:00+00:00,66210.8671875,66239.7734375,66091.3359375,66184.3125,28545024
2026-03-28 04:30:00+00:00,66190.46875,66254.578125,66190.46875,66212.59375,73576448
2026-03-28 05:00:00+00:00,66312.1640625,66312.1640625,66170.484375,66231.0703125,246222848
2026-03-28 05:30:00+00:00,66309.6015625,66318.1640625,66250.921875,66289.859375,345362432
2026-03-28 06:00:00+00:00,66416.4609375,66446.078125,66267.3125,66301.0625,857022464
2026-03-28 06:30:00+00:00,66365.6328125,66438.1171875,66336.0546875,66420.1328125,189366272
2026-03-28 07:00:00+00:00,66418.6875,66436.7890625,66356.8046875,66372.9765625,0
2026-03-28 07:30:00+00:00,66508.2421875,66508.2421875,66393.6328125,66420.796875,0
2026-03-28 08:00:00+00:00,66504.640625,66512.9765625,66451.4140625,66504.671875,14467072
2026-03-28 08:30:00+00:00,66355.9765625,66497.046875,66355.9765625,66492.3828125,0
2026-03-28 09:00:00+00:00,66341.453125,66360.9140625,66278.1953125,66358.8046875,156545024
2026-03-28 09:30:00+00:00,66266.0546875,66324.2890625,66215.6796875,66324.2890625,95588352
2026-03-28 10:00:00+00:00,66125.453125,66364.84375,66124.1796875,66267.984375,178028544
2026-03-28 10:30:00+00:00,66188.984375,66188.984375,66096.53125,66131.6171875,0
2026-03-28 11:00:00+00:00,66256.2109375,66256.3984375,66172.8671875,66172.8671875,0
2026-03-28 11:30:00+00:00,66306.5,66316.484375,66259.25,66269.3125,524288
2026-03-28 12:00:00+00:00,66385.328125,66483.078125,66221.578125,66298.8515625,0
2026-03-28 12:30:00+00:00,66407.1015625,66412.6484375,66276.671875,66401.3046875,60909568
2026-03-28 13:00:00+00:00,66399.96875,66472.78125,66386.6640625,66407.640625,630759424
2026-03-28 13:30:00+00:00,66766.0703125,67060.8515625,66403.4453125,66403.4453125,0
2026-03-28 14:00:00+00:00,66784.453125,66867.3046875,66701.8046875,66799.0078125,0
2026-03-28 14:30:00+00:00,66715.3359375,66897.875,66672.484375,66784.5546875,0
2026-03-28 15:00:00+00:00,67009.6484375,67201.6484375,66686.9765625,66710.609375,0
2026-03-28 15:30:00+00:00,66939.7421875,67085.03125,66919.671875,66992.828125,357744640
2026-03-28 16:00:00+00:00,67038.5390625,67038.5390625,66916.0703125,66980.3828125,0
2026-03-28 16:30:00+00:00,66881.890625,67034.7734375,66824.65625,67034.7734375,0
2026-03-28 17:00:00+00:00,66749.265625,66935.890625,66735.6015625,66880.21875,0
2026-03-28 17:30:00+00:00,66807.7421875,66858.5234375,66687.828125,66752.578125,421607424
2026-03-28 18:00:00+00:00,66874.828125,66900.34375,66804.546875,66804.546875,0
2026-03-28 18:30:00+00:00,66886.6171875,66894.484375,66808.03125,66853.671875,60991488
2026-03-28 19:00:00+00:00,66800.3828125,66886.625,66780.21875,66866.6171875,0
2026-03-28 19:30:00+00:00,66848.3359375,66855.328125,66797.4765625,66809.90625,35833856
2026-03-28 20:00:00+00:00,66879.484375,66952.625,66853.859375,66853.859375,0
2026-03-28 20:30:00+00:00,66908.625,66935.890625,66860.2734375,66879.0390625,82380800
2026-03-28 21:00:00+00:00,66766.71875,66889.2578125,66752.1171875,66889.2578125,28348416
2026-03-28 21:30:00+00:00,66648.7578125,66823.328125,66591.984375,66766.453125,131405824
2026-03-28 22:00:00+00:00,66701.390625,66732.328125,66550.96875,66645.828125,58454016
2026-03-28 22:30:00+00:00,66693.78125,66720.328125,66669.078125,66698.859375,62066688
2026-03-28 23:00:00+00:00,66356.5390625,66701.28125,66253.2265625,66701.28125,260026368
2026-03-28 23:30:00+00:00,66319.6953125,66429.765625,66280.6015625,66349.09375,50468864
2026-03-29 00:00:00+00:00,66316.9765625,66426.90625,66259.4921875,66331.703125,379664384
2026-03-29 00:30:00+00:00,66412.140625,66438.765625,66315.75,66344.6640625,17262592
2026-03-29 01:00:00+00:00,66486.203125,66539.84375,66430.8125,66433.6640625,70404096
2026-03-29 01:30:00+00:00,66514.4921875,66526.8515625,66341.3125,66495.3203125,263219200
2026-03-29 02:00:00+00:00,66612.4375,66633.96875,66510.9609375,66516.7578125,43194368
2026-03-29 02:30:00+00:00,66732.2578125,66765.59375,66538.4921875,66601.6640625,48832512
2026-03-29 03:00:00+00:00,66933.1484375,67000.8125,66720.859375,66747.0859375,656023552
2026-03-29 03:30:00+00:00,66851.75,66946.3984375,66828.0,66929.453125,221886464
2026-03-29 04:00:00+00:00,66748.546875,66876.4609375,66740.7109375,66850.796875,96579584
2026-03-29 04:30:00+00:00,66687.3203125,66788.953125,66687.3203125,66758.46875,183222272
2026-03-29 05:00:00+00:00,66584.296875,66698.515625,66565.828125,66682.03125,24055808
2026-03-29 05:30:00+00:00,66732.3125,66750.3203125,66565.4375,66588.953125,65193984
2026-03-29 06:00:00+00:00,66616.734375,66810.890625,66592.71875,66732.8359375,104544256
2026-03-29 06:30:00+00:00,66689.59375,66696.0390625,66621.1640625,66634.4453125,255961088
2026-03-29 07:00:00+00:00,66603.1953125,66687.859375,66507.3359375,66687.859375,131328000
2026-03-29 07:30:00+00:00,66647.484375,66672.4765625,66564.6171875,66609.15625,151287808
2026-03-29 08:00:00+00:00,66619.046875,66676.734375,66574.2890625,66614.203125,0
2026-03-29 08:30:00+00:00,66668.8125,66691.4453125,66623.1484375,66623.1484375,222220288
2026-03-29 09:00:00+00:00,66604.1171875,66696.4140625,66556.75,66668.53125,435890176
2026-03-29 09:30:00+00:00,66572.8046875,66640.78125,66511.2890625,66615.4453125,96970752
2026-03-29 10:00:00+00:00,66431.765625,66578.4765625,66407.375,66578.4765625,244252672
2026-03-29 10:30:00+00:00,66463.203125,66515.8359375,66390.203125,66434.4765625,46921728
2026-03-29 11:00:00+00:00,66764.96875,66779.1171875,66461.15625,66461.15625,507824128
2026-03-29 11:30:00+00:00,66766.0078125,66867.734375,66722.9375,66780.140625,108808192
2026-03-29 12:00:00+00:00,66732.71875,66779.8125,66704.9140625,66770.6484375,87486464
2026-03-29 12:30:00+00:00,66785.875,66806.3046875,66656.234375,66724.9453125,296050688
2026-03-29 13:00:00+00:00,66569.6328125,66792.5234375,66499.4921875,66792.5234375,373454848
2026-03-29 13:30:00+00:00,66500.6015625,66620.9375,66500.6015625,66577.15625,0
2026-03-29 14:00:00+00:00,66522.46875,66659.984375,66437.7265625,66518.8203125,212602880
2026-03-29 14:30:00+00:00,66518.265625,66551.296875,66459.1015625,66508.2421875,78417920
2026-03-29 15:00:00+00:00,66354.0390625,66654.0078125,66321.5546875,66533.1875,124303360
2026-03-29 15:30:00+00:00,66467.59375,66473.5390625,66308.6015625,66347.8046875,101781504
2026-03-29 16:00:00+00:00,66562.4765625,66590.9609375,66392.6640625,66464.84375,120242176
2026-03-29 16:30:00+00:00,66449.625,66566.7421875,66449.625,66566.7421875,148549632
2026-03-29 17:00:00+00:00,66192.4375,66475.109375,66136.609375,66443.671875,346689536
2026-03-29 17:30:00+00:00,66329.515625,66366.8828125,66186.78125,66186.78125,108470272
2026-03-29 18:00:00+00:00,66346.1015625,66388.3359375,66281.7265625,66328.7109375,93990912
2026-03-29 18:30:00+00:00,66368.765625,66449.1171875,66342.3984375,66342.3984375,130519040
2026-03-29 19:00:00+00:00,66363.1328125,66411.25,66344.8515625,66370.5,102313984
2026-03-29 19:30:00+00:00,66290.3046875,66415.1640625,66290.3046875,66366.578125,355588096
2026-03-29 20:00:00+00:00,66659.3203125,66710.8046875,66294.15625,66294.15625,100022272
2026-03-29 20:30:00+00:00,66540.9609375,66666.28125,66520.765625,66666.28125,501002240
2026-03-29 21:00:00+00:00,66596.984375,66606.703125,66486.296875,66557.625,73435136
2026-03-29 21:30:00+00:00,66677.4140625,66693.1015625,66566.6640625,66605.5,181829632
2026-03-29 22:00:00+00:00,66348.421875,66672.9296875,66192.9296875,66672.9296875,365668352
2026-03-29 22:30:00+00:00,65802.9296875,66356.3671875,65036.53125,66335.2734375,1645328384
2026-03-29 23:00:00+00:00,65950.9453125,66180.78125,65802.6875,65802.6875,1190359040
2026-03-29 23:30:00+00:00,65958.3515625,66061.65625,65835.7734375,65966.0625,552650752
2026-03-30 00:00:00+00:00,66637.4140625,66876.328125,65773.0546875,65957.6015625,888408064
2026-03-30 00:30:00+00:00,66259.03125,66642.4140625,66099.859375,66532.4609375,714262528
2026-03-30 01:00:00+00:00,66579.09375,66579.09375,66234.484375,66234.484375,592394240
2026-03-30 01:30:00+00:00,66585.34375,66751.1875,66508.2890625,66557.015625,361717760
2026-03-30 02:00:00+00:00,66669.6171875,66775.5234375,66550.625,66579.6796875,812638208
2026-03-30 02:30:00+00:00,67039.9296875,67286.265625,66568.0703125,66678.8203125,861861888
2026-03-30 03:00:00+00:00,67168.34375,67216.2421875,66934.859375,67087.5078125,1267095552
2026-03-30 03:30:00+00:00,67106.546875,67224.9609375,67083.1015625,67156.0546875,365060096
2026-03-30 04:00:00+00:00,67540.75,67540.75,67091.390625,67091.390625,630335488
2026-03-30 04:30:00+00:00,67541.890625,67561.2578125,67346.4765625,67396.8359375,661635072
2026-03-30 05:00:00+00:00,67630.3359375,67655.2265625,67548.0078125,67559.140625,630261760
2026-03-30 05:30:00+00:00,67476.421875,67627.9921875,67402.3515625,67626.734375,263194624
2026-03-30 06:00:00+00:00,67276.59375,67517.578125,67259.65625,67452.453125,305098752
2026-03-30 06:30:00+00:00,67274.3828125,67352.5234375,67246.5546875,67268.3984375,573915136
2026-03-30 07:00:00+00:00,67264.1953125,67378.7265625,67193.8203125,67252.828125,345466880
2026-03-30 07:30:00+00:00,67502.453125,67512.0078125,67252.53125,67274.4375,289150976
2026-03-30 08:00:00+00:00,67712.8359375,67830.078125,67554.953125,67554.953125,1551341568
2026-03-30 08:30:00+00:00,67619.65625,67779.3984375,67616.2734375,67707.21875,939466752
2026-03-30 09:00:00+00:00,67474.796875,67621.3125,67464.0078125,67616.3671875,573833216
2026-03-30 09:30:00+00:00,67453.9765625,67530.7265625,67415.8359375,67470.0703125,321523712
2026-03-30 10:00:00+00:00,67371.609375,67448.46875,67371.609375,67448.46875,48580608
2026-03-30 10:30:00+00:00,67438.390625,67465.34375,67341.5859375,67371.078125,185401344
2026-03-30 11:00:00+00:00,67613.5859375,67840.6015625,67443.2265625,67443.2265625,187512832
2026-03-30 11:30:00+00:00,67602.984375,67666.453125,67491.203125,67633.7578125,658452480
2026-03-30 12:00:00+00:00,67825.171875,67909.1640625,67615.203125,67624.53125,253478912
2026-03-30 12:30:00+00:00,67863.6015625,67919.5078125,67793.8828125,67882.46875,799436800
2026-03-30 13:00:00+00:00,67884.3125,68069.59375,67821.2734375,67853.6953125,488001536
2026-03-30 13:30:00+00:00,67478.3203125,67930.1328125,67478.3203125,67834.5234375,1020921856
2026-03-30 14:00:00+00:00,67303.7265625,67656.1015625,67303.7265625,67461.21875,528930816
2026-03-30 14:30:00+00:00,67757.8203125,67811.078125,67099.046875,67255.4453125,1416671232
2026-03-30 15:00:00+00:00,67499.2734375,67760.3125,67398.2109375,67753.5625,632569856
2026-03-30 15:30:00+00:00,67578.46875,67823.1171875,67453.2734375,67485.65625,451227648
2026-03-30 16:00:00+00:00,67303.3828125,67587.203125,67253.0546875,67587.203125,269455360
2026-03-30 16:30:00+00:00,67274.59375,67431.2734375,67220.7421875,67306.28125,363098112
2026-03-30 17:00:00+00:00,66705.296875,67375.0390625,66664.7890625,67303.3203125,659546112
2026-03-30 17:30:00+00:00,66727.1640625,66917.9921875,66721.09375,66745.1171875,628088832
2026-03-30 18:00:00+00:00,66646.1875,66823.0625,66570.9921875,66764.703125,407216128
2026-03-30 18:30:00+00:00,66535.0078125,66753.59375,66468.46875,66637.9375,1054662656
2026-03-30 19:00:00+00:00,66302.5234375,66594.2734375,66211.5234375,66594.2734375,669343744
2026-03-30 19:30:00+00:00,66424.765625,66502.34375,66228.15625,66257.8203125,300482560
2026-03-30 20:00:00+00:00,66595.9296875,66609.9453125,66480.578125,66480.578125,256970752
2026-03-30 20:30:00+00:00,66608.578125,66617.78125,66505.2421875,66595.765625,456933376
2026-03-30 21:00:00+00:00,66819.0625,66930.125,66550.0234375,66594.25,289280000
2026-03-30 21:30:00+00:00,66763.3046875,66920.0,66763.3046875,66816.2578125,1221980160
2026-03-30 22:00:00+00:00,66772.7890625,66928.9453125,66665.78125,66758.3671875,33558528
2026-03-30 22:30:00+00:00,66739.3828125,66800.0078125,66650.421875,66775.6640625,1523712
2026-03-30 23:00:00+00:00,66653.171875,66735.6875,66378.109375,66735.6875,39706624
2026-03-30 23:30:00+00:00,66694.5859375,66723.5234375,66625.75,66650.0,45305856
2026-03-31 00:00:00+00:00,66734.9921875,66735.46875,66507.421875,66727.5234375,1720320
2026-03-31 00:30:00+00:00,67084.796875,67225.8984375,66727.8984375,66753.5859375,237047808
2026-03-31 01:00:00+00:00,67665.21875,67761.9140625,67021.2109375,67140.5390625,642314240
2026-03-31 01:30:00+00:00,67933.984375,68292.8125,67716.2578125,67716.2578125,1754947584
2026-03-31 02:00:00+00:00,67984.0859375,68028.9375,67765.625,67901.2578125,1355968512
2026-03-31 02:30:00+00:00,67948.859375,68019.421875,67839.703125,67976.0859375,221007872
2026-03-31 03:00:00+00:00,67780.3984375,67949.8671875,67780.3984375,67932.046875,0
2026-03-31 03:30:00+00:00,67651.0625,67839.359375,67610.25,67790.0,217001984
2026-03-31 04:00:00+00:00,67510.6875,67788.0078125,67495.09375,67653.84375,1298432
2026-03-31 04:30:00+00:00,67482.0234375,67621.0390625,67471.7109375,67535.453125,121098240
2026-03-31 05:00:00+00:00,67599.5078125,67599.5078125,67362.265625,67489.15625,678887424
2026-03-31 05:30:00+00:00,67622.9765625,67713.53125,67528.625,67587.625,408252416
2026-03-31 06:00:00+00:00,67361.5234375,67632.703125,67320.5546875,67632.703125,294785024
2026-03-31 06:30:00+00:00,67456.2890625,67475.84375,67316.7109375,67345.2734375,549765120
2026-03-31 07:00:00+00:00,67242.3671875,67451.171875,67084.0625,67439.3359375,398802944
2026-03-31 07:30:00+00:00,67316.1640625,67372.953125,67200.578125,67236.875,616558592
2026-03-31 08:00:00+00:00,67263.375,67433.5546875,67252.7265625,67315.796875,513347584
2026-03-31 08:30:00+00:00,66766.40625,67251.265625,66732.75,67251.265625,282050560
2026-03-31 09:00:00+00:00,66377.8203125,66827.4765625,66353.34375,66738.4765625,614305792
2026-03-31 09:30:00+00:00,66037.6875,66444.640625,65980.9765625,66362.390625,428662784
2026-03-31 10:00:00+00:00,66316.3046875,66392.828125,66092.1796875,66107.5078125,576532480
2026-03-31 10:30:00+00:00,66294.359375,66398.21875,66194.1015625,66315.03125,686460928
2026-03-31 11:00:00+00:00,66601.7265625,66778.96875,66202.2109375,66305.7109375,762220544
2026-03-31 11:30:00+00:00,66638.390625,66761.1171875,66539.8125,66579.75,165216256
2026-03-31 12:00:00+00:00,66687.1484375,66713.90625,66490.625,66629.9375,398299136
2026-03-31 12:30:00+00:00,66617.140625,66861.7421875,66597.4375,66742.890625,739958784
2026-03-31 13:00:00+00:00,66748.1171875,66881.171875,66630.609375,66630.609375,244424704
2026-03-31 13:30:00+00:00,67197.9765625,67321.1328125,66715.171875,66745.6796875,451366912
2026-03-31 14:00:00+00:00,67572.65625,67667.7421875,67109.7734375,67202.6015625,294113280
2026-03-31 14:30:00+00:00,66552.484375,67667.2578125,66478.3984375,67667.2578125,314007552
2026-03-31 15:00:00+00:00,66928.890625,67210.8828125,66609.2734375,66609.2734375,345522176
2026-03-31 15:30:00+00:00,66695.515625,67048.3515625,66695.515625,66888.71875,392097792
2026-03-31 16:00:00+00:00,67085.6640625,67108.8515625,66732.5,66753.0078125,589819904
2026-03-31 16:30:00+00:00,67551.109375,67924.3515625,66914.671875,67038.640625,1203519488
2026-03-31 17:00:00+00:00,67964.953125,68399.34375,67569.4140625,67590.2265625,1865687040
2026-03-31 17:30:00+00:00,67426.0546875,68000.484375,67396.1328125,67970.7265625,470867968
2026-03-31 18:00:00+00:00,67718.2578125,67839.4453125,67461.6953125,67461.6953125,983699456
2026-03-31 18:30:00+00:00,67720.03125,67873.828125,67607.828125,67723.34375,141074432
2026-03-31 19:00:00+00:00,67842.7890625,67953.578125,67788.4375,67788.4375,502808576
2026-03-31 19:30:00+00:00,67760.78125,67901.21875,67701.6328125,67824.203125,296796160
2026-03-31 20:00:00+00:00,67919.1484375,68111.421875,67817.828125,67817.828125,440983552
2026-03-31 20:30:00+00:00,68184.640625,68184.640625,67911.84375,67928.40625,332701696
2026-03-31 21:00:00+00:00,67951.625,68192.359375,67852.984375,68192.359375,362332160
2026-03-31 21:30:00+00:00,68185.9765625,68309.3203125,67994.28125,67994.28125,476246016
2026-03-31 22:00:00+00:00,68090.1015625,68231.4765625,68021.7265625,68219.96875,352968704
2026-03-31 22:30:00+00:00,68148.875,68152.4296875,67956.28125,68080.6640625,570036224
2026-03-31 23:00:00+00:00,68205.296875,68293.5390625,68043.8828125,68135.40625,193732608
2026-03-31 23:30:00+00:00,68232.890625,68299.4375,68161.34375,68213.8828125,58732544
2026-04-01 00:00:00+00:00,67890.1171875,68224.46875,67890.1171875,68224.46875,248680448
2026-04-01 00:30:00+00:00,68230.671875,68232.4765625,67823.25,67926.234375,153186304
2026-04-01 01:00:00+00:00,68004.640625,68270.3046875,68004.640625,68245.1171875,138928128
2026-04-01 01:30:00+00:00,67745.234375,68027.890625,67744.7734375,68021.5625,0
2026-04-01 02:00:00+00:00,67602.421875,67843.6796875,67602.421875,67733.984375,709079040
2026-04-01 02:30:00+00:00,67588.2421875,67672.609375,67565.3984375,67591.140625,383434752
2026-04-01 03:00:00+00:00,67883.265625,68027.640625,67599.8046875,67599.8046875,337645568
2026-04-01 03:30:00+00:00,68083.9375,68151.8671875,67873.671875,67902.6328125,546357248
2026-04-01 04:00:00+00:00,68100.265625,68169.8125,68001.984375,68097.21875,692948992
2026-04-01 04:30:00+00:00,68231.046875,68294.9140625,68078.0859375,68116.140625,122040320
2026-04-01 05:00:00+00:00,68540.6796875,68650.8515625,68114.7265625,68251.6484375,2627686400
2026-04-01 05:30:00+00:00,68399.7578125,68577.59375,68399.4296875,68538.84375,604631040
2026-04-01 06:00:00+00:00,68830.0546875,68830.0546875,68401.53125,68401.53125,260636672
2026-04-01 06:30:00+00:00,69125.265625,69160.7578125,68782.9921875,68820.8828125,775163904
2026-04-01 07:00:00+00:00,68933.671875,69204.46875,68845.5078125,69079.140625,1089552384
2026-04-01 07:30:00+00:00,68651.3828125,68943.984375,68651.3828125,68890.0703125,112222208
2026-04-01 08:00:00+00:00,68688.34375,68707.6484375,68467.265625,68654.0,549535744
2026-04-01 08:30:00+00:00,68671.5390625,68809.0859375,68578.5625,68697.65625,151289856
2026-04-01 09:00:00+00:00,68508.2734375,68690.46875,68368.171875,68636.90625,0
2026-04-01 09:30:00+00:00,68618.8515625,68645.6640625,68395.5859375,68526.6875,142569472
2026-04-01 10:00:00+00:00,68497.3046875,68629.75,68483.625,68620.6328125,980041728
2026-04-01 10:30:00+00:00,68496.25,68575.9375,68404.09375,68488.625,113168384
2026-04-01 11:00:00+00:00,68562.515625,68606.0234375,68488.0390625,68539.9140625,724803584
2026-04-01 11:30:00+00:00,68687.2265625,68696.3515625,68529.359375,68555.6796875,30375936
2026-04-01 12:00:00+00:00,68495.71875,68687.5546875,68475.9921875,68687.5546875,216096768
2026-04-01 12:30:00+00:00,68334.515625,68579.765625,68291.765625,68495.5625,1148338176
2026-04-01 13:00:00+00:00,68545.6171875,68558.5703125,68161.65625,68346.671875,408588288
2026-04-01 13:30:00+00:00,68154.0546875,68551.15625,67969.1171875,68534.3984375,180723712
2026-04-01 14:00:00+00:00,68458.359375,68458.359375,68054.28125,68082.6953125,97517568
2026-04-01 14:30:00+00:00,68581.8125,68607.71875,68278.53125,68481.9765625,212148224
2026-04-01 15:00:00+00:00,68682.0234375,68774.515625,68426.890625,68579.0390625,0
2026-04-01 15:30:00+00:00,68915.3125,68915.3125,68652.6796875,68719.7109375,224223232
2026-04-01 16:00:00+00:00,68889.359375,68889.359375,68617.0703125,68884.7578125,122621952
2026-04-01 16:30:00+00:00,68792.8515625,68923.234375,68723.15625,68841.734375,608092160
2026-04-01 17:00:00+00:00,68512.7734375,69104.828125,68493.3359375,68801.203125,375345152
2026-04-01 17:30:00+00:00,68238.046875,68508.359375,68238.046875,68458.9921875,10264576
2026-04-01 18:00:00+00:00,68073.2265625,68238.0390625,67981.9140625,68238.0390625,396136448
2026-04-01 18:30:00+00:00,68006.453125,68258.8828125,68001.6171875,68075.8125,114659328
2026-04-01 19:00:00+00:00,68170.125,68197.9375,68034.3984375,68054.734375,157143040
2026-04-01 19:30:00+00:00,68152.3203125,68249.8125,68093.8359375,68218.84375,208764928
2026-04-01 20:00:00+00:00,68053.1796875,68151.0703125,68015.84375,68129.8046875,69312512
2026-04-01 20:30:00+00:00,68173.234375,68226.4609375,67985.3671875,68024.546875,84275200
2026-04-01 21:00:00+00:00,68463.125,68485.8671875,68169.2421875,68171.5,0
2026-04-01 21:30:00+00:00,68421.5859375,68479.0078125,68257.640625,68420.6015625,118312960
2026-04-01 22:00:00+00:00,68155.5390625,68375.8828125,68075.5625,68375.8828125,110944256
2026-04-01 22:30:00+00:00,68104.0859375,68264.46875,68079.734375,68177.21875,134537216
2026-04-01 23:00:00+00:00,68108.8828125,68225.453125,68089.6328125,68109.8203125,207228928
2026-04-01 23:30:00+00:00,68077.8984375,68148.53125,67999.71875,68065.4609375,224190464
2026-04-02 00:00:00+00:00,68220.171875,68249.65625,68052.53125,68095.265625,25862144
2026-04-02 00:30:00+00:00,68590.65625,68633.1484375,68200.9375,68204.1875,272662528
2026-04-02 01:00:00+00:00,67590.6484375,68588.5390625,67382.8046875,68588.5390625,1463615488
2026-04-02 01:30:00+00:00,67328.8203125,67427.4140625,67099.5390625,67427.4140625,741507072
2026-04-02 02:00:00+00:00,66904.6171875,67334.1875,66825.4375,67334.1875,980160512
2026-04-02 02:30:00+00:00,66880.640625,66967.0,66686.6796875,66897.2890625,711245824
2026-04-02 03:00:00+00:00,66812.7734375,66937.0,66728.9921875,66862.453125,305192960
2026-04-02 03:30:00+00:00,66570.546875,66856.109375,66506.125,66830.984375,385327104
2026-04-02 04:00:00+00:00,66377.40625,66624.515625,66371.90625,66566.046875,151662592
2026-04-02 04:30:00+00:00,66318.2578125,66413.625,66230.2421875,66396.34375,410353664
2026-04-02 05:00:00+00:00,66444.5859375,66457.3515625,66308.21875,66311.9140625,329584640
2026-04-02 05:30:00+00:00,66595.1875,66608.3984375,66397.8125,66438.953125,687882240
2026-04-02 06:00:00+00:00,66659.125,66743.8515625,66545.984375,66585.09375,213065728
2026-04-02 06:30:00+00:00,66641.453125,66652.2890625,66543.484375,66623.3359375,0
2026-04-02 07:00:00+00:00,66654.28125,66685.1015625,66544.8671875,66656.6328125,0
2026-04-02 07:30:00+00:00,66915.609375,66915.609375,66654.734375,66654.734375,643641344
2026-04-02 08:00:00+00:00,66614.9140625,66908.1484375,66613.5078125,66908.1484375,519827456
2026-04-02 08:30:00+00:00,66445.2734375,66704.421875,66445.2734375,66651.109375,130277376
2026-04-02 09:00:00+00:00,66482.453125,66482.453125,66301.4765625,66433.671875,226013184
2026-04-02 09:30:00+00:00,66420.6640625,66474.203125,66357.234375,66457.3515625,124338176
2026-04-02 10:00:00+00:00,66346.984375,66454.3671875,66225.1875,66443.3046875,110788608
2026-04-02 10:30:00+00:00,66444.28125,66466.609375,66359.4609375,66360.8203125,102428672
2026-04-02 11:00:00+00:00,66410.6171875,66450.234375,66247.0078125,66442.875,558104576
2026-04-02 11:30:00+00:00,66194.6484375,66450.53125,66170.84375,66424.2421875,88559616
2026-04-02 12:00:00+00:00,66121.8984375,66202.0,65967.6640625,66202.0,443383808
2026-04-02 12:30:00+00:00,66032.328125,66199.5234375,66032.328125,66122.1484375,190853120
2026-04-02 13:00:00+00:00,66140.515625,66140.515625,65902.2734375,66025.453125,279769088
2026-04-02 13:30:00+00:00,66204.3046875,66204.3046875,65788.75,66141.3984375,634957824
2026-04-02 14:00:00+00:00,66239.734375,66448.84375,66200.2578125,66249.2578125,405745664
2026-04-02 14:30:00+00:00,66939.234375,67029.875,66247.3515625,66247.3515625,1144934400
2026-04-02 15:00:00+00:00,66835.34375,66917.203125,66669.28125,66870.296875,436920320
2026-04-02 15:30:00+00:00,66785.171875,66943.203125,66704.171875,66832.953125,200486912
2026-04-02 16:00:00+00:00,66883.875,66931.1328125,66774.828125,66835.65625,207663104
2026-04-02 16:30:00+00:00,67104.25,67217.4765625,66868.921875,66875.1328125,410529792
2026-04-02 17:00:00+00:00,67307.09375,67384.4453125,66866.125,67088.6875,270135296
2026-04-02 17:30:00+00:00,66671.09375,67244.9453125,66671.09375,67244.9453125,1091514368
2026-04-02 18:00:00+00:00,66651.8046875,66808.25,66602.015625,66667.8203125,144424960
2026-04-02 18:30:00+00:00,66966.8984375,66982.1640625,66622.8359375,66622.8359375,321765376
2026-04-02 19:00:00+00:00,67023.046875,67071.7734375,66941.921875,66969.359375,285442048
2026-04-02 19:30:00+00:00,66993.984375,67041.609375,66884.28125,67011.75,165601280
2026-04-02 20:00:00+00:00,66942.015625,66975.4296875,66809.7109375,66964.6328125,47583232
2026-04-02 20:30:00+00:00,66940.75,67084.671875,66936.6484375,67039.78125,479404032
2026-04-02 21:00:00+00:00,66842.359375,66981.0078125,66759.9140625,66932.421875,87375872
2026-04-02 21:30:00+00:00,66912.7578125,66912.7578125,66762.8671875,66829.984375,32088064
2026-04-02 22:00:00+00:00,66896.0234375,66985.015625,66866.2109375,66920.703125,70868992
2026-04-02 22:30:00+00:00,67020.5078125,67020.5078125,66888.7109375,66888.7109375,99504128
2026-04-02 23:00:00+00:00,66945.046875,67071.5546875,66932.1171875,66980.140625,112558080
2026-04-02 23:30:00+00:00,66889.015625,66948.421875,66862.4296875,66930.9375,128221184
2026-04-03 00:00:00+00:00,66822.84375,66972.71875,66809.65625,66888.4765625,59748352
2026-04-03 00:30:00+00:00,66753.7578125,66880.1796875,66709.3203125,66815.953125,102080512
2026-04-03 01:00:00+00:00,66857.0859375,66864.015625,66739.75,66775.6171875,0
2026-04-03 01:30:00+00:00,66599.890625,66881.6796875,66495.8125,66856.0703125,452878336
2026-04-03 02:00:00+00:00,66489.7578125,66719.828125,66415.1875,66607.8828125,0
2026-04-03 02:30:00+00:00,66480.96875,66500.8671875,66281.984375,66416.1015625,62476288
2026-04-03 03:00:00+00:00,66610.03125,66695.0,66488.1328125,66507.984375,46182400
2026-04-03 03:30:00+00:00,66586.28125,66683.9453125,66538.375,66603.3359375,0
2026-04-03 04:00:00+00:00,66571.859375,66660.578125,66556.1328125,66587.0859375,0
2026-04-03 04:30:00+00:00,66618.578125,66645.4453125,66508.5859375,66545.0,209180672
2026-04-03 05:00:00+00:00,66537.1484375,66657.0078125,66459.9296875,66604.4765625,6414336
2026-04-03 05:30:00+00:00,66555.1875,66751.96875,66554.4296875,66574.7265625,611674112
2026-04-03 06:00:00+00:00,66612.328125,66658.09375,66571.5234375,66571.5234375,25325568
2026-04-03 06:30:00+00:00,66764.3125,66772.21875,66601.2421875,66608.3125,129550336
2026-04-03 07:00:00+00:00,66880.7421875,66881.21875,66765.859375,66775.1875,233932800
2026-04-03 07:30:00+00:00,67027.1484375,67162.359375,66917.3125,66917.3125,155185152
2026-04-03 08:00:00+00:00,67065.0234375,67268.6796875,67032.296875,67032.546875,173256704
2026-04-03 08:30:00+00:00,66961.9296875,67099.8515625,66909.2421875,67051.7578125,147830784
2026-04-03 09:00:00+00:00,66791.015625,66981.890625,66757.6171875,66959.03125,90298368
2026-04-03 09:30:00+00:00,66843.3203125,66902.484375,66794.453125,66794.453125,85659648
2026-04-03 10:00:00+00:00,66799.1796875,66831.6875,66768.671875,66828.2734375,22441984
2026-04-03 10:30:00+00:00,66879.4921875,66879.4921875,66691.5390625,66761.6875,79185920
2026-04-03 11:00:00+00:00,66924.1171875,66932.875,66832.5546875,66880.1796875,12251136
2026-04-03 11:30:00+00:00,66995.7109375,67026.71875,66910.3125,66923.453125,56156160
2026-04-03 12:00:00+00:00,67099.0546875,67099.0546875,66941.203125,67002.0078125,0
2026-04-03 12:30:00+00:00,66751.78125,67041.4609375,66658.375,67041.4609375,576212992
2026-04-03 13:00:00+00:00,66666.640625,66719.546875,66566.796875,66719.546875,54876160
2026-04-03 13:30:00+00:00,66662.890625,66671.6328125,66507.0625,66670.359375,256817152
2026-04-03 14:00:00+00:00,66943.390625,66943.390625,66640.3125,66640.3125,0
2026-04-03 14:30:00+00:00,66955.96875,66963.7421875,66816.1640625,66915.34375,0
2026-04-03 15:00:00+00:00,66913.359375,66992.6328125,66869.8515625,66943.6796875,0
2026-04-03 15:30:00+00:00,66837.7265625,66924.3671875,66820.0625,66920.6796875,0
2026-04-03 16:00:00+00:00,66961.984375,66961.984375,66811.6640625,66844.640625,0
2026-04-03 16:30:00+00:00,67002.765625,67039.765625,66932.796875,66971.796875,35049472
2026-04-03 17:00:00+00:00,66848.890625,67042.3359375,66771.21875,67000.875,0
2026-04-03 17:30:00+00:00,66852.078125,66941.3828125,66808.8828125,66872.7109375,187772928
2026-04-03 18:00:00+00:00,66888.4140625,66909.8515625,66772.5625,66845.25,0
2026-04-03 18:30:00+00:00,66806.78125,66904.28125,66792.0078125,66879.3359375,0
2026-04-03 19:00:00+00:00,66777.5625,66832.5703125,66766.1328125,66812.5859375,535277568
2026-04-03 19:30:00+00:00,66861.78125,66887.8671875,66774.9921875,66777.0078125,617218048
2026-04-03 20:00:00+00:00,66867.2265625,66897.8359375,66854.0703125,66870.6015625,534614016
2026-04-03 20:30:00+00:00,66842.6015625,66899.375,66842.6015625,66868.8046875,17672192
2026-04-03 21:00:00+00:00,66893.5703125,66914.3125,66831.203125,66832.8125,29646848
2026-04-03 21:30:00+00:00,66925.671875,66930.2578125,66889.3515625,66893.5234375,13352960
2026-04-03 22:00:00+00:00,66875.4453125,66949.21875,66846.578125,66949.21875,67786752
2026-04-03 22:30:00+00:00,66890.34375,66930.6328125,66861.5859375,66878.5859375,71483392
2026-04-03 23:00:00+00:00,66841.5,66894.2890625,66829.953125,66882.15625,11395072
2026-04-03 23:30:00+00:00,66938.6484375,66938.6484375,66815.640625,66849.421875,110133248
2026-04-04 00:00:00+00:00,66931.921875,66937.703125,66885.2109375,66937.25,262240256
2026-04-04 00:30:00+00:00,66882.7265625,66939.015625,66881.3125,66902.46875,1757184
2026-04-04 01:00:00+00:00,66860.3515625,66904.328125,66836.4765625,66884.5546875,27852800
2026-04-04 01:30:00+00:00,66842.9453125,66854.1171875,66822.015625,66842.2578125,103270400
2026-04-04 02:00:00+00:00,66817.6015625,66903.1796875,66808.34375,66845.0859375,0
2026-04-04 02:30:00+00:00,66811.125,66855.4375,66803.2265625,66826.53125,0
2026-04-04 03:00:00+00:00,66845.84375,66893.453125,66825.40625,66825.40625,0
2026-04-04 03:30:00+00:00,66821.40625,66846.9296875,66821.40625,66834.40625,0
2026-04-04 04:00:00+00:00,66818.578125,66828.453125,66790.7890625,66826.0625,6268928
2026-04-04 04:30:00+00:00,66858.1015625,66858.125,66836.2734375,66839.8828125,0
2026-04-04 05:00:00+00:00,66842.1484375,66883.171875,66842.1484375,66859.6640625,110364672
2026-04-04 05:30:00+00:00,66898.328125,66916.3515625,66844.0078125,66844.0078125,70688768
2026-04-04 06:00:00+00:00,66896.296875,66955.859375,66892.90625,66908.6015625,0
2026-04-04 06:30:00+00:00,67004.875,67021.1328125,66908.078125,66912.7265625,0
2026-04-04 07:00:00+00:00,66950.484375,67018.578125,66937.21875,66996.2109375,5969920
2026-04-04 07:30:00+00:00,67022.4453125,67022.4453125,66937.5,66937.5,16408576
2026-04-04 08:00:00+00:00,67025.234375,67028.4609375,66989.828125,67011.6328125,7657472
2026-04-04 08:30:00+00:00,66917.296875,67030.6875,66910.1328125,67030.6875,6721536
2026-04-04 09:00:00+00:00,66931.1953125,66971.1484375,66913.0390625,66913.0390625,16965632
2026-04-04 09:30:00+00:00,66961.2109375,66965.1328125,66940.078125,66940.078125,4732928
2026-04-04 10:00:00+00:00,66917.5078125,66988.6171875,66905.3359375,66964.5703125,59992064
2026-04-04 10:30:00+00:00,67137.640625,67149.1328125,66907.2578125,66917.1171875,201658368
2026-04-04 11:00:00+00:00,67105.9375,67194.5546875,67101.75,67143.5078125,195895296
2026-04-04 11:30:00+00:00,67113.609375,67129.3359375,67082.7890625,67108.9921875,33454080
2026-04-04 12:00:00+00:00,67099.6328125,67152.953125,67076.84375,67125.0234375,0
2026-04-04 12:30:00+00:00,67084.578125,67105.1640625,67048.6484375,67097.578125,224222208
2026-04-04 13:00:00+00:00,67088.4296875,67104.046875,67074.5078125,67081.375,0
2026-04-04 13:30:00+00:00,67204.6640625,67243.5703125,67084.0078125,67090.203125,64258048
2026-04-04 14:00:00+00:00,67195.8828125,67202.46875,67181.65625,67195.3359375,0
2026-04-04 14:30:00+00:00,67172.6953125,67181.40625,67028.609375,67181.40625,86974464
2026-04-04 15:00:00+00:00,67315.8125,67435.46875,67171.2109375,67198.84375,431424512
2026-04-04 15:30:00+00:00,67364.34375,67364.34375,67291.421875,67324.265625,45039616
2026-04-04 16:00:00+00:00,67437.9921875,67437.9921875,67316.109375,67368.828125,25229312
2026-04-04 16:30:00+00:00,67442.90625,67491.78125,67374.3828125,67435.796875,74821632
2026-04-04 17:00:00+00:00,67399.7578125,67399.9765625,67292.453125,67357.265625,0
2026-04-04 17:30:00+00:00,67334.515625,67385.984375,67313.4296875,67385.984375,41597952
2026-04-04 18:00:00+00:00,67331.25,67360.1796875,67304.875,67325.609375,10721280
2026-04-04 18:30:00+00:00,67287.0078125,67326.7265625,67266.375,67326.7265625,23702528
2026-04-04 19:00:00+00:00,67360.9453125,67474.109375,67286.078125,67286.078125,146087936
2026-04-04 19:30:00+00:00,67287.53125,67358.3515625,67285.609375,67357.7265625,121325568
2026-04-04 20:00:00+00:00,67262.1171875,67278.640625,67184.6953125,67278.640625,89643008
2026-04-04 20:30:00+00:00,67259.1875,67282.1875,67249.8125,67259.7734375,85272576
2026-04-04 21:00:00+00:00,67270.28125,67283.3828125,67224.5625,67262.2734375,16477184
2026-04-04 21:30:00+00:00,67366.3125,67402.5859375,67257.5703125,67272.453125,118203392
2026-04-04 22:00:00+00:00,67417.8671875,67426.90625,67340.1640625,67349.390625,63408128
2026-04-04 22:30:00+00:00,67378.8359375,67420.2109375,67373.140625,67420.2109375,27445248
2026-04-04 23:00:00+00:00,67309.3671875,67385.5078125,67308.984375,67385.171875,94072832
2026-04-04 23:30:00+00:00,67291.1953125,67315.25,67260.1640625,67304.375,110544896
2026-04-05 00:00:00+00:00,67224.265625,67297.15625,67224.265625,67280.21875,56433664
2026-04-05 00:30:00+00:00,67169.21875,67257.2421875,67166.9375,67243.4375,137812992
2026-04-05 01:00:00+00:00,67139.546875,67218.015625,67112.8984375,67180.0625,285020160
2026-04-05 01:30:00+00:00,67091.6640625,67131.9140625,67080.3125,67131.9140625,87483392
2026-04-05 02:00:00+00:00,67110.1875,67110.1875,66981.0390625,67074.1328125,230421504
2026-04-05 02:30:00+00:00,67154.7734375,67160.0859375,67119.15625,67121.0390625,28414976
2026-04-05 03:00:00+00:00,67146.875,67169.9921875,67130.0859375,67152.09375,98830336
2026-04-05 03:30:00+00:00,67113.9453125,67140.8359375,67088.21875,67140.8359375,66504704
2026-04-05 04:00:00+00:00,67164.1171875,67164.1171875,67066.0234375,67117.3671875,45633536
2026-04-05 04:30:00+00:00,67086.5078125,67165.34375,67081.8671875,67165.34375,35715072
2026-04-05 05:00:00+00:00,67074.1875,67130.3203125,67050.1484375,67085.7421875,7197696
2026-04-05 05:30:00+00:00,66904.875,67089.2265625,66901.8828125,67077.875,104230912
2026-04-05 06:00:00+00:00,66738.1640625,66922.078125,66615.0390625,66912.59375,812494848
2026-04-05 06:30:00+00:00,66825.3125,66834.78125,66748.203125,66748.203125,284766208
2026-04-05 07:00:00+00:00,66789.7734375,66888.6875,66789.5234375,66812.578125,170449920
2026-04-05 07:30:00+00:00,66795.5,66797.9765625,66715.0546875,66797.9765625,171895808
2026-04-05 08:00:00+00:00,66859.1328125,66882.3671875,66793.6015625,66793.6015625,0
2026-04-05 08:30:00+00:00,66907.5234375,66907.5234375,66827.8203125,66854.5625,31376384
2026-04-05 09:00:00+00:00,67001.0546875,67001.0546875,66889.0703125,66907.75,129825792
2026-04-05 09:30:00+00:00,67013.7265625,67015.375,66963.3203125,66996.28125,132054016
2026-04-05 10:00:00+00:00,66962.0,67010.0625,66954.6875,66975.5703125,90691584
2026-04-05 10:30:00+00:00,67033.0078125,67096.5859375,66965.9296875,66965.9296875,310517760
2026-04-05 11:00:00+00:00,66979.5703125,67064.8984375,66979.5703125,67027.9375,14116864
2026-04-05 11:30:00+00:00,66972.8359375,66993.640625,66955.75,66981.4921875,75246592
2026-04-05 12:00:00+00:00,66880.4453125,66977.1484375,66880.4453125,66977.1484375,350405632
2026-04-05 12:30:00+00:00,66767.5546875,66861.9609375,66691.171875,66861.9609375,547057664
2026-04-05 13:00:00+00:00,66749.6328125,66827.640625,66741.4140625,66771.5390625,181012480
2026-04-05 13:30:00+00:00,66876.3671875,66880.171875,66699.7109375,66699.7109375,145166336
2026-04-05 14:00:00+00:00,66888.5546875,66930.8359375,66828.1640625,66876.9921875,68560896
2026-04-05 14:30:00+00:00,66906.125,66942.1875,66876.2578125,66891.96875,72450048
2026-04-05 15:00:00+00:00,67427.8203125,67427.8203125,66823.8828125,66903.1015625,28813312
2026-04-05 15:30:00+00:00,67270.234375,67516.1640625,67270.234375,67453.9609375,1410672640
2026-04-05 16:00:00+00:00,67330.7421875,67353.4296875,67281.09375,67281.09375,136443904
2026-04-05 16:30:00+00:00,67188.7421875,67375.78125,67172.9140625,67317.6796875,156674048
2026-04-05 17:00:00+00:00,67313.5390625,67313.5390625,67174.0703125,67195.2421875,62846976
2026-04-05 17:30:00+00:00,67334.2890625,67365.5234375,67293.0703125,67312.2890625,37525504
2026-04-05 18:00:00+00:00,67273.125,67346.96875,67269.9140625,67346.96875,68311040
2026-04-05 18:30:00+00:00,67363.9375,67423.7734375,67276.0234375,67276.0234375,106465280
2026-04-05 19:00:00+00:00,67446.671875,67504.1640625,67348.6484375,67375.140625,101224448
2026-04-05 19:30:00+00:00,67301.609375,67439.375,67271.3828125,67439.375,111179776
2026-04-05 20:00:00+00:00,67456.4921875,67456.5703125,67331.4921875,67331.4921875,58011648
2026-04-05 20:30:00+00:00,67613.8515625,67653.4609375,67452.609375,67455.265625,298864640
2026-04-05 21:00:00+00:00,67439.671875,67618.5703125,67419.2890625,67613.8203125,182454272
2026-04-05 21:30:00+00:00,67540.8203125,67617.4140625,67433.734375,67452.9609375,307945472
2026-04-05 22:00:00+00:00,67390.828125,67736.03125,67329.8671875,67522.359375,433113088
2026-04-05 22:30:00+00:00,68325.484375,68325.484375,67393.5703125,67407.8046875,802953216
2026-04-05 23:00:00+00:00,68824.390625,68857.296875,68268.671875,68309.328125,1539397632
2026-04-05 23:30:00+00:00,68982.9140625,69048.203125,68777.109375,68777.109375,1137561600
2026-04-06 00:00:00+00:00,69141.40625,69491.6484375,68978.9140625,68978.9140625,1801961472
2026-04-06 00:30:00+00:00,69076.7109375,69310.171875,69076.7109375,69166.46875,616126464
2026-04-06 01:00:00+00:00,68947.875,69076.625,68817.03125,69063.71875,643106816
2026-04-06 01:30:00+00:00,68801.5390625,68945.1484375,68782.6484375,68945.1484375,402845696
2026-04-06 02:00:00+00:00,69190.5390625,69237.3671875,68780.3515625,68780.3515625,504215552
2026-04-06 02:30:00+00:00,69227.78125,69365.109375,69172.9609375,69202.0390625,636960768
2026-04-06 03:00:00+00:00,69161.5546875,69217.3671875,69069.4921875,69207.9609375,492040192
2026-04-06 03:30:00+00:00,69061.84375,69188.1015625,69044.9921875,69159.5703125,341821440
2026-04-06 04:00:00+00:00,68963.0859375,69173.921875,68963.0859375,69082.078125,383500288
2026-04-06 04:30:00+00:00,69115.71875,69173.4921875,68970.4453125,68970.75,442454016
2026-04-06 05:00:00+00:00,69117.3671875,69171.484375,69089.46875,69118.1171875,250535936
2026-04-06 05:30:00+00:00,69170.5234375,69200.28125,69121.96875,69121.96875,223569920
2026-04-06 06:00:00+00:00,68843.921875,69316.03125,68843.921875,69174.6171875,68276224
2026-04-06 06:30:00+00:00,68969.6484375,69060.71875,68824.1796875,68824.265625,747264000
2026-04-06 07:00:00+00:00,69065.1640625,69078.234375,68819.328125,68954.0078125,202409984
2026-04-06 07:30:00+00:00,69075.671875,69171.8984375,68939.4375,69050.109375,310509568
2026-04-06 08:00:00+00:00,69197.1328125,69220.53125,69083.1171875,69089.3203125,725616640
2026-04-06 08:30:00+00:00,69230.8046875,69281.40625,69198.7734375,69208.078125,357550080
2026-04-06 09:00:00+00:00,69904.296875,70132.9921875,69200.8828125,69210.859375,1592776704
2026-04-06 09:30:00+00:00,69734.3828125,69959.6171875,69706.390625,69925.1640625,1214648320
2026-04-06 10:00:00+00:00,69746.9921875,69840.140625,69714.0390625,69714.0390625,374882304
2026-04-06 10:30:00+00:00,69730.765625,69907.7109375,69723.8671875,69760.671875,521525248
2026-04-06 11:00:00+00:00,69632.0390625,69755.96875,69601.6796875,69755.96875,227430400
2026-04-06 11:30:00+00:00,69595.9453125,69684.0546875,69577.65625,69623.328125,590323712
2026-04-06 12:00:00+00:00,69484.7890625,69615.703125,69447.140625,69601.015625,215560192
2026-04-06 12:30:00+00:00,69356.1484375,69522.71875,69348.5234375,69421.796875,98664448
2026-04-06 13:00:00+00:00,69452.1171875,69458.2421875,69326.1328125,69365.3125,72441856
2026-04-06 13:30:00+00:00,69354.2890625,69486.828125,69260.03125,69446.8828125,730992640
2026-04-06 14:00:00+00:00,69563.25,69605.9609375,69206.546875,69366.4375,662888448
2026-04-06 14:30:00+00:00,69660.390625,69762.5703125,69327.75,69541.375,1255145472
2026-04-06 15:00:00+00:00,69660.6171875,69725.6796875,69578.390625,69645.2578125,463491072
2026-04-06 15:30:00+00:00,69930.125,69941.1171875,69665.828125,69725.1171875,206684160
2026-04-06 16:00:00+00:00,69988.1015625,70044.875,69883.921875,69947.6875,1378344960
2026-04-06 16:30:00+00:00,69834.8359375,70237.1015625,69834.8359375,69929.4921875,780222464
2026-04-06 17:00:00+00:00,69523.328125,69800.9921875,69283.7578125,69800.9921875,752259072
2026-04-06 17:30:00+00:00,69563.90625,69580.3359375,69436.9140625,69534.6171875,914919424
2026-04-06 18:00:00+00:00,69888.28125,69910.296875,69494.59375,69563.015625,443310080
2026-04-06 18:30:00+00:00,69884.3203125,69912.4375,69750.2265625,69861.8046875,500482048
2026-04-06 19:00:00+00:00,69814.4140625,69887.515625,69603.796875,69887.515625,323690496
2026-04-06 19:30:00+00:00,69704.140625,69869.0859375,69672.59375,69847.71875,732409856
2026-04-06 20:00:00+00:00,69941.359375,69941.359375,69619.25,69733.0,444837888
2026-04-06 20:30:00+00:00,69839.546875,69973.8203125,69836.140625,69948.6328125,284573696
2026-04-06 21:00:00+00:00,69671.8828125,69828.203125,69668.71875,69828.203125,508059648
2026-04-06 21:30:00+00:00,69522.0,69666.375,69464.78125,69666.375,553013248
2026-04-06 22:00:00+00:00,69393.1328125,69558.8984375,69343.578125,69471.375,0
2026-04-06 22:30:00+00:00,68918.875,69343.09375,68900.90625,69343.09375,208568320
2026-04-06 23:00:00+00:00,68513.25,68814.5546875,68367.84375,68814.5546875,222007296
2026-04-06 23:30:00+00:00,68859.375,68896.75,68514.1875,68514.1875,6565888
2026-04-07 00:00:00+00:00,68923.1953125,69035.9765625,68842.046875,68860.4609375,28143616
2026-04-07 00:30:00+00:00,68834.3125,68954.2265625,68749.859375,68933.1328125,85901312
2026-04-07 01:00:00+00:00,68738.4921875,68833.0234375,68555.25,68786.0546875,384073728
2026-04-07 01:30:00+00:00,68407.5,68769.875,68372.65625,68752.7734375,127266816
2026-04-07 02:00:00+00:00,68559.734375,68559.734375,68286.8046875,68413.4921875,73682944
2026-04-07 02:30:00+00:00,68668.671875,68682.9765625,68514.3046875,68568.3984375,84443136
2026-04-07 03:00:00+00:00,68766.890625,68772.109375,68630.9375,68672.4375,316436480
2026-04-07 03:30:00+00:00,68756.09375,68777.5859375,68731.3515625,68753.9453125,170364928
2026-04-07 04:00:00+00:00,68604.296875,68761.765625,68544.8125,68761.765625,152981504
2026-04-07 04:30:00+00:00,68876.296875,68964.1953125,68598.0625,68598.0625,336662528
2026-04-07 05:00:00+00:00,68700.390625,68841.0078125,68700.390625,68841.0078125,609333248
2026-04-07 05:30:00+00:00,68623.734375,68728.703125,68623.734375,68703.359375,105664512
2026-04-07 06:00:00+00:00,68562.1640625,68638.40625,68432.515625,68632.859375,48132096
2026-04-07 06:30:00+00:00,68559.765625,68573.6171875,68482.4296875,68562.0234375,113520640
2026-04-07 07:00:00+00:00,68564.109375,68637.2578125,68491.7734375,68557.8671875,120918016
2026-04-07 07:30:00+00:00,68632.78125,68679.46875,68572.453125,68572.453125,19959808
2026-04-07 08:00:00+00:00,68761.515625,68842.265625,68616.34375,68618.9140625,281092096
2026-04-07 08:30:00+00:00,68945.296875,68961.609375,68763.1875,68763.1875,30101504
2026-04-07 09:00:00+00:00,69042.15625,69189.3125,68941.453125,68945.3984375,0
2026-04-07 09:30:00+00:00,69144.3359375,69215.59375,69038.4296875,69038.4296875,12277760
2026-04-07 10:00:00+00:00,68701.7265625,69178.546875,68701.7265625,69150.4921875,158777344
2026-04-07 10:30:00+00:00,68233.8515625,68739.28125,68220.5625,68720.2734375,722382848
2026-04-07 11:00:00+00:00,68389.328125,68399.2421875,68075.421875,68225.6640625,805992448
2026-04-07 11:30:00+00:00,68356.046875,68424.375,68296.2578125,68325.90625,99033088
2026-04-07 12:00:00+00:00,68396.921875,68400.90625,68092.734375,68342.5,417087488
2026-04-07 12:30:00+00:00,68412.96875,68456.1875,68260.375,68398.21875,90859520
2026-04-07 13:00:00+00:00,68474.8125,68611.0234375,68379.7890625,68379.7890625,1086943232
2026-04-07 13:30:00+00:00,68254.234375,68498.6875,68205.890625,68471.2734375,211222528
2026-04-07 14:00:00+00:00,68016.7734375,68232.203125,67798.203125,68232.203125,585674752
2026-04-07 14:30:00+00:00,67916.6953125,68125.9609375,67916.6953125,68100.71875,149035008
2026-04-07 15:00:00+00:00,68142.046875,68142.046875,67755.734375,67856.078125,1745291264
2026-04-07 15:30:00+00:00,68141.9921875,68175.578125,68065.2265625,68172.8125,264253440
2026-04-07 16:00:00+00:00,68315.1640625,68335.0390625,68102.5546875,68151.7109375,168507392
2026-04-07 16:30:00+00:00,68216.5859375,68366.703125,68192.9296875,68366.703125,52916224
2026-04-07 17:00:00+00:00,68363.8671875,68381.71875,68197.21875,68213.9296875,0
2026-04-07 17:30:00+00:00,68707.1875,68783.3515625,68385.0546875,68385.0546875,1054994432
2026-04-07 18:00:00+00:00,68612.6953125,68745.515625,68572.1015625,68692.15625,42840064
2026-04-07 18:30:00+00:00,68426.2734375,68702.453125,68348.3125,68627.2421875,355155968
2026-04-07 19:00:00+00:00,68601.5546875,68707.3125,68372.921875,68428.25,403513344
2026-04-07 19:30:00+00:00,68958.59375,69064.8359375,68463.6796875,68571.6640625,968679424
2026-04-07 20:00:00+00:00,69373.453125,69502.0703125,69001.296875,69001.296875,832139264
2026-04-07 20:30:00+00:00,69281.7109375,69374.84375,69181.015625,69357.21875,424288256
2026-04-07 21:00:00+00:00,69519.421875,70160.59375,69301.40625,69301.40625,1358983168
2026-04-07 21:30:00+00:00,69908.7421875,70036.8046875,69618.1953125,69618.1953125,721838080
2026-04-07 22:00:00+00:00,70428.6875,70428.6875,69911.75,69911.75,1040089088
2026-04-07 22:30:00+00:00,71430.3515625,71430.3515625,70445.53125,70462.578125,2131316736
2026-04-07 23:00:00+00:00,72412.53125,72412.53125,71232.0703125,71482.6015625,1798721536
2026-04-07 23:30:00+00:00,71950.1484375,72484.7734375,71913.6171875,72484.7734375,2010091520
2026-04-08 00:00:00+00:00,71909.453125,72057.078125,71807.2578125,71926.15625,795033600
2026-04-08 00:30:00+00:00,71673.5703125,71979.421875,71556.203125,71904.484375,515067904
2026-04-08 01:00:00+00:00,71463.1640625,71729.0,71463.1640625,71688.7890625,1189347328
2026-04-08 01:30:00+00:00,71457.9453125,71559.7265625,71454.5234375,71460.5625,220995584
2026-04-08 02:00:00+00:00,71462.1640625,71700.5625,71430.296875,71462.34375,548556800
2026-04-08 02:30:00+00:00,71323.6015625,71454.59375,71276.15625,71454.59375,1063563264
2026-04-08 03:00:00+00:00,71406.6484375,71407.421875,71273.4453125,71322.296875,356139008
2026-04-08 03:30:00+00:00,71289.5078125,71466.1875,71286.484375,71466.1875,226541568
2026-04-08 04:00:00+00:00,71574.1328125,71574.1328125,71286.9296875,71286.9296875,411271168
2026-04-08 04:30:00+00:00,71588.4609375,71631.9765625,71524.5390625,71566.453125,209829888
2026-04-08 05:00:00+00:00,71710.5390625,71755.390625,71550.8359375,71566.6953125,634384384
2026-04-08 05:30:00+00:00,71718.125,71793.8671875,71679.4296875,71711.7421875,409796608
2026-04-08 06:00:00+00:00,71815.1875,71911.2734375,71601.90625,71714.875,213037056
2026-04-08 06:30:00+00:00,71720.1875,71849.828125,71715.1171875,71815.1875,508362752
2026-04-08 07:00:00+00:00,71857.234375,71882.296875,71637.1015625,71712.5703125,918589440
2026-04-08 07:30:00+00:00,71608.8203125,71702.6875,71601.6328125,71702.6875,879206400
2026-04-08 08:00:00+00:00,71739.046875,71778.265625,71628.890625,71628.890625,349245440
2026-04-08 08:30:00+00:00,71759.0546875,71814.53125,71661.4375,71738.203125,265326592
2026-04-08 09:00:00+00:00,71702.1171875,71932.7578125,71702.1171875,71787.71875,132730880
2026-04-08 09:30:00+00:00,71679.1796875,71714.25,71592.203125,71693.7265625,305451008
2026-04-08 10:00:00+00:00,71643.7109375,71714.15625,71600.34375,71672.5546875,117919744
2026-04-08 10:30:00+00:00,71491.28125,71646.9609375,71476.21875,71646.9609375,33398784
2026-04-08 11:00:00+00:00,71642.0,71645.4921875,71474.453125,71484.3203125,86265856
2026-04-08 11:30:00+00:00,71665.8984375,71711.5390625,71417.4609375,71653.5390625,624652288
2026-04-08 12:00:00+00:00,71743.4140625,71830.1640625,71634.3203125,71671.8984375,151777280
2026-04-08 12:30:00+00:00,72078.859375,72078.859375,71759.28125,71773.296875,774852608
2026-04-08 13:00:00+00:00,72467.9921875,72739.1796875,72072.5859375,72072.5859375,1785131008
2026-04-08 13:30:00+00:00,71523.8359375,72454.8359375,71523.8359375,72454.8359375,1190879232
2026-04-08 14:00:00+00:00,71491.234375,71704.453125,71364.3203125,71598.1171875,291139584
2026-04-08 14:30:00+00:00,70838.4921875,71460.9140625,70754.125,71460.9140625,1159897088
2026-04-08 15:00:00+00:00,71141.4375,71174.5234375,70868.1171875,70868.1171875,277856256
2026-04-08 15:30:00+00:00,71301.046875,71326.078125,71128.3515625,71158.3046875,161681408
2026-04-08 16:00:00+00:00,71421.09375,71481.140625,71286.6328125,71295.5390625,718143488
2026-04-08 16:30:00+00:00,71619.1796875,71637.2734375,71272.5546875,71296.2578125,322461696
2026-04-08 17:00:00+00:00,71539.6171875,71788.859375,71509.0546875,71600.4765625,349872128
2026-04-08 17:30:00+00:00,71910.0546875,71937.984375,71644.0703125,71644.0703125,181673984
2026-04-08 18:00:00+00:00,71366.109375,71885.625,71318.90625,71885.625,203554816
2026-04-08 18:30:00+00:00,71126.171875,71552.015625,71107.8828125,71433.2578125,346157056
2026-04-08 19:00:00+00:00,71130.1171875,71269.9921875,71078.375,71090.7734375,195407872
2026-04-08 19:30:00+00:00,71301.3984375,71353.8671875,71106.5234375,71106.5234375,19070976
2026-04-08 20:00:00+00:00,71436.8125,71480.0234375,71319.5703125,71319.5703125,26767360
2026-04-08 20:30:00+00:00,71367.4765625,71443.078125,71289.65625,71443.078125,0
2026-04-08 21:00:00+00:00,71715.5390625,71721.1015625,71339.625,71353.890625,0
2026-04-08 21:30:00+00:00,71518.7890625,71697.09375,71518.7890625,71641.6953125,100220928
2026-04-08 22:00:00+00:00,71199.6171875,71546.6796875,71199.6171875,71546.6796875,0
2026-04-08 22:30:00+00:00,71088.3046875,71344.734375,71088.3046875,71157.7578125,0
2026-04-08 23:00:00+00:00,71009.9921875,71164.3984375,70923.90625,70972.7578125,0
2026-04-08 23:30:00+00:00,71115.125,71144.6953125,70960.7421875,70986.5234375,0
2026-04-09 00:00:00+00:00,70963.1640625,71093.7578125,70898.9765625,71093.7578125,4972544
2026-04-09 00:30:00+00:00,70834.7734375,70914.296875,70688.7890625,70810.5234375,42713088
2026-04-09 01:00:00+00:00,70584.2109375,70855.9765625,70528.3125,70810.5703125,154914816
2026-04-09 01:30:00+00:00,70911.1875,70918.890625,70580.3515625,70580.3515625,143564800
2026-04-09 02:00:00+00:00,71040.1953125,71040.1953125,70820.84375,70920.3984375,0
2026-04-09 02:30:00+00:00,71069.421875,71157.859375,70965.4453125,71027.484375,176959488
2026-04-09 03:00:00+00:00,70889.3828125,71085.8671875,70889.3828125,71036.3046875,486842368
2026-04-09 03:30:00+00:00,70979.9140625,71027.9296875,70860.5390625,70902.2734375,173940736
2026-04-09 04:00:00+00:00,70827.875,70992.3046875,70827.875,70984.984375,1032192
2026-04-09 04:30:00+00:00,70766.5390625,70912.0859375,70766.5390625,70865.4140625,67768320
2026-04-09 05:00:00+00:00,70988.9453125,70988.9453125,70730.6796875,70758.9765625,127942656
2026-04-09 05:30:00+00:00,70972.8203125,71077.4921875,70923.765625,70981.3515625,81833984
2026-04-09 06:00:00+00:00,70866.4609375,71069.796875,70854.921875,70975.71875,0
2026-04-09 06:30:00+00:00,71009.359375,71009.359375,70864.078125,70869.9296875,68141056
2026-04-09 07:00:00+00:00,70992.90625,71076.234375,70981.1484375,71023.703125,0
2026-04-09 07:30:00+00:00,70964.1015625,71073.5625,70964.1015625,70987.9921875,19619840
2026-04-09 08:00:00+00:00,70978.203125,71007.890625,70901.5625,70968.703125,0
2026-04-09 08:30:00+00:00,71245.546875,71333.6875,70984.1796875,70984.1796875,744108032
2026-04-09 09:00:00+00:00,71282.1171875,71413.34375,71120.1640625,71258.9921875,275685376
2026-04-09 09:30:00+00:00,71505.09375,71536.890625,71202.59375,71288.7421875,111431680
2026-04-09 10:00:00+00:00,71439.03125,71503.3359375,71362.328125,71503.3359375,95821824
2026-04-09 10:30:00+00:00,71292.984375,71452.3984375,71292.984375,71391.0859375,2805760
2026-04-09 11:00:00+00:00,71080.546875,71321.0703125,71080.546875,71287.6953125,26460160
2026-04-09 11:30:00+00:00,71157.0078125,71201.171875,71092.6640625,71159.3671875,179421184
2026-04-09 12:00:00+00:00,71265.875,71265.875,71059.296875,71151.8515625,32976896
2026-04-09 12:30:00+00:00,71269.7109375,71270.9375,71145.359375,71270.9375,15863808
2026-04-09 13:00:00+00:00,71146.171875,71267.5859375,71066.46875,71267.5859375,0
2026-04-09 13:30:00+00:00,70812.71875,71134.6328125,70650.7890625,71101.46875,0
2026-04-09 14:00:00+00:00,70559.03125,70806.5234375,70549.265625,70796.671875,146761728
2026-04-09 14:30:00+00:00,71116.171875,71200.6640625,70595.1171875,70595.1171875,0
2026-04-09 15:00:00+00:00,71354.4296875,71584.1875,70938.3984375,71124.2421875,217556992
2026-04-09 15:30:00+00:00,72103.4296875,72317.9921875,71310.140625,71352.3125,1710372864
2026-04-09 16:00:00+00:00,72123.9921875,72345.6875,72116.265625,72122.2265625,807731200
2026-04-09 16:30:00+00:00,72019.4765625,72069.65625,71784.3515625,72069.65625,899190784
2026-04-09 17:00:00+00:00,72272.5625,72519.0859375,72262.65625,72262.65625,2408194048
2026-04-09 17:30:00+00:00,72345.8828125,72468.75,72132.3828125,72340.0390625,278376448
2026-04-09 18:00:00+00:00,71902.1484375,72293.109375,71790.4609375,72293.109375,290545664
2026-04-09 18:30:00+00:00,71886.0859375,71931.515625,71774.890625,71906.765625,164585472
2026-04-09 19:00:00+00:00,71803.734375,72060.2734375,71785.296875,71890.2578125,90988544
2026-04-09 19:30:00+00:00,72090.484375,72252.6484375,71817.09375,71817.09375,218398720
2026-04-09 20:00:00+00:00,72266.34375,72341.2890625,72037.734375,72109.1328125,1107939328
2026-04-09 20:30:00+00:00,72390.7109375,72436.1328125,72294.453125,72294.453125,324747264
2026-04-09 21:00:00+00:00,72231.40625,72651.953125,72178.1171875,72414.75,477908992
2026-04-09 21:30:00+00:00,72256.9765625,72425.578125,72180.625,72187.0859375,136540160
2026-04-09 22:00:00+00:00,72663.015625,73004.65625,72258.2578125,72258.2578125,1066180608
2026-04-09 22:30:00+00:00,72041.1171875,72617.390625,72041.1171875,72617.390625,872775680
2026-04-09 23:00:00+00:00,71847.34375,72000.1171875,71720.078125,71962.484375,316010496
2026-04-09 23:30:00+00:00,71774.3671875,71815.859375,71637.8125,71637.8125,443691008
2026-04-10 00:00:00+00:00,71705.5078125,71860.578125,71609.296875,71783.515625,334745600
2026-04-10 00:30:00+00:00,71907.890625,72004.9296875,71795.8203125,71795.8203125,665890816
2026-04-10 01:00:00+00:00,71842.3671875,72069.9375,71730.296875,71932.625,161185792
2026-04-10 01:30:00+00:00,72172.6484375,72377.25,71825.4921875,71825.4921875,461230080
2026-04-10 02:00:00+00:00,72188.796875,72281.828125,72132.2421875,72166.3984375,124129280
2026-04-10 02:30:00+00:00,71953.8515625,72188.015625,71928.1953125,72152.8046875,59674624
2026-04-10 03:00:00+00:00,71838.96875,71974.7890625,71838.96875,71961.484375,77340672
2026-04-10 03:30:00+00:00,71866.9375,71957.984375,71817.3515625,71817.3515625,578637824
2026-04-10 04:00:00+00:00,71904.3203125,71933.9296875,71887.453125,71888.7265625,219242496
2026-04-10 04:30:00+00:00,72075.203125,72114.984375,71845.609375,71889.4375,355725312
2026-04-10 05:00:00+00:00,72247.6015625,72255.078125,72027.4140625,72101.890625,797184000
2026-04-10 05:30:00+00:00,72110.9609375,72239.9453125,72104.9375,72235.5234375,345808896
2026-04-10 06:00:00+00:00,71964.7890625,72148.390625,71955.5546875,72124.4765625,737062912
2026-04-10 06:30:00+00:00,71818.6171875,71972.7265625,71804.453125,71963.4296875,135135232
2026-04-10 07:00:00+00:00,71726.28125,71827.6640625,71708.1796875,71817.7890625,92835840
2026-04-10 07:30:00+00:00,71474.5234375,71757.0546875,71445.828125,71736.625,175702016
2026-04-10 08:00:00+00:00,71653.9375,71670.0234375,71444.78125,71484.5546875,496103424
2026-04-10 08:30:00+00:00,71601.859375,71747.3671875,71515.0703125,71672.1875,1536000
2026-04-10 09:00:00+00:00,71739.890625,71811.0546875,71597.328125,71607.3828125,84598784
2026-04-10 09:30:00+00:00,71796.2734375,71853.765625,71753.578125,71753.578125,120012800
2026-04-10 10:00:00+00:00,71724.765625,71821.140625,71724.765625,71790.0390625,126173184
2026-04-10 10:30:00+00:00,71927.125,71927.125,71730.984375,71730.984375,82956288
2026-04-10 11:00:00+00:00,72182.046875,72192.15625,71914.7734375,71914.7734375,633016320
2026-04-10 11:30:00+00:00,72120.9609375,72250.0703125,72111.703125,72198.1640625,146542592
2026-04-10 12:00:00+00:00,72068.2890625,72275.796875,72051.0234375,72123.65625,204193792
2026-04-10 12:30:00+00:00,72259.9296875,72420.3515625,72067.4296875,72067.4296875,702447616
2026-04-10 13:00:00+00:00,72290.171875,72292.65625,72174.5546875,72259.9375,716242944
2026-04-10 13:30:00+00:00,72353.125,72353.125,71946.921875,72285.4453125,598065152
2026-04-10 14:00:00+00:00,72944.515625,73059.984375,72328.6796875,72328.6796875,1124462592
2026-04-10 14:30:00+00:00,72902.0234375,73117.5390625,72794.515625,72974.359375,1208115200
2026-04-10 15:00:00+00:00,72868.4140625,73289.9140625,72868.4140625,72958.8125,774942720
2026-04-10 15:30:00+00:00,72403.5390625,72807.8671875,72403.5390625,72807.8671875,49000448
2026-04-10 16:00:00+00:00,72741.4921875,72760.453125,72420.078125,72431.109375,16588800
2026-04-10 16:30:00+00:00,73034.765625,73034.765625,72658.4609375,72750.4609375,0
2026-04-10 17:00:00+00:00,72989.390625,73020.7421875,72838.140625,73002.578125,0
2026-04-10 17:30:00+00:00,73101.09375,73114.03125,72860.140625,72936.0546875,295673856
2026-04-10 18:00:00+00:00,72985.2265625,73134.140625,72913.828125,73134.140625,133832704
2026-04-10 18:30:00+00:00,73114.046875,73129.2578125,72948.6171875,73011.265625,136364032
2026-04-10 19:00:00+00:00,73039.1796875,73263.1015625,73039.1796875,73118.453125,268263424
2026-04-10 19:30:00+00:00,73234.4453125,73234.4453125,72945.1015625,72970.8515625,168701952
2026-04-10 20:00:00+00:00,73204.703125,73295.1796875,73165.5390625,73218.1953125,340799488
2026-04-10 20:30:00+00:00,73377.0703125,73421.8125,73081.796875,73262.78125,251658240
2026-04-10 21:00:00+00:00,73136.171875,73371.953125,73094.53125,73371.953125,33288192
2026-04-10 21:30:00+00:00,73203.6953125,73203.6953125,72993.9296875,73096.3515625,238710784
2026-04-10 22:00:00+00:00,73028.234375,73223.703125,73028.234375,73202.296875,193761280
2026-04-10 22:30:00+00:00,72919.671875,73026.765625,72834.515625,73025.7265625,215289856
2026-04-10 23:00:00+00:00,72925.9765625,72930.203125,72822.1328125,72908.984375,9113600
2026-04-10 23:30:00+00:00,72976.125,72976.125,72876.6796875,72918.9453125,34844672
2026-04-11 00:00:00+00:00,72907.078125,72974.1953125,72851.65625,72974.1953125,119627776
2026-04-11 00:30:00+00:00,72841.375,72932.6640625,72829.4453125,72927.34375,21250048
2026-04-11 01:00:00+00:00,72779.78125,72861.40625,72722.609375,72844.015625,0
2026-04-11 01:30:00+00:00,72955.96875,73003.703125,72846.71875,72846.71875,1081344
2026-04-11 02:00:00+00:00,73032.921875,73065.5078125,72946.8203125,72954.3125,67686400
2026-04-11 02:30:00+00:00,72984.203125,73116.5234375,72966.3359375,73024.6484375,269090816
2026-04-11 03:00:00+00:00,73044.5390625,73098.7265625,72981.1484375,72981.1484375,136241152
2026-04-11 03:30:00+00:00,72867.390625,73041.4453125,72867.390625,73041.4453125,252391424
2026-04-11 04:00:00+00:00,72738.515625,72972.625,72738.515625,72886.9375,278597632
2026-04-11 04:30:00+00:00,72824.890625,72852.453125,72771.15625,72771.15625,84189184
2026-04-11 05:00:00+00:00,72813.9609375,72856.34375,72706.6484375,72843.453125,219893760
2026-04-11 05:30:00+00:00,72759.265625,72862.75,72754.96875,72819.75,20402176
2026-04-11 06:00:00+00:00,72720.953125,72752.0546875,72676.46875,72744.8828125,202788864
2026-04-11 06:30:00+00:00,72801.0859375,72801.0859375,72719.046875,72722.9375,3686400
2026-04-11 07:00:00+00:00,72837.5078125,72848.59375,72768.125,72794.328125,34025472
2026-04-11 07:30:00+00:00,72738.2890625,72833.03125,72719.5390625,72833.03125,51908608
2026-04-11 08:00:00+00:00,72783.7734375,72820.59375,72748.5859375,72768.2421875,0
2026-04-11 08:30:00+00:00,72715.7109375,72789.0703125,72681.109375,72773.5546875,34570240
2026-04-11 09:00:00+00:00,72886.828125,72911.5546875,72659.4375,72704.0703125,46424064
2026-04-11 09:30:00+00:00,72913.359375,72917.6328125,72801.9765625,72881.5703125,112160768
2026-04-11 10:00:00+00:00,72898.875,72938.2265625,72820.09375,72937.609375,28815360
2026-04-11 10:30:00+00:00,72864.703125,72899.4765625,72797.5703125,72899.4765625,505188352
2026-04-11 11:00:00+00:00,72880.640625,72914.3984375,72858.3828125,72861.7109375,0
2026-04-11 11:30:00+00:00,72925.703125,72945.75,72867.1484375,72868.6484375,16295936
2026-04-11 12:00:00+00:00,72878.828125,72964.6640625,72846.046875,72923.6796875,0
2026-04-11 12:30:00+00:00,72967.8203125,73003.6796875,72879.234375,72888.5390625,0
2026-04-11 13:00:00+00:00,72748.34375,72847.7890625,72594.53125,72844.8203125,397406208
2026-04-11 13:30:00+00:00,72701.921875,72721.0078125,72624.25,72644.015625,0
2026-04-11 14:00:00+00:00,72747.328125,72771.796875,72654.265625,72693.8984375,0
2026-04-11 14:30:00+00:00,72745.453125,72751.546875,72638.1796875,72695.8515625,0
2026-04-11 15:00:00+00:00,72801.171875,72874.7265625,72712.1953125,72745.6171875,0
2026-04-11 15:30:00+00:00,72880.890625,72883.3125,72786.03125,72794.0859375,0
2026-04-11 16:00:00+00:00,72899.828125,72929.578125,72850.484375,72886.515625,580388864
2026-04-11 16:30:00+00:00,73102.703125,73199.65625,72896.328125,72896.328125,234903552
2026-04-11 17:00:00+00:00,73076.765625,73111.8125,72978.109375,73080.1640625,3153920
2026-04-11 17:30:00+00:00,73097.2109375,73178.5859375,73081.3828125,73081.3828125,385579008
2026-04-11 18:00:00+00:00,73220.625,73233.0,73073.71875,73106.21875,0
2026-04-11 18:30:00+00:00,73544.5703125,73700.171875,73230.921875,73273.3046875,772773888
2026-04-11 19:00:00+00:00,73664.9609375,73687.4765625,73514.65625,73555.78125,133488640
2026-04-11 19:30:00+00:00,73683.421875,73724.78125,73642.890625,73718.234375,359204864
2026-04-11 20:00:00+00:00,73451.9296875,73687.1015625,73440.046875,73687.1015625,34942976
2026-04-11 20:30:00+00:00,73331.3046875,73453.9375,73284.3515625,73442.71875,0
2026-04-11 21:00:00+00:00,73367.7578125,73452.984375,73272.140625,73324.375,46876672
2026-04-11 21:30:00+00:00,73476.75,73539.8203125,73349.921875,73349.921875,10129408
2026-04-11 22:00:00+00:00,73477.7890625,73550.828125,73406.171875,73449.1328125,47136768
2026-04-11 22:30:00+00:00,73388.0546875,73491.3359375,73270.546875,73491.3359375,108081152
2026-04-11 23:00:00+00:00,73197.9375,73390.8125,72963.15625,73390.8125,255111168
2026-04-11 23:30:00+00:00,73056.046875,73170.6171875,73043.046875,73170.6171875,74547200
2026-04-12 00:00:00+00:00,73078.046875,73096.484375,72932.578125,73057.15625,21882880
2026-04-12 00:30:00+00:00,73068.3828125,73124.0859375,73038.9453125,73080.6484375,18163712
2026-04-12 01:00:00+00:00,73031.0078125,73141.5,73031.0078125,73083.3515625,312768512
2026-04-12 01:30:00+00:00,71666.203125,73038.4765625,71527.5625,73038.4765625,2233817088
2026-04-12 02:00:00+00:00,71819.875,71961.015625,71464.046875,71662.8671875,834263040
2026-04-12 02:30:00+00:00,71810.359375,71924.7734375,71810.359375,71883.265625,174358528
2026-04-12 03:00:00+00:00,71729.203125,71860.9296875,71675.3828125,71790.203125,390912000
2026-04-12 03:30:00+00:00,71660.0546875,71755.625,71626.78125,71735.6953125,422733824
2026-04-12 04:00:00+00:00,71577.71875,71678.65625,71524.109375,71621.7890625,255520768
2026-04-12 04:30:00+00:00,71490.046875,71581.953125,71481.25,71553.8984375,164722688
2026-04-12 05:00:00+00:00,71667.9609375,71667.9609375,71487.3984375,71487.3984375,329478144
2026-04-12 05:30:00+00:00,71740.96875,71785.1328125,71640.3828125,71684.8984375,486178816
2026-04-12 06:00:00+00:00,71740.9453125,71762.03125,71691.9375,71735.875,129046528
2026-04-12 06:30:00+00:00,71675.6640625,71721.84375,71663.28125,71721.84375,105826304
2026-04-12 07:00:00+00:00,71650.296875,71684.3359375,71612.8359375,71673.453125,92624896
2026-04-12 07:30:00+00:00,71747.28125,71765.0234375,71647.8671875,71647.8671875,54261760
2026-04-12 08:00:00+00:00,71722.7578125,71722.7578125,71649.9453125,71712.4296875,434032640
2026-04-12 08:30:00+00:00,71639.640625,71789.8125,71625.328125,71722.46875,297070592
2026-04-12 09:00:00+00:00,71627.8828125,71654.359375,71567.7421875,71650.3359375,160362496
2026-04-12 09:30:00+00:00,71561.8203125,71635.734375,71543.8046875,71633.09375,74809344
2026-04-12 10:00:00+00:00,71646.1953125,71676.1875,71545.0703125,71563.4296875,118321152
2026-04-12 10:30:00+00:00,71458.2734375,71636.09375,71405.109375,71636.09375,127037440
2026-04-12 11:00:00+00:00,71520.6953125,71545.5546875,71459.5234375,71465.1640625,337575936
2026-04-12 11:30:00+00:00,71494.46875,71527.0546875,71448.3203125,71527.0546875,56832000
2026-04-12 12:00:00+00:00,71433.5234375,71493.9921875,71369.796875,71493.9921875,153413632
2026-04-12 12:30:00+00:00,71158.734375,71515.1484375,71129.40625,71426.171875,489056256
2026-04-12 13:00:00+00:00,71096.515625,71102.6796875,70961.1796875,71004.1640625,513634304
2026-04-12 13:30:00+00:00,70895.84375,71093.0,70895.84375,71077.921875,203982848
2026-04-12 14:00:00+00:00,71084.5546875,71084.5546875,70906.375,70906.40625,796131328
2026-04-12 14:30:00+00:00,70807.34375,71075.3046875,70739.6015625,71075.3046875,444831744
2026-04-12 15:00:00+00:00,70757.25,70857.71875,70757.25,70768.640625,243367936
2026-04-12 15:30:00+00:00,70906.8203125,70944.4453125,70721.7890625,70757.109375,729321472
2026-04-12 16:00:00+00:00,70940.546875,70956.0625,70856.4140625,70886.1015625,121057280
2026-04-12 16:30:00+00:00,70902.7578125,70959.578125,70866.6796875,70954.53125,0
2026-04-12 17:00:00+00:00,71017.3515625,71017.3515625,70934.234375,70958.9921875,144003072
2026-04-12 17:30:00+00:00,71143.1328125,71198.3984375,70959.8125,71026.125,575559680
2026-04-12 18:00:00+00:00,71123.3359375,71203.03125,71091.5625,71125.421875,216076288
2026-04-12 18:30:00+00:00,71161.0703125,71221.2109375,71108.453125,71108.453125,0
2026-04-12 19:00:00+00:00,71177.1015625,71234.3046875,71152.7578125,71158.640625,130850816
2026-04-12 19:30:00+00:00,71114.7265625,71181.4453125,71081.5859375,71179.4765625,25518080
2026-04-12 20:00:00+00:00,71090.171875,71123.7421875,70971.484375,71110.75,247044096
2026-04-12 20:30:00+00:00,71359.3984375,71431.6953125,71083.8671875,71083.8671875,324841472
2026-04-12 21:00:00+00:00,71318.515625,71452.2265625,71228.7109375,71349.5390625,119525376
2026-04-12 21:30:00+00:00,71284.375,71367.3359375,71243.9765625,71323.984375,66324480
2026-04-12 22:00:00+00:00,70631.9921875,71345.109375,70631.9921875,71345.109375,1069916160
2026-04-12 22:30:00+00:00,70901.7890625,70906.359375,70593.453125,70645.5,402759680
2026-04-12 23:00:00+00:00,70741.75,70917.5625,70606.359375,70917.5625,159762432
2026-04-12 23:30:00+00:00,70757.6171875,70762.6015625,70581.140625,70718.1015625,253302784
2026-04-13 00:00:00+00:00,71024.84375,71072.7890625,70629.453125,70741.296875,209483776
2026-04-13 00:30:00+00:00,71159.4609375,71229.5703125,70958.015625,70992.9296875,427194368
2026-04-13 01:00:00+00:00,71153.4765625,71207.984375,71087.2265625,71174.0625,404588544
2026-04-13 01:30:00+00:00,71221.5,71224.4453125,71064.9140625,71088.7578125,66693120
2026-04-13 02:00:00+00:00,71197.03125,71225.0859375,71013.8515625,71199.1796875,105672704
2026-04-13 02:30:00+00:00,71080.9375,71264.46875,71052.6875,71264.46875,75268096
2026-04-13 03:00:00+00:00,71075.03125,71126.6328125,71004.0390625,71063.625,447653888
2026-04-13 03:30:00+00:00,70989.6875,71071.828125,70951.0078125,71071.828125,51374080
2026-04-13 04:00:00+00:00,71034.234375,71034.234375,70920.1015625,70981.3125,545058816
2026-04-13 04:30:00+00:00,70932.84375,71120.4453125,70866.296875,71036.6015625,743170048
2026-04-13 05:00:00+00:00,70858.046875,70916.1796875,70802.4375,70904.03125,1187964928
2026-04-13 05:30:00+00:00,70857.4375,70860.8046875,70713.4921875,70859.640625,62371840
2026-04-13 06:00:00+00:00,71032.9765625,71066.96875,70870.625,70870.625,1143791616
2026-04-13 06:30:00+00:00,71064.859375,71077.578125,71004.734375,71024.0546875,544090112
2026-04-13 07:00:00+00:00,70730.3671875,71043.46875,70699.671875,71043.46875,1372372992
2026-04-13 07:30:00+00:00,70831.3125,70831.3125,70705.640625,70716.671875,505337856
2026-04-13 08:00:00+00:00,70758.359375,70846.5078125,70691.328125,70810.34375,2305685504
2026-04-13 08:30:00+00:00,70667.7890625,70769.1796875,70588.5234375,70769.1796875,126808064
2026-04-13 09:00:00+00:00,70791.6015625,70881.15625,70667.7890625,70667.7890625,704948224
2026-04-13 09:30:00+00:00,70789.25,70811.0,70766.1484375,70789.2109375,41500672
2026-04-13 10:00:00+00:00,70771.4609375,70832.1640625,70732.6640625,70791.625,207538176
2026-04-13 10:30:00+00:00,70745.5390625,70835.046875,70727.5,70769.1796875,947916800
2026-04-13 11:00:00+00:00,70870.5546875,70876.8046875,70738.1796875,70738.1796875,55572480
2026-04-13 11:30:00+00:00,70947.2109375,70960.5546875,70821.734375,70879.3046875,264083456
2026-04-13 12:00:00+00:00,70879.1640625,71017.0,70863.828125,70883.4453125,584259584
2026-04-13 12:30:00+00:00,71102.421875,71195.453125,70788.5,70865.59375,124162048
2026-04-13 13:00:00+00:00,71207.90625,71261.25,71083.3671875,71127.4453125,471707648
2026-04-13 13:30:00+00:00,71608.9296875,71608.9296875,70859.5234375,71184.265625,1358340096
2026-04-13 14:00:00+00:00,71665.671875,71719.078125,71485.4453125,71657.2890625,1488508928
2026-04-13 14:30:00+00:00,72420.1171875,72420.1171875,71650.5078125,71650.5078125,1300707328
2026-04-13 15:00:00+00:00,71995.2265625,72408.421875,71900.5859375,72408.421875,1744435200
2026-04-13 15:30:00+00:00,71838.046875,71982.875,71691.8515625,71982.875,554117120
2026-04-13 16:00:00+00:00,72170.9296875,72254.65625,71821.390625,71909.3828125,1020432384
2026-04-13 16:30:00+00:00,72204.7265625,72436.6171875,72125.96875,72269.6171875,1638756352
2026-04-13 17:00:00+00:00,72417.96875,72417.96875,72187.40625,72187.40625,1676144640
2026-04-13 17:30:00+00:00,72153.3984375,72560.015625,72151.6171875,72430.2578125,1068933120
2026-04-13 18:00:00+00:00,72157.328125,72287.4765625,72101.75,72168.9765625,863711232
2026-04-13 18:30:00+00:00,72457.6875,72457.6875,72174.6953125,72174.6953125,528379904
2026-04-13 19:00:00+00:00,72844.9765625,72887.6640625,72327.703125,72454.0078125,1155174400
2026-04-13 19:30:00+00:00,73373.984375,73472.53125,72965.78125,72965.78125,3110457344
2026-04-13 20:00:00+00:00,73108.6640625,73379.046875,73046.53125,73379.046875,1506521088
2026-04-13 20:30:00+00:00,73204.078125,73273.9140625,73122.171875,73122.171875,542068736
2026-04-13 21:00:00+00:00,73169.3203125,73312.859375,73137.4140625,73182.1171875,415809536
2026-04-13 21:30:00+00:00,73229.1640625,73338.9609375,73145.8828125,73171.1875,869818368
2026-04-13 22:00:00+00:00,74131.6328125,74378.5546875,73208.84375,73208.84375,1663754240
2026-04-13 22:30:00+00:00,74640.609375,74699.296875,74140.2109375,74236.921875,1499025408
2026-04-13 23:00:00+00:00,74668.9140625,74804.3203125,74502.140625,74546.9921875,2036723712
2026-04-13 23:30:00+00:00,74532.7421875,74856.671875,74485.984375,74856.671875,1431457792
2026-04-14 00:00:00+00:00,74260.6171875,74504.140625,74243.484375,74442.2265625,852140032
2026-04-14 00:30:00+00:00,74162.0234375,74429.1171875,74162.0234375,74282.875,482283520
2026-04-14 01:00:00+00:00,74318.3359375,74354.1015625,74074.78125,74145.921875,2734997504
2026-04-14 01:30:00+00:00,74378.9921875,74427.2734375,74258.453125,74297.515625,166232064
2026-04-14 02:00:00+00:00,74465.40625,74566.109375,74400.3125,74404.7109375,365068288
2026-04-14 02:30:00+00:00,74374.3671875,74463.765625,74317.484375,74427.6640625,317181952
2026-04-14 03:00:00+00:00,74291.6796875,74427.21875,74291.6796875,74365.78125,297230336
2026-04-14 03:30:00+00:00,74454.3828125,74499.0078125,74294.5859375,74294.5859375,1220390912
2026-04-14 04:00:00+00:00,74492.0390625,74512.1640625,74408.8203125,74450.8515625,214913024
2026-04-14 04:30:00+00:00,74397.703125,74505.2265625,74391.2421875,74505.2265625,28688384
2026-04-14 05:00:00+00:00,74349.9296875,74418.0859375,74343.2421875,74393.7578125,157478912
2026-04-14 05:30:00+00:00,74209.84375,74382.6953125,74192.1875,74350.5546875,1081044992
2026-04-14 06:00:00+00:00,74446.6015625,74456.9296875,74299.1484375,74312.171875,299876352
2026-04-14 06:30:00+00:00,74565.7734375,74565.7734375,74399.484375,74431.7890625,73248768
2026-04-14 07:00:00+00:00,74706.953125,74930.4296875,74512.671875,74551.2734375,760713216
2026-04-14 07:30:00+00:00,74547.5546875,74699.2421875,74511.1953125,74699.2421875,632561664
2026-04-14 08:00:00+00:00,74614.8515625,74614.8515625,74510.515625,74547.046875,257658880
2026-04-14 08:30:00+00:00,74776.1640625,74901.6875,74662.4921875,74725.0625,760549376
2026-04-14 09:00:00+00:00,74687.359375,74845.84375,74675.046875,74770.9375,238297088
2026-04-14 09:30:00+00:00,74538.09375,74700.296875,74469.1640625,74670.421875,467337216
2026-04-14 10:00:00+00:00,74603.8125,74608.0078125,74498.265625,74506.390625,126480384
2026-04-14 10:30:00+00:00,74423.4453125,74638.0703125,74363.4921875,74615.3359375,570015744
2026-04-14 11:00:00+00:00,74420.328125,74465.9609375,74395.28125,74395.28125,248889344
2026-04-14 11:30:00+00:00,74456.0,74456.0,74333.2734375,74366.78125,1164587008
2026-04-14 12:00:00+00:00,74297.015625,74443.2265625,74297.015625,74398.828125,212840448
2026-04-14 12:30:00+00:00,74457.5859375,74457.5859375,74308.0,74308.0,1109123072
2026-04-14 13:00:00+00:00,74647.9921875,74751.484375,74455.375,74455.375,384806912
2026-04-14 13:30:00+00:00,75490.3984375,75495.4765625,74561.3125,74561.3125,2114052096
2026-04-14 14:00:00+00:00,75855.0078125,75855.0078125,75409.25,75532.8046875,1480835072
2026-04-14 14:30:00+00:00,75180.125,76009.03125,75180.125,75886.4609375,1851490304
2026-04-14 15:00:00+00:00,74896.3125,75101.015625,74743.2890625,75090.1796875,668262400
2026-04-14 15:30:00+00:00,75367.1640625,75423.8984375,74827.9140625,74827.9140625,921063424
2026-04-14 16:00:00+00:00,75287.78125,75666.0390625,75241.5859375,75390.9609375,679710720
2026-04-14 16:30:00+00:00,74566.21875,75289.8671875,74566.21875,75289.8671875,163033088
2026-04-14 17:00:00+00:00,74751.7890625,74947.6328125,74653.4140625,74653.4140625,180416512
2026-04-14 17:30:00+00:00,74766.5,74776.59375,74332.015625,74621.28125,3256160256
2026-04-14 18:00:00+00:00,74593.9921875,74809.5546875,74500.1953125,74806.2109375,46465024
2026-04-14 18:30:00+00:00,74097.0625,74580.6015625,73946.8515625,74580.6015625,1723760640
2026-04-14 19:00:00+00:00,74113.4140625,74403.9296875,73960.7578125,74132.796875,434868224
2026-04-14 19:30:00+00:00,74265.8984375,74284.84375,74094.1484375,74283.2421875,0
2026-04-14 20:00:00+00:00,74211.2421875,74423.1484375,74150.9453125,74329.203125,1103577088
2026-04-14 20:30:00+00:00,74052.28125,74303.6484375,74052.28125,74244.078125,59609088
2026-04-14 21:00:00+00:00,74170.0703125,74293.171875,74088.2890625,74157.2109375,176037888
2026-04-14 21:30:00+00:00,74315.2890625,74343.96875,73982.46875,74194.75,167419904
2026-04-14 22:00:00+00:00,73964.4921875,74413.2109375,73964.1015625,74272.21875,69373952
2026-04-14 22:30:00+00:00,74067.359375,74155.9296875,73905.1796875,73950.0,158855168
2026-04-14 23:00:00+00:00,74152.0,74244.0078125,74046.1796875,74067.3203125,0
2026-04-14 23:30:00+00:00,74186.5390625,74269.2578125,74078.046875,74152.0078125,73728
2026-04-15 00:00:00+00:00,74568.0,74721.828125,74153.2734375,74176.09375,2480816128
2026-04-15 00:30:00+00:00,74601.5,74644.453125,74464.7265625,74629.3828125,394072064
2026-04-15 01:00:00+00:00,74713.8984375,74828.609375,74545.328125,74585.2734375,26046464
2026-04-15 01:30:00+00:00,74649.0,74784.8515625,74531.28125,74732.9375,137506816
2026-04-15 02:00:00+00:00,74378.203125,74725.859375,74378.203125,74645.4609375,242864128
2026-04-15 02:30:00+00:00,74359.84375,74380.140625,74218.1484375,74375.3984375,365559808
2026-04-15 03:00:00+00:00,74328.0625,74405.9921875,74214.53125,74364.78125,135663616
2026-04-15 03:30:00+00:00,74376.75,74401.0,74244.4296875,74338.0078125,129462272
2026-04-15 04:00:00+00:00,74342.0703125,74471.1796875,74334.8828125,74377.8515625,151408640
2026-04-15 04:30:00+00:00,74354.171875,74406.9921875,74294.0078125,74364.890625,67403776
2026-04-15 05:00:00+00:00,74042.4296875,74463.9921875,74032.03125,74369.9765625,149106688
2026-04-15 05:30:00+00:00,74054.953125,74073.953125,73912.578125,74028.4921875,129232896
2026-04-15 06:00:00+00:00,73968.0078125,74081.578125,73945.0078125,74036.921875,115929088
2026-04-15 06:30:00+00:00,73924.0,74056.796875,73902.921875,73955.203125,130314240
2026-04-15 07:00:00+00:00,73743.84375,74048.46875,73650.0078125,73946.921875,477683712
2026-04-15 07:30:00+00:00,73771.34375,73813.796875,73545.0,73743.828125,151097344
2026-04-15 08:00:00+00:00,74024.0078125,74027.3828125,73706.0,73776.828125,113242112
2026-04-15 08:30:00+00:00,74139.28125,74219.0078125,74000.296875,74025.53125,4849664
2026-04-15 09:00:00+00:00,73980.03125,74213.4296875,73950.59375,74139.9921875,168755200
2026-04-15 09:30:00+00:00,74033.4609375,74050.078125,73930.25,73983.71875,99184640
2026-04-15 10:00:00+00:00,73934.84375,74205.4765625,73921.4921875,74019.359375,987631616
2026-04-15 10:30:00+00:00,73890.8984375,74261.8828125,73822.03125,73925.0,411000832
2026-04-15 11:00:00+00:00,73995.8828125,74120.0078125,73895.2890625,73906.546875,0
2026-04-15 11:30:00+00:00,74233.3203125,74276.2421875,73983.796875,73985.53125,1024679936
2026-04-15 12:00:00+00:00,74211.3515625,74286.0,74076.0078125,74236.328125,248750080
2026-04-15 12:30:00+00:00,74310.0625,74475.671875,74204.03125,74211.0703125,349126656
2026-04-15 13:00:00+00:00,74423.5,74457.078125,74210.1484375,74302.453125,920821760
2026-04-15 13:30:00+00:00,74075.859375,74405.59375,73836.0625,74405.59375,496635904
2026-04-15 14:00:00+00:00,74454.71875,74531.6484375,73855.53125,74082.0234375,0
2026-04-15 14:30:00+00:00,74149.65625,74485.0,73931.7265625,74461.09375,1610690560
2026-04-15 15:00:00+00:00,74052.6015625,74311.3828125,73985.0,74164.8125,2822144
2026-04-15 15:30:00+00:00,73872.0078125,74023.8828125,73629.4375,74023.8828125,491380736
2026-04-15 16:00:00+00:00,74109.609375,74192.28125,73783.4921875,73850.0390625,126623744
2026-04-15 16:30:00+00:00,73956.7265625,74183.34375,73835.1484375,74126.5078125,108384256
2026-04-15 17:00:00+00:00,74140.609375,74253.6015625,73931.390625,73960.140625,646631424
2026-04-15 17:30:00+00:00,74154.9921875,74214.796875,73929.9921875,74147.4921875,0
2026-04-15 18:00:00+00:00,74225.0,74377.8203125,74086.2265625,74139.421875,232062976
2026-04-15 18:30:00+00:00,74410.0,74430.1328125,74213.09375,74222.6796875,9175040
2026-04-15 19:00:00+00:00,74754.03125,74761.296875,74390.0,74420.0078125,1273638912
2026-04-15 19:30:00+00:00,75026.3203125,75310.1015625,74754.9609375,74754.9609375,580538368
2026-04-15 20:00:00+00:00,74796.46875,75069.921875,74541.0625,75057.6796875,586166272
2026-04-15 20:30:00+00:00,74872.1484375,74949.40625,74660.0,74805.2890625,432431104
2026-04-15 21:00:00+00:00,74662.328125,74888.8828125,74618.546875,74860.0390625,409079808
2026-04-15 21:30:00+00:00,74765.3828125,74847.46875,74572.078125,74669.0,76468224
2026-04-15 22:00:00+00:00,75010.03125,75152.453125,74763.890625,74784.7109375,128188416
2026-04-15 22:30:00+00:00,74984.3828125,75400.0,74933.0390625,74992.90625,2389180416
2026-04-15 23:00:00+00:00,74759.1875,74969.703125,74683.453125,74958.421875,838537216
2026-04-15 23:30:00+00:00,74825.8671875,74882.1796875,74639.0,74763.671875,171909120
2026-04-16 00:00:00+00:00,74625.6484375,74860.0234375,74478.8203125,74845.609375,60571648
2026-04-16 00:30:00+00:00,74834.34375,74899.15625,74648.0,74648.0,271417344
2026-04-16 01:00:00+00:00,74637.0625,74810.0,74494.21875,74810.0,404430848
2026-04-16 01:30:00+00:00,74681.46875,74738.7890625,74597.3828125,74634.1171875,42016768
2026-04-16 02:00:00+00:00,74916.0625,74916.0625,74614.59375,74681.4609375,155123712
2026-04-16 02:30:00+00:00,74896.546875,75284.0078125,74828.7109375,74928.46875,449273856
2026-04-16 03:00:00+00:00,75058.578125,75155.8203125,74889.140625,74890.9296875,1919930368
2026-04-16 03:30:00+00:00,74904.2109375,75063.21875,74880.1484375,75050.0,222134272
2026-04-16 04:00:00+00:00,74941.4921875,75033.34375,74853.578125,74901.15625,97378304
2026-04-16 04:30:00+00:00,74964.6484375,75185.8671875,74751.0625,74943.3203125,320094208
2026-04-16 05:00:00+00:00,75081.53125,75129.796875,74915.09375,74950.0,538828800
2026-04-16 05:30:00+00:00,75058.0078125,75158.640625,75025.5390625,75092.25,156315648
2026-04-16 06:00:00+00:00,75037.4296875,75130.4375,75020.0078125,75097.6875,158228480
2026-04-16 06:30:00+00:00,75051.109375,75057.1171875,74871.671875,75040.0,630743040
2026-04-16 07:00:00+00:00,74924.5703125,75100.0,74876.953125,75031.7421875,150900736
2026-04-16 07:30:00+00:00,74721.5390625,74924.5703125,74662.34375,74922.7734375,0
2026-04-16 08:00:00+00:00,74701.8125,74765.15625,74535.4296875,74721.546875,730857472
2026-04-16 08:30:00+00:00,74697.7109375,74758.2421875,74580.0078125,74699.0,676335616
2026-04-16 09:00:00+00:00,74840.140625,74927.828125,74648.2265625,74679.25,33001472
2026-04-16 09:30:00+00:00,74612.671875,74857.2734375,74611.796875,74840.140625,135680000
2026-04-16 10:00:00+00:00,74474.8515625,74670.84375,74368.25,74611.8828125,1825792000
2026-04-16 10:30:00+00:00,74323.9921875,74518.4296875,74290.78125,74460.5234375,23031808
2026-04-16 11:00:00+00:00,74394.1015625,74405.109375,74300.0078125,74327.9921875,127074304
2026-04-16 11:30:00+00:00,74593.328125,74601.65625,74363.109375,74397.6015625,624791552
2026-04-16 12:00:00+00:00,74731.3125,74876.34375,74593.328125,74593.328125,1575555072
2026-04-16 12:30:00+00:00,74632.8671875,74763.078125,74592.90625,74731.3203125,158396416
2026-04-16 13:00:00+00:00,74980.4765625,75023.1796875,74600.7421875,74628.7890625,872374272
2026-04-16 13:30:00+00:00,73793.9765625,74996.6875,73309.7265625,74996.6875,1861496832
2026-04-16 14:00:00+00:00,73792.6171875,73960.2578125,73424.0234375,73766.3203125,1533943808
2026-04-16 14:30:00+00:00,73973.203125,74198.890625,73764.546875,73777.3203125,327880704
2026-04-16 15:00:00+00:00,74212.9375,74449.4375,73943.65625,73969.7421875,1180090368
2026-04-16 15:30:00+00:00,74719.9921875,74893.3125,74199.9921875,74199.9921875,1710952448
2026-04-16 16:00:00+00:00,74587.9921875,74956.0,74587.9921875,74746.0,405893120
2026-04-16 16:30:00+00:00,74186.03125,74656.2890625,74088.59375,74608.1015625,941195264
2026-04-16 17:00:00+00:00,74233.0,74287.8203125,73917.140625,74167.8828125,249053184
2026-04-16 17:30:00+00:00,74346.0,74459.3984375,74113.0390625,74209.2109375,202760192
2026-04-16 18:00:00+00:00,74418.0234375,74534.3203125,74250.09375,74354.03125,91045888
2026-04-16 18:30:00+00:00,75054.4375,75092.3125,74375.6484375,74440.0078125,1426083840
2026-04-16 19:00:00+00:00,75047.9921875,75102.0,74762.671875,75102.0,1110327296
2026-04-16 19:30:00+00:00,75371.9765625,75429.609375,74991.8671875,75026.0,294350848
2026-04-16 20:00:00+00:00,75209.578125,75533.6796875,75125.1484375,75384.9375,563122176
2026-04-16 20:30:00+00:00,75245.9921875,75269.8828125,75020.96875,75209.9921875,129536000
2026-04-16 21:00:00+00:00,74943.9921875,75300.0,74827.8125,75252.2109375,304140288
2026-04-16 21:30:00+00:00,74956.6015625,75038.546875,74871.1015625,74929.140625,221585408
2026-04-16 22:00:00+00:00,74947.84375,75139.453125,74853.75,74966.2578125,148328448
2026-04-16 22:30:00+00:00,74888.609375,74998.9921875,74855.34375,74947.84375,27078656
2026-04-16 23:00:00+00:00,75044.53125,75138.0078125,74847.96875,74866.40625,0
2026-04-16 23:30:00+00:00,75163.09375,75198.4609375,75028.78125,75044.5234375,1957552128
2026-04-17 00:00:00+00:00,75030.0,75179.8515625,74905.90625,75160.203125,110641152
2026-04-17 00:30:00+00:00,74955.9921875,75138.2890625,74929.9921875,75054.6015625,51507200
2026-04-17 01:00:00+00:00,74780.1875,75061.3515625,74690.0,74960.6171875,141979648
2026-04-17 01:30:00+00:00,74763.890625,74852.546875,74594.4765625,74780.1875,252358656
2026-04-17 02:00:00+00:00,74617.71875,74830.8984375,74617.7109375,74759.859375,44093440
2026-04-17 02:30:00+00:00,74730.1328125,74763.609375,74562.671875,74615.4921875,0
2026-04-17 03:00:00+00:00,74753.9921875,74771.6328125,74630.0,74724.9921875,120016896
2026-04-17 03:30:00+00:00,74633.1484375,74860.109375,74629.7578125,74753.9921875,246132736
2026-04-17 04:00:00+00:00,74770.4765625,74820.0078125,74611.78125,74633.15625,148045824
2026-04-17 04:30:00+00:00,74810.0078125,74867.9375,74767.2109375,74771.34375,2199552
2026-04-17 05:00:00+00:00,74692.6796875,74823.109375,74575.0,74810.0,195297280
2026-04-17 05:30:00+00:00,74656.5625,74745.9765625,74626.5703125,74692.6796875,8589312
2026-04-17 06:00:00+00:00,74828.3671875,74830.96875,74614.46875,74645.0234375,91029504
2026-04-17 06:30:00+00:00,74921.2421875,74960.90625,74781.546875,74814.75,97767424
2026-04-17 07:00:00+00:00,74993.9921875,75118.859375,74954.7421875,74960.9609375,124076032
2026-04-17 07:30:00+00:00,75069.6875,75075.0,74958.671875,74996.4609375,227401728
2026-04-17 08:00:00+00:00,75133.03125,75186.0078125,75015.359375,75095.40625,663367680
2026-04-17 08:30:00+00:00,75789.9921875,75888.75,75117.421875,75117.421875,2180820992
2026-04-17 09:00:00+00:00,76331.0625,76370.0,75646.1484375,75821.9765625,1432371200
2026-04-17 09:30:00+00:00,75811.4765625,76328.8125,75551.25,76324.390625,1662939136
2026-04-17 10:00:00+00:00,75253.0390625,75907.140625,75253.0390625,75811.453125,286248960
2026-04-17 10:30:00+00:00,75301.109375,75379.9765625,75124.2265625,75274.546875,949989376
2026-04-17 11:00:00+00:00,75494.03125,75505.0,75273.75,75292.5078125,312111104
2026-04-17 11:30:00+00:00,75622.578125,75633.75,75400.3984375,75503.9921875,3141632
2026-04-17 12:00:00+00:00,75807.03125,76005.0,75558.0,75661.6484375,239525888
2026-04-17 12:30:00+00:00,76294.609375,76298.359375,75674.0,75816.1015625,754704384
2026-04-17 13:00:00+00:00,76662.2578125,77023.7890625,76100.0078125,76260.0,2790395904
2026-04-17 13:30:00+00:00,77388.0,77453.2265625,76209.7734375,76678.7890625,2889281536
2026-04-17 14:00:00+00:00,77523.7421875,77812.0,77065.90625,77434.4609375,944947200
2026-04-17 14:30:00+00:00,77977.75,78142.9765625,77553.96875,77561.2421875,2250403840
2026-04-17 15:00:00+00:00,77808.859375,78060.0234375,77635.46875,77977.5078125,3365867520
2026-04-17 15:30:00+00:00,77843.2734375,77938.046875,77497.6015625,77796.65625,557010944
2026-04-17 16:00:00+00:00,78228.7421875,78340.0390625,77785.25,77836.21875,777564160
2026-04-17 16:30:00+00:00,77907.2734375,78332.25,77849.0,78206.25,334974976
2026-04-17 17:00:00+00:00,77281.8203125,77955.0078125,77152.5,77898.7578125,806367232
2026-04-17 17:30:00+00:00,77563.5078125,77708.96875,77321.03125,77321.03125,606625792
2026-04-17 18:00:00+00:00,77241.828125,77602.4765625,77133.7578125,77576.25,536436736
2026-04-17 18:30:00+00:00,77206.0,77426.609375,77122.5,77253.7421875,339054592
2026-04-17 19:00:00+00:00,77311.7890625,77425.2421875,77063.2578125,77210.1328125,280645632
2026-04-17 19:30:00+00:00,77517.8671875,77524.0625,77254.328125,77354.0625,93839360
2026-04-17 20:00:00+00:00,77404.2265625,77648.453125,77385.75,77463.8828125,241209344
2026-04-17 20:30:00+00:00,77366.96875,77429.9921875,77188.65625,77404.2421875,137666560
2026-04-17 21:00:00+00:00,77471.2578125,77527.4765625,77316.796875,77373.2734375,73658368
2026-04-17 21:30:00+00:00,77475.0,77531.2421875,77310.0,77456.2578125,122687488
2026-04-17 22:00:00+00:00,77418.75,77551.5234375,77351.25,77473.1328125,339435520
2026-04-17 22:30:00+00:00,77339.9375,77501.5703125,77297.9765625,77385.0,1135071232
2026-04-17 23:00:00+00:00,77085.6171875,77336.2421875,76941.9921875,77328.0078125,244428800
2026-04-17 23:30:00+00:00,77098.0078125,77178.0,77022.65625,77077.5078125,444608512
2026-04-18 00:00:00+00:00,77255.96875,77267.6484375,77071.5078125,77073.75,849281024
2026-04-18 00:30:00+00:00,77196.0,77287.4609375,77010.0,77249.9921875,184745984
2026-04-18 01:00:00+00:00,77323.46875,77364.7421875,77148.7734375,77216.2421875,88903680
2026-04-18 01:30:00+00:00,77251.96875,77346.0,77171.2578125,77331.359375,143601664
2026-04-18 02:00:00+00:00,77356.5703125,77447.4296875,77154.2890625,77251.96875,57212928
2026-04-18 02:30:00+00:00,77323.5078125,77423.0625,77291.9765625,77356.578125,101146624
2026-04-18 03:00:00+00:00,77202.0,77328.75,77201.9921875,77321.2421875,0
2026-04-18 03:30:00+00:00,77040.0,77249.953125,77001.3125,77212.5,67014656
2026-04-18 04:00:00+00:00,77029.890625,77131.78125,76994.0234375,77025.9921875,278556672
2026-04-18 04:30:00+00:00,77148.75,77197.5,76926.9296875,77006.2578125,561115136
2026-04-18 05:00:00+00:00,77190.0,77295.0078125,77144.0078125,77144.0234375,240762880
2026-04-18 05:30:00+00:00,77168.2890625,77216.21875,77150.0,77182.703125,52727808
2026-04-18 06:00:00+00:00,77130.34375,77253.75,77091.0,77168.296875,0
2026-04-18 06:30:00+00:00,77160.0078125,77189.9921875,77118.53125,77121.2578125,272592896
2026-04-18 07:00:00+00:00,77111.25,77162.0234375,77072.0,77136.328125,0
2026-04-18 07:30:00+00:00,77020.0078125,77115.0,76923.078125,77111.2578125,56713216
2026-04-18 08:00:00+00:00,76717.5078125,77070.390625,76667.078125,77020.0234375,337600512
2026-04-18 08:30:00+00:00,76760.0234375,76814.9921875,76534.0234375,76713.75,140804096
2026-04-18 09:00:00+00:00,76608.28125,76743.7421875,76450.15625,76732.5,719036416
2026-04-18 09:30:00+00:00,76631.2578125,76724.9921875,76558.0078125,76596.2109375,0
2026-04-18 10:00:00+00:00,76357.578125,76631.2578125,76240.0,76631.2578125,308789248
2026-04-18 10:30:00+00:00,76222.4921875,76341.640625,76170.71875,76298.96875,110391296
2026-04-18 11:00:00+00:00,76108.453125,76222.5,75952.5,76222.5,304119808
2026-04-18 11:30:00+00:00,76069.4609375,76190.0078125,75798.75,76095.0,290627584
2026-04-18 12:00:00+00:00,76177.5078125,76323.7421875,76070.9921875,76074.796875,1017892864
2026-04-18 12:30:00+00:00,76239.7578125,76290.0078125,76085.4765625,76181.09375,0
2026-04-18 13:00:00+00:00,76114.0078125,76248.7421875,76091.2578125,76230.828125,0
2026-04-18 13:30:00+00:00,76148.640625,76193.0,75839.9921875,76118.78125,0
2026-04-18 14:00:00+00:00,76174.5625,76218.75,76008.7578125,76150.0078125,0
2026-04-18 14:30:00+00:00,76280.609375,76314.09375,76174.5625,76174.5625,0
2026-04-18 15:00:00+00:00,76234.65625,76361.2578125,76168.8671875,76282.1875,0
2026-04-18 15:30:00+00:00,76191.71875,76263.9921875,76050.1328125,76234.65625,0
2026-04-18 16:00:00+00:00,76114.953125,76249.9765625,75823.03125,76173.09375,36700160
2026-04-18 16:30:00+00:00,75968.1171875,76160.8515625,75886.5,76122.9921875,0
2026-04-18 17:00:00+00:00,75895.3125,75982.5234375,75818.1796875,75955.4765625,0
2026-04-18 17:30:00+00:00,75852.1328125,75929.9765625,75852.1171875,75882.578125,0
2026-04-18 18:00:00+00:00,75690.5625,75886.8984375,75636.0078125,75842.0078125,430004224
2026-04-18 18:30:00+00:00,75672.4375,75744.921875,75482.96875,75675.6796875,178298880
2026-04-18 19:00:00+00:00,75725.96875,75828.6875,75653.71875,75653.71875,0
2026-04-18 19:30:00+00:00,75678.90625,75732.7734375,75607.84375,75725.96875,500967424
2026-04-18 20:00:00+00:00,75746.7890625,75830.953125,75633.6796875,75688.59375,109248512
2026-04-18 20:30:00+00:00,75784.9375,75875.828125,75730.6171875,75757.5078125,511158272
2026-04-18 21:00:00+00:00,75780.5703125,75875.828125,75632.671875,75779.0390625,212389888
2026-04-18 21:30:00+00:00,75854.5703125,75858.71875,75705.328125,75773.8671875,54659072
2026-04-18 22:00:00+00:00,75756.1171875,75833.3828125,75644.1171875,75827.4921875,40544256
2026-04-18 22:30:00+00:00,75846.96875,75914.6796875,75756.1171875,75756.1171875,126099456
2026-04-18 23:00:00+00:00,75843.640625,75921.9765625,75825.7890625,75861.0390625,0
2026-04-18 23:30:00+00:00,75730.578125,75843.640625,75730.578125,75843.6328125,35489792
2026-04-19 00:00:00+00:00,75653.046875,75884.0078125,75611.078125,75736.0,78952448
2026-04-19 00:30:00+00:00,75705.21875,75716.9765625,75590.171875,75653.0625,415473664
2026-04-19 01:00:00+00:00,75578.78125,75820.0,75578.78125,75708.0078125,481601536
2026-04-19 01:30:00+00:00,75652.1015625,75674.0625,75500.0,75578.7890625,53962752
2026-04-19 02:00:00+00:00,75522.2265625,75714.34375,75452.0,75643.671875,84662272
2026-04-19 02:30:00+00:00,75523.859375,75741.3515625,75485.1015625,75527.09375,170985472
2026-04-19 03:00:00+00:00,75559.3828125,75588.890625,75398.8671875,75523.859375,189396992
2026-04-19 03:30:00+00:00,75549.65625,75668.0,75523.8671875,75562.609375,64847872
2026-04-19 04:00:00+00:00,75717.578125,75798.40625,75546.4921875,75546.4921875,79136768
2026-04-19 04:30:00+00:00,75700.0078125,75741.9921875,75454.6171875,75717.578125,80611328
2026-04-19 05:00:00+00:00,75600.0234375,75723.8828125,75549.6796875,75695.0625,107851776
2026-04-19 05:30:00+00:00,75580.0234375,75703.5078125,75566.0,75600.0234375,47976448
2026-04-19 06:00:00+00:00,75443.1171875,75580.0078125,75325.0,75580.0078125,280002560
2026-04-19 06:30:00+00:00,75429.75,75523.8515625,75413.9921875,75442.78125,104175616
2026-04-19 07:00:00+00:00,75022.5234375,75434.921875,74955.546875,75426.9609375,244475904
2026-04-19 07:30:00+00:00,75291.1171875,75329.953125,75022.578125,75022.578125,823033856
2026-04-19 08:00:00+00:00,75180.0078125,75336.5234375,75180.0078125,75265.0,77070336
2026-04-19 08:30:00+00:00,75293.171875,75309.0,75113.953125,75184.0,0
2026-04-19 09:00:00+00:00,75123.9765625,75301.4921875,75010.28125,75292.5390625,0
2026-04-19 09:30:00+00:00,75055.421875,75203.9921875,74963.3828125,75128.8515625,99471360
2026-04-19 10:00:00+00:00,75120.609375,75142.7265625,74974.7734375,75055.421875,0
2026-04-19 10:30:00+00:00,75246.09375,75272.5625,75078.140625,75112.0078125,35895296
2026-04-19 11:00:00+00:00,75417.421875,75574.5,75242.0234375,75246.09375,479610880
2026-04-19 11:30:00+00:00,75637.5234375,75653.0625,75410.8125,75410.8203125,0
2026-04-19 12:00:00+00:00,75546.4921875,75730.4921875,75533.5625,75652.3125,80914432
2026-04-19 12:30:00+00:00,75611.90625,75712.078125,75480.0,75556.1484375,45111296
2026-04-19 13:00:00+00:00,76073.9921875,76257.0703125,75588.3515625,75588.4609375,493959168
2026-04-19 13:30:00+00:00,75963.1328125,76155.9296875,75905.9375,76081.5,187543552
2026-04-19 14:00:00+00:00,75999.40625,76066.5,75707.9765625,75963.1328125,282292224
2026-04-19 14:30:00+00:00,76064.9609375,76180.578125,75833.9375,76018.046875,747745280
2026-04-19 15:00:00+00:00,76001.8984375,76187.9921875,75911.4609375,76062.84375,665227264
2026-04-19 15:30:00+00:00,75885.6171875,76010.7578125,75450.4765625,76001.8984375,825788416
2026-04-19 16:00:00+00:00,75600.140625,75893.6328125,75584.9921875,75885.6171875,137945088
2026-04-19 16:30:00+00:00,75416.0078125,75730.4921875,75356.0078125,75574.0078125,121600000
2026-04-19 17:00:00+00:00,75300.453125,75419.3515625,75058.15625,75419.3515625,714897408
2026-04-19 17:30:00+00:00,74820.8515625,75386.9921875,74707.9921875,75308.7421875,251475968
2026-04-19 18:00:00+00:00,74838.6796875,74910.171875,74641.4765625,74793.8828125,663377920
2026-04-19 18:30:00+00:00,74806.7109375,74849.0,74647.5234375,74838.609375,153589760
2026-04-19 19:00:00+00:00,74987.9375,75064.1015625,74813.2578125,74813.2578125,145614848
2026-04-19 19:30:00+00:00,74985.0390625,75110.421875,74920.25,74986.046875,231524352
2026-04-19 20:00:00+00:00,74785.3125,74985.0390625,74674.0078125,74985.0390625,186019840
2026-04-19 20:30:00+00:00,74662.5625,74903.65625,74493.4765625,74789.3203125,252258304
2026-04-19 21:00:00+00:00,74777.7421875,74799.9921875,74606.546875,74662.5625,622848000
2026-04-19 21:30:00+00:00,74461.203125,74842.3203125,74407.84375,74777.7265625,82423808
2026-04-19 22:00:00+00:00,73979.9296875,74438.578125,73802.578125,74423.9921875,1668691968
2026-04-19 22:30:00+00:00,74072.5390625,74226.0078125,73952.3203125,73966.0,852686848
2026-04-19 23:00:00+00:00,73915.3203125,74076.8125,73819.9921875,74076.8125,397586432
2026-04-19 23:30:00+00:00,73815.203125,74002.53125,73815.203125,73928.0,303458304
2026-04-20 00:00:00+00:00,74261.46875,74310.0,73772.9609375,73830.0,701843456
2026-04-20 00:30:00+00:00,74305.296875,74382.15625,74180.0078125,74257.703125,422633472
2026-04-20 01:00:00+00:00,74325.5234375,74390.59375,74239.796875,74314.6796875,200122368
2026-04-20 01:30:00+00:00,74621.4296875,74772.3515625,74325.53125,74325.53125,1216860160
2026-04-20 02:00:00+00:00,74484.5078125,74654.9375,74337.390625,74623.9921875,172959744
2026-04-20 02:30:00+00:00,74439.90625,74553.03125,74433.9921875,74509.9921875,299628544
2026-04-20 03:00:00+00:00,74545.21875,74614.0,74390.1328125,74448.2734375,95920128
2026-04-20 03:30:00+00:00,74665.6171875,74672.9609375,74492.890625,74547.6875,618160128
2026-04-20 04:00:00+00:00,74538.4921875,74669.1875,74469.0390625,74666.078125,139982848
2026-04-20 04:30:00+00:00,74593.59375,74645.359375,74474.46875,74535.9296875,143271936
2026-04-20 05:00:00+00:00,74173.78125,74586.0703125,74170.4765625,74567.78125,170786816
2026-04-20 05:30:00+00:00,74297.921875,74336.78125,74136.9375,74163.7578125,366522368
2026-04-20 06:00:00+00:00,74370.75,74468.5390625,74283.5390625,74315.828125,55478272
2026-04-20 06:30:00+00:00,74820.1796875,74910.15625,74407.5390625,74407.5390625,773132288
2026-04-20 07:00:00+00:00,75242.5,75582.0078125,74724.4375,74873.421875,75358208
2026-04-20 07:30:00+00:00,74860.0234375,75275.1328125,74694.3671875,75257.3515625,1036924928
2026-04-20 08:00:00+00:00,74849.2421875,75026.953125,74689.71875,74860.3828125,291448832
2026-04-20 08:30:00+00:00,74758.0078125,74957.3125,74650.28125,74852.2265625,880314368
2026-04-20 09:00:00+00:00,75064.921875,75176.0234375,74726.109375,74745.359375,419037184
2026-04-20 09:30:00+00:00,75100.4375,75269.5234375,75002.390625,75064.328125,277516288
2026-04-20 10:00:00+00:00,75338.96875,75436.03125,75105.2578125,75130.3828125,243802112
2026-04-20 10:30:00+00:00,75068.6875,75340.8203125,75042.171875,75340.8203125,550027264
2026-04-20 11:00:00+00:00,75200.03125,75300.0,75000.2890625,75068.7265625,10682368
2026-04-20 11:30:00+00:00,75232.7265625,75318.2578125,75108.0,75175.7265625,149692416
2026-04-20 12:00:00+00:00,75452.8125,75669.0078125,75111.2578125,75222.8984375,237555712
2026-04-20 12:30:00+00:00,75322.8671875,75494.7734375,75136.0,75457.6796875,956162048
2026-04-20 13:00:00+00:00,75231.3671875,75384.5234375,75032.296875,75349.9296875,629112832
2026-04-20 13:30:00+00:00,75316.890625,75467.28125,74945.171875,75251.546875,818421760
2026-04-20 14:00:00+00:00,75611.4921875,75765.2109375,75072.71875,75300.0,572112896
2026-04-20 14:30:00+00:00,75071.84375,75712.0234375,74961.1171875,75593.0625,701808640
2026-04-20 15:00:00+00:00,75747.390625,75747.390625,74735.7421875,75090.75,608083968
2026-04-20 15:30:00+00:00,75750.0,75758.078125,75552.8515625,75714.6171875,1349758976
2026-04-20 16:00:00+00:00,75389.9921875,75753.1484375,75350.34375,75753.1484375,375021568
2026-04-20 16:30:00+00:00,75378.7890625,75598.671875,75328.75,75434.671875,286035968
2026-04-20 17:00:00+00:00,75758.203125,75922.9921875,75322.359375,75391.21875,246603776
2026-04-20 17:30:00+00:00,75937.3125,75998.1484375,75640.0078125,75747.0703125,138964992
2026-04-20 18:00:00+00:00,76133.3515625,76356.0,75953.3671875,75954.421875,562737152
2026-04-20 18:30:00+00:00,76455.671875,76489.0625,76029.9765625,76143.15625,346877952
2026-04-20 19:00:00+00:00,76248.0,76528.0078125,76206.8984375,76483.3671875,1324335104
2026-04-20 19:30:00+00:00,76330.9375,76369.5703125,76184.859375,76225.6484375,549314560
2026-04-20 20:00:00+00:00,76373.2578125,76590.0,76162.3125,76311.109375,640135168
2026-04-20 20:30:00+00:00,76317.28125,76365.921875,76248.6015625,76365.921875,483086336
2026-04-20 21:00:00+00:00,75962.2578125,76405.7265625,75907.1328125,76330.0,345976832
2026-04-20 21:30:00+00:00,75988.0078125,76005.4765625,75816.0,75958.4609375,198270976
2026-04-20 22:00:00+00:00,75953.8671875,76180.578125,75942.0234375,76054.0,0
2026-04-20 22:30:00+00:00,76004.671875,76100.9921875,75933.0234375,75953.7890625,52400128
2026-04-20 23:00:00+00:00,75695.7734375,75937.7265625,75655.9921875,75912.7734375,169103360
2026-04-20 23:30:00+00:00,75875.0390625,75909.15625,75667.34375,75718.1484375,8646656
2026-04-21 00:00:00+00:00,75930.0,75955.8203125,75724.8203125,75876.890625,53334016
2026-04-21 00:30:00+00:00,76128.1015625,76129.828125,75884.3515625,75955.828125,152141824
2026-04-21 01:00:00+00:00,76166.0,76270.1875,76020.0,76086.0,50192384
2026-04-21 01:30:00+00:00,75955.0625,76255.6171875,75906.0234375,76166.0078125,1306824704
2026-04-21 02:00:00+00:00,75754.5,75958.9375,75723.1328125,75955.0703125,122986496
2026-04-21 02:30:00+00:00,75613.75,75822.7265625,75612.0,75766.84375,48865280
2026-04-21 03:00:00+00:00,75658.0,75676.953125,75526.7265625,75613.75,160051200
2026-04-21 03:30:00+00:00,75740.578125,75747.390625,75520.0,75656.8515625,178360320
2026-04-21 04:00:00+00:00,75655.0078125,75783.2734375,75633.28125,75755.7734375,110231552
2026-04-21 04:30:00+00:00,75840.578125,75850.7109375,75646.8828125,75663.2421875,151371776
2026-04-21 05:00:00+00:00,75931.7890625,76010.640625,75830.0,75840.0078125,196288512
2026-04-21 05:30:00+00:00,75835.7734375,75929.1015625,75815.0,75927.4375,124891136
2026-04-21 06:00:00+00:00,75791.59375,75847.2265625,75731.171875,75835.7734375,85012480
2026-04-21 06:30:00+00:00,76001.828125,76146.0,75787.890625,75796.0,114552832
2026-04-21 07:00:00+00:00,76203.0,76321.09375,75851.7421875,76007.7890625,52820643840
2026-04-21 07:30:00+00:00,76118.09375,76323.5390625,76062.46875,76230.15625,411975680
2026-04-21 08:00:00+00:00,76376.8828125,76405.6875,76114.59375,76125.6328125,189038592
2026-04-21 08:30:00+00:00,76545.65625,76879.34375,76284.96875,76373.921875,633675776
2026-04-21 09:00:00+00:00,76281.46875,76596.4921875,76237.7578125,76545.609375,291885056
2026-04-21 09:30:00+00:00,76388.3984375,76409.1796875,76192.3828125,76286.7890625,291524608
2026-04-21 10:00:00+00:00,76546.6328125,76609.34375,76382.4609375,76382.4609375,118722560
2026-04-21 10:30:00+00:00,76775.1171875,76905.171875,76504.2265625,76551.7421875,489181184
2026-04-21 11:00:00+00:00,76706.1796875,76789.328125,76370.0078125,76786.953125,253542400
2026-04-21 11:30:00+00:00,76478.6171875,76726.1875,76450.0,76705.296875,426078208
2026-04-21 12:00:00+00:00,76404.0078125,76516.390625,76271.578125,76489.0,86884352
2026-04-21 12:30:00+00:00,76044.5625,76548.7734375,75749.3515625,76412.0,731615232
2026-04-21 13:00:00+00:00,76061.703125,76157.5625,75928.046875,76051.25,99045376
2026-04-21 13:30:00+00:00,75922.0,76198.609375,75752.8203125,76024.90625,30132568064
2026-04-21 14:00:00+00:00,76135.6484375,76303.96875,75751.328125,75936.9609375,30265696256
2026-04-21 14:30:00+00:00,75687.4765625,76595.0,75658.9765625,76132.7890625,240214016
2026-04-21 15:00:00+00:00,75708.1796875,75999.3203125,75438.703125,75694.4375,0
2026-04-21 15:30:00+00:00,75849.703125,75849.703125,75533.5625,75730.0,226119680
2026-04-21 16:00:00+00:00,75878.1015625,76001.71875,75836.7578125,75869.71875,36802560
2026-04-21 16:30:00+00:00,75794.9921875,76191.2578125,75772.890625,75874.59375,155668480
2026-04-21 17:00:00+00:00,75345.6015625,75840.34375,75107.1796875,75782.5234375,268247040
2026-04-21 17:30:00+00:00,75567.2578125,75863.9921875,75285.3828125,75324.390625,635301888
2026-04-21 18:00:00+00:00,75487.140625,75664.9921875,75385.328125,75541.953125,739450880
2026-04-21 18:30:00+00:00,75622.7890625,75642.921875,75319.203125,75482.609375,0
2026-04-21 19:00:00+00:00,75798.34375,75909.4921875,75564.0703125,75633.7578125,33292288
2026-04-21 19:30:00+00:00,75019.9921875,75780.21875,74825.9921875,75776.578125,657330176
2026-04-21 20:00:00+00:00,75656.7734375,75789.453125,74989.5390625,75004.3671875,272949248
2026-04-21 20:30:00+00:00,75743.71875,75868.90625,75598.9375,75666.6796875,74379264
2026-04-21 21:00:00+00:00,75592.4375,75796.6796875,75556.0078125,75740.6796875,0
2026-04-21 21:30:00+00:00,75565.0078125,75657.3515625,75469.859375,75607.6875,5255168
2026-04-21 22:00:00+00:00,75389.1875,75620.28125,75325.1484375,75566.6328125,207257600
2026-04-21 22:30:00+00:00,75662.0078125,75662.140625,75325.5390625,75399.890625,111128576
2026-04-21 23:00:00+00:00,75803.3125,75886.46875,75645.0,75645.0,89264128
2026-04-21 23:30:00+00:00,76356.0,76437.2578125,75803.5703125,75812.21875,477323264
2026-04-22 00:00:00+00:00,76287.65625,76519.0703125,76268.1796875,76370.0,149663744
2026-04-22 00:30:00+00:00,76337.15625,76418.359375,76234.0078125,76302.2578125,803241984
2026-04-22 01:00:00+00:00,76175.4765625,76432.9375,76152.8203125,76370.578125,205967360
2026-04-22 01:30:00+00:00,76316.7890625,76357.5703125,76148.109375,76148.109375,138469376
2026-04-22 02:00:00+00:00,77235.0,77266.4921875,76244.03125,76334.9296875,660447232
2026-04-22 02:30:00+00:00,77626.0078125,77662.0703125,77097.9921875,77297.28125,1032593408
2026-04-22 03:00:00+00:00,77543.5703125,77746.8828125,77430.0,77627.359375,1337217024
2026-04-22 03:30:00+00:00,77541.546875,77637.3828125,77430.0,77555.609375,442142720
2026-04-22 04:00:00+00:00,77528.1328125,77641.7421875,77384.0703125,77547.9921875,501452800
2026-04-22 04:30:00+00:00,77536.0,77715.9765625,77452.5078125,77534.8203125,1079058432
2026-04-22 05:00:00+00:00,78259.9921875,78433.8984375,77463.9921875,77552.03125,1109475328
2026-04-22 05:30:00+00:00,77991.9296875,78353.546875,77956.296875,78295.1328125,1704747008
2026-04-22 06:00:00+00:00,77963.5625,78048.9296875,77914.9765625,77983.296875,685723648
2026-04-22 06:30:00+00:00,78024.40625,78029.0390625,77914.9765625,77989.2265625,209924096
2026-04-22 07:00:00+00:00,77906.0078125,78128.0,77844.2109375,78028.9765625,808538112
2026-04-22 07:30:00+00:00,78007.6875,78124.609375,77858.1484375,77909.2421875,864153600
2026-04-22 08:00:00+00:00,77980.0,78220.03125,77980.0,78044.2890625,537104384
2026-04-22 08:30:00+00:00,78029.6875,78084.4375,77960.0,77984.078125,233549824
2026-04-22 09:00:00+00:00,78171.9609375,78178.7734375,77971.296875,77993.9765625,275517440
2026-04-22 09:30:00+00:00,78035.796875,78202.1484375,77989.5625,78181.53125,122896384
2026-04-22 10:00:00+00:00,78089.859375,78096.4921875,77967.6796875,78015.5625,215707648
2026-04-22 10:30:00+00:00,78186.5625,78193.2109375,78075.0,78085.46875,94408704
2026-04-22 11:00:00+00:00,78336.03125,78336.03125,78120.0078125,78193.953125,139091968
2026-04-22 11:30:00+00:00,78322.546875,78385.53125,78206.4765625,78343.6171875,287170560
2026-04-22 12:00:00+00:00,78210.328125,78514.7890625,78183.453125,78329.0,622084096
2026-04-22 12:30:00+00:00,78262.8984375,78361.5234375,78146.8828125,78193.953125,49958912
2026-04-22 13:00:00+00:00,78490.84375,78531.859375,78204.1015625,78252.359375,489050112
2026-04-22 13:30:00+00:00,78887.4375,78887.4375,78314.796875,78487.9921875,1015345152
2026-04-22 14:00:00+00:00,79048.0390625,79178.859375,78745.0078125,78897.609375,1155989504
2026-04-22 14:30:00+00:00,79077.25,79126.328125,78625.9765625,79073.171875,700690432
2026-04-22 15:00:00+00:00,79107.71875,79145.6015625,78882.671875,79094.859375,256294912
2026-04-22 15:30:00+00:00,79325.3828125,79450.0,79040.75,79091.859375,1311920128
2026-04-22 16:00:00+00:00,78972.421875,79500.0078125,78916.65625,79371.9296875,454656000
2026-04-22 16:30:00+00:00,78777.3671875,79067.1171875,78697.96875,78944.140625,597417984
2026-04-22 17:00:00+00:00,78866.15625,79078.359375,78724.7265625,78782.4609375,218099712
2026-04-22 17:30:00+00:00,78923.0,79030.0390625,78741.453125,78868.546875,119939072
2026-04-22 18:00:00+00:00,78945.9765625,79032.640625,78857.0390625,78945.21875,15564800
2026-04-22 18:30:00+00:00,79062.4609375,79198.8984375,78882.359375,78911.7734375,131358720
2026-04-22 19:00:00+00:00,79062.640625,79106.3984375,78740.90625,79000.5390625,300363776
2026-04-22 19:30:00+00:00,78891.9765625,79105.9921875,78812.25,79062.96875,42057728
2026-04-22 20:00:00+00:00,78626.25,78946.3828125,78510.7578125,78918.5234375,140759040
2026-04-22 20:30:00+00:00,78459.8203125,78644.859375,78440.0,78614.75,199135232
2026-04-22 21:00:00+00:00,78611.8671875,78638.859375,78447.0234375,78447.0234375,374702080
2026-04-22 21:30:00+00:00,78794.7578125,78858.2421875,78611.8671875,78611.8828125,315293696
2026-04-22 22:00:00+00:00,78568.2578125,78865.078125,78566.0,78785.2421875,138690560
2026-04-22 22:30:00+00:00,78642.8984375,78664.046875,78487.28125,78573.140625,234139648
2026-04-22 23:00:00+00:00,78367.03125,78635.6015625,78238.140625,78623.9765625,353841152
2026-04-22 23:30:00+00:00,78208.546875,78358.203125,78184.0078125,78358.203125,222961664
2026-04-23 00:00:00+00:00,78472.78125,78497.84375,77628.0703125,78208.5390625,947761152
2026-04-23 00:30:00+00:00,78449.546875,78605.0,78299.2578125,78438.5,684044288
2026-04-23 01:00:00+00:00,78122.6484375,78469.1484375,78098.3828125,78442.1484375,1059840000
2026-04-23 01:30:00+00:00,78382.9921875,78460.9921875,78100.0078125,78109.1328125,438771712
2026-04-23 02:00:00+00:00,78062.5625,78387.390625,78013.6171875,78387.390625,0
2026-04-23 02:30:00+00:00,77967.4609375,78146.546875,77789.59375,78063.7734375,883281920
2026-04-23 03:00:00+00:00,77710.2109375,78050.4375,77666.3984375,77969.6015625,696180736
2026-04-23 03:30:00+00:00,77778.0,77781.1484375,77536.0078125,77708.0234375,103890944
2026-04-23 04:00:00+00:00,77825.296875,77926.328125,77698.703125,77748.6484375,939290624
2026-04-23 04:30:00+00:00,77935.4609375,77963.8515625,77825.2890625,77825.2890625,80367616
2026-04-23 05:00:00+00:00,77926.5703125,78047.28125,77902.328125,77944.0,84946944
2026-04-23 05:30:00+00:00,78027.90625,78112.0,77800.03125,77912.8984375,453410816
2026-04-23 06:00:00+00:00,78303.9765625,78358.203125,78066.1875,78066.1875,74735616
2026-04-23 06:30:00+00:00,78240.0078125,78370.4921875,78124.546875,78303.6171875,716820480
2026-04-23 07:00:00+00:00,78181.0390625,78281.7734375,78143.953125,78259.9921875,0
2026-04-23 07:30:00+00:00,78086.140625,78211.5078125,78006.6171875,78181.0390625,487931904
2026-04-23 08:00:00+00:00,78008.2734375,78204.3125,77981.2734375,78086.140625,0
2026-04-23 08:30:00+00:00,77877.34375,77992.7109375,77748.0234375,77982.8515625,663134208
2026-04-23 09:00:00+00:00,77632.546875,77887.46875,77467.7578125,77877.3515625,759066624
2026-04-23 09:30:00+00:00,77675.1875,77787.203125,77568.34375,77650.546875,119775232
2026-04-23 10:00:00+00:00,77416.0,77737.90625,77216.890625,77672.0078125,1310498816
2026-04-23 10:30:00+00:00,77425.90625,77491.28125,77328.3828125,77410.0234375,42815488
2026-04-23 11:00:00+00:00,77496.0234375,77528.8828125,77409.15625,77463.3515625,77025280
2026-04-23 11:30:00+00:00,77722.2890625,77768.8671875,77407.78125,77503.921875,79749120
2026-04-23 12:00:00+00:00,77790.8203125,77856.5625,77657.4765625,77722.328125,166887424
2026-04-23 12:30:00+00:00,77904.1015625,77904.1015625,77609.4765625,77795.1796875,119140352
2026-04-23 13:00:00+00:00,77627.546875,77943.671875,77605.7421875,77894.0078125,13717504
2026-04-23 13:30:00+00:00,77558.5,77725.6015625,77422.5,77651.3515625,47534080
2026-04-23 14:00:00+00:00,77749.0078125,77988.4296875,77446.3671875,77514.6796875,12947456
2026-04-23 14:30:00+00:00,78216.578125,78238.5703125,77766.1484375,77766.1484375,81588224
2026-04-23 15:00:00+00:00,78426.7421875,78716.328125,78012.046875,78214.4375,82006016
2026-04-23 15:30:00+00:00,78413.1796875,78640.109375,78296.703125,78411.90625,295788544
2026-04-23 16:00:00+00:00,78327.7109375,78544.65625,78284.109375,78420.7265625,0
2026-04-23 16:30:00+00:00,78128.6015625,78497.9921875,78068.0,78325.0,41971712
2026-04-23 17:00:00+00:00,77625.7890625,78218.53125,77593.3203125,78142.15625,358428672
2026-04-23 17:30:00+00:00,77796.421875,77834.796875,76986.296875,77636.390625,1340383232
2026-04-23 18:00:00+00:00,77939.0703125,78172.6875,77766.953125,77766.953125,1263292416
2026-04-23 18:30:00+00:00,77739.09375,78145.171875,77713.9765625,77958.7890625,330948608
2026-04-23 19:00:00+00:00,77882.1796875,77922.2109375,77629.25,77698.0625,677826560
2026-04-23 19:30:00+00:00,77743.15625,77918.703125,77668.2578125,77880.203125,138567680
2026-04-23 20:00:00+00:00,77759.4921875,77927.46875,77669.8984375,77732.5390625,193241088
2026-04-23 20:30:00+00:00,77906.1015625,78070.3984375,77738.8515625,77759.5,72888320
2026-04-23 21:00:00+00:00,77941.9921875,77941.9921875,77811.0,77906.6015625,27467776
2026-04-23 21:30:00+00:00,77901.0390625,78091.9609375,77901.0390625,77945.078125,734625792
2026-04-23 22:00:00+00:00,78191.3125,78283.46875,77912.2734375,77912.2734375,326344704
2026-04-23 22:30:00+00:00,78262.2421875,78366.1875,78193.15625,78193.15625,73891840
2026-04-23 23:00:00+00:00,78155.3515625,78260.3203125,78051.8125,78220.046875,16822272
2026-04-23 23:30:00+00:00,78281.3203125,78327.0,78149.0078125,78158.1484375,114905088
2026-04-24 00:00:00+00:00,78433.1015625,78494.0078125,78197.1796875,78320.3828125,0
2026-04-24 00:30:00+00:00,78439.5625,78516.328125,78350.53125,78433.1015625,0
2026-04-24 01:00:00+00:00,78054.03125,78447.9765625,78036.3125,78447.9765625,167849984
2026-04-24 01:30:00+00:00,78465.1328125,78483.0703125,77989.8125,78056.8203125,183476224
2026-04-24 02:00:00+00:00,78284.296875,78570.0234375,78270.3203125,78442.6484375,150622208
2026-04-24 02:30:00+00:00,78154.1015625,78461.75,78108.0234375,78285.6484375,93196288
2026-04-24 03:00:00+00:00,77800.0,78215.0234375,77713.578125,78166.4765625,124276736
2026-04-24 03:30:00+00:00,77755.390625,77779.0,77590.5078125,77779.0,392093696
2026-04-24 04:00:00+00:00,77634.859375,77871.9296875,77631.5,77744.90625,130400256
2026-04-24 04:30:00+00:00,77682.90625,77766.59375,77532.0078125,77633.0078125,216825856
2026-04-24 05:00:00+00:00,77654.703125,77710.0,77465.8984375,77673.6015625,695779328
2026-04-24 05:30:00+00:00,77974.2890625,78039.390625,77673.96875,77676.6875,74108928
2026-04-24 06:00:00+00:00,77855.9609375,77999.1015625,77838.859375,77992.1328125,52027392
2026-04-24 06:30:00+00:00,77813.1171875,77937.09375,77786.2890625,77876.3203125,210886656
2026-04-24 07:00:00+00:00,77737.6171875,77878.203125,77670.5,77805.0,39563264
2026-04-24 07:30:00+00:00,77676.9609375,77760.390625,77568.4375,77744.890625,625246208
2026-04-24 08:00:00+00:00,77878.703125,78029.9765625,77593.203125,77676.9609375,501035008
2026-04-24 08:30:00+00:00,77808.7265625,77896.421875,77749.1171875,77883.0234375,129773568
2026-04-24 09:00:00+00:00,77508.28125,77826.0703125,77436.0,77811.4296875,75517952
2026-04-24 09:30:00+00:00,77551.890625,77604.15625,77439.6015625,77516.2265625,152735744
2026-04-24 10:00:00+00:00,77697.25,77765.5078125,77457.2109375,77528.6171875,0
2026-04-24 10:30:00+00:00,77762.453125,77798.3125,77628.3203125,77692.640625,157962240
2026-04-24 11:00:00+00:00,78350.7890625,78350.7890625,77762.4375,77776.0234375,1060495360
2026-04-24 11:30:00+00:00,78256.09375,78395.2734375,78200.0,78352.421875,222150656
2026-04-24 12:00:00+00:00,78296.890625,78377.046875,78207.453125,78272.96875,89546752
2026-04-24 12:30:00+00:00,78290.6484375,78310.5390625,78056.8828125,78299.2265625,5005312
2026-04-24 13:00:00+00:00,78185.359375,78447.7578125,78173.5703125,78290.640625,275701760
2026-04-24 13:30:00+00:00,78107.859375,78313.2890625,77922.9609375,78152.546875,219475968
2026-04-24 14:00:00+00:00,77726.0,78083.6796875,77709.7578125,78067.28125,301940736
2026-04-24 14:30:00+00:00,78074.15625,78096.0078125,77704.1875,77742.5625,80494592
2026-04-24 15:00:00+00:00,77840.9609375,78057.9921875,77619.9921875,78057.9921875,113795072
2026-04-24 15:30:00+00:00,78068.03125,78237.5625,77735.6875,77843.7734375,0
2026-04-24 16:00:00+00:00,77737.1875,78081.2421875,77657.4296875,78077.078125,168898560
2026-04-24 16:30:00+00:00,77804.0390625,77917.1796875,77606.46875,77755.671875,872013824
2026-04-24 17:00:00+00:00,77697.96875,77790.6875,77611.9296875,77772.296875,0
2026-04-24 17:30:00+00:00,77707.1484375,77831.84375,77502.6015625,77700.0625,0
2026-04-24 18:00:00+00:00,77518.7578125,77741.890625,77385.90625,77691.4609375,0
2026-04-24 18:30:00+00:00,77637.609375,77663.828125,77507.953125,77527.4921875,170680320
2026-04-24 19:00:00+00:00,77602.1328125,77767.40625,77556.3203125,77680.2265625,15521792
2026-04-24 19:30:00+00:00,77659.71875,77683.5078125,77567.8984375,77609.3984375,162744320
2026-04-24 20:00:00+00:00,77564.5078125,77673.671875,77480.0,77657.0234375,103819264
2026-04-24 20:30:00+00:00,77748.6796875,77781.921875,77565.0625,77570.2890625,77860864
2026-04-24 21:00:00+00:00,77650.59375,77785.0,77600.8984375,77748.6796875,272670720
2026-04-24 21:30:00+00:00,77565.453125,77664.0703125,77565.453125,77642.0,167245824
2026-04-24 22:00:00+00:00,77572.6484375,77650.71875,77545.2109375,77572.0390625,148224000
2026-04-24 22:30:00+00:00,77360.0,77572.65625,77306.0625,77572.65625,649721856
2026-04-24 23:00:00+00:00,77432.1015625,77443.0,77358.828125,77368.640625,115798016
2026-04-24 23:30:00+00:00,77461.796875,77484.9765625,77425.4296875,77432.1015625,173910016
2026-04-25 00:00:00+00:00,77341.796875,77518.6015625,77329.2890625,77471.1796875,177119232
2026-04-25 00:30:00+00:00,77483.4375,77483.4375,77341.796875,77341.796875,186335232
2026-04-25 01:00:00+00:00,77509.671875,77571.0078125,77461.0078125,77498.0078125,15108096
2026-04-25 01:30:00+00:00,77559.96875,77645.4609375,77509.671875,77509.671875,97724416
2026-04-25 02:00:00+00:00,77658.4921875,77662.3984375,77518.78125,77559.96875,115197952
2026-04-25 02:30:00+00:00,77639.1796875,77669.53125,77624.4765625,77658.5,104130560
2026-04-25 03:00:00+00:00,77581.8515625,77691.1484375,77574.6796875,77654.5703125,17557504
2026-04-25 03:30:00+00:00,77674.0,77736.1171875,77581.84375,77581.8515625,0
2026-04-25 04:00:00+00:00,77667.1328125,77726.15625,77649.4609375,77699.90625,36710400
2026-04-25 04:30:00+00:00,77641.15625,77676.0,77621.8984375,77667.1328125,0
2026-04-25 05:00:00+00:00,77541.1015625,77634.3203125,77509.6796875,77634.3203125,60336128
2026-04-25 05:30:00+00:00,77542.1875,77577.5625,77513.9765625,77513.9765625,177954816
2026-04-25 06:00:00+00:00,77511.28125,77587.4609375,77506.7109375,77545.75,102158336
2026-04-25 06:30:00+00:00,77526.421875,77609.28125,77516.2421875,77516.2421875,95535104
2026-04-25 07:00:00+00:00,77565.1171875,77565.1171875,77470.0,77510.0078125,18001920
2026-04-25 07:30:00+00:00,77532.9609375,77598.0390625,77530.4296875,77549.0625,12326912
2026-04-25 08:00:00+00:00,77598.8828125,77612.4375,77510.9375,77514.2578125,0
2026-04-25 08:30:00+00:00,77672.6484375,77686.796875,77608.0703125,77608.0703125,0
2026-04-25 09:00:00+00:00,77615.0234375,77686.796875,77612.0,77686.796875,0
2026-04-25 09:30:00+00:00,77738.1875,77805.890625,77615.0234375,77615.0234375,49827840
2026-04-25 10:00:00+00:00,77849.59375,77867.1875,77745.6484375,77745.6484375,17952768
2026-04-25 10:30:00+00:00,77809.4765625,77910.3515625,77804.8828125,77849.59375,46833664
2026-04-25 11:00:00+00:00,77695.0078125,77809.46875,77670.0,77809.46875,0
2026-04-25 11:30:00+00:00,77697.3984375,77724.0390625,77636.171875,77695.0234375,5758976
2026-04-25 12:00:00+00:00,77628.0078125,77736.953125,77628.0078125,77704.5078125,0
2026-04-25 12:30:00+00:00,77575.28125,77642.8828125,77565.4375,77628.0234375,56522752
2026-04-25 13:00:00+00:00,77636.828125,77666.171875,77580.3671875,77580.3671875,0
2026-04-25 13:30:00+00:00,77701.359375,77731.703125,77616.3515625,77636.828125,0
2026-04-25 14:00:00+00:00,77743.0,77768.6171875,77652.09375,77701.359375,25874432
2026-04-25 14:30:00+00:00,77679.9609375,77768.796875,77670.0,77743.0,0
2026-04-25 15:00:00+00:00,77728.0078125,77740.7578125,77667.1171875,77679.953125,0
2026-04-25 15:30:00+00:00,77354.0625,77744.0234375,77345.0,77732.3125,0
2026-04-25 16:00:00+00:00,77428.0,77483.4296875,77322.0,77332.5703125,112381952
2026-04-25 16:30:00+00:00,77427.6875,77472.6484375,77199.0234375,77422.59375,95993856
2026-04-25 17:00:00+00:00,77352.7265625,77433.75,77328.90625,77427.6796875,2422784
2026-04-25 17:30:00+00:00,77274.53125,77362.078125,77236.1328125,77362.078125,0
2026-04-25 18:00:00+00:00,77342.3828125,77354.0078125,77242.171875,77242.171875,0
2026-04-25 18:30:00+00:00,77311.0,77414.5625,77311.0,77342.3828125,90408960
2026-04-25 19:00:00+00:00,77272.96875,77372.3515625,77270.2421875,77309.6015625,159844352
2026-04-25 19:30:00+00:00,77339.7734375,77350.1484375,77210.0,77272.96875,21704704
2026-04-25 20:00:00+00:00,77443.2734375,77449.2421875,77324.5703125,77371.90625,0
2026-04-25 20:30:00+00:00,77497.0703125,77506.6015625,77415.4375,77438.71875,0
2026-04-25 21:00:00+00:00,77501.1328125,77553.5390625,77498.2109375,77498.2109375,0
2026-04-25 21:30:00+00:00,77555.4921875,77555.4921875,77434.25,77532.640625,4653056
2026-04-25 22:00:00+00:00,77576.703125,77594.0,77519.5234375,77548.8984375,10293248
2026-04-25 22:30:00+00:00,77575.2734375,77662.2578125,77551.1484375,77578.40625,0
2026-04-25 23:00:00+00:00,77614.5234375,77635.71875,77545.7734375,77577.96875,168302592
2026-04-25 23:30:00+00:00,77650.7109375,77666.4765625,77595.296875,77614.5234375,32560128
2026-04-26 00:00:00+00:00,77493.3828125,77663.84375,77493.3828125,77650.7265625,25694208
2026-04-26 00:30:00+00:00,77520.34375,77620.21875,77468.3984375,77502.5625,260464640
2026-04-26 01:00:00+00:00,77529.8671875,77591.6796875,77509.703125,77544.75,45585408
2026-04-26 01:30:00+00:00,77477.4609375,77578.9921875,77471.8515625,77529.8828125,3584000
2026-04-26 02:00:00+00:00,77577.4609375,77620.5390625,77471.84375,77471.8515625,0
2026-04-26 02:30:00+00:00,77545.703125,77612.3125,77496.5625,77577.46875,61053952
2026-04-26 03:00:00+00:00,77450.0390625,77564.5234375,77450.0390625,77544.2578125,48384000
2026-04-26 03:30:00+00:00,77408.0078125,77447.2578125,77346.4375,77440.796875,105800704
2026-04-26 04:00:00+00:00,77496.109375,77520.8125,77394.8828125,77400.0234375,52572160
2026-04-26 04:30:00+00:00,77790.6328125,77838.0078125,77449.90625,77496.109375,139067392
2026-04-26 05:00:00+00:00,78126.4765625,78201.359375,77736.0,77790.0625,652368896
2026-04-26 05:30:00+00:00,78004.96875,78212.609375,78004.9609375,78126.4921875,346595328
2026-04-26 06:00:00+00:00,77965.6015625,78070.546875,77952.4765625,78025.0078125,35288064
2026-04-26 06:30:00+00:00,78019.1875,78073.90625,77918.3203125,77974.703125,41458688
2026-04-26 07:00:00+00:00,78020.921875,78056.9375,78008.2421875,78039.6796875,194235392
2026-04-26 07:30:00+00:00,78126.3125,78146.0,77985.6171875,78020.9296875,151234560
2026-04-26 08:00:00+00:00,78112.7265625,78161.6796875,78054.15625,78135.671875,79047680
2026-04-26 08:30:00+00:00,78050.0078125,78232.84375,78045.2265625,78112.71875,118492160
2026-04-26 09:00:00+00:00,78033.0078125,78081.28125,77992.1796875,78039.9375,46680064
2026-04-26 09:30:00+00:00,78026.90625,78033.0078125,77941.9765625,78033.0078125,100456448
2026-04-26 10:00:00+00:00,78030.453125,78077.0625,77975.4375,78018.09375,6449152
2026-04-26 10:30:00+00:00,78024.640625,78041.1484375,77988.5703125,78030.5,94249984
2026-04-26 11:00:00+00:00,78160.7421875,78175.84375,78024.6328125,78024.6328125,46372864
2026-04-26 11:30:00+00:00,78118.0,78172.2265625,78075.28125,78160.7421875,61948928
2026-04-26 12:00:00+00:00,77995.90625,78135.21875,77975.4765625,78118.0078125,57919488
2026-04-26 12:30:00+00:00,77850.8125,78007.296875,77787.9375,77984.296875,159180800
2026-04-26 13:00:00+00:00,77897.9765625,77962.3125,77818.109375,77851.7421875,327677952
2026-04-26 13:30:00+00:00,77993.7421875,78000.0,77892.578125,77896.71875,51826688
2026-04-26 14:00:00+00:00,78079.828125,78189.640625,77893.4375,77975.71875,91717632
2026-04-26 14:30:00+00:00,78108.3828125,78172.2421875,78008.8515625,78095.6015625,220448768
2026-04-26 15:00:00+00:00,78122.4765625,78146.71875,78014.8125,78123.0390625,93698048
2026-04-26 15:30:00+00:00,78073.1328125,78131.65625,78028.6796875,78131.65625,155627520
2026-04-26 16:00:00+00:00,78072.6484375,78093.7890625,78027.9375,78084.390625,13739008
2026-04-26 16:30:00+00:00,77955.8203125,78112.296875,77955.8203125,78064.0,0
2026-04-26 17:00:00+00:00,78041.3125,78077.109375,77872.4765625,77931.3671875,331488256
2026-04-26 17:30:00+00:00,78037.4609375,78071.25,77980.828125,78027.9296875,57528320
2026-04-26 18:00:00+00:00,78202.03125,78330.0625,78010.0,78054.046875,402310144
2026-04-26 18:30:00+00:00,78301.9921875,78314.25,78157.8828125,78195.71875,185555968
2026-04-26 19:00:00+00:00,78222.703125,78519.9921875,78050.0078125,78318.546875,288765952
2026-04-26 19:30:00+00:00,78258.0,78319.25,78080.0,78222.75,455024640
2026-04-26 20:00:00+00:00,78255.0078125,78285.0234375,78180.0625,78274.03125,60516352
2026-04-26 20:30:00+00:00,78228.578125,78402.203125,78228.578125,78250.5078125,195315712
2026-04-26 21:00:00+00:00,78218.7109375,78316.9375,78208.328125,78230.078125,39507968
2026-04-26 21:30:00+00:00,78437.9609375,78918.65625,77891.046875,78215.9609375,540653568
2026-04-26 22:00:00+00:00,78572.390625,78871.3203125,78378.8828125,78388.2890625,1482582016
2026-04-26 22:30:00+00:00,78333.2421875,78533.5703125,78037.78125,78533.5703125,655527936
2026-04-26 23:00:00+00:00,78182.046875,78470.890625,78171.9765625,78296.890625,51978240
2026-04-26 23:30:00+00:00,78664.640625,78874.9921875,78059.0,78150.0,884445184
2026-04-27 00:00:00+00:00,78499.1796875,78875.296875,78425.9921875,78673.828125,358846464
2026-04-27 00:30:00+00:00,79277.9921875,79388.0078125,78437.921875,78499.078125,1182320640
2026-04-27 01:00:00+00:00,78926.640625,79492.140625,78768.59375,79389.1484375,1607188480
2026-04-27 01:30:00+00:00,79295.421875,79389.421875,78857.203125,78916.8515625,839987200
2026-04-27 02:00:00+00:00,79136.0078125,79313.21875,79051.28125,79307.859375,449613824
2026-04-27 02:30:00+00:00,79150.0,79272.078125,79058.0078125,79152.2890625,357861376
2026-04-27 03:00:00+00:00,79274.7890625,79303.796875,79095.03125,79123.4375,342491136
2026-04-27 03:30:00+00:00,79120.0234375,79329.84375,79091.8671875,79284.15625,254425088
2026-04-27 04:00:00+00:00,79132.7265625,79149.6796875,79011.921875,79124.3828125,269131776
2026-04-27 04:30:00+00:00,78942.0234375,79175.90625,78893.9375,79133.28125,164296704
2026-04-27 05:00:00+00:00,77892.6796875,78959.7734375,77832.0,78959.7734375,825073664
2026-04-27 05:30:00+00:00,77798.7109375,77887.390625,77599.34375,77841.0,1533497344
2026-04-27 06:00:00+00:00,77736.0078125,77879.1328125,77683.0703125,77779.5078125,394977280
2026-04-27 06:30:00+00:00,77707.9765625,77742.5390625,77493.0078125,77716.3203125,588072960
2026-04-27 07:00:00+00:00,77693.2734375,77739.9296875,77572.0078125,77695.0,301793280
2026-04-27 07:30:00+00:00,77621.2109375,77749.109375,77594.9609375,77680.25,633178112
2026-04-27 08:00:00+00:00,77580.0,77737.9921875,77580.0,77608.3828125,369086464
2026-04-27 08:30:00+00:00,77811.5625,77822.5078125,77565.171875,77583.953125,180350976
2026-04-27 09:00:00+00:00,77779.0078125,77864.09375,77706.421875,77815.9609375,406837248
2026-04-27 09:30:00+00:00,77902.453125,77989.3984375,77754.0234375,77779.0078125,309655552
2026-04-27 10:00:00+00:00,77818.7109375,77948.453125,77792.4765625,77890.6875,560199680
2026-04-27 10:30:00+00:00,77857.453125,77939.8203125,77803.953125,77819.9609375,189675520
2026-04-27 11:00:00+00:00,77865.03125,77896.9609375,77745.0078125,77851.7109375,257554432
2026-04-27 11:30:00+00:00,77847.890625,77895.671875,77788.6328125,77872.7265625,105046016
2026-04-27 12:00:00+00:00,77756.15625,77878.0,77721.6015625,77845.3203125,63993856
2026-04-27 12:30:00+00:00,77671.0390625,77782.078125,77620.0,77759.9921875,247732224
2026-04-27 13:00:00+00:00,77712.90625,77806.078125,77644.796875,77658.7578125,330194944
2026-04-27 13:30:00+00:00,77750.0,77961.3828125,77576.78125,77700.0234375,488685568
2026-04-27 14:00:00+00:00,77884.78125,77926.640625,77675.5234375,77749.96875,540256256
2026-04-27 14:30:00+00:00,77813.84375,78277.2265625,77804.359375,77879.890625,484446208
2026-04-27 15:00:00+00:00,76835.421875,77838.4921875,76581.109375,77826.3125,1636225024
2026-04-27 15:30:00+00:00,76789.5390625,77084.1484375,76727.0390625,76851.671875,2078855168
2026-04-27 16:00:00+00:00,76738.546875,76857.9765625,76639.7265625,76748.9296875,763375616
2026-04-27 16:30:00+00:00,76610.0078125,76807.109375,76536.640625,76750.0703125,1195577344
2026-04-27 17:00:00+00:00,76822.5,76877.296875,76623.3984375,76629.7734375,322449408
2026-04-27 17:30:00+00:00,76721.2265625,76915.203125,76684.28125,76815.3671875,1302351872
2026-04-27 18:00:00+00:00,76678.1875,76826.8671875,76647.0234375,76687.84375,302211072
2026-04-27 18:30:00+00:00,76819.203125,76880.7578125,76657.9921875,76662.96875,262316032
2026-04-27 19:00:00+00:00,76623.3671875,76886.40625,76614.21875,76802.0234375,51785728
2026-04-27 19:30:00+00:00,76884.4296875,76884.4296875,76464.78125,76608.0078125,414380032
2026-04-27 20:00:00+00:00,76993.9765625,76999.2890625,76836.3984375,76873.2734375,326180864
2026-04-27 20:30:00+00:00,76955.359375,77064.0390625,76934.3984375,76989.5078125,198942720
2026-04-27 21:00:00+00:00,76908.8125,76949.3125,76825.0078125,76938.2421875,176553984
2026-04-27 21:30:00+00:00,76777.0,76980.5390625,76777.0,76908.0,0
2026-04-27 22:00:00+00:00,76976.4375,76976.4375,76753.90625,76817.34375,0
2026-04-27 22:30:00+00:00,77058.296875,77076.4765625,76945.9296875,76970.34375,52244480
2026-04-27 23:00:00+00:00,77124.0234375,77175.7421875,77007.046875,77026.5625,280649728
2026-04-27 23:30:00+00:00,77364.421875,77444.40625,77124.0234375,77124.0234375,0
2026-04-28 00:00:00+00:00,77225.046875,77430.0,77222.0078125,77380.9375,1781469184
2026-04-28 00:30:00+00:00,77381.796875,77478.9765625,77213.953125,77237.75,95588352
2026-04-28 01:00:00+00:00,77239.796875,77399.6796875,77196.0,77364.4765625,34275328
2026-04-28 01:30:00+00:00,77088.4921875,77229.578125,77043.71875,77222.40625,0
2026-04-28 02:00:00+00:00,77002.15625,77226.2421875,77001.0,77103.5625,33357824
2026-04-28 02:30:00+00:00,76888.0234375,77035.3125,76677.6171875,76993.7578125,406515712
2026-04-28 03:00:00+00:00,76769.359375,76894.71875,76677.6171875,76876.0390625,85823488
2026-04-28 03:30:00+00:00,76809.3125,76847.890625,76747.9921875,76773.1171875,84500480
2026-04-28 04:00:00+00:00,76795.3671875,76942.0625,76707.828125,76804.9765625,169484288
2026-04-28 04:30:00+00:00,76885.2109375,76952.84375,76746.0078125,76795.3828125,120610816
2026-04-28 05:00:00+00:00,77065.7890625,77147.0390625,76900.5625,76900.5625,0
2026-04-28 05:30:00+00:00,76881.7890625,77076.46875,76808.0,77076.46875,0
2026-04-28 06:00:00+00:00,76900.1875,77029.390625,76836.6796875,76903.6796875,47515648
2026-04-28 06:30:00+00:00,76696.3203125,76942.078125,76584.96875,76903.6796875,192225280
2026-04-28 07:00:00+00:00,76645.9296875,76712.0,76442.0,76702.9921875,131745792
2026-04-28 07:30:00+00:00,76872.953125,76914.2421875,76633.4375,76649.8984375,646336512
2026-04-28 08:00:00+00:00,76964.7890625,76973.5234375,76783.171875,76879.7578125,141424640
2026-04-28 08:30:00+00:00,76856.0,76998.4765625,76737.03125,76980.7890625,788649984
2026-04-28 09:00:00+00:00,76786.0,76867.4296875,76712.5390625,76852.1171875,25518080
2026-04-28 09:30:00+00:00,76587.2421875,76773.84375,76485.1796875,76773.84375,101177344
2026-04-28 10:00:00+00:00,76522.921875,76686.46875,76476.8125,76580.6484375,172599296
2026-04-28 10:30:00+00:00,76602.25,76619.5703125,76514.7265625,76522.921875,272496640
2026-04-28 11:00:00+00:00,76329.9921875,76636.546875,76277.09375,76608.34375,630024192
2026-04-28 11:30:00+00:00,76221.59375,76337.0234375,76122.4765625,76330.0,736501760
2026-04-28 12:00:00+00:00,76226.078125,76332.4609375,76162.3125,76250.0,621926400
2026-04-28 12:30:00+00:00,76383.4921875,76420.5390625,76171.9609375,76221.46875,214110208
2026-04-28 13:00:00+00:00,76211.65625,76365.1328125,75978.2421875,76362.0,527675392
2026-04-28 13:30:00+00:00,76183.671875,76415.046875,76031.46875,76187.2734375,1014292480
2026-04-28 14:00:00+00:00,75816.0078125,76196.640625,75759.9921875,76170.3671875,378011648
2026-04-28 14:30:00+00:00,75940.0,75940.0,75653.7578125,75787.6015625,624369664
2026-04-28 15:00:00+00:00,76009.4375,76059.71875,75828.4765625,75943.28125,470159360
2026-04-28 15:30:00+00:00,76052.296875,76071.828125,75869.09375,76000.078125,20594688
2026-04-28 16:00:00+00:00,75934.578125,76084.0,75929.421875,76034.390625,0
2026-04-28 16:30:00+00:00,76109.28125,76180.0,75865.5703125,75936.109375,40280064
2026-04-28 17:00:00+00:00,76079.9921875,76194.0078125,75939.1015625,76102.1171875,118636544
2026-04-28 17:30:00+00:00,76166.7890625,76249.9921875,76075.75,76075.75,21768192
2026-04-28 18:00:00+00:00,76221.1796875,76264.3984375,76111.0078125,76161.171875,471115776
2026-04-28 18:30:00+00:00,76220.671875,76240.1484375,76126.2734375,76221.1796875,192350208
2026-04-28 19:00:00+00:00,76152.28125,76222.53125,76045.078125,76220.671875,17778688
2026-04-28 19:30:00+00:00,76324.8671875,76379.96875,76116.4765625,76140.2890625,106305536
2026-04-28 20:00:00+00:00,76362.0078125,76430.640625,76321.453125,76338.2109375,445476864
2026-04-28 20:30:00+00:00,76461.9921875,76478.328125,76350.640625,76362.0078125,136574976
2026-04-28 21:00:00+00:00,76298.0625,76483.2734375,76291.5078125,76466.0625,591953920
2026-04-28 21:30:00+00:00,76349.5234375,76411.5625,76265.671875,76301.0,142467072
2026-04-28 22:00:00+00:00,76322.359375,76439.75,76311.3984375,76384.8515625,163012608
2026-04-28 22:30:00+00:00,76229.796875,76358.8828125,76206.0078125,76322.359375,20463616
2026-04-28 23:00:00+00:00,76265.9921875,76348.34375,76176.5,76219.1875,56014848
2026-04-28 23:30:00+00:00,76315.90625,76349.5625,76237.203125,76265.9921875,156637184
2026-04-29 00:00:00+00:00,76297.9921875,76370.9375,76255.9921875,76316.65625,48134144
2026-04-29 00:30:00+00:00,76502.3515625,76536.71875,76271.5234375,76321.4375,40775680
2026-04-29 01:00:00+00:00,76215.3671875,76527.9921875,76212.2421875,76486.8125,481142784
2026-04-29 01:30:00+00:00,76544.703125,76627.71875,76166.578125,76179.8828125,123254784
2026-04-29 02:00:00+00:00,76440.453125,76642.6328125,76439.8828125,76568.0,103589888
2026-04-29 02:30:00+00:00,76508.640625,76508.640625,76383.6875,76440.53125,173754368
2026-04-29 03:00:00+00:00,76867.9921875,76885.578125,76496.1796875,76509.28125,634486784
2026-04-29 03:30:00+00:00,76986.0,77105.7890625,76789.453125,76876.1484375,271163392
2026-04-29 04:00:00+00:00,77028.0,77046.6796875,76879.8125,76996.4375,774760448
2026-04-29 04:30:00+00:00,77260.5625,77441.1015625,77014.078125,77028.8984375,1021579264
2026-04-29 05:00:00+00:00,77264.0,77299.03125,77188.796875,77266.796875,118216704
2026-04-29 05:30:00+00:00,77280.359375,77314.8828125,77202.0078125,77238.71875,267646976
2026-04-29 06:00:00+00:00,77076.4921875,77318.28125,77073.3671875,77276.1484375,112242688
2026-04-29 06:30:00+00:00,77016.0,77098.3125,76921.5703125,77079.7890625,247212032
2026-04-29 07:00:00+00:00,77046.0234375,77090.0,77004.3671875,77026.546875,523157504
2026-04-29 07:30:00+00:00,77034.0390625,77163.8515625,76998.5,77054.6328125,0
2026-04-29 08:00:00+00:00,77095.1015625,77141.890625,76970.2734375,77047.09375,64032768
2026-04-29 08:30:00+00:00,77029.4375,77079.609375,76947.703125,77079.6015625,17696768
2026-04-29 09:00:00+00:00,77123.03125,77135.7421875,76948.9921875,77023.34375,122327040
2026-04-29 09:30:00+00:00,77646.2421875,77790.2421875,77121.5234375,77123.09375,717443072
2026-04-29 10:00:00+00:00,77889.7265625,77889.7421875,77642.3984375,77686.546875,829868032
2026-04-29 10:30:00+00:00,77618.0,77898.53125,77560.7578125,77896.1875,634195968
2026-04-29 11:00:00+00:00,77502.0625,77681.65625,77478.796875,77613.6328125,124567552
2026-04-29 11:30:00+00:00,77581.9296875,77685.0,77491.5703125,77497.0625,35966976
2026-04-29 12:00:00+00:00,77137.75,77597.2265625,76995.78125,77587.328125,666562560
2026-04-29 12:30:00+00:00,77122.0078125,77199.1875,76992.65625,77137.7578125,972873728
2026-04-29 13:00:00+00:00,76918.2265625,77221.0,76848.34375,77116.5078125,42491904
2026-04-29 13:30:00+00:00,76751.5,76880.0078125,76445.9921875,76880.0078125,453619712
2026-04-29 14:00:00+00:00,76700.0,76753.7890625,76479.203125,76753.7890625,328024064
2026-04-29 14:30:00+00:00,76545.2109375,76848.421875,76467.5390625,76659.3828125,204439552
2026-04-29 15:00:00+00:00,76201.3828125,76613.5625,76130.8671875,76542.96875,395382784
2026-04-29 15:30:00+00:00,75897.671875,76307.9609375,75675.8515625,76209.96875,1120755712
2026-04-29 16:00:00+00:00,75805.28125,76098.25,75670.0078125,75815.7421875,817541120
2026-04-29 16:30:00+00:00,75766.9375,75877.96875,75668.5,75778.0,496238592
2026-04-29 17:00:00+00:00,75854.0,76073.609375,75773.75,75779.46875,125595648
2026-04-29 17:30:00+00:00,76127.9609375,76133.9921875,75836.7890625,75875.59375,1054625792
2026-04-29 18:00:00+00:00,75120.6171875,76224.7734375,74952.0,76224.7734375,1540526080
2026-04-29 18:30:00+00:00,75483.8203125,75483.8203125,74938.1484375,75120.0234375,1346625536
2026-04-29 19:00:00+00:00,75497.0,75564.71875,75337.359375,75487.0078125,455557120
2026-04-29 19:30:00+00:00,75528.6171875,75540.0,75270.8125,75484.2421875,291627008
2026-04-29 20:00:00+00:00,75652.046875,75688.3828125,75454.8984375,75523.2578125,515751936
2026-04-29 20:30:00+00:00,75644.46875,75819.921875,75557.4375,75652.0234375,234500096
2026-04-29 21:00:00+00:00,75802.59375,75873.6796875,75580.671875,75642.453125,80400384
2026-04-29 21:30:00+00:00,75902.5390625,76031.5,75765.703125,75791.2109375,290906112
2026-04-29 22:00:00+00:00,75813.2265625,75975.109375,75790.6484375,75883.59375,161009664
2026-04-29 22:30:00+00:00,75893.2890625,75949.4765625,75813.53125,75813.53125,284999680
2026-04-29 23:00:00+00:00,75738.1328125,75962.4296875,75685.171875,75900.0390625,112959488
2026-04-29 23:30:00+00:00,75752.8671875,75853.5703125,75730.0078125,75732.15625,395206656
2026-04-30 00:00:00+00:00,75778.453125,75839.0625,75625.34375,75800.7265625,85270528
2026-04-30 00:30:00+00:00,76232.5625,76305.671875,75797.5703125,75797.5703125,424525824
2026-04-30 01:00:00+00:00,76328.0,76384.28125,76148.3671875,76205.90625,138440704
2026-04-30 01:30:00+00:00,76212.84375,76429.21875,76193.1484375,76339.890625,576413696
2026-04-30 02:00:00+00:00,76077.46875,76327.1796875,76077.46875,76218.140625,102924288
2026-04-30 02:30:00+00:00,75673.171875,76090.109375,75475.40625,76086.203125,1389211648
2026-04-30 03:00:00+00:00,75870.96875,75870.96875,75650.8515625,75663.7265625,19484672
2026-04-30 03:30:00+00:00,75901.8203125,75972.4921875,75813.640625,75874.140625,70639616
2026-04-30 04:00:00+00:00,75644.40625,75937.953125,75630.0,75902.859375,206925824
2026-04-30 04:30:00+00:00,75456.2578125,75653.1171875,75378.5625,75641.859375,738893824
2026-04-30 05:00:00+00:00,75395.65625,75604.328125,75315.0390625,75455.09375,469741568
2026-04-30 05:30:00+00:00,75567.8984375,75725.328125,75391.9609375,75395.03125,291278848
2026-04-30 06:00:00+00:00,75654.9375,75666.7421875,75543.0625,75577.46875,656031744
2026-04-30 06:30:00+00:00,75726.171875,75842.7421875,75658.0078125,75670.03125,240680960
2026-04-30 07:00:00+00:00,75861.65625,75869.171875,75683.9375,75724.9765625,712704
2026-04-30 07:30:00+00:00,76134.328125,76146.546875,75858.5390625,75858.5390625,252485632
2026-04-30 08:00:00+00:00,76043.953125,76176.328125,75991.078125,76147.90625,162426880
2026-04-30 08:30:00+00:00,76035.7421875,76122.421875,76014.03125,76043.953125,0
2026-04-30 09:00:00+00:00,76171.8203125,76171.8203125,75980.9765625,76023.7578125,61853696
2026-04-30 09:30:00+00:00,76071.859375,76321.421875,76047.3828125,76227.71875,116715520
2026-04-30 10:00:00+00:00,75964.4921875,76137.1484375,75949.9921875,76077.046875,0
2026-04-30 10:30:00+00:00,75994.2890625,76087.2734375,75967.8125,76001.1875,47464448
2026-04-30 11:00:00+00:00,76082.3828125,76206.0078125,76000.921875,76013.0390625,37863424
2026-04-30 11:30:00+00:00,76039.6015625,76092.5703125,75848.0,76082.6328125,75665408
2026-04-30 12:00:00+00:00,76320.0,76349.9921875,76016.5,76031.1875,54329344
2026-04-30 12:30:00+00:00,76274.5703125,76390.0078125,76219.3125,76312.0625,1550606336
2026-04-30 13:00:00+00:00,76144.0234375,76337.296875,76118.8515625,76302.4609375,82784256
2026-04-30 13:30:00+00:00,76381.9921875,76614.0,76073.9921875,76117.0,51789824
2026-04-30 14:00:00+00:00,76320.46875,76552.546875,76055.1484375,76385.8984375,191627264
2026-04-30 14:30:00+00:00,76268.0,76517.6328125,76173.15625,76287.25,80089088
2026-04-30 15:00:00+00:00,76475.8828125,76475.8828125,76124.359375,76267.6328125,19628032
2026-04-30 15:30:00+00:00,76438.84375,76625.03125,76293.9921875,76485.390625,0
2026-04-30 16:00:00+00:00,76329.453125,76452.21875,76260.859375,76437.25,49172480
2026-04-30 16:30:00+00:00,76222.7578125,76390.0078125,76183.3828125,76336.4765625,0
2026-04-30 17:00:00+00:00,76117.421875,76296.7421875,76073.8125,76208.703125,18657280
2026-04-30 17:30:00+00:00,76210.4296875,76270.3984375,76100.921875,76140.1015625,19519488
2026-04-30 18:00:00+00:00,76246.421875,76435.40625,76209.7265625,76214.3671875,0
2026-04-30 18:30:00+00:00,76314.9765625,76444.4375,76175.9921875,76246.421875,0
2026-04-30 19:00:00+00:00,76452.5390625,76485.3125,76280.078125,76315.0,33374208
2026-04-30 19:30:00+00:00,76399.5078125,76495.328125,76349.03125,76454.328125,34732032
2026-04-30 20:00:00+00:00,76439.7421875,76530.2890625,76291.96875,76380.03125,19617792
2026-04-30 20:30:00+00:00,76461.5,76538.6875,76421.4375,76434.59375,10508288
2026-04-30 21:00:00+00:00,76300.109375,76507.2109375,76287.203125,76450.3125,62531584
2026-04-30 21:30:00+00:00,76207.90625,76419.9921875,76207.90625,76303.9765625,146405376
2026-04-30 22:00:00+00:00,76401.9921875,76418.40625,76215.6171875,76234.5390625,37083136
2026-04-30 22:30:00+00:00,76205.359375,76408.2734375,76167.90625,76401.9921875,83961856
2026-04-30 23:00:00+00:00,76303.6015625,76303.609375,76183.96875,76205.359375,89632768
2026-04-30 23:30:00+00:00,76296.7265625,76343.0078125,76265.9765625,76303.6015625,28518400
2026-05-01 00:00:00+00:00,76495.8984375,76540.578125,76280.59375,76295.7265625,505722880
2026-05-01 00:30:00+00:00,76423.2421875,76559.0625,76357.9921875,76495.8984375,93614080
2026-05-01 01:00:00+00:00,76505.5703125,76602.0,76415.3515625,76424.6328125,29233152
2026-05-01 01:30:00+00:00,76650.75,76746.203125,76493.84375,76505.5703125,267282432
2026-05-01 02:00:00+00:00,76597.0703125,76711.0234375,76570.53125,76670.9921875,93159424
2026-05-01 02:30:00+00:00,76566.4609375,76610.90625,76506.296875,76604.3125,14180352
2026-05-01 03:00:00+00:00,77166.890625,77406.7890625,76523.203125,76551.9921875,798349312
2026-05-01 03:30:00+00:00,77091.84375,77262.140625,77049.09375,77199.203125,686989312
2026-05-01 04:00:00+00:00,76992.0234375,77175.53125,76946.828125,77109.7265625,105252864
2026-05-01 04:30:00+00:00,77004.9921875,77079.1875,76976.1171875,76990.640625,494051328
2026-05-01 05:00:00+00:00,77048.0,77160.140625,76999.78125,77011.171875,92129280
2026-05-01 05:30:00+00:00,77140.578125,77154.5390625,77026.8203125,77048.0078125,68382720
2026-05-01 06:00:00+00:00,77128.84375,77161.328125,77057.2421875,77144.8125,58568704
2026-05-01 06:30:00+00:00,76971.9921875,77149.9765625,76861.6796875,77131.59375,215472128
2026-05-01 07:00:00+00:00,76966.3671875,77075.390625,76932.46875,76953.9921875,375762944
2026-05-01 07:30:00+00:00,77108.0234375,77119.2734375,76930.0,76966.3828125,155381760
2026-05-01 08:00:00+00:00,77424.34375,77489.828125,77022.546875,77097.5,615755776
2026-05-01 08:30:00+00:00,77358.3984375,77449.9921875,77338.46875,77420.109375,218826752
2026-05-01 09:00:00+00:00,77332.421875,77383.203125,77272.9296875,77366.890625,128679936
2026-05-01 09:30:00+00:00,77266.0,77322.40625,77185.6015625,77322.3984375,109494272
2026-05-01 10:00:00+00:00,77333.59375,77413.578125,77140.0078125,77250.0078125,680853504
2026-05-01 10:30:00+00:00,77280.046875,77352.7890625,77223.6015625,77333.59375,87296000
2026-05-01 11:00:00+00:00,77371.7890625,77574.7265625,77246.3984375,77292.0,313264128
2026-05-01 11:30:00+00:00,77452.7265625,77460.0703125,77325.9765625,77375.25,583372800
2026-05-01 12:00:00+00:00,77755.1171875,77793.5625,77392.0078125,77466.34375,423485440
2026-05-01 12:30:00+00:00,77889.2734375,78151.96875,77763.0078125,77763.0078125,588795904
2026-05-01 13:00:00+00:00,78282.2734375,78415.2265625,77894.96875,77894.96875,1137666048
2026-05-01 13:30:00+00:00,78759.96875,78940.40625,78137.1875,78269.9921875,1133266944
2026-05-01 14:00:00+00:00,78287.171875,78888.6484375,78210.7109375,78780.0,1597079552
2026-05-01 14:30:00+00:00,78364.2734375,78450.0234375,78065.1015625,78283.7890625,597381120
2026-05-01 15:00:00+00:00,78547.6328125,78593.890625,78189.9765625,78355.6796875,518070272
2026-05-01 15:30:00+00:00,78445.1171875,78742.4375,78223.6796875,78557.0,745279488
2026-05-01 16:00:00+00:00,78324.7578125,78691.0,78171.78125,78476.2890625,920104960
2026-05-01 16:30:00+00:00,78202.9296875,78374.8828125,78157.0234375,78322.7265625,624865280
2026-05-01 17:00:00+00:00,78250.0,78344.5234375,78125.328125,78190.84375,293994496
2026-05-01 17:30:00+00:00,78550.0,78596.296875,78186.0234375,78258.2734375,341123072
2026-05-01 18:00:00+00:00,78538.546875,78627.03125,78468.46875,78575.0,348602368
2026-05-01 18:30:00+00:00,78436.171875,78591.0,78375.0078125,78591.0,302157824
2026-05-01 19:00:00+00:00,78429.0703125,78552.9765625,78351.703125,78455.7578125,152719360
2026-05-01 19:30:00+00:00,78373.9765625,78483.75,78310.1875,78420.7109375,262938624
2026-05-01 20:00:00+00:00,78141.3671875,78419.25,78085.28125,78398.8203125,182362112
2026-05-01 20:30:00+00:00,77872.8125,78175.5703125,77750.203125,78141.453125,453107712
2026-05-01 21:00:00+00:00,78026.4296875,78071.4296875,77856.9296875,77872.8125,308572160
2026-05-01 21:30:00+00:00,78207.0390625,78207.0390625,78016.09375,78016.09375,184369152
2026-05-01 22:00:00+00:00,78350.0,78417.421875,78207.7109375,78207.7109375,126033920
2026-05-01 22:30:00+00:00,78146.6796875,78371.3984375,78130.578125,78350.0,237268992
2026-05-01 23:00:00+00:00,78042.3984375,78192.4296875,78032.0625,78132.1171875,135426048
2026-05-01 23:30:00+00:00,78234.046875,78234.046875,78041.046875,78042.3984375,0
2026-05-02 00:00:00+00:00,78279.0390625,78362.0703125,78168.0,78234.390625,28139520
2026-05-02 00:30:00+00:00,78346.0234375,78391.3828125,78242.8515625,78289.40625,48111616
2026-05-02 01:00:00+00:00,78345.3984375,78386.2890625,78292.890625,78320.0,84787200
2026-05-02 01:30:00+00:00,78348.0078125,78442.0,78296.296875,78345.390625,9396224
2026-05-02 02:00:00+00:00,78260.03125,78357.84375,78258.28125,78324.03125,17842176
2026-05-02 02:30:00+00:00,78358.09375,78479.7109375,78260.0078125,78266.15625,113176576
2026-05-02 03:00:00+00:00,78382.8515625,78413.96875,78244.4375,78365.171875,46071808
2026-05-02 03:30:00+00:00,78409.6328125,78508.9609375,78362.7890625,78379.3828125,8818688
2026-05-02 04:00:00+00:00,78281.0625,78443.546875,78258.28125,78419.3984375,158437376
2026-05-02 04:30:00+00:00,78179.3828125,78294.71875,78144.859375,78272.1328125,27987968
2026-05-02 05:00:00+00:00,78104.796875,78192.8828125,78034.28125,78176.5078125,37556224
2026-05-02 05:30:00+00:00,78175.7421875,78236.71875,78102.7578125,78102.7578125,185929728
2026-05-02 06:00:00+00:00,78146.6328125,78284.046875,78146.6328125,78180.203125,91910144
2026-05-02 06:30:00+00:00,78324.0234375,78347.9921875,78142.90625,78146.640625,71241728
2026-05-02 07:00:00+00:00,78319.1875,78348.2265625,78303.2578125,78318.0078125,24190976
2026-05-02 07:30:00+00:00,78211.6484375,78329.9765625,78200.0078125,78319.1875,0
2026-05-02 08:00:00+00:00,78278.0078125,78291.6875,78163.8125,78220.2109375,0
2026-05-02 08:30:00+00:00,78313.6328125,78356.7109375,78278.0078125,78278.0234375,18329600
2026-05-02 09:00:00+00:00,78306.2890625,78339.9921875,78290.0078125,78324.0078125,0
2026-05-02 09:30:00+00:00,78299.7890625,78392.40625,78234.078125,78275.0,91588608
2026-05-02 10:00:00+00:00,78251.3515625,78317.09375,78227.140625,78299.796875,268089344
2026-05-02 10:30:00+00:00,78249.9765625,78266.609375,78221.6015625,78251.3515625,0
2026-05-02 11:00:00+00:00,78212.3671875,78234.0625,78164.859375,78223.6875,60710912
2026-05-02 11:30:00+00:00,78147.0390625,78216.7578125,78093.1015625,78210.6171875,0
2026-05-02 12:00:00+00:00,78245.5625,78266.9296875,78099.0703125,78147.0703125,0
2026-05-02 12:30:00+00:00,78213.15625,78260.5234375,78175.2421875,78245.5625,0
2026-05-02 13:00:00+00:00,78301.140625,78414.8671875,78224.3828125,78224.3828125,0
2026-05-02 13:30:00+00:00,78364.6796875,78390.8671875,78289.9921875,78301.140625,0
2026-05-02 14:00:00+00:00,78413.96875,78478.0,78305.0,78367.8125,0
2026-05-02 14:30:00+00:00,78415.34375,78476.0390625,78368.796875,78407.46875,0
2026-05-02 15:00:00+00:00,78377.8984375,78479.203125,78362.09375,78424.1015625,0
2026-05-02 15:30:00+00:00,78483.5234375,78486.4921875,78365.546875,78377.8984375,0
2026-05-02 16:00:00+00:00,78501.046875,78588.4375,78444.3515625,78483.53125,0
2026-05-02 16:30:00+00:00,78446.03125,78499.859375,78417.9921875,78499.859375,0
2026-05-02 17:00:00+00:00,78419.3203125,78454.8828125,78409.4921875,78450.0,0
2026-05-02 17:30:00+00:00,78393.078125,78479.71875,78362.0,78417.8828125,6041600
2026-05-02 18:00:00+00:00,78391.328125,78392.53125,78308.0,78380.5703125,0
2026-05-02 18:30:00+00:00,78456.0078125,78481.75,78391.328125,78391.328125,17801216
2026-05-02 19:00:00+00:00,78438.8125,78503.9375,78431.28125,78461.828125,630784
2026-05-02 19:30:00+00:00,78471.78125,78521.2421875,78436.0,78440.0,8824832
2026-05-02 20:00:00+00:00,78432.390625,78487.7421875,78416.140625,78487.7421875,0
2026-05-02 20:30:00+00:00,78458.671875,78482.609375,78415.8671875,78432.390625,0
2026-05-02 21:00:00+00:00,78497.0234375,78521.2421875,78450.0,78474.9765625,0
2026-05-02 21:30:00+00:00,78724.6875,79135.5390625,78497.0078125,78497.0234375,692721664
2026-05-02 22:00:00+00:00,78625.9765625,78801.5,78605.2890625,78724.6875,48301056
2026-05-02 22:30:00+00:00,78833.9765625,78874.1171875,78625.9765625,78625.9921875,434426880
2026-05-02 23:00:00+00:00,78801.9921875,78829.1171875,78690.7890625,78818.8125,14627840
2026-05-02 23:30:00+00:00,78682.3125,78819.0625,78625.1328125,78813.1796875,232581120
2026-05-03 00:00:00+00:00,78632.0,78732.7109375,78500.4921875,78682.3125,316434432
2026-05-03 00:30:00+00:00,78551.7109375,78680.3984375,78499.4765625,78632.0078125,1264640
2026-05-03 01:00:00+00:00,78289.40625,78551.7109375,78234.0625,78551.703125,245286912
2026-05-03 01:30:00+00:00,78250.0,78290.0,78155.6875,78285.609375,121831424
2026-05-03 02:00:00+00:00,78106.0390625,78296.328125,78106.0390625,78222.0,263267328
2026-05-03 02:30:00+00:00,78162.8671875,78197.0,78106.03125,78106.0390625,394452992
2026-05-03 03:00:00+00:00,78109.5,78180.0234375,78103.75,78151.2890625,22481920
2026-05-03 03:30:00+00:00,78196.0234375,78213.2890625,78109.5078125,78109.5078125,120521728
2026-05-03 04:00:00+00:00,78212.578125,78230.6015625,78107.2734375,78192.5234375,0
2026-05-03 04:30:00+00:00,78164.859375,78227.140625,78134.0078125,78212.578125,0
2026-05-03 05:00:00+00:00,78209.84375,78252.7421875,78149.4921875,78149.4921875,20418560
2026-05-03 05:30:00+00:00,78239.859375,78248.9296875,78195.6015625,78209.8515625,85388288
2026-05-03 06:00:00+00:00,78104.6328125,78234.8515625,78074.9765625,78234.8515625,19251200
2026-05-03 06:30:00+00:00,78281.171875,78335.9609375,78104.640625,78104.640625,104892416
2026-05-03 07:00:00+00:00,78400.1484375,78444.7578125,78282.5,78288.34375,83494912
2026-05-03 07:30:00+00:00,78357.6328125,78440.890625,78350.0078125,78402.3515625,115869696
2026-05-03 08:00:00+00:00,78409.7265625,78482.2578125,78357.2109375,78357.6328125,109005824
2026-05-03 08:30:00+00:00,78379.390625,78450.0,78374.0,78412.46875,13614080
2026-05-03 09:00:00+00:00,78491.421875,78518.25,78337.921875,78390.453125,91011072
2026-05-03 09:30:00+00:00,78532.4375,78599.9921875,78445.140625,78491.390625,119541760
2026-05-03 10:00:00+00:00,78426.8125,78528.421875,78421.6328125,78526.0234375,28510208
2026-05-03 10:30:00+00:00,78404.7734375,78469.28125,78400.15625,78430.65625,40835072
2026-05-03 11:00:00+00:00,78517.4375,78551.7734375,78379.3828125,78394.5625,77720576
2026-05-03 11:30:00+00:00,78656.859375,78834.0,78517.390625,78517.453125,339830784
2026-05-03 12:00:00+00:00,78771.7734375,78873.0,78666.453125,78666.453125,256428032
2026-05-03 12:30:00+00:00,78746.1328125,78822.2578125,78698.0703125,78786.0,132440064
2026-05-03 13:00:00+00:00,78639.5703125,78768.0390625,78614.0625,78749.6015625,21876736
2026-05-03 13:30:00+00:00,78652.7265625,78694.21875,78581.5390625,78639.578125,132996096
2026-05-03 14:00:00+00:00,78678.4296875,78771.8984375,78600.0234375,78661.6328125,249835520
2026-05-03 14:30:00+00:00,78719.9921875,78776.9921875,78642.3515625,78678.4296875,239818752
2026-05-03 15:00:00+00:00,78752.0390625,78800.0,78708.90625,78721.859375,189787136
2026-05-03 15:30:00+00:00,78656.84375,78776.796875,78620.8203125,78762.046875,82669568
2026-05-03 16:00:00+00:00,78652.6484375,78683.8515625,78580.28125,78656.84375,0
2026-05-03 16:30:00+00:00,78650.53125,78772.25,78640.09375,78652.6484375,56963072
2026-05-03 17:00:00+00:00,78725.0078125,78784.5,78570.0,78642.3515625,325126144
2026-05-03 17:30:00+00:00,78721.359375,78816.546875,78714.2265625,78725.0078125,112656384
2026-05-03 18:00:00+00:00,78725.390625,78752.3671875,78625.046875,78728.84375,103655424
2026-05-03 18:30:00+00:00,78732.28125,78753.6875,78658.7109375,78725.390625,28553216
2026-05-03 19:00:00+00:00,78681.59375,78753.046875,78666.5625,78732.2734375,643999744
2026-05-03 19:30:00+00:00,78753.171875,78842.078125,78679.2109375,78680.3984375,280121344
2026-05-03 20:00:00+00:00,78917.078125,78985.0,78720.4765625,78746.140625,196268032
2026-05-03 20:30:00+00:00,78920.4375,79225.2734375,78836.109375,78927.75,829202432
2026-05-03 21:00:00+00:00,78919.1484375,79057.5390625,78850.0234375,78922.59375,246265856
2026-05-03 21:30:00+00:00,78822.53125,78931.53125,78655.9921875,78919.1484375,23775232
2026-05-03 22:00:00+00:00,79071.890625,79428.6015625,78838.5078125,78869.296875,670615552
2026-05-03 22:30:00+00:00,79170.75,79370.0234375,78977.4296875,79078.2890625,759339008
2026-05-03 23:00:00+00:00,78638.6171875,79285.9296875,78630.0,79162.546875,279967744
2026-05-03 23:30:00+00:00,78558.8828125,78722.9765625,78488.6796875,78645.796875,678359040
2026-05-04 00:00:00+00:00,78351.703125,78560.2578125,78274.921875,78546.0625,138604544
2026-05-04 00:30:00+00:00,78537.4296875,78553.546875,78317.1015625,78334.3984375,684601344
2026-05-04 01:00:00+00:00,78592.0234375,78593.390625,78403.5703125,78543.53125,25989120
2026-05-04 01:30:00+00:00,79756.453125,79772.953125,78584.171875,78592.0234375,802762752
2026-05-04 02:00:00+00:00,79684.5703125,79997.4921875,79542.703125,79847.9921875,2985517056
2026-05-04 02:30:00+00:00,80171.7265625,80399.9921875,79708.0234375,79708.703125,1777936384
2026-05-04 03:00:00+00:00,80098.9921875,80404.1484375,79984.9765625,80172.296875,1208449024
2026-05-04 03:30:00+00:00,80308.609375,80308.609375,79912.3515625,80123.203125,688699392
2026-05-04 04:00:00+00:00,80334.8203125,80600.0,80234.9296875,80325.5,1655109632
2026-05-04 04:30:00+00:00,80320.453125,80422.796875,80224.703125,80332.4375,796172288
2026-05-04 05:00:00+00:00,79995.4296875,80393.90625,79957.1484375,80327.8671875,768317440
2026-05-04 05:30:00+00:00,80013.5703125,80098.9921875,79960.6015625,79995.4296875,982056960
2026-05-04 06:00:00+00:00,79688.0234375,80038.2578125,79477.3125,80003.5078125,280430592
2026-05-04 06:30:00+00:00,79859.6328125,79967.1015625,79638.8203125,79695.90625,1072631808
2026-05-04 07:00:00+00:00,79839.953125,79933.296875,79805.109375,79853.71875,387487744
2026-05-04 07:30:00+00:00,79685.78125,79896.5703125,79661.453125,79843.9375,276840448
2026-05-04 08:00:00+00:00,79730.5390625,79788.9921875,79582.3125,79673.28125,323860480
2026-05-04 08:30:00+00:00,79692.8203125,79774.9921875,79611.84375,79727.8671875,671129600
2026-05-04 09:00:00+00:00,79710.0078125,79806.0,79626.03125,79684.3984375,224694272
2026-05-04 09:30:00+00:00,79817.5,79909.0234375,79674.0,79704.4375,246460416
2026-05-04 10:00:00+00:00,78487.5,79861.5234375,78217.8984375,79861.5234375,2843791360
2026-05-04 10:30:00+00:00,78935.2109375,79102.34375,78445.0,78494.0078125,3084365824
2026-05-04 11:00:00+00:00,78956.4609375,79128.53125,78900.5078125,78925.2578125,723664896
2026-05-04 11:30:00+00:00,78782.953125,78935.5078125,78694.46875,78935.5078125,361525248
2026-05-04 12:00:00+00:00,78959.9921875,79020.1328125,78706.0,78780.0,105668608
2026-05-04 12:30:00+00:00,78852.0390625,78999.0,78842.671875,78960.0,337707008
2026-05-04 13:00:00+00:00,78952.6015625,79036.15625,78574.671875,78809.5,658972672
2026-05-04 13:30:00+00:00,78774.7265625,79108.4921875,78725.5,78960.2578125,662884352
2026-05-04 14:00:00+00:00,79245.0,79390.21875,78491.0,78780.03125,593092608
2026-05-04 14:30:00+00:00,80229.578125,80532.7109375,79236.5,79247.0078125,2013945856
2026-05-04 15:00:00+00:00,79686.09375,80377.4921875,79355.03125,80225.8203125,2251661312
2026-05-04 15:30:00+00:00,80038.3125,80116.0078125,79512.6796875,79726.03125,2720698368
2026-05-04 16:00:00+00:00,80240.0,80408.609375,79615.171875,80027.21875,1760903168
2026-05-04 16:30:00+00:00,80027.5078125,80362.2421875,79975.0,80248.3984375,1062084608
2026-05-04 17:00:00+00:00,80451.0,80527.9921875,80028.0703125,80049.4609375,608382976
2026-05-04 17:30:00+00:00,80381.53125,80740.4375,80262.0703125,80455.96875,1504935936
2026-05-04 18:00:00+00:00,80259.1015625,80434.7890625,80143.1171875,80409.0078125,1819398144
2026-05-04 18:30:00+00:00,80108.8984375,80303.078125,80023.8671875,80260.0390625,1306816512
2026-05-04 19:00:00+00:00,79922.5,80137.0078125,79880.5,80101.5703125,1293078528
2026-05-04 19:30:00+00:00,80049.5703125,80097.1796875,79887.75,79927.9296875,1156161536
2026-05-04 20:00:00+00:00,80038.453125,80162.0,79922.921875,80015.0,1177899008
2026-05-04 20:30:00+00:00,79935.828125,80044.9921875,79891.640625,80037.2421875,56090624
2026-05-04 21:00:00+00:00,80199.0,80289.828125,79950.4765625,79950.4765625,967483392
2026-05-04 21:30:00+00:00,80260.0703125,80358.9609375,80198.9921875,80198.9921875,235233280
2026-05-04 22:00:00+00:00,80251.5,80393.5625,80243.2890625,80243.2890625,131354624
2026-05-04 22:30:00+00:00,80059.6875,80254.3203125,80039.359375,80254.3203125,62386176
2026-05-04 23:00:00+00:00,79948.0,80047.2421875,79860.546875,80047.2421875,89157632
2026-05-04 23:30:00+00:00,79841.1171875,79936.5078125,79738.796875,79936.5078125,21446656
2026-05-05 00:00:00+00:00,79852.5078125,79999.421875,79789.5,79852.359375,179494912
2026-05-05 00:30:00+00:00,80163.9921875,80181.9375,79852.5078125,79852.5078125,184209408
2026-05-05 01:00:00+00:00,80258.0,80284.3125,80066.2890625,80174.5,409288704
2026-05-05 01:30:00+00:00,80345.9921875,80377.71875,80164.0,80249.4921875,70012928
2026-05-05 02:00:00+00:00,80461.5078125,80532.9765625,80298.859375,80337.1875,0
2026-05-05 02:30:00+00:00,80547.7421875,80897.0078125,80444.0,80470.5625,90894336
2026-05-05 03:00:00+00:00,80794.0,80848.4921875,80448.046875,80549.96875,206692352
2026-05-05 03:30:00+00:00,80882.140625,81077.6328125,80749.2890625,80793.9921875,361701376
2026-05-05 04:00:00+00:00,80797.4765625,80966.0,80779.453125,80891.9921875,0
2026-05-05 04:30:00+00:00,80900.3203125,80966.0,80717.8671875,80797.4765625,145907712
2026-05-05 05:00:00+00:00,81056.1171875,81189.5,80829.0234375,80885.0,0
2026-05-05 05:30:00+00:00,80965.546875,81304.171875,80921.6796875,81054.28125,814501888
2026-05-05 06:00:00+00:00,80818.5,81007.5,80800.0,80975.9921875,50638848
2026-05-05 06:30:00+00:00,80968.9921875,80972.296875,80787.6171875,80804.5078125,18853888
2026-05-05 07:00:00+00:00,81039.0078125,81087.5078125,80889.7578125,80968.9921875,897642496
2026-05-05 07:30:00+00:00,80863.140625,81134.1796875,80831.171875,81039.0078125,628150272
2026-05-05 08:00:00+00:00,80843.421875,80889.453125,80809.21875,80848.7265625,210137088
2026-05-05 08:30:00+00:00,80817.96875,80866.3984375,80717.9765625,80849.9921875,84668416
2026-05-05 09:00:00+00:00,80655.7890625,80813.0,80600.0,80813.0,278212608
2026-05-05 09:30:00+00:00,80585.84375,80703.8515625,80520.953125,80653.5390625,271044608
2026-05-05 10:00:00+00:00,80742.828125,80760.859375,80520.0,80573.7734375,0
2026-05-05 10:30:00+00:00,80833.703125,80847.0390625,80734.3515625,80756.9296875,0
2026-05-05 11:00:00+00:00,80952.5234375,80988.8671875,80790.0,80844.0,802172928
2026-05-05 11:30:00+00:00,81024.9375,81113.7109375,80885.859375,80962.796875,144936960
2026-05-05 12:00:00+00:00,81236.5390625,81262.9296875,80934.890625,81020.5234375,146030592
2026-05-05 12:30:00+00:00,81284.0078125,81328.2109375,81185.8203125,81246.421875,466255872
2026-05-05 13:00:00+00:00,81467.609375,81713.0390625,81277.71875,81284.671875,1191858176
2026-05-05 13:30:00+00:00,81343.1796875,81673.8828125,81205.0,81446.4765625,808284160
2026-05-05 14:00:00+00:00,81407.09375,81458.0390625,80954.546875,81338.8203125,1235034112
2026-05-05 14:30:00+00:00,81342.2265625,81503.96875,81119.171875,81407.09375,40767488
2026-05-05 15:00:00+00:00,81628.203125,81698.0,81237.328125,81329.53125,0
2026-05-05 15:30:00+00:00,81553.6796875,81710.09375,81544.7265625,81648.3984375,7716864
2026-05-05 16:00:00+00:00,81440.328125,81619.34375,81350.546875,81606.0078125,0
2026-05-05 16:30:00+00:00,81297.921875,81417.15625,81056.2109375,81394.8984375,217890816
2026-05-05 17:00:00+00:00,81416.1015625,81464.578125,81200.640625,81278.5078125,15564800
2026-05-05 17:30:00+00:00,81276.7109375,81414.09375,81255.5078125,81414.078125,29241344
2026-05-05 18:00:00+00:00,81473.671875,81607.0,81286.5703125,81286.5703125,89837568
2026-05-05 18:30:00+00:00,81519.1328125,81575.140625,81429.6015625,81461.5625,37572608
2026-05-05 19:00:00+00:00,81555.4609375,81590.9296875,81413.0703125,81519.1328125,0
2026-05-05 19:30:00+00:00,81617.7265625,81696.0,81520.0078125,81520.0078125,203874304
2026-05-05 20:00:00+00:00,81554.7265625,81768.1015625,81526.0,81610.1796875,364810240
2026-05-05 20:30:00+00:00,81644.03125,81731.7109375,81546.390625,81562.2109375,214171648
2026-05-05 21:00:00+00:00,81475.3828125,81770.453125,81459.9765625,81650.0078125,267001856
2026-05-05 21:30:00+00:00,81410.0390625,81506.15625,81307.9921875,81461.546875,320344064
2026-05-05 22:00:00+00:00,81434.0234375,81612.578125,81319.140625,81486.0234375,160505856
2026-05-05 22:30:00+00:00,81116.9375,81441.2265625,80839.3515625,81441.2265625,1059545088
2026-05-05 23:00:00+00:00,80881.203125,81215.9921875,80875.0,81113.1015625,304373760
2026-05-05 23:30:00+00:00,80907.7265625,80976.609375,80792.203125,80875.0,136011776
2026-05-06 00:00:00+00:00,80922.2109375,81244.84375,80884.8125,80884.8125,532312064
2026-05-06 00:30:00+00:00,81014.921875,81049.4609375,80725.2890625,80901.7578125,334610432
2026-05-06 01:00:00+00:00,81228.25,81334.328125,80973.71875,81011.0625,275464192
2026-05-06 01:30:00+00:00,81428.9765625,81488.8203125,81222.1796875,81227.84375,255852544
2026-05-06 02:00:00+00:00,81130.171875,81437.3125,81124.7265625,81437.3125,117415936
2026-05-06 02:30:00+00:00,81355.4921875,81384.40625,81036.90625,81117.03125,246722560
2026-05-06 03:00:00+00:00,81613.03125,81743.328125,81349.453125,81358.5234375,222601216
2026-05-06 03:30:00+00:00,81576.2578125,81697.7421875,81479.9609375,81605.0,384532480
2026-05-06 04:00:00+00:00,81428.1796875,81634.796875,81420.0,81579.171875,72585216
2026-05-06 04:30:00+00:00,81331.046875,81486.203125,81265.6328125,81434.9921875,242110464
2026-05-06 05:00:00+00:00,81242.9765625,81336.0,81217.0,81316.1171875,46055424
2026-05-06 05:30:00+00:00,81319.140625,81322.828125,81054.28125,81249.9921875,70799360
2026-05-06 06:00:00+00:00,81361.5625,81393.9296875,81202.796875,81306.9765625,899346432
2026-05-06 06:30:00+00:00,81472.953125,81517.8984375,81337.5,81361.5703125,350371840
2026-05-06 07:00:00+00:00,81541.2734375,81606.0,81452.6015625,81497.90625,132562944
2026-05-06 07:30:00+00:00,81370.0,81540.9765625,81306.0,81540.9765625,0
2026-05-06 08:00:00+00:00,81568.0234375,81617.9765625,81318.1015625,81350.828125,961421312
2026-05-06 08:30:00+00:00,81956.6875,81984.0,81568.0234375,81568.0234375,882536448
2026-05-06 09:00:00+00:00,81771.1015625,81966.84375,81685.4296875,81966.84375,669118464
2026-05-06 09:30:00+00:00,81998.40625,82059.8515625,81756.2578125,81756.2578125,712069120
2026-05-06 10:00:00+00:00,82190.921875,82225.640625,81965.2578125,82022.4296875,559587328
2026-05-06 10:30:00+00:00,82285.2734375,82382.09375,82147.34375,82196.84375,740651008
2026-05-06 11:00:00+00:00,82670.0,82814.21875,82261.7109375,82261.7109375,659513344
2026-05-06 11:30:00+00:00,82522.03125,82761.0078125,82474.046875,82686.3203125,1721044992
2026-05-06 12:00:00+00:00,82390.3515625,82535.96875,82182.3515625,82512.5390625,586620928
2026-05-06 12:30:00+00:00,82223.59375,82438.4375,82157.2421875,82394.65625,20590592
2026-05-06 13:00:00+00:00,81934.0,82209.921875,81833.2421875,82196.5703125,56303616
2026-05-06 13:30:00+00:00,81666.0703125,82048.0,81607.953125,81889.1796875,180060160
2026-05-06 14:00:00+00:00,81604.3671875,81757.8125,81137.640625,81658.9296875,1184141312
2026-05-06 14:30:00+00:00,81515.4296875,81962.8515625,81485.9609375,81588.6171875,271220736
2026-05-06 15:00:00+00:00,81645.9765625,81809.3515625,81300.0,81534.9921875,150138880
2026-05-06 15:30:00+00:00,81699.078125,81769.9921875,81471.65625,81645.71875,320143360
2026-05-06 16:00:00+00:00,81505.0078125,81863.6015625,81505.0078125,81705.2890625,193748992
2026-05-06 16:30:00+00:00,81622.3828125,81786.0625,81419.46875,81505.71875,393461760
2026-05-06 17:00:00+00:00,81462.453125,81706.703125,81414.3984375,81615.46875,349212672
2026-05-06 17:30:00+00:00,81447.8984375,81548.3984375,81375.0078125,81469.1484375,121942016
2026-05-06 18:00:00+00:00,81468.59375,81554.5390625,81275.2265625,81456.3125,281210880
2026-05-06 18:30:00+00:00,81347.828125,81496.3984375,81269.0390625,81436.3828125,191795200
2026-05-06 19:00:00+00:00,81327.2265625,81427.140625,81190.8671875,81353.3671875,275398656
2026-05-06 19:30:00+00:00,81461.6015625,81510.0,81248.640625,81315.1015625,192192512
2026-05-06 20:00:00+00:00,81555.1015625,81705.328125,81463.3984375,81463.3984375,94519296
2026-05-06 20:30:00+00:00,81425.8984375,81560.6875,81302.8203125,81556.578125,105455616
2026-05-06 21:00:00+00:00,81443.9765625,81511.546875,81304.53125,81434.8203125,0
2026-05-06 21:30:00+00:00,81542.0078125,81625.21875,81427.1015625,81443.9765625,47689728
2026-05-06 22:00:00+00:00,81240.84375,81534.828125,81234.0078125,81534.828125,126971904
2026-05-06 22:30:00+00:00,81339.671875,81403.9765625,81250.3125,81250.3125,0
2026-05-06 23:00:00+00:00,81383.8671875,81395.9921875,81005.9921875,81328.5,216113152
2026-05-06 23:30:00+00:00,81438.109375,81447.8125,81314.109375,81378.859375,28090368
2026-05-07 00:00:00+00:00,81226.0625,81482.9765625,81226.0625,81416.3984375,0
2026-05-07 00:30:00+00:00,81014.2265625,81242.9765625,80996.0078125,81204.578125,238796800
2026-05-07 01:00:00+00:00,81206.0390625,81219.8828125,80893.5,81022.046875,416661504
2026-05-07 01:30:00+00:00,81174.359375,81280.0,81118.609375,81198.4296875,159195136
2026-05-07 02:00:00+00:00,80909.859375,81165.6796875,80890.2421875,81165.6796875,178106368
2026-05-07 02:30:00+00:00,81118.6015625,81149.8203125,80900.0,80908.84375,335949824
2026-05-07 03:00:00+00:00,80973.171875,81108.25,80864.6484375,81086.9921875,54665216
2026-05-07 03:30:00+00:00,80841.9921875,81017.2890625,80830.859375,80969.3203125,53362688
2026-05-07 04:00:00+00:00,80936.9609375,80972.59375,80756.3515625,80845.3828125,71086080
2026-05-07 04:30:00+00:00,80974.0078125,80983.2265625,80856.0,80919.0625,62402560
2026-05-07 05:00:00+00:00,81098.2421875,81162.5,80958.0234375,80973.9765625,123224064
2026-05-07 05:30:00+00:00,81086.9921875,81150.0234375,81005.4921875,81099.46875,69505024
2026-05-07 06:00:00+00:00,81030.5234375,81075.6328125,80879.1484375,81075.6328125,89554944
2026-05-07 06:30:00+00:00,81443.1328125,81443.1328125,81023.4375,81031.4921875,210092032
2026-05-07 07:00:00+00:00,81562.1015625,81708.0625,81392.6328125,81442.2265625,357195776
2026-05-07 07:30:00+00:00,81517.796875,81702.8515625,81466.84375,81570.65625,84160512
2026-05-07 08:00:00+00:00,81420.2109375,81591.8984375,81322.0703125,81521.453125,174211072
2026-05-07 08:30:00+00:00,81211.4921875,81478.5703125,81194.15625,81408.6015625,420298752
2026-05-07 09:00:00+00:00,81028.5234375,81220.0,80977.578125,81220.0,51806208
2026-05-07 09:30:00+00:00,80914.5,81094.046875,80843.5625,81029.890625,22384640
2026-05-07 10:00:00+00:00,80607.140625,80982.7109375,80564.140625,80900.0,0
2026-05-07 10:30:00+00:00,80837.1171875,80897.1015625,80626.0,80626.0,102313984
2026-05-07 11:00:00+00:00,80875.890625,81034.0,80813.7578125,80851.7265625,19234816
2026-05-07 11:30:00+00:00,80857.34375,80998.0625,80780.34375,80878.9921875,20271104
2026-05-07 12:00:00+00:00,81053.1171875,81094.53125,80825.1015625,80844.3984375,3727360
2026-05-07 12:30:00+00:00,81160.8515625,81192.4609375,80990.0,81038.6015625,38432768
2026-05-07 13:00:00+00:00,80956.421875,81170.609375,80888.0703125,81146.5234375,48789504
2026-05-07 13:30:00+00:00,80492.65625,80964.7890625,80256.40625,80964.7890625,776638464
2026-05-07 14:00:00+00:00,80401.140625,80684.953125,80354.6171875,80502.2265625,656154624
2026-05-07 14:30:00+00:00,80154.8203125,80436.0,80027.9609375,80374.34375,599932928
2026-05-07 15:00:00+00:00,79834.5,80267.3203125,79733.640625,80129.6796875,1527023616
2026-05-07 15:30:00+00:00,79868.4296875,80054.0078125,79781.53125,79785.328125,1105735680
2026-05-07 16:00:00+00:00,79972.75,79999.6171875,79692.0,79865.25,1452617728
2026-05-07 16:30:00+00:00,79778.453125,80003.7109375,79734.2109375,79975.0,319492096
2026-05-07 17:00:00+00:00,79675.953125,79922.15625,79493.0625,79787.0,438067200
2026-05-07 17:30:00+00:00,80091.1796875,80126.90625,79648.4921875,79683.9921875,861679616
2026-05-07 18:00:00+00:00,80115.8125,80212.0234375,80080.0078125,80083.6484375,657694720
2026-05-07 18:30:00+00:00,80203.7578125,80282.0,79999.171875,80117.03125,304025600
2026-05-07 19:00:00+00:00,79954.8125,80194.3828125,79920.0078125,80185.0078125,224161792
2026-05-07 19:30:00+00:00,80124.5,80216.96875,79963.2421875,79963.2421875,212500480
2026-05-07 20:00:00+00:00,80173.1484375,80330.6796875,80091.5,80161.9921875,154800128
2026-05-07 20:30:00+00:00,79873.28125,80161.640625,79848.8828125,80161.640625,35405824
2026-05-07 21:00:00+00:00,79915.6875,79915.6875,79643.7734375,79876.140625,156950528
2026-05-07 21:30:00+00:00,79723.28125,79922.2890625,79723.28125,79922.2890625,726618112
2026-05-07 22:00:00+00:00,79887.9375,79978.0703125,79573.296875,79695.9765625,193900544
2026-05-07 22:30:00+00:00,79907.390625,79939.171875,79737.84375,79868.8828125,835911680
2026-05-07 23:00:00+00:00,79941.6875,79997.9765625,79857.9609375,79882.34375,25350144
2026-05-07 23:30:00+00:00,79996.28125,80059.5,79906.5,79949.1171875,248020992
2026-05-08 00:00:00+00:00,80017.328125,80124.5,79974.5390625,80027.9921875,209641472
2026-05-08 00:30:00+00:00,79821.4765625,80030.0,79739.8828125,80020.0,14909440
2026-05-08 01:00:00+00:00,79642.8984375,79888.1796875,79612.5625,79843.5703125,106000384
2026-05-08 03:00:00+00:00,79528.921875,79569.734375,79248.484375,79248.484375,2118082560
2026-05-08 03:30:00+00:00,79549.8828125,79614.203125,79547.5703125,79547.5703125,217415680
2026-05-08 04:00:00+00:00,79663.0234375,79706.40625,79543.59375,79552.4765625,36466688
2026-05-08 04:30:00+00:00,79644.078125,79677.96875,79531.2734375,79671.1796875,204374016
2026-05-08 05:00:00+00:00,79607.4375,79641.109375,79581.25,79633.0078125,1269760
2026-05-08 05:30:00+00:00,79624.6171875,79738.46875,79596.203125,79597.2109375,96620544
2026-05-08 06:00:00+00:00,79537.421875,79625.015625,79470.28125,79589.03125,690544640
2026-05-08 06:30:00+00:00,79469.921875,79574.8984375,79412.0390625,79530.515625,163192832
2026-05-08 07:00:00+00:00,79258.9609375,79480.0859375,79245.3671875,79480.0859375,871903232
2026-05-08 07:30:00+00:00,79637.5390625,79699.7734375,79271.8203125,79271.8203125,448757760
2026-05-08 08:00:00+00:00,79718.203125,79735.1953125,79642.703125,79642.703125,156508160
2026-05-08 08:30:00+00:00,79928.9453125,79956.3515625,79735.65625,79739.84375,193802240
2026-05-08 09:00:00+00:00,79988.171875,80004.1796875,79836.40625,79876.484375,310239232
2026-05-08 09:30:00+00:00,79850.6015625,80005.6484375,79788.9765625,80005.6484375,46047232
2026-05-08 10:00:00+00:00,79881.15625,79970.03125,79789.21875,79860.265625,87187456
2026-05-08 10:30:00+00:00,80208.25,80208.6953125,79872.515625,79872.515625,373460992
2026-05-08 11:00:00+00:00,80285.359375,80291.2109375,80193.75,80205.53125,369807360
2026-05-08 11:30:00+00:00,80224.609375,80303.6875,80134.1015625,80289.8125,929533952
2026-05-08 12:00:00+00:00,80321.6328125,80321.6328125,80160.90625,80220.7265625,552726528
2026-05-08 12:30:00+00:00,80020.046875,80460.75,79961.578125,80404.9375,740696064
2026-05-08 13:00:00+00:00,79592.9609375,80093.09375,79589.671875,80024.7734375,807632896
2026-05-08 13:30:00+00:00,79599.1171875,79811.25,79525.53125,79607.453125,808345600
2026-05-08 14:00:00+00:00,80096.4609375,80391.0703125,79632.0390625,79633.0390625,571723776
2026-05-08 14:30:00+00:00,80134.421875,80286.328125,79784.9921875,80052.4609375,729124864
2026-05-08 15:00:00+00:00,79684.5625,80187.5625,79608.0,80132.1484375,823726080
2026-05-08 15:30:00+00:00,80124.25,80165.3125,79602.40625,79691.34375,33775616
2026-05-08 16:00:00+00:00,79927.546875,80165.3203125,79897.8828125,80150.3203125,179986432
2026-05-08 16:30:00+00:00,79777.0390625,79927.546875,79720.796875,79925.390625,169095168
2026-05-08 17:00:00+00:00,79984.390625,80018.9375,79716.296875,79761.9921875,50075648
2026-05-08 17:30:00+00:00,80046.859375,80259.7421875,79988.84375,79999.7734375,954902528
2026-05-08 18:00:00+00:00,80221.0078125,80294.75,80063.84375,80063.84375,346271744
2026-05-08 18:30:00+00:00,80075.6796875,80285.7578125,80072.0078125,80211.921875,1105485824
2026-05-08 19:00:00+00:00,80010.296875,80128.2109375,79962.9609375,80066.5,115748864
2026-05-08 19:30:00+00:00,80101.3125,80119.4921875,80006.390625,80016.9375,0
2026-05-08 20:00:00+00:00,80248.65625,80284.078125,80121.3671875,80121.3671875,288348160
2026-05-08 20:30:00+00:00,80129.0625,80272.3984375,80077.703125,80248.65625,297404416
2026-05-08 21:00:00+00:00,80203.1171875,80240.7578125,80104.703125,80147.7421875,364707840
2026-05-08 21:30:00+00:00,80258.171875,80261.359375,80162.578125,80203.6171875,307808256
2026-05-08 22:00:00+00:00,80346.2109375,80418.7890625,80227.703125,80227.703125,28622848
2026-05-08 22:30:00+00:00,80270.1171875,80362.4765625,80270.1171875,80346.2109375,167442432
2026-05-08 23:00:00+00:00,80196.3203125,80289.1171875,80153.0,80265.3515625,155705344
2026-05-08 23:30:00+00:00,80188.8203125,80201.4375,80100.2578125,80172.1796875,479350784
2026-05-09 00:00:00+00:00,80142.0234375,80207.1484375,80116.9765625,80188.3828125,0
2026-05-09 00:30:00+00:00,80230.2265625,80238.0,80142.03125,80142.03125,60823552
2026-05-09 01:00:00+00:00,80269.4765625,80349.046875,80219.5,80219.5,23140352
2026-05-09 01:30:00+00:00,80318.2578125,80436.2265625,80269.4765625,80269.4765625,31711232
2026-05-09 02:00:00+00:00,80421.6875,80460.3125,80321.09375,80321.09375,30724096
2026-05-09 02:30:00+00:00,80407.296875,80472.3515625,80369.1328125,80421.6796875,0
2026-05-09 03:00:00+00:00,80433.15625,80518.6328125,80370.0078125,80410.6328125,162717696
2026-05-09 03:30:00+00:00,80380.296875,80420.0,80305.0,80420.0,137717760
2026-05-09 04:00:00+00:00,80468.859375,80647.1015625,80385.0625,80385.0625,309413888
2026-05-09 04:30:00+00:00,80385.0625,80473.40625,80366.140625,80468.8671875,128061440
2026-05-09 05:00:00+00:00,80436.21875,80449.4765625,80345.9296875,80383.8515625,249974784
2026-05-09 05:30:00+00:00,80374.0,80480.9921875,80368.2578125,80427.203125,9771008
2026-05-09 06:00:00+00:00,80309.6015625,80425.578125,80289.0234375,80374.0,714952704
2026-05-09 06:30:00+00:00,80248.1328125,80352.90625,80190.1328125,80309.6015625,108890112
2026-05-09 07:00:00+00:00,80235.0234375,80296.609375,80133.59375,80250.953125,229763072
2026-05-09 07:30:00+00:00,80214.859375,80270.2578125,80164.8125,80235.0078125,0
2026-05-09 08:00:00+00:00,80395.671875,80408.8828125,80204.46875,80214.8671875,0
2026-05-09 08:30:00+00:00,80399.9921875,80434.6171875,80380.0078125,80395.6796875,12605440
2026-05-09 09:00:00+00:00,80249.0,80406.1328125,80222.9296875,80400.0,3082240
2026-05-09 09:30:00+00:00,80236.7421875,80271.203125,80200.0078125,80248.9921875,1316864
2026-05-09 10:00:00+00:00,80193.2578125,80251.84375,80160.0,80236.7421875,237842432
2026-05-09 10:30:00+00:00,80259.3203125,80330.890625,80204.4375,80204.4609375,0
2026-05-09 11:00:00+00:00,80338.21875,80364.21875,80241.7265625,80249.609375,0
2026-05-09 11:30:00+00:00,80330.5,80365.9609375,80314.890625,80338.2109375,0
2026-05-09 12:00:00+00:00,80407.0,80407.0,80257.65625,80315.96875,20133888
2026-05-09 12:30:00+00:00,80400.0078125,80411.21875,80324.859375,80400.109375,431030272
2026-05-09 13:00:00+00:00,80337.421875,80422.7890625,80337.421875,80393.59375,0
2026-05-09 13:30:00+00:00,80391.53125,80391.53125,80306.796875,80345.3515625,0
2026-05-09 14:00:00+00:00,80312.609375,80416.25,80243.40625,80391.5234375,0
2026-05-09 14:30:00+00:00,80325.34375,80373.40625,80241.3828125,80315.6328125,0
2026-05-09 15:00:00+00:00,80406.7578125,80409.7890625,80220.796875,80314.21875,0
2026-05-09 15:30:00+00:00,80523.953125,80590.4921875,80406.7578125,80406.7578125,61956096
2026-05-09 16:00:00+00:00,80650.0078125,80761.1875,80478.3828125,80556.21875,91082752
2026-05-09 16:30:00+00:00,80609.296875,80647.03125,80580.0,80640.8984375,56811520
2026-05-09 17:00:00+00:00,80816.7890625,80822.3125,80609.296875,80609.296875,68589568
2026-05-09 17:30:00+00:00,80795.453125,80906.7421875,80723.140625,80819.4765625,0
2026-05-09 18:00:00+00:00,81021.53125,81034.1171875,80773.703125,80815.4296875,0
2026-05-09 18:30:00+00:00,80898.40625,81061.9609375,80854.609375,81020.1171875,327417856
2026-05-09 19:00:00+00:00,80819.9921875,80919.953125,80769.0,80905.2421875,0
2026-05-09 19:30:00+00:00,80933.4375,80950.71875,80784.9609375,80820.0,447807488
2026-05-09 20:00:00+00:00,80782.09375,80939.0078125,80755.7421875,80939.0078125,220923904
2026-05-09 20:30:00+00:00,80797.421875,80809.5,80731.203125,80800.4296875,0
2026-05-09 21:00:00+00:00,80808.6484375,80882.546875,80767.3203125,80808.7421875,2279424
2026-05-09 21:30:00+00:00,80767.34375,80808.65625,80732.0,80808.6484375,13633536
2026-05-09 22:00:00+00:00,80738.5,80789.9921875,80716.03125,80767.34375,3885056
2026-05-09 22:30:00+00:00,80757.0,80812.4765625,80661.0,80731.2109375,131817472
2026-05-09 23:00:00+00:00,80651.671875,80829.859375,80644.0,80743.2578125,50456576
2026-05-09 23:30:00+00:00,80658.9765625,80694.03125,80605.9765625,80651.671875,48963584
2026-05-10 00:00:00+00:00,80692.078125,80749.9921875,80609.7421875,80653.4609375,116764672
2026-05-10 00:30:00+00:00,80658.9609375,80758.296875,80615.0078125,80677.9765625,57350144
2026-05-10 01:00:00+00:00,80579.46875,80658.9609375,80557.9921875,80658.9609375,36616192
2026-05-10 01:30:00+00:00,80664.0,80675.2109375,80552.7265625,80580.65625,79892480
2026-05-10 02:00:00+00:00,80718.0078125,80741.25,80586.7265625,80659.9375,18552832
2026-05-10 02:30:00+00:00,80765.0234375,80774.703125,80676.3125,80718.0078125,76371968
2026-05-10 03:00:00+00:00,80729.1796875,80811.7890625,80716.15625,80759.453125,0
2026-05-10 03:30:00+00:00,80752.2265625,80871.671875,80693.8203125,80729.1796875,40556544
2026-05-10 04:00:00+00:00,80785.390625,80791.453125,80737.2421875,80757.4609375,52252672
2026-05-10 04:30:00+00:00,80747.1171875,80830.5390625,80716.0703125,80785.3828125,0
2026-05-10 05:00:00+00:00,80750.0,80801.40625,80707.5,80739.0078125,0
2026-05-10 05:30:00+00:00,80679.9921875,80786.0,80673.6328125,80753.0078125,182610944
2026-05-10 06:00:00+00:00,80638.796875,80724.1484375,80635.7421875,80684.1015625,24431616
2026-05-10 06:30:00+00:00,80724.0625,80748.0,80638.8203125,80638.8203125,18628608
2026-05-10 07:00:00+00:00,80774.0234375,80794.0,80713.1484375,80731.5390625,48934912
2026-05-10 07:30:00+00:00,80725.8515625,80785.0,80716.15625,80774.0234375,49871872
2026-05-10 08:00:00+00:00,80854.5390625,80885.6875,80704.8125,80722.9609375,21098496
2026-05-10 08:30:00+00:00,80818.9921875,80891.8671875,80785.3984375,80854.6328125,124046336
2026-05-10 09:00:00+00:00,80802.2890625,80896.75,80796.8984375,80827.5234375,39649280
2026-05-10 09:30:00+00:00,80794.0234375,80814.90625,80734.2265625,80792.8828125,49295360
2026-05-10 10:00:00+00:00,80797.25,80824.4765625,80676.0,80794.03125,205905920
2026-05-10 10:30:00+00:00,80848.0625,80871.3984375,80746.2734375,80797.25,105562112
2026-05-10 11:00:00+00:00,80766.7890625,80956.7734375,80737.21875,80859.9375,128683008
2026-05-10 11:30:00+00:00,80790.0078125,80833.5390625,80770.3125,80770.3125,136301568
2026-05-10 12:00:00+00:00,80918.5,80918.5,80765.3828125,80795.9921875,0
2026-05-10 12:30:00+00:00,80929.828125,80942.0,80860.53125,80915.2578125,43421696
2026-05-10 13:00:00+00:00,80963.3125,80998.9921875,80853.5,80921.34375,31014912
2026-05-10 13:30:00+00:00,80962.328125,80992.578125,80911.1484375,80963.296875,30133248
2026-05-10 14:00:00+00:00,80909.1015625,80974.8671875,80874.546875,80954.0234375,118712320
2026-05-10 14:30:00+00:00,80988.4921875,80993.109375,80800.03125,80911.796875,109170688
2026-05-10 15:00:00+00:00,80958.4375,81079.2734375,80922.140625,80987.7578125,240064512
2026-05-10 15:30:00+00:00,81404.640625,81420.0,80939.2265625,80944.0,473872384
2026-05-10 16:00:00+00:00,81250.4609375,81489.25,81231.1796875,81415.421875,424720384
2026-05-10 16:30:00+00:00,81357.2734375,81363.3125,81175.6796875,81257.953125,179523584
2026-05-10 17:00:00+00:00,81370.453125,81417.4921875,81207.25,81360.0,215123968
2026-05-10 17:30:00+00:00,81471.421875,81567.9765625,81277.1015625,81379.9921875,258521088
2026-05-10 18:00:00+00:00,81351.25,81486.53125,81321.1796875,81474.78125,238657536
2026-05-10 18:30:00+00:00,81268.5625,81405.4375,81210.8671875,81351.6328125,389601280
2026-05-10 19:00:00+00:00,81473.5625,81475.9921875,81144.0,81265.5390625,197629952
2026-05-10 19:30:00+00:00,81425.140625,81473.5703125,81320.15625,81473.5625,166283264
2026-05-10 20:00:00+00:00,81134.546875,81447.5625,81044.21875,81435.0,261675008
2026-05-10 20:30:00+00:00,80724.0,81126.7734375,80295.1015625,81124.1015625,1606418432
2026-05-10 21:00:00+00:00,80829.6015625,80936.46875,80571.6875,80712.953125,625516544
2026-05-10 21:30:00+00:00,80702.609375,80923.84375,80702.609375,80829.609375,761595904
2026-05-10 22:00:00+00:00,81492.75,81686.0078125,80665.0,80665.0,1463615488
2026-05-10 22:30:00+00:00,82034.53125,82147.9765625,81451.6015625,81492.75,1519288320
2026-05-10 23:00:00+00:00,82229.109375,82448.0,82068.7890625,82068.7890625,1671436288
2026-05-10 23:30:00+00:00,82199.9921875,82398.7421875,82067.6171875,82220.15625,760420352
2026-05-11 00:00:00+00:00,81664.296875,82335.53125,81392.7734375,82218.15625,1453137920
2026-05-11 00:30:00+00:00,81462.640625,81817.8125,81276.4765625,81664.296875,661098496
2026-05-11 01:00:00+00:00,81609.8203125,81719.75,81268.7890625,81468.65625,660021248
2026-05-11 01:30:00+00:00,81483.71875,81661.296875,81377.2109375,81592.921875,722845696
2026-05-11 02:00:00+00:00,81218.84375,81546.921875,81122.5234375,81498.7578125,214333440
2026-05-11 02:30:00+00:00,81158.6171875,81263.546875,81100.8828125,81209.8125,388712448
2026-05-11 03:00:00+00:00,80586.7421875,81164.328125,80541.2421875,81158.6171875,1039876096
2026-05-11 03:30:00+00:00,80721.7578125,80748.9921875,80508.46875,80585.890625,1152696320
2026-05-11 04:00:00+00:00,80734.203125,80760.0,80619.84375,80704.1171875,179210240
2026-05-11 04:30:00+00:00,80798.0,80854.53125,80695.09375,80732.9765625,214351872
2026-05-11 05:00:00+00:00,80942.671875,80944.90625,80785.671875,80794.9375,204679168
2026-05-11 05:30:00+00:00,80809.9921875,80959.046875,80738.140625,80946.0078125,240965632
2026-05-11 06:00:00+00:00,80968.7734375,81025.46875,80767.3671875,80800.4375,464697344
2026-05-11 06:30:00+00:00,80814.078125,80988.7421875,80743.5,80957.9765625,176443392
2026-05-11 07:00:00+00:00,80717.7578125,80820.0,80686.0625,80810.8828125,367480832
2026-05-11 07:30:00+00:00,80721.78125,80781.75,80665.2890625,80719.15625,254738432
2026-05-11 08:00:00+00:00,80627.953125,80778.0234375,80627.953125,80707.1328125,211331072
2026-05-11 08:30:00+00:00,80754.8515625,80846.4609375,80595.3515625,80595.3515625,399785984
2026-05-11 09:00:00+00:00,80897.9609375,80941.03125,80734.0,80734.0,154533888
2026-05-11 09:30:00+00:00,80944.6484375,80987.6328125,80831.5234375,80897.9609375,853014528
2026-05-11 10:00:00+00:00,81160.0625,81187.0078125,80940.09375,80965.0,147156992
2026-05-11 10:30:00+00:00,80927.28125,81184.2265625,80927.28125,81163.9921875,381749248
2026-05-11 11:00:00+00:00,81091.703125,81136.5,80896.4921875,80927.2734375,186615808
2026-05-11 11:30:00+00:00,81185.9921875,81185.9921875,81085.828125,81091.359375,92012544
2026-05-11 12:00:00+00:00,81282.140625,81319.25,81050.0078125,81193.4765625,310646784
2026-05-11 12:30:00+00:00,81027.9765625,81337.328125,81007.90625,81282.1875,841973760
2026-05-11 13:00:00+00:00,81115.6796875,81311.5,81028.2578125,81037.3515625,347308032
2026-05-11 13:30:00+00:00,81041.3671875,81187.4609375,80734.5078125,81104.0234375,761585664
2026-05-11 14:00:00+00:00,80713.046875,81222.1796875,80713.046875,81029.0078125,374767616
2026-05-11 14:30:00+00:00,80908.8671875,80932.796875,80453.9375,80712.953125,1941921792
2026-05-11 15:00:00+00:00,81315.9296875,81394.890625,80789.7578125,80913.1171875,211062784
2026-05-11 15:30:00+00:00,81422.953125,81431.25,81185.8203125,81319.359375,541995008
2026-05-11 16:00:00+00:00,81763.0390625,81854.0078125,81319.9296875,81429.1796875,522625024
2026-05-11 16:30:00+00:00,81562.703125,81899.3671875,81540.4609375,81779.703125,602411008
2026-05-11 17:00:00+00:00,81614.9609375,81643.3515625,81348.84375,81555.1171875,689881088
2026-05-11 17:30:00+00:00,81931.6015625,82024.0,81569.578125,81616.0703125,499793920
2026-05-11 18:00:00+00:00,82019.421875,82104.203125,81831.0625,81913.0234375,367890432
2026-05-11 18:30:00+00:00,81843.3203125,82131.171875,81821.3203125,82016.1015625,325574656
2026-05-11 19:00:00+00:00,81885.75,82056.03125,81722.1328125,81852.40625,207806464
2026-05-11 19:30:00+00:00,81955.4296875,82084.1875,81831.2109375,81878.84375,329740288
2026-05-11 20:00:00+00:00,81895.65625,82068.6328125,81846.109375,81969.28125,74514432
2026-05-11 20:30:00+00:00,81812.203125,81916.7265625,81748.9921875,81902.7578125,63094784
2026-05-11 21:00:00+00:00,81622.1484375,81876.640625,81622.140625,81812.203125,0
2026-05-11 21:30:00+00:00,81812.4609375,81898.046875,81580.0,81610.0234375,24657920
2026-05-11 22:00:00+00:00,81718.0703125,81955.4296875,81718.03125,81831.203125,0
2026-05-11 22:30:00+00:00,81813.03125,81906.9609375,81715.5390625,81725.109375,0
2026-05-11 23:00:00+00:00,81608.0703125,81791.828125,81608.0703125,81791.828125,26134528
2026-05-11 23:30:00+00:00,81727.0625,81806.9609375,81606.46875,81610.0078125,366817280
2026-05-12 00:00:00+00:00,81543.9765625,81770.6171875,81498.6328125,81715.28125,0
2026-05-12 00:30:00+00:00,81528.203125,81634.25,81462.390625,81543.9921875,102438912
2026-05-12 01:00:00+00:00,81352.6484375,81603.953125,81252.4765625,81528.171875,13240320
2026-05-12 01:30:00+00:00,81176.7265625,81320.28125,80697.9921875,81300.6015625,936046592
2026-05-12 02:00:00+00:00,81248.0,81318.0,81075.1875,81167.109375,55224320
2026-05-12 02:30:00+00:00,81235.0390625,81264.59375,81076.7421875,81256.46875,185612288
2026-05-12 03:00:00+00:00,81148.15625,81272.7890625,81124.0390625,81235.0390625,14346240
2026-05-12 03:30:00+00:00,81036.0078125,81199.25,81001.203125,81152.4765625,632872960
2026-05-12 04:00:00+00:00,81183.546875,81204.0,80972.046875,81020.1484375,3639296
2026-05-12 04:30:00+00:00,81203.9765625,81282.0,81170.671875,81185.546875,210182144
2026-05-12 05:00:00+00:00,81263.0390625,81266.2734375,81167.640625,81205.6015625,181762048
2026-05-12 05:30:00+00:00,81200.0078125,81288.828125,81165.03125,81263.046875,74627072
2026-05-12 06:00:00+00:00,81187.3671875,81282.78125,81157.6875,81194.90625,82462720
2026-05-12 06:30:00+00:00,80997.0390625,81192.25,80981.8203125,81192.25,113440768
2026-05-12 07:00:00+00:00,80992.171875,81106.1328125,80858.9296875,80978.2109375,235048960
2026-05-12 07:30:00+00:00,80829.9375,81065.0,80819.1484375,80999.640625,402202624
2026-05-12 08:00:00+00:00,80847.5078125,80910.0,80733.0625,80815.9609375,252590080
2026-05-12 08:30:00+00:00,80807.7578125,80937.1328125,80807.7578125,80838.328125,119484416
2026-05-12 09:00:00+00:00,80713.2265625,80869.6796875,80688.0,80801.25,305614848
2026-05-12 09:30:00+00:00,80799.703125,80929.3125,80723.6484375,80730.1875,241057792
2026-05-12 10:00:00+00:00,80694.3203125,80805.0,80654.7265625,80799.703125,50769920
2026-05-12 10:30:00+00:00,80643.390625,80721.0,80599.9765625,80702.296875,311685120
2026-05-12 11:00:00+00:00,80615.5703125,80667.8125,80471.8984375,80664.0,335491072
2026-05-12 11:30:00+00:00,80764.296875,80764.296875,80615.5078125,80624.109375,566790144
2026-05-12 12:00:00+00:00,80784.84375,80826.3203125,80675.65625,80755.3203125,289181696
2026-05-12 12:30:00+00:00,80862.5390625,80983.078125,80593.4765625,80853.8203125,452851712
2026-05-12 13:00:00+00:00,80631.0,80910.6484375,80603.2890625,80862.5390625,148000768
2026-05-12 13:30:00+00:00,80432.2734375,80857.2890625,80385.9765625,80590.0078125,319772672
2026-05-12 14:00:00+00:00,80631.9765625,80833.96875,80359.90625,80407.8125,554326016
2026-05-12 14:30:00+00:00,80525.9765625,80880.0078125,80392.296875,80608.0,525629440
2026-05-12 15:00:00+00:00,80181.96875,80642.5703125,80143.65625,80518.28125,139352064
2026-05-12 15:30:00+00:00,80295.5390625,80435.53125,80190.4765625,80190.4765625,535736320
2026-05-12 16:00:00+00:00,80258.9609375,80393.296875,80179.0,80269.15625,316989440
2026-05-12 16:30:00+00:00,79965.0078125,80311.9375,79819.75,80265.9921875,446892032
2026-05-12 17:00:00+00:00,80396.6484375,80413.390625,79928.1875,80007.453125,239085568
2026-05-12 17:30:00+00:00,80493.796875,80562.9921875,80395.4296875,80395.4296875,318519296
2026-05-12 18:00:00+00:00,80470.34375,80544.0390625,80420.46875,80487.1015625,46954496
2026-05-12 18:30:00+00:00,80649.09375,80731.1796875,80456.9609375,80456.9609375,151902208
2026-05-12 19:00:00+00:00,80690.7421875,80821.96875,80650.1171875,80650.1171875,132372480
2026-05-12 19:30:00+00:00,80814.296875,80859.046875,80705.4609375,80714.5625,551798784
2026-05-12 20:00:00+00:00,80797.453125,80871.359375,80721.4375,80823.9921875,129085440
2026-05-12 20:30:00+00:00,80673.03125,80797.4609375,80617.5703125,80797.453125,127473664
2026-05-12 21:00:00+00:00,80631.140625,80718.25,80607.703125,80671.8203125,157097984
2026-05-12 21:30:00+00:00,80569.2265625,80633.0,80472.2265625,80633.0,128718848
2026-05-12 22:00:00+00:00,80637.3984375,80773.7734375,80595.59375,80612.5078125,199479296
2026-05-12 22:30:00+00:00,80639.9921875,80708.296875,80600.0,80637.390625,0
2026-05-12 23:00:00+00:00,80638.9921875,80697.546875,80554.1015625,80639.9921875,78723072
2026-05-12 23:30:00+00:00,80483.75,80645.453125,80420.1015625,80638.9921875,160565248
2026-05-13 00:00:00+00:00,80631.953125,80732.0,80389.953125,80480.40625,59510784
2026-05-13 00:30:00+00:00,80698.1171875,80757.3984375,80600.1328125,80634.421875,154552320
2026-05-13 01:00:00+00:00,81048.9921875,81091.90625,80658.2890625,80703.7734375,1012779008
2026-05-13 01:30:00+00:00,80985.8671875,81180.0,80965.0078125,81057.8984375,648822784
2026-05-13 02:00:00+00:00,81106.8515625,81260.0,80919.7578125,80985.8828125,142696448
2026-05-13 02:30:00+00:00,81040.59375,81128.5234375,80995.0234375,81112.921875,727027712
2026-05-13 03:00:00+00:00,81070.0234375,81083.3984375,80969.5078125,81016.3984375,86493184
2026-05-13 03:30:00+00:00,81240.78125,81277.109375,81061.0234375,81074.8828125,267462656
2026-05-13 04:00:00+00:00,81194.0,81247.5390625,81107.5234375,81247.5390625,132173824
2026-05-13 04:30:00+00:00,81217.390625,81264.4609375,81155.5703125,81214.9921875,86908928
2026-05-13 05:00:00+00:00,81103.6328125,81226.0078125,81080.0625,81212.890625,153548800
2026-05-13 05:30:00+00:00,80998.671875,81120.3828125,80973.3671875,81103.6328125,312707072
2026-05-13 06:00:00+00:00,81080.28125,81137.0,80972.8515625,80999.8984375,186494976
2026-05-13 06:30:00+00:00,80958.0625,81098.90625,80947.0078125,81080.5234375,314320896
2026-05-13 07:00:00+00:00,80888.8125,81031.6328125,80872.75,80949.3984375,211185664
2026-05-13 07:30:00+00:00,80996.0078125,81010.6796875,80861.2109375,80889.46875,0
2026-05-13 08:00:00+00:00,81004.15625,81087.6875,80940.1484375,81003.9375,544358400
2026-05-13 08:30:00+00:00,81165.09375,81172.609375,80908.2265625,81004.171875,735084544
2026-05-13 09:00:00+00:00,81126.90625,81285.5078125,81097.453125,81172.53125,201551872
2026-05-13 09:30:00+00:00,81256.6015625,81268.9609375,81130.40625,81140.71875,218877952
2026-05-13 10:00:00+00:00,80939.3203125,81264.359375,80939.3203125,81252.5390625,31823872
2026-05-13 10:30:00+00:00,80773.5078125,81001.1328125,80773.5078125,80999.9921875,471242752
2026-05-13 11:00:00+00:00,80539.1796875,80815.3203125,80519.6484375,80768.6875,258056192
2026-05-13 11:30:00+00:00,80471.1484375,80672.9765625,80468.2890625,80539.609375,28135424
2026-05-13 12:00:00+00:00,80325.578125,80564.5625,80150.0703125,80468.96875,621594624
2026-05-13 12:30:00+00:00,80172.5234375,80259.5078125,79825.9609375,80206.0390625,766220288
2026-05-13 13:00:00+00:00,80121.203125,80320.8125,80105.5078125,80172.5078125,384999424
2026-05-13 13:30:00+00:00,79617.9765625,80177.8203125,79540.3828125,80069.2421875,830775296
2026-05-13 14:00:00+00:00,79814.0,79862.4921875,79447.140625,79581.421875,272418816
2026-05-13 14:30:00+00:00,79724.6796875,79824.2109375,79611.921875,79791.8828125,11900928
2026-05-13 15:00:00+00:00,79239.0,79820.03125,79200.8984375,79734.0390625,373032960
2026-05-13 15:30:00+00:00,78783.0390625,79309.109375,78761.3125,79202.75,382466048
2026-05-13 16:00:00+00:00,79003.140625,79022.8828125,78700.0,78761.28125,1430556672
2026-05-13 16:30:00+00:00,79066.609375,79181.3671875,78991.0,79001.8515625,275859456
2026-05-13 17:00:00+00:00,79306.8671875,79343.953125,79068.0078125,79096.84375,129245184
2026-05-13 17:30:00+00:00,79479.9921875,79528.7890625,79302.1796875,79308.8515625,181530624
2026-05-13 18:00:00+00:00,79736.0,79773.2890625,79482.21875,79495.3984375,403865600
2026-05-13 18:30:00+00:00,79576.1328125,79782.359375,79531.703125,79735.953125,996483072
2026-05-13 19:00:00+00:00,79467.3828125,79601.140625,79363.9921875,79567.9375,220745728
2026-05-13 19:30:00+00:00,79606.0,79614.5390625,79418.0,79465.953125,93292544
2026-05-13 20:00:00+00:00,79577.578125,79721.3203125,79576.03125,79611.359375,144248832
2026-05-13 20:30:00+00:00,79676.6484375,79731.890625,79579.9609375,79582.0,18079744
2026-05-13 21:00:00+00:00,79392.2578125,79676.8984375,79324.2578125,79676.8671875,259026944
2026-05-13 21:30:00+00:00,79363.1171875,79495.828125,79342.03125,79392.2578125,61347840
2026-05-13 22:00:00+00:00,79288.28125,79405.03125,79195.2578125,79405.03125,325003264
2026-05-13 22:30:00+00:00,79393.6328125,79441.90625,79196.0234375,79272.1796875,255123456
2026-05-13 23:00:00+00:00,79317.2734375,79465.2578125,79262.9609375,79396.6484375,171315200
2026-05-13 23:30:00+00:00,79288.25,79347.9921875,79194.15625,79320.2890625,195676160
2026-05-14 00:00:00+00:00,79433.171875,79552.9609375,79287.0703125,79299.1484375,327909376
2026-05-14 00:30:00+00:00,79546.796875,79656.453125,79441.15625,79441.15625,251121664
2026-05-14 01:00:00+00:00,79520.78125,79661.546875,79477.0078125,79525.6484375,66668544
2026-05-14 01:30:00+00:00,79573.4921875,79638.1171875,79383.7421875,79528.6796875,16556032
2026-05-14 02:00:00+00:00,79633.8671875,79650.6875,79528.6875,79577.0,255234048
2026-05-14 02:30:00+00:00,79340.0,79633.8671875,79195.71875,79633.8671875,250226688
2026-05-14 03:00:00+00:00,79287.0703125,79429.0078125,78995.1875,79306.5,601774080
2026-05-14 03:30:00+00:00,79012.2734375,79365.28125,78906.5703125,79290.0,266579968
2026-05-14 04:00:00+00:00,79288.4921875,79332.8671875,78945.828125,79017.9921875,434102272
2026-05-14 04:30:00+00:00,79428.703125,79440.0,79272.359375,79288.5,236904448
2026-05-14 05:00:00+00:00,79561.0234375,79569.8984375,79347.46875,79407.34375,169824256
2026-05-14 05:30:00+00:00,79780.7734375,79962.3828125,79567.9296875,79567.9296875,628359168
2026-05-14 06:00:00+00:00,79786.4375,79908.28125,79780.0,79788.34375,409538560
2026-05-14 06:30:00+00:00,79772.953125,79858.0390625,79726.6796875,79807.96875,35418112
2026-05-14 07:00:00+00:00,79757.6171875,79833.6875,79671.0,79768.40625,218841088
2026-05-14 07:30:00+00:00,79706.1015625,79903.46875,79699.1484375,79760.03125,106065920
2026-05-14 08:00:00+00:00,79744.6796875,79841.9921875,79605.1015625,79709.03125,391700480
2026-05-14 08:30:00+00:00,79784.5625,79906.4765625,79748.65625,79754.2109375,445865984
2026-05-14 09:00:00+00:00,79705.3984375,79875.0,79699.046875,79798.5,2359296
2026-05-14 09:30:00+00:00,79591.078125,79711.5625,79529.71875,79705.40625,230629376
2026-05-14 10:00:00+00:00,79651.578125,79721.828125,79525.0,79599.78125,235081728
2026-05-14 10:30:00+00:00,79534.4765625,79654.5234375,79375.0,79650.0234375,51044352
2026-05-14 11:00:00+00:00,79322.40625,79576.6484375,79288.8515625,79533.546875,83709952
2026-05-14 11:30:00+00:00,79213.1484375,79358.0625,79189.9765625,79318.2734375,240144384
2026-05-14 12:00:00+00:00,79386.59375,79424.3984375,79194.9765625,79198.21875,70733824
2026-05-14 12:30:00+00:00,79744.0,79757.96875,79367.1484375,79384.2265625,23334912
2026-05-14 13:00:00+00:00,79913.59375,80026.0,79695.8515625,79742.609375,942620672
2026-05-14 13:30:00+00:00,79679.9921875,80015.03125,79655.640625,79903.9921875,684355584
2026-05-14 14:00:00+00:00,80109.3984375,80223.9765625,79542.3671875,79652.453125,1069207552
2026-05-14 14:30:00+00:00,80949.109375,80978.453125,80066.28125,80141.3515625,1256108032
2026-05-14 15:00:00+00:00,80994.0,81131.6328125,80807.109375,80954.078125,1844940800
2026-05-14 15:30:00+00:00,81304.03125,81335.578125,80810.90625,80988.0234375,1126572032
2026-05-14 16:00:00+00:00,81550.171875,81613.90625,81328.0,81328.796875,1190748160
2026-05-14 16:30:00+00:00,81890.34375,81890.34375,81088.390625,81572.0,1332813824
2026-05-14 17:00:00+00:00,81484.25,82054.3125,81294.5703125,81877.2265625,2037751808
2026-05-14 17:30:00+00:00,81683.8828125,81806.609375,81451.4375,81474.0,767696896
2026-05-14 18:00:00+00:00,81890.4296875,81994.9765625,81487.03125,81684.171875,439623680
2026-05-14 18:30:00+00:00,81590.34375,81897.0,81435.1171875,81884.671875,458760192
2026-05-14 19:00:00+00:00,81347.046875,81728.1484375,81340.640625,81600.546875,1112936448
2026-05-14 19:30:00+00:00,81438.0,81495.0,81327.1875,81352.5625,528351232
2026-05-14 20:00:00+00:00,81274.0,81625.0703125,81224.0,81459.9765625,386396160
2026-05-14 20:30:00+00:00,81400.0,81455.5234375,81151.3125,81285.4765625,304549888
2026-05-14 21:00:00+00:00,81414.9375,81466.5078125,81259.6796875,81453.78125,158363648
2026-05-14 21:30:00+00:00,81375.9765625,81526.0,81359.7265625,81409.3203125,272736256
2026-05-14 22:00:00+00:00,81432.0,81510.0078125,81328.0,81376.0078125,41103360
2026-05-14 22:30:00+00:00,81444.0078125,81542.0390625,81406.2734375,81434.7109375,156352512
2026-05-14 23:00:00+00:00,81345.0234375,81411.0,81172.0,81405.0,159670272
2026-05-14 23:30:00+00:00,81079.03125,81351.640625,81029.1484375,81345.0234375,396333056
2026-05-15 00:00:00+00:00,81437.3671875,81482.0703125,81047.4921875,81080.078125,69013504
2026-05-15 00:30:00+00:00,81506.09375,81646.671875,81262.6875,81449.359375,1122070528
2026-05-15 01:00:00+00:00,81375.3125,81608.3125,81375.296875,81502.2109375,313499648
2026-05-15 01:30:00+00:00,81110.046875,81460.921875,81094.0,81357.71875,910704640
2026-05-15 02:00:00+00:00,80887.9765625,81186.0,80850.578125,81086.9296875,548794368
2026-05-15 02:30:00+00:00,81281.3984375,81338.3828125,80729.0,80895.9765625,345350144
2026-05-15 03:00:00+00:00,81252.0078125,81331.0390625,81122.8671875,81290.53125,117587968
2026-05-15 03:30:00+00:00,81053.6875,81233.890625,80922.796875,81233.890625,94429184
2026-05-15 04:00:00+00:00,80900.9921875,81081.7890625,80880.6328125,81045.3125,205266944
2026-05-15 04:30:00+00:00,80710.328125,81024.0,80694.03125,80893.34375,209719296
2026-05-15 05:00:00+00:00,80786.296875,80871.2890625,80645.9921875,80713.71875,112795648
2026-05-15 05:30:00+00:00,80364.0,80803.1875,80308.0,80803.1875,637849600
2026-05-15 06:00:00+00:00,80510.3203125,80510.3203125,80305.9609375,80346.359375,465793024
2026-05-15 06:30:00+00:00,80568.2421875,80625.96875,80497.2890625,80516.53125,416948224
2026-05-15 07:00:00+00:00,80898.46875,80991.3515625,80547.75,80575.0,229744640
2026-05-15 07:30:00+00:00,80815.9921875,80903.3828125,80738.078125,80898.4609375,762765312
2026-05-15 08:00:00+00:00,80530.0,80819.9921875,80519.6328125,80819.9921875,186351616
2026-05-15 08:30:00+00:00,80640.0,80716.703125,80415.9296875,80533.4296875,107102208
2026-05-15 09:00:00+00:00,80566.921875,80673.1328125,80454.140625,80642.0078125,29298688
2026-05-15 09:30:00+00:00,80488.0078125,80638.96875,80366.1171875,80572.59375,332443648
2026-05-15 10:00:00+00:00,80510.9375,80600.25,80409.171875,80489.4765625,80375808
2026-05-15 10:30:00+00:00,80710.2890625,80771.796875,80437.8515625,80506.75,47554560
2026-05-15 11:00:00+00:00,80629.0234375,80753.3125,80580.7734375,80718.6875,180744192
2026-05-15 11:30:00+00:00,80616.046875,80713.921875,80584.03125,80626.0,0
2026-05-15 12:00:00+00:00,80532.4921875,80635.0,80374.09375,80600.359375,352002048
2026-05-15 12:30:00+00:00,80380.1328125,80547.7734375,80337.4609375,80493.296875,142118912
2026-05-15 13:00:00+00:00,79991.0234375,80361.359375,79987.4921875,80361.359375,463093760
2026-05-15 13:30:00+00:00,78701.9296875,79966.9375,78647.203125,79966.9375,1796718592
2026-05-15 14:00:00+00:00,79030.15625,79287.7890625,78601.1875,78729.21875,1922850816
2026-05-15 14:30:00+00:00,79111.921875,79271.9765625,78917.9296875,79081.0625,441081856
2026-05-15 15:00:00+00:00,79099.171875,79337.5703125,79043.0390625,79145.3671875,0
2026-05-15 15:30:00+00:00,79113.296875,79213.5390625,78980.9921875,79148.2890625,185561088
2026-05-15 16:00:00+00:00,79281.4296875,79283.203125,79089.1875,79141.359375,0
2026-05-15 16:30:00+00:00,79268.34375,79346.90625,79105.3515625,79301.75,83886080
2026-05-15 17:00:00+00:00,79343.6171875,79419.8125,79188.8515625,79242.6484375,5447680
2026-05-15 17:30:00+00:00,79428.640625,79442.7890625,79329.1875,79341.7890625,57782272
