Datetime,Close,High,Low,Open,Volume
2026-03-06 05:00:00+00:00,5135.89990234375,5138.7001953125,5131.2001953125,5136.0,324
2026-03-06 05:15:00+00:00,5138.39990234375,5138.89990234375,5131.5,5135.10009765625,444
2026-03-06 05:30:00+00:00,5129.5,5138.60009765625,5127.39990234375,5138.60009765625,835
2026-03-06 05:45:00+00:00,5126.60009765625,5131.7001953125,5122.89990234375,5130.2001953125,779
2026-03-06 06:00:00+00:00,5125.2998046875,5130.0,5118.7001953125,5126.10009765625,656
2026-03-06 06:15:00+00:00,5128.7001953125,5131.89990234375,5123.0,5125.2998046875,372
2026-03-06 06:30:00+00:00,5130.0,5131.7998046875,5125.10009765625,5128.10009765625,573
2026-03-06 06:45:00+00:00,5124.89990234375,5131.60009765625,5123.89990234375,5129.39990234375,639
2026-03-06 07:00:00+00:00,5119.2998046875,5126.0,5114.0,5124.7001953125,1177
2026-03-06 07:15:00+00:00,5123.10009765625,5128.10009765625,5119.10009765625,5119.60009765625,1218
2026-03-06 07:30:00+00:00,5123.0,5125.2001953125,5116.39990234375,5123.2001953125,1252
2026-03-06 07:45:00+00:00,5128.2001953125,5129.39990234375,5121.0,5122.89990234375,650
2026-03-06 08:00:00+00:00,5124.2001953125,5132.2998046875,5119.5,5128.0,954
2026-03-06 08:15:00+00:00,5109.0,5126.60009765625,5107.89990234375,5123.89990234375,1124
2026-03-06 08:30:00+00:00,5116.0,5117.0,5104.5,5108.5,770
2026-03-06 08:45:00+00:00,5116.7001953125,5122.10009765625,5115.5,5115.5,645
2026-03-06 09:00:00+00:00,5104.39990234375,5117.7998046875,5103.0,5117.60009765625,1513
2026-03-06 09:15:00+00:00,5107.60009765625,5111.2001953125,5100.5,5104.0,1136
2026-03-06 09:30:00+00:00,5104.7001953125,5112.60009765625,5094.0,5106.89990234375,2105
2026-03-06 09:45:00+00:00,5093.5,5106.10009765625,5091.39990234375,5104.2998046875,960
2026-03-06 10:00:00+00:00,5091.2001953125,5099.0,5084.2001953125,5094.5,1560
2026-03-06 10:15:00+00:00,5096.10009765625,5102.0,5088.10009765625,5090.89990234375,1290
2026-03-06 10:30:00+00:00,5089.5,5099.89990234375,5089.5,5095.7001953125,1081
2026-03-06 10:45:00+00:00,5099.89990234375,5102.0,5090.5,5090.5,855
2026-03-06 11:00:00+00:00,5094.89990234375,5100.7001953125,5089.39990234375,5100.7001953125,1134
2026-03-06 11:15:00+00:00,5104.2001953125,5107.39990234375,5094.7998046875,5094.7998046875,939
2026-03-06 11:30:00+00:00,5090.5,5109.60009765625,5090.10009765625,5103.5,963
2026-03-06 11:45:00+00:00,5086.10009765625,5096.2998046875,5071.0,5090.2001953125,2140
2026-03-06 12:00:00+00:00,5098.60009765625,5100.0,5085.2998046875,5086.2998046875,1402
2026-03-06 12:15:00+00:00,5097.2998046875,5105.5,5094.7001953125,5098.89990234375,1218
2026-03-06 12:30:00+00:00,5105.10009765625,5105.7998046875,5094.0,5097.39990234375,925
2026-03-06 12:45:00+00:00,5091.89990234375,5105.5,5090.0,5105.5,1117
2026-03-06 13:00:00+00:00,5081.60009765625,5092.60009765625,5073.89990234375,5091.60009765625,2777
2026-03-06 13:15:00+00:00,5092.7001953125,5097.0,5080.7998046875,5081.10009765625,1653
2026-03-06 13:30:00+00:00,5129.2998046875,5140.0,5092.7001953125,5092.7001953125,7319
2026-03-06 13:45:00+00:00,5093.7998046875,5130.7001953125,5082.0,5130.0,5621
2026-03-06 14:00:00+00:00,5104.7001953125,5111.60009765625,5089.89990234375,5093.2001953125,3820
2026-03-06 14:15:00+00:00,5112.2001953125,5118.0,5096.39990234375,5105.10009765625,2919
2026-03-06 14:30:00+00:00,5096.39990234375,5123.89990234375,5092.0,5112.89990234375,4144
2026-03-06 14:45:00+00:00,5139.2998046875,5142.39990234375,5095.5,5097.39990234375,4469
2026-03-06 15:00:00+00:00,5159.2001953125,5171.7001953125,5137.39990234375,5139.2998046875,10128
2026-03-06 15:15:00+00:00,5172.0,5182.0,5154.0,5159.7001953125,4938
2026-03-06 15:30:00+00:00,5164.0,5176.7001953125,5159.7001953125,5172.2998046875,3672
2026-03-06 15:45:00+00:00,5151.2001953125,5167.2998046875,5144.2998046875,5164.39990234375,3489
2026-03-06 16:00:00+00:00,5153.7998046875,5160.7998046875,5145.5,5151.7001953125,1654
2026-03-06 16:15:00+00:00,5151.7998046875,5163.0,5146.39990234375,5153.10009765625,1677
2026-03-06 16:30:00+00:00,5151.7001953125,5156.0,5136.0,5152.7998046875,2508
2026-03-06 16:45:00+00:00,5149.5,5158.39990234375,5139.2001953125,5151.5,3255
2026-03-06 17:00:00+00:00,5146.2998046875,5152.2001953125,5138.7001953125,5150.10009765625,1785
2026-03-06 17:15:00+00:00,5153.10009765625,5155.5,5143.39990234375,5145.89990234375,1615
2026-03-06 17:30:00+00:00,5146.7001953125,5162.7998046875,5145.89990234375,5151.89990234375,1574
2026-03-06 17:45:00+00:00,5150.2001953125,5150.39990234375,5141.7001953125,5147.2001953125,1240
2026-03-06 18:00:00+00:00,5154.2001953125,5156.7001953125,5147.89990234375,5149.89990234375,2468
2026-03-06 18:15:00+00:00,5159.2998046875,5160.2998046875,5152.10009765625,5154.39990234375,7925
2026-03-06 18:30:00+00:00,5174.39990234375,5174.7998046875,5157.5,5159.2998046875,3997
2026-03-06 18:45:00+00:00,5170.2998046875,5176.5,5165.7001953125,5174.5,1400
2026-03-06 19:00:00+00:00,5180.39990234375,5180.39990234375,5169.7998046875,5170.39990234375,1490
2026-03-06 19:15:00+00:00,5173.5,5183.7998046875,5173.2998046875,5180.39990234375,963
2026-03-06 19:30:00+00:00,5166.7001953125,5176.2998046875,5166.2001953125,5174.39990234375,735
2026-03-06 19:45:00+00:00,5168.5,5172.7998046875,5165.2001953125,5167.2998046875,557
2026-03-06 20:00:00+00:00,5163.60009765625,5171.2001953125,5162.10009765625,5168.2001953125,1276
2026-03-06 20:15:00+00:00,5162.60009765625,5169.2001953125,5161.10009765625,5163.89990234375,840
2026-03-06 20:30:00+00:00,5165.5,5169.60009765625,5157.5,5162.2998046875,971
2026-03-06 20:45:00+00:00,5161.39990234375,5168.39990234375,5159.0,5165.89990234375,1057
2026-03-06 21:00:00+00:00,5173.5,5175.89990234375,5159.2001953125,5161.10009765625,990
2026-03-06 21:15:00+00:00,5176.39990234375,5178.89990234375,5173.2001953125,5173.7998046875,582
2026-03-06 21:30:00+00:00,5178.2001953125,5180.2001953125,5174.89990234375,5176.39990234375,331
2026-03-06 21:45:00+00:00,5158.7001953125,5185.0,5158.7001953125,5178.2001953125,548
2026-03-08 22:00:00+00:00,5170.2998046875,5180.0,5161.10009765625,5165.5,429
2026-03-08 22:15:00+00:00,5165.39990234375,5171.2001953125,5138.0,5168.5,1672
2026-03-08 22:30:00+00:00,5135.5,5175.0,5115.2001953125,5165.89990234375,1797
2026-03-08 22:45:00+00:00,5138.5,5145.0,5113.5,5136.7001953125,1721
2026-03-08 23:00:00+00:00,5110.0,5145.5,5094.5,5140.2998046875,2208
2026-03-08 23:15:00+00:00,5111.89990234375,5114.39990234375,5101.60009765625,5110.0,1353
2026-03-08 23:30:00+00:00,5081.10009765625,5113.2001953125,5050.0,5112.7001953125,4723
2026-03-08 23:45:00+00:00,5083.39990234375,5087.7001953125,5061.89990234375,5079.89990234375,1874
2026-03-09 00:00:00+00:00,5043.10009765625,5088.89990234375,5035.5,5083.10009765625,3805
2026-03-09 00:15:00+00:00,5053.89990234375,5060.39990234375,5040.0,5044.0,1743
2026-03-09 00:30:00+00:00,5059.7001953125,5067.2001953125,5050.89990234375,5052.39990234375,1006
2026-03-09 00:45:00+00:00,5056.89990234375,5064.7998046875,5040.2998046875,5060.0,1757
2026-03-09 01:00:00+00:00,5078.0,5081.10009765625,5021.2001953125,5056.7001953125,4081
2026-03-09 01:15:00+00:00,5078.7998046875,5094.39990234375,5075.7001953125,5078.2001953125,3111
2026-03-09 01:30:00+00:00,5086.39990234375,5092.2998046875,5077.2998046875,5077.7001953125,1264
2026-03-09 01:45:00+00:00,5077.60009765625,5089.2998046875,5071.10009765625,5085.39990234375,1207
2026-03-09 02:00:00+00:00,5101.2001953125,5102.2998046875,5061.89990234375,5076.39990234375,2856
2026-03-09 02:15:00+00:00,5083.7001953125,5101.60009765625,5078.39990234375,5101.2001953125,1587
2026-03-09 02:30:00+00:00,5099.2998046875,5100.2001953125,5082.10009765625,5083.89990234375,1698
2026-03-09 02:45:00+00:00,5100.89990234375,5105.7998046875,5092.10009765625,5099.2001953125,1451
2026-03-09 03:00:00+00:00,5093.5,5105.89990234375,5090.2001953125,5101.2998046875,958
2026-03-09 03:15:00+00:00,5091.10009765625,5109.10009765625,5090.7998046875,5092.7001953125,1365
2026-03-09 03:30:00+00:00,5093.39990234375,5100.7001953125,5087.60009765625,5091.89990234375,695
2026-03-09 03:45:00+00:00,5098.0,5100.0,5093.7998046875,5093.7998046875,349
2026-03-09 04:00:00+00:00,5096.89990234375,5103.39990234375,5093.2001953125,5098.0,308
2026-03-09 04:15:00+00:00,5096.2998046875,5101.5,5094.7001953125,5097.2001953125,279
2026-03-09 04:30:00+00:00,5096.7998046875,5099.7998046875,5093.7998046875,5096.10009765625,227
2026-03-09 04:45:00+00:00,5096.39990234375,5097.60009765625,5091.2998046875,5096.39990234375,387
2026-03-09 05:00:00+00:00,5103.0,5109.0,5087.10009765625,5096.60009765625,1040
2026-03-09 05:15:00+00:00,5102.5,5112.0,5094.39990234375,5103.5,1128
2026-03-09 05:30:00+00:00,5128.39990234375,5129.0,5099.10009765625,5102.2001953125,1500
2026-03-09 05:45:00+00:00,5131.60009765625,5147.60009765625,5126.2998046875,5128.39990234375,2191
2026-03-09 06:00:00+00:00,5135.10009765625,5141.7001953125,5126.0,5131.39990234375,1357
2026-03-09 06:15:00+00:00,5133.89990234375,5138.2001953125,5130.39990234375,5135.39990234375,665
2026-03-09 06:30:00+00:00,5113.89990234375,5136.5,5112.2001953125,5134.10009765625,1034
2026-03-09 06:45:00+00:00,5104.7998046875,5119.10009765625,5103.60009765625,5114.2001953125,1220
2026-03-09 07:00:00+00:00,5103.89990234375,5109.7998046875,5095.39990234375,5104.7998046875,1730
2026-03-09 07:15:00+00:00,5114.2001953125,5114.2001953125,5102.60009765625,5104.2001953125,1197
2026-03-09 07:30:00+00:00,5108.89990234375,5115.2001953125,5107.2001953125,5114.39990234375,1002
2026-03-09 07:45:00+00:00,5106.7001953125,5109.2998046875,5101.10009765625,5108.89990234375,1126
2026-03-09 08:00:00+00:00,5107.5,5118.7001953125,5106.39990234375,5106.7998046875,1442
2026-03-09 08:15:00+00:00,5099.0,5114.5,5098.10009765625,5107.2998046875,1089
2026-03-09 08:30:00+00:00,5098.0,5105.0,5094.89990234375,5098.89990234375,1037
2026-03-09 08:45:00+00:00,5104.39990234375,5110.39990234375,5095.0,5097.7998046875,964
2026-03-09 09:00:00+00:00,5120.60009765625,5124.7998046875,5102.7998046875,5104.10009765625,1579
2026-03-09 09:15:00+00:00,5133.2998046875,5134.89990234375,5120.0,5120.7998046875,1391
2026-03-09 09:30:00+00:00,5112.10009765625,5140.5,5111.60009765625,5133.0,2471
2026-03-09 09:45:00+00:00,5114.2998046875,5116.10009765625,5105.2998046875,5111.39990234375,1867
2026-03-09 10:00:00+00:00,5117.5,5119.7998046875,5111.39990234375,5114.0,1421
2026-03-09 10:15:00+00:00,5107.89990234375,5118.89990234375,5106.60009765625,5117.7998046875,1441
2026-03-09 10:30:00+00:00,5103.39990234375,5107.7001953125,5096.60009765625,5107.7001953125,2287
2026-03-09 10:45:00+00:00,5094.7998046875,5104.10009765625,5090.89990234375,5103.0,1553
2026-03-09 11:00:00+00:00,5098.0,5104.7998046875,5094.7998046875,5094.7998046875,906
2026-03-09 11:15:00+00:00,5093.2998046875,5100.0,5086.5,5097.39990234375,2139
2026-03-09 11:30:00+00:00,5093.39990234375,5100.7001953125,5089.7998046875,5093.7998046875,1639
2026-03-09 11:45:00+00:00,5095.7001953125,5101.7001953125,5091.7001953125,5092.89990234375,949
2026-03-09 12:00:00+00:00,5103.7001953125,5107.39990234375,5096.2001953125,5096.2001953125,1934
2026-03-09 12:15:00+00:00,5117.2998046875,5118.10009765625,5102.2998046875,5104.0,1930
2026-03-09 12:30:00+00:00,5114.7998046875,5120.5,5111.7998046875,5117.7998046875,1732
2026-03-09 12:45:00+00:00,5103.10009765625,5115.10009765625,5101.0,5115.10009765625,1655
2026-03-09 13:00:00+00:00,5101.0,5107.2001953125,5095.39990234375,5103.10009765625,1696
2026-03-09 13:15:00+00:00,5102.5,5106.2998046875,5092.39990234375,5100.0,1887
2026-03-09 13:30:00+00:00,5084.7001953125,5119.5,5082.39990234375,5102.39990234375,5898
2026-03-09 13:45:00+00:00,5081.5,5093.0,5075.0,5083.7998046875,3717
2026-03-09 14:00:00+00:00,5078.89990234375,5095.89990234375,5066.89990234375,5081.10009765625,4134
2026-03-09 14:15:00+00:00,5091.10009765625,5092.39990234375,5072.10009765625,5079.2001953125,2458
2026-03-09 14:30:00+00:00,5120.89990234375,5123.7001953125,5088.0,5089.39990234375,4277
2026-03-09 14:45:00+00:00,5102.60009765625,5124.7001953125,5094.2998046875,5121.0,3238
2026-03-09 15:00:00+00:00,5099.89990234375,5103.2998046875,5087.7998046875,5102.2001953125,4840
2026-03-09 15:15:00+00:00,5107.5,5108.2001953125,5089.7998046875,5099.7001953125,2946
2026-03-09 15:30:00+00:00,5103.2998046875,5111.2001953125,5101.60009765625,5107.5,1717
2026-03-09 15:45:00+00:00,5108.5,5112.0,5102.60009765625,5103.5,2180
2026-03-09 16:00:00+00:00,5111.7001953125,5118.39990234375,5105.39990234375,5108.10009765625,1870
2026-03-09 16:15:00+00:00,5112.7001953125,5114.0,5103.10009765625,5112.2001953125,1750
2026-03-09 16:30:00+00:00,5115.89990234375,5119.7001953125,5110.89990234375,5112.5,1886
2026-03-09 16:45:00+00:00,5113.10009765625,5117.2001953125,5111.5,5116.10009765625,2282
2026-03-09 17:00:00+00:00,5108.7998046875,5115.5,5106.7998046875,5113.2001953125,2865
2026-03-09 17:15:00+00:00,5103.7998046875,5111.0,5099.60009765625,5108.39990234375,4761
2026-03-09 17:30:00+00:00,5100.2001953125,5106.7001953125,5097.7001953125,5104.0,2052
2026-03-09 17:45:00+00:00,5104.89990234375,5108.60009765625,5099.5,5099.5,978
2026-03-09 18:00:00+00:00,5106.7001953125,5107.0,5101.60009765625,5104.89990234375,840
2026-03-09 18:15:00+00:00,5114.39990234375,5116.5,5105.7998046875,5106.60009765625,856
2026-03-09 18:30:00+00:00,5127.89990234375,5130.0,5113.5,5114.7001953125,2494
2026-03-09 18:45:00+00:00,5133.2001953125,5136.7001953125,5125.0,5128.10009765625,3281
2026-03-09 19:00:00+00:00,5132.7998046875,5140.7998046875,5128.2998046875,5133.2998046875,1475
2026-03-09 19:15:00+00:00,5150.2001953125,5154.7001953125,5128.2998046875,5132.60009765625,2440
2026-03-09 19:30:00+00:00,5145.5,5150.39990234375,5136.10009765625,5150.10009765625,2025
2026-03-09 19:45:00+00:00,5150.5,5153.7998046875,5139.39990234375,5145.10009765625,1715
2026-03-09 20:00:00+00:00,5149.2001953125,5158.0,5147.5,5150.89990234375,963
2026-03-09 20:15:00+00:00,5149.10009765625,5150.0,5143.7001953125,5149.2001953125,581
2026-03-09 20:30:00+00:00,5148.7001953125,5149.2001953125,5143.89990234375,5148.60009765625,393
2026-03-09 20:45:00+00:00,5148.7001953125,5150.10009765625,5143.7001953125,5148.5,541
2026-03-09 22:00:00+00:00,5142.39990234375,5161.10009765625,5130.0,5152.39990234375,344
2026-03-09 22:15:00+00:00,5141.2998046875,5145.39990234375,5127.10009765625,5142.39990234375,493
2026-03-09 22:30:00+00:00,5144.7998046875,5148.5,5137.0,5140.89990234375,400
2026-03-09 22:45:00+00:00,5162.10009765625,5163.0,5144.60009765625,5144.7001953125,601
2026-03-09 23:00:00+00:00,5155.5,5164.2998046875,5147.39990234375,5161.89990234375,716
2026-03-09 23:15:00+00:00,5155.0,5165.60009765625,5152.2001953125,5155.2001953125,643
2026-03-09 23:30:00+00:00,5147.2998046875,5159.2998046875,5145.60009765625,5154.7001953125,514
2026-03-09 23:45:00+00:00,5149.7998046875,5153.60009765625,5146.7998046875,5147.7001953125,383
2026-03-10 00:00:00+00:00,5146.7998046875,5151.10009765625,5140.5,5149.2998046875,539
2026-03-10 00:15:00+00:00,5141.10009765625,5148.2001953125,5138.7001953125,5146.39990234375,678
2026-03-10 00:30:00+00:00,5147.2998046875,5147.39990234375,5134.7998046875,5139.89990234375,940
2026-03-10 00:45:00+00:00,5140.2001953125,5150.0,5137.89990234375,5147.0,625
2026-03-10 01:00:00+00:00,5153.0,5163.2998046875,5134.0,5140.2998046875,1736
2026-03-10 01:15:00+00:00,5167.39990234375,5177.60009765625,5152.10009765625,5152.5,2556
2026-03-10 01:30:00+00:00,5174.7001953125,5177.2001953125,5162.2998046875,5168.5,1739
2026-03-10 01:45:00+00:00,5193.2001953125,5195.2001953125,5173.0,5174.60009765625,2097
2026-03-10 02:00:00+00:00,5184.2001953125,5195.7998046875,5179.0,5192.7998046875,1740
2026-03-10 02:15:00+00:00,5188.60009765625,5189.39990234375,5181.2001953125,5184.2998046875,863
2026-03-10 02:30:00+00:00,5190.89990234375,5193.0,5184.2998046875,5188.2001953125,924
2026-03-10 02:45:00+00:00,5174.2998046875,5194.2001953125,5172.10009765625,5191.0,1359
2026-03-10 03:00:00+00:00,5175.0,5181.89990234375,5173.39990234375,5173.7998046875,898
2026-03-10 03:15:00+00:00,5175.10009765625,5179.0,5170.0,5174.60009765625,767
2026-03-10 03:30:00+00:00,5170.7001953125,5176.2001953125,5167.89990234375,5174.60009765625,462
2026-03-10 03:45:00+00:00,5166.39990234375,5171.39990234375,5163.0,5171.10009765625,661
2026-03-10 04:00:00+00:00,5172.7001953125,5174.0,5162.39990234375,5165.2998046875,902
2026-03-10 04:15:00+00:00,5171.10009765625,5175.2998046875,5170.0,5173.10009765625,735
2026-03-10 04:30:00+00:00,5170.89990234375,5174.10009765625,5170.2998046875,5171.0,166
2026-03-10 04:45:00+00:00,5172.10009765625,5174.10009765625,5170.2998046875,5170.2998046875,128
2026-03-10 05:00:00+00:00,5182.2998046875,5182.2998046875,5172.39990234375,5172.5,554
2026-03-10 05:15:00+00:00,5180.10009765625,5183.2001953125,5178.10009765625,5182.2998046875,263
2026-03-10 05:30:00+00:00,5177.7001953125,5183.2001953125,5176.39990234375,5180.60009765625,458
2026-03-10 05:45:00+00:00,5186.7001953125,5188.2001953125,5176.0,5177.60009765625,553
2026-03-10 06:00:00+00:00,5188.39990234375,5190.0,5183.2001953125,5187.2998046875,505
2026-03-10 06:15:00+00:00,5185.2001953125,5188.5,5180.7001953125,5188.5,560
2026-03-10 06:30:00+00:00,5184.39990234375,5188.39990234375,5183.10009765625,5185.60009765625,682
2026-03-10 06:45:00+00:00,5183.60009765625,5186.10009765625,5182.39990234375,5184.7001953125,610
2026-03-10 07:00:00+00:00,5183.60009765625,5188.0,5179.7001953125,5184.10009765625,863
2026-03-10 07:15:00+00:00,5178.7998046875,5186.2998046875,5167.2998046875,5182.7998046875,1468
2026-03-10 07:30:00+00:00,5185.39990234375,5187.60009765625,5174.5,5179.0,1359
2026-03-10 07:45:00+00:00,5190.5,5191.2998046875,5183.89990234375,5185.89990234375,1131
2026-03-10 08:00:00+00:00,5189.10009765625,5195.0,5184.5,5190.60009765625,1673
2026-03-10 08:15:00+00:00,5193.39990234375,5193.5,5185.0,5189.0,1205
2026-03-10 08:30:00+00:00,5198.60009765625,5204.0,5192.2001953125,5193.2998046875,2529
2026-03-10 08:45:00+00:00,5192.5,5203.7998046875,5191.89990234375,5199.10009765625,1946
2026-03-10 09:00:00+00:00,5197.2001953125,5198.39990234375,5189.7001953125,5192.60009765625,1101
2026-03-10 09:15:00+00:00,5196.0,5198.2001953125,5189.7998046875,5197.0,1369
2026-03-10 09:30:00+00:00,5196.7001953125,5197.0,5190.5,5195.60009765625,905
2026-03-10 09:45:00+00:00,5191.7998046875,5198.2001953125,5191.5,5196.5,587
2026-03-10 10:00:00+00:00,5190.2998046875,5193.2998046875,5184.10009765625,5191.5,1709
2026-03-10 10:15:00+00:00,5183.0,5191.0,5182.10009765625,5190.2001953125,851
2026-03-10 10:30:00+00:00,5178.2001953125,5185.7998046875,5165.60009765625,5183.2998046875,2677
2026-03-10 10:45:00+00:00,5186.60009765625,5187.5,5178.0,5178.10009765625,1238
2026-03-10 11:00:00+00:00,5196.60009765625,5201.10009765625,5185.7998046875,5186.60009765625,2144
2026-03-10 11:15:00+00:00,5192.89990234375,5199.89990234375,5189.2998046875,5196.7001953125,1616
2026-03-10 11:30:00+00:00,5183.7001953125,5194.5,5183.0,5192.7998046875,1626
2026-03-10 11:45:00+00:00,5184.2001953125,5188.89990234375,5180.89990234375,5183.5,1390
2026-03-10 12:00:00+00:00,5180.2001953125,5185.7001953125,5171.39990234375,5184.60009765625,1770
2026-03-10 12:15:00+00:00,5188.89990234375,5189.7998046875,5174.39990234375,5179.7998046875,1689
2026-03-10 12:30:00+00:00,5194.7998046875,5195.0,5187.7998046875,5189.10009765625,1513
2026-03-10 12:45:00+00:00,5196.5,5198.89990234375,5189.89990234375,5195.0,1669
2026-03-10 13:00:00+00:00,5210.89990234375,5213.39990234375,5194.89990234375,5196.2001953125,6656
2026-03-10 13:15:00+00:00,5230.7998046875,5238.89990234375,5209.10009765625,5211.0,6713
2026-03-10 13:30:00+00:00,5218.39990234375,5231.7998046875,5216.2998046875,5231.2998046875,4845
2026-03-10 13:45:00+00:00,5214.2001953125,5224.60009765625,5204.60009765625,5218.39990234375,5130
2026-03-10 14:00:00+00:00,5203.89990234375,5218.5,5193.60009765625,5215.39990234375,5420
2026-03-10 14:15:00+00:00,5218.2998046875,5224.0,5203.0,5203.60009765625,4907
2026-03-10 14:30:00+00:00,5215.2001953125,5222.7998046875,5212.0,5217.89990234375,3526
2026-03-10 14:45:00+00:00,5215.7998046875,5221.39990234375,5214.0,5215.7998046875,2600
2026-03-10 15:00:00+00:00,5232.89990234375,5236.0,5212.0,5216.0,5446
2026-03-10 15:15:00+00:00,5235.39990234375,5238.5,5231.5,5233.2998046875,2477
2026-03-10 15:30:00+00:00,5245.7001953125,5246.60009765625,5235.0,5235.39990234375,4230
2026-03-10 15:45:00+00:00,5238.0,5248.7001953125,5236.0,5245.7998046875,4057
2026-03-10 16:00:00+00:00,5233.2998046875,5239.7998046875,5232.2001953125,5238.10009765625,2005
2026-03-10 16:15:00+00:00,5242.10009765625,5245.10009765625,5232.2998046875,5232.89990234375,4640
2026-03-10 16:30:00+00:00,5237.60009765625,5244.0,5236.7001953125,5242.0,2106
2026-03-10 16:45:00+00:00,5236.89990234375,5241.2998046875,5235.10009765625,5237.7001953125,2018
2026-03-10 17:00:00+00:00,5243.5,5244.5,5236.10009765625,5236.89990234375,3522
2026-03-10 17:15:00+00:00,5242.60009765625,5243.60009765625,5232.60009765625,5243.2001953125,6139
2026-03-10 17:30:00+00:00,5237.2001953125,5244.10009765625,5236.89990234375,5242.2998046875,2476
2026-03-10 17:45:00+00:00,5237.10009765625,5241.89990234375,5235.5,5236.89990234375,1199
2026-03-10 18:00:00+00:00,5224.7998046875,5237.2998046875,5224.2001953125,5237.0,2295
2026-03-10 18:15:00+00:00,5211.39990234375,5227.7001953125,5169.0,5225.0,9386
2026-03-10 18:30:00+00:00,5204.7998046875,5217.2001953125,5198.7998046875,5211.60009765625,1610
2026-03-10 18:45:00+00:00,5200.0,5213.7998046875,5199.60009765625,5202.5,1200
2026-03-10 19:00:00+00:00,5206.7998046875,5208.39990234375,5193.0,5200.2998046875,1185
2026-03-10 19:15:00+00:00,5209.0,5216.5,5206.60009765625,5207.0,980
2026-03-10 19:30:00+00:00,5196.0,5209.39990234375,5188.7001953125,5209.2001953125,2566
2026-03-10 19:45:00+00:00,5207.0,5208.0,5196.2001953125,5196.39990234375,1072
2026-03-10 20:00:00+00:00,5206.2001953125,5207.39990234375,5201.7001953125,5206.7001953125,539
2026-03-10 20:15:00+00:00,5203.2998046875,5207.2001953125,5200.2998046875,5206.2001953125,398
2026-03-10 20:30:00+00:00,5206.39990234375,5206.39990234375,5201.5,5203.0,278
2026-03-10 20:45:00+00:00,5198.7001953125,5207.7001953125,5198.5,5206.2998046875,407
2026-03-10 22:00:00+00:00,5199.2998046875,5204.5,5191.2998046875,5194.0,232
2026-03-10 22:15:00+00:00,5199.60009765625,5206.2001953125,5197.2998046875,5198.60009765625,493
2026-03-10 22:30:00+00:00,5200.7998046875,5203.7998046875,5195.2001953125,5198.10009765625,366
2026-03-10 22:45:00+00:00,5196.7001953125,5203.0,5193.60009765625,5200.7998046875,432
2026-03-10 23:00:00+00:00,5199.7001953125,5204.5,5196.39990234375,5197.2001953125,378
2026-03-10 23:15:00+00:00,5201.39990234375,5206.0,5195.2001953125,5199.39990234375,401
2026-03-10 23:30:00+00:00,5198.7998046875,5203.7998046875,5198.2001953125,5201.2998046875,260
2026-03-10 23:45:00+00:00,5204.89990234375,5205.0,5195.39990234375,5199.2998046875,448
2026-03-11 00:00:00+00:00,5199.89990234375,5205.89990234375,5194.0,5205.0,612
2026-03-11 00:15:00+00:00,5219.7998046875,5223.2001953125,5199.2001953125,5199.60009765625,1403
2026-03-11 00:30:00+00:00,5218.7998046875,5220.2001953125,5213.5,5220.2001953125,629
2026-03-11 00:45:00+00:00,5223.10009765625,5227.0,5218.7998046875,5218.7998046875,1127
2026-03-11 01:00:00+00:00,5222.7001953125,5230.7001953125,5219.60009765625,5223.0,1090
2026-03-11 01:15:00+00:00,5222.2998046875,5230.89990234375,5218.2001953125,5222.60009765625,1080
2026-03-11 01:30:00+00:00,5222.2998046875,5227.7001953125,5220.60009765625,5223.2001953125,584
2026-03-11 01:45:00+00:00,5215.89990234375,5225.5,5215.89990234375,5223.0,447
2026-03-11 02:00:00+00:00,5209.2998046875,5217.0,5202.0,5215.89990234375,1475
2026-03-11 02:15:00+00:00,5212.10009765625,5214.5,5208.39990234375,5209.0,530
2026-03-11 02:30:00+00:00,5215.7001953125,5218.0,5209.89990234375,5212.2001953125,769
2026-03-11 02:45:00+00:00,5225.39990234375,5228.7001953125,5215.7998046875,5216.7001953125,1177
2026-03-11 03:00:00+00:00,5221.7998046875,5228.5,5219.89990234375,5225.5,448
2026-03-11 03:15:00+00:00,5212.89990234375,5222.89990234375,5212.89990234375,5221.7001953125,860
2026-03-11 03:30:00+00:00,5215.7998046875,5217.89990234375,5211.7001953125,5212.7998046875,376
2026-03-11 03:45:00+00:00,5211.10009765625,5216.7001953125,5207.5,5216.39990234375,700
2026-03-11 04:00:00+00:00,5214.0,5215.0,5207.89990234375,5211.5,392
2026-03-11 04:15:00+00:00,5215.7001953125,5217.10009765625,5213.0,5214.10009765625,500
2026-03-11 04:30:00+00:00,5214.7998046875,5216.7998046875,5212.5,5215.60009765625,235
2026-03-11 04:45:00+00:00,5212.7998046875,5214.7998046875,5210.2001953125,5214.7998046875,286
2026-03-11 05:00:00+00:00,5212.7998046875,5216.7998046875,5211.7001953125,5212.5,315
2026-03-11 05:15:00+00:00,5208.89990234375,5214.60009765625,5208.39990234375,5212.7001953125,309
2026-03-11 05:30:00+00:00,5209.10009765625,5213.10009765625,5197.7998046875,5208.89990234375,1433
2026-03-11 05:45:00+00:00,5207.60009765625,5209.60009765625,5203.7001953125,5208.39990234375,512
2026-03-11 06:00:00+00:00,5217.0,5218.10009765625,5204.2998046875,5207.2001953125,637
2026-03-11 06:15:00+00:00,5214.2001953125,5218.39990234375,5210.60009765625,5216.7001953125,506
2026-03-11 06:30:00+00:00,5202.7998046875,5213.89990234375,5199.60009765625,5213.7001953125,910
2026-03-11 06:45:00+00:00,5205.7998046875,5206.89990234375,5200.0,5202.2998046875,753
2026-03-11 07:00:00+00:00,5206.39990234375,5209.7998046875,5202.7998046875,5205.0,1202
2026-03-11 07:15:00+00:00,5205.2001953125,5207.7998046875,5203.2001953125,5206.89990234375,884
2026-03-11 07:30:00+00:00,5198.89990234375,5206.39990234375,5192.10009765625,5206.0,1967
2026-03-11 07:45:00+00:00,5203.7001953125,5205.7998046875,5197.60009765625,5199.10009765625,1195
2026-03-11 08:00:00+00:00,5206.2998046875,5206.7001953125,5196.10009765625,5203.2998046875,812
2026-03-11 08:15:00+00:00,5193.10009765625,5205.89990234375,5188.5,5205.89990234375,1512
2026-03-11 08:30:00+00:00,5189.39990234375,5195.2001953125,5183.2998046875,5192.60009765625,2292
2026-03-11 08:45:00+00:00,5195.2001953125,5196.10009765625,5187.0,5189.10009765625,1041
2026-03-11 09:00:00+00:00,5191.60009765625,5195.7998046875,5187.10009765625,5194.89990234375,900
2026-03-11 09:15:00+00:00,5195.2998046875,5198.0,5191.39990234375,5191.39990234375,1235
2026-03-11 09:30:00+00:00,5199.5,5205.10009765625,5194.89990234375,5194.89990234375,1128
2026-03-11 09:45:00+00:00,5195.7001953125,5202.60009765625,5194.39990234375,5199.7001953125,1199
2026-03-11 10:00:00+00:00,5201.2001953125,5203.0,5194.2998046875,5195.7998046875,1080
2026-03-11 10:15:00+00:00,5199.7998046875,5203.0,5197.2998046875,5201.39990234375,704
2026-03-11 10:30:00+00:00,5187.10009765625,5200.10009765625,5184.7998046875,5199.89990234375,2162
2026-03-11 10:45:00+00:00,5194.10009765625,5198.89990234375,5184.7998046875,5186.7998046875,980
2026-03-11 11:00:00+00:00,5195.2001953125,5201.10009765625,5192.0,5194.2998046875,1301
2026-03-11 11:15:00+00:00,5188.7998046875,5197.5,5187.2001953125,5195.5,1073
2026-03-11 11:30:00+00:00,5193.0,5198.60009765625,5187.7998046875,5188.60009765625,1296
2026-03-11 11:45:00+00:00,5189.2001953125,5196.60009765625,5182.2998046875,5192.7998046875,1155
2026-03-11 12:00:00+00:00,5199.2998046875,5201.5,5185.5,5188.7001953125,1842
2026-03-11 12:15:00+00:00,5199.7001953125,5203.39990234375,5195.7001953125,5199.60009765625,1503
2026-03-11 12:30:00+00:00,5187.7998046875,5207.5,5180.2001953125,5200.39990234375,3290
2026-03-11 12:45:00+00:00,5175.10009765625,5188.2001953125,5172.0,5187.5,2813
2026-03-11 13:00:00+00:00,5185.2998046875,5189.5,5169.10009765625,5174.7001953125,3393
2026-03-11 13:15:00+00:00,5189.2998046875,5191.10009765625,5183.39990234375,5185.0,1258
2026-03-11 13:30:00+00:00,5172.7001953125,5189.0,5172.0,5189.0,3340
2026-03-11 13:45:00+00:00,5184.2998046875,5184.89990234375,5155.89990234375,5172.39990234375,6352
2026-03-11 14:00:00+00:00,5197.0,5197.60009765625,5182.2001953125,5184.0,3980
2026-03-11 14:15:00+00:00,5201.89990234375,5203.7998046875,5189.5,5197.39990234375,2979
2026-03-11 14:30:00+00:00,5191.0,5204.2998046875,5181.7998046875,5201.89990234375,3072
2026-03-11 14:45:00+00:00,5190.7998046875,5201.39990234375,5188.0,5190.60009765625,3608
2026-03-11 15:00:00+00:00,5177.7998046875,5193.7998046875,5177.7001953125,5190.7001953125,3465
2026-03-11 15:15:00+00:00,5180.10009765625,5187.0,5175.5,5177.7998046875,2182
2026-03-11 15:30:00+00:00,5176.60009765625,5181.5,5173.7998046875,5179.60009765625,3193
2026-03-11 15:45:00+00:00,5173.39990234375,5182.7001953125,5169.89990234375,5176.60009765625,1306
2026-03-11 16:00:00+00:00,5179.7998046875,5180.0,5170.7998046875,5173.39990234375,1962
2026-03-11 16:15:00+00:00,5174.2998046875,5179.7001953125,5171.60009765625,5179.7001953125,1473
2026-03-11 16:30:00+00:00,5181.7001953125,5184.39990234375,5173.2998046875,5174.0,1570
2026-03-11 16:45:00+00:00,5183.10009765625,5185.5,5177.7998046875,5181.7998046875,1388
2026-03-11 17:00:00+00:00,5183.2998046875,5188.5,5181.7001953125,5183.2998046875,2877
2026-03-11 17:15:00+00:00,5179.39990234375,5185.7998046875,5177.0,5183.2001953125,8739
2026-03-11 17:30:00+00:00,5170.2001953125,5179.89990234375,5158.39990234375,5179.39990234375,7229
2026-03-11 17:45:00+00:00,5176.60009765625,5177.10009765625,5168.2998046875,5170.2998046875,1245
2026-03-11 18:00:00+00:00,5179.60009765625,5182.2998046875,5176.2001953125,5176.60009765625,894
2026-03-11 18:15:00+00:00,5185.39990234375,5186.10009765625,5179.2998046875,5179.39990234375,1654
2026-03-11 18:30:00+00:00,5185.2001953125,5186.2998046875,5184.2001953125,5185.39990234375,773
2026-03-11 18:45:00+00:00,5180.10009765625,5186.0,5178.10009765625,5185.2001953125,594
2026-03-11 19:00:00+00:00,5179.89990234375,5181.7998046875,5176.89990234375,5180.2001953125,607
2026-03-11 19:15:00+00:00,5184.7001953125,5185.5,5179.60009765625,5179.7001953125,411
2026-03-11 19:30:00+00:00,5187.2001953125,5187.7998046875,5183.60009765625,5185.2998046875,504
2026-03-11 19:45:00+00:00,5191.0,5191.2001953125,5184.60009765625,5187.39990234375,744
2026-03-11 20:00:00+00:00,5186.10009765625,5191.5,5184.5,5190.7998046875,422
2026-03-11 20:15:00+00:00,5185.60009765625,5187.10009765625,5182.89990234375,5185.7998046875,424
2026-03-11 20:30:00+00:00,5184.10009765625,5185.7998046875,5183.7001953125,5185.7001953125,177
2026-03-11 20:45:00+00:00,5183.89990234375,5186.2001953125,5183.10009765625,5184.0,273
2026-03-11 22:00:00+00:00,5181.5,5189.7998046875,5169.7998046875,5185.39990234375,447
2026-03-11 22:15:00+00:00,5175.2998046875,5182.7998046875,5171.39990234375,5181.60009765625,382
2026-03-11 22:30:00+00:00,5163.7998046875,5175.2001953125,5158.60009765625,5175.2001953125,828
2026-03-11 22:45:00+00:00,5144.7998046875,5174.2001953125,5135.0,5164.2998046875,1740
2026-03-11 23:00:00+00:00,5157.5,5160.2998046875,5141.0,5144.5,1056
2026-03-11 23:15:00+00:00,5161.7001953125,5162.7998046875,5156.5,5158.7001953125,364
2026-03-11 23:30:00+00:00,5152.10009765625,5163.89990234375,5151.2998046875,5161.60009765625,591
2026-03-11 23:45:00+00:00,5140.0,5152.0,5138.7998046875,5151.7001953125,944
2026-03-12 00:00:00+00:00,5143.89990234375,5147.7998046875,5130.0,5139.39990234375,1713
2026-03-12 00:15:00+00:00,5159.0,5164.10009765625,5144.89990234375,5144.89990234375,1117
2026-03-12 00:30:00+00:00,5159.60009765625,5168.0,5157.39990234375,5158.2998046875,961
2026-03-12 00:45:00+00:00,5158.10009765625,5161.39990234375,5155.60009765625,5159.60009765625,547
2026-03-12 01:00:00+00:00,5162.0,5171.89990234375,5156.7998046875,5158.2001953125,1609
2026-03-12 01:15:00+00:00,5161.2998046875,5166.10009765625,5156.2001953125,5162.5,726
2026-03-12 01:30:00+00:00,5175.10009765625,5175.7001953125,5159.10009765625,5162.89990234375,1211
2026-03-12 01:45:00+00:00,5174.39990234375,5178.39990234375,5169.5,5174.7998046875,933
2026-03-12 02:00:00+00:00,5179.39990234375,5180.0,5172.5,5173.7001953125,584
2026-03-12 02:15:00+00:00,5173.39990234375,5180.60009765625,5172.2001953125,5178.7001953125,818
2026-03-12 02:30:00+00:00,5162.10009765625,5176.89990234375,5160.2998046875,5173.2998046875,1360
2026-03-12 02:45:00+00:00,5156.0,5163.2001953125,5150.5,5163.0,1691
2026-03-12 03:00:00+00:00,5159.0,5160.5,5153.60009765625,5155.7001953125,702
2026-03-12 03:15:00+00:00,5156.2001953125,5159.7001953125,5152.0,5158.89990234375,1005
2026-03-12 03:30:00+00:00,5157.39990234375,5158.7001953125,5152.7998046875,5156.0,561
2026-03-12 03:45:00+00:00,5158.2001953125,5159.60009765625,5156.2001953125,5157.5,275
2026-03-12 04:00:00+00:00,5157.39990234375,5158.39990234375,5155.0,5158.39990234375,158
2026-03-12 04:15:00+00:00,5157.60009765625,5159.2001953125,5155.2001953125,5157.39990234375,434
2026-03-12 04:30:00+00:00,5148.60009765625,5157.39990234375,5148.60009765625,5157.10009765625,669
2026-03-12 04:45:00+00:00,5147.39990234375,5151.60009765625,5145.2998046875,5148.89990234375,514
2026-03-12 05:00:00+00:00,5151.2001953125,5153.7998046875,5146.10009765625,5147.60009765625,560
2026-03-12 05:15:00+00:00,5147.2001953125,5153.7998046875,5142.0,5150.7998046875,600
2026-03-12 05:30:00+00:00,5158.5,5159.7998046875,5145.7001953125,5147.89990234375,644
2026-03-12 05:45:00+00:00,5159.7001953125,5162.5,5156.7998046875,5157.89990234375,665
2026-03-12 06:00:00+00:00,5159.7998046875,5163.10009765625,5156.7001953125,5159.60009765625,396
2026-03-12 06:15:00+00:00,5161.7001953125,5162.7001953125,5152.7001953125,5159.0,512
2026-03-12 06:30:00+00:00,5174.2998046875,5175.5,5161.10009765625,5162.0,1206
2026-03-12 06:45:00+00:00,5172.60009765625,5176.2001953125,5170.7998046875,5174.39990234375,1014
2026-03-12 07:00:00+00:00,5175.7998046875,5176.2998046875,5170.2998046875,5171.89990234375,668
2026-03-12 07:15:00+00:00,5174.7998046875,5176.2998046875,5171.7001953125,5175.7998046875,945
2026-03-12 07:30:00+00:00,5184.5,5185.60009765625,5174.0,5174.7001953125,1299
2026-03-12 07:45:00+00:00,5188.39990234375,5190.89990234375,5181.89990234375,5184.89990234375,1180
2026-03-12 08:00:00+00:00,5187.89990234375,5195.89990234375,5186.7998046875,5188.2001953125,1764
2026-03-12 08:15:00+00:00,5183.89990234375,5190.89990234375,5183.2998046875,5187.7001953125,1068
2026-03-12 08:30:00+00:00,5187.39990234375,5188.2001953125,5183.89990234375,5183.89990234375,629
2026-03-12 08:45:00+00:00,5184.39990234375,5189.2001953125,5181.39990234375,5187.60009765625,734
2026-03-12 09:00:00+00:00,5182.2001953125,5187.39990234375,5181.60009765625,5184.60009765625,1113
2026-03-12 09:15:00+00:00,5186.0,5187.39990234375,5179.7998046875,5182.39990234375,1163
2026-03-12 09:30:00+00:00,5190.89990234375,5193.5,5186.2001953125,5186.2001953125,970
2026-03-12 09:45:00+00:00,5194.2001953125,5196.2001953125,5189.0,5191.0,1202
2026-03-12 10:00:00+00:00,5193.39990234375,5197.7998046875,5192.7998046875,5194.10009765625,1173
2026-03-12 10:15:00+00:00,5186.2001953125,5193.60009765625,5186.0,5193.5,847
2026-03-12 10:30:00+00:00,5187.2998046875,5189.60009765625,5181.7998046875,5186.60009765625,1936
2026-03-12 10:45:00+00:00,5188.2001953125,5189.60009765625,5184.2001953125,5188.10009765625,1019
2026-03-12 11:00:00+00:00,5185.2001953125,5189.60009765625,5184.2001953125,5187.89990234375,366
2026-03-12 11:15:00+00:00,5182.39990234375,5185.5,5178.60009765625,5184.89990234375,738
2026-03-12 11:30:00+00:00,5186.60009765625,5186.7001953125,5181.2998046875,5182.7001953125,632
2026-03-12 11:45:00+00:00,5184.7998046875,5187.5,5182.5,5187.10009765625,713
2026-03-12 12:00:00+00:00,5174.7998046875,5186.2001953125,5173.10009765625,5185.0,1539
2026-03-12 12:15:00+00:00,5179.39990234375,5179.39990234375,5168.5,5174.5,2225
2026-03-12 12:30:00+00:00,5180.2998046875,5182.7998046875,5174.39990234375,5179.39990234375,1806
2026-03-12 12:45:00+00:00,5187.7001953125,5192.2998046875,5180.2998046875,5180.2998046875,2372
2026-03-12 13:00:00+00:00,5190.89990234375,5192.5,5185.2998046875,5187.5,2537
2026-03-12 13:15:00+00:00,5177.2998046875,5191.39990234375,5164.7998046875,5191.39990234375,3120
2026-03-12 13:30:00+00:00,5166.5,5177.60009765625,5161.7001953125,5177.60009765625,4193
2026-03-12 13:45:00+00:00,5157.39990234375,5166.2998046875,5152.10009765625,5165.2998046875,3141
2026-03-12 14:00:00+00:00,5166.89990234375,5170.2001953125,5156.0,5157.0,2427
2026-03-12 14:15:00+00:00,5159.10009765625,5169.7001953125,5156.2001953125,5168.0,2055
2026-03-12 14:30:00+00:00,5155.2001953125,5160.7001953125,5145.7998046875,5158.5,2864
2026-03-12 14:45:00+00:00,5148.7998046875,5160.0,5144.2001953125,5154.89990234375,2982
2026-03-12 15:00:00+00:00,5129.89990234375,5150.89990234375,5114.60009765625,5148.60009765625,7889
2026-03-12 15:15:00+00:00,5134.7001953125,5138.2001953125,5123.2001953125,5130.2001953125,2471
2026-03-12 15:30:00+00:00,5137.0,5140.5,5124.39990234375,5134.7001953125,3532
2026-03-12 15:45:00+00:00,5138.0,5141.0,5131.5,5137.2001953125,2167
2026-03-12 16:00:00+00:00,5133.89990234375,5141.10009765625,5126.7998046875,5138.10009765625,2106
2026-03-12 16:15:00+00:00,5137.5,5144.0,5133.60009765625,5134.60009765625,3156
2026-03-12 16:30:00+00:00,5141.39990234375,5144.2998046875,5131.0,5137.7998046875,2999
2026-03-12 16:45:00+00:00,5130.10009765625,5141.7001953125,5128.2998046875,5141.5,1909
2026-03-12 17:00:00+00:00,5128.60009765625,5136.5,5127.5,5129.89990234375,1621
2026-03-12 17:15:00+00:00,5126.0,5129.89990234375,5120.10009765625,5128.60009765625,5915
2026-03-12 17:30:00+00:00,5117.0,5127.0,5111.7001953125,5126.10009765625,4386
2026-03-12 17:45:00+00:00,5112.39990234375,5119.2998046875,5109.0,5117.2998046875,1989
2026-03-12 18:00:00+00:00,5114.0,5119.5,5111.7001953125,5111.89990234375,1719
2026-03-12 18:15:00+00:00,5111.2001953125,5117.5,5107.60009765625,5114.2001953125,1270
2026-03-12 18:30:00+00:00,5104.5,5110.89990234375,5103.39990234375,5110.7998046875,1544
2026-03-12 18:45:00+00:00,5100.0,5105.2001953125,5095.2998046875,5104.2001953125,2345
2026-03-12 19:00:00+00:00,5090.60009765625,5101.0,5084.5,5100.2001953125,2682
2026-03-12 19:15:00+00:00,5099.5,5101.5,5086.89990234375,5091.0,1582
2026-03-12 19:30:00+00:00,5098.2998046875,5102.89990234375,5097.0,5099.2998046875,919
2026-03-12 19:45:00+00:00,5091.7001953125,5102.7001953125,5088.39990234375,5098.0,1847
2026-03-12 20:00:00+00:00,5091.89990234375,5097.60009765625,5091.10009765625,5092.0,654
2026-03-12 20:15:00+00:00,5077.39990234375,5095.60009765625,5076.7998046875,5091.7998046875,2455
2026-03-12 20:30:00+00:00,5077.0,5077.60009765625,5058.2001953125,5077.39990234375,4062
2026-03-12 20:45:00+00:00,5084.10009765625,5086.39990234375,5076.7998046875,5076.89990234375,1080
2026-03-12 22:00:00+00:00,5084.5,5090.5,5074.60009765625,5084.0,445
2026-03-12 22:15:00+00:00,5096.2001953125,5098.89990234375,5084.10009765625,5084.2998046875,931
2026-03-12 22:30:00+00:00,5092.60009765625,5095.7001953125,5088.89990234375,5095.39990234375,296
2026-03-12 22:45:00+00:00,5099.10009765625,5099.2998046875,5091.7001953125,5093.5,297
2026-03-12 23:00:00+00:00,5094.2001953125,5099.7998046875,5092.60009765625,5099.60009765625,624
2026-03-12 23:15:00+00:00,5097.7001953125,5102.7998046875,5094.0,5094.0,669
2026-03-12 23:30:00+00:00,5098.0,5101.7001953125,5095.39990234375,5097.39990234375,1006
2026-03-12 23:45:00+00:00,5101.5,5104.39990234375,5097.7001953125,5097.7001953125,465
2026-03-13 00:00:00+00:00,5109.10009765625,5111.5,5100.39990234375,5101.0,1150
2026-03-13 00:15:00+00:00,5109.7998046875,5112.0,5107.2998046875,5109.10009765625,660
2026-03-13 00:30:00+00:00,5111.0,5113.7001953125,5109.39990234375,5109.39990234375,830
2026-03-13 00:45:00+00:00,5116.60009765625,5118.10009765625,5110.39990234375,5110.7998046875,824
2026-03-13 01:00:00+00:00,5122.39990234375,5124.60009765625,5116.2998046875,5116.7001953125,2046
2026-03-13 01:15:00+00:00,5122.0,5123.89990234375,5116.89990234375,5122.89990234375,1444
2026-03-13 01:30:00+00:00,5115.39990234375,5125.2001953125,5113.39990234375,5122.2998046875,1650
2026-03-13 01:45:00+00:00,5128.5,5128.5,5111.39990234375,5115.5,2195
2026-03-13 02:00:00+00:00,5127.2998046875,5132.39990234375,5126.5,5127.89990234375,1164
2026-03-13 02:15:00+00:00,5126.2001953125,5127.2001953125,5118.2998046875,5126.89990234375,1192
2026-03-13 02:30:00+00:00,5122.2001953125,5126.0,5119.7998046875,5126.0,477
2026-03-13 02:45:00+00:00,5115.39990234375,5122.39990234375,5113.7001953125,5122.0,869
2026-03-13 03:00:00+00:00,5113.7001953125,5119.5,5112.39990234375,5115.7998046875,941
2026-03-13 03:15:00+00:00,5113.5,5117.60009765625,5111.2998046875,5114.60009765625,466
2026-03-13 03:30:00+00:00,5114.2998046875,5115.39990234375,5109.39990234375,5113.7001953125,414
2026-03-13 03:45:00+00:00,5119.2001953125,5120.0,5113.89990234375,5114.0,508
2026-03-13 04:00:00+00:00,5117.60009765625,5121.10009765625,5115.7001953125,5118.89990234375,706
2026-03-13 04:15:00+00:00,5107.7001953125,5117.7001953125,5106.7998046875,5117.39990234375,385
2026-03-13 04:30:00+00:00,5107.5,5110.2998046875,5105.5,5108.89990234375,574
2026-03-13 04:45:00+00:00,5107.10009765625,5109.60009765625,5105.7998046875,5107.60009765625,372
2026-03-13 05:00:00+00:00,5112.0,5112.2001953125,5105.7001953125,5107.39990234375,842
2026-03-13 05:15:00+00:00,5108.89990234375,5113.60009765625,5107.89990234375,5111.60009765625,505
2026-03-13 05:30:00+00:00,5103.2001953125,5114.89990234375,5102.39990234375,5109.10009765625,1345
2026-03-13 05:45:00+00:00,5106.2001953125,5108.60009765625,5100.60009765625,5103.7001953125,1376
2026-03-13 06:00:00+00:00,5107.60009765625,5111.2998046875,5104.89990234375,5106.10009765625,933
2026-03-13 06:15:00+00:00,5099.10009765625,5107.89990234375,5092.0,5107.2998046875,1823
2026-03-13 06:30:00+00:00,5094.89990234375,5101.89990234375,5091.7001953125,5099.10009765625,1428
2026-03-13 06:45:00+00:00,5092.2001953125,5098.7001953125,5088.60009765625,5095.60009765625,1201
2026-03-13 07:00:00+00:00,5094.10009765625,5098.2998046875,5087.2001953125,5092.2001953125,1061
2026-03-13 07:15:00+00:00,5089.10009765625,5094.5,5075.5,5094.10009765625,2326
2026-03-13 07:30:00+00:00,5093.89990234375,5097.39990234375,5088.0,5089.2001953125,1187
2026-03-13 07:45:00+00:00,5089.5,5096.89990234375,5086.60009765625,5093.39990234375,1061
2026-03-13 08:00:00+00:00,5082.5,5089.7998046875,5070.7001953125,5089.7998046875,1986
2026-03-13 08:15:00+00:00,5075.0,5083.89990234375,5066.0,5082.2001953125,1954
2026-03-13 08:30:00+00:00,5081.2001953125,5088.89990234375,5074.89990234375,5074.89990234375,1663
2026-03-13 08:45:00+00:00,5092.2001953125,5092.7998046875,5080.2998046875,5080.60009765625,1010
2026-03-13 09:00:00+00:00,5097.39990234375,5101.89990234375,5091.0,5092.2998046875,1472
2026-03-13 09:15:00+00:00,5096.60009765625,5098.0,5088.7998046875,5097.39990234375,1076
2026-03-13 09:30:00+00:00,5089.89990234375,5097.60009765625,5087.89990234375,5096.89990234375,888
2026-03-13 09:45:00+00:00,5094.2998046875,5098.7001953125,5089.2998046875,5089.89990234375,667
2026-03-13 10:00:00+00:00,5098.2001953125,5098.2001953125,5090.39990234375,5094.0,782
2026-03-13 10:15:00+00:00,5094.2001953125,5101.39990234375,5093.0,5098.2001953125,795
2026-03-13 10:30:00+00:00,5092.2998046875,5094.39990234375,5085.0,5093.89990234375,1668
2026-03-13 10:45:00+00:00,5099.60009765625,5103.39990234375,5089.2998046875,5092.2998046875,1316
2026-03-13 11:00:00+00:00,5095.89990234375,5102.39990234375,5091.10009765625,5099.89990234375,1288
2026-03-13 11:15:00+00:00,5100.60009765625,5102.5,5094.10009765625,5095.39990234375,1074
2026-03-13 11:30:00+00:00,5099.2001953125,5101.10009765625,5096.89990234375,5100.89990234375,838
2026-03-13 11:45:00+00:00,5112.89990234375,5112.89990234375,5096.89990234375,5100.10009765625,1628
2026-03-13 12:00:00+00:00,5114.2998046875,5124.2001953125,5112.7001953125,5113.0,2235
2026-03-13 12:15:00+00:00,5119.60009765625,5121.2001953125,5109.7998046875,5113.89990234375,1611
2026-03-13 12:30:00+00:00,5118.2998046875,5122.89990234375,5114.39990234375,5121.7998046875,1670
2026-03-13 12:45:00+00:00,5124.39990234375,5128.5,5117.5,5118.60009765625,2145
2026-03-13 13:00:00+00:00,5118.7001953125,5127.89990234375,5116.10009765625,5124.60009765625,2295
2026-03-13 13:15:00+00:00,5114.60009765625,5121.10009765625,5113.2998046875,5118.89990234375,1185
2026-03-13 13:30:00+00:00,5118.10009765625,5118.5,5102.10009765625,5114.2998046875,3083
2026-03-13 13:45:00+00:00,5107.5,5123.2001953125,5105.2998046875,5118.10009765625,2355
2026-03-13 14:00:00+00:00,5095.2001953125,5114.10009765625,5095.2001953125,5107.10009765625,2941
2026-03-13 14:15:00+00:00,5094.5,5100.2998046875,5088.39990234375,5095.5,2759
2026-03-13 14:30:00+00:00,5084.5,5097.2998046875,5079.39990234375,5094.2998046875,3051
2026-03-13 14:45:00+00:00,5045.7998046875,5084.39990234375,5039.2998046875,5084.2001953125,8826
2026-03-13 15:00:00+00:00,5074.2001953125,5076.0,5042.2001953125,5045.89990234375,7946
2026-03-13 15:15:00+00:00,5067.7001953125,5076.2001953125,5061.5,5073.7001953125,2797
2026-03-13 15:30:00+00:00,5051.89990234375,5072.7998046875,5046.5,5067.2998046875,3223
2026-03-13 15:45:00+00:00,5039.10009765625,5062.10009765625,5032.2001953125,5050.89990234375,6634
2026-03-13 16:00:00+00:00,5036.39990234375,5045.10009765625,5022.7998046875,5038.7998046875,7124
2026-03-13 16:15:00+00:00,5044.7998046875,5045.89990234375,5034.2998046875,5035.7001953125,2770
2026-03-13 16:30:00+00:00,5048.60009765625,5057.0,5044.2001953125,5045.2001953125,2464
2026-03-13 16:45:00+00:00,5050.60009765625,5056.0,5045.60009765625,5049.39990234375,1605
2026-03-13 17:00:00+00:00,5061.0,5061.39990234375,5047.7001953125,5050.10009765625,1912
2026-03-13 17:15:00+00:00,5060.5,5066.2998046875,5056.10009765625,5061.5,5416
2026-03-13 17:30:00+00:00,5057.89990234375,5068.10009765625,5055.5,5060.7998046875,1526
2026-03-13 17:45:00+00:00,5050.89990234375,5059.7001953125,5047.5,5057.7001953125,1062
2026-03-13 18:00:00+00:00,5046.60009765625,5056.0,5045.2001953125,5050.7998046875,1016
2026-03-13 18:15:00+00:00,5046.10009765625,5050.5,5040.7001953125,5047.2998046875,1166
2026-03-13 18:30:00+00:00,5048.89990234375,5053.60009765625,5044.7998046875,5045.7001953125,1324
2026-03-13 18:45:00+00:00,5050.89990234375,5050.89990234375,5045.7001953125,5048.5,1066
2026-03-13 19:00:00+00:00,5044.39990234375,5054.2001953125,5038.2998046875,5050.89990234375,2334
2026-03-13 19:15:00+00:00,5040.0,5045.0,5036.89990234375,5044.89990234375,1588
2026-03-13 19:30:00+00:00,5029.7001953125,5041.39990234375,5026.7998046875,5040.0,1480
2026-03-13 19:45:00+00:00,5022.0,5029.7001953125,5014.10009765625,5029.7001953125,3575
2026-03-13 20:00:00+00:00,5021.5,5026.60009765625,5017.2001953125,5022.2998046875,1191
2026-03-13 20:15:00+00:00,5018.7998046875,5026.2998046875,5017.0,5021.39990234375,1046
2026-03-13 20:30:00+00:00,5029.10009765625,5030.0,5017.7001953125,5018.5,853
2026-03-13 20:45:00+00:00,5023.10009765625,5029.2001953125,5021.10009765625,5028.89990234375,934
2026-03-15 22:00:00+00:00,5026.89990234375,5029.89990234375,5022.10009765625,5027.60009765625,215
2026-03-15 22:15:00+00:00,5016.5,5027.2998046875,5003.0,5027.0,1227
2026-03-15 22:30:00+00:00,5013.7998046875,5021.5,5011.10009765625,5015.7001953125,1079
2026-03-15 22:45:00+00:00,5028.7998046875,5029.39990234375,5013.5,5013.5,600
2026-03-15 23:00:00+00:00,5010.10009765625,5030.0,5004.5,5028.0,1088
2026-03-15 23:15:00+00:00,4992.7998046875,5011.2998046875,4970.10009765625,5010.5,3113
2026-03-15 23:30:00+00:00,4988.39990234375,4996.0,4982.10009765625,4993.60009765625,857
2026-03-15 23:45:00+00:00,5000.60009765625,5002.2001953125,4975.2998046875,4987.89990234375,1393
2026-03-16 00:00:00+00:00,5027.2998046875,5032.89990234375,5000.0,5001.10009765625,2354
2026-03-16 00:15:00+00:00,5019.7998046875,5027.89990234375,5018.2998046875,5027.2001953125,623
2026-03-16 00:30:00+00:00,5032.0,5035.39990234375,5018.7001953125,5021.7998046875,1657
2026-03-16 00:45:00+00:00,5030.39990234375,5035.0,5021.2998046875,5031.89990234375,870
2026-03-16 01:00:00+00:00,4990.2001953125,5031.5,4990.0,5031.5,2330
2026-03-16 01:15:00+00:00,4992.2998046875,5009.89990234375,4986.0,4990.0,1935
2026-03-16 01:30:00+00:00,5008.2001953125,5009.2998046875,4986.10009765625,4992.2998046875,1368
2026-03-16 01:45:00+00:00,5020.0,5020.2001953125,5007.10009765625,5008.7001953125,862
2026-03-16 02:00:00+00:00,5018.0,5022.7001953125,5013.5,5019.39990234375,657
2026-03-16 02:15:00+00:00,5016.5,5022.0,5013.60009765625,5018.0,675
2026-03-16 02:30:00+00:00,5009.60009765625,5016.7001953125,5005.89990234375,5016.0,878
2026-03-16 02:45:00+00:00,5006.60009765625,5012.39990234375,5001.39990234375,5009.10009765625,744
2026-03-16 03:00:00+00:00,5001.7998046875,5010.60009765625,5001.5,5007.2001953125,880
2026-03-16 03:15:00+00:00,5014.0,5015.0,5001.39990234375,5002.2001953125,478
2026-03-16 03:30:00+00:00,5022.2001953125,5022.60009765625,5013.7001953125,5014.60009765625,634
2026-03-16 03:45:00+00:00,5022.5,5024.2998046875,5019.39990234375,5022.60009765625,361
2026-03-16 04:00:00+00:00,5027.89990234375,5029.89990234375,5022.7998046875,5023.2001953125,650
2026-03-16 04:15:00+00:00,5025.5,5030.10009765625,5024.39990234375,5028.2001953125,360
2026-03-16 04:30:00+00:00,5020.60009765625,5028.7998046875,5018.5,5025.5,411
2026-03-16 04:45:00+00:00,5016.5,5021.0,5016.0,5020.10009765625,135
2026-03-16 05:00:00+00:00,5016.0,5020.0,5014.7998046875,5016.39990234375,288
2026-03-16 05:15:00+00:00,5014.89990234375,5017.2001953125,5011.7998046875,5017.2001953125,511
2026-03-16 05:30:00+00:00,5020.10009765625,5021.60009765625,5006.89990234375,5014.2998046875,865
2026-03-16 05:45:00+00:00,5021.10009765625,5024.0,5019.39990234375,5019.7998046875,535
2026-03-16 06:00:00+00:00,5030.7998046875,5031.60009765625,5016.7998046875,5021.0,1176
2026-03-16 06:15:00+00:00,5031.5,5039.7998046875,5029.39990234375,5030.7001953125,1311
2026-03-16 06:30:00+00:00,5026.60009765625,5033.2001953125,5024.5,5031.7998046875,797
2026-03-16 06:45:00+00:00,5016.2001953125,5026.7001953125,5008.5,5026.0,1935
2026-03-16 07:00:00+00:00,5013.60009765625,5020.0,5013.2998046875,5016.10009765625,644
2026-03-16 07:15:00+00:00,5006.60009765625,5013.2998046875,5002.5,5013.0,2262
2026-03-16 07:30:00+00:00,4995.7001953125,5011.7001953125,4992.89990234375,5007.2998046875,2840
2026-03-16 07:45:00+00:00,4998.89990234375,5003.60009765625,4996.2001953125,4996.2001953125,1110
2026-03-16 08:00:00+00:00,4993.10009765625,5004.7001953125,4991.60009765625,4998.7001953125,2251
2026-03-16 08:15:00+00:00,5001.2001953125,5008.0,4991.60009765625,4992.7001953125,2549
2026-03-16 08:30:00+00:00,4990.7998046875,5002.5,4988.2001953125,5001.10009765625,1848
2026-03-16 08:45:00+00:00,4995.0,5001.5,4989.2001953125,4990.39990234375,1420
2026-03-16 09:00:00+00:00,4988.60009765625,4995.0,4983.5,4994.10009765625,3649
2026-03-16 09:15:00+00:00,4992.39990234375,4994.2001953125,4987.5,4988.2001953125,1285
2026-03-16 09:30:00+00:00,4985.7001953125,4995.60009765625,4985.10009765625,4992.7001953125,2381
2026-03-16 09:45:00+00:00,4979.39990234375,4989.2998046875,4976.5,4985.2001953125,2266
2026-03-16 10:00:00+00:00,4980.7001953125,4983.7001953125,4973.5,4979.7001953125,1843
2026-03-16 10:15:00+00:00,4990.7001953125,4995.7001953125,4980.2001953125,4980.2998046875,1994
2026-03-16 10:30:00+00:00,4990.39990234375,4994.2998046875,4985.0,4991.5,1884
2026-03-16 10:45:00+00:00,5004.2001953125,5005.2998046875,4988.7001953125,4990.0,2139
2026-03-16 11:00:00+00:00,5007.7001953125,5013.10009765625,5001.0,5004.2998046875,1773
2026-03-16 11:15:00+00:00,5024.10009765625,5028.2001953125,5007.89990234375,5008.0,2763
2026-03-16 11:30:00+00:00,5020.7998046875,5025.2998046875,5018.5,5024.10009765625,1257
2026-03-16 11:45:00+00:00,5001.89990234375,5023.5,4996.7998046875,5020.89990234375,3556
2026-03-16 12:00:00+00:00,5010.60009765625,5012.0,4999.5,5001.7001953125,1740
2026-03-16 12:15:00+00:00,5028.2998046875,5030.60009765625,5007.89990234375,5010.39990234375,5525
2026-03-16 12:30:00+00:00,5027.2998046875,5033.5,5024.0,5028.2001953125,2756
2026-03-16 12:45:00+00:00,5024.89990234375,5027.60009765625,5016.2001953125,5027.5,3032
2026-03-16 13:00:00+00:00,5027.7001953125,5028.7998046875,5018.7998046875,5025.39990234375,1738
2026-03-16 13:15:00+00:00,5027.0,5036.5,5024.2001953125,5027.7998046875,4218
2026-03-16 13:30:00+00:00,5038.0,5041.2998046875,5023.39990234375,5027.10009765625,3485
2026-03-16 13:45:00+00:00,5035.7001953125,5039.89990234375,5029.0,5037.5,3467
2026-03-16 14:00:00+00:00,5034.10009765625,5044.5,5033.0,5035.7998046875,3750
2026-03-16 14:15:00+00:00,5020.39990234375,5036.0,5020.39990234375,5034.7001953125,3034
2026-03-16 14:30:00+00:00,5006.39990234375,5021.2001953125,5005.5,5020.39990234375,3993
2026-03-16 14:45:00+00:00,5000.7998046875,5007.60009765625,4992.10009765625,5006.5,5380
2026-03-16 15:00:00+00:00,5003.60009765625,5007.5,4994.7001953125,5000.39990234375,5285
2026-03-16 15:15:00+00:00,4997.0,5010.89990234375,4988.5,5003.2001953125,3480
2026-03-16 15:30:00+00:00,5001.89990234375,5008.7001953125,4995.2001953125,4996.7001953125,2976
2026-03-16 15:45:00+00:00,4991.89990234375,5004.2001953125,4988.60009765625,5001.7001953125,3038
2026-03-16 16:00:00+00:00,5001.7001953125,5004.2001953125,4990.5,4991.5,1582
2026-03-16 16:15:00+00:00,4984.5,5003.39990234375,4982.7998046875,5001.2998046875,3121
2026-03-16 16:30:00+00:00,4992.60009765625,4995.10009765625,4978.60009765625,4985.0,3361
2026-03-16 16:45:00+00:00,4995.89990234375,4998.2001953125,4988.2001953125,4992.2001953125,1400
2026-03-16 17:00:00+00:00,5007.7998046875,5009.60009765625,4995.89990234375,4996.10009765625,2484
2026-03-16 17:15:00+00:00,5001.60009765625,5008.5,5000.0,5007.5,3320
2026-03-16 17:30:00+00:00,4993.0,5002.2001953125,4991.0,5001.2998046875,1736
2026-03-16 17:45:00+00:00,4996.7001953125,4998.2001953125,4989.5,4993.89990234375,951
2026-03-16 18:00:00+00:00,5004.7998046875,5007.0,4995.7998046875,4997.0,1849
2026-03-16 18:15:00+00:00,5012.7001953125,5014.10009765625,5003.2001953125,5005.5,1276
2026-03-16 18:30:00+00:00,5020.7998046875,5021.7001953125,5011.39990234375,5012.2001953125,1530
2026-03-16 18:45:00+00:00,5018.89990234375,5024.0,5017.7998046875,5020.89990234375,985
2026-03-16 19:00:00+00:00,5017.89990234375,5026.5,5014.7998046875,5018.7001953125,1600
2026-03-16 19:15:00+00:00,5016.39990234375,5021.5,5015.60009765625,5017.7001953125,666
2026-03-16 19:30:00+00:00,5016.2998046875,5020.60009765625,5014.0,5016.2998046875,767
2026-03-16 19:45:00+00:00,5019.2998046875,5021.89990234375,5014.5,5016.7998046875,1123
2026-03-16 20:00:00+00:00,5022.89990234375,5028.0,5014.2001953125,5018.89990234375,1015
2026-03-16 20:15:00+00:00,5020.2001953125,5023.7001953125,5020.10009765625,5022.7001953125,328
2026-03-16 20:30:00+00:00,5015.10009765625,5020.2998046875,5013.60009765625,5020.0,426
2026-03-16 20:45:00+00:00,5011.2998046875,5016.7998046875,5010.7998046875,5014.7998046875,639
2026-03-16 22:00:00+00:00,5009.60009765625,5021.89990234375,5006.5,5012.2001953125,332
2026-03-16 22:15:00+00:00,5006.7998046875,5013.60009765625,5004.2001953125,5009.2998046875,402
2026-03-16 22:30:00+00:00,5006.7998046875,5010.2001953125,5003.89990234375,5007.60009765625,175
2026-03-16 22:45:00+00:00,5007.60009765625,5011.5,5005.7001953125,5006.5,247
2026-03-16 23:00:00+00:00,5011.2998046875,5011.5,5007.0,5007.2001953125,168
2026-03-16 23:15:00+00:00,5014.5,5015.0,5010.2998046875,5010.89990234375,185
2026-03-16 23:30:00+00:00,5013.60009765625,5019.2001953125,5013.5,5014.89990234375,629
2026-03-16 23:45:00+00:00,5018.0,5021.0,5011.5,5013.89990234375,300
2026-03-17 00:00:00+00:00,5010.89990234375,5019.2998046875,5006.89990234375,5018.0,799
2026-03-17 00:15:00+00:00,5008.39990234375,5015.0,5004.89990234375,5010.7001953125,431
2026-03-17 00:30:00+00:00,5006.39990234375,5011.5,5002.5,5008.2998046875,306
2026-03-17 00:45:00+00:00,5007.10009765625,5010.2998046875,5002.2998046875,5005.7001953125,339
2026-03-17 01:00:00+00:00,5013.7998046875,5016.60009765625,4998.7001953125,5006.2998046875,1209
2026-03-17 01:15:00+00:00,5017.5,5018.5,5011.2001953125,5014.2998046875,543
2026-03-17 01:30:00+00:00,5021.7998046875,5024.2001953125,5015.39990234375,5017.0,889
2026-03-17 01:45:00+00:00,5032.10009765625,5032.7001953125,5021.0,5021.60009765625,1052
2026-03-17 02:00:00+00:00,5025.2998046875,5034.10009765625,5024.7001953125,5032.2998046875,678
2026-03-17 02:15:00+00:00,5029.7998046875,5029.7998046875,5024.10009765625,5026.2001953125,365
2026-03-17 02:30:00+00:00,5033.0,5033.39990234375,5025.7998046875,5029.60009765625,428
2026-03-17 02:45:00+00:00,5026.2001953125,5033.5,5025.60009765625,5033.5,312
2026-03-17 03:00:00+00:00,5026.39990234375,5029.5,5024.2001953125,5026.0,272
2026-03-17 03:15:00+00:00,5036.5,5036.7998046875,5026.0,5026.2998046875,581
2026-03-17 03:30:00+00:00,5032.2001953125,5037.5,5031.10009765625,5036.7001953125,495
2026-03-17 03:45:00+00:00,5030.2998046875,5034.10009765625,5029.7001953125,5032.2998046875,350
2026-03-17 04:00:00+00:00,5033.2001953125,5034.0,5030.5,5031.10009765625,170
2026-03-17 04:15:00+00:00,5036.89990234375,5037.10009765625,5030.10009765625,5033.39990234375,334
2026-03-17 04:30:00+00:00,5044.5,5046.7001953125,5036.2001953125,5036.89990234375,1073
2026-03-17 04:45:00+00:00,5042.39990234375,5046.7001953125,5041.60009765625,5044.7001953125,767
2026-03-17 05:00:00+00:00,5044.89990234375,5045.7001953125,5036.7001953125,5043.10009765625,802
2026-03-17 05:15:00+00:00,5040.2998046875,5049.39990234375,5038.2998046875,5045.39990234375,1028
2026-03-17 05:30:00+00:00,5036.89990234375,5044.60009765625,5036.0,5040.2001953125,882
2026-03-17 05:45:00+00:00,5024.5,5037.60009765625,5024.2998046875,5037.10009765625,1313
2026-03-17 06:00:00+00:00,5016.7001953125,5027.0,5011.0,5025.2998046875,2180
2026-03-17 06:15:00+00:00,5015.89990234375,5018.60009765625,5009.0,5017.10009765625,1256
2026-03-17 06:30:00+00:00,5018.7998046875,5021.10009765625,5014.2001953125,5015.60009765625,549
2026-03-17 06:45:00+00:00,5013.89990234375,5019.7998046875,5012.2001953125,5019.10009765625,1016
2026-03-17 07:00:00+00:00,5018.2998046875,5021.10009765625,5013.10009765625,5013.7001953125,1347
2026-03-17 07:15:00+00:00,5020.60009765625,5022.89990234375,5013.0,5018.10009765625,1094
2026-03-17 07:30:00+00:00,5026.7998046875,5031.89990234375,5020.2001953125,5020.5,1366
2026-03-17 07:45:00+00:00,5025.0,5029.2998046875,5021.10009765625,5027.10009765625,875
2026-03-17 08:00:00+00:00,5025.7001953125,5029.7998046875,5022.5,5025.2001953125,1322
2026-03-17 08:15:00+00:00,5025.2001953125,5033.5,5023.10009765625,5025.10009765625,1196
2026-03-17 08:30:00+00:00,5026.0,5029.39990234375,5022.89990234375,5025.2998046875,955
2026-03-17 08:45:00+00:00,5029.0,5029.7001953125,5022.2998046875,5026.39990234375,1040
2026-03-17 09:00:00+00:00,5018.2001953125,5030.2998046875,5017.7001953125,5029.2001953125,1482
2026-03-17 09:15:00+00:00,5022.10009765625,5023.7998046875,5016.39990234375,5018.2998046875,1432
2026-03-17 09:30:00+00:00,5018.5,5022.7998046875,5015.2001953125,5021.5,1028
2026-03-17 09:45:00+00:00,5014.7001953125,5020.0,5014.39990234375,5018.10009765625,836
2026-03-17 10:00:00+00:00,5008.2998046875,5020.7001953125,5005.39990234375,5014.7001953125,2379
2026-03-17 10:15:00+00:00,5008.10009765625,5013.5,5005.7001953125,5008.2001953125,1273
2026-03-17 10:30:00+00:00,5003.2001953125,5014.10009765625,4994.7998046875,5007.7998046875,2978
2026-03-17 10:45:00+00:00,5004.39990234375,5008.89990234375,4999.0,5002.7998046875,1519
2026-03-17 11:00:00+00:00,5009.10009765625,5010.2998046875,5001.0,5004.0,1238
2026-03-17 11:15:00+00:00,5011.39990234375,5014.39990234375,5009.10009765625,5009.39990234375,954
2026-03-17 11:30:00+00:00,5013.7998046875,5014.2998046875,5008.2998046875,5011.5,673
2026-03-17 11:45:00+00:00,5007.2998046875,5016.10009765625,5006.2001953125,5013.89990234375,1265
2026-03-17 12:00:00+00:00,5013.0,5014.39990234375,5003.2998046875,5007.0,1637
2026-03-17 12:15:00+00:00,5024.89990234375,5025.5,5013.0,5013.39990234375,2140
2026-03-17 12:30:00+00:00,5022.39990234375,5029.0,5021.2001953125,5025.0,2272
2026-03-17 12:45:00+00:00,5016.2998046875,5023.0,5014.7001953125,5023.0,2009
2026-03-17 13:00:00+00:00,5021.2001953125,5022.89990234375,5015.0,5016.60009765625,1778
2026-03-17 13:15:00+00:00,5017.10009765625,5024.2998046875,5015.2001953125,5021.2001953125,1873
2026-03-17 13:30:00+00:00,5032.7001953125,5036.7001953125,5015.89990234375,5017.5,5117
2026-03-17 13:45:00+00:00,5021.89990234375,5033.2001953125,5010.60009765625,5032.5,3239
2026-03-17 14:00:00+00:00,5023.7001953125,5026.5,5014.60009765625,5021.60009765625,1894
2026-03-17 14:15:00+00:00,5013.2001953125,5024.10009765625,5011.39990234375,5023.60009765625,1736
2026-03-17 14:30:00+00:00,5018.0,5019.5,5007.2001953125,5012.89990234375,2391
2026-03-17 14:45:00+00:00,5012.5,5024.2998046875,5011.7001953125,5018.2001953125,2034
2026-03-17 15:00:00+00:00,5012.89990234375,5022.2001953125,5010.7001953125,5011.89990234375,3076
2026-03-17 15:15:00+00:00,4999.0,5019.7001953125,4997.7001953125,5013.2998046875,3419
2026-03-17 15:30:00+00:00,4988.60009765625,5005.2001953125,4977.0,4999.5,6684
2026-03-17 15:45:00+00:00,5002.60009765625,5003.60009765625,4988.0,4988.5,2880
2026-03-17 16:00:00+00:00,4998.39990234375,5003.60009765625,4995.60009765625,5002.5,1496
2026-03-17 16:15:00+00:00,5008.2001953125,5010.0,4997.10009765625,4998.89990234375,2386
2026-03-17 16:30:00+00:00,5006.60009765625,5010.2998046875,5004.2998046875,5008.39990234375,1865
2026-03-17 16:45:00+00:00,5006.39990234375,5008.2998046875,5002.0,5006.7001953125,1205
2026-03-17 17:00:00+00:00,5008.2998046875,5011.39990234375,5006.10009765625,5006.5,2055
2026-03-17 17:15:00+00:00,5007.39990234375,5013.7001953125,5006.10009765625,5008.5,2164
2026-03-17 17:30:00+00:00,5002.2998046875,5011.2001953125,5002.10009765625,5007.39990234375,2426
2026-03-17 17:45:00+00:00,5007.0,5008.2001953125,5001.0,5002.5,599
2026-03-17 18:00:00+00:00,5011.0,5012.39990234375,5005.5,5007.39990234375,827
2026-03-17 18:15:00+00:00,5008.2001953125,5013.5,5008.10009765625,5011.10009765625,718
2026-03-17 18:30:00+00:00,5006.7998046875,5008.5,5003.89990234375,5008.0,632
2026-03-17 18:45:00+00:00,5007.5,5012.2001953125,5006.7001953125,5007.2001953125,600
2026-03-17 19:00:00+00:00,5005.2001953125,5009.39990234375,5004.0,5007.10009765625,688
2026-03-17 19:15:00+00:00,5004.0,5006.39990234375,5002.2998046875,5005.2998046875,777
2026-03-17 19:30:00+00:00,5006.10009765625,5008.0,5000.39990234375,5004.2001953125,965
2026-03-17 19:45:00+00:00,5005.10009765625,5007.5,5002.89990234375,5006.5,872
2026-03-17 20:00:00+00:00,5008.2998046875,5011.0,5004.7001953125,5004.89990234375,538
2026-03-17 20:15:00+00:00,5008.60009765625,5009.60009765625,5006.60009765625,5008.2001953125,257
2026-03-17 20:30:00+00:00,5008.5,5009.7001953125,5007.60009765625,5008.60009765625,227
2026-03-17 20:45:00+00:00,5011.2998046875,5011.60009765625,5006.0,5008.39990234375,671
2026-03-17 22:00:00+00:00,5006.39990234375,5011.2001953125,5001.10009765625,5010.60009765625,123
2026-03-17 22:15:00+00:00,5006.2998046875,5008.7998046875,5004.0,5007.0,126
2026-03-17 22:30:00+00:00,4999.89990234375,5005.5,4999.10009765625,5005.5,275
2026-03-17 22:45:00+00:00,5003.60009765625,5007.10009765625,4996.89990234375,5000.2998046875,477
2026-03-17 23:00:00+00:00,5002.89990234375,5007.10009765625,5002.2001953125,5003.39990234375,177
2026-03-17 23:15:00+00:00,5003.7001953125,5005.5,5002.7001953125,5003.0,210
2026-03-17 23:30:00+00:00,5005.7001953125,5007.89990234375,5003.60009765625,5003.7998046875,161
2026-03-17 23:45:00+00:00,5006.60009765625,5007.0,5005.0,5006.0,39
2026-03-18 00:00:00+00:00,5014.0,5017.2998046875,5005.0,5006.60009765625,1068
2026-03-18 00:15:00+00:00,5007.39990234375,5016.5,5007.0,5014.7998046875,566
2026-03-18 00:30:00+00:00,5008.7998046875,5009.39990234375,5004.7001953125,5006.89990234375,1018
2026-03-18 00:45:00+00:00,5008.39990234375,5012.7998046875,5005.60009765625,5008.7001953125,522
2026-03-18 01:00:00+00:00,5016.89990234375,5021.0,5002.0,5008.89990234375,1876
2026-03-18 01:15:00+00:00,5012.7998046875,5022.0,5012.2998046875,5016.89990234375,729
2026-03-18 01:30:00+00:00,5005.7998046875,5014.10009765625,5005.7998046875,5012.39990234375,863
2026-03-18 01:45:00+00:00,5002.2001953125,5005.7998046875,4994.2998046875,5005.7998046875,1658
2026-03-18 02:00:00+00:00,5002.7001953125,5005.7998046875,4999.7001953125,5002.2001953125,499
2026-03-18 02:15:00+00:00,5005.60009765625,5010.7001953125,5002.2998046875,5003.0,459
2026-03-18 02:30:00+00:00,5004.89990234375,5007.0,5003.2001953125,5006.0,328
2026-03-18 02:45:00+00:00,4994.89990234375,5007.39990234375,4993.0,5005.39990234375,901
2026-03-18 03:00:00+00:00,4997.10009765625,4999.7001953125,4988.5,4994.89990234375,1206
2026-03-18 03:15:00+00:00,4999.2998046875,5000.0,4996.7998046875,4997.60009765625,338
2026-03-18 03:30:00+00:00,4997.5,5000.89990234375,4996.89990234375,4999.5,271
2026-03-18 03:45:00+00:00,4992.7001953125,4998.2998046875,4991.7998046875,4998.10009765625,273
2026-03-18 04:00:00+00:00,4994.10009765625,4995.7998046875,4992.39990234375,4994.5,333
2026-03-18 04:15:00+00:00,4993.39990234375,4997.0,4993.39990234375,4993.89990234375,347
2026-03-18 04:30:00+00:00,4987.5,4994.0,4984.89990234375,4994.0,1262
2026-03-18 04:45:00+00:00,4989.89990234375,4990.39990234375,4985.2998046875,4987.7001953125,637
2026-03-18 05:00:00+00:00,4993.7001953125,4995.0,4987.7001953125,4990.39990234375,928
2026-03-18 05:15:00+00:00,4994.0,4996.2998046875,4988.7001953125,4993.10009765625,741
2026-03-18 05:30:00+00:00,5002.39990234375,5004.5,4990.5,4994.2998046875,1355
2026-03-18 05:45:00+00:00,5001.10009765625,5006.2001953125,4998.0,5002.10009765625,758
2026-03-18 06:00:00+00:00,5012.7998046875,5013.0,4999.60009765625,5000.39990234375,1020
2026-03-18 06:15:00+00:00,5012.5,5015.0,5010.7001953125,5013.0,1113
2026-03-18 06:30:00+00:00,5015.39990234375,5020.5,5012.7001953125,5012.7998046875,1266
2026-03-18 06:45:00+00:00,5013.7998046875,5018.7001953125,5012.2998046875,5015.10009765625,1045
2026-03-18 07:00:00+00:00,5014.2998046875,5019.39990234375,5013.7001953125,5014.10009765625,681
2026-03-18 07:15:00+00:00,5013.2998046875,5014.39990234375,5010.2998046875,5014.0,751
2026-03-18 07:30:00+00:00,5006.10009765625,5014.0,5005.2001953125,5013.5,769
2026-03-18 07:45:00+00:00,4999.10009765625,5006.2998046875,4994.7001953125,5005.7001953125,1733
2026-03-18 08:00:00+00:00,4996.7001953125,5001.7001953125,4991.5,4999.0,3161
2026-03-18 08:15:00+00:00,4993.2001953125,4999.60009765625,4987.5,4997.10009765625,1822
2026-03-18 08:30:00+00:00,4989.10009765625,4996.10009765625,4988.10009765625,4992.7998046875,1621
2026-03-18 08:45:00+00:00,4990.7001953125,4994.0,4981.10009765625,4989.0,4124
2026-03-18 09:00:00+00:00,4990.2998046875,4994.7001953125,4989.7001953125,4991.10009765625,1037
2026-03-18 09:15:00+00:00,4996.60009765625,4998.5,4988.7001953125,4990.2998046875,1572
2026-03-18 09:30:00+00:00,4998.10009765625,5000.0,4996.0,4996.7998046875,815
2026-03-18 09:45:00+00:00,4996.39990234375,4999.60009765625,4995.0,4998.0,602
2026-03-18 10:00:00+00:00,4993.60009765625,4996.39990234375,4991.89990234375,4996.2998046875,1422
2026-03-18 10:15:00+00:00,4986.89990234375,4995.2998046875,4985.10009765625,4993.7001953125,1039
2026-03-18 10:30:00+00:00,4981.7998046875,4991.89990234375,4963.5,4986.7998046875,5948
2026-03-18 10:45:00+00:00,4971.7001953125,4984.39990234375,4962.60009765625,4981.39990234375,2921
2026-03-18 11:00:00+00:00,4973.39990234375,4974.39990234375,4953.60009765625,4971.7001953125,4546
2026-03-18 11:15:00+00:00,4952.2998046875,4977.7001953125,4950.0,4973.39990234375,2914
2026-03-18 11:30:00+00:00,4942.7001953125,4965.7001953125,4935.39990234375,4952.0,6177
2026-03-18 11:45:00+00:00,4933.2998046875,4948.7998046875,4928.0,4942.10009765625,4898
2026-03-18 12:00:00+00:00,4911.2998046875,4935.89990234375,4908.10009765625,4933.89990234375,7270
2026-03-18 12:15:00+00:00,4903.7001953125,4915.7998046875,4897.2998046875,4910.89990234375,6984
2026-03-18 12:30:00+00:00,4880.7998046875,4906.0,4877.0,4905.7001953125,10672
2026-03-18 12:45:00+00:00,4884.39990234375,4894.7998046875,4873.0,4881.2998046875,5958
2026-03-18 13:00:00+00:00,4861.60009765625,4884.2001953125,4851.2001953125,4884.0,10847
2026-03-18 13:15:00+00:00,4864.2001953125,4868.89990234375,4837.10009765625,4861.2001953125,6890
2026-03-18 13:30:00+00:00,4876.7998046875,4889.2001953125,4852.89990234375,4864.5,7836
2026-03-18 13:45:00+00:00,4881.7998046875,4884.0,4863.60009765625,4876.5,4469
2026-03-18 14:00:00+00:00,4884.5,4899.0,4875.7001953125,4881.89990234375,5555
2026-03-18 14:15:00+00:00,4863.7998046875,4887.2998046875,4862.10009765625,4884.7001953125,3692
2026-03-18 14:30:00+00:00,4864.7998046875,4868.39990234375,4859.39990234375,4864.2998046875,3220
2026-03-18 14:45:00+00:00,4873.10009765625,4876.10009765625,4863.60009765625,4864.10009765625,2153
2026-03-18 15:00:00+00:00,4879.0,4881.7998046875,4869.10009765625,4872.89990234375,2742
2026-03-18 15:15:00+00:00,4875.39990234375,4883.60009765625,4870.60009765625,4879.2001953125,2362
2026-03-18 15:30:00+00:00,4868.2001953125,4879.0,4867.89990234375,4875.0,1352
2026-03-18 15:45:00+00:00,4866.2998046875,4870.5,4864.5,4867.7998046875,1624
2026-03-18 16:00:00+00:00,4881.7001953125,4883.2998046875,4864.7001953125,4866.2001953125,1863
2026-03-18 16:15:00+00:00,4886.7001953125,4887.2001953125,4877.7998046875,4881.7001953125,1300
2026-03-18 16:30:00+00:00,4886.60009765625,4887.0,4877.2001953125,4886.7001953125,1923
2026-03-18 16:45:00+00:00,4891.2001953125,4894.7998046875,4884.0,4886.60009765625,2248
2026-03-18 17:00:00+00:00,4891.2001953125,4894.5,4888.10009765625,4891.39990234375,1436
2026-03-18 17:15:00+00:00,4895.39990234375,4902.60009765625,4889.60009765625,4891.5,4238
2026-03-18 17:30:00+00:00,4899.39990234375,4904.0,4891.5,4895.7001953125,3057
2026-03-18 17:45:00+00:00,4895.10009765625,4900.39990234375,4893.5,4899.0,1820
2026-03-18 18:00:00+00:00,4891.7998046875,4904.5,4885.10009765625,4895.2001953125,3651
2026-03-18 18:15:00+00:00,4890.10009765625,4894.39990234375,4880.7998046875,4891.7998046875,2377
2026-03-18 18:30:00+00:00,4882.89990234375,4892.7001953125,4876.60009765625,4890.2001953125,2903
2026-03-18 18:45:00+00:00,4857.2998046875,4882.7001953125,4856.2001953125,4882.0,3164
2026-03-18 19:00:00+00:00,4860.60009765625,4865.0,4847.0,4856.89990234375,4097
2026-03-18 19:15:00+00:00,4852.39990234375,4868.89990234375,4847.0,4861.10009765625,2498
2026-03-18 19:30:00+00:00,4854.39990234375,4864.10009765625,4849.7998046875,4852.2001953125,1610
2026-03-18 19:45:00+00:00,4846.7998046875,4855.0,4841.39990234375,4854.5,2908
2026-03-18 20:00:00+00:00,4829.5,4852.10009765625,4827.60009765625,4846.5,2074
2026-03-18 20:15:00+00:00,4814.2998046875,4831.89990234375,4811.60009765625,4829.2001953125,2728
2026-03-18 20:30:00+00:00,4824.2998046875,4825.0,4809.2998046875,4813.7001953125,2118
2026-03-18 20:45:00+00:00,4823.89990234375,4830.7001953125,4820.2998046875,4824.7001953125,995
2026-03-18 22:00:00+00:00,4821.10009765625,4839.89990234375,4817.7001953125,4828.0,701
2026-03-18 22:15:00+00:00,4818.0,4827.5,4806.0,4820.39990234375,1373
2026-03-18 22:30:00+00:00,4830.2998046875,4832.0,4811.60009765625,4818.5,765
2026-03-18 22:45:00+00:00,4837.10009765625,4842.0,4828.2998046875,4828.7001953125,848
2026-03-18 23:00:00+00:00,4836.7001953125,4839.60009765625,4831.5,4836.5,501
2026-03-18 23:15:00+00:00,4839.7998046875,4843.10009765625,4830.5,4836.10009765625,643
2026-03-18 23:30:00+00:00,4836.7001953125,4845.0,4836.10009765625,4839.2001953125,411
2026-03-18 23:45:00+00:00,4839.2001953125,4840.5,4832.0,4836.2001953125,382
2026-03-19 00:00:00+00:00,4845.60009765625,4850.7998046875,4837.60009765625,4838.39990234375,841
2026-03-19 00:15:00+00:00,4844.2001953125,4846.0,4838.39990234375,4845.7998046875,521
2026-03-19 00:30:00+00:00,4842.89990234375,4850.60009765625,4839.7001953125,4843.5,798
2026-03-19 00:45:00+00:00,4842.60009765625,4847.7001953125,4839.10009765625,4842.60009765625,547
2026-03-19 01:00:00+00:00,4840.2001953125,4855.0,4833.7001953125,4842.2998046875,1511
2026-03-19 01:15:00+00:00,4847.2001953125,4847.2001953125,4834.5,4838.7998046875,1036
2026-03-19 01:30:00+00:00,4866.89990234375,4868.7001953125,4844.0,4847.10009765625,1798
2026-03-19 01:45:00+00:00,4851.2998046875,4867.2001953125,4850.39990234375,4866.7001953125,1213
2026-03-19 02:00:00+00:00,4850.2998046875,4853.5,4842.60009765625,4851.2001953125,908
2026-03-19 02:15:00+00:00,4858.60009765625,4859.2001953125,4849.39990234375,4850.7998046875,634
2026-03-19 02:30:00+00:00,4863.39990234375,4863.39990234375,4855.0,4858.5,580
2026-03-19 02:45:00+00:00,4859.5,4863.2998046875,4854.89990234375,4863.0,662
2026-03-19 03:00:00+00:00,4865.7001953125,4866.60009765625,4856.5,4859.7998046875,684
2026-03-19 03:15:00+00:00,4861.7001953125,4867.39990234375,4858.10009765625,4865.60009765625,494
2026-03-19 03:30:00+00:00,4857.2998046875,4861.7998046875,4853.7001953125,4861.2998046875,346
2026-03-19 03:45:00+00:00,4852.7001953125,4858.2998046875,4852.2998046875,4857.2001953125,514
2026-03-19 04:00:00+00:00,4852.39990234375,4853.2998046875,4848.7001953125,4852.39990234375,410
2026-03-19 04:15:00+00:00,4851.2998046875,4855.2001953125,4851.10009765625,4852.2001953125,268
2026-03-19 04:30:00+00:00,4850.7998046875,4854.39990234375,4849.60009765625,4851.89990234375,263
2026-03-19 04:45:00+00:00,4851.7998046875,4852.10009765625,4847.0,4850.7001953125,252
2026-03-19 05:00:00+00:00,4852.10009765625,4855.39990234375,4848.10009765625,4851.5,667
2026-03-19 05:15:00+00:00,4849.10009765625,4855.7001953125,4848.0,4852.5,528
2026-03-19 05:30:00+00:00,4835.0,4848.2998046875,4833.7001953125,4848.10009765625,1807
2026-03-19 05:45:00+00:00,4829.2001953125,4841.7001953125,4828.10009765625,4835.2001953125,1296
2026-03-19 06:00:00+00:00,4834.2998046875,4844.2001953125,4828.89990234375,4829.10009765625,1145
2026-03-19 06:15:00+00:00,4815.2998046875,4835.5,4813.7998046875,4834.89990234375,1789
2026-03-19 06:30:00+00:00,4788.7998046875,4821.5,4782.39990234375,4815.60009765625,4752
2026-03-19 06:45:00+00:00,4765.2001953125,4791.0,4749.0,4788.7998046875,6605
2026-03-19 07:00:00+00:00,4779.2998046875,4786.0,4765.10009765625,4765.2998046875,2208
2026-03-19 07:15:00+00:00,4772.60009765625,4783.5,4759.2001953125,4781.0,2581
2026-03-19 07:30:00+00:00,4741.10009765625,4773.39990234375,4736.2001953125,4772.0,3250
2026-03-19 07:45:00+00:00,4729.60009765625,4756.2001953125,4727.2998046875,4740.7998046875,3315
2026-03-19 08:00:00+00:00,4715.89990234375,4742.2001953125,4703.0,4729.2998046875,4938
2026-03-19 08:15:00+00:00,4720.2998046875,4738.60009765625,4714.7998046875,4717.0,3619
2026-03-19 08:30:00+00:00,4690.2998046875,4724.0,4688.0,4719.7998046875,4691
2026-03-19 08:45:00+00:00,4710.60009765625,4721.10009765625,4688.39990234375,4689.39990234375,2866
2026-03-19 09:00:00+00:00,4697.2001953125,4723.0,4690.2998046875,4711.2001953125,3058
2026-03-19 09:15:00+00:00,4711.60009765625,4724.89990234375,4695.7998046875,4697.60009765625,3864
2026-03-19 09:30:00+00:00,4707.2001953125,4728.10009765625,4705.60009765625,4710.7998046875,2658
2026-03-19 09:45:00+00:00,4701.10009765625,4719.60009765625,4698.10009765625,4707.10009765625,3206
2026-03-19 10:00:00+00:00,4707.7998046875,4722.0,4699.60009765625,4700.60009765625,2706
2026-03-19 10:15:00+00:00,4685.60009765625,4708.10009765625,4672.5,4707.0,4020
2026-03-19 10:30:00+00:00,4686.7998046875,4703.2998046875,4676.2998046875,4685.7001953125,3759
2026-03-19 10:45:00+00:00,4681.89990234375,4692.39990234375,4669.39990234375,4686.2998046875,5956
2026-03-19 11:00:00+00:00,4689.60009765625,4702.7001953125,4681.7001953125,4682.2998046875,4951
2026-03-19 11:15:00+00:00,4689.7001953125,4696.0,4679.5,4689.2001953125,2609
2026-03-19 11:30:00+00:00,4667.5,4699.5,4660.7001953125,4689.89990234375,4782
2026-03-19 11:45:00+00:00,4654.39990234375,4671.0,4652.39990234375,4667.10009765625,4540
2026-03-19 12:00:00+00:00,4621.10009765625,4657.0,4611.2998046875,4654.89990234375,8534
2026-03-19 12:15:00+00:00,4608.5,4633.5,4605.0,4621.39990234375,7775
2026-03-19 12:30:00+00:00,4565.2001953125,4620.7998046875,4561.7998046875,4608.5,12090
2026-03-19 12:45:00+00:00,4577.2998046875,4588.5,4533.10009765625,4565.2998046875,11830
2026-03-19 13:00:00+00:00,4541.10009765625,4576.10009765625,4505.0,4576.10009765625,15225
2026-03-19 13:15:00+00:00,4578.89990234375,4584.0,4525.7001953125,4540.89990234375,8344
2026-03-19 13:30:00+00:00,4561.60009765625,4585.60009765625,4548.5,4579.39990234375,6992
2026-03-19 13:45:00+00:00,4624.0,4625.0,4540.7001953125,4561.0,11210
2026-03-19 14:00:00+00:00,4634.0,4651.7998046875,4620.2001953125,4624.89990234375,11220
2026-03-19 14:15:00+00:00,4587.2998046875,4638.2998046875,4586.60009765625,4633.7998046875,8040
2026-03-19 14:30:00+00:00,4615.2998046875,4625.0,4583.39990234375,4586.7998046875,6052
2026-03-19 14:45:00+00:00,4603.5,4630.39990234375,4600.0,4614.5,4265
2026-03-19 15:00:00+00:00,4630.5,4641.7001953125,4595.2001953125,4603.2001953125,5902
2026-03-19 15:15:00+00:00,4605.5,4632.0,4598.39990234375,4630.60009765625,4049
2026-03-19 15:30:00+00:00,4573.10009765625,4604.89990234375,4571.2998046875,4604.89990234375,5455
2026-03-19 15:45:00+00:00,4598.2998046875,4613.7001953125,4566.0,4572.7998046875,5501
2026-03-19 16:00:00+00:00,4606.2998046875,4628.0,4594.5,4598.0,4376
2026-03-19 16:15:00+00:00,4602.2001953125,4619.2001953125,4594.89990234375,4606.2998046875,3305
2026-03-19 16:30:00+00:00,4595.89990234375,4610.60009765625,4586.60009765625,4602.60009765625,2830
2026-03-19 16:45:00+00:00,4587.10009765625,4601.10009765625,4579.2001953125,4596.10009765625,2722
2026-03-19 17:00:00+00:00,4582.10009765625,4599.2001953125,4576.7001953125,4587.2001953125,2753
2026-03-19 17:15:00+00:00,4606.2998046875,4617.0,4577.0,4582.39990234375,5187
2026-03-19 17:30:00+00:00,4607.39990234375,4622.10009765625,4602.89990234375,4606.89990234375,3089
2026-03-19 17:45:00+00:00,4618.7998046875,4633.2998046875,4608.2001953125,4608.2001953125,3075
2026-03-19 18:00:00+00:00,4616.89990234375,4621.7001953125,4603.60009765625,4619.2998046875,2575
2026-03-19 18:15:00+00:00,4611.39990234375,4620.39990234375,4607.0,4616.89990234375,862
2026-03-19 18:30:00+00:00,4612.0,4614.0,4598.7001953125,4611.5,1679
2026-03-19 18:45:00+00:00,4625.7998046875,4626.2998046875,4607.60009765625,4611.5,2040
2026-03-19 19:00:00+00:00,4660.2998046875,4666.89990234375,4625.7998046875,4625.7998046875,5306
2026-03-19 19:15:00+00:00,4647.2998046875,4665.39990234375,4636.7998046875,4660.2001953125,3750
2026-03-19 19:30:00+00:00,4642.10009765625,4652.7998046875,4636.10009765625,4647.89990234375,2944
2026-03-19 19:45:00+00:00,4647.89990234375,4653.7001953125,4635.0,4641.7998046875,2104
2026-03-19 20:00:00+00:00,4657.2998046875,4661.10009765625,4646.0,4647.5,1129
2026-03-19 20:15:00+00:00,4660.2001953125,4664.2001953125,4653.2001953125,4657.39990234375,811
2026-03-19 20:30:00+00:00,4657.5,4662.60009765625,4656.2998046875,4660.7998046875,574
2026-03-19 20:45:00+00:00,4651.89990234375,4664.7001953125,4650.2001953125,4657.5,969
2026-03-19 22:00:00+00:00,4673.7001953125,4674.60009765625,4652.7998046875,4653.89990234375,768
2026-03-19 22:15:00+00:00,4668.5,4679.5,4662.89990234375,4673.7001953125,963
2026-03-19 22:30:00+00:00,4647.89990234375,4668.10009765625,4647.89990234375,4668.10009765625,656
2026-03-19 22:45:00+00:00,4638.10009765625,4652.39990234375,4638.0,4648.39990234375,684
2026-03-19 23:00:00+00:00,4641.0,4650.0,4638.7001953125,4638.7001953125,512
2026-03-19 23:15:00+00:00,4646.0,4649.10009765625,4640.2001953125,4641.39990234375,603
2026-03-19 23:30:00+00:00,4638.10009765625,4650.0,4635.7998046875,4646.7998046875,513
2026-03-19 23:45:00+00:00,4645.5,4649.0,4637.7001953125,4637.7001953125,465
2026-03-20 00:00:00+00:00,4663.60009765625,4664.60009765625,4645.10009765625,4645.5,1068
2026-03-20 00:15:00+00:00,4650.0,4666.60009765625,4643.89990234375,4662.89990234375,713
2026-03-20 00:30:00+00:00,4656.5,4657.89990234375,4646.60009765625,4650.39990234375,606
2026-03-20 00:45:00+00:00,4649.5,4661.7001953125,4648.7998046875,4657.39990234375,652
2026-03-20 01:00:00+00:00,4653.60009765625,4681.5,4640.5,4649.60009765625,3014
2026-03-20 01:15:00+00:00,4664.2001953125,4664.2001953125,4650.0,4652.89990234375,1233
2026-03-20 01:30:00+00:00,4689.0,4691.0,4663.5,4664.5,2462
2026-03-20 01:45:00+00:00,4679.10009765625,4701.5,4674.7001953125,4688.7998046875,1967
2026-03-20 02:00:00+00:00,4686.89990234375,4691.0,4672.2001953125,4680.0,1363
2026-03-20 02:15:00+00:00,4685.0,4691.39990234375,4682.10009765625,4686.89990234375,939
2026-03-20 02:30:00+00:00,4686.5,4692.39990234375,4680.0,4685.39990234375,1153
2026-03-20 02:45:00+00:00,4699.2998046875,4704.5,4683.5,4686.39990234375,1655
2026-03-20 03:00:00+00:00,4717.7998046875,4725.0,4694.39990234375,4698.89990234375,1714
2026-03-20 03:15:00+00:00,4734.60009765625,4737.10009765625,4717.10009765625,4717.7998046875,2003
2026-03-20 03:30:00+00:00,4731.2001953125,4738.2001953125,4728.5,4734.7998046875,956
2026-03-20 03:45:00+00:00,4725.2001953125,4730.89990234375,4722.10009765625,4730.7998046875,1037
2026-03-20 04:00:00+00:00,4719.39990234375,4728.0,4717.60009765625,4726.2998046875,847
2026-03-20 04:15:00+00:00,4723.60009765625,4724.60009765625,4719.0,4719.7998046875,596
2026-03-20 04:30:00+00:00,4720.5,4727.10009765625,4718.39990234375,4723.7998046875,742
2026-03-20 04:45:00+00:00,4722.0,4723.0,4715.5,4719.89990234375,491
2026-03-20 05:00:00+00:00,4718.2001953125,4722.2998046875,4711.0,4722.0,935
2026-03-20 05:15:00+00:00,4720.39990234375,4724.10009765625,4717.7001953125,4719.0,608
2026-03-20 05:30:00+00:00,4710.39990234375,4720.39990234375,4702.39990234375,4719.89990234375,1808
2026-03-20 05:45:00+00:00,4689.89990234375,4711.7998046875,4686.7998046875,4711.5,2144
2026-03-20 06:00:00+00:00,4692.60009765625,4702.60009765625,4686.0,4690.0,1468
2026-03-20 06:15:00+00:00,4689.2001953125,4697.10009765625,4681.2001953125,4692.0,1644
2026-03-20 06:30:00+00:00,4666.39990234375,4690.7001953125,4661.60009765625,4689.39990234375,2233
2026-03-20 06:45:00+00:00,4670.2998046875,4676.5,4663.10009765625,4666.2998046875,1786
2026-03-20 07:00:00+00:00,4680.2998046875,4685.2998046875,4668.7998046875,4669.89990234375,2276
2026-03-20 07:15:00+00:00,4689.0,4689.7998046875,4677.10009765625,4679.89990234375,1195
2026-03-20 07:30:00+00:00,4695.2001953125,4699.10009765625,4686.2001953125,4689.0,1415
2026-03-20 07:45:00+00:00,4707.2001953125,4709.0,4695.39990234375,4695.39990234375,1882
2026-03-20 08:00:00+00:00,4717.0,4718.5,4702.89990234375,4707.7001953125,2434
2026-03-20 08:15:00+00:00,4724.10009765625,4736.2998046875,4716.7998046875,4716.7998046875,3773
2026-03-20 08:30:00+00:00,4709.2001953125,4724.39990234375,4700.7001953125,4724.2998046875,3035
2026-03-20 08:45:00+00:00,4695.10009765625,4710.0,4685.2001953125,4709.2001953125,2301
2026-03-20 09:00:00+00:00,4695.10009765625,4701.7998046875,4685.5,4694.5,1514
2026-03-20 09:15:00+00:00,4693.0,4698.39990234375,4685.10009765625,4695.10009765625,1240
2026-03-20 09:30:00+00:00,4674.2001953125,4693.39990234375,4671.7998046875,4693.39990234375,1763
2026-03-20 09:45:00+00:00,4668.39990234375,4678.7001953125,4660.5,4674.2998046875,2666
2026-03-20 10:00:00+00:00,4663.60009765625,4670.10009765625,4650.39990234375,4668.2998046875,3169
2026-03-20 10:15:00+00:00,4658.2998046875,4667.39990234375,4646.39990234375,4663.2998046875,2086
2026-03-20 10:30:00+00:00,4660.60009765625,4670.5,4649.89990234375,4658.2998046875,2755
2026-03-20 10:45:00+00:00,4646.39990234375,4661.2001953125,4639.10009765625,4660.10009765625,2076
2026-03-20 11:00:00+00:00,4664.2998046875,4668.5,4638.2001953125,4645.7998046875,2369
2026-03-20 11:15:00+00:00,4666.7001953125,4670.2998046875,4660.39990234375,4664.2001953125,1390
2026-03-20 11:30:00+00:00,4671.10009765625,4676.0,4663.0,4667.2001953125,1892
2026-03-20 11:45:00+00:00,4673.39990234375,4674.0,4658.7998046875,4671.2001953125,1395
2026-03-20 12:00:00+00:00,4686.7001953125,4696.89990234375,4673.39990234375,4673.39990234375,3388
2026-03-20 12:15:00+00:00,4679.5,4693.5,4678.89990234375,4686.89990234375,2807
2026-03-20 12:30:00+00:00,4671.0,4683.2001953125,4662.7998046875,4679.7998046875,3383
2026-03-20 12:45:00+00:00,4679.0,4682.2001953125,4666.5,4670.7001953125,1877
2026-03-20 13:00:00+00:00,4662.39990234375,4680.5,4654.10009765625,4679.39990234375,4361
2026-03-20 13:15:00+00:00,4661.10009765625,4670.5,4655.89990234375,4662.7998046875,2031
2026-03-20 13:30:00+00:00,4662.89990234375,4666.60009765625,4637.2001953125,4660.89990234375,6449
2026-03-20 13:45:00+00:00,4617.0,4665.89990234375,4613.10009765625,4663.60009765625,7024
2026-03-20 14:00:00+00:00,4587.7001953125,4623.2001953125,4585.7001953125,4617.10009765625,7130
2026-03-20 14:15:00+00:00,4560.60009765625,4588.89990234375,4551.10009765625,4587.0,8477
2026-03-20 14:30:00+00:00,4577.10009765625,4585.89990234375,4557.5,4558.2001953125,5916
2026-03-20 14:45:00+00:00,4564.89990234375,4583.89990234375,4547.60009765625,4576.5,4684
2026-03-20 15:00:00+00:00,4578.39990234375,4582.39990234375,4561.60009765625,4564.5,4816
2026-03-20 15:15:00+00:00,4564.7001953125,4578.60009765625,4542.10009765625,4578.60009765625,5727
2026-03-20 15:30:00+00:00,4564.7001953125,4577.7998046875,4558.39990234375,4564.39990234375,3272
2026-03-20 15:45:00+00:00,4555.2998046875,4564.7998046875,4545.7001953125,4564.2998046875,2848
2026-03-20 16:00:00+00:00,4590.39990234375,4590.7998046875,4554.0,4554.89990234375,4505
2026-03-20 16:15:00+00:00,4586.89990234375,4616.2998046875,4585.5,4590.7001953125,5741
2026-03-20 16:30:00+00:00,4583.5,4594.89990234375,4572.2001953125,4586.60009765625,3514
2026-03-20 16:45:00+00:00,4585.2998046875,4590.2998046875,4568.7998046875,4583.10009765625,3012
2026-03-20 17:00:00+00:00,4584.0,4602.5,4575.2001953125,4585.60009765625,4045
2026-03-20 17:15:00+00:00,4574.2001953125,4584.7998046875,4570.7001953125,4584.39990234375,3442
2026-03-20 17:30:00+00:00,4568.2001953125,4576.7998046875,4556.7001953125,4574.60009765625,3749
2026-03-20 17:45:00+00:00,4575.89990234375,4579.5,4564.7998046875,4568.0,2320
2026-03-20 18:00:00+00:00,4565.89990234375,4580.5,4563.7998046875,4576.10009765625,1695
2026-03-20 18:15:00+00:00,4557.0,4570.39990234375,4538.7001953125,4566.89990234375,3140
2026-03-20 18:30:00+00:00,4528.39990234375,4559.2998046875,4526.0,4556.39990234375,2374
2026-03-20 18:45:00+00:00,4500.7001953125,4531.39990234375,4478.39990234375,4528.60009765625,9040
2026-03-20 19:00:00+00:00,4501.5,4517.60009765625,4487.5,4501.2998046875,3697
2026-03-20 19:15:00+00:00,4500.0,4509.60009765625,4487.39990234375,4501.60009765625,1875
2026-03-20 19:30:00+00:00,4515.7998046875,4518.7001953125,4494.10009765625,4500.7998046875,2083
2026-03-20 19:45:00+00:00,4503.7998046875,4518.5,4498.89990234375,4515.7001953125,2407
2026-03-20 20:00:00+00:00,4507.2001953125,4509.5,4495.60009765625,4503.5,1421
2026-03-20 20:15:00+00:00,4503.0,4516.60009765625,4503.0,4507.5,850
2026-03-20 20:30:00+00:00,4505.2998046875,4507.0,4498.89990234375,4503.2001953125,678
2026-03-20 20:45:00+00:00,4496.2998046875,4506.5,4492.0,4505.7001953125,899
2026-03-22 22:00:00+00:00,4508.2998046875,4515.89990234375,4490.0,4511.7001953125,643
2026-03-22 22:15:00+00:00,4525.0,4537.10009765625,4504.0,4508.10009765625,2619
2026-03-22 22:30:00+00:00,4507.60009765625,4527.10009765625,4505.0,4525.7001953125,1325
2026-03-22 22:45:00+00:00,4498.10009765625,4515.60009765625,4490.2001953125,4508.2998046875,1163
2026-03-22 23:00:00+00:00,4491.60009765625,4511.2001953125,4486.0,4499.2998046875,2146
2026-03-22 23:15:00+00:00,4486.2001953125,4500.2998046875,4482.60009765625,4490.7998046875,1237
2026-03-22 23:30:00+00:00,4489.39990234375,4491.5,4473.2001953125,4485.0,1504
2026-03-22 23:45:00+00:00,4465.89990234375,4494.39990234375,4453.2001953125,4489.0,2440
2026-03-23 00:00:00+00:00,4437.39990234375,4474.7998046875,4427.10009765625,4466.2001953125,3667
2026-03-23 00:15:00+00:00,4428.7998046875,4447.5,4406.39990234375,4438.39990234375,4761
2026-03-23 00:30:00+00:00,4365.5,4438.2001953125,4332.10009765625,4429.60009765625,10345
2026-03-23 00:45:00+00:00,4356.39990234375,4375.10009765625,4322.0,4365.2001953125,5160
2026-03-23 01:00:00+00:00,4409.0,4424.7998046875,4330.0,4357.7001953125,6844
2026-03-23 01:15:00+00:00,4423.5,4444.89990234375,4408.39990234375,4408.39990234375,3671
2026-03-23 01:30:00+00:00,4436.39990234375,4455.0,4417.5,4424.0,2906
2026-03-23 01:45:00+00:00,4390.0,4437.60009765625,4381.7001953125,4435.89990234375,3225
2026-03-23 02:00:00+00:00,4398.7001953125,4423.7998046875,4384.5,4389.39990234375,3728
2026-03-23 02:15:00+00:00,4402.60009765625,4419.7001953125,4396.39990234375,4398.39990234375,2134
2026-03-23 02:30:00+00:00,4386.7001953125,4404.10009765625,4369.2998046875,4401.7001953125,3502
2026-03-23 02:45:00+00:00,4362.2998046875,4386.39990234375,4356.0,4386.39990234375,2765
2026-03-23 03:00:00+00:00,4351.0,4379.39990234375,4349.60009765625,4362.0,3396
2026-03-23 03:15:00+00:00,4354.0,4368.0,4349.2001953125,4351.60009765625,1776
2026-03-23 03:30:00+00:00,4344.10009765625,4367.10009765625,4337.5,4354.0,2277
2026-03-23 03:45:00+00:00,4355.2998046875,4362.7001953125,4339.60009765625,4344.5,1280
2026-03-23 04:00:00+00:00,4367.7998046875,4374.89990234375,4355.89990234375,4355.89990234375,1629
2026-03-23 04:15:00+00:00,4371.7998046875,4374.60009765625,4364.2998046875,4366.39990234375,912
2026-03-23 04:30:00+00:00,4378.7998046875,4385.0,4363.5,4371.10009765625,1692
2026-03-23 04:45:00+00:00,4370.89990234375,4379.7001953125,4353.2001953125,4378.0,1926
2026-03-23 05:00:00+00:00,4375.7998046875,4383.2001953125,4369.2998046875,4370.5,1493
2026-03-23 05:15:00+00:00,4360.2998046875,4377.0,4354.7001953125,4375.39990234375,986
2026-03-23 05:30:00+00:00,4325.89990234375,4359.60009765625,4323.7001953125,4359.60009765625,4038
2026-03-23 05:45:00+00:00,4314.10009765625,4329.60009765625,4305.5,4324.89990234375,5032
2026-03-23 06:00:00+00:00,4300.7998046875,4314.60009765625,4276.10009765625,4313.7998046875,8244
2026-03-23 06:15:00+00:00,4248.39990234375,4317.10009765625,4244.39990234375,4300.7998046875,7906
2026-03-23 06:30:00+00:00,4187.0,4255.5,4186.7001953125,4249.60009765625,9090
2026-03-23 06:45:00+00:00,4225.10009765625,4235.0,4166.0,4187.0,8836
2026-03-23 07:00:00+00:00,4130.89990234375,4227.0,4127.2001953125,4224.7998046875,8493
2026-03-23 07:15:00+00:00,4137.2001953125,4162.60009765625,4100.0,4132.0,9386
2026-03-23 07:30:00+00:00,4218.60009765625,4218.60009765625,4132.2998046875,4137.10009765625,8051
2026-03-23 07:45:00+00:00,4205.7001953125,4233.7998046875,4188.2998046875,4216.60009765625,6432
2026-03-23 08:00:00+00:00,4255.7001953125,4257.89990234375,4203.60009765625,4206.5,8081
2026-03-23 08:15:00+00:00,4228.60009765625,4258.60009765625,4212.2998046875,4255.7001953125,4561
2026-03-23 08:30:00+00:00,4258.39990234375,4273.2998046875,4225.0,4228.60009765625,4447
2026-03-23 08:45:00+00:00,4251.7001953125,4271.60009765625,4220.7001953125,4259.60009765625,4560
2026-03-23 09:00:00+00:00,4270.60009765625,4271.0,4246.89990234375,4252.60009765625,3470
2026-03-23 09:15:00+00:00,4306.0,4306.0,4269.7001953125,4271.10009765625,5084
2026-03-23 09:30:00+00:00,4225.0,4310.2998046875,4225.0,4305.7001953125,7053
2026-03-23 09:45:00+00:00,4254.5,4257.7001953125,4224.10009765625,4226.60009765625,3091
2026-03-23 10:00:00+00:00,4264.89990234375,4273.7998046875,4244.2998046875,4254.7001953125,2807
2026-03-23 10:15:00+00:00,4270.0,4276.0,4257.10009765625,4265.39990234375,1912
2026-03-23 10:30:00+00:00,4259.0,4270.7001953125,4241.7998046875,4270.2998046875,3109
2026-03-23 10:45:00+00:00,4270.0,4283.0,4250.7001953125,4257.89990234375,2380
2026-03-23 11:00:00+00:00,4458.5,4466.2998046875,4270.10009765625,4270.39990234375,12504
2026-03-23 11:15:00+00:00,4400.39990234375,4466.2998046875,4356.0,4458.89990234375,8725
2026-03-23 11:30:00+00:00,4414.2001953125,4434.5,4385.5,4402.39990234375,6100
2026-03-23 11:45:00+00:00,4379.2001953125,4420.10009765625,4363.39990234375,4414.0,5859
2026-03-23 12:00:00+00:00,4356.2001953125,4382.10009765625,4338.0,4380.10009765625,5562
2026-03-23 12:15:00+00:00,4391.7998046875,4407.7001953125,4354.10009765625,4354.2998046875,3925
2026-03-23 12:30:00+00:00,4443.2998046875,4443.7001953125,4375.5,4391.89990234375,4813
2026-03-23 12:45:00+00:00,4480.60009765625,4495.5,4434.10009765625,4443.5,7327
2026-03-23 13:00:00+00:00,4448.60009765625,4489.0,4432.2001953125,4481.60009765625,7440
2026-03-23 13:15:00+00:00,4412.5,4454.39990234375,4407.0,4448.7998046875,4612
2026-03-23 13:30:00+00:00,4425.60009765625,4452.7001953125,4404.0,4412.7001953125,6803
2026-03-23 13:45:00+00:00,4457.60009765625,4470.2001953125,4422.2998046875,4423.7998046875,4414
2026-03-23 14:00:00+00:00,4467.2001953125,4482.2998046875,4455.89990234375,4457.60009765625,5027
2026-03-23 14:15:00+00:00,4489.2001953125,4516.5,4464.10009765625,4467.60009765625,8174
2026-03-23 14:30:00+00:00,4482.0,4507.2998046875,4472.5,4488.7001953125,5487
2026-03-23 14:45:00+00:00,4463.5,4487.89990234375,4459.10009765625,4482.10009765625,5074
2026-03-23 15:00:00+00:00,4466.5,4488.89990234375,4456.60009765625,4464.39990234375,5754
2026-03-23 15:15:00+00:00,4448.2998046875,4470.2998046875,4428.5,4466.7998046875,6231
2026-03-23 15:30:00+00:00,4410.2998046875,4457.7001953125,4407.60009765625,4448.2998046875,4905
2026-03-23 15:45:00+00:00,4365.60009765625,4415.89990234375,4350.7998046875,4409.60009765625,8768
2026-03-23 16:00:00+00:00,4386.0,4392.2001953125,4354.10009765625,4364.10009765625,5441
2026-03-23 16:15:00+00:00,4357.2998046875,4391.5,4354.5,4385.39990234375,3812
2026-03-23 16:30:00+00:00,4389.2001953125,4390.5,4356.0,4357.5,3159
2026-03-23 16:45:00+00:00,4378.10009765625,4394.0,4373.5,4388.2998046875,2760
2026-03-23 17:00:00+00:00,4399.10009765625,4407.89990234375,4372.7001953125,4378.0,4651
2026-03-23 17:15:00+00:00,4407.2001953125,4416.2998046875,4390.39990234375,4400.0,8075
2026-03-23 17:30:00+00:00,4422.7001953125,4441.5,4405.7998046875,4407.39990234375,3611
2026-03-23 17:45:00+00:00,4428.7998046875,4432.0,4406.5,4422.2001953125,1710
2026-03-23 18:00:00+00:00,4425.0,4431.60009765625,4404.7998046875,4428.89990234375,1556
2026-03-23 18:15:00+00:00,4427.89990234375,4433.10009765625,4411.60009765625,4423.39990234375,1357
2026-03-23 18:30:00+00:00,4464.7001953125,4464.7001953125,4427.60009765625,4428.5,2192
2026-03-23 18:45:00+00:00,4451.0,4469.5,4448.39990234375,4463.7001953125,1728
2026-03-23 19:00:00+00:00,4408.39990234375,4452.5,4404.5,4451.60009765625,3215
2026-03-23 19:15:00+00:00,4412.2001953125,4416.5,4394.60009765625,4408.0,1946
2026-03-23 19:30:00+00:00,4419.10009765625,4419.10009765625,4403.39990234375,4412.7998046875,1566
2026-03-23 19:45:00+00:00,4401.5,4430.0,4399.39990234375,4418.89990234375,2514
2026-03-23 20:00:00+00:00,4405.7998046875,4411.10009765625,4385.0,4400.7001953125,1368
2026-03-23 20:15:00+00:00,4409.10009765625,4415.5,4406.60009765625,4406.7998046875,326
2026-03-23 20:30:00+00:00,4413.2001953125,4414.10009765625,4398.5,4409.7998046875,471
2026-03-23 20:45:00+00:00,4410.39990234375,4416.10009765625,4407.7998046875,4414.0,326
2026-03-23 22:00:00+00:00,4400.5,4423.10009765625,4363.5,4414.7998046875,895
2026-03-23 22:15:00+00:00,4416.89990234375,4417.7001953125,4391.5,4400.2001953125,864
2026-03-23 22:30:00+00:00,4411.7001953125,4418.7998046875,4400.7998046875,4416.7998046875,691
2026-03-23 22:45:00+00:00,4429.89990234375,4433.7998046875,4408.60009765625,4410.89990234375,707
2026-03-23 23:00:00+00:00,4438.5,4440.39990234375,4425.5,4428.7001953125,663
2026-03-23 23:15:00+00:00,4444.2998046875,4450.5,4436.0,4437.7998046875,981
2026-03-23 23:30:00+00:00,4434.0,4447.39990234375,4424.0,4443.0,740
2026-03-23 23:45:00+00:00,4442.7998046875,4448.2998046875,4424.2998046875,4433.2998046875,806
2026-03-24 00:00:00+00:00,4424.2001953125,4448.39990234375,4422.10009765625,4442.7001953125,1045
2026-03-24 00:15:00+00:00,4380.2998046875,4424.7001953125,4369.89990234375,4423.2998046875,2039
2026-03-24 00:30:00+00:00,4346.5,4389.7001953125,4329.0,4380.0,2789
2026-03-24 00:45:00+00:00,4366.89990234375,4389.2001953125,4345.5,4348.7001953125,1804
2026-03-24 01:00:00+00:00,4333.89990234375,4376.89990234375,4330.7001953125,4366.60009765625,3197
2026-03-24 01:15:00+00:00,4356.7998046875,4371.39990234375,4333.0,4333.7998046875,2012
2026-03-24 01:30:00+00:00,4323.10009765625,4369.7998046875,4322.60009765625,4356.89990234375,2075
2026-03-24 01:45:00+00:00,4323.39990234375,4333.10009765625,4309.2001953125,4322.60009765625,1947
2026-03-24 02:00:00+00:00,4312.5,4338.10009765625,4306.2998046875,4323.10009765625,1898
2026-03-24 02:15:00+00:00,4353.0,4354.10009765625,4310.0,4313.7001953125,1681
2026-03-24 02:30:00+00:00,4366.7998046875,4374.2998046875,4345.2998046875,4352.0,1714
2026-03-24 02:45:00+00:00,4366.89990234375,4380.10009765625,4352.10009765625,4367.60009765625,1328
2026-03-24 03:00:00+00:00,4358.7998046875,4368.60009765625,4350.5,4367.10009765625,925
2026-03-24 03:15:00+00:00,4365.39990234375,4368.39990234375,4356.89990234375,4358.7998046875,705
2026-03-24 03:30:00+00:00,4341.0,4365.7001953125,4338.2998046875,4365.10009765625,943
2026-03-24 03:45:00+00:00,4346.7998046875,4350.2001953125,4335.39990234375,4341.10009765625,500
2026-03-24 04:00:00+00:00,4351.0,4357.7001953125,4347.2001953125,4347.39990234375,530
2026-03-24 04:15:00+00:00,4339.60009765625,4350.7998046875,4327.0,4350.7998046875,1074
2026-03-24 04:30:00+00:00,4341.7998046875,4348.7998046875,4337.2998046875,4339.2998046875,485
2026-03-24 04:45:00+00:00,4334.0,4350.0,4332.60009765625,4341.10009765625,492
2026-03-24 05:00:00+00:00,4335.89990234375,4346.0,4319.89990234375,4334.5,1437
2026-03-24 05:15:00+00:00,4336.0,4347.39990234375,4335.10009765625,4336.2001953125,928
2026-03-24 05:30:00+00:00,4359.89990234375,4375.39990234375,4322.10009765625,4336.2001953125,2362
2026-03-24 05:45:00+00:00,4349.5,4371.5,4346.10009765625,4358.7998046875,1505
2026-03-24 06:00:00+00:00,4369.89990234375,4378.5,4345.5,4348.89990234375,1424
2026-03-24 06:15:00+00:00,4390.0,4398.89990234375,4362.0,4369.7001953125,1835
2026-03-24 06:30:00+00:00,4379.5,4399.5,4376.60009765625,4388.5,1204
2026-03-24 06:45:00+00:00,4403.7998046875,4406.7001953125,4375.89990234375,4380.10009765625,1650
2026-03-24 07:00:00+00:00,4426.5,4427.60009765625,4401.7998046875,4402.5,2614
2026-03-24 07:15:00+00:00,4413.7998046875,4427.2001953125,4407.5,4424.2001953125,1731
2026-03-24 07:30:00+00:00,4409.60009765625,4413.5,4401.0,4413.5,1641
2026-03-24 07:45:00+00:00,4420.2001953125,4437.60009765625,4403.0,4410.0,2486
2026-03-24 08:00:00+00:00,4416.89990234375,4423.60009765625,4404.2001953125,4420.10009765625,2330
2026-03-24 08:15:00+00:00,4398.10009765625,4419.5,4392.7001953125,4416.60009765625,3114
2026-03-24 08:30:00+00:00,4402.5,4407.39990234375,4393.2001953125,4397.2998046875,1139
2026-03-24 08:45:00+00:00,4413.5,4416.2998046875,4399.39990234375,4401.7998046875,2217
2026-03-24 09:00:00+00:00,4400.7001953125,4420.89990234375,4398.39990234375,4413.10009765625,1694
2026-03-24 09:15:00+00:00,4408.7001953125,4416.60009765625,4397.2998046875,4400.5,1645
2026-03-24 09:30:00+00:00,4417.7001953125,4422.7998046875,4406.10009765625,4408.10009765625,1523
2026-03-24 09:45:00+00:00,4427.7001953125,4432.2001953125,4413.60009765625,4417.5,1827
2026-03-24 10:00:00+00:00,4428.2001953125,4432.7998046875,4417.0,4428.0,2334
2026-03-24 10:15:00+00:00,4423.60009765625,4435.10009765625,4422.2001953125,4428.2001953125,1734
2026-03-24 10:30:00+00:00,4428.60009765625,4428.89990234375,4415.2001953125,4423.10009765625,1597
2026-03-24 10:45:00+00:00,4439.7001953125,4442.89990234375,4419.60009765625,4428.60009765625,1919
2026-03-24 11:00:00+00:00,4421.7001953125,4443.2001953125,4372.39990234375,4438.89990234375,6554
2026-03-24 11:15:00+00:00,4414.39990234375,4421.60009765625,4404.2001953125,4419.7998046875,1996
2026-03-24 11:30:00+00:00,4422.7998046875,4432.2001953125,4412.0,4413.2998046875,2252
2026-03-24 11:45:00+00:00,4408.0,4428.39990234375,4390.89990234375,4422.89990234375,3342
2026-03-24 12:00:00+00:00,4420.5,4422.89990234375,4405.0,4408.2001953125,2182
2026-03-24 12:15:00+00:00,4402.5,4427.60009765625,4396.2998046875,4420.7001953125,3440
2026-03-24 12:30:00+00:00,4368.89990234375,4407.0,4361.7001953125,4402.39990234375,6064
2026-03-24 12:45:00+00:00,4378.7001953125,4390.7998046875,4369.2998046875,4369.39990234375,3503
2026-03-24 13:00:00+00:00,4378.39990234375,4390.7001953125,4364.0,4379.0,4517
2026-03-24 13:15:00+00:00,4357.60009765625,4384.89990234375,4354.60009765625,4378.7001953125,4590
2026-03-24 13:30:00+00:00,4356.7001953125,4371.5,4350.39990234375,4356.2998046875,6101
2026-03-24 13:45:00+00:00,4382.5,4383.39990234375,4350.5,4357.5,4895
2026-03-24 14:00:00+00:00,4395.0,4405.0,4380.39990234375,4381.0,4901
2026-03-24 14:15:00+00:00,4409.7998046875,4415.39990234375,4388.7001953125,4395.5,3314
2026-03-24 14:30:00+00:00,4412.7998046875,4421.2998046875,4400.2998046875,4409.0,3120
2026-03-24 14:45:00+00:00,4416.2998046875,4435.0,4401.10009765625,4413.10009765625,5859
2026-03-24 15:00:00+00:00,4412.5,4421.10009765625,4396.5,4415.7998046875,4997
2026-03-24 15:15:00+00:00,4413.7998046875,4421.2001953125,4403.5,4412.0,3298
2026-03-24 15:30:00+00:00,4425.89990234375,4430.0,4411.10009765625,4414.10009765625,2539
2026-03-24 15:45:00+00:00,4412.7998046875,4431.2001953125,4410.2001953125,4425.5,3312
2026-03-24 16:00:00+00:00,4415.10009765625,4415.7001953125,4403.7001953125,4412.39990234375,2893
2026-03-24 16:15:00+00:00,4422.0,4427.10009765625,4412.7998046875,4414.7001953125,3738
2026-03-24 16:30:00+00:00,4425.2001953125,4425.39990234375,4409.60009765625,4422.10009765625,2932
2026-03-24 16:45:00+00:00,4422.2001953125,4428.89990234375,4419.5,4425.5,1994
2026-03-24 17:00:00+00:00,4398.10009765625,4427.60009765625,4388.7998046875,4422.2001953125,4332
2026-03-24 17:15:00+00:00,4401.0,4407.0,4395.2001953125,4398.39990234375,3464
2026-03-24 17:30:00+00:00,4378.2001953125,4401.0,4374.60009765625,4400.5,3532
2026-03-24 17:45:00+00:00,4388.2998046875,4395.5,4372.2001953125,4377.39990234375,2466
2026-03-24 18:00:00+00:00,4389.5,4394.0,4383.60009765625,4388.2998046875,1901
2026-03-24 18:15:00+00:00,4407.2001953125,4410.0,4387.0,4390.2998046875,1179
2026-03-24 18:30:00+00:00,4401.39990234375,4424.5,4396.2998046875,4407.7001953125,3225
2026-03-24 18:45:00+00:00,4390.89990234375,4403.0,4384.0,4401.2001953125,1598
2026-03-24 19:00:00+00:00,4405.0,4406.7998046875,4389.39990234375,4390.0,666
2026-03-24 19:15:00+00:00,4407.7998046875,4411.89990234375,4400.2998046875,4404.10009765625,1068
2026-03-24 19:30:00+00:00,4401.5,4408.0,4394.7998046875,4408.0,822
2026-03-24 19:45:00+00:00,4400.89990234375,4404.89990234375,4397.2998046875,4401.7001953125,1012
2026-03-24 20:00:00+00:00,4401.7001953125,4404.89990234375,4397.7001953125,4400.7998046875,514
2026-03-24 20:15:00+00:00,4456.89990234375,4485.60009765625,4399.7998046875,4401.89990234375,5028
2026-03-24 20:30:00+00:00,4461.60009765625,4474.39990234375,4448.5,4456.39990234375,2362
2026-03-24 20:45:00+00:00,4474.89990234375,4483.89990234375,4458.10009765625,4462.39990234375,1525
2026-03-24 22:00:00+00:00,4485.60009765625,4492.2998046875,4468.89990234375,4473.5,997
2026-03-24 22:15:00+00:00,4473.39990234375,4487.7001953125,4470.89990234375,4485.0,927
2026-03-24 22:30:00+00:00,4471.89990234375,4474.39990234375,4458.2001953125,4472.2001953125,918
2026-03-24 22:45:00+00:00,4487.7001953125,4487.7001953125,4470.0,4472.7001953125,574
2026-03-24 23:00:00+00:00,4487.89990234375,4488.60009765625,4475.39990234375,4487.5,1145
2026-03-24 23:15:00+00:00,4513.5,4513.60009765625,4485.89990234375,4487.2998046875,2231
2026-03-24 23:30:00+00:00,4543.10009765625,4550.0,4507.7001953125,4513.7998046875,3731
2026-03-24 23:45:00+00:00,4549.2001953125,4555.0,4534.89990234375,4541.60009765625,2226
2026-03-25 00:00:00+00:00,4552.89990234375,4557.7998046875,4540.5,4549.0,2703
2026-03-25 00:15:00+00:00,4555.60009765625,4559.5,4541.2001953125,4552.5,2647
2026-03-25 00:30:00+00:00,4568.39990234375,4571.2998046875,4549.0,4555.39990234375,3408
2026-03-25 00:45:00+00:00,4564.89990234375,4572.7998046875,4562.7998046875,4569.2001953125,2017
2026-03-25 01:00:00+00:00,4570.5,4578.7998046875,4553.2998046875,4564.7998046875,4151
2026-03-25 01:15:00+00:00,4575.60009765625,4579.0,4568.0,4570.7998046875,1803
2026-03-25 01:30:00+00:00,4583.60009765625,4590.0,4574.39990234375,4575.10009765625,4183
2026-03-25 01:45:00+00:00,4593.2001953125,4600.0,4582.10009765625,4583.5,3790
2026-03-25 02:00:00+00:00,4583.7998046875,4594.7001953125,4578.2998046875,4593.2998046875,2893
2026-03-25 02:15:00+00:00,4585.0,4591.0,4582.7001953125,4583.5,1385
2026-03-25 02:30:00+00:00,4592.10009765625,4595.7001953125,4579.7001953125,4585.7001953125,2090
2026-03-25 02:45:00+00:00,4581.89990234375,4601.0,4579.60009765625,4591.89990234375,2845
2026-03-25 03:00:00+00:00,4574.60009765625,4584.39990234375,4571.2998046875,4581.5,2348
2026-03-25 03:15:00+00:00,4574.0,4578.0,4570.0,4575.10009765625,1463
2026-03-25 03:30:00+00:00,4568.10009765625,4576.2998046875,4568.0,4574.0,1080
2026-03-25 03:45:00+00:00,4567.7998046875,4572.89990234375,4566.10009765625,4568.7001953125,1185
2026-03-25 04:00:00+00:00,4572.39990234375,4573.2001953125,4563.89990234375,4568.5,1214
2026-03-25 04:15:00+00:00,4572.60009765625,4573.0,4569.2998046875,4572.5,702
2026-03-25 04:30:00+00:00,4568.2001953125,4572.7001953125,4564.39990234375,4572.5,730
2026-03-25 04:45:00+00:00,4571.2001953125,4572.2998046875,4566.2001953125,4568.0,431
2026-03-25 05:00:00+00:00,4570.0,4572.0,4565.0,4571.10009765625,734
2026-03-25 05:15:00+00:00,4554.10009765625,4569.7998046875,4553.0,4569.7998046875,1781
2026-03-25 05:30:00+00:00,4565.5,4566.5,4546.7001953125,4553.7001953125,2022
2026-03-25 05:45:00+00:00,4555.0,4566.10009765625,4553.0,4565.89990234375,1373
2026-03-25 06:00:00+00:00,4533.7998046875,4556.0,4532.5,4555.0,2369
2026-03-25 06:15:00+00:00,4549.7001953125,4552.2998046875,4533.7001953125,4534.10009765625,2142
2026-03-25 06:30:00+00:00,4546.5,4556.10009765625,4543.89990234375,4550.0,1472
2026-03-25 06:45:00+00:00,4543.7998046875,4550.10009765625,4541.89990234375,4546.0,1634
2026-03-25 07:00:00+00:00,4555.39990234375,4557.7001953125,4543.39990234375,4543.89990234375,1927
2026-03-25 07:15:00+00:00,4559.5,4561.7998046875,4554.39990234375,4555.10009765625,2570
2026-03-25 07:30:00+00:00,4546.0,4559.7998046875,4541.5,4559.7998046875,2302
2026-03-25 07:45:00+00:00,4539.0,4549.39990234375,4536.7001953125,4546.0,2758
2026-03-25 08:00:00+00:00,4558.2001953125,4559.0,4535.60009765625,4539.2001953125,2905
2026-03-25 08:15:00+00:00,4565.2998046875,4568.7001953125,4556.89990234375,4558.2998046875,2600
2026-03-25 08:30:00+00:00,4564.7001953125,4567.5,4553.10009765625,4565.10009765625,2149
2026-03-25 08:45:00+00:00,4555.60009765625,4567.2001953125,4554.5,4565.0,2628
2026-03-25 09:00:00+00:00,4561.39990234375,4567.0,4553.5,4555.7001953125,1560
2026-03-25 09:15:00+00:00,4557.39990234375,4565.10009765625,4553.60009765625,4561.10009765625,1538
2026-03-25 09:30:00+00:00,4549.2998046875,4559.2001953125,4547.39990234375,4556.89990234375,2451
2026-03-25 09:45:00+00:00,4550.39990234375,4553.5,4525.7001953125,4549.0,4943
2026-03-25 10:00:00+00:00,4553.39990234375,4559.2001953125,4549.60009765625,4550.7001953125,2232
2026-03-25 10:15:00+00:00,4554.10009765625,4557.0,4550.2998046875,4553.2001953125,1453
2026-03-25 10:30:00+00:00,4550.89990234375,4557.60009765625,4549.5,4553.7001953125,1189
2026-03-25 10:45:00+00:00,4557.10009765625,4561.2998046875,4550.2001953125,4550.60009765625,1312
2026-03-25 11:00:00+00:00,4566.39990234375,4568.0,4554.60009765625,4557.5,1350
2026-03-25 11:15:00+00:00,4578.10009765625,4581.39990234375,4563.2001953125,4566.5,3048
2026-03-25 11:30:00+00:00,4582.10009765625,4586.2001953125,4578.39990234375,4578.39990234375,1880
2026-03-25 11:45:00+00:00,4577.39990234375,4582.60009765625,4571.2001953125,4582.39990234375,2083
2026-03-25 12:00:00+00:00,4576.2001953125,4582.5,4571.7001953125,4577.7998046875,2345
2026-03-25 12:15:00+00:00,4543.5,4577.7998046875,4538.2998046875,4576.2998046875,5799
2026-03-25 12:30:00+00:00,4546.39990234375,4553.0,4519.5,4543.7001953125,5853
2026-03-25 12:45:00+00:00,4542.39990234375,4551.39990234375,4534.60009765625,4545.7001953125,3119
2026-03-25 13:00:00+00:00,4558.10009765625,4570.0,4540.0,4542.7998046875,5325
2026-03-25 13:15:00+00:00,4567.60009765625,4568.89990234375,4550.10009765625,4558.5,2937
2026-03-25 13:30:00+00:00,4560.2001953125,4575.7998046875,4555.2998046875,4567.5,5783
2026-03-25 13:45:00+00:00,4543.2998046875,4562.39990234375,4539.2001953125,4560.0,6181
2026-03-25 14:00:00+00:00,4550.5,4553.60009765625,4531.2001953125,4543.2998046875,4077
2026-03-25 14:15:00+00:00,4561.10009765625,4561.10009765625,4544.60009765625,4552.2001953125,3978
2026-03-25 14:30:00+00:00,4564.10009765625,4567.60009765625,4555.60009765625,4561.2998046875,2960
2026-03-25 14:45:00+00:00,4565.2998046875,4577.60009765625,4562.2998046875,4564.2998046875,3169
2026-03-25 15:00:00+00:00,4548.10009765625,4567.60009765625,4547.7001953125,4565.2001953125,4732
2026-03-25 15:15:00+00:00,4559.2001953125,4560.0,4522.0,4547.7001953125,6754
2026-03-25 15:30:00+00:00,4555.7001953125,4563.89990234375,4553.39990234375,4559.2001953125,3943
2026-03-25 15:45:00+00:00,4557.39990234375,4564.10009765625,4552.2001953125,4556.0,2470
2026-03-25 16:00:00+00:00,4551.7001953125,4563.2001953125,4551.0,4557.10009765625,1940
2026-03-25 16:15:00+00:00,4553.60009765625,4559.60009765625,4543.5,4551.60009765625,3196
2026-03-25 16:30:00+00:00,4554.2998046875,4558.89990234375,4549.2998046875,4553.5,1536
2026-03-25 16:45:00+00:00,4553.39990234375,4557.60009765625,4548.0,4553.5,1617
2026-03-25 17:00:00+00:00,4549.39990234375,4556.2001953125,4541.0,4553.5,5572
2026-03-25 17:15:00+00:00,4551.2001953125,4556.2998046875,4540.7998046875,4549.5,6894
2026-03-25 17:30:00+00:00,4558.5,4561.7001953125,4548.0,4551.60009765625,4337
2026-03-25 17:45:00+00:00,4548.2001953125,4559.60009765625,4543.5,4558.39990234375,2291
2026-03-25 18:00:00+00:00,4548.2998046875,4566.60009765625,4543.0,4548.0,4740
2026-03-25 18:15:00+00:00,4549.5,4554.0,4543.7998046875,4549.39990234375,1303
2026-03-25 18:30:00+00:00,4547.0,4555.2998046875,4544.7001953125,4550.2998046875,1025
2026-03-25 18:45:00+00:00,4535.7001953125,4547.7001953125,4528.2001953125,4546.7001953125,2445
2026-03-25 19:00:00+00:00,4507.2998046875,4537.2998046875,4484.2998046875,4535.0,5959
2026-03-25 19:15:00+00:00,4510.39990234375,4516.5,4499.89990234375,4506.89990234375,2335
2026-03-25 19:30:00+00:00,4519.39990234375,4524.7998046875,4503.7001953125,4511.10009765625,1878
2026-03-25 19:45:00+00:00,4528.7001953125,4531.39990234375,4511.5,4520.0,2293
2026-03-25 20:00:00+00:00,4526.0,4539.60009765625,4520.10009765625,4528.2998046875,1429
2026-03-25 20:15:00+00:00,4520.7998046875,4531.7001953125,4519.7001953125,4527.0,576
2026-03-25 20:30:00+00:00,4501.7998046875,4522.39990234375,4492.89990234375,4521.0,1653
2026-03-25 20:45:00+00:00,4503.2998046875,4505.39990234375,4499.39990234375,4501.7998046875,650
2026-03-25 22:00:00+00:00,4509.2998046875,4528.7001953125,4504.60009765625,4508.89990234375,558
2026-03-25 22:15:00+00:00,4508.5,4516.10009765625,4501.89990234375,4509.39990234375,477
2026-03-25 22:30:00+00:00,4529.0,4531.10009765625,4504.2998046875,4507.7998046875,779
2026-03-25 22:45:00+00:00,4513.89990234375,4529.5,4509.10009765625,4528.10009765625,721
2026-03-25 23:00:00+00:00,4505.89990234375,4515.2001953125,4494.2001953125,4513.89990234375,1017
2026-03-25 23:15:00+00:00,4502.39990234375,4510.0,4493.5,4504.89990234375,730
2026-03-25 23:30:00+00:00,4491.60009765625,4507.89990234375,4485.60009765625,4501.7998046875,1191
2026-03-25 23:45:00+00:00,4495.2998046875,4496.60009765625,4487.7998046875,4491.7998046875,660
2026-03-26 00:00:00+00:00,4525.0,4525.0,4495.2001953125,4495.2998046875,1600
2026-03-26 00:15:00+00:00,4522.89990234375,4532.7998046875,4521.0,4524.2001953125,1286
2026-03-26 00:30:00+00:00,4525.2001953125,4529.7998046875,4521.89990234375,4522.10009765625,724
2026-03-26 00:45:00+00:00,4533.2998046875,4536.60009765625,4524.60009765625,4525.2001953125,957
2026-03-26 01:00:00+00:00,4534.89990234375,4541.60009765625,4528.2001953125,4533.0,1490
2026-03-26 01:15:00+00:00,4530.60009765625,4534.89990234375,4523.60009765625,4534.89990234375,944
2026-03-26 01:30:00+00:00,4526.7001953125,4534.2001953125,4522.5,4531.60009765625,553
2026-03-26 01:45:00+00:00,4532.0,4532.7998046875,4518.7001953125,4526.39990234375,716
2026-03-26 02:00:00+00:00,4529.0,4532.2998046875,4524.39990234375,4532.2998046875,389
2026-03-26 02:15:00+00:00,4525.10009765625,4529.39990234375,4520.7998046875,4528.2001953125,969
2026-03-26 02:30:00+00:00,4516.2998046875,4527.10009765625,4507.2001953125,4524.10009765625,1291
2026-03-26 02:45:00+00:00,4505.2001953125,4517.7001953125,4501.89990234375,4515.60009765625,893
2026-03-26 03:00:00+00:00,4507.7001953125,4507.7001953125,4497.7998046875,4505.10009765625,989
2026-03-26 03:15:00+00:00,4502.89990234375,4509.7998046875,4495.7998046875,4507.0,734
2026-03-26 03:30:00+00:00,4511.60009765625,4515.0,4502.7001953125,4502.7001953125,620
2026-03-26 03:45:00+00:00,4510.2001953125,4512.2998046875,4506.5,4511.60009765625,308
2026-03-26 04:00:00+00:00,4515.5,4515.7001953125,4508.0,4513.2998046875,523
2026-03-26 04:15:00+00:00,4517.10009765625,4518.2998046875,4512.5,4514.60009765625,419
2026-03-26 04:30:00+00:00,4514.39990234375,4518.7001953125,4512.89990234375,4517.60009765625,299
2026-03-26 04:45:00+00:00,4516.89990234375,4520.89990234375,4514.10009765625,4514.10009765625,508
2026-03-26 05:00:00+00:00,4505.10009765625,4518.7001953125,4503.7998046875,4517.0,1175
2026-03-26 05:15:00+00:00,4490.5,4508.0,4485.7001953125,4505.5,1140
2026-03-26 05:30:00+00:00,4479.7998046875,4492.0,4476.2001953125,4490.5,2539
2026-03-26 05:45:00+00:00,4435.0,4480.5,4434.89990234375,4478.89990234375,4634
2026-03-26 06:00:00+00:00,4417.5,4446.60009765625,4414.5,4434.7001953125,3687
2026-03-26 06:15:00+00:00,4437.2998046875,4438.2998046875,4412.10009765625,4419.2001953125,2185
2026-03-26 06:30:00+00:00,4443.89990234375,4444.0,4427.2001953125,4436.5,2127
2026-03-26 06:45:00+00:00,4452.89990234375,4456.39990234375,4440.2998046875,4444.0,2333
2026-03-26 07:00:00+00:00,4443.60009765625,4456.60009765625,4438.39990234375,4453.10009765625,1910
2026-03-26 07:15:00+00:00,4444.5,4447.89990234375,4434.2998046875,4444.39990234375,1990
2026-03-26 07:30:00+00:00,4457.2001953125,4460.5,4443.7998046875,4445.10009765625,2844
2026-03-26 07:45:00+00:00,4449.39990234375,4459.2001953125,4447.10009765625,4456.7001953125,1391
2026-03-26 08:00:00+00:00,4441.39990234375,4456.0,4436.89990234375,4448.7001953125,2225
2026-03-26 08:15:00+00:00,4425.10009765625,4443.5,4421.0,4441.7998046875,2959
2026-03-26 08:30:00+00:00,4416.89990234375,4434.2998046875,4409.2998046875,4425.10009765625,3409
2026-03-26 08:45:00+00:00,4424.7998046875,4436.89990234375,4415.5,4416.39990234375,3257
2026-03-26 09:00:00+00:00,4428.10009765625,4431.39990234375,4415.2998046875,4425.39990234375,2961
2026-03-26 09:15:00+00:00,4429.7998046875,4434.10009765625,4422.39990234375,4427.5,2378
2026-03-26 09:30:00+00:00,4421.7998046875,4429.2001953125,4412.10009765625,4429.2001953125,3066
2026-03-26 09:45:00+00:00,4421.2998046875,4425.2998046875,4414.2001953125,4421.2998046875,1926
2026-03-26 10:00:00+00:00,4422.60009765625,4425.89990234375,4414.60009765625,4421.10009765625,1581
2026-03-26 10:15:00+00:00,4439.2001953125,4445.2998046875,4422.2998046875,4422.2998046875,2282
2026-03-26 10:30:00+00:00,4424.89990234375,4441.5,4420.2001953125,4439.0,3603
2026-03-26 10:45:00+00:00,4440.2001953125,4444.2001953125,4422.10009765625,4424.60009765625,3728
2026-03-26 11:00:00+00:00,4438.0,4445.7998046875,4436.7998046875,4440.5,1667
2026-03-26 11:15:00+00:00,4439.7001953125,4453.10009765625,4436.39990234375,4438.2998046875,2887
2026-03-26 11:30:00+00:00,4437.5,4449.10009765625,4434.60009765625,4440.0,3504
2026-03-26 11:45:00+00:00,4419.7001953125,4439.60009765625,4415.89990234375,4437.89990234375,3788
2026-03-26 12:00:00+00:00,4439.5,4442.2998046875,4412.7001953125,4420.10009765625,3707
2026-03-26 12:15:00+00:00,4435.7998046875,4442.39990234375,4431.2998046875,4438.7998046875,2904
2026-03-26 12:30:00+00:00,4433.5,4442.5,4429.60009765625,4435.7998046875,2433
2026-03-26 12:45:00+00:00,4426.7998046875,4441.2998046875,4425.39990234375,4434.2998046875,4156
2026-03-26 13:00:00+00:00,4436.0,4442.5,4417.60009765625,4426.5,5335
2026-03-26 13:15:00+00:00,4445.7998046875,4451.2001953125,4431.89990234375,4436.0,3788
2026-03-26 13:30:00+00:00,4450.60009765625,4450.60009765625,4426.10009765625,4445.10009765625,5749
2026-03-26 13:45:00+00:00,4450.10009765625,4457.7998046875,4433.89990234375,4450.7998046875,6948
2026-03-26 14:00:00+00:00,4443.2001953125,4453.7001953125,4433.7001953125,4450.39990234375,3477
2026-03-26 14:15:00+00:00,4456.2998046875,4466.89990234375,4441.60009765625,4443.7998046875,7173
2026-03-26 14:30:00+00:00,4457.2001953125,4476.60009765625,4455.10009765625,4455.7998046875,6580
2026-03-26 14:45:00+00:00,4461.89990234375,4465.89990234375,4442.60009765625,4457.0,4498
2026-03-26 15:00:00+00:00,4452.5,4466.10009765625,4446.2998046875,4461.5,4766
2026-03-26 15:15:00+00:00,4451.2998046875,4455.2001953125,4445.7001953125,4452.7001953125,3158
2026-03-26 15:30:00+00:00,4436.10009765625,4450.5,4432.2001953125,4450.2998046875,5051
2026-03-26 15:45:00+00:00,4434.0,4442.7998046875,4429.7998046875,4436.10009765625,5061
2026-03-26 16:00:00+00:00,4436.0,4438.89990234375,4421.7998046875,4434.0,4779
2026-03-26 16:15:00+00:00,4392.2998046875,4435.89990234375,4380.60009765625,4435.89990234375,8968
2026-03-26 16:30:00+00:00,4377.2998046875,4391.5,4362.7998046875,4391.5,6911
2026-03-26 16:45:00+00:00,4385.2998046875,4388.5,4374.39990234375,4376.7998046875,4278
2026-03-26 17:00:00+00:00,4390.5,4398.5,4380.7998046875,4384.89990234375,4334
2026-03-26 17:15:00+00:00,4378.89990234375,4393.10009765625,4372.5,4390.89990234375,5610
2026-03-26 17:30:00+00:00,4381.2001953125,4388.89990234375,4373.2001953125,4379.0,4209
2026-03-26 17:45:00+00:00,4377.60009765625,4387.2998046875,4375.60009765625,4381.2001953125,2053
2026-03-26 18:00:00+00:00,4384.2998046875,4387.60009765625,4376.39990234375,4377.2001953125,2128
2026-03-26 18:15:00+00:00,4370.60009765625,4384.5,4363.7001953125,4384.5,2153
2026-03-26 18:30:00+00:00,4389.89990234375,4392.2998046875,4370.10009765625,4370.7998046875,1880
2026-03-26 18:45:00+00:00,4391.0,4394.5,4387.2998046875,4389.60009765625,1242
2026-03-26 19:00:00+00:00,4384.2001953125,4395.89990234375,4378.39990234375,4391.7001953125,1847
2026-03-26 19:15:00+00:00,4377.2998046875,4388.89990234375,4374.7001953125,4384.10009765625,1539
2026-03-26 19:30:00+00:00,4375.5,4384.89990234375,4371.7998046875,4377.5,1743
2026-03-26 19:45:00+00:00,4361.2998046875,4376.7001953125,4356.39990234375,4375.7998046875,2705
2026-03-26 20:00:00+00:00,4394.10009765625,4410.89990234375,4348.2001953125,4361.10009765625,5207
2026-03-26 20:15:00+00:00,4400.2001953125,4412.10009765625,4375.0,4394.60009765625,3334
2026-03-26 20:30:00+00:00,4401.2998046875,4416.7998046875,4393.0,4400.60009765625,1329
2026-03-26 20:45:00+00:00,4376.89990234375,4406.60009765625,4368.39990234375,4402.2001953125,2027
2026-03-26 22:00:00+00:00,4396.10009765625,4399.0,4369.10009765625,4371.7998046875,346
2026-03-26 22:15:00+00:00,4393.5,4403.10009765625,4389.2998046875,4396.10009765625,203
2026-03-26 22:30:00+00:00,4401.2998046875,4409.60009765625,4390.7001953125,4391.0,322
2026-03-26 22:45:00+00:00,4406.5,4406.5,4394.39990234375,4399.89990234375,230
2026-03-26 23:00:00+00:00,4387.89990234375,4408.5,4383.7998046875,4404.89990234375,480
2026-03-26 23:15:00+00:00,4393.60009765625,4394.7998046875,4385.7998046875,4385.7998046875,204
2026-03-26 23:30:00+00:00,4395.0,4402.2998046875,4390.0,4394.0,447
2026-03-26 23:45:00+00:00,4400.2998046875,4400.2998046875,4391.2001953125,4396.89990234375,480
2026-03-27 00:00:00+00:00,4399.89990234375,4405.2998046875,4398.2998046875,4399.39990234375,286
2026-03-27 00:15:00+00:00,4385.39990234375,4398.10009765625,4377.10009765625,4398.10009765625,320
2026-03-27 00:30:00+00:00,4385.60009765625,4390.7001953125,4381.60009765625,4387.7001953125,330
2026-03-27 00:45:00+00:00,4374.0,4385.7001953125,4370.5,4385.7001953125,232
2026-03-27 01:00:00+00:00,4387.60009765625,4393.89990234375,4372.2998046875,4372.2998046875,404
2026-03-27 01:15:00+00:00,4400.2998046875,4400.5,4386.39990234375,4388.7001953125,292
2026-03-27 01:30:00+00:00,4413.89990234375,4414.2998046875,4397.89990234375,4400.60009765625,453
2026-03-27 01:45:00+00:00,4411.39990234375,4414.0,4405.5,4412.7998046875,251
2026-03-27 02:00:00+00:00,4429.0,4433.60009765625,4413.39990234375,4413.39990234375,390
2026-03-27 02:15:00+00:00,4425.7998046875,4430.7001953125,4421.0,4428.7001953125,265
2026-03-27 02:30:00+00:00,4424.39990234375,4428.0,4419.7998046875,4425.7001953125,132
2026-03-27 02:45:00+00:00,4426.10009765625,4434.60009765625,4423.2998046875,4424.39990234375,172
2026-03-27 03:00:00+00:00,4423.7998046875,4428.7998046875,4415.0,4427.0,184
2026-03-27 03:15:00+00:00,4430.0,4430.7998046875,4422.7001953125,4423.2001953125,130
2026-03-27 03:30:00+00:00,4433.5,4440.2001953125,4426.2001953125,4430.2001953125,165
2026-03-27 03:45:00+00:00,4432.0,4433.2001953125,4428.0,4430.39990234375,86
2026-03-27 04:00:00+00:00,4428.89990234375,4434.2001953125,4427.5,4431.7998046875,66
2026-03-27 04:15:00+00:00,4428.0,4432.0,4426.2001953125,4427.0,74
2026-03-27 04:30:00+00:00,4434.7998046875,4436.2998046875,4428.7998046875,4429.39990234375,87
2026-03-27 04:45:00+00:00,4440.89990234375,4444.2001953125,4436.2001953125,4436.2001953125,173
2026-03-27 05:00:00+00:00,4439.60009765625,4441.2001953125,4437.2998046875,4440.10009765625,366
2026-03-27 05:15:00+00:00,4437.2001953125,4441.5,4434.7001953125,4439.0,357
2026-03-27 05:30:00+00:00,4460.2001953125,4469.2998046875,4437.2998046875,4437.2998046875,512
2026-03-27 05:45:00+00:00,4448.89990234375,4462.2001953125,4447.2998046875,4459.89990234375,206
2026-03-27 06:00:00+00:00,4464.7001953125,4466.7998046875,4446.0,4448.0,319
2026-03-27 06:15:00+00:00,4457.0,4465.10009765625,4452.7001953125,4464.7998046875,131
2026-03-27 06:30:00+00:00,4459.2001953125,4462.60009765625,4455.0,4456.7998046875,154
2026-03-27 06:45:00+00:00,4453.60009765625,4459.2001953125,4449.10009765625,4458.5,199
2026-03-27 07:00:00+00:00,4449.0,4456.7001953125,4441.2001953125,4453.10009765625,694
2026-03-27 07:15:00+00:00,4446.60009765625,4451.10009765625,4444.60009765625,4449.0,346
2026-03-27 07:30:00+00:00,4475.2001953125,4483.2001953125,4445.39990234375,4445.60009765625,28764
2026-03-27 07:45:00+00:00,4475.2001953125,4481.0,4470.39990234375,4475.5,3549
2026-03-27 08:00:00+00:00,4474.5,4478.2001953125,4470.2998046875,4475.2998046875,2187
2026-03-27 08:15:00+00:00,4461.7998046875,4474.89990234375,4458.10009765625,4474.2998046875,2638
2026-03-27 08:30:00+00:00,4462.5,4467.2998046875,4456.39990234375,4461.7001953125,1556
2026-03-27 08:45:00+00:00,4452.10009765625,4466.10009765625,4451.2998046875,4462.60009765625,1503
2026-03-27 09:00:00+00:00,4457.5,4459.0,4448.2998046875,4452.0,2045
2026-03-27 09:15:00+00:00,4462.5,4464.10009765625,4456.2998046875,4457.39990234375,1293
2026-03-27 09:30:00+00:00,4461.10009765625,4466.2001953125,4458.10009765625,4462.60009765625,998
2026-03-27 09:45:00+00:00,4457.2001953125,4461.2001953125,4455.7998046875,4461.0,1538
2026-03-27 10:00:00+00:00,4454.2998046875,4461.0,4452.0,4457.2001953125,1302
2026-03-27 10:15:00+00:00,4457.10009765625,4459.7998046875,4452.10009765625,4454.60009765625,2644
2026-03-27 10:30:00+00:00,4443.7001953125,4458.39990234375,4440.2998046875,4457.10009765625,2706
2026-03-27 10:45:00+00:00,4442.7998046875,4446.89990234375,4438.60009765625,4443.60009765625,1812
2026-03-27 11:00:00+00:00,4441.10009765625,4445.2001953125,4432.2001953125,4443.2998046875,2828
2026-03-27 11:15:00+00:00,4442.89990234375,4444.7998046875,4435.5,4441.10009765625,1474
2026-03-27 11:30:00+00:00,4449.39990234375,4449.39990234375,4441.2998046875,4443.0,1915
2026-03-27 11:45:00+00:00,4447.5,4453.7001953125,4442.89990234375,4449.39990234375,2859
2026-03-27 12:00:00+00:00,4452.10009765625,4454.2001953125,4439.7998046875,4447.60009765625,1841
2026-03-27 12:15:00+00:00,4456.7998046875,4461.60009765625,4444.2001953125,4452.10009765625,3244
2026-03-27 12:30:00+00:00,4460.7001953125,4464.60009765625,4451.7998046875,4457.0,2013
2026-03-27 12:45:00+00:00,4465.39990234375,4472.39990234375,4461.10009765625,4461.10009765625,2706
2026-03-27 13:00:00+00:00,4456.5,4471.2001953125,4451.5,4465.5,4220
2026-03-27 13:15:00+00:00,4449.2001953125,4469.5,4445.0,4456.60009765625,3762
2026-03-27 13:30:00+00:00,4457.2998046875,4459.7998046875,4441.0,4449.89990234375,5631
2026-03-27 13:45:00+00:00,4458.60009765625,4470.0,4449.0,4457.60009765625,2944
2026-03-27 14:00:00+00:00,4488.7998046875,4492.10009765625,4459.0,4460.5,6106
2026-03-27 14:15:00+00:00,4484.2001953125,4499.5,4481.10009765625,4488.39990234375,5564
2026-03-27 14:30:00+00:00,4492.7001953125,4493.0,4480.60009765625,4483.89990234375,3392
2026-03-27 14:45:00+00:00,4540.10009765625,4545.5,4492.5,4493.0,10529
2026-03-27 15:00:00+00:00,4555.60009765625,4564.2001953125,4531.60009765625,4540.2998046875,11172
2026-03-27 15:15:00+00:00,4573.10009765625,4585.2998046875,4552.60009765625,4558.89990234375,7469
2026-03-27 15:30:00+00:00,4562.10009765625,4582.7998046875,4556.89990234375,4573.7001953125,4788
2026-03-27 15:45:00+00:00,4554.39990234375,4566.60009765625,4551.2998046875,4562.2001953125,3076
2026-03-27 16:00:00+00:00,4558.60009765625,4563.2998046875,4548.10009765625,4554.60009765625,2409
2026-03-27 16:15:00+00:00,4558.7998046875,4563.7998046875,4554.89990234375,4558.0,4234
2026-03-27 16:30:00+00:00,4541.60009765625,4559.10009765625,4535.7998046875,4558.5,5760
2026-03-27 16:45:00+00:00,4546.5,4551.7998046875,4537.89990234375,4541.60009765625,2718
2026-03-27 17:00:00+00:00,4541.7001953125,4552.7001953125,4536.89990234375,4546.5,4664
2026-03-27 17:15:00+00:00,4524.7001953125,4542.2001953125,4516.7998046875,4541.89990234375,6075
2026-03-27 17:30:00+00:00,4520.7001953125,4530.39990234375,4516.2001953125,4524.39990234375,3849
2026-03-27 17:45:00+00:00,4515.5,4529.39990234375,4515.0,4521.10009765625,2373
2026-03-27 18:00:00+00:00,4527.60009765625,4528.39990234375,4515.7998046875,4515.7998046875,1528
2026-03-27 18:15:00+00:00,4539.0,4540.60009765625,4528.39990234375,4528.39990234375,2027
2026-03-27 18:30:00+00:00,4555.39990234375,4558.2998046875,4538.2998046875,4538.89990234375,2207
2026-03-27 18:45:00+00:00,4546.10009765625,4555.10009765625,4542.60009765625,4554.7001953125,1157
2026-03-27 19:00:00+00:00,4540.39990234375,4548.5,4536.0,4547.10009765625,1267
2026-03-27 19:15:00+00:00,4552.10009765625,4553.10009765625,4539.39990234375,4539.7001953125,1061
2026-03-27 19:30:00+00:00,4539.0,4555.2001953125,4529.39990234375,4552.10009765625,1766
2026-03-27 19:45:00+00:00,4543.10009765625,4551.39990234375,4532.2001953125,4538.39990234375,2002
2026-03-27 20:00:00+00:00,4538.7001953125,4549.2998046875,4535.0,4543.5,1156
2026-03-27 20:15:00+00:00,4535.7001953125,4539.10009765625,4532.7998046875,4539.0,839
2026-03-27 20:30:00+00:00,4533.89990234375,4540.89990234375,4526.7001953125,4535.39990234375,1137
2026-03-27 20:45:00+00:00,4520.5,4533.7998046875,4518.89990234375,4533.7998046875,1249
2026-03-29 22:00:00+00:00,4522.2998046875,4527.2001953125,4506.2998046875,4510.10009765625,534
2026-03-29 22:15:00+00:00,4534.60009765625,4538.0,4515.2001953125,4523.10009765625,1385
2026-03-29 22:30:00+00:00,4518.2998046875,4538.89990234375,4516.60009765625,4535.39990234375,942
2026-03-29 22:45:00+00:00,4512.2998046875,4523.2998046875,4507.60009765625,4520.0,1115
2026-03-29 23:00:00+00:00,4506.60009765625,4521.10009765625,4493.0,4513.39990234375,1414
2026-03-29 23:15:00+00:00,4500.0,4513.2001953125,4499.60009765625,4506.60009765625,595
2026-03-29 23:30:00+00:00,4479.7001953125,4500.5,4473.0,4500.0,2594
2026-03-29 23:45:00+00:00,4476.89990234375,4483.89990234375,4472.0,4481.0,1265
2026-03-30 00:00:00+00:00,4453.5,4479.7001953125,4444.7001953125,4477.0,2876
2026-03-30 00:15:00+00:00,4477.39990234375,4494.2001953125,4451.10009765625,4453.7998046875,3679
2026-03-30 00:30:00+00:00,4466.5,4486.60009765625,4463.2998046875,4477.5,1278
2026-03-30 00:45:00+00:00,4461.2001953125,4471.0,4458.7001953125,4467.10009765625,1339
2026-03-30 01:00:00+00:00,4488.10009765625,4491.2001953125,4460.2998046875,4460.60009765625,3133
2026-03-30 01:15:00+00:00,4477.2998046875,4495.60009765625,4475.0,4488.7001953125,1286
2026-03-30 01:30:00+00:00,4500.10009765625,4506.39990234375,4474.5,4477.7001953125,1833
2026-03-30 01:45:00+00:00,4498.5,4505.0,4491.7001953125,4501.0,1006
2026-03-30 02:00:00+00:00,4502.5,4503.7001953125,4494.5,4498.7998046875,817
2026-03-30 02:15:00+00:00,4502.10009765625,4503.7001953125,4495.60009765625,4502.39990234375,694
2026-03-30 02:30:00+00:00,4524.10009765625,4528.7001953125,4487.7998046875,4501.0,1616
2026-03-30 02:45:00+00:00,4510.89990234375,4525.7001953125,4508.7001953125,4523.2998046875,1327
2026-03-30 03:00:00+00:00,4534.39990234375,4538.7998046875,4508.10009765625,4510.39990234375,1538
2026-03-30 03:15:00+00:00,4536.7998046875,4548.0,4533.7998046875,4534.89990234375,1807
2026-03-30 03:30:00+00:00,4533.5,4537.7998046875,4529.7998046875,4536.60009765625,771
2026-03-30 03:45:00+00:00,4528.10009765625,4537.60009765625,4526.0,4533.0,619
2026-03-30 04:00:00+00:00,4517.7998046875,4528.5,4516.2998046875,4526.5,761
2026-03-30 04:15:00+00:00,4520.60009765625,4525.2001953125,4517.2001953125,4518.0,487
2026-03-30 04:30:00+00:00,4517.89990234375,4521.10009765625,4514.89990234375,4520.7998046875,613
2026-03-30 04:45:00+00:00,4526.7998046875,4528.5,4516.2998046875,4517.60009765625,660
2026-03-30 05:00:00+00:00,4534.2998046875,4537.7998046875,4526.60009765625,4526.7998046875,856
2026-03-30 05:15:00+00:00,4534.89990234375,4545.5,4533.39990234375,4535.2998046875,917
2026-03-30 05:30:00+00:00,4539.10009765625,4544.5,4532.2998046875,4534.89990234375,763
2026-03-30 05:45:00+00:00,4551.5,4557.39990234375,4539.39990234375,4540.0,1389
2026-03-30 06:00:00+00:00,4558.60009765625,4562.7998046875,4545.7001953125,4551.60009765625,1492
2026-03-30 06:15:00+00:00,4556.7998046875,4563.7001953125,4554.89990234375,4558.5,830
2026-03-30 06:30:00+00:00,4569.0,4570.2001953125,4554.2001953125,4557.60009765625,1461
2026-03-30 06:45:00+00:00,4560.0,4579.2001953125,4558.7001953125,4568.7001953125,2253
2026-03-30 07:00:00+00:00,4562.10009765625,4562.2998046875,4551.39990234375,4559.60009765625,1899
2026-03-30 07:15:00+00:00,4550.60009765625,4562.7998046875,4548.0,4561.89990234375,1371
2026-03-30 07:30:00+00:00,4548.89990234375,4553.5,4543.2998046875,4550.0,1517
2026-03-30 07:45:00+00:00,4555.2001953125,4555.7001953125,4546.7998046875,4549.5,701
2026-03-30 08:00:00+00:00,4561.60009765625,4565.0,4552.7001953125,4555.10009765625,1690
2026-03-30 08:15:00+00:00,4556.5,4563.7001953125,4553.10009765625,4561.39990234375,1423
2026-03-30 08:30:00+00:00,4561.10009765625,4566.0,4556.2998046875,4556.2998046875,1197
2026-03-30 08:45:00+00:00,4566.89990234375,4569.0,4561.0,4561.5,1071
2026-03-30 09:00:00+00:00,4558.0,4569.39990234375,4556.5,4566.60009765625,1229
2026-03-30 09:15:00+00:00,4556.2001953125,4565.2998046875,4551.2998046875,4557.7001953125,1804
2026-03-30 09:30:00+00:00,4566.10009765625,4566.7001953125,4552.5,4555.89990234375,1159
2026-03-30 09:45:00+00:00,4562.0,4567.2001953125,4557.39990234375,4566.10009765625,1086
2026-03-30 10:00:00+00:00,4561.89990234375,4565.60009765625,4558.5,4561.89990234375,826
2026-03-30 10:15:00+00:00,4560.2001953125,4569.2001953125,4556.60009765625,4563.0,1294
2026-03-30 10:30:00+00:00,4562.39990234375,4563.2998046875,4557.2001953125,4560.2001953125,766
2026-03-30 10:45:00+00:00,4561.2001953125,4564.7001953125,4557.5,4562.89990234375,750
2026-03-30 11:00:00+00:00,4567.2001953125,4569.60009765625,4553.89990234375,4561.39990234375,1169
2026-03-30 11:15:00+00:00,4573.0,4578.0,4564.2001953125,4567.60009765625,2557
2026-03-30 11:30:00+00:00,4595.10009765625,4595.10009765625,4568.0,4573.5,2370
2026-03-30 11:45:00+00:00,4589.0,4611.39990234375,4585.7998046875,4595.0,4561
2026-03-30 12:00:00+00:00,4586.2998046875,4591.39990234375,4574.60009765625,4589.5,2919
2026-03-30 12:15:00+00:00,4596.10009765625,4598.39990234375,4585.5,4586.10009765625,1886
2026-03-30 12:30:00+00:00,4604.10009765625,4608.10009765625,4594.2998046875,4595.7998046875,2135
2026-03-30 12:45:00+00:00,4599.60009765625,4604.10009765625,4593.89990234375,4604.10009765625,1827
2026-03-30 13:00:00+00:00,4595.7001953125,4609.0,4591.2998046875,4599.89990234375,2328
2026-03-30 13:15:00+00:00,4598.0,4601.2998046875,4589.0,4595.5,1705
2026-03-30 13:30:00+00:00,4574.39990234375,4603.89990234375,4573.0,4597.39990234375,4553
2026-03-30 13:45:00+00:00,4553.7001953125,4578.7001953125,4546.7001953125,4574.7001953125,5970
2026-03-30 14:00:00+00:00,4564.2998046875,4566.5,4547.2001953125,4553.2001953125,5012
2026-03-30 14:15:00+00:00,4549.0,4565.2998046875,4542.0,4563.7001953125,2706
2026-03-30 14:30:00+00:00,4553.0,4565.2001953125,4547.39990234375,4548.7998046875,2377
2026-03-30 14:45:00+00:00,4569.2001953125,4571.89990234375,4551.89990234375,4552.7001953125,2801
2026-03-30 15:00:00+00:00,4563.2001953125,4574.0,4562.2998046875,4569.0,1914
2026-03-30 15:15:00+00:00,4561.7001953125,4564.39990234375,4554.5,4563.2998046875,2422
2026-03-30 15:30:00+00:00,4581.7998046875,4583.5,4557.5,4561.7001953125,2267
2026-03-30 15:45:00+00:00,4578.10009765625,4587.10009765625,4574.89990234375,4581.89990234375,3245
2026-03-30 16:00:00+00:00,4574.39990234375,4580.0,4568.10009765625,4578.39990234375,1655
2026-03-30 16:15:00+00:00,4566.60009765625,4579.0,4566.60009765625,4574.0,1915
2026-03-30 16:30:00+00:00,4578.2998046875,4578.2998046875,4560.10009765625,4566.60009765625,1930
2026-03-30 16:45:00+00:00,4569.5,4578.60009765625,4566.2998046875,4578.10009765625,1262
2026-03-30 17:00:00+00:00,4551.7998046875,4572.0,4548.5,4569.10009765625,2075
2026-03-30 17:15:00+00:00,4557.0,4560.89990234375,4549.7001953125,4551.7998046875,2038
2026-03-30 17:30:00+00:00,4554.60009765625,4557.0,4544.2998046875,4556.89990234375,2100
2026-03-30 17:45:00+00:00,4544.7998046875,4558.89990234375,4540.89990234375,4554.10009765625,2180
2026-03-30 18:00:00+00:00,4548.7001953125,4553.10009765625,4543.10009765625,4545.10009765625,1633
2026-03-30 18:15:00+00:00,4543.89990234375,4551.7001953125,4540.89990234375,4549.10009765625,848
2026-03-30 18:30:00+00:00,4545.39990234375,4549.5,4542.2001953125,4544.10009765625,858
2026-03-30 18:45:00+00:00,4528.7998046875,4548.60009765625,4528.0,4545.2001953125,1859
2026-03-30 19:00:00+00:00,4527.2001953125,4534.7998046875,4523.0,4528.5,1666
2026-03-30 19:15:00+00:00,4531.5,4534.10009765625,4522.7001953125,4527.39990234375,1015
2026-03-30 19:30:00+00:00,4534.7998046875,4542.89990234375,4527.7001953125,4531.7001953125,1351
2026-03-30 19:45:00+00:00,4543.2001953125,4548.2998046875,4534.60009765625,4534.60009765625,1293
2026-03-30 20:00:00+00:00,4537.60009765625,4547.0,4535.39990234375,4543.7001953125,887
2026-03-30 20:15:00+00:00,4535.39990234375,4539.7001953125,4531.7001953125,4538.7001953125,321
2026-03-30 20:30:00+00:00,4532.7998046875,4536.7001953125,4530.2001953125,4536.0,366
2026-03-30 20:45:00+00:00,4540.39990234375,4540.89990234375,4532.10009765625,4532.7998046875,396
2026-03-30 22:00:00+00:00,4537.89990234375,4552.5,4536.2001953125,4538.89990234375,364
2026-03-30 22:15:00+00:00,4543.0,4544.10009765625,4530.5,4538.10009765625,657
2026-03-30 22:30:00+00:00,4537.10009765625,4548.10009765625,4536.7001953125,4543.89990234375,202
2026-03-30 22:45:00+00:00,4539.39990234375,4544.39990234375,4537.2998046875,4537.39990234375,282
2026-03-30 23:00:00+00:00,4527.2001953125,4539.10009765625,4520.7998046875,4539.10009765625,793
2026-03-30 23:15:00+00:00,4533.39990234375,4538.60009765625,4526.0,4526.39990234375,398
2026-03-30 23:30:00+00:00,4546.60009765625,4548.0,4532.0,4533.10009765625,459
2026-03-30 23:45:00+00:00,4542.10009765625,4550.10009765625,4535.7998046875,4546.2998046875,489
2026-03-31 00:00:00+00:00,4543.5,4556.39990234375,4538.60009765625,4541.39990234375,1029
2026-03-31 00:15:00+00:00,4539.5,4546.60009765625,4510.0,4545.0,2395
2026-03-31 00:30:00+00:00,4564.60009765625,4566.10009765625,4534.0,4538.7998046875,1841
2026-03-31 00:45:00+00:00,4576.60009765625,4577.2998046875,4563.0,4565.10009765625,2092
2026-03-31 01:00:00+00:00,4572.7001953125,4579.89990234375,4560.89990234375,4576.5,1673
2026-03-31 01:15:00+00:00,4611.0,4615.10009765625,4571.89990234375,4573.10009765625,4442
2026-03-31 01:30:00+00:00,4647.7998046875,4649.5,4608.2998046875,4611.5,4776
2026-03-31 01:45:00+00:00,4635.5,4649.39990234375,4626.2001953125,4648.2001953125,3126
2026-03-31 02:00:00+00:00,4619.7001953125,4637.60009765625,4617.0,4634.7001953125,1872
2026-03-31 02:15:00+00:00,4612.2001953125,4622.39990234375,4608.89990234375,4619.5,1081
2026-03-31 02:30:00+00:00,4616.7998046875,4618.2001953125,4608.89990234375,4612.5,1266
2026-03-31 02:45:00+00:00,4597.7998046875,4617.7001953125,4595.7001953125,4616.89990234375,1375
2026-03-31 03:00:00+00:00,4600.0,4607.2998046875,4596.0,4597.5,1017
2026-03-31 03:15:00+00:00,4591.7001953125,4600.7998046875,4585.5,4600.39990234375,1059
2026-03-31 03:30:00+00:00,4580.2998046875,4595.5,4579.10009765625,4591.10009765625,953
2026-03-31 03:45:00+00:00,4584.89990234375,4586.2998046875,4578.5,4580.2001953125,665
2026-03-31 04:00:00+00:00,4586.0,4594.2998046875,4585.5,4585.89990234375,857
2026-03-31 04:15:00+00:00,4590.0,4597.7998046875,4585.7001953125,4586.5,819
2026-03-31 04:30:00+00:00,4592.5,4593.89990234375,4588.39990234375,4589.7998046875,385
2026-03-31 04:45:00+00:00,4592.89990234375,4597.39990234375,4589.2001953125,4592.89990234375,707
2026-03-31 05:00:00+00:00,4578.7001953125,4598.7001953125,4575.7001953125,4592.7001953125,1064
2026-03-31 05:15:00+00:00,4589.89990234375,4596.39990234375,4577.7998046875,4578.0,872
2026-03-31 05:30:00+00:00,4605.2001953125,4608.2998046875,4587.2998046875,4589.2998046875,1624
2026-03-31 05:45:00+00:00,4597.0,4610.2001953125,4595.7001953125,4605.10009765625,1183
2026-03-31 06:00:00+00:00,4588.0,4596.7001953125,4584.7001953125,4596.7001953125,1540
2026-03-31 06:15:00+00:00,4589.60009765625,4593.60009765625,4581.39990234375,4587.7998046875,1054
2026-03-31 06:30:00+00:00,4587.89990234375,4594.5,4585.0,4589.39990234375,869
2026-03-31 06:45:00+00:00,4586.39990234375,4591.0,4583.2998046875,4588.60009765625,642
2026-03-31 07:00:00+00:00,4581.89990234375,4593.10009765625,4578.5,4586.89990234375,1108
2026-03-31 07:15:00+00:00,4581.39990234375,4586.2998046875,4571.7998046875,4581.5,1422
2026-03-31 07:30:00+00:00,4589.60009765625,4591.5,4581.39990234375,4581.5,1497
2026-03-31 07:45:00+00:00,4594.7001953125,4596.0,4587.2001953125,4590.60009765625,1305
2026-03-31 08:00:00+00:00,4596.2998046875,4603.39990234375,4590.60009765625,4594.5,1950
2026-03-31 08:15:00+00:00,4602.7001953125,4603.60009765625,4595.2998046875,4596.10009765625,1376
2026-03-31 08:30:00+00:00,4601.5,4605.5,4597.89990234375,4602.39990234375,1008
2026-03-31 08:45:00+00:00,4599.0,4604.5,4597.7998046875,4601.89990234375,1247
2026-03-31 09:00:00+00:00,4597.7001953125,4602.7001953125,4593.2998046875,4599.2998046875,1340
2026-03-31 09:15:00+00:00,4592.5,4601.0,4592.0,4597.39990234375,802
2026-03-31 09:30:00+00:00,4585.39990234375,4592.7001953125,4580.10009765625,4592.2998046875,1816
2026-03-31 09:45:00+00:00,4585.2998046875,4592.10009765625,4580.7998046875,4585.60009765625,888
2026-03-31 10:00:00+00:00,4586.5,4591.60009765625,4584.5,4584.7001953125,645
2026-03-31 10:15:00+00:00,4590.0,4590.89990234375,4585.2998046875,4585.89990234375,495
2026-03-31 10:30:00+00:00,4570.7998046875,4590.39990234375,4558.89990234375,4589.60009765625,2590
2026-03-31 10:45:00+00:00,4576.60009765625,4582.60009765625,4569.60009765625,4570.2998046875,1539
2026-03-31 11:00:00+00:00,4581.2998046875,4594.89990234375,4571.0,4577.5,1882
2026-03-31 11:15:00+00:00,4605.60009765625,4614.10009765625,4580.0,4582.10009765625,3534
2026-03-31 11:30:00+00:00,4622.5,4623.89990234375,4599.10009765625,4605.89990234375,2803
2026-03-31 11:45:00+00:00,4612.7998046875,4623.60009765625,4606.89990234375,4622.89990234375,1685
2026-03-31 12:00:00+00:00,4606.2001953125,4628.0,4604.39990234375,4613.2998046875,3086
2026-03-31 12:15:00+00:00,4609.2001953125,4613.39990234375,4601.7998046875,4605.7001953125,3005
2026-03-31 12:30:00+00:00,4609.5,4620.7001953125,4607.89990234375,4609.60009765625,1382
2026-03-31 12:45:00+00:00,4604.5,4611.5,4599.39990234375,4609.0,1289
2026-03-31 13:00:00+00:00,4611.60009765625,4613.60009765625,4597.7998046875,4605.39990234375,1485
2026-03-31 13:15:00+00:00,4603.0,4617.7998046875,4603.0,4610.89990234375,1337
2026-03-31 13:30:00+00:00,4618.0,4619.7001953125,4598.2998046875,4603.0,3264
2026-03-31 13:45:00+00:00,4637.2998046875,4640.0,4615.0,4618.39990234375,7957
2026-03-31 14:00:00+00:00,4646.2001953125,4656.10009765625,4632.39990234375,4637.2001953125,6460
2026-03-31 14:15:00+00:00,4649.2001953125,4650.60009765625,4632.7998046875,4645.7998046875,2761
2026-03-31 14:30:00+00:00,4638.5,4662.0,4634.2998046875,4649.7001953125,4104
2026-03-31 14:45:00+00:00,4628.7001953125,4641.7001953125,4625.2998046875,4638.60009765625,3774
2026-03-31 15:00:00+00:00,4653.7001953125,4654.5,4629.2998046875,4629.5,3032
2026-03-31 15:15:00+00:00,4640.2998046875,4655.7998046875,4638.10009765625,4653.60009765625,3587
2026-03-31 15:30:00+00:00,4651.5,4652.2001953125,4637.2998046875,4640.5,1934
2026-03-31 15:45:00+00:00,4640.0,4654.39990234375,4638.2998046875,4651.60009765625,1829
2026-03-31 16:00:00+00:00,4642.89990234375,4650.2001953125,4637.5,4640.10009765625,1430
2026-03-31 16:15:00+00:00,4648.7001953125,4649.2998046875,4639.89990234375,4642.2998046875,1803
2026-03-31 16:30:00+00:00,4673.10009765625,4682.7001953125,4645.7998046875,4648.7001953125,4992
2026-03-31 16:45:00+00:00,4669.10009765625,4681.0,4661.7998046875,4673.10009765625,3549
2026-03-31 17:00:00+00:00,4673.60009765625,4686.7001953125,4667.0,4669.2001953125,3361
2026-03-31 17:15:00+00:00,4679.5,4690.5,4671.2001953125,4673.39990234375,4854
2026-03-31 17:30:00+00:00,4691.7998046875,4697.0,4676.5,4679.7001953125,4023
2026-03-31 17:45:00+00:00,4685.5,4698.5,4684.0,4691.7998046875,2312
2026-03-31 18:00:00+00:00,4697.0,4701.10009765625,4684.10009765625,4685.0,2492
2026-03-31 18:15:00+00:00,4694.89990234375,4699.89990234375,4690.89990234375,4697.39990234375,957
2026-03-31 18:30:00+00:00,4698.39990234375,4702.0,4691.2998046875,4695.2001953125,1132
2026-03-31 18:45:00+00:00,4698.2001953125,4701.5,4694.39990234375,4698.89990234375,1071
2026-03-31 19:00:00+00:00,4701.7998046875,4707.0,4691.7998046875,4698.2001953125,1876
2026-03-31 19:15:00+00:00,4703.39990234375,4711.60009765625,4699.60009765625,4702.0,1553
2026-03-31 19:30:00+00:00,4711.39990234375,4714.2001953125,4702.7998046875,4703.60009765625,1777
2026-03-31 19:45:00+00:00,4713.2998046875,4716.2998046875,4710.0,4711.39990234375,2080
2026-03-31 20:00:00+00:00,4709.60009765625,4717.60009765625,4706.39990234375,4713.39990234375,1653
2026-03-31 20:15:00+00:00,4699.5,4712.10009765625,4698.39990234375,4709.60009765625,800
2026-03-31 20:30:00+00:00,4698.7001953125,4705.7998046875,4697.2998046875,4699.2998046875,562
2026-03-31 20:45:00+00:00,4699.60009765625,4700.60009765625,4695.0,4698.2998046875,827
2026-03-31 22:00:00+00:00,4696.89990234375,4710.0,4690.0,4698.39990234375,1093
2026-03-31 22:15:00+00:00,4703.0,4714.89990234375,4691.0,4697.0,1952
2026-03-31 22:30:00+00:00,4712.7998046875,4725.89990234375,4698.89990234375,4702.0,2542
2026-03-31 22:45:00+00:00,4709.7001953125,4716.2001953125,4690.10009765625,4713.5,3534
2026-03-31 23:00:00+00:00,4704.89990234375,4710.60009765625,4701.60009765625,4709.39990234375,616
2026-03-31 23:15:00+00:00,4711.2998046875,4712.7001953125,4700.2998046875,4705.2998046875,769
2026-03-31 23:30:00+00:00,4719.2001953125,4723.10009765625,4709.2998046875,4710.60009765625,697
2026-03-31 23:45:00+00:00,4723.60009765625,4728.7998046875,4716.2998046875,4718.39990234375,880
2026-04-01 00:00:00+00:00,4731.89990234375,4733.60009765625,4721.5,4723.60009765625,1363
2026-04-01 00:15:00+00:00,4749.60009765625,4750.0,4731.39990234375,4732.0,1773
2026-04-01 00:30:00+00:00,4734.10009765625,4750.5,4727.7998046875,4749.7998046875,1865
2026-04-01 00:45:00+00:00,4738.7998046875,4746.5,4731.5,4733.89990234375,2351
2026-04-01 01:00:00+00:00,4734.7998046875,4751.89990234375,4716.7001953125,4738.60009765625,2369
2026-04-01 01:15:00+00:00,4735.2001953125,4735.89990234375,4719.10009765625,4735.89990234375,1200
2026-04-01 01:30:00+00:00,4714.60009765625,4734.89990234375,4708.2998046875,4734.7001953125,1849
2026-04-01 01:45:00+00:00,4718.7998046875,4723.39990234375,4712.89990234375,4714.2998046875,1025
2026-04-01 02:00:00+00:00,4720.60009765625,4727.5,4713.89990234375,4719.89990234375,1131
2026-04-01 02:15:00+00:00,4714.2001953125,4724.5,4710.0,4719.89990234375,1160
2026-04-01 02:30:00+00:00,4708.7001953125,4717.0,4704.5,4714.2001953125,1431
2026-04-01 02:45:00+00:00,4711.10009765625,4716.0,4705.0,4707.7998046875,1026
2026-04-01 03:00:00+00:00,4715.60009765625,4718.89990234375,4709.0,4710.2998046875,1102
2026-04-01 03:15:00+00:00,4713.7001953125,4720.2001953125,4710.7001953125,4716.0,782
2026-04-01 03:30:00+00:00,4713.2001953125,4714.89990234375,4709.2001953125,4713.7001953125,623
2026-04-01 03:45:00+00:00,4707.0,4715.0,4705.5,4713.39990234375,732
2026-04-01 04:00:00+00:00,4699.89990234375,4707.7001953125,4699.0,4707.60009765625,866
2026-04-01 04:15:00+00:00,4698.5,4700.5,4693.0,4699.89990234375,1251
2026-04-01 04:30:00+00:00,4703.2001953125,4703.2001953125,4695.0,4698.7001953125,845
2026-04-01 04:45:00+00:00,4702.7001953125,4707.60009765625,4698.89990234375,4702.89990234375,684
2026-04-01 05:00:00+00:00,4709.0,4710.7001953125,4700.7998046875,4702.89990234375,568
2026-04-01 05:15:00+00:00,4712.7998046875,4717.60009765625,4706.60009765625,4709.2001953125,1837
2026-04-01 05:30:00+00:00,4728.2998046875,4730.0,4713.0,4713.0,1587
2026-04-01 05:45:00+00:00,4710.2998046875,4730.0,4710.10009765625,4728.2998046875,1350
2026-04-01 06:00:00+00:00,4723.7998046875,4723.89990234375,4708.89990234375,4710.7998046875,1860
2026-04-01 06:15:00+00:00,4734.7001953125,4737.39990234375,4718.7998046875,4724.0,2404
2026-04-01 06:30:00+00:00,4734.7001953125,4738.7001953125,4728.2001953125,4734.7001953125,1746
2026-04-01 06:45:00+00:00,4757.39990234375,4759.89990234375,4734.5,4734.89990234375,3433
2026-04-01 07:00:00+00:00,4741.7998046875,4759.5,4740.2998046875,4757.5,2075
2026-04-01 07:15:00+00:00,4749.7001953125,4752.2998046875,4739.2998046875,4741.10009765625,1388
2026-04-01 07:30:00+00:00,4756.7998046875,4774.2001953125,4748.89990234375,4749.39990234375,3391
2026-04-01 07:45:00+00:00,4739.39990234375,4759.2998046875,4735.60009765625,4756.60009765625,3165
2026-04-01 08:00:00+00:00,4745.7001953125,4753.5,4737.0,4739.60009765625,2899
2026-04-01 08:15:00+00:00,4757.60009765625,4763.2001953125,4744.0,4746.2001953125,1592
2026-04-01 08:30:00+00:00,4759.10009765625,4767.5,4753.7998046875,4757.5,1539
2026-04-01 08:45:00+00:00,4755.7998046875,4760.0,4753.7998046875,4759.2998046875,1391
2026-04-01 09:00:00+00:00,4745.39990234375,4757.60009765625,4745.0,4755.7998046875,970
2026-04-01 09:15:00+00:00,4746.7001953125,4751.10009765625,4741.10009765625,4745.2001953125,1105
2026-04-01 09:30:00+00:00,4746.2001953125,4750.2001953125,4740.0,4746.5,1449
2026-04-01 09:45:00+00:00,4750.5,4755.2001953125,4746.39990234375,4746.7998046875,842
2026-04-01 10:00:00+00:00,4742.7001953125,4751.89990234375,4742.7001953125,4750.0,605
2026-04-01 10:15:00+00:00,4755.60009765625,4756.7001953125,4742.39990234375,4742.7001953125,957
2026-04-01 10:30:00+00:00,4762.0,4763.7001953125,4753.39990234375,4755.39990234375,1197
2026-04-01 10:45:00+00:00,4758.7001953125,4766.0,4753.60009765625,4762.39990234375,1511
2026-04-01 11:00:00+00:00,4764.2001953125,4767.7001953125,4755.2001953125,4758.2001953125,1298
2026-04-01 11:15:00+00:00,4772.10009765625,4773.7998046875,4764.0,4764.39990234375,1977
2026-04-01 11:30:00+00:00,4788.5,4791.5,4772.2001953125,4772.7998046875,2555
2026-04-01 11:45:00+00:00,4780.2001953125,4789.5,4780.2001953125,4789.10009765625,1451
2026-04-01 12:00:00+00:00,4771.5,4782.0,4767.60009765625,4780.2001953125,1930
2026-04-01 12:15:00+00:00,4762.89990234375,4773.2998046875,4752.10009765625,4770.5,2729
2026-04-01 12:30:00+00:00,4775.5,4781.7001953125,4759.39990234375,4762.10009765625,4249
2026-04-01 12:45:00+00:00,4752.10009765625,4782.0,4752.0,4776.2998046875,3548
2026-04-01 13:00:00+00:00,4758.60009765625,4760.7001953125,4743.2998046875,4752.0,3355
2026-04-01 13:15:00+00:00,4763.39990234375,4769.5,4757.60009765625,4758.10009765625,2022
2026-04-01 13:30:00+00:00,4770.5,4776.7998046875,4758.0,4763.39990234375,3375
2026-04-01 13:45:00+00:00,4765.39990234375,4776.10009765625,4761.2001953125,4769.5,2374
2026-04-01 14:00:00+00:00,4771.39990234375,4775.2998046875,4751.2998046875,4765.2001953125,3691
2026-04-01 14:15:00+00:00,4770.0,4783.0,4758.0,4772.10009765625,4368
2026-04-01 14:30:00+00:00,4781.89990234375,4784.89990234375,4763.0,4769.7001953125,2453
2026-04-01 14:45:00+00:00,4788.39990234375,4796.7998046875,4780.60009765625,4782.2001953125,3446
2026-04-01 15:00:00+00:00,4792.0,4803.0,4785.2001953125,4788.7998046875,4157
2026-04-01 15:15:00+00:00,4800.10009765625,4803.5,4789.7001953125,4792.2998046875,2392
2026-04-01 15:30:00+00:00,4813.0,4814.89990234375,4797.0,4800.2001953125,2911
2026-04-01 15:45:00+00:00,4814.39990234375,4816.2001953125,4809.7998046875,4813.5,1997
2026-04-01 16:00:00+00:00,4802.7998046875,4818.89990234375,4802.10009765625,4814.2998046875,2338
2026-04-01 16:15:00+00:00,4804.5,4811.0,4802.2998046875,4802.5,1272
2026-04-01 16:30:00+00:00,4812.2998046875,4813.0,4803.39990234375,4804.39990234375,1040
2026-04-01 16:45:00+00:00,4815.0,4816.60009765625,4809.7998046875,4812.10009765625,862
2026-04-01 17:00:00+00:00,4816.2998046875,4821.0,4814.39990234375,4815.2001953125,1443
2026-04-01 17:15:00+00:00,4812.39990234375,4819.0,4809.7998046875,4816.10009765625,2820
2026-04-01 17:30:00+00:00,4808.89990234375,4813.2001953125,4802.7998046875,4812.0,1210
2026-04-01 17:45:00+00:00,4801.39990234375,4810.2998046875,4800.39990234375,4809.2001953125,830
2026-04-01 18:00:00+00:00,4798.5,4802.60009765625,4785.39990234375,4801.10009765625,2725
2026-04-01 18:15:00+00:00,4780.5,4798.2001953125,4779.10009765625,4798.2001953125,1786
2026-04-01 18:30:00+00:00,4783.7001953125,4793.2001953125,4768.2001953125,4781.0,3326
2026-04-01 18:45:00+00:00,4779.5,4785.10009765625,4778.10009765625,4783.5,1022
2026-04-01 19:00:00+00:00,4786.39990234375,4791.7998046875,4777.60009765625,4780.0,871
2026-04-01 19:15:00+00:00,4792.10009765625,4795.5,4784.89990234375,4786.10009765625,943
2026-04-01 19:30:00+00:00,4795.89990234375,4804.39990234375,4789.5,4792.2998046875,1252
2026-04-01 19:45:00+00:00,4791.7001953125,4798.5,4784.10009765625,4795.39990234375,2036
2026-04-01 20:00:00+00:00,4794.5,4795.7001953125,4788.39990234375,4791.7001953125,583
2026-04-01 20:15:00+00:00,4788.0,4797.2001953125,4786.89990234375,4795.10009765625,262
2026-04-01 20:30:00+00:00,4785.7001953125,4789.7001953125,4780.0,4787.7998046875,421
2026-04-01 20:45:00+00:00,4784.60009765625,4789.39990234375,4782.2001953125,4785.7001953125,317
2026-04-01 22:00:00+00:00,4785.10009765625,4791.7998046875,4776.60009765625,4783.0,237
2026-04-01 22:15:00+00:00,4798.0,4799.60009765625,4785.2001953125,4785.2998046875,578
2026-04-01 22:30:00+00:00,4801.5,4806.7001953125,4795.89990234375,4797.5,703
2026-04-01 22:45:00+00:00,4801.10009765625,4808.10009765625,4800.5,4801.89990234375,464
2026-04-01 23:00:00+00:00,4816.2998046875,4816.89990234375,4798.5,4802.2001953125,729
2026-04-01 23:15:00+00:00,4819.7998046875,4824.5,4813.5,4816.89990234375,1248
2026-04-01 23:30:00+00:00,4814.39990234375,4825.89990234375,4813.39990234375,4820.2998046875,769
2026-04-01 23:45:00+00:00,4808.89990234375,4814.39990234375,4803.0,4814.39990234375,750
2026-04-02 00:00:00+00:00,4817.5,4818.7998046875,4800.0,4809.2998046875,903
2026-04-02 00:15:00+00:00,4815.10009765625,4823.89990234375,4813.7998046875,4817.89990234375,829
2026-04-02 00:30:00+00:00,4813.39990234375,4821.7001953125,4809.7998046875,4814.7998046875,1066
2026-04-02 00:45:00+00:00,4810.39990234375,4817.7998046875,4809.60009765625,4813.5,1234
2026-04-02 01:00:00+00:00,4779.60009765625,4813.39990234375,4750.0,4811.0,6032
2026-04-02 01:15:00+00:00,4724.39990234375,4780.60009765625,4714.5,4777.5,7359
2026-04-02 01:30:00+00:00,4717.2001953125,4736.7001953125,4675.7001953125,4723.60009765625,7700
2026-04-02 01:45:00+00:00,4723.7998046875,4739.39990234375,4712.0,4716.2001953125,2489
2026-04-02 02:00:00+00:00,4717.2998046875,4732.2001953125,4706.10009765625,4723.10009765625,2737
2026-04-02 02:15:00+00:00,4718.2998046875,4731.10009765625,4716.7998046875,4717.7001953125,1684
2026-04-02 02:30:00+00:00,4704.2998046875,4718.89990234375,4683.39990234375,4717.5,4268
2026-04-02 02:45:00+00:00,4715.10009765625,4717.60009765625,4701.7001953125,4704.5,1739
2026-04-02 03:00:00+00:00,4717.7001953125,4719.2998046875,4705.60009765625,4714.0,836
2026-04-02 03:15:00+00:00,4719.5,4726.7998046875,4715.7998046875,4717.5,1152
2026-04-02 03:30:00+00:00,4712.7998046875,4720.2001953125,4711.0,4718.39990234375,855
2026-04-02 03:45:00+00:00,4707.10009765625,4715.10009765625,4702.7998046875,4713.39990234375,779
2026-04-02 04:00:00+00:00,4695.0,4708.60009765625,4691.2001953125,4703.60009765625,1396
2026-04-02 04:15:00+00:00,4692.7001953125,4698.89990234375,4688.7998046875,4694.7001953125,933
2026-04-02 04:30:00+00:00,4688.5,4696.2998046875,4684.60009765625,4692.7998046875,759
2026-04-02 04:45:00+00:00,4698.89990234375,4699.5,4683.7998046875,4687.89990234375,725
2026-04-02 05:00:00+00:00,4696.39990234375,4701.39990234375,4692.60009765625,4699.2998046875,551
2026-04-02 05:15:00+00:00,4703.2998046875,4706.60009765625,4695.0,4696.7998046875,760
2026-04-02 05:30:00+00:00,4660.2001953125,4705.0,4654.7001953125,4702.89990234375,3539
2026-04-02 05:45:00+00:00,4622.10009765625,4660.7998046875,4612.2001953125,4660.2001953125,5767
2026-04-02 06:00:00+00:00,4607.39990234375,4623.89990234375,4580.39990234375,4621.7998046875,5714
2026-04-02 06:15:00+00:00,4617.7998046875,4625.39990234375,4600.7998046875,4607.5,3861
2026-04-02 06:30:00+00:00,4614.60009765625,4625.0,4608.2998046875,4616.60009765625,2523
2026-04-02 06:45:00+00:00,4625.0,4635.60009765625,4610.39990234375,4613.89990234375,4157
2026-04-02 07:00:00+00:00,4647.2998046875,4648.5,4623.7001953125,4624.5,2249
2026-04-02 07:15:00+00:00,4646.7998046875,4653.10009765625,4643.2998046875,4646.60009765625,2139
2026-04-02 07:30:00+00:00,4663.0,4668.5,4645.0,4646.7998046875,2047
2026-04-02 07:45:00+00:00,4668.2001953125,4677.0,4661.39990234375,4663.2998046875,1739
2026-04-02 08:00:00+00:00,4667.2001953125,4674.5,4654.60009765625,4668.10009765625,2289
2026-04-02 08:15:00+00:00,4659.7001953125,4670.60009765625,4656.60009765625,4666.5,1383
2026-04-02 08:30:00+00:00,4656.10009765625,4669.5,4655.0,4659.89990234375,1729
2026-04-02 08:45:00+00:00,4646.10009765625,4659.89990234375,4641.60009765625,4656.7001953125,2259
2026-04-02 09:00:00+00:00,4649.2001953125,4650.7001953125,4638.2001953125,4645.5,1490
2026-04-02 09:15:00+00:00,4646.39990234375,4657.2998046875,4642.7998046875,4648.89990234375,1386
2026-04-02 09:30:00+00:00,4647.2001953125,4651.2998046875,4640.7998046875,4646.10009765625,1809
2026-04-02 09:45:00+00:00,4647.2998046875,4654.2998046875,4643.2998046875,4646.60009765625,1244
2026-04-02 10:00:00+00:00,4650.39990234375,4661.10009765625,4644.0,4647.5,1134
2026-04-02 10:15:00+00:00,4644.2998046875,4652.7001953125,4629.5,4651.2001953125,1168
2026-04-02 10:30:00+00:00,4650.7998046875,4657.2998046875,4639.2001953125,4644.2998046875,1548
2026-04-02 10:45:00+00:00,4646.7001953125,4655.89990234375,4645.7001953125,4650.89990234375,743
2026-04-02 11:00:00+00:00,4653.2998046875,4656.2001953125,4642.7001953125,4647.10009765625,590
2026-04-02 11:15:00+00:00,4640.7998046875,4656.7998046875,4639.10009765625,4654.0,908
2026-04-02 11:30:00+00:00,4626.2998046875,4643.2998046875,4618.7998046875,4640.89990234375,1825
2026-04-02 11:45:00+00:00,4626.2001953125,4637.89990234375,4622.5,4625.7001953125,1604
2026-04-02 12:00:00+00:00,4638.7001953125,4639.5,4620.7998046875,4626.60009765625,1847
2026-04-02 12:15:00+00:00,4653.2001953125,4656.5,4636.0,4639.2001953125,1883
2026-04-02 12:30:00+00:00,4644.2998046875,4653.7001953125,4642.0,4653.2998046875,1810
2026-04-02 12:45:00+00:00,4628.10009765625,4652.60009765625,4626.2001953125,4644.7001953125,1879
2026-04-02 13:00:00+00:00,4612.89990234375,4639.2998046875,4606.0,4628.2998046875,4741
2026-04-02 13:15:00+00:00,4622.7001953125,4625.5,4605.5,4612.60009765625,2641
2026-04-02 13:30:00+00:00,4626.39990234375,4632.7998046875,4611.2001953125,4622.89990234375,3457
2026-04-02 13:45:00+00:00,4672.89990234375,4679.10009765625,4626.10009765625,4627.2998046875,5477
2026-04-02 14:00:00+00:00,4674.2001953125,4686.5,4657.60009765625,4672.7001953125,5516
2026-04-02 14:15:00+00:00,4691.89990234375,4702.60009765625,4672.89990234375,4674.0,3583
2026-04-02 14:30:00+00:00,4720.0,4726.39990234375,4686.2001953125,4691.5,8261
2026-04-02 14:45:00+00:00,4707.89990234375,4720.7001953125,4698.10009765625,4720.10009765625,3416
2026-04-02 15:00:00+00:00,4698.10009765625,4710.2998046875,4692.5,4708.39990234375,3066
2026-04-02 15:15:00+00:00,4698.2001953125,4707.7001953125,4684.0,4698.5,2607
2026-04-02 15:30:00+00:00,4691.7001953125,4702.0,4688.0,4699.10009765625,1478
2026-04-02 15:45:00+00:00,4687.5,4692.7001953125,4678.5,4692.0,1832
2026-04-02 16:00:00+00:00,4681.10009765625,4694.2998046875,4672.7998046875,4686.89990234375,1773
2026-04-02 16:15:00+00:00,4676.2998046875,4683.5,4668.60009765625,4680.7998046875,1487
2026-04-02 16:30:00+00:00,4685.7001953125,4696.39990234375,4676.2001953125,4676.7001953125,3261
2026-04-02 16:45:00+00:00,4686.5,4697.89990234375,4683.5,4685.10009765625,2209
2026-04-02 17:00:00+00:00,4691.0,4695.7998046875,4683.2001953125,4685.7001953125,1394
2026-04-02 17:15:00+00:00,4679.2001953125,4693.0,4677.7998046875,4691.5,2410
2026-04-02 17:30:00+00:00,4685.0,4685.2998046875,4673.39990234375,4679.39990234375,1680
2026-04-02 17:45:00+00:00,4675.7001953125,4686.2998046875,4672.7001953125,4685.2001953125,1086
2026-04-02 18:00:00+00:00,4680.2001953125,4686.2001953125,4674.10009765625,4676.5,719
2026-04-02 18:15:00+00:00,4678.7001953125,4684.2001953125,4677.10009765625,4681.60009765625,470
2026-04-02 18:30:00+00:00,4689.89990234375,4690.5,4678.7998046875,4678.7998046875,673
2026-04-02 18:45:00+00:00,4695.2001953125,4699.0,4689.10009765625,4690.0,937
2026-04-02 19:00:00+00:00,4701.2001953125,4708.60009765625,4695.7998046875,4695.7998046875,1248
2026-04-02 19:15:00+00:00,4691.7001953125,4704.2001953125,4690.89990234375,4701.60009765625,837
2026-04-02 19:30:00+00:00,4692.2998046875,4694.60009765625,4687.7998046875,4691.5,563
2026-04-02 19:45:00+00:00,4697.89990234375,4702.7001953125,4692.2998046875,4692.5,921
2026-04-02 20:00:00+00:00,4699.89990234375,4702.89990234375,4697.89990234375,4698.60009765625,354
2026-04-02 20:15:00+00:00,4693.7001953125,4700.2998046875,4690.39990234375,4699.60009765625,566
2026-04-02 20:30:00+00:00,4695.0,4699.7998046875,4693.60009765625,4694.60009765625,299
2026-04-02 20:45:00+00:00,4702.7001953125,4703.60009765625,4693.2998046875,4695.39990234375,755
2026-04-05 22:00:00+00:00,4656.5,4699.2998046875,4638.89990234375,4675.0,2197
2026-04-05 22:15:00+00:00,4663.7001953125,4669.39990234375,4656.60009765625,4657.7001953125,967
2026-04-05 22:30:00+00:00,4669.7001953125,4673.2001953125,4659.0,4662.7998046875,613
2026-04-05 22:45:00+00:00,4673.60009765625,4682.89990234375,4634.89990234375,4669.60009765625,3793
2026-04-05 23:00:00+00:00,4657.2998046875,4678.39990234375,4654.5,4673.7998046875,1052
2026-04-05 23:15:00+00:00,4636.2001953125,4661.2998046875,4635.60009765625,4660.2001953125,992
2026-04-05 23:30:00+00:00,4632.5,4644.10009765625,4631.0,4637.0,869
2026-04-05 23:45:00+00:00,4636.7998046875,4646.2001953125,4635.2998046875,4635.2998046875,553
2026-04-06 00:00:00+00:00,4652.89990234375,4653.10009765625,4632.60009765625,4637.2001953125,1221
2026-04-06 00:15:00+00:00,4630.0,4655.7001953125,4626.2001953125,4652.2001953125,895
2026-04-06 00:30:00+00:00,4644.7001953125,4647.5,4629.10009765625,4631.10009765625,587
2026-04-06 00:45:00+00:00,4647.89990234375,4652.0,4641.2001953125,4644.10009765625,305
2026-04-06 01:00:00+00:00,4667.2001953125,4668.60009765625,4648.89990234375,4648.89990234375,684
2026-04-06 01:15:00+00:00,4667.2001953125,4668.7001953125,4645.7998046875,4668.0,1404
2026-04-06 01:30:00+00:00,4653.7001953125,4667.10009765625,4648.10009765625,4666.39990234375,1274
2026-04-06 01:45:00+00:00,4651.7998046875,4655.0,4647.10009765625,4654.2001953125,215
2026-04-06 02:00:00+00:00,4662.60009765625,4666.0,4649.7998046875,4650.60009765625,547
2026-04-06 02:15:00+00:00,4686.39990234375,4697.5,4662.2001953125,4662.2001953125,1647
2026-04-06 02:30:00+00:00,4676.7001953125,4692.2998046875,4669.89990234375,4687.0,1236
2026-04-06 02:45:00+00:00,4673.60009765625,4681.7998046875,4672.7001953125,4677.5,412
2026-04-06 03:00:00+00:00,4658.89990234375,4673.5,4653.89990234375,4673.10009765625,1606
2026-04-06 03:15:00+00:00,4656.0,4662.2001953125,4651.0,4658.7998046875,455
2026-04-06 03:30:00+00:00,4658.39990234375,4658.60009765625,4650.5,4655.7001953125,330
2026-04-06 03:45:00+00:00,4666.2998046875,4667.60009765625,4656.10009765625,4657.5,429
2026-04-06 04:00:00+00:00,4669.10009765625,4674.0,4665.10009765625,4665.2998046875,585
2026-04-06 04:15:00+00:00,4671.7001953125,4671.7001953125,4666.5,4669.2998046875,183
2026-04-06 04:30:00+00:00,4674.2001953125,4676.5,4668.10009765625,4672.2001953125,235
2026-04-06 04:45:00+00:00,4685.10009765625,4685.2998046875,4672.10009765625,4674.7001953125,478
2026-04-06 05:00:00+00:00,4699.60009765625,4702.2998046875,4683.2998046875,4684.89990234375,1094
2026-04-06 05:15:00+00:00,4693.60009765625,4704.39990234375,4691.5,4698.89990234375,809
2026-04-06 05:30:00+00:00,4687.39990234375,4694.2998046875,4687.0,4693.89990234375,303
2026-04-06 05:45:00+00:00,4678.5,4693.60009765625,4677.5,4687.39990234375,768
2026-04-06 06:00:00+00:00,4687.2998046875,4687.7998046875,4669.2998046875,4678.7001953125,1167
2026-04-06 06:15:00+00:00,4682.5,4688.0,4678.0,4687.0,651
2026-04-06 06:30:00+00:00,4681.2998046875,4685.39990234375,4677.39990234375,4682.7001953125,317
2026-04-06 06:45:00+00:00,4691.7001953125,4693.2998046875,4679.39990234375,4680.60009765625,808
2026-04-06 07:00:00+00:00,4677.39990234375,4692.10009765625,4673.7001953125,4691.89990234375,765
2026-04-06 07:15:00+00:00,4675.89990234375,4681.39990234375,4670.2998046875,4677.7001953125,544
2026-04-06 07:30:00+00:00,4689.10009765625,4691.10009765625,4676.0,4676.0,574
2026-04-06 07:45:00+00:00,4710.5,4714.2998046875,4688.0,4690.2001953125,1647
2026-04-06 08:00:00+00:00,4715.2001953125,4720.89990234375,4704.7001953125,4710.39990234375,1123
2026-04-06 08:15:00+00:00,4717.10009765625,4722.0,4710.60009765625,4715.2998046875,982
2026-04-06 08:30:00+00:00,4718.7998046875,4722.0,4715.89990234375,4717.0,643
2026-04-06 08:45:00+00:00,4722.7998046875,4724.7001953125,4717.89990234375,4719.2998046875,764
2026-04-06 09:00:00+00:00,4727.2001953125,4729.5,4722.7998046875,4722.7998046875,865
2026-04-06 09:15:00+00:00,4729.10009765625,4730.0,4723.2001953125,4727.60009765625,551
2026-04-06 09:30:00+00:00,4730.10009765625,4733.10009765625,4727.2998046875,4729.10009765625,481
2026-04-06 09:45:00+00:00,4719.89990234375,4731.39990234375,4717.0,4730.0,1267
2026-04-06 10:00:00+00:00,4712.7998046875,4723.89990234375,4712.39990234375,4720.0,621
2026-04-06 10:15:00+00:00,4716.0,4719.60009765625,4712.2001953125,4713.2001953125,394
2026-04-06 10:30:00+00:00,4721.60009765625,4723.60009765625,4714.0,4715.7001953125,629
2026-04-06 10:45:00+00:00,4715.2998046875,4722.2998046875,4710.10009765625,4722.0,740
2026-04-06 11:00:00+00:00,4716.0,4723.2001953125,4715.2998046875,4716.2998046875,301
2026-04-06 11:15:00+00:00,4714.89990234375,4718.60009765625,4711.39990234375,4715.2998046875,326
2026-04-06 11:30:00+00:00,4711.7001953125,4720.7998046875,4711.5,4714.89990234375,1154
2026-04-06 11:45:00+00:00,4704.60009765625,4712.2001953125,4703.39990234375,4711.89990234375,980
2026-04-06 12:00:00+00:00,4699.0,4712.89990234375,4697.7001953125,4704.89990234375,764
2026-04-06 12:15:00+00:00,4692.10009765625,4700.2001953125,4685.60009765625,4698.2998046875,1366
2026-04-06 12:30:00+00:00,4702.7998046875,4704.89990234375,4692.0,4692.5,1072
2026-04-06 12:45:00+00:00,4701.5,4707.10009765625,4699.60009765625,4703.0,526
2026-04-06 13:00:00+00:00,4693.7001953125,4703.5,4687.60009765625,4701.7998046875,1495
2026-04-06 13:15:00+00:00,4694.0,4698.7001953125,4684.5,4694.7001953125,1390
2026-04-06 13:30:00+00:00,4691.0,4704.7998046875,4686.60009765625,4694.2998046875,2310
2026-04-06 13:45:00+00:00,4705.60009765625,4708.2001953125,4687.2001953125,4691.7998046875,1559
2026-04-06 14:00:00+00:00,4698.2001953125,4716.89990234375,4686.0,4707.39990234375,2404
2026-04-06 14:15:00+00:00,4712.39990234375,4714.39990234375,4696.39990234375,4698.7001953125,1950
2026-04-06 14:30:00+00:00,4710.60009765625,4724.0,4705.0,4712.60009765625,2037
2026-04-06 14:45:00+00:00,4708.60009765625,4714.0,4700.89990234375,4710.10009765625,1766
2026-04-06 15:00:00+00:00,4687.5,4709.7001953125,4686.5,4709.0,2439
2026-04-06 15:15:00+00:00,4692.39990234375,4695.39990234375,4680.10009765625,4687.2998046875,2034
2026-04-06 15:30:00+00:00,4686.2001953125,4696.2001953125,4677.39990234375,4692.7998046875,1570
2026-04-06 15:45:00+00:00,4693.39990234375,4694.5,4685.0,4685.7001953125,705
2026-04-06 16:00:00+00:00,4695.39990234375,4696.89990234375,4687.7998046875,4693.5,942
2026-04-06 16:15:00+00:00,4691.10009765625,4698.0,4690.10009765625,4695.89990234375,1213
2026-04-06 16:30:00+00:00,4688.7998046875,4696.39990234375,4688.2001953125,4690.89990234375,657
2026-04-06 16:45:00+00:00,4685.60009765625,4692.2001953125,4683.39990234375,4688.7001953125,563
2026-04-06 17:00:00+00:00,4679.0,4686.7001953125,4671.39990234375,4685.89990234375,1557
2026-04-06 17:15:00+00:00,4683.10009765625,4688.10009765625,4676.0,4679.0,1933
2026-04-06 17:30:00+00:00,4683.60009765625,4688.60009765625,4679.60009765625,4683.2001953125,1012
2026-04-06 17:45:00+00:00,4680.60009765625,4684.2998046875,4678.39990234375,4683.5,418
2026-04-06 18:00:00+00:00,4685.89990234375,4694.0,4677.7998046875,4680.7998046875,815
2026-04-06 18:15:00+00:00,4687.2001953125,4692.0,4686.39990234375,4686.39990234375,597
2026-04-06 18:30:00+00:00,4677.39990234375,4691.0,4676.2001953125,4687.7001953125,801
2026-04-06 18:45:00+00:00,4685.2001953125,4686.0,4675.89990234375,4677.7001953125,971
2026-04-06 19:00:00+00:00,4677.7998046875,4686.60009765625,4677.0,4685.2001953125,680
2026-04-06 19:15:00+00:00,4677.2998046875,4678.39990234375,4672.60009765625,4677.7998046875,666
2026-04-06 19:30:00+00:00,4678.7001953125,4681.0,4675.7998046875,4677.5,487
2026-04-06 19:45:00+00:00,4682.2001953125,4685.2001953125,4678.5,4678.5,740
2026-04-06 20:00:00+00:00,4684.5,4684.5,4679.2001953125,4682.60009765625,355
2026-04-06 20:15:00+00:00,4683.10009765625,4685.10009765625,4682.60009765625,4684.2998046875,150
2026-04-06 20:30:00+00:00,4679.89990234375,4685.60009765625,4678.10009765625,4683.2998046875,238
2026-04-06 20:45:00+00:00,4676.10009765625,4681.5,4674.60009765625,4680.10009765625,177
2026-04-06 22:00:00+00:00,4690.7998046875,4694.89990234375,4675.60009765625,4678.60009765625,171
2026-04-06 22:15:00+00:00,4689.0,4693.2001953125,4685.7001953125,4690.0,252
2026-04-06 22:30:00+00:00,4686.0,4689.5,4685.2998046875,4689.10009765625,139
2026-04-06 22:45:00+00:00,4685.10009765625,4689.0,4683.10009765625,4685.89990234375,195
2026-04-06 23:00:00+00:00,4686.60009765625,4688.0,4683.39990234375,4684.89990234375,242
2026-04-06 23:15:00+00:00,4681.5,4687.5,4679.7998046875,4686.89990234375,182
2026-04-06 23:30:00+00:00,4681.89990234375,4683.10009765625,4677.89990234375,4680.7001953125,224
2026-04-06 23:45:00+00:00,4685.89990234375,4687.2998046875,4680.89990234375,4681.89990234375,211
2026-04-07 00:00:00+00:00,4684.7001953125,4688.2001953125,4675.7998046875,4685.89990234375,702
2026-04-07 00:15:00+00:00,4686.0,4688.39990234375,4683.7001953125,4685.39990234375,298
2026-04-07 00:30:00+00:00,4687.7001953125,4688.39990234375,4684.89990234375,4686.10009765625,327
2026-04-07 00:45:00+00:00,4681.89990234375,4689.10009765625,4681.2998046875,4687.60009765625,365
2026-04-07 01:00:00+00:00,4667.89990234375,4692.0,4651.60009765625,4681.39990234375,4500
2026-04-07 01:15:00+00:00,4680.89990234375,4684.0,4664.2001953125,4666.60009765625,1126
2026-04-07 01:30:00+00:00,4667.10009765625,4689.0,4654.0,4681.0,2808
2026-04-07 01:45:00+00:00,4651.89990234375,4672.39990234375,4641.39990234375,4667.2001953125,2537
2026-04-07 02:00:00+00:00,4651.10009765625,4659.39990234375,4645.0,4652.2998046875,997
2026-04-07 02:15:00+00:00,4659.60009765625,4660.7001953125,4647.5,4650.0,542
2026-04-07 02:30:00+00:00,4671.39990234375,4672.0,4658.5,4659.2001953125,727
2026-04-07 02:45:00+00:00,4675.89990234375,4679.2001953125,4668.7001953125,4670.89990234375,1172
2026-04-07 03:00:00+00:00,4670.10009765625,4679.39990234375,4666.7998046875,4675.89990234375,494
2026-04-07 03:15:00+00:00,4668.10009765625,4672.7998046875,4664.7001953125,4670.10009765625,491
2026-04-07 03:30:00+00:00,4673.10009765625,4674.7998046875,4667.60009765625,4667.60009765625,432
2026-04-07 03:45:00+00:00,4674.89990234375,4676.39990234375,4672.2001953125,4673.2001953125,289
2026-04-07 04:00:00+00:00,4671.2998046875,4676.7001953125,4670.7998046875,4675.2001953125,301
2026-04-07 04:15:00+00:00,4675.2001953125,4676.7001953125,4671.10009765625,4671.2001953125,335
2026-04-07 04:30:00+00:00,4687.7998046875,4690.2998046875,4674.89990234375,4675.10009765625,1226
2026-04-07 04:45:00+00:00,4686.39990234375,4690.0,4685.2998046875,4688.10009765625,614
2026-04-07 05:00:00+00:00,4681.7001953125,4687.5,4680.2001953125,4686.89990234375,333
2026-04-07 05:15:00+00:00,4658.2998046875,4684.60009765625,4656.0,4681.39990234375,1479
2026-04-07 05:30:00+00:00,4656.7998046875,4668.2998046875,4648.39990234375,4658.39990234375,2471
2026-04-07 05:45:00+00:00,4668.0,4672.0,4654.7998046875,4656.10009765625,782
2026-04-07 06:00:00+00:00,4672.10009765625,4673.10009765625,4663.0,4668.10009765625,1055
2026-04-07 06:15:00+00:00,4666.10009765625,4674.0,4662.7998046875,4672.2998046875,1064
2026-04-07 06:30:00+00:00,4677.5,4679.0,4666.2998046875,4666.5,1138
2026-04-07 06:45:00+00:00,4680.5,4681.89990234375,4673.5,4677.2998046875,696
2026-04-07 07:00:00+00:00,4677.0,4684.7001953125,4674.60009765625,4684.7001953125,1001
2026-04-07 07:15:00+00:00,4665.2998046875,4679.2001953125,4664.0,4676.0,880
2026-04-07 07:30:00+00:00,4669.10009765625,4671.5,4661.60009765625,4664.39990234375,763
2026-04-07 07:45:00+00:00,4671.10009765625,4672.5,4664.0,4669.2001953125,1106
2026-04-07 08:00:00+00:00,4690.10009765625,4691.7998046875,4669.60009765625,4671.2001953125,2877
2026-04-07 08:15:00+00:00,4704.7998046875,4717.60009765625,4684.0,4689.60009765625,3283
2026-04-07 08:30:00+00:00,4709.7998046875,4714.39990234375,4703.2001953125,4704.7998046875,1080
2026-04-07 08:45:00+00:00,4709.60009765625,4714.2001953125,4705.60009765625,4710.0,954
2026-04-07 09:00:00+00:00,4712.2001953125,4720.0,4707.5,4709.7998046875,1365
2026-04-07 09:15:00+00:00,4713.7998046875,4721.2001953125,4709.2998046875,4712.2998046875,1628
2026-04-07 09:30:00+00:00,4693.10009765625,4714.10009765625,4690.39990234375,4713.10009765625,2795
2026-04-07 09:45:00+00:00,4696.60009765625,4701.60009765625,4684.0,4693.10009765625,2773
2026-04-07 10:00:00+00:00,4702.89990234375,4706.0,4688.2001953125,4696.7998046875,3337
2026-04-07 10:15:00+00:00,4693.7001953125,4706.60009765625,4683.2998046875,4702.5,1813
2026-04-07 10:30:00+00:00,4687.89990234375,4698.10009765625,4678.0,4694.39990234375,1126
2026-04-07 10:45:00+00:00,4677.5,4687.7998046875,4674.89990234375,4687.7001953125,2126
2026-04-07 11:00:00+00:00,4661.2998046875,4681.89990234375,4653.89990234375,4677.10009765625,2786
2026-04-07 11:15:00+00:00,4673.0,4677.0,4658.5,4660.60009765625,1933
2026-04-07 11:30:00+00:00,4688.0,4688.39990234375,4672.0,4673.0,1450
2026-04-07 11:45:00+00:00,4684.60009765625,4690.0,4681.0,4688.39990234375,831
2026-04-07 12:00:00+00:00,4680.0,4691.5,4675.7998046875,4685.2001953125,1510
2026-04-07 12:15:00+00:00,4691.2001953125,4696.2998046875,4676.0,4679.7001953125,1748
2026-04-07 12:30:00+00:00,4682.0,4693.89990234375,4681.10009765625,4691.89990234375,1030
2026-04-07 12:45:00+00:00,4676.10009765625,4687.39990234375,4671.60009765625,4682.0,1851
2026-04-07 13:00:00+00:00,4681.7001953125,4685.2998046875,4673.0,4676.2001953125,1400
2026-04-07 13:15:00+00:00,4683.60009765625,4688.5,4675.2998046875,4682.0,1007
2026-04-07 13:30:00+00:00,4664.5,4688.7998046875,4660.0,4683.60009765625,3210
2026-04-07 13:45:00+00:00,4668.60009765625,4679.2001953125,4661.89990234375,4664.0,2465
2026-04-07 14:00:00+00:00,4647.5,4670.10009765625,4631.89990234375,4668.5,7139
2026-04-07 14:15:00+00:00,4670.2001953125,4675.60009765625,4634.10009765625,4646.5,3924
2026-04-07 14:30:00+00:00,4672.89990234375,4687.39990234375,4667.60009765625,4670.39990234375,3354
2026-04-07 14:45:00+00:00,4658.2998046875,4682.7001953125,4654.60009765625,4672.89990234375,2553
2026-04-07 15:00:00+00:00,4668.2998046875,4668.7998046875,4650.0,4658.2998046875,2946
2026-04-07 15:15:00+00:00,4678.7001953125,4679.0,4666.2001953125,4668.2998046875,2377
2026-04-07 15:30:00+00:00,4671.2998046875,4682.7998046875,4666.10009765625,4678.7998046875,3129
2026-04-07 15:45:00+00:00,4681.2998046875,4685.0,4670.7001953125,4671.39990234375,1436
2026-04-07 16:00:00+00:00,4684.60009765625,4694.60009765625,4678.10009765625,4681.7998046875,2444
2026-04-07 16:15:00+00:00,4688.5,4693.39990234375,4680.0,4684.89990234375,1496
2026-04-07 16:30:00+00:00,4686.7998046875,4689.89990234375,4681.5,4688.89990234375,1583
2026-04-07 16:45:00+00:00,4682.39990234375,4688.5,4681.89990234375,4686.2998046875,794
2026-04-07 17:00:00+00:00,4693.7998046875,4699.10009765625,4682.10009765625,4682.5,1728
2026-04-07 17:15:00+00:00,4686.0,4693.5,4679.39990234375,4693.5,1733
2026-04-07 17:30:00+00:00,4698.2001953125,4712.7998046875,4686.10009765625,4686.10009765625,3352
2026-04-07 17:45:00+00:00,4701.7001953125,4706.10009765625,4697.2998046875,4698.89990234375,1001
2026-04-07 18:00:00+00:00,4710.5,4710.7001953125,4702.2998046875,4702.2998046875,864
2026-04-07 18:15:00+00:00,4706.7001953125,4712.2998046875,4703.10009765625,4709.89990234375,1048
2026-04-07 18:30:00+00:00,4706.0,4712.7001953125,4703.60009765625,4707.0,1517
2026-04-07 18:45:00+00:00,4688.5,4706.5,4683.0,4705.7998046875,1938
2026-04-07 19:00:00+00:00,4694.2001953125,4694.7998046875,4686.89990234375,4688.5,873
2026-04-07 19:15:00+00:00,4713.89990234375,4729.39990234375,4690.89990234375,4694.10009765625,3803
2026-04-07 19:30:00+00:00,4713.5,4717.7998046875,4708.2998046875,4713.89990234375,1370
2026-04-07 19:45:00+00:00,4727.2998046875,4745.7001953125,4712.5,4712.60009765625,4485
2026-04-07 20:00:00+00:00,4734.89990234375,4737.10009765625,4723.0,4727.2998046875,1310
2026-04-07 20:15:00+00:00,4737.39990234375,4739.7998046875,4730.10009765625,4735.5,641
2026-04-07 20:30:00+00:00,4734.5,4743.7001953125,4729.0,4738.2998046875,1148
2026-04-07 20:45:00+00:00,4733.2998046875,4740.0,4731.10009765625,4734.7001953125,759
2026-04-07 22:00:00+00:00,4758.89990234375,4779.2998046875,4741.2998046875,4747.2001953125,1264
2026-04-07 22:15:00+00:00,4762.7998046875,4763.10009765625,4752.89990234375,4759.7001953125,923
2026-04-07 22:30:00+00:00,4797.60009765625,4808.7001953125,4740.5,4763.0,5515
2026-04-07 22:45:00+00:00,4845.10009765625,4847.10009765625,4788.0,4797.10009765625,4966
2026-04-07 23:00:00+00:00,4845.10009765625,4852.2001953125,4828.2998046875,4844.7998046875,3876
2026-04-07 23:15:00+00:00,4843.10009765625,4857.89990234375,4835.60009765625,4846.2001953125,3112
2026-04-07 23:30:00+00:00,4841.0,4845.89990234375,4832.2001953125,4843.2001953125,2441
2026-04-07 23:45:00+00:00,4860.7001953125,4863.5,4837.89990234375,4841.5,2361
2026-04-08 00:00:00+00:00,4863.7998046875,4888.0,4858.5,4860.7001953125,5462
2026-04-08 00:15:00+00:00,4850.60009765625,4867.2001953125,4847.10009765625,4863.39990234375,3317
2026-04-08 00:30:00+00:00,4842.0,4853.10009765625,4840.2001953125,4851.60009765625,2784
2026-04-08 00:45:00+00:00,4845.60009765625,4856.10009765625,4836.89990234375,4841.7001953125,2784
2026-04-08 01:00:00+00:00,4848.60009765625,4854.10009765625,4834.0,4846.7001953125,5101
2026-04-08 01:15:00+00:00,4823.60009765625,4850.89990234375,4821.2998046875,4849.0,6906
2026-04-08 01:30:00+00:00,4828.39990234375,4833.7001953125,4817.2001953125,4823.10009765625,2168
2026-04-08 01:45:00+00:00,4838.60009765625,4843.5,4827.7001953125,4828.89990234375,1189
2026-04-08 02:00:00+00:00,4843.10009765625,4853.7998046875,4838.39990234375,4838.5,2691
2026-04-08 02:15:00+00:00,4839.7001953125,4842.60009765625,4836.39990234375,4842.2998046875,796
2026-04-08 02:30:00+00:00,4836.2998046875,4849.7001953125,4835.2998046875,4840.2998046875,1208
2026-04-08 02:45:00+00:00,4833.39990234375,4838.2001953125,4828.2001953125,4835.39990234375,998
2026-04-08 03:00:00+00:00,4828.5,4835.2998046875,4827.10009765625,4833.7998046875,753
2026-04-08 03:15:00+00:00,4832.5,4834.60009765625,4825.7998046875,4827.39990234375,898
2026-04-08 03:30:00+00:00,4830.10009765625,4834.60009765625,4824.39990234375,4832.10009765625,785
2026-04-08 03:45:00+00:00,4828.2001953125,4834.0,4827.60009765625,4829.2998046875,894
2026-04-08 04:00:00+00:00,4827.10009765625,4831.0,4823.10009765625,4826.7998046875,1071
2026-04-08 04:15:00+00:00,4832.0,4833.5,4819.7998046875,4826.5,1450
2026-04-08 04:30:00+00:00,4832.0,4836.10009765625,4830.0,4831.39990234375,604
2026-04-08 04:45:00+00:00,4832.7001953125,4833.2001953125,4826.7001953125,4832.39990234375,561
2026-04-08 05:00:00+00:00,4838.5,4839.7998046875,4829.39990234375,4833.0,848
2026-04-08 05:15:00+00:00,4843.89990234375,4844.89990234375,4835.0,4837.89990234375,928
2026-04-08 05:30:00+00:00,4850.5,4853.2998046875,4841.7001953125,4844.0,1287
2026-04-08 05:45:00+00:00,4855.5,4872.2001953125,4848.7998046875,4850.0,3232
2026-04-08 06:00:00+00:00,4854.0,4862.7998046875,4848.60009765625,4855.2001953125,2119
2026-04-08 06:15:00+00:00,4863.7001953125,4863.89990234375,4852.39990234375,4854.2998046875,2965
2026-04-08 06:30:00+00:00,4862.2998046875,4866.7998046875,4856.2998046875,4863.2001953125,2834
2026-04-08 06:45:00+00:00,4846.60009765625,4866.0,4846.2001953125,4862.5,2455
2026-04-08 07:00:00+00:00,4839.0,4847.2998046875,4831.0,4846.7998046875,1580
2026-04-08 07:15:00+00:00,4844.2998046875,4847.2001953125,4835.39990234375,4838.10009765625,1549
2026-04-08 07:30:00+00:00,4835.10009765625,4844.60009765625,4831.60009765625,4844.10009765625,1296
2026-04-08 07:45:00+00:00,4839.7001953125,4846.7001953125,4834.5,4834.89990234375,1218
2026-04-08 08:00:00+00:00,4841.7001953125,4845.39990234375,4834.2998046875,4839.89990234375,1241
2026-04-08 08:15:00+00:00,4835.5,4846.0,4825.0,4841.5,1614
2026-04-08 08:30:00+00:00,4821.2998046875,4835.60009765625,4818.0,4834.7998046875,1792
2026-04-08 08:45:00+00:00,4821.7998046875,4831.39990234375,4817.5,4820.89990234375,1927
2026-04-08 09:00:00+00:00,4828.89990234375,4829.2998046875,4821.2001953125,4821.89990234375,1241
2026-04-08 09:15:00+00:00,4825.39990234375,4834.0,4822.7998046875,4828.39990234375,1323
2026-04-08 09:30:00+00:00,4809.10009765625,4831.0,4804.0,4825.2998046875,2615
2026-04-08 09:45:00+00:00,4810.2001953125,4816.39990234375,4802.89990234375,4810.2001953125,2228
2026-04-08 10:00:00+00:00,4810.10009765625,4819.0,4809.2001953125,4810.2998046875,908
2026-04-08 10:15:00+00:00,4809.7998046875,4810.7001953125,4798.2001953125,4810.0,1770
2026-04-08 10:30:00+00:00,4818.7001953125,4819.60009765625,4806.89990234375,4809.5,963
2026-04-08 10:45:00+00:00,4809.7001953125,4823.10009765625,4809.7001953125,4818.5,1603
2026-04-08 11:00:00+00:00,4815.2001953125,4818.7998046875,4807.2001953125,4809.2998046875,1538
2026-04-08 11:15:00+00:00,4818.7998046875,4825.5,4810.60009765625,4815.10009765625,2460
2026-04-08 11:30:00+00:00,4818.7998046875,4820.7998046875,4806.39990234375,4819.2001953125,1706
2026-04-08 11:45:00+00:00,4826.39990234375,4830.39990234375,4817.2998046875,4818.2998046875,1870
2026-04-08 12:00:00+00:00,4832.39990234375,4834.7998046875,4825.0,4826.2998046875,2154
2026-04-08 12:15:00+00:00,4810.7998046875,4832.89990234375,4793.7001953125,4832.5,5255
2026-04-08 12:30:00+00:00,4821.7001953125,4825.0,4809.7998046875,4810.89990234375,2190
2026-04-08 12:45:00+00:00,4827.10009765625,4829.7001953125,4821.7001953125,4822.0,1506
2026-04-08 13:00:00+00:00,4820.5,4833.60009765625,4818.0,4826.60009765625,2055
2026-04-08 13:15:00+00:00,4818.10009765625,4826.89990234375,4816.7998046875,4820.5,2238
2026-04-08 13:30:00+00:00,4801.2998046875,4822.2001953125,4800.60009765625,4817.7001953125,5242
2026-04-08 13:45:00+00:00,4804.10009765625,4816.0,4792.7998046875,4801.10009765625,4543
2026-04-08 14:00:00+00:00,4807.0,4818.7998046875,4803.10009765625,4803.7001953125,4142
2026-04-08 14:15:00+00:00,4795.10009765625,4812.2001953125,4788.0,4807.0,3882
2026-04-08 14:30:00+00:00,4787.5,4797.2998046875,4776.0,4794.89990234375,4981
2026-04-08 14:45:00+00:00,4762.2001953125,4792.0,4757.60009765625,4787.10009765625,7495
2026-04-08 15:00:00+00:00,4769.7001953125,4775.39990234375,4759.89990234375,4761.60009765625,3870
2026-04-08 15:15:00+00:00,4776.2001953125,4783.2998046875,4769.0,4769.0,2799
2026-04-08 15:30:00+00:00,4781.2001953125,4787.10009765625,4776.2001953125,4776.2998046875,2142
2026-04-08 15:45:00+00:00,4782.0,4788.7998046875,4780.0,4781.2998046875,1401
2026-04-08 16:00:00+00:00,4779.2001953125,4788.2998046875,4779.10009765625,4782.2001953125,1510
2026-04-08 16:15:00+00:00,4775.10009765625,4780.10009765625,4770.89990234375,4779.39990234375,2268
2026-04-08 16:30:00+00:00,4784.39990234375,4785.7998046875,4773.2998046875,4775.60009765625,1264
2026-04-08 16:45:00+00:00,4785.89990234375,4791.10009765625,4781.89990234375,4783.5,1223
2026-04-08 17:00:00+00:00,4786.60009765625,4789.89990234375,4782.2001953125,4785.7001953125,1025
2026-04-08 17:15:00+00:00,4776.60009765625,4788.5,4771.5,4786.7998046875,4255
2026-04-08 17:30:00+00:00,4766.0,4780.10009765625,4761.7998046875,4776.7998046875,3756
2026-04-08 17:45:00+00:00,4759.5,4767.2001953125,4755.5,4766.10009765625,1108
2026-04-08 18:00:00+00:00,4768.60009765625,4769.7998046875,4751.5,4759.10009765625,1578
2026-04-08 18:15:00+00:00,4747.39990234375,4769.5,4741.10009765625,4768.89990234375,5237
2026-04-08 18:30:00+00:00,4734.5,4750.0,4732.2998046875,4747.60009765625,2051
2026-04-08 18:45:00+00:00,4730.10009765625,4742.0,4728.10009765625,4733.89990234375,2496
2026-04-08 19:00:00+00:00,4740.5,4741.39990234375,4720.60009765625,4729.2998046875,2293
2026-04-08 19:15:00+00:00,4733.5,4743.7001953125,4732.2001953125,4740.2998046875,1098
2026-04-08 19:30:00+00:00,4747.2001953125,4750.0,4733.0,4733.0,1405
2026-04-08 19:45:00+00:00,4755.2998046875,4756.60009765625,4746.60009765625,4746.60009765625,1268
2026-04-08 20:00:00+00:00,4752.89990234375,4757.2998046875,4751.2001953125,4755.2001953125,588
2026-04-08 20:15:00+00:00,4748.2998046875,4755.0,4746.5,4752.60009765625,419
2026-04-08 20:30:00+00:00,4747.10009765625,4749.2001953125,4746.10009765625,4747.39990234375,155
2026-04-08 20:45:00+00:00,4745.0,4749.2998046875,4742.10009765625,4747.2001953125,639
2026-04-08 22:00:00+00:00,4736.2001953125,4757.7001953125,4733.0,4744.7998046875,481
2026-04-08 22:15:00+00:00,4737.2001953125,4741.2001953125,4728.5,4736.10009765625,859
2026-04-08 22:30:00+00:00,4736.2998046875,4743.7001953125,4730.0,4738.0,824
2026-04-08 22:45:00+00:00,4741.5,4744.2001953125,4735.5,4735.5,397
2026-04-08 23:00:00+00:00,4731.7998046875,4741.2998046875,4728.5,4741.2001953125,844
2026-04-08 23:15:00+00:00,4734.60009765625,4739.5,4729.2998046875,4732.2001953125,644
2026-04-08 23:30:00+00:00,4736.7998046875,4738.7001953125,4730.7001953125,4733.7001953125,399
2026-04-08 23:45:00+00:00,4738.7998046875,4743.39990234375,4735.7998046875,4736.2001953125,372
2026-04-09 00:00:00+00:00,4726.0,4739.60009765625,4718.60009765625,4739.39990234375,1491
2026-04-09 00:15:00+00:00,4730.2001953125,4735.39990234375,4724.10009765625,4726.0,831
2026-04-09 00:30:00+00:00,4741.5,4741.7998046875,4728.60009765625,4730.10009765625,822
2026-04-09 00:45:00+00:00,4730.39990234375,4742.39990234375,4729.10009765625,4741.7998046875,737
2026-04-09 01:00:00+00:00,4743.5,4745.5,4722.39990234375,4730.2001953125,1860
2026-04-09 01:15:00+00:00,4727.60009765625,4746.60009765625,4725.2998046875,4743.2998046875,1636
2026-04-09 01:30:00+00:00,4740.89990234375,4744.5,4727.0,4727.2998046875,1314
2026-04-09 01:45:00+00:00,4751.2001953125,4752.2001953125,4740.89990234375,4741.2001953125,1101
2026-04-09 02:00:00+00:00,4746.39990234375,4752.7998046875,4744.7998046875,4751.5,908
2026-04-09 02:15:00+00:00,4749.10009765625,4751.60009765625,4746.7001953125,4747.0,745
2026-04-09 02:30:00+00:00,4755.7998046875,4756.39990234375,4748.7998046875,4748.7998046875,977
2026-04-09 02:45:00+00:00,4742.10009765625,4756.60009765625,4741.0,4756.10009765625,1169
2026-04-09 03:00:00+00:00,4735.60009765625,4743.39990234375,4734.39990234375,4742.2001953125,845
2026-04-09 03:15:00+00:00,4735.39990234375,4736.0,4728.0,4735.2998046875,1148
2026-04-09 03:30:00+00:00,4736.60009765625,4737.7998046875,4734.89990234375,4735.7998046875,334
2026-04-09 03:45:00+00:00,4735.0,4737.7001953125,4729.5,4737.7001953125,735
2026-04-09 04:00:00+00:00,4744.89990234375,4745.2001953125,4733.0,4734.60009765625,526
2026-04-09 04:15:00+00:00,4739.7998046875,4746.2998046875,4739.60009765625,4745.0,373
2026-04-09 04:30:00+00:00,4743.7998046875,4746.39990234375,4737.2001953125,4739.39990234375,594
2026-04-09 04:45:00+00:00,4744.2001953125,4748.39990234375,4742.89990234375,4743.89990234375,457
2026-04-09 05:00:00+00:00,4736.39990234375,4746.39990234375,4733.60009765625,4743.89990234375,629
2026-04-09 05:15:00+00:00,4749.5,4749.60009765625,4736.0,4736.5,535
2026-04-09 05:30:00+00:00,4746.39990234375,4749.60009765625,4739.10009765625,4749.2001953125,862
2026-04-09 05:45:00+00:00,4736.39990234375,4747.39990234375,4729.10009765625,4746.5,1566
2026-04-09 06:00:00+00:00,4743.39990234375,4749.2001953125,4735.0,4736.7001953125,1314
2026-04-09 06:15:00+00:00,4741.2001953125,4745.60009765625,4736.2001953125,4743.2998046875,768
2026-04-09 06:30:00+00:00,4737.2998046875,4746.60009765625,4735.5,4741.7001953125,1053
2026-04-09 06:45:00+00:00,4736.2998046875,4738.89990234375,4727.2001953125,4736.89990234375,1743
2026-04-09 07:00:00+00:00,4748.0,4754.10009765625,4732.5,4736.5,2814
2026-04-09 07:15:00+00:00,4732.2001953125,4748.39990234375,4729.5,4748.10009765625,1884
2026-04-09 07:30:00+00:00,4746.89990234375,4755.2001953125,4732.7001953125,4732.7998046875,2447
2026-04-09 07:45:00+00:00,4748.39990234375,4748.7998046875,4735.5,4746.5,1750
2026-04-09 08:00:00+00:00,4748.10009765625,4750.60009765625,4744.10009765625,4748.2998046875,778
2026-04-09 08:15:00+00:00,4745.60009765625,4752.10009765625,4745.39990234375,4748.10009765625,1104
2026-04-09 08:30:00+00:00,4754.2001953125,4757.7998046875,4744.89990234375,4745.89990234375,1188
2026-04-09 08:45:00+00:00,4750.5,4758.60009765625,4750.5,4754.5,1144
2026-04-09 09:00:00+00:00,4755.39990234375,4758.0,4747.7001953125,4750.10009765625,1075
2026-04-09 09:15:00+00:00,4754.39990234375,4758.5,4753.60009765625,4755.5,793
2026-04-09 09:30:00+00:00,4751.39990234375,4757.5,4751.39990234375,4754.10009765625,942
2026-04-09 09:45:00+00:00,4753.89990234375,4755.2001953125,4748.2001953125,4751.2998046875,1023
2026-04-09 10:00:00+00:00,4752.10009765625,4758.0,4750.60009765625,4753.89990234375,486
2026-04-09 10:15:00+00:00,4762.60009765625,4764.7001953125,4748.10009765625,4751.5,1555
2026-04-09 10:30:00+00:00,4765.60009765625,4766.0,4761.10009765625,4763.2001953125,821
2026-04-09 10:45:00+00:00,4765.7001953125,4771.39990234375,4764.10009765625,4765.7001953125,1103
2026-04-09 11:00:00+00:00,4763.7998046875,4768.7998046875,4762.89990234375,4765.7998046875,617
2026-04-09 11:15:00+00:00,4770.2998046875,4772.2001953125,4763.2998046875,4763.89990234375,629
2026-04-09 11:30:00+00:00,4775.60009765625,4776.0,4767.7001953125,4770.2998046875,1018
2026-04-09 11:45:00+00:00,4781.2998046875,4782.7001953125,4775.10009765625,4775.89990234375,1780
2026-04-09 12:00:00+00:00,4767.39990234375,4785.0,4766.89990234375,4781.7001953125,1743
2026-04-09 12:15:00+00:00,4762.2001953125,4769.2001953125,4759.60009765625,4767.60009765625,1872
2026-04-09 12:30:00+00:00,4769.10009765625,4773.2998046875,4760.10009765625,4763.0,1963
2026-04-09 12:45:00+00:00,4770.89990234375,4772.60009765625,4762.60009765625,4769.60009765625,1211
2026-04-09 13:00:00+00:00,4779.2998046875,4781.7001953125,4763.89990234375,4771.2998046875,2340
2026-04-09 13:15:00+00:00,4777.0,4784.0,4776.60009765625,4779.89990234375,1716
2026-04-09 13:30:00+00:00,4801.10009765625,4802.7998046875,4775.39990234375,4778.10009765625,4212
2026-04-09 13:45:00+00:00,4789.60009765625,4802.2998046875,4784.60009765625,4801.39990234375,3113
2026-04-09 14:00:00+00:00,4796.5,4801.7998046875,4787.10009765625,4790.0,3184
2026-04-09 14:15:00+00:00,4791.2998046875,4798.7001953125,4785.10009765625,4796.10009765625,2733
2026-04-09 14:30:00+00:00,4781.10009765625,4793.10009765625,4772.5,4791.2001953125,3479
2026-04-09 14:45:00+00:00,4794.0,4794.0,4780.2998046875,4780.60009765625,1485
2026-04-09 15:00:00+00:00,4794.2998046875,4795.89990234375,4786.2001953125,4794.0,1589
2026-04-09 15:15:00+00:00,4804.5,4812.39990234375,4794.89990234375,4794.89990234375,4782
2026-04-09 15:30:00+00:00,4815.7998046875,4823.89990234375,4803.2998046875,4803.89990234375,5287
2026-04-09 15:45:00+00:00,4817.39990234375,4819.0,4808.7998046875,4815.60009765625,4804
2026-04-09 16:00:00+00:00,4812.89990234375,4825.5,4812.2001953125,4817.7001953125,2487
2026-04-09 16:15:00+00:00,4817.2998046875,4822.7001953125,4811.7001953125,4812.89990234375,1691
2026-04-09 16:30:00+00:00,4811.7001953125,4819.89990234375,4810.10009765625,4817.7001953125,1211
2026-04-09 16:45:00+00:00,4813.0,4815.7001953125,4808.7998046875,4811.89990234375,1118
2026-04-09 17:00:00+00:00,4817.7001953125,4818.5,4810.89990234375,4813.5,1205
2026-04-09 17:15:00+00:00,4817.10009765625,4822.7001953125,4814.60009765625,4817.2998046875,3335
2026-04-09 17:30:00+00:00,4819.60009765625,4826.0,4811.7998046875,4817.2998046875,2464
2026-04-09 17:45:00+00:00,4822.2998046875,4825.60009765625,4819.7998046875,4819.7998046875,1393
2026-04-09 18:00:00+00:00,4807.89990234375,4822.7001953125,4804.60009765625,4822.60009765625,2185
2026-04-09 18:15:00+00:00,4806.2998046875,4812.5,4802.0,4807.89990234375,1049
2026-04-09 18:30:00+00:00,4795.0,4806.10009765625,4792.7001953125,4805.89990234375,1887
2026-04-09 18:45:00+00:00,4796.60009765625,4800.7998046875,4792.2001953125,4794.39990234375,1324
2026-04-09 19:00:00+00:00,4803.2998046875,4806.89990234375,4793.39990234375,4796.60009765625,1028
2026-04-09 19:15:00+00:00,4797.7001953125,4804.89990234375,4796.39990234375,4804.0,595
2026-04-09 19:30:00+00:00,4796.2001953125,4802.10009765625,4793.2998046875,4798.39990234375,892
2026-04-09 19:45:00+00:00,4793.0,4798.2001953125,4790.7001953125,4796.39990234375,968
2026-04-09 20:00:00+00:00,4793.89990234375,4795.7001953125,4791.2001953125,4793.0,343
2026-04-09 20:15:00+00:00,4794.2001953125,4797.39990234375,4790.2001953125,4794.39990234375,324
2026-04-09 20:30:00+00:00,4788.7001953125,4796.0,4784.60009765625,4794.89990234375,535
2026-04-09 20:45:00+00:00,4790.5,4793.2998046875,4788.0,4788.2998046875,347
2026-04-09 22:00:00+00:00,4793.7998046875,4810.0,4789.2998046875,4790.5,196
2026-04-09 22:15:00+00:00,4787.7001953125,4794.39990234375,4786.89990234375,4794.39990234375,527
2026-04-09 22:30:00+00:00,4785.0,4791.0,4782.60009765625,4788.39990234375,539
2026-04-09 22:45:00+00:00,4787.60009765625,4788.10009765625,4782.2001953125,4785.0,688
2026-04-09 23:00:00+00:00,4782.7998046875,4787.39990234375,4780.60009765625,4787.39990234375,610
2026-04-09 23:15:00+00:00,4781.2998046875,4785.0,4779.7998046875,4783.0,304
2026-04-09 23:30:00+00:00,4783.2998046875,4786.2998046875,4781.2001953125,4781.2001953125,475
2026-04-09 23:45:00+00:00,4787.0,4787.10009765625,4781.5,4783.10009765625,440
2026-04-10 00:00:00+00:00,4777.5,4786.60009765625,4773.7998046875,4786.60009765625,1020
2026-04-10 00:15:00+00:00,4777.0,4781.89990234375,4774.2998046875,4777.60009765625,1169
2026-04-10 00:30:00+00:00,4779.10009765625,4784.7001953125,4777.2998046875,4777.2998046875,692
2026-04-10 00:45:00+00:00,4786.39990234375,4786.5,4778.2998046875,4778.7001953125,624
2026-04-10 01:00:00+00:00,4783.7998046875,4790.5,4781.39990234375,4786.2001953125,1339
2026-04-10 01:15:00+00:00,4785.7001953125,4788.7001953125,4781.2998046875,4783.7998046875,795
2026-04-10 01:30:00+00:00,4794.89990234375,4800.39990234375,4783.39990234375,4785.60009765625,1708
2026-04-10 01:45:00+00:00,4787.2998046875,4796.39990234375,4783.2001953125,4794.89990234375,1267
2026-04-10 02:00:00+00:00,4774.89990234375,4788.2001953125,4771.10009765625,4787.5,1535
2026-04-10 02:15:00+00:00,4766.7001953125,4776.89990234375,4764.0,4775.0,2070
2026-04-10 02:30:00+00:00,4771.89990234375,4772.2998046875,4760.39990234375,4766.89990234375,1473
2026-04-10 02:45:00+00:00,4775.5,4776.0,4770.0,4772.2998046875,1129
2026-04-10 03:00:00+00:00,4782.7001953125,4784.7998046875,4775.2001953125,4775.60009765625,1026
2026-04-10 03:15:00+00:00,4779.2001953125,4785.0,4778.10009765625,4783.2998046875,825
2026-04-10 03:30:00+00:00,4788.89990234375,4792.10009765625,4779.2001953125,4779.5,1306
2026-04-10 03:45:00+00:00,4789.10009765625,4793.2998046875,4787.5,4788.7001953125,751
2026-04-10 04:00:00+00:00,4790.7001953125,4792.0,4788.10009765625,4790.39990234375,330
2026-04-10 04:15:00+00:00,4789.2998046875,4794.60009765625,4789.0,4790.5,518
2026-04-10 04:30:00+00:00,4786.5,4789.39990234375,4785.5,4789.2001953125,697
2026-04-10 04:45:00+00:00,4781.7998046875,4789.2998046875,4781.7998046875,4786.10009765625,533
2026-04-10 05:00:00+00:00,4783.7998046875,4787.2001953125,4781.2998046875,4782.5,628
2026-04-10 05:15:00+00:00,4783.7001953125,4787.89990234375,4782.2998046875,4783.2001953125,289
2026-04-10 05:30:00+00:00,4788.2998046875,4792.10009765625,4783.10009765625,4783.10009765625,617
2026-04-10 05:45:00+00:00,4789.89990234375,4793.0,4788.60009765625,4789.10009765625,507
2026-04-10 06:00:00+00:00,4779.89990234375,4790.2001953125,4779.10009765625,4790.0,1050
2026-04-10 06:15:00+00:00,4779.10009765625,4781.0,4775.10009765625,4779.7998046875,1230
2026-04-10 06:30:00+00:00,4774.7998046875,4782.0,4773.0,4779.10009765625,1075
2026-04-10 06:45:00+00:00,4769.7001953125,4778.0,4766.2998046875,4774.7998046875,1578
2026-04-10 07:00:00+00:00,4770.10009765625,4777.7001953125,4764.60009765625,4769.60009765625,1179
2026-04-10 07:15:00+00:00,4777.0,4779.60009765625,4769.7001953125,4770.10009765625,641
2026-04-10 07:30:00+00:00,4777.60009765625,4781.2001953125,4774.7998046875,4777.2001953125,571
2026-04-10 07:45:00+00:00,4773.0,4778.5,4772.0,4777.7001953125,424
2026-04-10 08:00:00+00:00,4773.0,4776.5,4770.39990234375,4773.2998046875,1315
2026-04-10 08:15:00+00:00,4769.7998046875,4773.5,4765.5,4773.10009765625,1266
2026-04-10 08:30:00+00:00,4764.89990234375,4775.2998046875,4763.7998046875,4769.39990234375,1095
2026-04-10 08:45:00+00:00,4763.10009765625,4766.7998046875,4752.7001953125,4765.60009765625,2450
2026-04-10 09:00:00+00:00,4769.39990234375,4769.39990234375,4763.10009765625,4763.60009765625,1008
2026-04-10 09:15:00+00:00,4771.89990234375,4783.2998046875,4767.10009765625,4769.2001953125,2108
2026-04-10 09:30:00+00:00,4773.7998046875,4774.2998046875,4768.5,4771.5,983
2026-04-10 09:45:00+00:00,4774.60009765625,4776.39990234375,4771.10009765625,4773.89990234375,687
2026-04-10 10:00:00+00:00,4770.2001953125,4776.60009765625,4765.2998046875,4774.7001953125,1073
2026-04-10 10:15:00+00:00,4781.60009765625,4784.0,4769.60009765625,4769.7998046875,839
2026-04-10 10:30:00+00:00,4779.10009765625,4783.10009765625,4777.39990234375,4781.60009765625,640
2026-04-10 10:45:00+00:00,4780.7001953125,4784.0,4778.10009765625,4779.2001953125,452
2026-04-10 11:00:00+00:00,4779.60009765625,4783.39990234375,4777.10009765625,4780.7001953125,424
2026-04-10 11:15:00+00:00,4785.60009765625,4786.89990234375,4778.10009765625,4779.2001953125,613
2026-04-10 11:30:00+00:00,4791.10009765625,4791.10009765625,4782.2998046875,4785.2998046875,515
2026-04-10 11:45:00+00:00,4792.0,4792.89990234375,4787.0,4791.2001953125,851
2026-04-10 12:00:00+00:00,4791.10009765625,4794.0,4787.2001953125,4792.10009765625,1111
2026-04-10 12:15:00+00:00,4785.60009765625,4795.5,4783.89990234375,4791.0,1488
2026-04-10 12:30:00+00:00,4795.7998046875,4806.89990234375,4784.89990234375,4785.10009765625,5128
2026-04-10 12:45:00+00:00,4795.5,4797.7001953125,4787.2998046875,4796.2001953125,2029
2026-04-10 13:00:00+00:00,4796.39990234375,4801.60009765625,4791.7998046875,4795.39990234375,1605
2026-04-10 13:15:00+00:00,4799.7998046875,4804.39990234375,4790.2001953125,4796.7998046875,3111
2026-04-10 13:30:00+00:00,4793.7001953125,4803.0,4788.89990234375,4800.2001953125,3074
2026-04-10 13:45:00+00:00,4799.2998046875,4802.39990234375,4790.0,4793.39990234375,1775
2026-04-10 14:00:00+00:00,4805.0,4805.7001953125,4791.7001953125,4799.10009765625,3380
2026-04-10 14:15:00+00:00,4815.7001953125,4818.0,4803.89990234375,4805.2998046875,3113
2026-04-10 14:30:00+00:00,4805.2001953125,4820.0,4798.0,4815.7001953125,3334
2026-04-10 14:45:00+00:00,4799.2998046875,4807.7998046875,4795.0,4805.60009765625,2433
2026-04-10 15:00:00+00:00,4806.2998046875,4808.5,4793.7001953125,4799.39990234375,1867
2026-04-10 15:15:00+00:00,4800.7998046875,4811.89990234375,4800.5,4806.5,1621
2026-04-10 15:30:00+00:00,4790.2001953125,4802.7998046875,4779.2998046875,4800.7998046875,3547
2026-04-10 15:45:00+00:00,4785.7998046875,4794.10009765625,4782.7998046875,4789.7998046875,2197
2026-04-10 16:00:00+00:00,4787.2001953125,4787.7001953125,4768.39990234375,4785.89990234375,3298
2026-04-10 16:15:00+00:00,4782.60009765625,4789.39990234375,4778.2001953125,4787.0,1572
2026-04-10 16:30:00+00:00,4781.5,4789.60009765625,4780.60009765625,4782.10009765625,2181
2026-04-10 16:45:00+00:00,4788.10009765625,4790.7001953125,4780.5,4781.2998046875,1166
2026-04-10 17:00:00+00:00,4789.0,4790.7998046875,4782.39990234375,4788.39990234375,997
2026-04-10 17:15:00+00:00,4787.2001953125,4793.2998046875,4785.5,4788.89990234375,3834
2026-04-10 17:30:00+00:00,4783.39990234375,4790.0,4782.10009765625,4787.2998046875,1419
2026-04-10 17:45:00+00:00,4784.5,4789.2001953125,4783.0,4783.0,655
2026-04-10 18:00:00+00:00,4787.7998046875,4788.10009765625,4775.10009765625,4784.7001953125,1769
2026-04-10 18:15:00+00:00,4790.2998046875,4794.0,4787.2001953125,4787.7001953125,1390
2026-04-10 18:30:00+00:00,4792.60009765625,4797.7001953125,4790.10009765625,4790.5,827
2026-04-10 18:45:00+00:00,4789.5,4792.5,4787.39990234375,4792.2001953125,581
2026-04-10 19:00:00+00:00,4791.0,4792.2998046875,4788.5,4789.5,555
2026-04-10 19:15:00+00:00,4787.7001953125,4794.60009765625,4787.0,4790.0,816
2026-04-10 19:30:00+00:00,4787.60009765625,4789.2001953125,4784.60009765625,4787.7001953125,404
2026-04-10 19:45:00+00:00,4783.60009765625,4788.5,4782.0,4787.5,926
2026-04-10 20:00:00+00:00,4777.2998046875,4783.5,4775.2998046875,4783.5,862
2026-04-10 20:15:00+00:00,4769.2001953125,4777.10009765625,4764.0,4777.0,869
2026-04-10 20:30:00+00:00,4774.89990234375,4776.10009765625,4769.0,4769.10009765625,740
2026-04-10 20:45:00+00:00,4771.0,4776.5,4770.10009765625,4774.7998046875,783
2026-04-12 22:00:00+00:00,4698.60009765625,4707.39990234375,4687.89990234375,4688.7001953125,518
2026-04-12 22:15:00+00:00,4669.0,4705.7001953125,4665.2001953125,4698.2001953125,4000
2026-04-12 22:30:00+00:00,4679.7998046875,4680.7998046875,4666.7001953125,4669.0,1619
2026-04-12 22:45:00+00:00,4680.60009765625,4682.5,4673.10009765625,4679.2998046875,799
2026-04-12 23:00:00+00:00,4680.7998046875,4682.7001953125,4673.60009765625,4680.5,723
2026-04-12 23:15:00+00:00,4674.7998046875,4681.5,4664.60009765625,4681.0,1050
2026-04-12 23:30:00+00:00,4677.0,4682.0,4671.60009765625,4674.39990234375,751
2026-04-12 23:45:00+00:00,4693.60009765625,4694.2001953125,4677.60009765625,4677.7998046875,1291
2026-04-13 00:00:00+00:00,4695.10009765625,4695.7001953125,4686.89990234375,4693.7001953125,780
2026-04-13 00:15:00+00:00,4695.7998046875,4698.7001953125,4691.0,4693.89990234375,762
2026-04-13 00:30:00+00:00,4701.0,4705.0,4693.5,4695.5,881
2026-04-13 00:45:00+00:00,4718.0,4721.0,4700.2998046875,4700.2998046875,1352
2026-04-13 01:00:00+00:00,4737.60009765625,4741.5,4716.0,4717.5,3271
2026-04-13 01:15:00+00:00,4739.2001953125,4743.2998046875,4733.2998046875,4736.39990234375,1256
2026-04-13 01:30:00+00:00,4736.60009765625,4743.5,4732.0,4738.7998046875,1192
2026-04-13 01:45:00+00:00,4743.10009765625,4749.5,4731.2998046875,4734.89990234375,1367
2026-04-13 02:00:00+00:00,4744.2998046875,4747.2001953125,4740.5,4743.7001953125,649
2026-04-13 02:15:00+00:00,4741.2001953125,4746.2998046875,4740.60009765625,4743.7001953125,512
2026-04-13 02:30:00+00:00,4736.89990234375,4749.5,4736.60009765625,4741.39990234375,827
2026-04-13 02:45:00+00:00,4742.0,4743.2001953125,4732.5,4736.7001953125,771
2026-04-13 03:00:00+00:00,4734.7998046875,4743.39990234375,4733.7001953125,4742.5,392
2026-04-13 03:15:00+00:00,4740.60009765625,4742.89990234375,4734.2998046875,4734.89990234375,388
2026-04-13 03:30:00+00:00,4743.7998046875,4745.7998046875,4739.2998046875,4740.2001953125,394
2026-04-13 03:45:00+00:00,4741.60009765625,4744.2998046875,4739.10009765625,4744.2001953125,305
2026-04-13 04:00:00+00:00,4735.7998046875,4740.2001953125,4729.2001953125,4740.0,1066
2026-04-13 04:15:00+00:00,4734.7001953125,4737.2998046875,4730.5,4736.5,453
2026-04-13 04:30:00+00:00,4741.0,4741.60009765625,4730.60009765625,4735.10009765625,703
2026-04-13 04:45:00+00:00,4744.7001953125,4747.0,4738.2998046875,4740.2998046875,426
2026-04-13 05:00:00+00:00,4740.7998046875,4748.0,4740.10009765625,4744.89990234375,621
2026-04-13 05:15:00+00:00,4742.5,4743.2998046875,4737.89990234375,4740.89990234375,416
2026-04-13 05:30:00+00:00,4743.2998046875,4746.7998046875,4739.7998046875,4742.7001953125,547
2026-04-13 05:45:00+00:00,4751.10009765625,4752.60009765625,4742.10009765625,4743.0,803
2026-04-13 06:00:00+00:00,4747.7001953125,4751.5,4744.7998046875,4751.5,1016
2026-04-13 06:15:00+00:00,4753.5,4753.7001953125,4747.0,4748.0,961
2026-04-13 06:30:00+00:00,4748.39990234375,4754.7001953125,4747.39990234375,4753.7001953125,786
2026-04-13 06:45:00+00:00,4747.89990234375,4748.39990234375,4742.7001953125,4748.0,705
2026-04-13 07:00:00+00:00,4750.5,4761.10009765625,4747.39990234375,4748.0,1306
2026-04-13 07:15:00+00:00,4753.10009765625,4755.2001953125,4749.10009765625,4749.7998046875,705
2026-04-13 07:30:00+00:00,4754.7998046875,4756.2001953125,4749.89990234375,4753.5,375
2026-04-13 07:45:00+00:00,4756.39990234375,4762.5,4750.7998046875,4754.39990234375,1310
2026-04-13 08:00:00+00:00,4756.0,4761.2001953125,4755.0,4756.7001953125,574
2026-04-13 08:15:00+00:00,4754.89990234375,4757.0,4752.89990234375,4755.10009765625,434
2026-04-13 08:30:00+00:00,4744.10009765625,4759.2001953125,4743.89990234375,4754.7001953125,1157
2026-04-13 08:45:00+00:00,4746.2998046875,4752.7998046875,4743.2998046875,4744.2001953125,1186
2026-04-13 09:00:00+00:00,4741.7998046875,4751.5,4738.89990234375,4746.2998046875,1389
2026-04-13 09:15:00+00:00,4738.2998046875,4744.0,4736.89990234375,4741.7001953125,945
2026-04-13 09:30:00+00:00,4736.7001953125,4743.2998046875,4733.2001953125,4737.7998046875,1304
2026-04-13 09:45:00+00:00,4737.39990234375,4739.2001953125,4733.2998046875,4736.7001953125,424
2026-04-13 10:00:00+00:00,4740.60009765625,4741.5,4736.5,4737.39990234375,555
2026-04-13 10:15:00+00:00,4734.7998046875,4740.60009765625,4730.5,4740.60009765625,797
2026-04-13 10:30:00+00:00,4740.7001953125,4741.10009765625,4734.0,4735.0,485
2026-04-13 10:45:00+00:00,4744.2001953125,4746.2001953125,4739.7001953125,4740.2998046875,531
2026-04-13 11:00:00+00:00,4743.89990234375,4751.39990234375,4742.2001953125,4744.7998046875,748
2026-04-13 11:15:00+00:00,4743.2001953125,4746.10009765625,4740.5,4744.2001953125,561
2026-04-13 11:30:00+00:00,4729.10009765625,4744.39990234375,4726.2001953125,4742.60009765625,1383
2026-04-13 11:45:00+00:00,4729.10009765625,4734.2998046875,4725.2001953125,4729.5,1220
2026-04-13 12:00:00+00:00,4740.2001953125,4742.7998046875,4725.60009765625,4728.60009765625,1556
2026-04-13 12:15:00+00:00,4732.7998046875,4740.39990234375,4726.10009765625,4739.7998046875,1996
2026-04-13 12:30:00+00:00,4738.2001953125,4739.0,4731.5,4733.0,1086
2026-04-13 12:45:00+00:00,4745.89990234375,4747.7998046875,4737.7998046875,4737.89990234375,1419
2026-04-13 13:00:00+00:00,4757.7998046875,4759.89990234375,4745.2998046875,4745.7998046875,3160
2026-04-13 13:15:00+00:00,4756.7001953125,4760.7001953125,4752.10009765625,4758.10009765625,1696
2026-04-13 13:30:00+00:00,4750.0,4761.5,4747.5,4757.10009765625,2379
2026-04-13 13:45:00+00:00,4753.2998046875,4768.0,4743.0,4749.7001953125,6526
2026-04-13 14:00:00+00:00,4750.89990234375,4754.2998046875,4743.2998046875,4753.2001953125,2311
2026-04-13 14:15:00+00:00,4738.2001953125,4751.39990234375,4732.39990234375,4750.39990234375,2293
2026-04-13 14:30:00+00:00,4745.0,4745.7998046875,4731.89990234375,4738.2998046875,2064
2026-04-13 14:45:00+00:00,4742.2001953125,4747.5,4733.0,4744.7998046875,1739
2026-04-13 15:00:00+00:00,4729.89990234375,4743.10009765625,4722.5,4742.60009765625,2713
2026-04-13 15:15:00+00:00,4726.10009765625,4733.89990234375,4725.10009765625,4729.60009765625,910
2026-04-13 15:30:00+00:00,4734.39990234375,4740.5,4724.2001953125,4725.7001953125,1364
2026-04-13 15:45:00+00:00,4736.89990234375,4737.7998046875,4733.0,4734.60009765625,636
2026-04-13 16:00:00+00:00,4742.2998046875,4743.2998046875,4731.5,4737.2001953125,1439
2026-04-13 16:15:00+00:00,4754.0,4757.5,4741.10009765625,4742.2998046875,3970
2026-04-13 16:30:00+00:00,4763.10009765625,4763.60009765625,4751.2998046875,4753.39990234375,4478
2026-04-13 16:45:00+00:00,4756.39990234375,4770.60009765625,4755.7001953125,4763.60009765625,4279
2026-04-13 17:00:00+00:00,4753.89990234375,4762.2001953125,4748.39990234375,4756.7001953125,2553
2026-04-13 17:15:00+00:00,4766.7998046875,4774.39990234375,4752.7001953125,4754.0,5904
2026-04-13 17:30:00+00:00,4767.7001953125,4771.10009765625,4766.10009765625,4766.5,988
2026-04-13 17:45:00+00:00,4753.2998046875,4767.7001953125,4750.60009765625,4767.7001953125,2564
2026-04-13 18:00:00+00:00,4753.60009765625,4756.60009765625,4752.5,4753.5,538
2026-04-13 18:15:00+00:00,4750.2001953125,4754.5,4746.10009765625,4753.7001953125,900
2026-04-13 18:30:00+00:00,4756.7001953125,4758.2998046875,4750.0,4750.60009765625,532
2026-04-13 18:45:00+00:00,4762.0,4764.2001953125,4756.7998046875,4756.7998046875,698
2026-04-13 19:00:00+00:00,4758.0,4762.60009765625,4753.7998046875,4762.0,577
2026-04-13 19:15:00+00:00,4766.2998046875,4767.60009765625,4758.39990234375,4758.39990234375,582
2026-04-13 19:30:00+00:00,4765.5,4770.7001953125,4762.2998046875,4766.2998046875,718
2026-04-13 19:45:00+00:00,4765.5,4769.7001953125,4763.10009765625,4765.2001953125,1268
2026-04-13 20:00:00+00:00,4766.7001953125,4768.39990234375,4763.7998046875,4765.2998046875,351
2026-04-13 20:15:00+00:00,4763.5,4767.7001953125,4762.5,4766.60009765625,300
2026-04-13 20:30:00+00:00,4763.60009765625,4764.5,4762.2998046875,4763.2001953125,136
2026-04-13 20:45:00+00:00,4766.60009765625,4766.60009765625,4762.2001953125,4763.7001953125,304
2026-04-13 22:00:00+00:00,4771.89990234375,4780.5,4767.60009765625,4769.2998046875,171
2026-04-13 22:15:00+00:00,4771.7998046875,4773.60009765625,4769.2001953125,4772.39990234375,304
2026-04-13 22:30:00+00:00,4774.0,4774.2001953125,4770.0,4772.2001953125,232
2026-04-13 22:45:00+00:00,4782.0,4783.2998046875,4772.7998046875,4774.2001953125,626
2026-04-13 23:00:00+00:00,4786.7998046875,4789.7001953125,4782.0,4782.0,822
2026-04-13 23:15:00+00:00,4779.0,4787.10009765625,4778.39990234375,4786.60009765625,469
2026-04-13 23:30:00+00:00,4783.2998046875,4785.2998046875,4778.2001953125,4779.10009765625,436
2026-04-13 23:45:00+00:00,4781.2998046875,4785.60009765625,4780.39990234375,4783.39990234375,326
2026-04-14 00:00:00+00:00,4783.39990234375,4783.7998046875,4775.5,4781.7001953125,711
2026-04-14 00:15:00+00:00,4786.2001953125,4791.60009765625,4782.89990234375,4783.39990234375,795
2026-04-14 00:30:00+00:00,4793.89990234375,4799.39990234375,4784.7998046875,4786.39990234375,1284
2026-04-14 00:45:00+00:00,4792.7001953125,4795.2998046875,4791.7998046875,4793.2998046875,600
2026-04-14 01:00:00+00:00,4798.89990234375,4802.7998046875,4785.7001953125,4792.7001953125,1529
2026-04-14 01:15:00+00:00,4793.60009765625,4801.60009765625,4792.39990234375,4799.2001953125,822
2026-04-14 01:30:00+00:00,4795.89990234375,4795.89990234375,4786.89990234375,4793.60009765625,787
2026-04-14 01:45:00+00:00,4787.2001953125,4796.2001953125,4784.10009765625,4795.5,701
2026-04-14 02:00:00+00:00,4790.10009765625,4793.7001953125,4785.0,4787.10009765625,645
2026-04-14 02:15:00+00:00,4791.60009765625,4795.0,4790.10009765625,4790.2001953125,320
2026-04-14 02:30:00+00:00,4794.89990234375,4795.2998046875,4784.2998046875,4791.39990234375,631
2026-04-14 02:45:00+00:00,4797.60009765625,4800.39990234375,4795.0,4795.10009765625,681
2026-04-14 03:00:00+00:00,4791.10009765625,4797.7998046875,4790.7998046875,4797.7001953125,322
2026-04-14 03:15:00+00:00,4790.60009765625,4793.5,4788.0,4791.7001953125,409
2026-04-14 03:30:00+00:00,4790.2998046875,4791.7001953125,4787.89990234375,4790.5,228
2026-04-14 03:45:00+00:00,4792.2998046875,4794.2001953125,4790.0,4790.2001953125,191
2026-04-14 04:00:00+00:00,4791.0,4792.60009765625,4789.2001953125,4790.0,215
2026-04-14 04:15:00+00:00,4798.2001953125,4799.2001953125,4791.2001953125,4791.2001953125,335
2026-04-14 04:30:00+00:00,4795.60009765625,4798.60009765625,4793.5,4798.10009765625,323
2026-04-14 04:45:00+00:00,4796.2998046875,4798.2998046875,4795.10009765625,4795.7001953125,244
2026-04-14 05:00:00+00:00,4787.7998046875,4796.2998046875,4785.39990234375,4796.10009765625,532
2026-04-14 05:15:00+00:00,4786.5,4790.5,4783.60009765625,4787.89990234375,451
2026-04-14 05:30:00+00:00,4783.2001953125,4789.39990234375,4780.0,4786.7001953125,890
2026-04-14 05:45:00+00:00,4782.2998046875,4788.89990234375,4781.39990234375,4783.10009765625,711
2026-04-14 06:00:00+00:00,4788.7001953125,4792.60009765625,4782.39990234375,4782.60009765625,956
2026-04-14 06:15:00+00:00,4790.60009765625,4790.89990234375,4786.10009765625,4788.2998046875,424
2026-04-14 06:30:00+00:00,4792.89990234375,4793.2001953125,4787.10009765625,4790.60009765625,556
2026-04-14 06:45:00+00:00,4805.39990234375,4806.2998046875,4792.10009765625,4792.7998046875,1686
2026-04-14 07:00:00+00:00,4814.10009765625,4820.39990234375,4804.5,4805.39990234375,3106
2026-04-14 07:15:00+00:00,4795.89990234375,4815.39990234375,4790.89990234375,4814.10009765625,3289
2026-04-14 07:30:00+00:00,4801.10009765625,4802.89990234375,4794.7001953125,4795.60009765625,1070
2026-04-14 07:45:00+00:00,4800.2001953125,4803.7001953125,4796.60009765625,4800.5,1457
2026-04-14 08:00:00+00:00,4803.5,4807.10009765625,4797.2001953125,4799.60009765625,919
2026-04-14 08:15:00+00:00,4808.7998046875,4809.89990234375,4798.89990234375,4804.0,929
2026-04-14 08:30:00+00:00,4808.10009765625,4813.7001953125,4806.10009765625,4809.60009765625,954
2026-04-14 08:45:00+00:00,4810.0,4810.0,4804.89990234375,4808.60009765625,678
2026-04-14 09:00:00+00:00,4809.5,4811.60009765625,4803.2001953125,4810.5,974
2026-04-14 09:15:00+00:00,4802.0,4813.0,4802.0,4809.5,958
2026-04-14 09:30:00+00:00,4801.5,4803.10009765625,4794.7998046875,4802.0,1997
2026-04-14 09:45:00+00:00,4801.60009765625,4805.60009765625,4796.2998046875,4801.2001953125,1331
2026-04-14 10:00:00+00:00,4805.39990234375,4808.10009765625,4801.7001953125,4801.7001953125,690
2026-04-14 10:15:00+00:00,4807.2001953125,4811.10009765625,4803.2001953125,4805.39990234375,572
2026-04-14 10:30:00+00:00,4789.10009765625,4807.5,4773.2998046875,4806.7001953125,4236
2026-04-14 10:45:00+00:00,4791.10009765625,4795.2998046875,4789.0,4789.2998046875,906
2026-04-14 11:00:00+00:00,4799.39990234375,4799.7001953125,4789.39990234375,4790.60009765625,874
2026-04-14 11:15:00+00:00,4800.89990234375,4805.7998046875,4797.89990234375,4799.39990234375,1066
2026-04-14 11:30:00+00:00,4800.39990234375,4802.39990234375,4795.89990234375,4801.0,844
2026-04-14 11:45:00+00:00,4797.10009765625,4805.60009765625,4792.2998046875,4800.7998046875,2003
2026-04-14 12:00:00+00:00,4792.2001953125,4800.2001953125,4791.2001953125,4797.10009765625,1089
2026-04-14 12:15:00+00:00,4790.89990234375,4795.0,4784.2001953125,4792.0,1877
2026-04-14 12:30:00+00:00,4791.0,4798.5,4790.0,4790.7001953125,1842
2026-04-14 12:45:00+00:00,4793.2998046875,4796.10009765625,4784.2001953125,4791.10009765625,1757
2026-04-14 13:00:00+00:00,4804.2998046875,4804.60009765625,4792.89990234375,4793.0,1889
2026-04-14 13:15:00+00:00,4805.7998046875,4815.7998046875,4803.2998046875,4804.5,3175
2026-04-14 13:30:00+00:00,4816.7001953125,4828.89990234375,4802.89990234375,4805.2998046875,6372
2026-04-14 13:45:00+00:00,4818.7998046875,4820.5,4812.7998046875,4816.5,2290
2026-04-14 14:00:00+00:00,4818.7001953125,4827.7998046875,4816.7001953125,4818.39990234375,4428
2026-04-14 14:15:00+00:00,4833.0,4834.60009765625,4818.7001953125,4818.7001953125,5013
2026-04-14 14:30:00+00:00,4822.2001953125,4842.0,4821.7998046875,4833.0,4107
2026-04-14 14:45:00+00:00,4827.2998046875,4830.2998046875,4818.7001953125,4822.7001953125,2182
2026-04-14 15:00:00+00:00,4817.7001953125,4827.5,4814.39990234375,4827.2998046875,2166
2026-04-14 15:15:00+00:00,4826.2001953125,4829.2998046875,4816.2998046875,4817.7001953125,1686
2026-04-14 15:30:00+00:00,4832.60009765625,4837.2001953125,4826.2998046875,4826.2998046875,2254
2026-04-14 15:45:00+00:00,4831.89990234375,4839.7998046875,4830.0,4832.89990234375,1986
2026-04-14 16:00:00+00:00,4832.89990234375,4837.5,4829.0,4832.10009765625,1245
2026-04-14 16:15:00+00:00,4839.7998046875,4842.60009765625,4830.2998046875,4833.0,2183
2026-04-14 16:30:00+00:00,4838.60009765625,4844.0,4836.60009765625,4839.5,1311
2026-04-14 16:45:00+00:00,4833.5,4843.7001953125,4832.5,4838.60009765625,1606
2026-04-14 17:00:00+00:00,4851.10009765625,4860.0,4832.89990234375,4833.39990234375,7085
2026-04-14 17:15:00+00:00,4849.7998046875,4856.10009765625,4848.7998046875,4851.2001953125,4282
2026-04-14 17:30:00+00:00,4861.39990234375,4867.7001953125,4849.2001953125,4849.7001953125,3017
2026-04-14 17:45:00+00:00,4859.5,4864.5,4858.7001953125,4861.89990234375,852
2026-04-14 18:00:00+00:00,4863.39990234375,4867.7998046875,4858.7998046875,4859.60009765625,1387
2026-04-14 18:15:00+00:00,4862.10009765625,4864.39990234375,4857.60009765625,4863.0,1380
2026-04-14 18:30:00+00:00,4859.2001953125,4863.7998046875,4858.5,4862.10009765625,590
2026-04-14 18:45:00+00:00,4860.10009765625,4861.0,4855.2001953125,4859.2998046875,865
2026-04-14 19:00:00+00:00,4865.7998046875,4867.0,4860.2998046875,4860.2998046875,730
2026-04-14 19:15:00+00:00,4865.0,4867.10009765625,4862.60009765625,4865.7001953125,642
2026-04-14 19:30:00+00:00,4865.0,4868.2998046875,4862.89990234375,4864.89990234375,697
2026-04-14 19:45:00+00:00,4868.7001953125,4870.0,4863.60009765625,4865.2001953125,1290
2026-04-14 20:00:00+00:00,4866.2998046875,4870.2998046875,4865.5,4869.2001953125,490
2026-04-14 20:15:00+00:00,4863.7998046875,4866.89990234375,4863.0,4866.60009765625,336
2026-04-14 20:30:00+00:00,4866.0,4867.0,4863.39990234375,4864.2998046875,258
2026-04-14 20:45:00+00:00,4864.5,4866.89990234375,4863.7001953125,4865.5,475
2026-04-14 22:00:00+00:00,4868.10009765625,4874.60009765625,4860.7998046875,4862.7001953125,350
2026-04-14 22:15:00+00:00,4863.2001953125,4870.7998046875,4859.7001953125,4868.7998046875,557
2026-04-14 22:30:00+00:00,4864.5,4867.39990234375,4861.5,4863.10009765625,548
2026-04-14 22:45:00+00:00,4859.5,4864.0,4857.2001953125,4864.0,788
2026-04-14 23:00:00+00:00,4861.2001953125,4868.2001953125,4857.5,4859.10009765625,628
2026-04-14 23:15:00+00:00,4860.0,4864.0,4859.2001953125,4861.10009765625,819
2026-04-14 23:30:00+00:00,4866.7998046875,4867.7001953125,4859.5,4860.2001953125,622
2026-04-14 23:45:00+00:00,4861.7001953125,4869.0,4860.7998046875,4867.0,404
2026-04-15 00:00:00+00:00,4858.2001953125,4864.10009765625,4855.7998046875,4861.5,696
2026-04-15 00:15:00+00:00,4858.2001953125,4860.7998046875,4852.7998046875,4858.0,804
2026-04-15 00:30:00+00:00,4854.5,4858.0,4851.60009765625,4858.0,519
2026-04-15 00:45:00+00:00,4859.7001953125,4861.7998046875,4853.60009765625,4854.89990234375,601
2026-04-15 01:00:00+00:00,4874.5,4877.2998046875,4852.5,4860.10009765625,2065
2026-04-15 01:15:00+00:00,4874.2998046875,4895.39990234375,4865.89990234375,4874.39990234375,4645
2026-04-15 01:30:00+00:00,4867.10009765625,4875.2998046875,4866.0,4873.89990234375,986
2026-04-15 01:45:00+00:00,4871.0,4872.60009765625,4863.5,4867.7001953125,799
2026-04-15 02:00:00+00:00,4868.39990234375,4877.2001953125,4868.39990234375,4870.2998046875,985
2026-04-15 02:15:00+00:00,4858.89990234375,4869.39990234375,4856.39990234375,4868.7998046875,798
2026-04-15 02:30:00+00:00,4852.7998046875,4859.2001953125,4845.10009765625,4858.89990234375,1941
2026-04-15 02:45:00+00:00,4847.7001953125,4854.60009765625,4844.5,4852.0,793
2026-04-15 03:00:00+00:00,4845.5,4848.89990234375,4841.0,4848.2001953125,1457
2026-04-15 03:15:00+00:00,4850.7998046875,4852.2001953125,4845.10009765625,4845.10009765625,697
2026-04-15 03:30:00+00:00,4852.60009765625,4853.0,4849.7001953125,4850.7001953125,423
2026-04-15 03:45:00+00:00,4849.60009765625,4853.60009765625,4849.5,4852.60009765625,351
2026-04-15 04:00:00+00:00,4849.7001953125,4850.5,4844.5,4848.0,373
2026-04-15 04:15:00+00:00,4848.39990234375,4851.0,4845.7001953125,4849.60009765625,231
2026-04-15 04:30:00+00:00,4847.2001953125,4851.60009765625,4847.10009765625,4848.7001953125,239
2026-04-15 04:45:00+00:00,4848.89990234375,4850.5,4845.10009765625,4847.2001953125,246
2026-04-15 05:00:00+00:00,4850.2998046875,4852.7998046875,4846.2998046875,4849.10009765625,427
2026-04-15 05:15:00+00:00,4849.7001953125,4854.2998046875,4847.89990234375,4850.2001953125,451
2026-04-15 05:30:00+00:00,4840.5,4851.5,4835.89990234375,4850.0,1227
2026-04-15 05:45:00+00:00,4843.2998046875,4847.10009765625,4837.7001953125,4840.39990234375,1068
2026-04-15 06:00:00+00:00,4842.7998046875,4848.5,4840.10009765625,4843.39990234375,727
2026-04-15 06:15:00+00:00,4838.5,4843.10009765625,4837.2001953125,4843.0,532
2026-04-15 06:30:00+00:00,4839.7001953125,4841.39990234375,4834.60009765625,4838.2001953125,844
2026-04-15 06:45:00+00:00,4834.89990234375,4845.7001953125,4834.2001953125,4839.7998046875,1078
2026-04-15 07:00:00+00:00,4838.60009765625,4840.0,4827.39990234375,4835.2001953125,2204
2026-04-15 07:15:00+00:00,4835.7998046875,4839.0,4829.0,4838.7001953125,1522
2026-04-15 07:30:00+00:00,4833.5,4838.7998046875,4831.60009765625,4835.7001953125,786
2026-04-15 07:45:00+00:00,4834.10009765625,4835.7001953125,4829.0,4833.2998046875,913
2026-04-15 08:00:00+00:00,4834.10009765625,4835.5,4827.10009765625,4833.7998046875,1002
2026-04-15 08:15:00+00:00,4833.2998046875,4837.39990234375,4828.7998046875,4834.5,1143
2026-04-15 08:30:00+00:00,4833.7998046875,4836.0,4828.7998046875,4832.0,779
2026-04-15 08:45:00+00:00,4841.60009765625,4845.39990234375,4832.89990234375,4833.10009765625,1254
2026-04-15 09:00:00+00:00,4827.7998046875,4842.39990234375,4815.2001953125,4841.39990234375,2902
2026-04-15 09:15:00+00:00,4820.0,4830.60009765625,4819.2001953125,4828.10009765625,1252
2026-04-15 09:30:00+00:00,4818.7998046875,4826.89990234375,4818.0,4820.0,1784
2026-04-15 09:45:00+00:00,4821.2001953125,4823.0,4808.39990234375,4818.7998046875,1921
2026-04-15 10:00:00+00:00,4823.89990234375,4826.10009765625,4818.10009765625,4820.60009765625,699
2026-04-15 10:15:00+00:00,4817.5,4824.2001953125,4812.7001953125,4823.89990234375,1147
2026-04-15 10:30:00+00:00,4823.2001953125,4824.2001953125,4815.89990234375,4818.10009765625,915
2026-04-15 10:45:00+00:00,4822.7998046875,4829.2001953125,4821.60009765625,4823.2998046875,919
2026-04-15 11:00:00+00:00,4825.39990234375,4827.2001953125,4818.39990234375,4822.7998046875,600
2026-04-15 11:15:00+00:00,4827.7001953125,4829.7998046875,4822.60009765625,4825.7998046875,491
2026-04-15 11:30:00+00:00,4828.7001953125,4831.5,4825.0,4827.7998046875,705
2026-04-15 11:45:00+00:00,4835.7001953125,4837.7998046875,4826.2998046875,4828.39990234375,1562
2026-04-15 12:00:00+00:00,4836.39990234375,4837.0,4829.2998046875,4835.0,1158
2026-04-15 12:15:00+00:00,4835.2001953125,4838.7001953125,4832.2001953125,4836.7998046875,1432
2026-04-15 12:30:00+00:00,4834.10009765625,4838.5,4832.60009765625,4834.89990234375,737
2026-04-15 12:45:00+00:00,4833.89990234375,4837.89990234375,4830.39990234375,4834.10009765625,730
2026-04-15 13:00:00+00:00,4836.7998046875,4838.89990234375,4831.10009765625,4834.39990234375,1273
2026-04-15 13:15:00+00:00,4844.39990234375,4844.7001953125,4832.7998046875,4836.7998046875,1492
2026-04-15 13:30:00+00:00,4842.60009765625,4848.39990234375,4838.2998046875,4844.39990234375,2484
2026-04-15 13:45:00+00:00,4851.89990234375,4853.5,4842.5,4843.5,2161
2026-04-15 14:00:00+00:00,4851.7998046875,4853.0,4843.5,4851.7001953125,2326
2026-04-15 14:15:00+00:00,4848.2001953125,4854.60009765625,4845.5,4852.0,1890
2026-04-15 14:30:00+00:00,4842.2998046875,4848.7998046875,4838.10009765625,4848.5,1652
2026-04-15 14:45:00+00:00,4838.39990234375,4842.2001953125,4836.2001953125,4842.2001953125,1140
2026-04-15 15:00:00+00:00,4832.60009765625,4839.0,4822.5,4839.0,3367
2026-04-15 15:15:00+00:00,4820.2998046875,4833.60009765625,4819.2001953125,4832.2998046875,2287
2026-04-15 15:30:00+00:00,4826.0,4828.7001953125,4807.89990234375,4820.39990234375,3138
2026-04-15 15:45:00+00:00,4823.5,4829.7998046875,4821.7998046875,4825.60009765625,1786
2026-04-15 16:00:00+00:00,4830.7001953125,4832.7998046875,4822.5,4824.0,1528
2026-04-15 16:15:00+00:00,4833.7001953125,4835.0,4827.39990234375,4830.60009765625,1539
2026-04-15 16:30:00+00:00,4826.60009765625,4834.2001953125,4825.10009765625,4833.7998046875,1718
2026-04-15 16:45:00+00:00,4825.89990234375,4829.39990234375,4822.0,4826.5,1342
2026-04-15 17:00:00+00:00,4820.10009765625,4827.0,4820.10009765625,4826.2001953125,810
2026-04-15 17:15:00+00:00,4823.60009765625,4830.7998046875,4820.2998046875,4820.39990234375,2109
2026-04-15 17:30:00+00:00,4815.60009765625,4824.7001953125,4814.0,4823.89990234375,1653
2026-04-15 17:45:00+00:00,4814.7998046875,4818.10009765625,4812.89990234375,4815.89990234375,1040
2026-04-15 18:00:00+00:00,4819.5,4823.2001953125,4812.2001953125,4814.7998046875,1540
2026-04-15 18:15:00+00:00,4817.0,4821.0,4815.0,4819.0,508
2026-04-15 18:30:00+00:00,4819.2001953125,4820.5,4816.7001953125,4817.2001953125,290
2026-04-15 18:45:00+00:00,4822.2001953125,4825.2998046875,4819.39990234375,4819.5,1195
2026-04-15 19:00:00+00:00,4821.2998046875,4826.10009765625,4820.89990234375,4822.2001953125,474
2026-04-15 19:15:00+00:00,4825.2001953125,4825.7001953125,4820.2998046875,4821.39990234375,268
2026-04-15 19:30:00+00:00,4819.39990234375,4825.60009765625,4817.5,4825.0,386
2026-04-15 19:45:00+00:00,4818.2998046875,4823.7001953125,4817.10009765625,4819.2001953125,558
2026-04-15 20:00:00+00:00,4816.0,4819.39990234375,4815.10009765625,4818.7001953125,282
2026-04-15 20:15:00+00:00,4816.5,4818.39990234375,4816.10009765625,4816.10009765625,94
2026-04-15 20:30:00+00:00,4813.0,4816.10009765625,4812.7998046875,4816.10009765625,241
2026-04-15 20:45:00+00:00,4813.89990234375,4816.0,4810.5,4814.0,561
2026-04-15 22:00:00+00:00,4813.60009765625,4821.10009765625,4812.39990234375,4813.60009765625,223
2026-04-15 22:15:00+00:00,4822.0,4823.7001953125,4814.7001953125,4814.7001953125,453
2026-04-15 22:30:00+00:00,4822.7001953125,4825.0,4820.39990234375,4823.2001953125,365
2026-04-15 22:45:00+00:00,4829.2001953125,4833.7998046875,4823.0,4823.0,1028
2026-04-15 23:00:00+00:00,4834.10009765625,4834.60009765625,4829.2001953125,4829.2001953125,380
2026-04-15 23:15:00+00:00,4836.5,4837.2998046875,4833.60009765625,4834.10009765625,402
2026-04-15 23:30:00+00:00,4844.7001953125,4846.10009765625,4835.89990234375,4836.2998046875,1389
2026-04-15 23:45:00+00:00,4845.39990234375,4848.60009765625,4843.39990234375,4845.10009765625,518
2026-04-16 00:00:00+00:00,4852.2001953125,4854.2998046875,4845.39990234375,4845.39990234375,1129
2026-04-16 00:15:00+00:00,4846.7998046875,4853.5,4843.7998046875,4852.5,1718
2026-04-16 00:30:00+00:00,4854.60009765625,4859.7001953125,4841.10009765625,4846.89990234375,2811
2026-04-16 00:45:00+00:00,4854.7001953125,4859.5,4852.7998046875,4854.2998046875,602
2026-04-16 01:00:00+00:00,4851.60009765625,4858.60009765625,4850.2001953125,4854.7001953125,789
2026-04-16 01:15:00+00:00,4845.39990234375,4852.39990234375,4843.7001953125,4852.2998046875,634
2026-04-16 01:30:00+00:00,4838.2001953125,4847.5,4832.89990234375,4845.5,945
2026-04-16 01:45:00+00:00,4839.89990234375,4844.7001953125,4837.2998046875,4837.60009765625,695
2026-04-16 02:00:00+00:00,4844.0,4847.2001953125,4839.60009765625,4840.7001953125,428
2026-04-16 02:15:00+00:00,4841.39990234375,4845.89990234375,4841.10009765625,4843.39990234375,540
2026-04-16 02:30:00+00:00,4839.10009765625,4843.5,4834.60009765625,4841.39990234375,482
2026-04-16 02:45:00+00:00,4842.10009765625,4843.60009765625,4837.7001953125,4840.0,284
2026-04-16 03:00:00+00:00,4849.0,4849.60009765625,4841.5,4841.7998046875,406
2026-04-16 03:15:00+00:00,4846.5,4849.0,4845.0,4848.7001953125,269
2026-04-16 03:30:00+00:00,4842.89990234375,4848.60009765625,4841.5,4846.60009765625,437
2026-04-16 03:45:00+00:00,4847.7001953125,4849.10009765625,4843.10009765625,4843.10009765625,245
2026-04-16 04:00:00+00:00,4849.39990234375,4849.89990234375,4845.2001953125,4846.2998046875,264
2026-04-16 04:15:00+00:00,4848.89990234375,4852.60009765625,4848.0,4849.5,380
2026-04-16 04:30:00+00:00,4852.89990234375,4853.89990234375,4847.5,4849.0,311
2026-04-16 04:45:00+00:00,4855.7001953125,4856.10009765625,4851.89990234375,4853.39990234375,249
2026-04-16 05:00:00+00:00,4857.0,4861.2998046875,4855.39990234375,4855.5,873
2026-04-16 05:15:00+00:00,4855.5,4859.2001953125,4854.39990234375,4858.0,497
2026-04-16 05:30:00+00:00,4848.2998046875,4856.89990234375,4847.5,4856.0,1487
2026-04-16 05:45:00+00:00,4844.10009765625,4852.60009765625,4843.7001953125,4848.39990234375,1533
2026-04-16 06:00:00+00:00,4845.2001953125,4850.7998046875,4843.60009765625,4843.60009765625,1217
2026-04-16 06:15:00+00:00,4838.0,4848.0,4836.0,4845.10009765625,1722
2026-04-16 06:30:00+00:00,4846.2001953125,4846.5,4836.60009765625,4838.2998046875,2639
2026-04-16 06:45:00+00:00,4848.2998046875,4852.10009765625,4844.0,4845.7001953125,2793
2026-04-16 07:00:00+00:00,4846.2998046875,4852.7998046875,4844.2998046875,4848.0,2338
2026-04-16 07:15:00+00:00,4849.7001953125,4851.39990234375,4838.2998046875,4846.39990234375,2685
2026-04-16 07:30:00+00:00,4849.2998046875,4851.89990234375,4845.60009765625,4849.7001953125,980
2026-04-16 07:45:00+00:00,4843.0,4849.7998046875,4840.60009765625,4848.89990234375,616
2026-04-16 08:00:00+00:00,4833.10009765625,4843.2001953125,4828.0,4842.7998046875,1966
2026-04-16 08:15:00+00:00,4832.89990234375,4836.0,4830.7998046875,4833.0,632
2026-04-16 08:30:00+00:00,4833.2001953125,4834.7998046875,4827.7998046875,4833.0,810
2026-04-16 08:45:00+00:00,4834.7001953125,4836.0,4829.39990234375,4833.39990234375,933
2026-04-16 09:00:00+00:00,4837.7001953125,4839.5,4833.0,4834.89990234375,482
2026-04-16 09:15:00+00:00,4834.2998046875,4838.5,4832.5,4837.2998046875,602
2026-04-16 09:30:00+00:00,4835.7001953125,4836.10009765625,4827.7001953125,4834.2001953125,1550
2026-04-16 09:45:00+00:00,4834.2001953125,4836.7998046875,4831.0,4835.7001953125,690
2026-04-16 10:00:00+00:00,4828.2998046875,4836.7998046875,4828.10009765625,4834.10009765625,716
2026-04-16 10:15:00+00:00,4828.39990234375,4831.5,4825.60009765625,4828.10009765625,351
2026-04-16 10:30:00+00:00,4829.39990234375,4833.5,4826.39990234375,4828.2001953125,523
2026-04-16 10:45:00+00:00,4838.7001953125,4838.7001953125,4827.7998046875,4828.7998046875,593
2026-04-16 11:00:00+00:00,4838.7998046875,4842.10009765625,4837.5,4838.7001953125,720
2026-04-16 11:15:00+00:00,4837.60009765625,4841.5,4836.7998046875,4839.0,479
2026-04-16 11:30:00+00:00,4839.2998046875,4841.60009765625,4837.39990234375,4838.0,414
2026-04-16 11:45:00+00:00,4843.89990234375,4844.2998046875,4837.60009765625,4839.2001953125,572
2026-04-16 12:00:00+00:00,4838.39990234375,4845.0,4833.0,4844.10009765625,1484
2026-04-16 12:15:00+00:00,4837.0,4840.7001953125,4835.5,4838.39990234375,767
2026-04-16 12:30:00+00:00,4838.39990234375,4842.2001953125,4833.10009765625,4836.89990234375,1324
2026-04-16 12:45:00+00:00,4837.7998046875,4840.7001953125,4835.2998046875,4838.5,877
2026-04-16 13:00:00+00:00,4839.10009765625,4844.7998046875,4836.10009765625,4838.2998046875,1820
2026-04-16 13:15:00+00:00,4837.60009765625,4843.39990234375,4837.2001953125,4839.5,1006
2026-04-16 13:30:00+00:00,4837.7998046875,4846.2001953125,4834.39990234375,4837.7998046875,2710
2026-04-16 13:45:00+00:00,4815.89990234375,4841.7001953125,4805.2998046875,4838.0,6600
2026-04-16 14:00:00+00:00,4823.39990234375,4828.39990234375,4806.39990234375,4815.7998046875,5993
2026-04-16 14:15:00+00:00,4821.0,4825.5,4813.2001953125,4823.60009765625,1789
2026-04-16 14:30:00+00:00,4809.2001953125,4823.0,4792.10009765625,4821.5,4427
2026-04-16 14:45:00+00:00,4810.2998046875,4815.2001953125,4806.7001953125,4808.7998046875,1848
2026-04-16 15:00:00+00:00,4828.0,4834.7001953125,4809.89990234375,4810.39990234375,3175
2026-04-16 15:15:00+00:00,4823.2001953125,4831.2998046875,4823.2001953125,4828.60009765625,1458
2026-04-16 15:30:00+00:00,4824.5,4833.10009765625,4819.2998046875,4823.2001953125,2302
2026-04-16 15:45:00+00:00,4828.2001953125,4830.10009765625,4822.2001953125,4824.2001953125,965
2026-04-16 16:00:00+00:00,4826.2001953125,4831.39990234375,4824.60009765625,4828.60009765625,724
2026-04-16 16:15:00+00:00,4820.2998046875,4827.0,4817.7001953125,4826.39990234375,1028
2026-04-16 16:30:00+00:00,4811.0,4821.0,4807.2001953125,4821.0,2720
2026-04-16 16:45:00+00:00,4812.7001953125,4814.5,4806.0,4810.89990234375,1364
2026-04-16 17:00:00+00:00,4812.39990234375,4816.60009765625,4810.60009765625,4812.60009765625,1059
2026-04-16 17:15:00+00:00,4805.7998046875,4815.10009765625,4805.5,4812.2998046875,1715
2026-04-16 17:30:00+00:00,4807.7998046875,4810.2001953125,4802.0,4806.0,1494
2026-04-16 17:45:00+00:00,4810.10009765625,4812.0,4803.10009765625,4808.10009765625,1328
2026-04-16 18:00:00+00:00,4810.60009765625,4815.5,4806.5,4810.0,886
2026-04-16 18:15:00+00:00,4807.7001953125,4814.0,4807.60009765625,4810.5,589
2026-04-16 18:30:00+00:00,4810.60009765625,4812.2998046875,4807.5,4807.7001953125,396
2026-04-16 18:45:00+00:00,4809.7001953125,4813.60009765625,4808.89990234375,4810.89990234375,316
2026-04-16 19:00:00+00:00,4810.60009765625,4815.89990234375,4810.2998046875,4810.89990234375,537
2026-04-16 19:15:00+00:00,4811.60009765625,4814.89990234375,4811.2998046875,4811.39990234375,387
2026-04-16 19:30:00+00:00,4818.5,4818.7998046875,4811.5,4811.5,517
2026-04-16 19:45:00+00:00,4814.5,4819.7001953125,4813.60009765625,4819.10009765625,804
2026-04-16 20:00:00+00:00,4811.5,4815.10009765625,4811.0,4814.7998046875,220
2026-04-16 20:15:00+00:00,4810.39990234375,4812.89990234375,4809.2998046875,4811.2001953125,226
2026-04-16 20:30:00+00:00,4809.60009765625,4811.5,4807.2998046875,4810.2001953125,231
2026-04-16 20:45:00+00:00,4810.89990234375,4812.10009765625,4806.0,4810.0,495
2026-04-16 22:00:00+00:00,4816.0,4818.7998046875,4811.7998046875,4811.7998046875,269
2026-04-16 22:15:00+00:00,4815.2998046875,4817.2998046875,4813.0,4815.89990234375,169
2026-04-16 22:30:00+00:00,4816.0,4816.7998046875,4811.39990234375,4814.5,336
2026-04-16 22:45:00+00:00,4816.0,4818.0,4815.2001953125,4815.2001953125,217
2026-04-16 23:00:00+00:00,4813.2998046875,4816.0,4812.60009765625,4815.60009765625,127
2026-04-16 23:15:00+00:00,4814.2998046875,4818.7001953125,4813.10009765625,4813.7001953125,161
2026-04-16 23:30:00+00:00,4816.7001953125,4817.2001953125,4812.7998046875,4814.39990234375,139
2026-04-16 23:45:00+00:00,4812.5,4817.7001953125,4812.39990234375,4816.0,234
2026-04-17 00:00:00+00:00,4811.2998046875,4812.7998046875,4806.7001953125,4812.0,507
2026-04-17 00:15:00+00:00,4814.0,4814.0,4808.2998046875,4811.10009765625,236
2026-04-17 00:30:00+00:00,4819.39990234375,4819.5,4813.60009765625,4814.0,408
2026-04-17 00:45:00+00:00,4816.2998046875,4822.2001953125,4814.60009765625,4819.2001953125,420
2026-04-17 01:00:00+00:00,4799.2001953125,4816.5,4785.89990234375,4815.60009765625,2115
2026-04-17 01:15:00+00:00,4789.2998046875,4805.89990234375,4787.7001953125,4799.0,1318
2026-04-17 01:30:00+00:00,4796.89990234375,4797.7998046875,4787.89990234375,4788.89990234375,1270
2026-04-17 01:45:00+00:00,4810.2001953125,4811.5,4795.2998046875,4797.7998046875,1149
2026-04-17 02:00:00+00:00,4811.39990234375,4814.39990234375,4808.2998046875,4809.7998046875,730
2026-04-17 02:15:00+00:00,4808.7001953125,4812.0,4808.2998046875,4811.7998046875,312
2026-04-17 02:30:00+00:00,4811.7998046875,4815.0,4808.39990234375,4808.60009765625,409
2026-04-17 02:45:00+00:00,4804.60009765625,4813.7998046875,4804.2998046875,4811.2998046875,410
2026-04-17 03:00:00+00:00,4816.5,4818.0,4804.7998046875,4804.7998046875,785
2026-04-17 03:15:00+00:00,4815.0,4819.10009765625,4813.60009765625,4816.5,431
2026-04-17 03:30:00+00:00,4814.7998046875,4815.7998046875,4812.2998046875,4814.5,276
2026-04-17 03:45:00+00:00,4814.10009765625,4817.5,4813.7001953125,4815.0,198
2026-04-17 04:00:00+00:00,4815.7001953125,4816.89990234375,4813.10009765625,4813.89990234375,293
2026-04-17 04:15:00+00:00,4816.7998046875,4817.10009765625,4814.5,4816.39990234375,157
2026-04-17 04:30:00+00:00,4822.2001953125,4822.7998046875,4816.2001953125,4817.0,605
2026-04-17 04:45:00+00:00,4824.2001953125,4825.60009765625,4819.2001953125,4822.2001953125,592
2026-04-17 05:00:00+00:00,4826.10009765625,4827.2001953125,4820.60009765625,4823.7001953125,440
2026-04-17 05:15:00+00:00,4824.7998046875,4826.39990234375,4822.60009765625,4826.0,320
2026-04-17 05:30:00+00:00,4818.0,4826.60009765625,4817.0,4824.5,963
2026-04-17 05:45:00+00:00,4815.89990234375,4822.10009765625,4815.10009765625,4818.10009765625,1031
2026-04-17 06:00:00+00:00,4809.0,4816.5,4808.10009765625,4815.89990234375,1054
2026-04-17 06:15:00+00:00,4805.2001953125,4811.2001953125,4804.5,4808.89990234375,815
2026-04-17 06:30:00+00:00,4806.10009765625,4808.0,4800.0,4804.7998046875,1081
2026-04-17 06:45:00+00:00,4805.5,4807.89990234375,4804.60009765625,4806.2998046875,565
2026-04-17 07:00:00+00:00,4807.7001953125,4812.0,4804.7998046875,4806.0,1014
2026-04-17 07:15:00+00:00,4812.0,4813.5,4805.39990234375,4808.2001953125,762
2026-04-17 07:30:00+00:00,4807.39990234375,4815.2998046875,4803.60009765625,4812.0,1269
2026-04-17 07:45:00+00:00,4805.5,4807.5,4800.2001953125,4807.39990234375,1024
2026-04-17 08:00:00+00:00,4805.10009765625,4812.5,4802.60009765625,4806.10009765625,1065
2026-04-17 08:15:00+00:00,4806.10009765625,4808.60009765625,4804.2001953125,4805.0,487
2026-04-17 08:30:00+00:00,4818.7001953125,4818.7001953125,4806.0,4806.0,1099
2026-04-17 08:45:00+00:00,4817.7998046875,4818.7998046875,4812.60009765625,4818.7998046875,699
2026-04-17 09:00:00+00:00,4814.7998046875,4822.7001953125,4814.39990234375,4817.7998046875,1101
2026-04-17 09:15:00+00:00,4817.60009765625,4820.2001953125,4813.60009765625,4814.89990234375,776
2026-04-17 09:30:00+00:00,4816.2998046875,4820.7001953125,4815.7001953125,4817.89990234375,838
2026-04-17 09:45:00+00:00,4812.2001953125,4816.7001953125,4812.0,4816.39990234375,731
2026-04-17 10:00:00+00:00,4813.7001953125,4814.5,4809.10009765625,4812.60009765625,729
2026-04-17 10:15:00+00:00,4811.7001953125,4816.0,4810.5,4813.60009765625,363
2026-04-17 10:30:00+00:00,4806.60009765625,4811.7001953125,4803.10009765625,4811.2001953125,669
2026-04-17 10:45:00+00:00,4809.0,4810.2998046875,4804.0,4806.60009765625,751
2026-04-17 11:00:00+00:00,4807.89990234375,4811.2001953125,4805.5,4809.2001953125,591
2026-04-17 11:15:00+00:00,4814.89990234375,4815.39990234375,4806.2001953125,4807.7998046875,708
2026-04-17 11:30:00+00:00,4820.7001953125,4820.7998046875,4811.7001953125,4814.89990234375,789
2026-04-17 11:45:00+00:00,4822.0,4834.0,4820.7998046875,4820.7998046875,2865
2026-04-17 12:00:00+00:00,4826.10009765625,4828.10009765625,4819.7998046875,4821.7001953125,1023
2026-04-17 12:15:00+00:00,4839.39990234375,4842.2001953125,4825.7001953125,4826.2998046875,2943
2026-04-17 12:30:00+00:00,4845.60009765625,4847.5,4837.7998046875,4839.7001953125,2755
2026-04-17 12:45:00+00:00,4869.0,4870.7998046875,4844.2998046875,4846.0,9670
2026-04-17 13:00:00+00:00,4906.2998046875,4917.7001953125,4856.89990234375,4869.0,12310
2026-04-17 13:15:00+00:00,4874.60009765625,4906.7001953125,4872.39990234375,4906.2998046875,6885
2026-04-17 13:30:00+00:00,4887.0,4897.0,4870.7001953125,4873.89990234375,4827
2026-04-17 13:45:00+00:00,4903.10009765625,4905.5,4874.39990234375,4887.60009765625,6149
2026-04-17 14:00:00+00:00,4890.10009765625,4908.89990234375,4883.39990234375,4903.2998046875,4458
2026-04-17 14:15:00+00:00,4894.39990234375,4903.60009765625,4888.60009765625,4890.5,2711
2026-04-17 14:30:00+00:00,4900.39990234375,4906.2001953125,4892.39990234375,4895.0,3650
2026-04-17 14:45:00+00:00,4895.7001953125,4904.60009765625,4892.7998046875,4900.5,2425
2026-04-17 15:00:00+00:00,4890.60009765625,4903.5,4885.0,4896.2001953125,3836
2026-04-17 15:15:00+00:00,4888.60009765625,4897.39990234375,4885.2998046875,4890.7001953125,3467
2026-04-17 15:30:00+00:00,4880.89990234375,4896.60009765625,4877.2998046875,4888.60009765625,2182
2026-04-17 15:45:00+00:00,4889.7001953125,4894.10009765625,4880.39990234375,4881.0,1509
2026-04-17 16:00:00+00:00,4894.2001953125,4896.0,4886.0,4889.5,1302
2026-04-17 16:15:00+00:00,4889.89990234375,4895.89990234375,4889.89990234375,4894.2998046875,696
2026-04-17 16:30:00+00:00,4890.60009765625,4895.5,4889.7998046875,4890.7001953125,760
2026-04-17 16:45:00+00:00,4889.0,4891.2998046875,4887.2001953125,4890.89990234375,752
2026-04-17 17:00:00+00:00,4884.7998046875,4891.60009765625,4879.0,4889.0,1573
2026-04-17 17:15:00+00:00,4880.5,4887.2998046875,4875.39990234375,4885.2001953125,2287
2026-04-17 17:30:00+00:00,4876.39990234375,4884.7998046875,4875.0,4880.2001953125,1160
2026-04-17 17:45:00+00:00,4884.60009765625,4885.5,4876.7998046875,4876.7998046875,697
2026-04-17 18:00:00+00:00,4882.7998046875,4888.39990234375,4882.10009765625,4884.7001953125,837
2026-04-17 18:15:00+00:00,4882.89990234375,4890.10009765625,4880.60009765625,4883.0,676
2026-04-17 18:30:00+00:00,4883.7998046875,4888.39990234375,4882.2001953125,4882.7998046875,495
2026-04-17 18:45:00+00:00,4879.60009765625,4884.60009765625,4877.0,4884.39990234375,575
2026-04-17 19:00:00+00:00,4878.10009765625,4880.10009765625,4875.2001953125,4879.89990234375,566
2026-04-17 19:15:00+00:00,4878.2998046875,4879.7001953125,4875.60009765625,4878.0,372
2026-04-17 19:30:00+00:00,4881.39990234375,4882.60009765625,4877.0,4878.0,885
2026-04-17 19:45:00+00:00,4875.5,4881.39990234375,4873.60009765625,4881.2001953125,1301
2026-04-17 20:00:00+00:00,4866.5,4876.2998046875,4865.2001953125,4875.60009765625,1567
2026-04-17 20:15:00+00:00,4867.0,4872.7001953125,4865.2001953125,4866.60009765625,1033
2026-04-17 20:30:00+00:00,4856.60009765625,4868.0,4854.60009765625,4866.39990234375,1321
2026-04-17 20:45:00+00:00,4879.60009765625,4879.60009765625,4848.0,4856.60009765625,1422
2026-04-19 22:00:00+00:00,4809.89990234375,4815.0,4801.89990234375,4813.39990234375,1404
2026-04-19 22:15:00+00:00,4805.2001953125,4815.0,4803.5,4809.89990234375,1324
2026-04-19 22:30:00+00:00,4799.5,4810.60009765625,4798.39990234375,4805.2998046875,714
2026-04-19 22:45:00+00:00,4799.39990234375,4806.89990234375,4797.60009765625,4800.0,626
2026-04-19 23:00:00+00:00,4792.89990234375,4799.39990234375,4792.0,4798.89990234375,1140
2026-04-19 23:15:00+00:00,4789.2998046875,4796.2001953125,4788.2001953125,4792.7998046875,733
2026-04-19 23:30:00+00:00,4771.2001953125,4793.5,4752.0,4789.7998046875,3201
2026-04-19 23:45:00+00:00,4775.0,4775.0,4756.0,4771.0,2433
2026-04-20 00:00:00+00:00,4771.7001953125,4774.7998046875,4764.2001953125,4774.39990234375,1683
2026-04-20 00:15:00+00:00,4785.5,4785.89990234375,4771.5,4772.0,1888
2026-04-20 00:30:00+00:00,4784.0,4788.2001953125,4780.5,4785.10009765625,704
2026-04-20 00:45:00+00:00,4792.0,4793.7998046875,4779.0,4784.7998046875,1291
2026-04-20 01:00:00+00:00,4812.89990234375,4813.7001953125,4790.2998046875,4792.0,3302
2026-04-20 01:15:00+00:00,4822.10009765625,4823.10009765625,4808.0,4813.2998046875,1627
2026-04-20 01:30:00+00:00,4826.10009765625,4831.2998046875,4820.60009765625,4821.7001953125,1904
2026-04-20 01:45:00+00:00,4827.7998046875,4834.5,4825.60009765625,4825.7998046875,1424
2026-04-20 02:00:00+00:00,4820.2998046875,4828.7998046875,4820.10009765625,4827.39990234375,1395
2026-04-20 02:15:00+00:00,4819.60009765625,4823.39990234375,4816.60009765625,4820.7001953125,890
2026-04-20 02:30:00+00:00,4815.39990234375,4821.39990234375,4813.2001953125,4821.0,904
2026-04-20 02:45:00+00:00,4813.2998046875,4817.0,4813.10009765625,4815.5,125
2026-04-20 09:30:00+00:00,4811.2001953125,4879.60009765625,4804.60009765625,4879.60009765625,23928
2026-04-20 09:45:00+00:00,4811.39990234375,4817.10009765625,4809.2001953125,4811.5,1290
2026-04-20 10:00:00+00:00,4815.89990234375,4820.0,4809.60009765625,4811.7001953125,1072
2026-04-20 10:15:00+00:00,4818.39990234375,4821.2001953125,4815.39990234375,4816.10009765625,587
2026-04-20 10:30:00+00:00,4815.2998046875,4820.10009765625,4815.10009765625,4818.5,247
2026-04-20 10:45:00+00:00,4815.7001953125,4879.60009765625,4815.0,4815.39990234375,330
2026-04-20 11:00:00+00:00,4809.39990234375,4816.10009765625,4806.39990234375,4815.7001953125,919
2026-04-20 11:15:00+00:00,4807.89990234375,4810.7001953125,4806.2998046875,4809.2998046875,510
2026-04-20 11:30:00+00:00,4811.2998046875,4811.7001953125,4807.39990234375,4808.0,499
2026-04-20 11:45:00+00:00,4830.89990234375,4879.60009765625,4822.39990234375,4879.60009765625,3137
2026-04-20 12:00:00+00:00,4830.60009765625,4832.89990234375,4822.7001953125,4830.7998046875,2464
2026-04-20 12:15:00+00:00,4825.89990234375,4842.89990234375,4824.0,4831.0,4340
2026-04-20 12:30:00+00:00,4826.0,4829.7001953125,4818.7998046875,4825.7001953125,1676
2026-04-20 12:45:00+00:00,4823.2998046875,4828.7998046875,4820.89990234375,4826.10009765625,1491
2026-04-20 13:00:00+00:00,4835.89990234375,4837.10009765625,4819.7001953125,4823.60009765625,2178
2026-04-20 13:15:00+00:00,4845.0,4846.5,4832.2998046875,4836.0,2143
2026-04-20 13:30:00+00:00,4843.2001953125,4847.2998046875,4836.5,4845.0,2653
2026-04-20 13:45:00+00:00,4838.7998046875,4845.2001953125,4837.7998046875,4843.10009765625,1736
2026-04-20 14:00:00+00:00,4836.0,4839.39990234375,4826.5,4838.7998046875,4815
2026-04-20 14:15:00+00:00,4843.2998046875,4847.2001953125,4834.10009765625,4835.7001953125,2252
2026-04-20 14:30:00+00:00,4834.7001953125,4847.89990234375,4830.5,4843.5,2078
2026-04-20 14:45:00+00:00,4824.89990234375,4835.10009765625,4811.89990234375,4833.89990234375,3542
2026-04-20 15:00:00+00:00,4818.10009765625,4827.2001953125,4812.60009765625,4825.7001953125,2291
2026-04-20 15:15:00+00:00,4828.39990234375,4829.7998046875,4814.10009765625,4818.0,2830
2026-04-20 15:30:00+00:00,4820.10009765625,4829.5,4819.60009765625,4828.39990234375,1241
2026-04-20 15:45:00+00:00,4819.89990234375,4821.7001953125,4815.0,4820.2001953125,1276
2026-04-20 16:00:00+00:00,4818.2998046875,4821.5,4814.10009765625,4819.7998046875,991
2026-04-20 16:15:00+00:00,4821.5,4821.89990234375,4812.5,4818.39990234375,1433
2026-04-20 16:30:00+00:00,4822.0,4824.60009765625,4818.7001953125,4821.89990234375,1004
2026-04-20 16:45:00+00:00,4825.60009765625,4826.60009765625,4821.7001953125,4822.10009765625,994
2026-04-20 17:00:00+00:00,4828.7001953125,4830.7001953125,4824.0,4825.89990234375,1154
2026-04-20 17:15:00+00:00,4830.10009765625,4831.5,4826.2001953125,4828.89990234375,1942
2026-04-20 17:30:00+00:00,4829.89990234375,4832.39990234375,4825.39990234375,4830.2998046875,1023
2026-04-20 17:45:00+00:00,4827.10009765625,4830.2001953125,4825.7998046875,4829.7998046875,509
2026-04-20 18:00:00+00:00,4836.2001953125,4836.5,4827.60009765625,4827.60009765625,945
2026-04-20 18:15:00+00:00,4833.89990234375,4835.89990234375,4832.0,4835.89990234375,614
2026-04-20 18:30:00+00:00,4835.10009765625,4835.7998046875,4831.2001953125,4834.0,511
2026-04-20 18:45:00+00:00,4834.7998046875,4837.0,4833.60009765625,4835.10009765625,503
2026-04-20 19:00:00+00:00,4841.0,4842.10009765625,4834.7001953125,4834.7001953125,757
2026-04-20 19:15:00+00:00,4837.60009765625,4840.89990234375,4836.60009765625,4840.89990234375,508
2026-04-20 19:30:00+00:00,4831.7998046875,4837.60009765625,4829.7001953125,4837.60009765625,1080
2026-04-20 19:45:00+00:00,4834.7998046875,4834.89990234375,4831.39990234375,4832.10009765625,571
2026-04-20 20:00:00+00:00,4834.0,4837.39990234375,4832.7998046875,4835.0,606
2026-04-20 20:15:00+00:00,4836.60009765625,4837.7001953125,4832.89990234375,4834.2998046875,244
2026-04-20 20:30:00+00:00,4837.2001953125,4838.0,4833.39990234375,4836.5,389
2026-04-20 20:45:00+00:00,4841.0,4842.7001953125,4836.89990234375,4837.10009765625,395
2026-04-20 22:00:00+00:00,4849.89990234375,4854.7998046875,4841.10009765625,4842.39990234375,668
2026-04-20 22:15:00+00:00,4849.39990234375,4854.2001953125,4849.39990234375,4850.39990234375,700
2026-04-20 22:30:00+00:00,4851.89990234375,4852.0,4845.7998046875,4849.7001953125,616
2026-04-20 22:45:00+00:00,4848.5,4852.89990234375,4846.2998046875,4851.60009765625,468
2026-04-20 23:00:00+00:00,4846.7998046875,4852.5,4844.5,4848.7001953125,681
2026-04-20 23:15:00+00:00,4846.5,4848.0,4844.7001953125,4846.5,199
2026-04-20 23:30:00+00:00,4844.5,4846.39990234375,4843.60009765625,4846.39990234375,363
2026-04-20 23:45:00+00:00,4842.39990234375,4845.60009765625,4840.5,4845.10009765625,316
2026-04-21 00:00:00+00:00,4848.7001953125,4851.2001953125,4841.0,4843.0,708
2026-04-21 00:15:00+00:00,4839.5,4849.60009765625,4839.2001953125,4848.5,803
2026-04-21 00:30:00+00:00,4842.39990234375,4844.2998046875,4836.39990234375,4839.7998046875,711
2026-04-21 00:45:00+00:00,4843.60009765625,4845.89990234375,4841.2001953125,4842.39990234375,394
2026-04-21 01:00:00+00:00,4834.60009765625,4844.2998046875,4832.60009765625,4843.7998046875,882
2026-04-21 01:15:00+00:00,4838.2001953125,4838.2001953125,4833.7001953125,4834.5,509
2026-04-21 01:30:00+00:00,4832.60009765625,4839.0,4828.2998046875,4837.7001953125,689
2026-04-21 01:45:00+00:00,4829.7998046875,4833.60009765625,4825.2998046875,4833.10009765625,837
2026-04-21 02:00:00+00:00,4826.60009765625,4830.2001953125,4825.0,4830.10009765625,631
2026-04-21 02:15:00+00:00,4827.2001953125,4828.10009765625,4822.0,4827.0,481
2026-04-21 02:30:00+00:00,4825.2998046875,4826.89990234375,4821.60009765625,4826.7998046875,634
2026-04-21 02:45:00+00:00,4826.0,4827.5,4821.5,4825.2998046875,547
2026-04-21 03:00:00+00:00,4819.7001953125,4826.89990234375,4819.2001953125,4826.2001953125,662
2026-04-21 03:15:00+00:00,4817.7001953125,4821.2001953125,4812.60009765625,4819.60009765625,1473
2026-04-21 03:30:00+00:00,4813.7998046875,4819.39990234375,4811.2001953125,4818.0,1419
2026-04-21 03:45:00+00:00,4816.2998046875,4816.39990234375,4812.60009765625,4813.60009765625,580
2026-04-21 04:00:00+00:00,4812.89990234375,4816.60009765625,4812.10009765625,4816.10009765625,766
2026-04-21 04:15:00+00:00,4810.7998046875,4815.10009765625,4809.2998046875,4812.7001953125,1245
2026-04-21 04:30:00+00:00,4810.0,4812.7998046875,4808.0,4810.7001953125,719
2026-04-21 04:45:00+00:00,4807.7001953125,4811.89990234375,4807.0,4810.2998046875,1009
2026-04-21 05:00:00+00:00,4807.7998046875,4811.5,4804.2998046875,4807.7998046875,1694
2026-04-21 05:15:00+00:00,4806.10009765625,4809.7998046875,4804.2998046875,4808.0,1098
2026-04-21 05:30:00+00:00,4815.10009765625,4815.7001953125,4804.39990234375,4806.2001953125,1457
2026-04-21 05:45:00+00:00,4802.89990234375,4815.2998046875,4801.7001953125,4815.2998046875,1557
2026-04-21 06:00:00+00:00,4803.60009765625,4809.39990234375,4794.10009765625,4802.60009765625,2950
2026-04-21 06:15:00+00:00,4796.7001953125,4804.5,4795.60009765625,4803.39990234375,2329
2026-04-21 06:30:00+00:00,4799.39990234375,4828.7998046875,4794.60009765625,4828.7998046875,1957
2026-04-21 06:45:00+00:00,4796.7998046875,4802.60009765625,4793.0,4799.0,2035
2026-04-21 07:00:00+00:00,4801.39990234375,4804.2998046875,4790.7998046875,4796.2998046875,1689
2026-04-21 07:15:00+00:00,4802.2001953125,4806.7001953125,4799.39990234375,4801.7001953125,719
2026-04-21 07:30:00+00:00,4805.2998046875,4806.0,4799.5,4802.5,527
2026-04-21 07:45:00+00:00,4804.89990234375,4811.5,4803.0,4805.10009765625,1118
2026-04-21 08:00:00+00:00,4794.7001953125,4806.60009765625,4793.2998046875,4804.5,1261
2026-04-21 08:15:00+00:00,4805.89990234375,4808.0,4794.0,4794.39990234375,1130
2026-04-21 08:30:00+00:00,4810.2998046875,4812.2001953125,4803.7001953125,4805.89990234375,974
2026-04-21 08:45:00+00:00,4805.0,4811.7998046875,4805.0,4810.7001953125,495
2026-04-21 09:00:00+00:00,4803.10009765625,4805.5,4800.0,4804.89990234375,639
2026-04-21 09:15:00+00:00,4801.10009765625,4806.89990234375,4800.10009765625,4802.7001953125,564
2026-04-21 09:30:00+00:00,4805.7998046875,4806.0,4800.7998046875,4800.89990234375,1310
2026-04-21 09:45:00+00:00,4802.39990234375,4808.2998046875,4802.0,4806.0,1625
2026-04-21 10:00:00+00:00,4801.89990234375,4805.0,4801.2001953125,4802.7998046875,523
2026-04-21 10:15:00+00:00,4802.10009765625,4803.89990234375,4799.60009765625,4802.10009765625,508
2026-04-21 10:30:00+00:00,4805.39990234375,4807.0,4801.7001953125,4802.10009765625,469
2026-04-21 10:45:00+00:00,4809.0,4809.7001953125,4805.2998046875,4805.39990234375,612
2026-04-21 11:00:00+00:00,4801.0,4809.5,4794.2998046875,4809.2001953125,1456
2026-04-21 11:15:00+00:00,4802.39990234375,4803.89990234375,4798.2001953125,4800.89990234375,549
2026-04-21 11:30:00+00:00,4812.60009765625,4814.39990234375,4802.2001953125,4802.39990234375,1588
2026-04-21 11:45:00+00:00,4814.2001953125,4818.0,4811.2998046875,4812.7998046875,1072
2026-04-21 12:00:00+00:00,4810.2998046875,4816.7001953125,4810.2998046875,4814.39990234375,1199
2026-04-21 12:15:00+00:00,4799.7001953125,4811.10009765625,4798.2001953125,4810.89990234375,1991
2026-04-21 12:30:00+00:00,4797.2998046875,4809.2998046875,4781.60009765625,4799.2998046875,4914
2026-04-21 12:45:00+00:00,4797.60009765625,4802.10009765625,4794.39990234375,4797.2001953125,1518
2026-04-21 13:00:00+00:00,4783.7998046875,4802.7998046875,4783.2998046875,4797.60009765625,2984
2026-04-21 13:15:00+00:00,4793.10009765625,4793.7001953125,4777.2998046875,4783.60009765625,2813
2026-04-21 13:30:00+00:00,4808.39990234375,4812.10009765625,4788.7998046875,4792.89990234375,4365
2026-04-21 13:45:00+00:00,4798.2001953125,4813.7998046875,4796.5,4808.2001953125,3080
2026-04-21 14:00:00+00:00,4798.39990234375,4801.89990234375,4792.2998046875,4798.2001953125,2440
2026-04-21 14:15:00+00:00,4792.60009765625,4799.5,4788.5,4797.2001953125,1802
2026-04-21 14:30:00+00:00,4762.7998046875,4793.5,4761.2001953125,4792.5,8314
2026-04-21 14:45:00+00:00,4757.39990234375,4763.89990234375,4740.89990234375,4762.7001953125,12562
2026-04-21 15:00:00+00:00,4766.89990234375,4769.2001953125,4745.89990234375,4757.7998046875,7213
2026-04-21 15:15:00+00:00,4761.10009765625,4776.60009765625,4760.2998046875,4766.2998046875,4285
2026-04-21 15:30:00+00:00,4764.2001953125,4766.39990234375,4755.2998046875,4761.2001953125,1793
2026-04-21 15:45:00+00:00,4759.7998046875,4768.60009765625,4757.0,4764.0,2031
2026-04-21 16:00:00+00:00,4749.5,4765.89990234375,4745.7001953125,4760.2998046875,2927
2026-04-21 16:15:00+00:00,4739.89990234375,4753.39990234375,4737.60009765625,4749.2998046875,3094
2026-04-21 16:30:00+00:00,4740.0,4746.7998046875,4738.39990234375,4739.5,2558
2026-04-21 16:45:00+00:00,4729.5,4741.89990234375,4726.39990234375,4739.7001953125,4445
2026-04-21 17:00:00+00:00,4724.10009765625,4737.60009765625,4718.10009765625,4729.2998046875,5346
2026-04-21 17:15:00+00:00,4719.10009765625,4727.0,4715.0,4725.0,3880
2026-04-21 17:30:00+00:00,4737.39990234375,4742.0,4716.2998046875,4719.2998046875,4989
2026-04-21 17:45:00+00:00,4731.0,4738.5,4725.7998046875,4737.7001953125,1891
2026-04-21 18:00:00+00:00,4724.10009765625,4734.2001953125,4723.7001953125,4730.89990234375,1345
2026-04-21 18:15:00+00:00,4716.2001953125,4724.7001953125,4712.0,4724.7001953125,2726
2026-04-21 18:30:00+00:00,4722.39990234375,4723.10009765625,4716.39990234375,4716.39990234375,1233
2026-04-21 18:45:00+00:00,4728.10009765625,4732.7998046875,4718.0,4721.89990234375,1829
2026-04-21 19:00:00+00:00,4726.2001953125,4732.0,4722.7998046875,4728.7001953125,1341
2026-04-21 19:15:00+00:00,4732.89990234375,4734.10009765625,4723.89990234375,4726.89990234375,1581
2026-04-21 19:30:00+00:00,4690.39990234375,4733.5,4685.7998046875,4732.7998046875,5034
2026-04-21 19:45:00+00:00,4698.2998046875,4704.2001953125,4689.60009765625,4690.60009765625,3273
2026-04-21 20:00:00+00:00,4716.5,4721.39990234375,4688.39990234375,4698.5,3324
2026-04-21 20:15:00+00:00,4724.60009765625,4730.2998046875,4713.89990234375,4717.7998046875,1885
2026-04-21 20:30:00+00:00,4730.2998046875,4732.7998046875,4724.2998046875,4724.2998046875,760
2026-04-21 20:45:00+00:00,4738.5,4739.60009765625,4728.0,4729.89990234375,848
2026-04-21 22:00:00+00:00,4739.39990234375,4748.10009765625,4734.2998046875,4738.7001953125,532
2026-04-21 22:15:00+00:00,4737.0,4740.0,4734.39990234375,4740.0,201
2026-04-21 22:30:00+00:00,4735.5,4737.7001953125,4734.0,4737.2998046875,360
2026-04-21 22:45:00+00:00,4737.60009765625,4738.10009765625,4733.10009765625,4734.7001953125,368
2026-04-21 23:00:00+00:00,4745.2001953125,4747.60009765625,4736.0,4737.10009765625,826
2026-04-21 23:15:00+00:00,4748.0,4751.10009765625,4744.0,4745.7998046875,817
2026-04-21 23:30:00+00:00,4749.7998046875,4752.0,4746.2998046875,4747.60009765625,597
2026-04-21 23:45:00+00:00,4755.7998046875,4758.39990234375,4749.5,4749.5,951
2026-04-22 00:00:00+00:00,4760.89990234375,4766.0,4756.2998046875,4756.2998046875,1118
2026-04-22 00:15:00+00:00,4760.60009765625,4763.89990234375,4758.2998046875,4760.60009765625,560
2026-04-22 00:30:00+00:00,4759.89990234375,4765.10009765625,4759.2998046875,4760.2998046875,685
2026-04-22 00:45:00+00:00,4757.7001953125,4764.60009765625,4756.10009765625,4760.2998046875,765
2026-04-22 01:00:00+00:00,4756.2001953125,4763.0,4753.5,4757.39990234375,1430
2026-04-22 01:15:00+00:00,4764.10009765625,4767.39990234375,4756.0,4756.10009765625,909
2026-04-22 01:30:00+00:00,4767.2998046875,4771.89990234375,4764.0,4764.2001953125,1753
2026-04-22 01:45:00+00:00,4769.7998046875,4772.5,4765.7001953125,4767.2998046875,1181
2026-04-22 02:00:00+00:00,4773.5,4774.10009765625,4767.5,4770.2998046875,846
2026-04-22 02:15:00+00:00,4773.39990234375,4775.7998046875,4771.0,4773.2001953125,619
2026-04-22 02:30:00+00:00,4769.10009765625,4776.2001953125,4768.89990234375,4773.0,825
2026-04-22 02:45:00+00:00,4773.5,4774.60009765625,4768.2998046875,4768.89990234375,653
2026-04-22 03:00:00+00:00,4775.2998046875,4778.5,4770.39990234375,4773.10009765625,857
2026-04-22 03:15:00+00:00,4780.7001953125,4781.0,4774.0,4774.89990234375,877
2026-04-22 03:30:00+00:00,4776.7998046875,4782.7001953125,4774.60009765625,4780.39990234375,858
2026-04-22 03:45:00+00:00,4777.0,4778.60009765625,4774.7998046875,4777.2998046875,405
2026-04-22 04:00:00+00:00,4775.2001953125,4777.39990234375,4773.2001953125,4776.10009765625,536
2026-04-22 04:15:00+00:00,4773.5,4775.5,4772.39990234375,4775.5,392
2026-04-22 04:30:00+00:00,4774.10009765625,4775.0,4770.2998046875,4773.5,738
2026-04-22 04:45:00+00:00,4772.39990234375,4777.2998046875,4770.10009765625,4774.0,1397
2026-04-22 05:00:00+00:00,4774.89990234375,4775.10009765625,4769.89990234375,4772.39990234375,531
2026-04-22 05:15:00+00:00,4784.2001953125,4789.7998046875,4774.2998046875,4774.7001953125,2594
2026-04-22 05:30:00+00:00,4785.39990234375,4787.2001953125,4781.7001953125,4784.10009765625,748
2026-04-22 05:45:00+00:00,4786.39990234375,4789.89990234375,4782.60009765625,4785.0,1853
2026-04-22 06:00:00+00:00,4781.2001953125,4786.5,4777.5,4786.0,1738
2026-04-22 06:15:00+00:00,4785.39990234375,4785.7998046875,4778.7998046875,4781.0,752
2026-04-22 06:30:00+00:00,4782.10009765625,4786.10009765625,4782.0,4785.2001953125,488
2026-04-22 06:45:00+00:00,4786.0,4786.2001953125,4781.7001953125,4781.7001953125,522
2026-04-22 07:00:00+00:00,4784.2998046875,4790.7998046875,4783.60009765625,4785.89990234375,1170
2026-04-22 07:15:00+00:00,4784.7001953125,4786.60009765625,4780.7998046875,4784.0,964
2026-04-22 07:30:00+00:00,4782.0,4785.39990234375,4780.5,4784.60009765625,816
2026-04-22 07:45:00+00:00,4779.5,4783.2998046875,4778.39990234375,4782.60009765625,723
2026-04-22 08:00:00+00:00,4776.89990234375,4781.39990234375,4776.7001953125,4779.60009765625,791
2026-04-22 08:15:00+00:00,4773.0,4778.89990234375,4772.89990234375,4777.10009765625,1162
2026-04-22 08:30:00+00:00,4774.89990234375,4776.0,4770.5,4773.0,975
2026-04-22 08:45:00+00:00,4775.7001953125,4777.10009765625,4772.5,4774.7001953125,566
2026-04-22 09:00:00+00:00,4779.39990234375,4780.2001953125,4775.2998046875,4775.5,1065
2026-04-22 09:15:00+00:00,4775.0,4780.89990234375,4774.89990234375,4779.39990234375,555
2026-04-22 09:30:00+00:00,4777.10009765625,4781.10009765625,4773.60009765625,4774.89990234375,1021
2026-04-22 09:45:00+00:00,4773.39990234375,4777.7001953125,4771.0,4777.2998046875,692
2026-04-22 10:00:00+00:00,4767.2001953125,4776.2998046875,4764.2998046875,4773.60009765625,1283
2026-04-22 10:15:00+00:00,4773.39990234375,4774.7998046875,4766.89990234375,4766.89990234375,789
2026-04-22 10:30:00+00:00,4774.89990234375,4778.39990234375,4772.39990234375,4773.39990234375,770
2026-04-22 10:45:00+00:00,4778.10009765625,4779.2001953125,4774.10009765625,4775.39990234375,380
2026-04-22 11:00:00+00:00,4775.7001953125,4779.0,4775.0,4777.89990234375,619
2026-04-22 11:15:00+00:00,4776.10009765625,4779.60009765625,4775.10009765625,4775.7998046875,711
2026-04-22 11:30:00+00:00,4767.39990234375,4778.7001953125,4766.89990234375,4776.2998046875,1285
2026-04-22 11:45:00+00:00,4768.89990234375,4772.0,4766.2998046875,4767.5,1229
2026-04-22 12:00:00+00:00,4770.7001953125,4776.5,4768.10009765625,4769.2001953125,1318
2026-04-22 12:15:00+00:00,4772.10009765625,4779.0,4765.7001953125,4770.5,1610
2026-04-22 12:30:00+00:00,4765.2001953125,4772.89990234375,4763.89990234375,4771.7001953125,1784
2026-04-22 12:45:00+00:00,4762.60009765625,4767.0,4761.10009765625,4765.39990234375,1534
2026-04-22 13:00:00+00:00,4761.0,4769.2001953125,4757.2001953125,4762.89990234375,2487
2026-04-22 13:15:00+00:00,4768.5,4768.60009765625,4754.60009765625,4760.60009765625,2337
2026-04-22 13:30:00+00:00,4773.7001953125,4775.0,4760.0,4768.7001953125,2542
2026-04-22 13:45:00+00:00,4771.7001953125,4779.39990234375,4769.5,4773.7001953125,2148
2026-04-22 14:00:00+00:00,4765.10009765625,4776.2998046875,4760.7998046875,4771.5,2615
2026-04-22 14:15:00+00:00,4763.0,4769.7001953125,4761.89990234375,4764.7001953125,1629
2026-04-22 14:30:00+00:00,4750.7998046875,4763.60009765625,4746.89990234375,4763.10009765625,3726
2026-04-22 14:45:00+00:00,4754.2998046875,4757.7998046875,4750.39990234375,4751.0,1715
2026-04-22 15:00:00+00:00,4755.60009765625,4758.39990234375,4752.5,4754.2001953125,1424
2026-04-22 15:15:00+00:00,4752.89990234375,4755.89990234375,4747.7001953125,4755.89990234375,1700
2026-04-22 15:30:00+00:00,4745.60009765625,4753.7001953125,4744.0,4753.2001953125,1373
2026-04-22 15:45:00+00:00,4746.2001953125,4750.0,4743.2001953125,4745.5,1105
2026-04-22 16:00:00+00:00,4748.89990234375,4754.10009765625,4744.2998046875,4746.10009765625,1248
2026-04-22 16:15:00+00:00,4745.5,4749.10009765625,4742.10009765625,4748.7001953125,976
2026-04-22 16:30:00+00:00,4747.10009765625,4750.7998046875,4742.39990234375,4745.5,1001
2026-04-22 16:45:00+00:00,4747.5,4749.60009765625,4744.89990234375,4746.7001953125,696
2026-04-22 17:00:00+00:00,4754.10009765625,4758.39990234375,4747.2001953125,4747.39990234375,1117
2026-04-22 17:15:00+00:00,4753.7998046875,4756.5,4751.39990234375,4754.0,1388
2026-04-22 17:30:00+00:00,4755.0,4756.89990234375,4753.0,4754.0,750
2026-04-22 17:45:00+00:00,4756.39990234375,4757.2998046875,4752.7001953125,4755.2001953125,811
2026-04-22 18:00:00+00:00,4754.5,4757.60009765625,4754.0,4756.10009765625,456
2026-04-22 18:15:00+00:00,4749.0,4754.89990234375,4748.39990234375,4754.39990234375,941
2026-04-22 18:30:00+00:00,4758.39990234375,4758.39990234375,4749.2001953125,4749.2001953125,1061
2026-04-22 18:45:00+00:00,4760.7001953125,4770.2001953125,4757.7001953125,4758.39990234375,2124
2026-04-22 19:00:00+00:00,4757.5,4762.39990234375,4755.7998046875,4761.0,893
2026-04-22 19:15:00+00:00,4763.5,4764.39990234375,4757.10009765625,4757.7001953125,451
2026-04-22 19:30:00+00:00,4758.2998046875,4763.60009765625,4757.5,4763.5,469
2026-04-22 19:45:00+00:00,4759.0,4761.0,4756.0,4758.2001953125,784
2026-04-22 20:00:00+00:00,4754.7998046875,4759.5,4753.5,4759.39990234375,466
2026-04-22 20:15:00+00:00,4755.7998046875,4756.7998046875,4753.10009765625,4754.89990234375,321
2026-04-22 20:30:00+00:00,4756.2998046875,4758.39990234375,4754.89990234375,4756.0,320
2026-04-22 20:45:00+00:00,4758.2998046875,4759.89990234375,4756.0,4756.7001953125,362
2026-04-22 22:00:00+00:00,4753.60009765625,4763.60009765625,4753.2998046875,4759.2001953125,206
2026-04-22 22:15:00+00:00,4750.10009765625,4755.39990234375,4750.0,4753.7998046875,404
2026-04-22 22:30:00+00:00,4747.2998046875,4752.39990234375,4746.89990234375,4750.5,389
2026-04-22 22:45:00+00:00,4743.2001953125,4749.2001953125,4742.7998046875,4747.2998046875,521
2026-04-22 23:00:00+00:00,4742.89990234375,4745.2998046875,4740.60009765625,4743.5,589
2026-04-22 23:15:00+00:00,4745.39990234375,4746.7998046875,4742.60009765625,4743.2998046875,339
2026-04-22 23:30:00+00:00,4741.39990234375,4745.10009765625,4741.0,4744.7001953125,201
2026-04-22 23:45:00+00:00,4745.0,4746.5,4741.7998046875,4741.7998046875,393
2026-04-23 00:00:00+00:00,4716.2001953125,4745.39990234375,4714.5,4745.0,2343
2026-04-23 00:15:00+00:00,4758.7001953125,4759.39990234375,4710.39990234375,4715.7001953125,4980
2026-04-23 00:30:00+00:00,4761.7001953125,4769.2001953125,4757.7001953125,4758.60009765625,1890
2026-04-23 00:45:00+00:00,4765.5,4771.2998046875,4760.60009765625,4762.10009765625,1021
2026-04-23 01:00:00+00:00,4754.7001953125,4767.5,4753.2001953125,4765.2998046875,1077
2026-04-23 01:15:00+00:00,4745.10009765625,4756.0,4743.60009765625,4754.10009765625,1413
2026-04-23 01:30:00+00:00,4749.89990234375,4752.0,4742.7001953125,4745.10009765625,960
2026-04-23 01:45:00+00:00,4739.39990234375,4753.2998046875,4738.39990234375,4750.39990234375,1686
2026-04-23 02:00:00+00:00,4723.60009765625,4740.89990234375,4722.10009765625,4738.89990234375,2152
2026-04-23 02:15:00+00:00,4729.7998046875,4734.2001953125,4721.0,4723.0,1490
2026-04-23 02:30:00+00:00,4717.60009765625,4731.7001953125,4716.0,4730.10009765625,1880
2026-04-23 02:45:00+00:00,4714.39990234375,4723.60009765625,4714.0,4717.2001953125,1795
2026-04-23 03:00:00+00:00,4717.89990234375,4724.7998046875,4714.39990234375,4715.0,1608
2026-04-23 03:15:00+00:00,4719.2001953125,4721.7001953125,4713.89990234375,4718.10009765625,917
2026-04-23 03:30:00+00:00,4720.7001953125,4723.2001953125,4716.7001953125,4719.0,828
2026-04-23 03:45:00+00:00,4720.0,4723.10009765625,4718.10009765625,4720.5,391
2026-04-23 04:00:00+00:00,4722.10009765625,4722.10009765625,4716.5,4719.0,472
2026-04-23 04:15:00+00:00,4721.2998046875,4722.7001953125,4718.2998046875,4722.2001953125,330
2026-04-23 04:30:00+00:00,4717.39990234375,4722.60009765625,4717.2001953125,4721.39990234375,382
2026-04-23 04:45:00+00:00,4720.10009765625,4720.2998046875,4714.2998046875,4717.60009765625,548
2026-04-23 05:00:00+00:00,4723.7001953125,4726.10009765625,4719.10009765625,4719.60009765625,726
2026-04-23 05:15:00+00:00,4721.5,4725.0,4721.10009765625,4723.60009765625,410
2026-04-23 05:30:00+00:00,4717.2001953125,4723.0,4705.7001953125,4721.5,1676
2026-04-23 05:45:00+00:00,4729.0,4731.10009765625,4717.39990234375,4717.39990234375,1629
2026-04-23 06:00:00+00:00,4728.2001953125,4734.2001953125,4726.89990234375,4729.60009765625,1409
2026-04-23 06:15:00+00:00,4728.7001953125,4730.7998046875,4724.89990234375,4727.89990234375,921
2026-04-23 06:30:00+00:00,4731.5,4733.7001953125,4725.7998046875,4728.60009765625,1056
2026-04-23 06:45:00+00:00,4730.10009765625,4739.0,4729.0,4731.5,3247
2026-04-23 07:00:00+00:00,4729.0,4733.60009765625,4724.2998046875,4729.89990234375,2517
2026-04-23 07:15:00+00:00,4722.7998046875,4731.5,4719.39990234375,4728.60009765625,3044
2026-04-23 07:30:00+00:00,4730.5,4730.5,4720.2998046875,4722.7001953125,1046
2026-04-23 07:45:00+00:00,4736.10009765625,4737.39990234375,4730.2001953125,4730.60009765625,926
2026-04-23 08:00:00+00:00,4734.7001953125,4742.10009765625,4734.2001953125,4735.60009765625,1212
2026-04-23 08:15:00+00:00,4732.2001953125,4738.39990234375,4731.7998046875,4734.5,421
2026-04-23 08:30:00+00:00,4720.10009765625,4733.2001953125,4719.7001953125,4732.39990234375,1179
2026-04-23 08:45:00+00:00,4719.60009765625,4723.89990234375,4717.7998046875,4719.7998046875,886
2026-04-23 09:00:00+00:00,4713.2001953125,4720.0,4710.7001953125,4719.39990234375,1905
2026-04-23 09:15:00+00:00,4716.89990234375,4719.2001953125,4711.7998046875,4712.89990234375,997
2026-04-23 09:30:00+00:00,4717.10009765625,4719.5,4715.2001953125,4716.7998046875,1253
2026-04-23 09:45:00+00:00,4713.5,4718.2998046875,4710.89990234375,4717.2001953125,1326
2026-04-23 10:00:00+00:00,4704.7998046875,4717.89990234375,4700.89990234375,4713.5,1671
2026-04-23 10:15:00+00:00,4702.7001953125,4708.60009765625,4700.0,4704.7998046875,1779
2026-04-23 10:30:00+00:00,4707.10009765625,4713.10009765625,4700.10009765625,4703.2998046875,1892
2026-04-23 10:45:00+00:00,4712.60009765625,4713.39990234375,4705.39990234375,4706.2001953125,633
2026-04-23 11:00:00+00:00,4714.39990234375,4716.39990234375,4711.2998046875,4712.7998046875,958
2026-04-23 11:15:00+00:00,4715.60009765625,4719.7998046875,4712.5,4714.2998046875,720
2026-04-23 11:30:00+00:00,4721.7998046875,4722.39990234375,4712.89990234375,4715.7001953125,1098
2026-04-23 11:45:00+00:00,4737.39990234375,4737.7998046875,4721.2001953125,4722.0,2560
2026-04-23 12:00:00+00:00,4746.2998046875,4756.0,4736.2998046875,4737.10009765625,5119
2026-04-23 12:15:00+00:00,4750.60009765625,4752.5,4742.7998046875,4746.0,2434
2026-04-23 12:30:00+00:00,4757.0,4759.89990234375,4750.2001953125,4750.2001953125,2758
2026-04-23 12:45:00+00:00,4757.7001953125,4761.7001953125,4748.5,4756.89990234375,2738
2026-04-23 13:00:00+00:00,4743.0,4758.5,4740.7998046875,4758.10009765625,2999
2026-04-23 13:15:00+00:00,4744.2998046875,4747.89990234375,4742.60009765625,4742.60009765625,1042
2026-04-23 13:30:00+00:00,4751.60009765625,4753.2998046875,4741.39990234375,4744.2001953125,2426
2026-04-23 13:45:00+00:00,4742.0,4759.10009765625,4741.60009765625,4751.60009765625,2497
2026-04-23 14:00:00+00:00,4741.2998046875,4746.0,4733.89990234375,4741.5,4126
2026-04-23 14:15:00+00:00,4748.5,4753.60009765625,4740.7001953125,4741.2001953125,1745
2026-04-23 14:30:00+00:00,4748.0,4752.0,4742.89990234375,4748.5,1444
2026-04-23 14:45:00+00:00,4750.60009765625,4754.0,4745.10009765625,4748.39990234375,1232
2026-04-23 15:00:00+00:00,4747.7001953125,4752.10009765625,4743.7001953125,4750.89990234375,1163
2026-04-23 15:15:00+00:00,4750.7001953125,4758.2001953125,4746.60009765625,4748.0,1851
2026-04-23 15:30:00+00:00,4745.0,4751.89990234375,4744.89990234375,4750.60009765625,1300
2026-04-23 15:45:00+00:00,4737.2998046875,4745.5,4733.2998046875,4745.2001953125,2247
2026-04-23 16:00:00+00:00,4736.2001953125,4739.2001953125,4732.5,4737.60009765625,1152
2026-04-23 16:15:00+00:00,4740.10009765625,4741.7001953125,4735.7998046875,4735.89990234375,784
2026-04-23 16:30:00+00:00,4750.7001953125,4751.5,4739.5,4739.5,1227
2026-04-23 16:45:00+00:00,4749.7998046875,4754.10009765625,4747.7001953125,4751.10009765625,1515
2026-04-23 17:00:00+00:00,4732.60009765625,4751.7001953125,4722.2001953125,4750.10009765625,4468
2026-04-23 17:15:00+00:00,4723.0,4734.89990234375,4720.7998046875,4732.60009765625,6297
2026-04-23 17:30:00+00:00,4693.5,4730.7998046875,4688.0,4723.2001953125,6144
2026-04-23 17:45:00+00:00,4725.60009765625,4726.7001953125,4680.10009765625,4694.2001953125,7344
2026-04-23 18:00:00+00:00,4730.2001953125,4738.7001953125,4723.89990234375,4726.10009765625,2778
2026-04-23 18:15:00+00:00,4732.89990234375,4733.10009765625,4726.7001953125,4729.89990234375,802
2026-04-23 18:30:00+00:00,4727.7998046875,4736.7001953125,4723.2998046875,4732.5,1138
2026-04-23 18:45:00+00:00,4717.2001953125,4728.2001953125,4714.89990234375,4727.2998046875,1254
2026-04-23 19:00:00+00:00,4712.89990234375,4720.60009765625,4708.7001953125,4717.10009765625,1424
2026-04-23 19:15:00+00:00,4716.5,4718.60009765625,4711.7998046875,4712.60009765625,1054
2026-04-23 19:30:00+00:00,4708.89990234375,4717.2998046875,4705.5,4716.5,800
2026-04-23 19:45:00+00:00,4712.7998046875,4716.5,4708.5,4708.5,1223
2026-04-23 20:00:00+00:00,4707.0,4714.7998046875,4706.89990234375,4712.5,694
2026-04-23 20:15:00+00:00,4705.5,4708.89990234375,4702.7001953125,4706.7001953125,551
2026-04-23 20:30:00+00:00,4707.2998046875,4707.7998046875,4704.2998046875,4705.7001953125,203
2026-04-23 20:45:00+00:00,4708.60009765625,4710.60009765625,4704.7001953125,4707.89990234375,338
2026-04-23 22:00:00+00:00,4712.7998046875,4719.7998046875,4710.10009765625,4715.60009765625,205
2026-04-23 22:15:00+00:00,4708.2001953125,4712.89990234375,4707.60009765625,4712.2001953125,351
2026-04-23 22:30:00+00:00,4708.39990234375,4712.10009765625,4705.7001953125,4708.5,317
2026-04-23 22:45:00+00:00,4708.5,4709.89990234375,4705.2998046875,4709.2001953125,162
2026-04-23 23:00:00+00:00,4704.60009765625,4711.0,4704.60009765625,4708.7001953125,188
2026-04-23 23:15:00+00:00,4709.7001953125,4710.10009765625,4702.0,4704.89990234375,421
2026-04-23 23:30:00+00:00,4713.0,4716.10009765625,4708.89990234375,4710.10009765625,471
2026-04-23 23:45:00+00:00,4710.7998046875,4715.0,4707.39990234375,4712.60009765625,294
2026-04-24 00:00:00+00:00,4713.7001953125,4716.39990234375,4706.2998046875,4711.7001953125,535
2026-04-24 00:15:00+00:00,4720.5,4721.0,4711.89990234375,4714.0,539
2026-04-24 00:30:00+00:00,4716.7001953125,4723.10009765625,4716.2001953125,4720.89990234375,513
2026-04-24 00:45:00+00:00,4719.7998046875,4721.10009765625,4712.39990234375,4716.2998046875,682
2026-04-24 01:00:00+00:00,4725.10009765625,4725.60009765625,4711.5,4719.7998046875,1001
2026-04-24 01:15:00+00:00,4714.0,4726.7001953125,4714.0,4725.0,658
2026-04-24 01:30:00+00:00,4706.2001953125,4717.7001953125,4705.7001953125,4714.10009765625,1007
2026-04-24 01:45:00+00:00,4715.10009765625,4716.0,4705.7998046875,4705.7998046875,427
2026-04-24 02:00:00+00:00,4708.2998046875,4716.39990234375,4705.5,4715.2001953125,461
2026-04-24 02:15:00+00:00,4698.89990234375,4711.60009765625,4696.7998046875,4708.7998046875,1156
2026-04-24 02:30:00+00:00,4698.60009765625,4706.2001953125,4695.0,4699.2998046875,1027
2026-04-24 02:45:00+00:00,4692.39990234375,4699.2998046875,4687.2998046875,4698.2998046875,1247
2026-04-24 03:00:00+00:00,4685.60009765625,4693.5,4683.5,4692.0,1139
2026-04-24 03:15:00+00:00,4689.5,4693.39990234375,4685.2998046875,4685.60009765625,897
2026-04-24 03:30:00+00:00,4690.0,4693.39990234375,4687.60009765625,4689.60009765625,572
2026-04-24 03:45:00+00:00,4687.5,4691.60009765625,4687.0,4690.2001953125,331
2026-04-24 04:00:00+00:00,4684.89990234375,4689.7998046875,4681.7998046875,4686.89990234375,784
2026-04-24 04:15:00+00:00,4674.60009765625,4685.7998046875,4673.10009765625,4684.7998046875,1407
2026-04-24 04:30:00+00:00,4682.89990234375,4683.60009765625,4672.2001953125,4674.7001953125,1262
2026-04-24 04:45:00+00:00,4689.2998046875,4691.5,4682.89990234375,4683.2001953125,958
2026-04-24 05:00:00+00:00,4688.2001953125,4691.7998046875,4684.39990234375,4689.60009765625,488
2026-04-24 05:15:00+00:00,4691.60009765625,4693.7998046875,4686.7998046875,4688.60009765625,538
2026-04-24 05:30:00+00:00,4697.7998046875,4702.2998046875,4691.7998046875,4691.7998046875,1154
2026-04-24 05:45:00+00:00,4701.5,4702.0,4695.5,4697.2998046875,775
2026-04-24 06:00:00+00:00,4696.89990234375,4703.10009765625,4695.60009765625,4701.7001953125,950
2026-04-24 06:15:00+00:00,4686.5,4697.39990234375,4684.7001953125,4696.7001953125,1027
2026-04-24 06:30:00+00:00,4688.60009765625,4691.2001953125,4684.60009765625,4686.60009765625,847
2026-04-24 06:45:00+00:00,4687.10009765625,4691.7001953125,4681.60009765625,4687.89990234375,1247
2026-04-24 07:00:00+00:00,4695.7001953125,4696.7001953125,4686.2001953125,4687.10009765625,833
2026-04-24 07:15:00+00:00,4699.7001953125,4700.10009765625,4693.60009765625,4695.89990234375,686
2026-04-24 07:30:00+00:00,4700.7001953125,4701.39990234375,4697.0,4699.2998046875,697
2026-04-24 07:45:00+00:00,4709.39990234375,4710.7001953125,4700.2998046875,4700.2998046875,1190
2026-04-24 08:00:00+00:00,4702.60009765625,4710.10009765625,4701.39990234375,4710.10009765625,960
2026-04-24 08:15:00+00:00,4702.7998046875,4712.7001953125,4701.60009765625,4703.0,907
2026-04-24 08:30:00+00:00,4703.10009765625,4705.39990234375,4700.10009765625,4702.7001953125,569
2026-04-24 08:45:00+00:00,4705.5,4708.2001953125,4702.89990234375,4702.89990234375,302
2026-04-24 09:00:00+00:00,4710.0,4710.5,4704.7998046875,4706.10009765625,1064
2026-04-24 09:15:00+00:00,4698.7001953125,4711.89990234375,4697.7001953125,4710.2998046875,1870
2026-04-24 09:30:00+00:00,4701.2001953125,4704.10009765625,4695.0,4698.5,1597
2026-04-24 09:45:00+00:00,4697.7001953125,4702.10009765625,4694.89990234375,4701.60009765625,1078
2026-04-24 10:00:00+00:00,4697.7001953125,4700.2998046875,4696.2998046875,4697.39990234375,612
2026-04-24 10:15:00+00:00,4697.39990234375,4701.5,4695.10009765625,4697.2998046875,705
2026-04-24 10:30:00+00:00,4694.7998046875,4697.2001953125,4689.60009765625,4697.2001953125,1005
2026-04-24 10:45:00+00:00,4693.0,4695.7998046875,4691.89990234375,4694.0,338
2026-04-24 11:00:00+00:00,4712.89990234375,4719.2998046875,4693.0,4693.10009765625,3503
2026-04-24 11:15:00+00:00,4731.89990234375,4733.39990234375,4708.2998046875,4713.2998046875,3252
2026-04-24 11:30:00+00:00,4721.39990234375,4733.89990234375,4721.0,4731.89990234375,1970
2026-04-24 11:45:00+00:00,4723.2001953125,4724.5,4718.7998046875,4721.2001953125,1009
2026-04-24 12:00:00+00:00,4724.7998046875,4726.10009765625,4719.5,4723.2001953125,920
2026-04-24 12:15:00+00:00,4726.0,4727.89990234375,4717.5,4725.10009765625,2026
2026-04-24 12:30:00+00:00,4714.89990234375,4727.5,4714.39990234375,4726.2001953125,1253
2026-04-24 12:45:00+00:00,4716.89990234375,4717.10009765625,4706.2998046875,4715.0,2429
2026-04-24 13:00:00+00:00,4718.89990234375,4721.60009765625,4712.2001953125,4717.2001953125,1862
2026-04-24 13:15:00+00:00,4713.10009765625,4721.10009765625,4709.2001953125,4718.7998046875,1466
2026-04-24 13:30:00+00:00,4724.2998046875,4726.10009765625,4705.39990234375,4713.10009765625,2664
2026-04-24 13:45:00+00:00,4727.89990234375,4734.2001953125,4721.10009765625,4724.60009765625,2252
2026-04-24 14:00:00+00:00,4748.0,4757.10009765625,4723.2001953125,4728.0,7153
2026-04-24 14:15:00+00:00,4741.7001953125,4750.7001953125,4737.7998046875,4748.2001953125,3058
2026-04-24 14:30:00+00:00,4747.39990234375,4750.0,4740.39990234375,4742.0,1628
2026-04-24 14:45:00+00:00,4743.2001953125,4748.2001953125,4740.5,4747.2001953125,1573
2026-04-24 15:00:00+00:00,4738.60009765625,4744.0,4735.60009765625,4743.39990234375,1366
2026-04-24 15:15:00+00:00,4738.60009765625,4743.10009765625,4734.7998046875,4738.60009765625,1273
2026-04-24 15:30:00+00:00,4744.39990234375,4746.60009765625,4730.7998046875,4738.60009765625,1603
2026-04-24 15:45:00+00:00,4743.89990234375,4750.39990234375,4740.60009765625,4744.7001953125,2398
2026-04-24 16:00:00+00:00,4737.2001953125,4746.5,4737.10009765625,4743.60009765625,979
2026-04-24 16:15:00+00:00,4739.89990234375,4742.5,4735.89990234375,4737.0,679
2026-04-24 16:30:00+00:00,4739.2998046875,4743.89990234375,4735.60009765625,4740.7001953125,842
2026-04-24 16:45:00+00:00,4743.7001953125,4744.5,4737.2001953125,4739.5,572
2026-04-24 17:00:00+00:00,4744.60009765625,4747.0,4742.60009765625,4744.39990234375,721
2026-04-24 17:15:00+00:00,4739.89990234375,4746.2998046875,4739.10009765625,4744.60009765625,2453
2026-04-24 17:30:00+00:00,4739.5,4742.2998046875,4735.7001953125,4739.60009765625,989
2026-04-24 17:45:00+00:00,4740.10009765625,4744.60009765625,4737.2998046875,4739.2998046875,1050
2026-04-24 18:00:00+00:00,4740.2998046875,4741.5,4736.60009765625,4740.39990234375,573
2026-04-24 18:15:00+00:00,4733.2998046875,4740.7001953125,4733.2998046875,4740.39990234375,586
2026-04-24 18:30:00+00:00,4735.0,4737.0,4733.0,4733.2998046875,331
2026-04-24 18:45:00+00:00,4738.7001953125,4739.60009765625,4734.10009765625,4735.2001953125,366
2026-04-24 19:00:00+00:00,4739.10009765625,4742.39990234375,4737.2001953125,4739.39990234375,568
2026-04-24 19:15:00+00:00,4735.2998046875,4739.7001953125,4733.5,4738.7001953125,623
2026-04-24 19:30:00+00:00,4732.7001953125,4736.5,4731.89990234375,4735.0,344
2026-04-24 19:45:00+00:00,4732.10009765625,4734.60009765625,4729.5,4732.60009765625,1062
2026-04-24 20:00:00+00:00,4722.2998046875,4733.39990234375,4721.2001953125,4731.89990234375,1055
2026-04-24 20:15:00+00:00,4723.7001953125,4725.39990234375,4721.2001953125,4722.5,568
2026-04-24 20:30:00+00:00,4723.2998046875,4724.2998046875,4721.10009765625,4723.5,455
2026-04-24 20:45:00+00:00,4740.89990234375,4740.89990234375,4722.10009765625,4723.2001953125,687
2026-04-26 22:00:00+00:00,4700.0,4700.7998046875,4694.0,4696.10009765625,207
2026-04-26 22:15:00+00:00,4701.7001953125,4704.0,4697.10009765625,4700.39990234375,606
2026-04-26 22:30:00+00:00,4699.60009765625,4701.7998046875,4697.0,4701.2998046875,363
2026-04-26 22:45:00+00:00,4699.60009765625,4700.7998046875,4696.2998046875,4699.60009765625,353
2026-04-26 23:00:00+00:00,4698.2998046875,4700.0,4692.2001953125,4699.10009765625,489
2026-04-26 23:15:00+00:00,4692.10009765625,4699.5,4691.2998046875,4698.2001953125,291
2026-04-26 23:30:00+00:00,4691.5,4694.7998046875,4689.10009765625,4691.60009765625,514
2026-04-26 23:45:00+00:00,4694.7998046875,4696.89990234375,4692.0,4692.0,443
2026-04-27 00:00:00+00:00,4694.7998046875,4695.7001953125,4686.60009765625,4695.2998046875,856
2026-04-27 00:15:00+00:00,4695.5,4697.39990234375,4692.2001953125,4694.5,448
2026-04-27 00:30:00+00:00,4695.39990234375,4696.39990234375,4691.2001953125,4695.60009765625,355
2026-04-27 00:45:00+00:00,4712.60009765625,4713.10009765625,4695.7998046875,4695.7998046875,1122
2026-04-27 01:00:00+00:00,4707.60009765625,4724.7998046875,4707.0,4712.39990234375,2231
2026-04-27 01:15:00+00:00,4712.89990234375,4713.2998046875,4705.5,4707.2998046875,980
2026-04-27 01:30:00+00:00,4712.2998046875,4715.60009765625,4710.39990234375,4712.7998046875,603
2026-04-27 01:45:00+00:00,4717.10009765625,4721.2998046875,4712.89990234375,4713.0,687
2026-04-27 02:00:00+00:00,4714.60009765625,4721.5,4710.60009765625,4717.7001953125,663
2026-04-27 02:15:00+00:00,4720.39990234375,4722.7998046875,4713.7998046875,4713.7998046875,626
2026-04-27 02:30:00+00:00,4728.5,4729.39990234375,4718.89990234375,4720.0,958
2026-04-27 02:45:00+00:00,4732.89990234375,4738.2998046875,4726.89990234375,4728.5,1473
2026-04-27 03:00:00+00:00,4733.10009765625,4737.7001953125,4731.39990234375,4733.2001953125,783
2026-04-27 03:15:00+00:00,4730.60009765625,4733.89990234375,4729.60009765625,4733.0,282
2026-04-27 03:30:00+00:00,4743.5,4744.7998046875,4731.2001953125,4731.2001953125,923
2026-04-27 03:45:00+00:00,4739.7998046875,4744.60009765625,4737.89990234375,4743.5,751
2026-04-27 04:00:00+00:00,4743.0,4743.39990234375,4738.89990234375,4739.7998046875,322
2026-04-27 04:15:00+00:00,4742.5,4743.7001953125,4740.60009765625,4743.2998046875,242
2026-04-27 04:30:00+00:00,4742.10009765625,4745.7998046875,4741.10009765625,4742.7998046875,513
2026-04-27 04:45:00+00:00,4740.5,4742.2998046875,4738.2998046875,4741.89990234375,443
2026-04-27 05:00:00+00:00,4734.2998046875,4741.2001953125,4734.2001953125,4741.2001953125,508
2026-04-27 05:15:00+00:00,4734.2001953125,4736.0,4731.7001953125,4733.89990234375,711
2026-04-27 05:30:00+00:00,4727.2998046875,4734.2998046875,4724.7001953125,4733.89990234375,1127
2026-04-27 05:45:00+00:00,4725.7001953125,4729.5,4724.0,4727.2001953125,620
2026-04-27 06:00:00+00:00,4730.10009765625,4730.89990234375,4724.60009765625,4725.39990234375,685
2026-04-27 06:15:00+00:00,4729.60009765625,4730.7998046875,4726.5,4729.39990234375,584
2026-04-27 06:30:00+00:00,4725.60009765625,4729.2998046875,4724.2998046875,4729.2998046875,450
2026-04-27 06:45:00+00:00,4727.60009765625,4730.5,4724.7998046875,4725.7001953125,491
2026-04-27 07:00:00+00:00,4732.2998046875,4733.5,4725.89990234375,4727.39990234375,676
2026-04-27 07:15:00+00:00,4730.89990234375,4733.2001953125,4727.10009765625,4731.7998046875,400
2026-04-27 07:30:00+00:00,4729.7001953125,4732.39990234375,4728.2998046875,4730.7998046875,455
2026-04-27 07:45:00+00:00,4727.89990234375,4731.7998046875,4725.0,4729.7998046875,426
2026-04-27 08:00:00+00:00,4725.60009765625,4729.5,4725.0,4728.39990234375,557
2026-04-27 08:15:00+00:00,4725.60009765625,4729.0,4724.2998046875,4726.2001953125,363
2026-04-27 08:30:00+00:00,4726.7998046875,4726.7998046875,4720.2001953125,4725.5,685
2026-04-27 08:45:00+00:00,4722.0,4730.0,4720.7001953125,4726.7998046875,694
2026-04-27 09:00:00+00:00,4720.2998046875,4723.60009765625,4717.60009765625,4722.2998046875,735
2026-04-27 09:15:00+00:00,4717.7001953125,4722.2001953125,4716.7001953125,4720.2001953125,614
2026-04-27 09:30:00+00:00,4720.10009765625,4721.2998046875,4714.7001953125,4717.5,1308
2026-04-27 09:45:00+00:00,4719.10009765625,4720.39990234375,4714.89990234375,4720.39990234375,761
2026-04-27 10:00:00+00:00,4717.7998046875,4722.39990234375,4716.89990234375,4719.2001953125,399
2026-04-27 10:15:00+00:00,4720.7001953125,4721.2998046875,4714.7001953125,4717.10009765625,625
2026-04-27 10:30:00+00:00,4724.2001953125,4726.0,4720.0,4720.7001953125,682
2026-04-27 10:45:00+00:00,4724.2998046875,4726.39990234375,4722.2998046875,4724.5,361
2026-04-27 11:00:00+00:00,4719.2998046875,4724.5,4719.10009765625,4724.2001953125,415
2026-04-27 11:15:00+00:00,4720.2001953125,4722.2001953125,4715.5,4719.2001953125,693
2026-04-27 11:30:00+00:00,4717.7001953125,4724.0,4713.5,4720.10009765625,729
2026-04-27 11:45:00+00:00,4719.7001953125,4720.5,4716.0,4718.0,432
2026-04-27 12:00:00+00:00,4724.0,4724.7998046875,4717.5,4720.10009765625,1064
2026-04-27 12:15:00+00:00,4722.10009765625,4728.0,4717.0,4724.0,2037
2026-04-27 12:30:00+00:00,4714.10009765625,4723.10009765625,4712.0,4721.89990234375,1195
2026-04-27 12:45:00+00:00,4714.10009765625,4719.89990234375,4712.5,4713.7998046875,916
2026-04-27 13:00:00+00:00,4710.89990234375,4716.2001953125,4708.2998046875,4714.7998046875,1757
2026-04-27 13:15:00+00:00,4715.2001953125,4718.89990234375,4710.60009765625,4710.89990234375,976
2026-04-27 13:30:00+00:00,4708.0,4718.0,4703.2998046875,4715.5,2225
2026-04-27 13:45:00+00:00,4711.60009765625,4712.7001953125,4704.0,4708.10009765625,1869
2026-04-27 14:00:00+00:00,4707.89990234375,4711.7001953125,4702.39990234375,4711.2001953125,2044
2026-04-27 14:15:00+00:00,4704.0,4712.0,4701.2998046875,4707.5,1945
2026-04-27 14:30:00+00:00,4708.5,4712.2001953125,4698.5,4704.2001953125,2632
2026-04-27 14:45:00+00:00,4693.2001953125,4709.10009765625,4691.2998046875,4708.60009765625,2494
2026-04-27 15:00:00+00:00,4689.5,4694.60009765625,4681.7998046875,4693.39990234375,4133
2026-04-27 15:15:00+00:00,4695.7998046875,4695.89990234375,4686.5,4689.2001953125,1963
2026-04-27 15:30:00+00:00,4692.7001953125,4697.10009765625,4691.5,4695.60009765625,1092
2026-04-27 15:45:00+00:00,4684.7998046875,4692.7998046875,4681.2001953125,4692.10009765625,1702
2026-04-27 16:00:00+00:00,4689.2001953125,4689.60009765625,4681.5,4684.60009765625,1433
2026-04-27 16:15:00+00:00,4691.0,4692.2998046875,4688.2001953125,4689.10009765625,801
2026-04-27 16:30:00+00:00,4689.5,4694.2998046875,4688.89990234375,4691.2998046875,848
2026-04-27 16:45:00+00:00,4691.10009765625,4692.60009765625,4689.2998046875,4689.39990234375,458
2026-04-27 17:00:00+00:00,4688.2001953125,4693.0,4686.10009765625,4691.39990234375,1279
2026-04-27 17:15:00+00:00,4694.7001953125,4694.7998046875,4682.5,4688.39990234375,3551
2026-04-27 17:30:00+00:00,4697.7001953125,4700.89990234375,4694.10009765625,4694.60009765625,1623
2026-04-27 17:45:00+00:00,4697.2001953125,4699.2998046875,4695.89990234375,4698.2001953125,413
2026-04-27 18:00:00+00:00,4696.10009765625,4697.39990234375,4693.60009765625,4696.7001953125,658
2026-04-27 18:15:00+00:00,4698.7998046875,4700.2001953125,4695.2001953125,4696.2001953125,440
2026-04-27 18:30:00+00:00,4697.5,4700.10009765625,4697.2001953125,4698.60009765625,415
2026-04-27 18:45:00+00:00,4695.7001953125,4700.10009765625,4695.7001953125,4697.60009765625,564
2026-04-27 19:00:00+00:00,4695.39990234375,4696.0,4693.2998046875,4695.5,479
2026-04-27 19:15:00+00:00,4697.39990234375,4697.89990234375,4694.89990234375,4695.10009765625,379
2026-04-27 19:30:00+00:00,4695.10009765625,4697.5,4691.7001953125,4697.5,699
2026-04-27 19:45:00+00:00,4696.2001953125,4696.7998046875,4693.2998046875,4695.10009765625,973
2026-04-27 20:00:00+00:00,4694.5,4696.60009765625,4691.7998046875,4695.89990234375,391
2026-04-27 20:15:00+00:00,4695.10009765625,4696.2001953125,4693.89990234375,4694.60009765625,132
2026-04-27 20:30:00+00:00,4695.2998046875,4695.7998046875,4694.0,4695.2001953125,172
2026-04-27 20:45:00+00:00,4697.7001953125,4697.7998046875,4693.7001953125,4695.39990234375,159
2026-04-27 22:00:00+00:00,4704.5,4706.2998046875,4697.0,4697.5,477
2026-04-27 22:15:00+00:00,4704.0,4704.89990234375,4702.0,4704.2001953125,232
2026-04-27 22:30:00+00:00,4702.10009765625,4704.89990234375,4701.2001953125,4704.39990234375,204
2026-04-27 22:45:00+00:00,4702.7001953125,4703.2998046875,4701.10009765625,4702.39990234375,137
2026-04-27 23:00:00+00:00,4705.0,4705.5,4702.10009765625,4703.2998046875,159
2026-04-27 23:15:00+00:00,4705.7001953125,4707.2001953125,4704.60009765625,4705.2998046875,211
2026-04-27 23:30:00+00:00,4709.10009765625,4709.7001953125,4706.0,4706.0,408
2026-04-27 23:45:00+00:00,4707.10009765625,4710.2998046875,4706.7001953125,4709.39990234375,313
2026-04-28 00:00:00+00:00,4712.7001953125,4716.5,4706.89990234375,4707.10009765625,576
2026-04-28 00:15:00+00:00,4709.7998046875,4714.60009765625,4707.10009765625,4712.60009765625,482
2026-04-28 00:30:00+00:00,4708.60009765625,4710.2001953125,4707.0,4710.2001953125,407
2026-04-28 00:45:00+00:00,4705.60009765625,4709.60009765625,4705.2001953125,4708.39990234375,317
2026-04-28 01:00:00+00:00,4703.0,4705.7998046875,4699.10009765625,4705.2001953125,852
2026-04-28 01:15:00+00:00,4702.60009765625,4705.39990234375,4700.10009765625,4702.5,341
2026-04-28 01:30:00+00:00,4701.7001953125,4705.7998046875,4698.2001953125,4702.0,789
2026-04-28 01:45:00+00:00,4684.7001953125,4702.2998046875,4681.39990234375,4701.5,1608
2026-04-28 02:00:00+00:00,4691.2001953125,4692.10009765625,4679.89990234375,4684.60009765625,1556
2026-04-28 02:15:00+00:00,4689.7998046875,4694.0,4688.39990234375,4691.5,628
2026-04-28 02:30:00+00:00,4684.39990234375,4689.10009765625,4683.7001953125,4689.10009765625,690
2026-04-28 02:45:00+00:00,4683.0,4685.10009765625,4680.10009765625,4684.60009765625,791
2026-04-28 03:00:00+00:00,4686.7998046875,4688.2998046875,4682.2998046875,4682.89990234375,602
2026-04-28 03:15:00+00:00,4688.7998046875,4690.10009765625,4684.89990234375,4686.60009765625,580
2026-04-28 03:30:00+00:00,4686.0,4689.2998046875,4685.5,4689.2998046875,374
2026-04-28 03:45:00+00:00,4685.60009765625,4686.2998046875,4683.0,4685.60009765625,415
2026-04-28 04:00:00+00:00,4683.39990234375,4685.10009765625,4680.2998046875,4684.60009765625,733
2026-04-28 04:15:00+00:00,4681.2001953125,4683.5,4679.7001953125,4683.0,404
2026-04-28 04:30:00+00:00,4683.2001953125,4683.5,4680.10009765625,4681.10009765625,556
2026-04-28 04:45:00+00:00,4681.2998046875,4683.60009765625,4680.60009765625,4683.2001953125,305
2026-04-28 05:00:00+00:00,4666.2001953125,4681.5,4661.0,4681.39990234375,2908
2026-04-28 05:15:00+00:00,4672.2001953125,4673.2001953125,4664.7998046875,4665.89990234375,1008
2026-04-28 05:30:00+00:00,4638.7998046875,4672.2001953125,4638.60009765625,4672.2001953125,4053
2026-04-28 05:45:00+00:00,4646.60009765625,4648.60009765625,4638.0,4638.89990234375,1755
2026-04-28 06:00:00+00:00,4654.7998046875,4656.89990234375,4639.2998046875,4645.89990234375,1788
2026-04-28 06:15:00+00:00,4645.0,4655.10009765625,4636.5,4655.10009765625,1608
2026-04-28 06:30:00+00:00,4643.2998046875,4648.2998046875,4639.0,4645.0,1695
2026-04-28 06:45:00+00:00,4642.7001953125,4646.0,4636.89990234375,4643.60009765625,2378
2026-04-28 07:00:00+00:00,4648.0,4653.2998046875,4641.5,4642.60009765625,1895
2026-04-28 07:15:00+00:00,4643.7001953125,4648.60009765625,4641.2001953125,4647.7998046875,1071
2026-04-28 07:30:00+00:00,4643.2998046875,4649.39990234375,4640.0,4643.89990234375,1144
2026-04-28 07:45:00+00:00,4646.60009765625,4647.39990234375,4634.39990234375,4643.2998046875,1684
2026-04-28 08:00:00+00:00,4634.10009765625,4647.39990234375,4628.2998046875,4647.0,2496
2026-04-28 08:15:00+00:00,4640.60009765625,4640.89990234375,4633.0,4634.2001953125,1122
2026-04-28 08:30:00+00:00,4641.89990234375,4649.39990234375,4640.39990234375,4640.7001953125,1598
2026-04-28 08:45:00+00:00,4643.60009765625,4644.5,4638.10009765625,4641.7001953125,951
2026-04-28 09:00:00+00:00,4639.39990234375,4644.0,4635.2998046875,4643.39990234375,979
2026-04-28 09:15:00+00:00,4631.89990234375,4640.0,4626.39990234375,4638.7998046875,1643
2026-04-28 09:30:00+00:00,4627.39990234375,4633.10009765625,4621.5,4631.89990234375,2865
2026-04-28 09:45:00+00:00,4618.60009765625,4629.2998046875,4617.7001953125,4627.39990234375,1609
2026-04-28 10:00:00+00:00,4626.39990234375,4627.10009765625,4618.0,4618.39990234375,1034
2026-04-28 10:15:00+00:00,4625.5,4630.5,4624.39990234375,4626.2001953125,1009
2026-04-28 10:30:00+00:00,4626.7998046875,4629.5,4624.89990234375,4625.10009765625,718
2026-04-28 10:45:00+00:00,4616.7001953125,4629.2001953125,4616.7001953125,4627.0,1524
2026-04-28 11:00:00+00:00,4612.10009765625,4622.39990234375,4610.5,4616.60009765625,2091
2026-04-28 11:15:00+00:00,4613.10009765625,4617.5,4607.10009765625,4611.7001953125,2884
2026-04-28 11:30:00+00:00,4585.10009765625,4613.39990234375,4581.10009765625,4612.89990234375,4937
2026-04-28 11:45:00+00:00,4575.2001953125,4587.39990234375,4568.0,4584.89990234375,4713
2026-04-28 12:00:00+00:00,4594.7998046875,4594.7998046875,4567.60009765625,4575.60009765625,4376
2026-04-28 12:15:00+00:00,4593.39990234375,4611.10009765625,4587.0,4594.7998046875,4678
2026-04-28 12:30:00+00:00,4600.0,4601.7001953125,4583.2998046875,4593.2001953125,2458
2026-04-28 12:45:00+00:00,4607.39990234375,4613.7998046875,4597.0,4600.0,3228
2026-04-28 13:00:00+00:00,4589.39990234375,4608.2001953125,4584.2998046875,4607.0,3762
2026-04-28 13:15:00+00:00,4594.5,4598.0,4584.89990234375,4589.2001953125,2325
2026-04-28 13:30:00+00:00,4594.7001953125,4604.7998046875,4583.7001953125,4594.2998046875,3389
2026-04-28 13:45:00+00:00,4593.39990234375,4606.2998046875,4587.7001953125,4595.2001953125,2866
2026-04-28 14:00:00+00:00,4581.7001953125,4594.0,4576.5,4593.0,4377
2026-04-28 14:15:00+00:00,4585.0,4591.39990234375,4576.0,4581.39990234375,2749
2026-04-28 14:30:00+00:00,4577.39990234375,4592.0,4570.0,4585.2001953125,3486
2026-04-28 14:45:00+00:00,4588.2998046875,4588.2998046875,4571.0,4577.2998046875,3421
2026-04-28 15:00:00+00:00,4586.60009765625,4595.39990234375,4583.7001953125,4587.89990234375,2383
2026-04-28 15:15:00+00:00,4591.0,4591.0,4580.5,4586.5,2421
2026-04-28 15:30:00+00:00,4591.60009765625,4595.2001953125,4584.2001953125,4590.10009765625,1870
2026-04-28 15:45:00+00:00,4600.10009765625,4600.2001953125,4590.2998046875,4591.60009765625,1556
2026-04-28 16:00:00+00:00,4599.2998046875,4600.60009765625,4595.7998046875,4600.0,1069
2026-04-28 16:15:00+00:00,4596.7998046875,4599.60009765625,4591.39990234375,4599.0,1585
2026-04-28 16:30:00+00:00,4599.10009765625,4601.7001953125,4594.60009765625,4597.0,973
2026-04-28 16:45:00+00:00,4606.2001953125,4608.7998046875,4597.7998046875,4599.10009765625,1889
2026-04-28 17:00:00+00:00,4607.5,4608.89990234375,4602.39990234375,4606.2998046875,1187
2026-04-28 17:15:00+00:00,4607.7998046875,4611.39990234375,4601.0,4608.0,2937
2026-04-28 17:30:00+00:00,4613.39990234375,4615.89990234375,4607.7001953125,4607.89990234375,1945
2026-04-28 17:45:00+00:00,4609.0,4614.60009765625,4608.2998046875,4613.10009765625,743
2026-04-28 18:00:00+00:00,4610.0,4612.7001953125,4606.0,4609.39990234375,566
2026-04-28 18:15:00+00:00,4613.2001953125,4614.7998046875,4610.2001953125,4610.5,787
2026-04-28 18:30:00+00:00,4612.10009765625,4613.2998046875,4607.5,4613.2001953125,431
2026-04-28 18:45:00+00:00,4608.39990234375,4613.10009765625,4607.2001953125,4612.2001953125,421
2026-04-28 19:00:00+00:00,4609.89990234375,4612.89990234375,4608.10009765625,4608.5,536
2026-04-28 19:15:00+00:00,4610.60009765625,4611.5,4607.89990234375,4609.7001953125,328
2026-04-28 19:30:00+00:00,4612.7001953125,4614.10009765625,4608.89990234375,4610.5,368
2026-04-28 19:45:00+00:00,4609.60009765625,4613.5,4607.2998046875,4612.7001953125,899
2026-04-28 20:00:00+00:00,4611.2998046875,4612.89990234375,4608.7998046875,4609.39990234375,380
2026-04-28 20:15:00+00:00,4607.5,4612.2001953125,4605.7001953125,4611.2998046875,473
2026-04-28 20:30:00+00:00,4608.10009765625,4609.89990234375,4607.10009765625,4607.5,231
2026-04-28 20:45:00+00:00,4609.60009765625,4611.7001953125,4607.2001953125,4608.2001953125,333
2026-04-28 22:00:00+00:00,4610.7001953125,4614.0,4608.10009765625,4611.39990234375,223
2026-04-28 22:15:00+00:00,4610.0,4611.2001953125,4609.2001953125,4610.7998046875,173
2026-04-28 22:30:00+00:00,4607.7998046875,4611.5,4607.0,4610.10009765625,166
2026-04-28 22:45:00+00:00,4607.7998046875,4609.10009765625,4606.2998046875,4607.2998046875,156
2026-04-28 23:00:00+00:00,4605.10009765625,4608.2998046875,4603.2001953125,4608.2998046875,253
2026-04-28 23:15:00+00:00,4605.39990234375,4607.10009765625,4604.10009765625,4604.7998046875,147
2026-04-28 23:30:00+00:00,4604.10009765625,4607.7001953125,4602.0,4606.0,286
2026-04-28 23:45:00+00:00,4609.7001953125,4610.5,4603.0,4604.2998046875,341
2026-04-29 00:00:00+00:00,4621.2998046875,4624.2998046875,4608.7998046875,4609.5,1457
2026-04-29 00:15:00+00:00,4613.2998046875,4621.7001953125,4612.10009765625,4621.10009765625,775
2026-04-29 00:30:00+00:00,4617.39990234375,4618.60009765625,4613.0,4614.0,346
2026-04-29 00:45:00+00:00,4613.7001953125,4617.60009765625,4609.60009765625,4617.10009765625,513
2026-04-29 01:00:00+00:00,4596.7001953125,4613.5,4589.10009765625,4613.5,2410
2026-04-29 01:15:00+00:00,4594.39990234375,4600.60009765625,4593.0,4595.7998046875,672
2026-04-29 01:30:00+00:00,4603.89990234375,4605.2001953125,4592.2001953125,4593.5,892
2026-04-29 01:45:00+00:00,4598.10009765625,4605.39990234375,4594.0,4603.7998046875,770
2026-04-29 02:00:00+00:00,4614.7998046875,4615.89990234375,4598.5,4598.5,1209
2026-04-29 02:15:00+00:00,4613.10009765625,4617.7001953125,4612.0,4614.5,723
2026-04-29 02:30:00+00:00,4610.10009765625,4616.0,4609.0,4613.2001953125,572
2026-04-29 02:45:00+00:00,4606.89990234375,4614.7001953125,4605.5,4610.60009765625,541
2026-04-29 03:00:00+00:00,4615.5,4616.39990234375,4606.10009765625,4606.89990234375,535
2026-04-29 03:15:00+00:00,4612.10009765625,4616.7001953125,4610.89990234375,4615.2998046875,410
2026-04-29 03:30:00+00:00,4607.60009765625,4612.60009765625,4606.0,4612.60009765625,233
2026-04-29 03:45:00+00:00,4609.60009765625,4610.10009765625,4605.7001953125,4607.7998046875,426
2026-04-29 04:00:00+00:00,4614.2998046875,4617.10009765625,4609.10009765625,4609.10009765625,364
2026-04-29 04:15:00+00:00,4615.39990234375,4615.39990234375,4610.89990234375,4614.60009765625,428
2026-04-29 04:30:00+00:00,4615.7001953125,4619.2998046875,4615.2001953125,4615.2998046875,557
2026-04-29 04:45:00+00:00,4618.10009765625,4619.2998046875,4616.0,4616.0,277
2026-04-29 05:00:00+00:00,4614.5,4621.2998046875,4614.0,4618.60009765625,433
2026-04-29 05:15:00+00:00,4614.2001953125,4616.10009765625,4612.2001953125,4614.89990234375,189
2026-04-29 05:30:00+00:00,4612.60009765625,4615.0,4607.5,4614.60009765625,403
2026-04-29 05:45:00+00:00,4604.7001953125,4616.7998046875,4604.39990234375,4612.7998046875,724
2026-04-29 06:00:00+00:00,4602.7001953125,4612.2998046875,4601.2001953125,4604.5,1275
2026-04-29 06:15:00+00:00,4599.39990234375,4603.39990234375,4595.60009765625,4602.5,1503
2026-04-29 06:30:00+00:00,4598.89990234375,4601.39990234375,4594.89990234375,4599.39990234375,796
2026-04-29 06:45:00+00:00,4598.10009765625,4600.7001953125,4594.7998046875,4598.89990234375,526
2026-04-29 07:00:00+00:00,4592.60009765625,4603.2001953125,4590.7998046875,4598.10009765625,1362
2026-04-29 07:15:00+00:00,4589.60009765625,4595.5,4583.5,4593.2001953125,1582
2026-04-29 07:30:00+00:00,4584.39990234375,4593.10009765625,4583.0,4589.5,2019
2026-04-29 07:45:00+00:00,4581.39990234375,4586.2998046875,4580.5,4584.60009765625,1159
2026-04-29 08:00:00+00:00,4578.39990234375,4586.7001953125,4577.7998046875,4581.60009765625,1425
2026-04-29 08:15:00+00:00,4579.5,4585.0,4578.7001953125,4578.7001953125,919
2026-04-29 08:30:00+00:00,4581.60009765625,4582.0,4570.5,4579.10009765625,1672
2026-04-29 08:45:00+00:00,4586.10009765625,4590.0,4581.2998046875,4581.2998046875,1097
2026-04-29 09:00:00+00:00,4586.89990234375,4588.7001953125,4583.39990234375,4586.5,1052
2026-04-29 09:15:00+00:00,4578.7998046875,4594.2998046875,4578.7998046875,4587.0,1395
2026-04-29 09:30:00+00:00,4571.89990234375,4582.7998046875,4571.89990234375,4578.7001953125,1400
2026-04-29 09:45:00+00:00,4568.2998046875,4575.2001953125,4564.5,4572.5,2479
2026-04-29 10:00:00+00:00,4581.10009765625,4581.5,4567.60009765625,4568.10009765625,1134
2026-04-29 10:15:00+00:00,4584.89990234375,4586.5,4581.2001953125,4581.39990234375,1067
2026-04-29 10:30:00+00:00,4579.10009765625,4589.5,4579.0,4585.7998046875,923
2026-04-29 10:45:00+00:00,4582.7001953125,4583.7001953125,4576.7001953125,4579.39990234375,860
2026-04-29 11:00:00+00:00,4580.89990234375,4585.60009765625,4577.89990234375,4583.0,765
2026-04-29 11:15:00+00:00,4577.60009765625,4583.0,4576.7998046875,4581.10009765625,586
2026-04-29 11:30:00+00:00,4579.7998046875,4585.0,4576.2998046875,4577.39990234375,856
2026-04-29 11:45:00+00:00,4574.7001953125,4579.5,4571.89990234375,4579.5,858
2026-04-29 12:00:00+00:00,4578.2001953125,4581.39990234375,4573.2998046875,4574.2001953125,846
2026-04-29 12:15:00+00:00,4572.60009765625,4582.10009765625,4572.10009765625,4578.89990234375,1091
2026-04-29 12:30:00+00:00,4570.60009765625,4573.2001953125,4563.0,4572.39990234375,2135
2026-04-29 12:45:00+00:00,4557.39990234375,4572.7998046875,4552.89990234375,4570.39990234375,2596
2026-04-29 13:00:00+00:00,4562.39990234375,4566.0,4558.10009765625,4558.39990234375,1776
2026-04-29 13:15:00+00:00,4550.7998046875,4564.39990234375,4546.7998046875,4562.5,3283
2026-04-29 13:30:00+00:00,4527.2001953125,4552.7001953125,4525.2998046875,4550.7998046875,5735
2026-04-29 13:45:00+00:00,4534.7001953125,4543.0,4522.2001953125,4526.89990234375,4847
2026-04-29 14:00:00+00:00,4538.7001953125,4540.7998046875,4530.2998046875,4534.7001953125,3646
2026-04-29 14:15:00+00:00,4545.89990234375,4550.2001953125,4536.60009765625,4538.39990234375,3766
2026-04-29 14:30:00+00:00,4551.2001953125,4556.39990234375,4543.39990234375,4545.7001953125,2173
2026-04-29 14:45:00+00:00,4551.89990234375,4553.5,4544.89990234375,4551.7998046875,1763
2026-04-29 15:00:00+00:00,4550.5,4560.0,4548.60009765625,4551.89990234375,2753
2026-04-29 15:15:00+00:00,4556.39990234375,4559.10009765625,4548.60009765625,4550.7998046875,1808
2026-04-29 15:30:00+00:00,4565.7998046875,4569.60009765625,4552.60009765625,4556.0,2922
2026-04-29 15:45:00+00:00,4560.2001953125,4572.0,4555.0,4566.2001953125,3428
2026-04-29 16:00:00+00:00,4572.0,4578.2998046875,4560.0,4560.60009765625,2431
2026-04-29 16:15:00+00:00,4573.60009765625,4577.60009765625,4570.0,4572.39990234375,1769
2026-04-29 16:30:00+00:00,4563.89990234375,4573.5,4559.2998046875,4573.2998046875,2378
2026-04-29 16:45:00+00:00,4559.0,4565.39990234375,4557.2001953125,4563.89990234375,1174
2026-04-29 17:00:00+00:00,4564.5,4566.2001953125,4556.7001953125,4559.39990234375,1357
2026-04-29 17:15:00+00:00,4561.0,4568.5,4559.7998046875,4564.5,3269
2026-04-29 17:30:00+00:00,4559.0,4562.7001953125,4556.7001953125,4560.89990234375,1062
2026-04-29 17:45:00+00:00,4561.7998046875,4561.7998046875,4555.89990234375,4558.60009765625,974
2026-04-29 18:00:00+00:00,4539.60009765625,4567.0,4539.2998046875,4561.2001953125,3256
2026-04-29 18:15:00+00:00,4547.5,4554.0,4539.10009765625,4539.39990234375,1727
2026-04-29 18:30:00+00:00,4534.5,4554.89990234375,4534.10009765625,4547.60009765625,2946
2026-04-29 18:45:00+00:00,4552.7001953125,4555.60009765625,4532.0,4534.2998046875,1832
2026-04-29 19:00:00+00:00,4562.10009765625,4563.2998046875,4547.39990234375,4553.10009765625,1482
2026-04-29 19:15:00+00:00,4556.7998046875,4565.0,4555.2001953125,4561.7998046875,1023
2026-04-29 19:30:00+00:00,4552.89990234375,4559.0,4551.5,4556.5,976
2026-04-29 19:45:00+00:00,4560.7998046875,4563.60009765625,4552.89990234375,4553.10009765625,1319
2026-04-29 20:00:00+00:00,4559.5,4567.2998046875,4556.7001953125,4561.2001953125,1493
2026-04-29 20:15:00+00:00,4556.7001953125,4561.60009765625,4555.0,4559.5,536
2026-04-29 20:30:00+00:00,4557.7001953125,4560.39990234375,4556.10009765625,4556.7998046875,139
2026-04-29 20:45:00+00:00,4557.2998046875,4558.2998046875,4555.2001953125,4557.2001953125,222
2026-04-29 22:00:00+00:00,4558.5,4560.7998046875,4550.7998046875,4557.0,248
2026-04-29 22:15:00+00:00,4560.7001953125,4562.7998046875,4558.10009765625,4558.10009765625,266
2026-04-29 22:30:00+00:00,4560.0,4564.10009765625,4559.2998046875,4560.2001953125,223
2026-04-29 22:45:00+00:00,4563.60009765625,4564.89990234375,4559.60009765625,4559.60009765625,129
2026-04-29 23:00:00+00:00,4565.0,4566.10009765625,4562.2998046875,4564.5,109
2026-04-29 23:15:00+00:00,4563.7001953125,4566.89990234375,4561.60009765625,4565.5,228
2026-04-29 23:30:00+00:00,4566.39990234375,4567.0,4563.2998046875,4563.2998046875,122
2026-04-29 23:45:00+00:00,4573.7998046875,4574.2001953125,4565.89990234375,4566.7001953125,414
2026-04-30 00:00:00+00:00,4570.0,4581.5,4569.5,4573.60009765625,1144
2026-04-30 00:15:00+00:00,4575.89990234375,4577.0,4568.2001953125,4570.0,961
2026-04-30 00:30:00+00:00,4578.7998046875,4579.2001953125,4574.5,4576.0,343
2026-04-30 00:45:00+00:00,4582.0,4586.2998046875,4578.89990234375,4579.2998046875,899
2026-04-30 01:00:00+00:00,4580.2998046875,4583.39990234375,4576.39990234375,4581.7001953125,676
2026-04-30 01:15:00+00:00,4591.39990234375,4592.7998046875,4577.2998046875,4580.7001953125,948
2026-04-30 01:30:00+00:00,4587.89990234375,4593.5,4582.7001953125,4592.60009765625,1050
2026-04-30 01:45:00+00:00,4590.7998046875,4594.10009765625,4585.5,4588.10009765625,796
2026-04-30 02:00:00+00:00,4591.2001953125,4593.7998046875,4586.39990234375,4591.10009765625,704
2026-04-30 02:15:00+00:00,4584.39990234375,4592.5,4583.0,4591.2001953125,661
2026-04-30 02:30:00+00:00,4573.2998046875,4585.7998046875,4571.5,4584.39990234375,1521
2026-04-30 02:45:00+00:00,4576.39990234375,4576.7998046875,4571.10009765625,4573.2001953125,666
2026-04-30 03:00:00+00:00,4576.7001953125,4581.0,4573.89990234375,4576.39990234375,620
2026-04-30 03:15:00+00:00,4574.7001953125,4578.60009765625,4574.10009765625,4577.0,339
2026-04-30 03:30:00+00:00,4572.7998046875,4575.2001953125,4568.60009765625,4575.10009765625,785
2026-04-30 03:45:00+00:00,4567.89990234375,4572.10009765625,4566.89990234375,4572.10009765625,507
2026-04-30 04:00:00+00:00,4566.5,4568.0,4562.2001953125,4567.39990234375,551
2026-04-30 04:15:00+00:00,4558.89990234375,4568.0,4557.10009765625,4566.60009765625,575
2026-04-30 04:30:00+00:00,4556.0,4558.7001953125,4552.2001953125,4558.39990234375,708
2026-04-30 04:45:00+00:00,4553.2001953125,4560.7001953125,4553.2001953125,4556.0,809
2026-04-30 05:00:00+00:00,4564.10009765625,4565.0,4553.0,4553.7001953125,574
2026-04-30 05:15:00+00:00,4566.5,4570.2001953125,4563.10009765625,4564.5,512
2026-04-30 05:30:00+00:00,4575.0,4577.89990234375,4564.89990234375,4567.10009765625,907
2026-04-30 05:45:00+00:00,4573.7001953125,4581.0,4573.2998046875,4574.60009765625,754
2026-04-30 06:00:00+00:00,4577.2001953125,4579.10009765625,4570.89990234375,4573.7001953125,1477
2026-04-30 06:15:00+00:00,4581.7001953125,4582.7998046875,4574.7001953125,4577.10009765625,1315
2026-04-30 06:30:00+00:00,4586.10009765625,4590.7998046875,4581.2998046875,4581.2998046875,1899
2026-04-30 06:45:00+00:00,4601.60009765625,4603.7001953125,4586.39990234375,4586.5,1941
2026-04-30 07:00:00+00:00,4603.5,4608.0,4598.0,4601.7998046875,1657
2026-04-30 07:15:00+00:00,4603.60009765625,4605.89990234375,4596.5,4603.5,1326
2026-04-30 07:30:00+00:00,4608.39990234375,4609.89990234375,4599.7001953125,4603.7998046875,1384
2026-04-30 07:45:00+00:00,4610.60009765625,4617.2998046875,4605.2998046875,4608.2998046875,2162
2026-04-30 08:00:00+00:00,4630.89990234375,4641.39990234375,4609.2001953125,4610.5,3952
2026-04-30 08:15:00+00:00,4629.60009765625,4632.39990234375,4623.60009765625,4630.7998046875,1691
2026-04-30 08:30:00+00:00,4626.7001953125,4632.89990234375,4625.60009765625,4629.2001953125,1416
2026-04-30 08:45:00+00:00,4628.39990234375,4630.89990234375,4626.2001953125,4627.2998046875,804
2026-04-30 09:00:00+00:00,4631.0,4632.5,4626.2998046875,4628.7001953125,1163
2026-04-30 09:15:00+00:00,4637.5,4638.89990234375,4627.5,4631.2001953125,992
2026-04-30 09:30:00+00:00,4631.0,4644.60009765625,4630.2998046875,4637.5,3042
2026-04-30 09:45:00+00:00,4637.2001953125,4639.0,4629.7998046875,4631.2998046875,1175
2026-04-30 10:00:00+00:00,4638.2998046875,4641.2001953125,4635.5,4637.2001953125,872
2026-04-30 10:15:00+00:00,4655.60009765625,4656.5,4638.0,4638.7998046875,2159
2026-04-30 10:30:00+00:00,4648.39990234375,4658.7998046875,4645.89990234375,4655.5,1796
2026-04-30 10:45:00+00:00,4651.7001953125,4651.89990234375,4645.7001953125,4648.2001953125,1290
2026-04-30 11:00:00+00:00,4648.0,4658.0,4648.0,4651.89990234375,1670
2026-04-30 11:15:00+00:00,4650.7001953125,4655.60009765625,4642.7998046875,4648.10009765625,2960
2026-04-30 11:30:00+00:00,4642.89990234375,4651.0,4639.5,4650.39990234375,2319
2026-04-30 11:45:00+00:00,4643.0,4648.10009765625,4641.0,4642.60009765625,1290
2026-04-30 12:00:00+00:00,4648.2998046875,4650.2001953125,4642.7001953125,4643.2998046875,1282
2026-04-30 12:15:00+00:00,4643.89990234375,4650.39990234375,4641.10009765625,4648.7998046875,2319
2026-04-30 12:30:00+00:00,4638.2998046875,4649.60009765625,4635.0,4643.5,2079
2026-04-30 12:45:00+00:00,4652.39990234375,4652.7001953125,4637.2001953125,4638.2001953125,1756
2026-04-30 13:00:00+00:00,4654.0,4657.2998046875,4647.2998046875,4652.5,2412
2026-04-30 13:15:00+00:00,4646.10009765625,4658.60009765625,4645.7001953125,4654.10009765625,2074
2026-04-30 13:30:00+00:00,4638.2998046875,4647.7998046875,4632.60009765625,4645.89990234375,3390
2026-04-30 13:45:00+00:00,4623.10009765625,4637.89990234375,4622.39990234375,4637.89990234375,2670
2026-04-30 14:00:00+00:00,4632.7998046875,4638.0,4621.2998046875,4623.2001953125,3233
2026-04-30 14:15:00+00:00,4635.39990234375,4638.7001953125,4628.39990234375,4632.39990234375,2109
2026-04-30 14:30:00+00:00,4630.2998046875,4634.60009765625,4622.60009765625,4634.60009765625,2610
2026-04-30 14:45:00+00:00,4632.5,4636.5,4629.2998046875,4630.0,1506
2026-04-30 15:00:00+00:00,4632.5,4636.89990234375,4627.5,4633.2998046875,1399
2026-04-30 15:15:00+00:00,4635.60009765625,4637.10009765625,4628.0,4632.7998046875,1176
2026-04-30 15:30:00+00:00,4628.5,4637.7998046875,4626.0,4635.2998046875,1390
2026-04-30 15:45:00+00:00,4628.10009765625,4630.2001953125,4623.7001953125,4628.39990234375,1037
2026-04-30 16:00:00+00:00,4624.2998046875,4630.60009765625,4622.39990234375,4628.2001953125,852
2026-04-30 16:15:00+00:00,4620.60009765625,4624.39990234375,4618.0,4624.10009765625,1215
2026-04-30 16:30:00+00:00,4622.10009765625,4626.7001953125,4619.7001953125,4620.5,1570
2026-04-30 16:45:00+00:00,4620.39990234375,4631.10009765625,4618.39990234375,4621.7998046875,2850
2026-04-30 17:00:00+00:00,4628.89990234375,4632.89990234375,4620.7998046875,4620.89990234375,1944
2026-04-30 17:15:00+00:00,4630.89990234375,4633.89990234375,4626.0,4628.89990234375,2756
2026-04-30 17:30:00+00:00,4630.60009765625,4635.0,4627.7001953125,4630.7001953125,1278
2026-04-30 17:45:00+00:00,4629.7998046875,4632.60009765625,4628.2001953125,4630.7001953125,439
2026-04-30 18:00:00+00:00,4633.39990234375,4638.10009765625,4629.60009765625,4630.0,1193
2026-04-30 18:15:00+00:00,4633.5,4638.5,4632.7001953125,4633.7001953125,672
2026-04-30 18:30:00+00:00,4633.7001953125,4636.7998046875,4632.0,4634.0,576
2026-04-30 18:45:00+00:00,4635.39990234375,4638.2998046875,4633.10009765625,4633.5,530
2026-04-30 19:00:00+00:00,4637.60009765625,4640.2998046875,4635.39990234375,4635.5,668
2026-04-30 19:15:00+00:00,4630.5,4638.5,4630.0,4637.2998046875,574
2026-04-30 19:30:00+00:00,4635.7998046875,4636.10009765625,4628.2001953125,4631.5,682
2026-04-30 19:45:00+00:00,4630.0,4636.60009765625,4627.7001953125,4635.5,884
2026-04-30 20:00:00+00:00,4629.2001953125,4633.5,4628.7998046875,4630.39990234375,523
2026-04-30 20:15:00+00:00,4629.60009765625,4632.39990234375,4628.89990234375,4629.5,249
2026-04-30 20:30:00+00:00,4630.10009765625,4631.60009765625,4628.2998046875,4629.5,167
2026-04-30 20:45:00+00:00,4636.0,4636.0,4629.7001953125,4630.0,299
2026-04-30 22:00:00+00:00,4644.2001953125,4652.0,4636.89990234375,4636.89990234375,242
2026-04-30 22:15:00+00:00,4643.89990234375,4644.2998046875,4641.5,4643.60009765625,175
2026-04-30 22:30:00+00:00,4644.7998046875,4644.7998046875,4639.2998046875,4644.60009765625,386
2026-04-30 22:45:00+00:00,4642.7001953125,4644.7001953125,4640.89990234375,4644.5,344
2026-04-30 23:00:00+00:00,4642.7998046875,4644.10009765625,4640.7001953125,4643.2001953125,318
2026-04-30 23:15:00+00:00,4643.2001953125,4644.60009765625,4641.60009765625,4642.39990234375,181
2026-04-30 23:30:00+00:00,4643.89990234375,4646.7998046875,4643.39990234375,4643.5,310
2026-04-30 23:45:00+00:00,4638.89990234375,4645.7001953125,4638.7998046875,4643.7001953125,351
2026-05-01 00:00:00+00:00,4633.7998046875,4643.5,4632.7998046875,4639.0,494
2026-05-01 00:15:00+00:00,4635.7998046875,4640.7001953125,4633.39990234375,4634.39990234375,319
2026-05-01 00:30:00+00:00,4632.39990234375,4637.39990234375,4630.5,4635.7998046875,355
2026-05-01 00:45:00+00:00,4631.7998046875,4637.2001953125,4631.7998046875,4632.89990234375,246
2026-05-01 01:00:00+00:00,4630.60009765625,4633.2001953125,4627.60009765625,4631.60009765625,535
2026-05-01 01:15:00+00:00,4628.2001953125,4631.2001953125,4625.89990234375,4630.89990234375,354
2026-05-01 01:30:00+00:00,4631.89990234375,4634.10009765625,4627.7001953125,4628.39990234375,607
2026-05-01 01:45:00+00:00,4632.60009765625,4634.0,4630.39990234375,4631.7001953125,208
2026-05-01 02:00:00+00:00,4642.60009765625,4646.39990234375,4631.5,4632.60009765625,761
2026-05-01 02:15:00+00:00,4641.10009765625,4648.10009765625,4640.10009765625,4642.89990234375,634
2026-05-01 02:30:00+00:00,4635.89990234375,4642.7001953125,4635.10009765625,4641.60009765625,546
2026-05-01 02:45:00+00:00,4630.5,4636.10009765625,4628.0,4635.60009765625,667
2026-05-01 03:00:00+00:00,4632.2001953125,4632.89990234375,4628.89990234375,4630.10009765625,414
2026-05-01 03:15:00+00:00,4637.7001953125,4638.2998046875,4632.2001953125,4632.2998046875,356
2026-05-01 03:30:00+00:00,4637.39990234375,4643.5,4636.7998046875,4638.0,685
2026-05-01 03:45:00+00:00,4638.60009765625,4639.7001953125,4636.7998046875,4638.0,200
2026-05-01 04:00:00+00:00,4633.2998046875,4640.2998046875,4631.10009765625,4637.7998046875,595
2026-05-01 04:15:00+00:00,4628.89990234375,4634.60009765625,4628.60009765625,4632.89990234375,459
2026-05-01 04:30:00+00:00,4624.7998046875,4629.89990234375,4623.39990234375,4628.89990234375,1136
2026-05-01 04:45:00+00:00,4620.39990234375,4625.7998046875,4620.2998046875,4625.0,319
2026-05-01 05:00:00+00:00,4625.10009765625,4626.10009765625,4618.5,4620.7001953125,550
2026-05-01 05:15:00+00:00,4626.0,4628.2001953125,4622.39990234375,4625.2998046875,294
2026-05-01 05:30:00+00:00,4621.2001953125,4626.60009765625,4620.5,4626.10009765625,464
2026-05-01 05:45:00+00:00,4616.2001953125,4624.7001953125,4614.10009765625,4620.7001953125,649
2026-05-01 06:00:00+00:00,4613.2998046875,4619.39990234375,4612.10009765625,4616.2001953125,820
2026-05-01 06:15:00+00:00,4605.2998046875,4613.7001953125,4604.7998046875,4613.2998046875,925
2026-05-01 06:30:00+00:00,4604.7998046875,4609.2001953125,4602.2001953125,4605.39990234375,768
2026-05-01 06:45:00+00:00,4606.7998046875,4607.7001953125,4602.7001953125,4604.7998046875,607
2026-05-01 07:00:00+00:00,4607.60009765625,4608.2001953125,4600.60009765625,4606.0,1028
2026-05-01 07:15:00+00:00,4603.7998046875,4609.7001953125,4596.7001953125,4607.2998046875,1523
2026-05-01 07:30:00+00:00,4597.10009765625,4603.89990234375,4595.2001953125,4603.89990234375,705
2026-05-01 07:45:00+00:00,4589.5,4597.60009765625,4586.7998046875,4596.7001953125,1301
2026-05-01 08:00:00+00:00,4585.10009765625,4594.0,4583.7998046875,4589.7001953125,1063
2026-05-01 08:15:00+00:00,4579.0,4588.39990234375,4578.0,4585.0,950
2026-05-01 08:30:00+00:00,4581.89990234375,4583.5,4577.2998046875,4578.5,834
2026-05-01 08:45:00+00:00,4580.2998046875,4583.89990234375,4575.89990234375,4581.89990234375,694
2026-05-01 09:00:00+00:00,4576.60009765625,4580.10009765625,4575.2001953125,4580.10009765625,573
2026-05-01 09:15:00+00:00,4580.39990234375,4582.2998046875,4575.5,4576.60009765625,720
2026-05-01 09:30:00+00:00,4581.39990234375,4584.0,4578.5,4579.89990234375,769
2026-05-01 09:45:00+00:00,4573.60009765625,4581.89990234375,4570.0,4581.89990234375,1159
2026-05-01 10:00:00+00:00,4577.5,4578.89990234375,4572.39990234375,4573.7001953125,556
2026-05-01 10:15:00+00:00,4583.10009765625,4583.60009765625,4577.5,4577.7998046875,488
2026-05-01 10:30:00+00:00,4581.10009765625,4587.39990234375,4578.2998046875,4582.89990234375,784
2026-05-01 10:45:00+00:00,4577.89990234375,4583.10009765625,4576.89990234375,4581.10009765625,376
2026-05-01 11:00:00+00:00,4576.89990234375,4579.7998046875,4573.0,4577.7998046875,578
2026-05-01 11:15:00+00:00,4582.7998046875,4587.5,4575.39990234375,4575.89990234375,772
2026-05-01 11:30:00+00:00,4586.7998046875,4588.7001953125,4581.2998046875,4582.60009765625,636
2026-05-01 11:45:00+00:00,4590.0,4590.60009765625,4583.60009765625,4586.7998046875,698
2026-05-01 12:00:00+00:00,4596.0,4601.89990234375,4586.0,4589.5,1412
2026-05-01 12:15:00+00:00,4614.2001953125,4619.2998046875,4594.10009765625,4596.2001953125,3097
2026-05-01 12:30:00+00:00,4603.10009765625,4614.7001953125,4600.10009765625,4614.5,1871
2026-05-01 12:45:00+00:00,4602.10009765625,4606.5,4600.39990234375,4603.2998046875,1366
2026-05-01 13:00:00+00:00,4602.39990234375,4608.10009765625,4600.60009765625,4601.60009765625,1158
2026-05-01 13:15:00+00:00,4600.2001953125,4604.0,4596.89990234375,4602.2998046875,975
2026-05-01 13:30:00+00:00,4619.10009765625,4620.2998046875,4597.2998046875,4600.2998046875,2260
2026-05-01 13:45:00+00:00,4637.5,4640.89990234375,4609.7998046875,4619.0,3830
2026-05-01 14:00:00+00:00,4668.0,4673.0,4635.7998046875,4636.89990234375,6025
2026-05-01 14:15:00+00:00,4656.2998046875,4672.5,4655.60009765625,4668.0,4586
2026-05-01 14:30:00+00:00,4645.0,4657.89990234375,4642.10009765625,4656.5,3292
2026-05-01 14:45:00+00:00,4643.60009765625,4647.10009765625,4638.7998046875,4644.7998046875,1709
2026-05-01 15:00:00+00:00,4647.5,4647.7998046875,4630.39990234375,4644.0,2762
2026-05-01 15:15:00+00:00,4647.2998046875,4652.0,4645.0,4647.2001953125,1770
2026-05-01 15:30:00+00:00,4654.89990234375,4655.89990234375,4646.39990234375,4647.7998046875,1467
2026-05-01 15:45:00+00:00,4654.39990234375,4659.2001953125,4643.5,4654.7998046875,2565
2026-05-01 16:00:00+00:00,4653.60009765625,4656.60009765625,4649.0,4654.0,810
2026-05-01 16:15:00+00:00,4649.0,4661.2998046875,4648.89990234375,4654.0,1732
2026-05-01 16:30:00+00:00,4650.39990234375,4652.7998046875,4644.89990234375,4649.2001953125,1315
2026-05-01 16:45:00+00:00,4650.60009765625,4654.7998046875,4648.0,4650.2001953125,533
2026-05-01 17:00:00+00:00,4651.60009765625,4654.5,4649.10009765625,4650.2001953125,610
2026-05-01 17:15:00+00:00,4643.39990234375,4652.10009765625,4642.5,4651.7001953125,2912
2026-05-01 17:30:00+00:00,4640.0,4644.5,4638.39990234375,4643.39990234375,1086
2026-05-01 17:45:00+00:00,4641.2998046875,4646.89990234375,4639.10009765625,4639.7998046875,898
2026-05-01 18:00:00+00:00,4627.5,4642.7998046875,4627.5,4641.7001953125,1027
2026-05-01 18:15:00+00:00,4635.5,4636.0,4625.2998046875,4627.5,1114
2026-05-01 18:30:00+00:00,4634.2998046875,4636.2998046875,4627.7998046875,4635.39990234375,744
2026-05-01 18:45:00+00:00,4636.10009765625,4637.7998046875,4632.2001953125,4634.10009765625,534
2026-05-01 19:00:00+00:00,4638.2001953125,4638.2998046875,4632.5,4636.2001953125,328
2026-05-01 19:15:00+00:00,4636.2998046875,4639.60009765625,4636.2998046875,4638.2998046875,282
2026-05-01 19:30:00+00:00,4624.0,4636.2998046875,4623.39990234375,4636.2998046875,1124
2026-05-01 19:45:00+00:00,4623.0,4627.5,4621.0,4623.60009765625,1016
2026-05-01 20:00:00+00:00,4623.2001953125,4625.0,4619.0,4623.0,498
2026-05-01 20:15:00+00:00,4625.2998046875,4628.2001953125,4621.7001953125,4623.5,330
2026-05-01 20:30:00+00:00,4625.7001953125,4627.10009765625,4621.89990234375,4625.10009765625,286
2026-05-01 20:45:00+00:00,4644.5,4644.5,4624.2998046875,4625.89990234375,442
2026-05-03 22:00:00+00:00,4634.60009765625,4635.39990234375,4630.39990234375,4633.2998046875,171
2026-05-03 22:15:00+00:00,4632.2998046875,4634.5,4623.5,4634.39990234375,584
2026-05-03 22:30:00+00:00,4639.89990234375,4640.89990234375,4631.5,4632.2001953125,245
2026-05-03 22:45:00+00:00,4630.7001953125,4640.5,4629.60009765625,4639.2998046875,470
2026-05-03 23:00:00+00:00,4626.10009765625,4632.39990234375,4622.39990234375,4630.0,391
2026-05-03 23:15:00+00:00,4628.2001953125,4629.0,4624.7001953125,4626.60009765625,162
2026-05-03 23:30:00+00:00,4625.10009765625,4630.0,4624.2001953125,4628.10009765625,295
2026-05-03 23:45:00+00:00,4625.0,4628.2998046875,4622.89990234375,4624.0,177
2026-05-04 00:00:00+00:00,4623.39990234375,4627.89990234375,4615.60009765625,4624.7998046875,778
2026-05-04 00:15:00+00:00,4617.0,4625.7998046875,4612.5,4624.0,536
2026-05-04 00:30:00+00:00,4617.5,4621.2998046875,4616.10009765625,4617.2998046875,332
2026-05-04 00:45:00+00:00,4623.60009765625,4625.0,4616.0,4617.2001953125,381
2026-05-04 01:00:00+00:00,4611.7001953125,4625.39990234375,4606.7998046875,4624.7001953125,895
2026-05-04 01:15:00+00:00,4605.7001953125,4615.7998046875,4605.39990234375,4612.0,431
2026-05-04 01:30:00+00:00,4612.39990234375,4612.89990234375,4603.7998046875,4605.39990234375,298
2026-05-04 01:45:00+00:00,4624.2001953125,4624.89990234375,4612.0,4612.5,595
2026-05-04 02:00:00+00:00,4619.2001953125,4629.89990234375,4614.60009765625,4624.0,889
2026-05-04 02:15:00+00:00,4603.7998046875,4618.89990234375,4602.5,4618.89990234375,656
2026-05-04 02:30:00+00:00,4614.7998046875,4615.0,4602.0,4603.7998046875,622
2026-05-04 02:45:00+00:00,4616.89990234375,4622.10009765625,4612.0,4615.0,663
2026-05-04 03:00:00+00:00,4620.5,4623.0,4615.2998046875,4616.60009765625,462
2026-05-04 03:15:00+00:00,4620.89990234375,4622.0,4619.10009765625,4621.60009765625,347
2026-05-04 03:30:00+00:00,4616.2998046875,4622.2998046875,4609.60009765625,4620.39990234375,863
2026-05-04 03:45:00+00:00,4627.7998046875,4627.89990234375,4616.5,4616.5,721
2026-05-04 04:00:00+00:00,4622.2001953125,4626.5,4618.39990234375,4626.5,605
2026-05-04 04:15:00+00:00,4619.2001953125,4624.10009765625,4618.0,4622.5,326
2026-05-04 04:30:00+00:00,4620.2001953125,4624.2001953125,4618.0,4619.2001953125,550
2026-05-04 04:45:00+00:00,4616.60009765625,4621.60009765625,4615.7998046875,4620.39990234375,306
2026-05-04 05:00:00+00:00,4613.89990234375,4617.7001953125,4612.60009765625,4616.0,440
2026-05-04 05:15:00+00:00,4607.2998046875,4624.0,4606.39990234375,4614.7998046875,1273
2026-05-04 05:30:00+00:00,4610.2001953125,4610.2001953125,4603.2998046875,4607.5,702
2026-05-04 05:45:00+00:00,4610.2001953125,4613.2001953125,4605.7998046875,4610.39990234375,565
2026-05-04 06:00:00+00:00,4608.7001953125,4611.89990234375,4598.89990234375,4610.10009765625,992
2026-05-04 06:15:00+00:00,4605.2001953125,4609.10009765625,4600.39990234375,4608.89990234375,587
2026-05-04 06:30:00+00:00,4596.2001953125,4606.7998046875,4594.5,4605.39990234375,745
2026-05-04 06:45:00+00:00,4599.7001953125,4603.5,4594.7998046875,4596.7001953125,690
2026-05-04 07:00:00+00:00,4602.7998046875,4604.39990234375,4596.60009765625,4599.2001953125,658
2026-05-04 07:15:00+00:00,4596.7001953125,4603.7001953125,4594.0,4602.60009765625,517
2026-05-04 07:30:00+00:00,4599.2001953125,4599.2001953125,4593.60009765625,4596.7001953125,571
2026-05-04 07:45:00+00:00,4589.7001953125,4601.89990234375,4588.60009765625,4599.2001953125,740
2026-05-04 08:00:00+00:00,4591.2001953125,4592.10009765625,4585.39990234375,4589.89990234375,888
2026-05-04 08:15:00+00:00,4586.10009765625,4592.0,4584.7998046875,4591.0,1017
2026-05-04 08:30:00+00:00,4589.10009765625,4592.60009765625,4584.5,4585.89990234375,545
2026-05-04 08:45:00+00:00,4587.5,4590.89990234375,4586.89990234375,4589.10009765625,445
2026-05-04 09:00:00+00:00,4594.7998046875,4595.2998046875,4587.10009765625,4587.89990234375,561
2026-05-04 09:15:00+00:00,4592.10009765625,4595.2998046875,4591.39990234375,4595.10009765625,418
2026-05-04 09:30:00+00:00,4592.5,4595.2998046875,4591.39990234375,4592.2001953125,338
2026-05-04 09:45:00+00:00,4586.0,4593.5,4582.0,4592.7001953125,712
2026-05-04 10:00:00+00:00,4552.0,4586.89990234375,4547.2998046875,4586.60009765625,4999
2026-05-04 10:15:00+00:00,4555.60009765625,4555.60009765625,4535.0,4551.89990234375,3547
2026-05-04 10:30:00+00:00,4568.7998046875,4574.5,4553.39990234375,4555.0,3055
2026-05-04 10:45:00+00:00,4573.2001953125,4577.2001953125,4568.39990234375,4569.0,1022
2026-05-04 11:00:00+00:00,4575.7998046875,4581.7998046875,4571.7001953125,4573.5,1298
2026-05-04 11:15:00+00:00,4573.2998046875,4580.7998046875,4572.39990234375,4576.2998046875,738
2026-05-04 11:30:00+00:00,4564.0,4573.2998046875,4562.39990234375,4572.7998046875,1961
2026-05-04 11:45:00+00:00,4571.10009765625,4574.0,4563.89990234375,4563.89990234375,969
2026-05-04 12:00:00+00:00,4575.0,4576.7998046875,4570.39990234375,4571.2998046875,854
2026-05-04 12:15:00+00:00,4579.7001953125,4590.39990234375,4574.2001953125,4575.0,2396
2026-05-04 12:30:00+00:00,4580.7998046875,4582.5,4571.7998046875,4579.2998046875,1138
2026-05-04 12:45:00+00:00,4579.2998046875,4586.5,4576.7998046875,4581.0,1146
2026-05-04 13:00:00+00:00,4577.0,4588.10009765625,4568.0,4579.60009765625,2338
2026-05-04 13:15:00+00:00,4571.39990234375,4578.5,4571.39990234375,4577.0,940
2026-05-04 13:30:00+00:00,4576.2998046875,4581.60009765625,4566.2998046875,4572.0,2197
2026-05-04 13:45:00+00:00,4575.0,4577.60009765625,4568.2001953125,4575.7998046875,1348
2026-05-04 14:00:00+00:00,4571.0,4576.2001953125,4564.39990234375,4574.89990234375,1852
2026-05-04 14:15:00+00:00,4582.89990234375,4593.60009765625,4570.60009765625,4570.89990234375,2668
2026-05-04 14:30:00+00:00,4586.2001953125,4594.7001953125,4581.60009765625,4582.39990234375,1416
2026-05-04 14:45:00+00:00,4572.7001953125,4588.60009765625,4570.60009765625,4585.89990234375,2096
2026-05-04 15:00:00+00:00,4559.60009765625,4577.89990234375,4558.2001953125,4572.7001953125,2523
2026-05-04 15:15:00+00:00,4548.10009765625,4566.7998046875,4524.2998046875,4559.2998046875,8104
2026-05-04 15:30:00+00:00,4545.7001953125,4553.7998046875,4538.0,4548.7001953125,3123
2026-05-04 15:45:00+00:00,4531.60009765625,4545.60009765625,4520.60009765625,4545.2998046875,4563
2026-05-04 16:00:00+00:00,4519.60009765625,4535.7001953125,4510.10009765625,4531.39990234375,5831
2026-05-04 16:15:00+00:00,4525.39990234375,4537.10009765625,4518.60009765625,4519.2001953125,3832
2026-05-04 16:30:00+00:00,4522.2001953125,4529.39990234375,4521.10009765625,4525.2998046875,1602
2026-05-04 16:45:00+00:00,4520.39990234375,4526.2998046875,4517.2001953125,4522.7998046875,1875
2026-05-04 17:00:00+00:00,4532.39990234375,4536.0,4520.89990234375,4521.10009765625,1894
2026-05-04 17:15:00+00:00,4534.10009765625,4541.7998046875,4531.5,4532.2998046875,3760
2026-05-04 17:30:00+00:00,4535.60009765625,4537.60009765625,4531.7998046875,4534.10009765625,899
2026-05-04 17:45:00+00:00,4532.5,4536.5,4531.60009765625,4536.2001953125,702
2026-05-04 18:00:00+00:00,4530.10009765625,4535.2001953125,4528.7998046875,4532.89990234375,556
2026-05-04 18:15:00+00:00,4522.0,4530.39990234375,4519.7001953125,4530.0,1190
2026-05-04 18:30:00+00:00,4521.7998046875,4525.10009765625,4520.39990234375,4522.10009765625,610
2026-05-04 18:45:00+00:00,4526.2998046875,4526.2998046875,4520.7998046875,4522.0,688
2026-05-04 19:00:00+00:00,4528.7001953125,4533.2001953125,4521.0,4525.89990234375,1650
2026-05-04 19:15:00+00:00,4531.89990234375,4535.7001953125,4527.2998046875,4528.7998046875,1133
2026-05-04 19:30:00+00:00,4530.7001953125,4536.89990234375,4530.0,4532.5,761
2026-05-04 19:45:00+00:00,4527.60009765625,4533.0,4525.10009765625,4530.5,1209
2026-05-04 20:00:00+00:00,4524.7001953125,4528.0,4521.2998046875,4527.5,492
2026-05-04 20:15:00+00:00,4524.7001953125,4525.2001953125,4521.39990234375,4524.60009765625,390
2026-05-04 20:30:00+00:00,4528.5,4528.5,4524.7001953125,4525.5,363
2026-05-04 20:45:00+00:00,4532.39990234375,4533.89990234375,4528.60009765625,4528.60009765625,512
2026-05-04 22:00:00+00:00,4530.7998046875,4535.89990234375,4527.60009765625,4534.0,212
2026-05-04 22:15:00+00:00,4529.5,4532.39990234375,4528.89990234375,4531.10009765625,196
2026-05-04 22:30:00+00:00,4528.5,4532.10009765625,4528.2001953125,4529.39990234375,198
2026-05-04 22:45:00+00:00,4527.0,4528.7998046875,4524.7998046875,4528.7998046875,206
2026-05-04 23:00:00+00:00,4529.10009765625,4530.5,4525.7001953125,4526.7998046875,286
2026-05-04 23:15:00+00:00,4530.2998046875,4531.0,4528.5,4529.5,225
2026-05-04 23:30:00+00:00,4527.7998046875,4530.7998046875,4527.60009765625,4530.2001953125,118
2026-05-04 23:45:00+00:00,4528.10009765625,4530.0,4526.0,4528.10009765625,203
2026-05-05 00:00:00+00:00,4537.7001953125,4537.89990234375,4526.7998046875,4528.60009765625,800
2026-05-05 00:15:00+00:00,4526.39990234375,4537.39990234375,4522.7001953125,4537.39990234375,879
2026-05-05 00:30:00+00:00,4533.5,4533.7998046875,4525.2998046875,4525.7001953125,378
2026-05-05 00:45:00+00:00,4538.89990234375,4540.10009765625,4533.5,4533.7998046875,688
2026-05-05 01:00:00+00:00,4548.10009765625,4548.7001953125,4534.5,4538.89990234375,1105
2026-05-05 01:15:00+00:00,4546.89990234375,4549.2001953125,4544.5,4548.5,606
2026-05-05 01:30:00+00:00,4546.2998046875,4551.5,4543.2998046875,4547.2998046875,670
2026-05-05 01:45:00+00:00,4550.39990234375,4550.5,4545.5,4546.0,342
2026-05-05 02:00:00+00:00,4547.7001953125,4552.0,4546.7001953125,4550.5,466
2026-05-05 02:15:00+00:00,4551.10009765625,4551.2998046875,4544.0,4547.60009765625,440
2026-05-05 02:30:00+00:00,4553.7001953125,4555.2001953125,4549.39990234375,4550.7998046875,510
2026-05-05 02:45:00+00:00,4548.2001953125,4556.39990234375,4548.0,4553.89990234375,882
2026-05-05 03:00:00+00:00,4551.2001953125,4551.39990234375,4546.7001953125,4548.10009765625,391
2026-05-05 03:15:00+00:00,4547.39990234375,4551.7001953125,4546.2998046875,4551.39990234375,301
2026-05-05 03:30:00+00:00,4545.0,4548.39990234375,4544.7001953125,4547.0,323
2026-05-05 03:45:00+00:00,4544.7001953125,4546.2001953125,4541.39990234375,4545.10009765625,462
2026-05-05 04:00:00+00:00,4542.10009765625,4544.7998046875,4541.5,4543.5,242
2026-05-05 04:15:00+00:00,4539.0,4542.89990234375,4538.2998046875,4542.2001953125,593
2026-05-05 04:30:00+00:00,4540.89990234375,4543.0,4537.0,4538.7998046875,414
2026-05-05 04:45:00+00:00,4543.0,4545.7998046875,4540.2998046875,4540.7001953125,400
2026-05-05 05:00:00+00:00,4549.60009765625,4554.7998046875,4540.39990234375,4543.0,771
2026-05-05 05:15:00+00:00,4549.2001953125,4549.2998046875,4544.89990234375,4549.2001953125,280
2026-05-05 05:30:00+00:00,4555.39990234375,4561.2001953125,4549.10009765625,4549.2001953125,1217
2026-05-05 05:45:00+00:00,4555.2998046875,4558.2998046875,4552.89990234375,4555.0,531
2026-05-05 06:00:00+00:00,4553.2998046875,4561.5,4551.0,4555.2998046875,1235
2026-05-05 06:15:00+00:00,4546.39990234375,4554.39990234375,4543.2001953125,4553.39990234375,730
2026-05-05 06:30:00+00:00,4556.10009765625,4559.2001953125,4546.0,4546.10009765625,899
2026-05-05 06:45:00+00:00,4557.5,4560.5,4555.39990234375,4556.2998046875,451
2026-05-05 07:00:00+00:00,4563.89990234375,4565.10009765625,4557.2001953125,4557.89990234375,901
2026-05-05 07:15:00+00:00,4558.7001953125,4565.5,4558.0,4563.60009765625,585
2026-05-05 07:30:00+00:00,4560.7998046875,4568.10009765625,4558.7001953125,4558.7001953125,957
2026-05-05 07:45:00+00:00,4555.39990234375,4561.60009765625,4553.2998046875,4561.10009765625,861
2026-05-05 08:00:00+00:00,4561.0,4563.0,4555.2001953125,4555.39990234375,637
2026-05-05 08:15:00+00:00,4560.7998046875,4564.5,4559.0,4560.7001953125,571
2026-05-05 08:30:00+00:00,4559.7001953125,4562.7998046875,4557.60009765625,4561.10009765625,880
2026-05-05 08:45:00+00:00,4568.2001953125,4569.39990234375,4557.7001953125,4559.7001953125,1160
2026-05-05 09:00:00+00:00,4568.0,4570.5,4563.39990234375,4568.60009765625,965
2026-05-05 09:15:00+00:00,4562.60009765625,4567.89990234375,4562.5,4567.89990234375,726
2026-05-05 09:30:00+00:00,4565.60009765625,4568.2001953125,4561.10009765625,4562.60009765625,1410
2026-05-05 09:45:00+00:00,4566.5,4567.5,4562.89990234375,4565.60009765625,404
2026-05-05 10:00:00+00:00,4563.39990234375,4567.2001953125,4560.89990234375,4566.7001953125,593
2026-05-05 10:15:00+00:00,4558.10009765625,4565.10009765625,4557.2998046875,4563.10009765625,547
2026-05-05 10:30:00+00:00,4555.39990234375,4564.5,4554.39990234375,4558.7001953125,843
2026-05-05 10:45:00+00:00,4554.10009765625,4556.2001953125,4550.0,4555.0,803
2026-05-05 11:00:00+00:00,4562.89990234375,4563.39990234375,4550.10009765625,4554.0,912
2026-05-05 11:15:00+00:00,4566.5,4567.7998046875,4560.10009765625,4562.7998046875,818
2026-05-05 11:30:00+00:00,4573.60009765625,4575.2998046875,4565.5,4566.2001953125,1355
2026-05-05 11:45:00+00:00,4572.89990234375,4575.5,4569.39990234375,4574.0,781
2026-05-05 12:00:00+00:00,4575.2998046875,4577.2998046875,4564.2001953125,4572.7001953125,1971
2026-05-05 12:15:00+00:00,4584.10009765625,4585.2001953125,4571.5,4575.2998046875,2384
2026-05-05 12:30:00+00:00,4577.7998046875,4585.39990234375,4576.7998046875,4584.39990234375,1218
2026-05-05 12:45:00+00:00,4574.7001953125,4579.0,4572.0,4577.7001953125,1090
2026-05-05 13:00:00+00:00,4589.60009765625,4591.5,4575.0,4575.0,3538
2026-05-05 13:15:00+00:00,4586.60009765625,4596.2001953125,4586.2001953125,4589.60009765625,2784
2026-05-05 13:30:00+00:00,4584.10009765625,4592.2001953125,4582.10009765625,4587.39990234375,1813
2026-05-05 13:45:00+00:00,4589.7998046875,4594.0,4583.2001953125,4584.10009765625,1525
2026-05-05 14:00:00+00:00,4584.10009765625,4595.10009765625,4581.0,4590.2998046875,3830
2026-05-05 14:15:00+00:00,4594.89990234375,4597.5,4576.39990234375,4584.2001953125,4083
2026-05-05 14:30:00+00:00,4594.0,4596.7998046875,4588.5,4595.0,1501
2026-05-05 14:45:00+00:00,4593.2998046875,4594.10009765625,4586.2998046875,4594.10009765625,1840
2026-05-05 15:00:00+00:00,4591.7998046875,4595.10009765625,4588.39990234375,4593.60009765625,1033
2026-05-05 15:15:00+00:00,4590.39990234375,4592.39990234375,4586.10009765625,4592.0,1299
2026-05-05 15:30:00+00:00,4583.89990234375,4592.2001953125,4583.60009765625,4590.2998046875,937
2026-05-05 15:45:00+00:00,4579.39990234375,4587.0,4579.2998046875,4583.89990234375,1107
2026-05-05 16:00:00+00:00,4577.39990234375,4579.89990234375,4573.5,4579.39990234375,1457
2026-05-05 16:15:00+00:00,4570.89990234375,4577.2001953125,4567.2001953125,4577.2001953125,2234
2026-05-05 16:30:00+00:00,4567.39990234375,4571.5,4564.60009765625,4571.0,1696
2026-05-05 16:45:00+00:00,4572.10009765625,4573.7001953125,4566.2998046875,4567.2998046875,956
2026-05-05 17:00:00+00:00,4566.7001953125,4573.5,4563.7998046875,4571.7001953125,1063
2026-05-05 17:15:00+00:00,4568.89990234375,4572.10009765625,4566.7001953125,4567.0,2681
2026-05-05 17:30:00+00:00,4571.0,4573.60009765625,4566.39990234375,4569.2001953125,888
2026-05-05 17:45:00+00:00,4570.2998046875,4572.7998046875,4568.60009765625,4570.7001953125,454
2026-05-05 18:00:00+00:00,4574.7998046875,4575.2998046875,4569.10009765625,4570.5,790
2026-05-05 18:15:00+00:00,4572.89990234375,4576.2001953125,4571.7998046875,4575.0,449
2026-05-05 18:30:00+00:00,4572.10009765625,4573.10009765625,4568.0,4573.0,591
2026-05-05 18:45:00+00:00,4571.7001953125,4576.5,4570.2001953125,4572.2001953125,561
2026-05-05 19:00:00+00:00,4567.89990234375,4572.0,4567.2001953125,4571.60009765625,493
2026-05-05 19:15:00+00:00,4567.0,4569.7001953125,4565.5,4567.7001953125,416
2026-05-05 19:30:00+00:00,4566.5,4568.7998046875,4566.5,4567.10009765625,389
2026-05-05 19:45:00+00:00,4566.0,4569.7001953125,4562.2998046875,4566.5,1214
2026-05-05 20:00:00+00:00,4567.5,4567.89990234375,4564.89990234375,4566.0,310
2026-05-05 20:15:00+00:00,4570.10009765625,4570.60009765625,4566.0,4567.60009765625,209
2026-05-05 20:30:00+00:00,4566.2001953125,4570.7998046875,4565.60009765625,4570.0,177
2026-05-05 20:45:00+00:00,4567.7998046875,4568.39990234375,4565.10009765625,4566.0,266
2026-05-05 22:00:00+00:00,4560.2998046875,4570.5,4558.60009765625,4569.2998046875,340
2026-05-05 22:15:00+00:00,4556.89990234375,4561.0,4556.10009765625,4560.60009765625,309
2026-05-05 22:30:00+00:00,4558.60009765625,4561.0,4556.10009765625,4556.89990234375,356
2026-05-05 22:45:00+00:00,4583.2001953125,4587.2001953125,4556.89990234375,4558.5,1589
2026-05-05 23:00:00+00:00,4598.7001953125,4601.39990234375,4579.39990234375,4583.5,1500
2026-05-05 23:15:00+00:00,4592.10009765625,4599.60009765625,4592.0,4599.2001953125,581
2026-05-05 23:30:00+00:00,4595.0,4598.7998046875,4589.5,4592.0,500
2026-05-05 23:45:00+00:00,4604.5,4606.2001953125,4594.7001953125,4595.7001953125,752
2026-05-06 00:00:00+00:00,4602.2001953125,4609.10009765625,4599.7001953125,4604.10009765625,1064
2026-05-06 00:15:00+00:00,4612.7998046875,4614.7001953125,4598.2998046875,4601.2001953125,1055
2026-05-06 00:30:00+00:00,4621.10009765625,4622.2998046875,4612.7001953125,4612.7001953125,1160
2026-05-06 00:45:00+00:00,4629.7998046875,4631.2001953125,4620.0,4620.89990234375,1440
2026-05-06 01:00:00+00:00,4622.2998046875,4633.7001953125,4620.39990234375,4629.89990234375,1684
2026-05-06 01:15:00+00:00,4635.7998046875,4636.5,4620.7998046875,4622.2998046875,1701
2026-05-06 01:30:00+00:00,4634.5,4637.0,4631.2998046875,4635.7001953125,1023
2026-05-06 01:45:00+00:00,4636.39990234375,4639.7998046875,4634.10009765625,4634.10009765625,1105
2026-05-06 02:00:00+00:00,4643.7998046875,4644.89990234375,4635.7998046875,4636.2001953125,1324
2026-05-06 02:15:00+00:00,4640.5,4646.60009765625,4639.89990234375,4643.60009765625,798
2026-05-06 02:30:00+00:00,4644.89990234375,4645.0,4636.7998046875,4640.39990234375,938
2026-05-06 02:45:00+00:00,4650.60009765625,4651.7998046875,4644.0,4644.2001953125,1662
2026-05-06 03:00:00+00:00,4657.5,4660.2001953125,4648.0,4650.60009765625,1396
2026-05-06 03:15:00+00:00,4655.39990234375,4660.89990234375,4654.2998046875,4657.2998046875,1294
2026-05-06 03:30:00+00:00,4657.7001953125,4662.0,4652.2998046875,4655.2998046875,1474
2026-05-06 03:45:00+00:00,4653.5,4658.39990234375,4652.89990234375,4657.7998046875,522
2026-05-06 04:00:00+00:00,4657.7998046875,4657.89990234375,4653.2998046875,4653.60009765625,677
2026-05-06 04:15:00+00:00,4663.2998046875,4664.39990234375,4655.7001953125,4657.89990234375,1024
2026-05-06 04:30:00+00:00,4658.60009765625,4663.10009765625,4656.60009765625,4663.0,826
2026-05-06 04:45:00+00:00,4660.0,4663.89990234375,4657.7998046875,4658.2998046875,909
2026-05-06 05:00:00+00:00,4665.60009765625,4667.5,4660.0,4660.0,1028
2026-05-06 05:15:00+00:00,4661.2001953125,4666.2001953125,4660.39990234375,4665.5,802
2026-05-06 05:30:00+00:00,4661.2001953125,4662.89990234375,4655.60009765625,4661.39990234375,1364
2026-05-06 05:45:00+00:00,4673.89990234375,4674.7998046875,4660.2998046875,4660.89990234375,1829
2026-05-06 06:00:00+00:00,4671.60009765625,4676.5,4667.7998046875,4673.89990234375,1525
2026-05-06 06:15:00+00:00,4676.7001953125,4677.5,4668.60009765625,4671.2998046875,1095
2026-05-06 06:30:00+00:00,4675.10009765625,4679.7001953125,4670.5,4676.7998046875,1620
2026-05-06 06:45:00+00:00,4679.5,4680.2001953125,4673.2998046875,4674.60009765625,1130
2026-05-06 07:00:00+00:00,4669.7001953125,4681.39990234375,4669.5,4679.7998046875,1783
2026-05-06 07:15:00+00:00,4677.7001953125,4680.39990234375,4668.5,4669.39990234375,2608
2026-05-06 07:30:00+00:00,4681.0,4681.10009765625,4673.2001953125,4677.7998046875,1269
2026-05-06 07:45:00+00:00,4692.39990234375,4693.2001953125,4680.60009765625,4680.7998046875,3298
2026-05-06 08:00:00+00:00,4691.39990234375,4693.89990234375,4686.5,4692.7001953125,1829
2026-05-06 08:15:00+00:00,4688.60009765625,4692.60009765625,4688.2998046875,4691.0,1023
2026-05-06 08:30:00+00:00,4688.60009765625,4689.89990234375,4682.7998046875,4688.60009765625,1932
2026-05-06 08:45:00+00:00,4712.0,4714.2998046875,4688.39990234375,4688.7001953125,4673
2026-05-06 09:00:00+00:00,4706.2998046875,4720.2001953125,4699.7001953125,4712.0,5108
2026-05-06 09:15:00+00:00,4710.89990234375,4715.60009765625,4702.2001953125,4706.60009765625,2904
2026-05-06 09:30:00+00:00,4707.2998046875,4717.2998046875,4707.0,4710.5,2127
2026-05-06 09:45:00+00:00,4713.39990234375,4715.0,4705.60009765625,4707.5,1664
2026-05-06 10:00:00+00:00,4710.60009765625,4717.39990234375,4707.5,4713.2998046875,1679
2026-05-06 10:15:00+00:00,4716.0,4716.10009765625,4707.39990234375,4709.7001953125,1240
2026-05-06 10:30:00+00:00,4725.39990234375,4727.7001953125,4715.7998046875,4716.0,3201
2026-05-06 10:45:00+00:00,4729.60009765625,4734.60009765625,4718.7998046875,4725.7998046875,3629
2026-05-06 11:00:00+00:00,4723.60009765625,4732.7001953125,4720.7001953125,4729.39990234375,2437
2026-05-06 11:15:00+00:00,4717.0,4725.2001953125,4717.0,4723.7998046875,1833
2026-05-06 11:30:00+00:00,4710.5,4726.7998046875,4707.60009765625,4717.2001953125,2474
2026-05-06 11:45:00+00:00,4703.2998046875,4713.89990234375,4702.0,4710.7998046875,2673
2026-05-06 12:00:00+00:00,4684.7998046875,4704.7998046875,4680.60009765625,4703.2998046875,4064
2026-05-06 12:15:00+00:00,4694.60009765625,4700.5,4671.0,4684.2998046875,5870
2026-05-06 12:30:00+00:00,4693.7998046875,4697.5,4688.89990234375,4694.60009765625,2468
2026-05-06 12:45:00+00:00,4694.39990234375,4695.7001953125,4687.7998046875,4694.0,1476
2026-05-06 13:00:00+00:00,4694.2001953125,4703.39990234375,4679.5,4694.10009765625,4636
2026-05-06 13:15:00+00:00,4695.7001953125,4702.0,4690.10009765625,4694.2001953125,1855
2026-05-06 13:30:00+00:00,4706.2001953125,4710.2998046875,4691.2001953125,4695.7001953125,3676
2026-05-06 13:45:00+00:00,4713.5,4719.2001953125,4703.7001953125,4706.7001953125,3404
2026-05-06 14:00:00+00:00,4722.2998046875,4724.2998046875,4708.7998046875,4713.39990234375,5437
2026-05-06 14:15:00+00:00,4717.0,4728.7001953125,4716.2998046875,4722.60009765625,2885
2026-05-06 14:30:00+00:00,4724.89990234375,4726.0,4716.0,4717.2001953125,1750
2026-05-06 14:45:00+00:00,4714.2001953125,4725.39990234375,4711.7998046875,4725.0,1715
2026-05-06 15:00:00+00:00,4708.10009765625,4717.2998046875,4704.89990234375,4714.2001953125,1774
2026-05-06 15:15:00+00:00,4706.5,4714.7998046875,4705.7001953125,4708.0,1378
2026-05-06 15:30:00+00:00,4704.39990234375,4709.2998046875,4700.60009765625,4707.10009765625,1714
2026-05-06 15:45:00+00:00,4699.2998046875,4706.2998046875,4699.2001953125,4704.10009765625,1157
2026-05-06 16:00:00+00:00,4695.2001953125,4700.10009765625,4692.89990234375,4699.0,1531
2026-05-06 16:15:00+00:00,4699.39990234375,4699.7998046875,4694.39990234375,4695.2001953125,984
2026-05-06 16:30:00+00:00,4699.7998046875,4703.5,4696.7001953125,4699.2998046875,1141
2026-05-06 16:45:00+00:00,4694.0,4700.89990234375,4690.60009765625,4699.89990234375,1526
2026-05-06 17:00:00+00:00,4696.2998046875,4699.10009765625,4690.60009765625,4693.89990234375,996
2026-05-06 17:15:00+00:00,4693.7998046875,4697.0,4690.89990234375,4696.60009765625,3553
2026-05-06 17:30:00+00:00,4691.5,4694.2001953125,4689.7998046875,4693.7001953125,1246
2026-05-06 17:45:00+00:00,4694.7998046875,4695.5,4691.2998046875,4691.60009765625,692
2026-05-06 18:00:00+00:00,4697.7001953125,4698.2998046875,4692.7001953125,4695.10009765625,991
2026-05-06 18:15:00+00:00,4698.39990234375,4701.2998046875,4697.2001953125,4697.7001953125,880
2026-05-06 18:30:00+00:00,4697.0,4701.0,4695.89990234375,4698.60009765625,755
2026-05-06 18:45:00+00:00,4696.7998046875,4698.7001953125,4695.60009765625,4696.60009765625,506
2026-05-06 19:00:00+00:00,4706.2998046875,4706.7001953125,4697.10009765625,4697.10009765625,839
2026-05-06 19:15:00+00:00,4709.2001953125,4711.2998046875,4706.0,4706.2001953125,880
2026-05-06 19:30:00+00:00,4706.2001953125,4710.10009765625,4704.7998046875,4709.2001953125,715
2026-05-06 19:45:00+00:00,4703.0,4708.89990234375,4702.7998046875,4706.2998046875,1331
2026-05-06 20:00:00+00:00,4709.2998046875,4710.0,4703.2001953125,4703.5,676
2026-05-06 20:15:00+00:00,4703.2998046875,4710.39990234375,4702.60009765625,4709.5,527
2026-05-06 20:30:00+00:00,4699.39990234375,4703.89990234375,4699.39990234375,4703.7001953125,438
2026-05-06 20:45:00+00:00,4703.10009765625,4703.10009765625,4695.7998046875,4699.2001953125,484
2026-05-06 22:00:00+00:00,4706.5,4707.7001953125,4698.0,4702.2001953125,328
2026-05-06 22:15:00+00:00,4704.7001953125,4709.2001953125,4702.39990234375,4706.2001953125,394
2026-05-06 22:30:00+00:00,4707.7001953125,4708.7998046875,4703.7001953125,4704.39990234375,302
2026-05-06 22:45:00+00:00,4704.10009765625,4707.60009765625,4703.39990234375,4707.60009765625,311
2026-05-06 23:00:00+00:00,4703.39990234375,4707.7998046875,4703.0,4703.7001953125,324
2026-05-06 23:15:00+00:00,4702.39990234375,4707.10009765625,4699.2998046875,4703.7001953125,501
2026-05-06 23:30:00+00:00,4702.60009765625,4703.60009765625,4700.7001953125,4702.2001953125,113
2026-05-06 23:45:00+00:00,4708.2001953125,4708.89990234375,4703.0,4703.0,448
2026-05-07 00:00:00+00:00,4709.0,4710.2998046875,4698.7998046875,4708.2998046875,662
2026-05-07 00:15:00+00:00,4701.5,4710.39990234375,4700.89990234375,4709.0,414
2026-05-07 00:30:00+00:00,4696.7998046875,4702.0,4694.7998046875,4701.60009765625,914
2026-05-07 00:45:00+00:00,4697.60009765625,4700.5,4694.2001953125,4697.2998046875,478
2026-05-07 01:00:00+00:00,4718.7001953125,4720.60009765625,4694.0,4697.39990234375,1929
2026-05-07 01:15:00+00:00,4713.2998046875,4725.7001953125,4712.7998046875,4719.10009765625,1892
2026-05-07 01:30:00+00:00,4721.7001953125,4727.2998046875,4711.2001953125,4713.2998046875,1565
2026-05-07 01:45:00+00:00,4723.7001953125,4730.5,4721.7998046875,4722.0,1176
2026-05-07 02:00:00+00:00,4712.60009765625,4727.2998046875,4712.10009765625,4723.39990234375,967
2026-05-07 02:15:00+00:00,4710.7001953125,4716.39990234375,4710.10009765625,4713.0,629
2026-05-07 02:30:00+00:00,4712.60009765625,4713.89990234375,4708.2001953125,4710.7001953125,524
2026-05-07 02:45:00+00:00,4716.0,4718.60009765625,4713.0,4713.2001953125,443
2026-05-07 03:00:00+00:00,4714.89990234375,4718.60009765625,4712.39990234375,4715.2001953125,479
2026-05-07 03:15:00+00:00,4713.0,4717.5,4712.7001953125,4714.7998046875,210
2026-05-07 03:30:00+00:00,4712.5,4713.60009765625,4710.7998046875,4713.0,281
2026-05-07 03:45:00+00:00,4709.0,4713.5,4708.89990234375,4712.39990234375,440
2026-05-07 04:00:00+00:00,4705.5,4709.5,4705.2998046875,4707.7001953125,842
2026-05-07 04:15:00+00:00,4705.39990234375,4706.89990234375,4703.2001953125,4705.5,614
2026-05-07 04:30:00+00:00,4706.60009765625,4707.7998046875,4700.39990234375,4705.2001953125,349
2026-05-07 04:45:00+00:00,4705.10009765625,4707.5,4702.60009765625,4706.60009765625,533
2026-05-07 05:00:00+00:00,4709.10009765625,4709.7998046875,4705.0,4705.0,347
2026-05-07 05:15:00+00:00,4704.5,4709.2001953125,4703.10009765625,4709.10009765625,406
2026-05-07 05:30:00+00:00,4711.89990234375,4714.60009765625,4703.2998046875,4704.39990234375,944
2026-05-07 05:45:00+00:00,4709.39990234375,4715.39990234375,4709.0,4712.2998046875,612
2026-05-07 06:00:00+00:00,4716.7001953125,4719.0,4709.5,4709.5,600
2026-05-07 06:15:00+00:00,4726.0,4727.0,4715.7001953125,4716.7001953125,1294
2026-05-07 06:30:00+00:00,4755.5,4759.39990234375,4724.7998046875,4725.7998046875,4682
2026-05-07 06:45:00+00:00,4748.60009765625,4756.39990234375,4745.2998046875,4755.0,1292
2026-05-07 07:00:00+00:00,4759.39990234375,4760.2998046875,4741.0,4747.7998046875,2351
2026-05-07 07:15:00+00:00,4749.2001953125,4760.5,4747.5,4759.5,1650
2026-05-07 07:30:00+00:00,4752.60009765625,4754.0,4748.0,4749.60009765625,908
2026-05-07 07:45:00+00:00,4752.5,4754.39990234375,4746.89990234375,4752.89990234375,1122
2026-05-07 08:00:00+00:00,4752.2998046875,4763.60009765625,4751.89990234375,4753.2001953125,2700
2026-05-07 08:15:00+00:00,4749.2998046875,4753.0,4742.7001953125,4752.5,1649
2026-05-07 08:30:00+00:00,4745.2998046875,4752.0,4742.89990234375,4750.2998046875,870
2026-05-07 08:45:00+00:00,4741.10009765625,4747.0,4740.89990234375,4744.89990234375,1441
2026-05-07 09:00:00+00:00,4743.89990234375,4746.2998046875,4732.0,4741.39990234375,1935
2026-05-07 09:15:00+00:00,4745.39990234375,4748.7001953125,4741.39990234375,4743.7998046875,1113
2026-05-07 09:30:00+00:00,4747.5,4749.0,4742.60009765625,4745.2001953125,1433
2026-05-07 09:45:00+00:00,4738.39990234375,4748.39990234375,4735.2998046875,4747.5,961
2026-05-07 10:00:00+00:00,4744.0,4744.2998046875,4736.0,4738.10009765625,802
2026-05-07 10:15:00+00:00,4741.89990234375,4745.7001953125,4736.89990234375,4744.5,576
2026-05-07 10:30:00+00:00,4748.2998046875,4749.60009765625,4737.39990234375,4741.7001953125,1127
2026-05-07 10:45:00+00:00,4745.0,4749.0,4744.2001953125,4748.7998046875,523
2026-05-07 11:00:00+00:00,4739.89990234375,4746.5,4737.7001953125,4745.39990234375,685
2026-05-07 11:15:00+00:00,4742.10009765625,4746.2998046875,4736.39990234375,4739.39990234375,1083
2026-05-07 11:30:00+00:00,4746.5,4747.39990234375,4741.5,4741.89990234375,876
2026-05-07 11:45:00+00:00,4752.0,4753.0,4743.0,4745.7001953125,1495
2026-05-07 12:00:00+00:00,4753.5,4755.7998046875,4748.39990234375,4752.10009765625,2021
2026-05-07 12:15:00+00:00,4747.5,4756.60009765625,4741.7001953125,4753.2998046875,2056
2026-05-07 12:30:00+00:00,4761.0,4761.7998046875,4746.2998046875,4748.39990234375,2322
2026-05-07 12:45:00+00:00,4760.10009765625,4762.7001953125,4754.39990234375,4761.2998046875,2005
2026-05-07 13:00:00+00:00,4743.0,4760.2001953125,4741.0,4760.2001953125,2643
2026-05-07 13:15:00+00:00,4754.7998046875,4756.39990234375,4741.10009765625,4743.0,2165
2026-05-07 13:30:00+00:00,4758.39990234375,4768.5,4752.89990234375,4754.60009765625,3587
2026-05-07 13:45:00+00:00,4756.5,4759.2998046875,4747.2998046875,4758.7998046875,3185
2026-05-07 14:00:00+00:00,4762.0,4764.2001953125,4752.5,4756.0,3216
2026-05-07 14:15:00+00:00,4766.60009765625,4769.89990234375,4751.10009765625,4762.39990234375,3258
2026-05-07 14:30:00+00:00,4762.0,4769.2001953125,4757.7001953125,4767.0,3312
2026-05-07 14:45:00+00:00,4773.2998046875,4774.0,4761.39990234375,4762.39990234375,3484
2026-05-07 15:00:00+00:00,4765.2998046875,4775.2001953125,4764.39990234375,4773.39990234375,4378
2026-05-07 15:15:00+00:00,4764.60009765625,4766.7001953125,4763.2998046875,4765.39990234375,746
2026-05-07 15:30:00+00:00,4749.10009765625,4757.2001953125,4694.2998046875,4694.2998046875,4652
2026-05-07 15:45:00+00:00,4739.10009765625,4749.7001953125,4736.10009765625,4748.5,3129
2026-05-07 16:00:00+00:00,4724.7998046875,4739.89990234375,4723.0,4739.2998046875,3629
2026-05-07 16:15:00+00:00,4729.89990234375,4733.2001953125,4712.60009765625,4724.7998046875,5127
2026-05-07 16:30:00+00:00,4721.2001953125,4730.7998046875,4720.2001953125,4729.89990234375,1742
2026-05-07 16:45:00+00:00,4724.7998046875,4728.0,4720.5,4721.0,1208
2026-05-07 17:00:00+00:00,4724.2998046875,4729.39990234375,4721.39990234375,4725.0,3250
2026-05-07 17:15:00+00:00,4708.5,4729.5,4696.60009765625,4724.5,15575
2026-05-07 17:30:00+00:00,4709.7998046875,4715.60009765625,4702.89990234375,4708.5,3959
2026-05-07 17:45:00+00:00,4721.10009765625,4722.10009765625,4707.60009765625,4709.0,2240
2026-05-07 18:00:00+00:00,4717.7001953125,4722.2998046875,4714.89990234375,4721.0,1401
2026-05-07 18:15:00+00:00,4722.60009765625,4722.60009765625,4715.0,4717.60009765625,1198
2026-05-07 18:30:00+00:00,4715.39990234375,4725.5,4712.7001953125,4722.2001953125,1608
2026-05-07 18:45:00+00:00,4719.10009765625,4720.7001953125,4704.60009765625,4715.89990234375,2356
2026-05-07 19:00:00+00:00,4719.5,4722.5,4714.5,4719.60009765625,963
2026-05-07 19:15:00+00:00,4714.0,4720.2001953125,4707.0,4719.0,1071
2026-05-07 19:30:00+00:00,4718.5,4721.60009765625,4712.60009765625,4714.5,672
2026-05-07 19:45:00+00:00,4712.89990234375,4720.60009765625,4712.2001953125,4719.2001953125,1506
2026-05-07 20:00:00+00:00,4721.2998046875,4729.10009765625,4713.0,4713.0,1272
2026-05-07 20:15:00+00:00,4723.39990234375,4724.60009765625,4719.2001953125,4721.7001953125,388
2026-05-07 20:30:00+00:00,4713.7998046875,4725.7001953125,4706.60009765625,4722.7998046875,1220
2026-05-07 20:45:00+00:00,4696.0,4714.10009765625,4693.2998046875,4713.7998046875,1188
2026-05-07 22:00:00+00:00,4699.7998046875,4707.10009765625,4671.0,4682.5,839
2026-05-07 22:15:00+00:00,4702.7001953125,4708.5,4698.2998046875,4700.10009765625,955
2026-05-07 22:30:00+00:00,4696.2998046875,4704.39990234375,4694.89990234375,4703.0,694
2026-05-07 22:45:00+00:00,4694.89990234375,4697.7001953125,4690.60009765625,4696.10009765625,440
2026-05-07 23:00:00+00:00,4699.7998046875,4703.60009765625,4693.89990234375,4694.39990234375,499
2026-05-07 23:15:00+00:00,4705.39990234375,4707.2001953125,4700.60009765625,4700.60009765625,368
2026-05-07 23:30:00+00:00,4706.5,4708.0,4703.2998046875,4705.60009765625,228
2026-05-07 23:45:00+00:00,4713.2001953125,4714.39990234375,4706.89990234375,4707.10009765625,534
2026-05-08 00:00:00+00:00,4711.10009765625,4718.5,4710.10009765625,4713.39990234375,620
2026-05-08 00:15:00+00:00,4705.7998046875,4714.2001953125,4702.7001953125,4711.10009765625,771
2026-05-08 00:30:00+00:00,4713.7001953125,4716.7998046875,4705.0,4706.60009765625,546
2026-05-08 00:45:00+00:00,4710.0,4714.39990234375,4705.60009765625,4714.39990234375,475
2026-05-08 01:00:00+00:00,4722.5,4728.2001953125,4709.10009765625,4710.10009765625,1234
2026-05-08 01:15:00+00:00,4721.0,4727.2998046875,4719.2001953125,4722.5,725
2026-05-08 01:30:00+00:00,4719.10009765625,4723.39990234375,4713.2998046875,4721.60009765625,914
2026-05-08 01:45:00+00:00,4731.2001953125,4734.2998046875,4719.2998046875,4719.5,1594
2026-05-08 02:00:00+00:00,4732.39990234375,4741.39990234375,4729.60009765625,4731.10009765625,1103
2026-05-08 02:15:00+00:00,4729.7001953125,4732.7001953125,4726.60009765625,4732.0,573
2026-05-08 02:30:00+00:00,4719.10009765625,4731.7001953125,4715.39990234375,4730.0,1056
2026-05-08 02:45:00+00:00,4721.7001953125,4726.0,4716.89990234375,4719.0,765
2026-05-08 03:00:00+00:00,4727.7998046875,4728.60009765625,4719.2998046875,4721.60009765625,458
2026-05-08 03:15:00+00:00,4728.10009765625,4731.2001953125,4725.39990234375,4728.7001953125,418
2026-05-08 03:30:00+00:00,4733.2001953125,4739.7998046875,4728.10009765625,4728.5,968
2026-05-08 03:45:00+00:00,4729.0,4733.7001953125,4726.7001953125,4733.7001953125,408
2026-05-08 04:00:00+00:00,4723.5,4731.89990234375,4723.5,4728.60009765625,597
2026-05-08 04:15:00+00:00,4725.89990234375,4726.89990234375,4722.0,4723.39990234375,421
2026-05-08 04:30:00+00:00,4720.7998046875,4726.7001953125,4716.60009765625,4726.39990234375,867
2026-05-08 04:45:00+00:00,4719.39990234375,4725.0,4718.2998046875,4720.2001953125,326
2026-05-08 05:00:00+00:00,4720.89990234375,4725.0,4718.2998046875,4719.60009765625,293
2026-05-08 05:15:00+00:00,4728.0,4728.89990234375,4719.60009765625,4720.60009765625,318
2026-05-08 05:30:00+00:00,4733.2998046875,4735.7001953125,4728.2001953125,4728.2001953125,929
2026-05-08 05:45:00+00:00,4736.0,4740.0,4731.89990234375,4733.39990234375,607
2026-05-08 06:00:00+00:00,4731.7001953125,4739.2001953125,4721.10009765625,4736.5,1454
2026-05-08 06:15:00+00:00,4742.2998046875,4743.5,4730.10009765625,4732.2001953125,1039
2026-05-08 06:30:00+00:00,4737.2998046875,4742.89990234375,4734.2001953125,4742.39990234375,646
2026-05-08 06:45:00+00:00,4734.2998046875,4737.7998046875,4729.39990234375,4737.7998046875,805
2026-05-08 07:00:00+00:00,4724.2998046875,4734.89990234375,4723.7001953125,4734.0,1149
2026-05-08 07:15:00+00:00,4715.89990234375,4727.0,4706.2001953125,4723.39990234375,2957
2026-05-08 07:30:00+00:00,4717.10009765625,4721.10009765625,4710.5,4715.7998046875,1207
2026-05-08 07:45:00+00:00,4717.39990234375,4722.60009765625,4716.39990234375,4717.5,957
2026-05-08 08:00:00+00:00,4720.7001953125,4722.5,4715.89990234375,4717.2001953125,661
2026-05-08 08:15:00+00:00,4726.39990234375,4732.2998046875,4720.89990234375,4721.0,1016
2026-05-08 08:30:00+00:00,4726.60009765625,4732.89990234375,4725.89990234375,4726.2001953125,540
2026-05-08 08:45:00+00:00,4724.7998046875,4729.39990234375,4724.5,4726.2001953125,395
2026-05-08 09:00:00+00:00,4727.89990234375,4730.0,4723.10009765625,4725.39990234375,773
2026-05-08 09:15:00+00:00,4727.60009765625,4732.5,4727.39990234375,4728.39990234375,532
2026-05-08 09:30:00+00:00,4722.89990234375,4728.2998046875,4719.0,4727.5,1252
2026-05-08 09:45:00+00:00,4721.60009765625,4723.2998046875,4716.89990234375,4723.0,713
2026-05-08 10:00:00+00:00,4728.5,4728.60009765625,4720.7001953125,4721.39990234375,473
2026-05-08 10:15:00+00:00,4730.89990234375,4733.60009765625,4727.10009765625,4728.39990234375,504
2026-05-08 10:30:00+00:00,4734.0,4737.7998046875,4730.0,4730.60009765625,761
2026-05-08 10:45:00+00:00,4729.39990234375,4734.2998046875,4725.2001953125,4734.2998046875,854
2026-05-08 11:00:00+00:00,4731.39990234375,4737.0,4728.5,4730.10009765625,1138
2026-05-08 11:15:00+00:00,4734.2001953125,4735.5,4729.7998046875,4731.5,1028
2026-05-08 11:30:00+00:00,4731.2001953125,4735.89990234375,4730.7998046875,4734.0,490
2026-05-08 11:45:00+00:00,4727.5,4731.0,4723.2001953125,4730.60009765625,850
2026-05-08 12:00:00+00:00,4713.89990234375,4729.10009765625,4713.5,4727.5,1383
2026-05-08 12:15:00+00:00,4720.0,4720.2998046875,4712.2001953125,4713.7001953125,1733
2026-05-08 12:30:00+00:00,4733.39990234375,4740.2998046875,4709.60009765625,4720.0,4144
2026-05-08 12:45:00+00:00,4734.10009765625,4741.60009765625,4728.60009765625,4733.60009765625,3350
2026-05-08 13:00:00+00:00,4729.7001953125,4738.60009765625,4725.7001953125,4733.39990234375,2247
2026-05-08 13:15:00+00:00,4736.60009765625,4737.5,4729.0,4729.60009765625,2011
2026-05-08 13:30:00+00:00,4747.7998046875,4754.7998046875,4736.2998046875,4736.89990234375,4698
2026-05-08 13:45:00+00:00,4757.7998046875,4758.60009765625,4744.89990234375,4748.2998046875,4371
2026-05-08 14:00:00+00:00,4741.39990234375,4760.39990234375,4728.0,4757.7998046875,6185
2026-05-08 14:15:00+00:00,4727.60009765625,4743.7998046875,4725.0,4741.2998046875,2906
2026-05-08 14:30:00+00:00,4732.60009765625,4735.2998046875,4723.5,4727.2998046875,2414
2026-05-08 14:45:00+00:00,4725.7001953125,4734.2998046875,4723.10009765625,4732.2998046875,1718
2026-05-08 15:00:00+00:00,4717.5,4730.7998046875,4716.0,4725.7998046875,2167
2026-05-08 15:15:00+00:00,4723.10009765625,4723.2001953125,4713.89990234375,4717.39990234375,4176
2026-05-08 15:30:00+00:00,4715.2998046875,4725.0,4713.60009765625,4723.10009765625,2526
2026-05-08 15:45:00+00:00,4716.60009765625,4720.60009765625,4711.5,4715.39990234375,1551
2026-05-08 16:00:00+00:00,4721.2001953125,4722.39990234375,4715.0,4716.39990234375,1562
2026-05-08 16:15:00+00:00,4727.2001953125,4727.2998046875,4720.89990234375,4720.89990234375,1164
2026-05-08 16:30:00+00:00,4723.10009765625,4729.89990234375,4722.89990234375,4727.39990234375,1067
2026-05-08 16:45:00+00:00,4721.89990234375,4725.7998046875,4720.7001953125,4723.2998046875,771
2026-05-08 17:00:00+00:00,4725.0,4725.89990234375,4721.7001953125,4721.89990234375,970
2026-05-08 17:15:00+00:00,4730.2001953125,4731.7998046875,4724.60009765625,4724.7998046875,7628
2026-05-08 17:30:00+00:00,4730.7001953125,4731.5,4728.89990234375,4730.2998046875,1780
2026-05-08 17:45:00+00:00,4730.39990234375,4732.10009765625,4728.7001953125,4730.60009765625,520
2026-05-08 18:00:00+00:00,4737.10009765625,4738.2001953125,4729.89990234375,4730.39990234375,1664
2026-05-08 18:15:00+00:00,4735.10009765625,4738.60009765625,4733.39990234375,4737.7001953125,577
2026-05-08 18:30:00+00:00,4734.39990234375,4736.0,4733.39990234375,4735.0,422
2026-05-08 18:45:00+00:00,4731.89990234375,4734.2998046875,4729.2998046875,4734.2001953125,361
2026-05-08 19:00:00+00:00,4733.10009765625,4735.2998046875,4730.60009765625,4731.5,352
2026-05-08 19:15:00+00:00,4733.2001953125,4734.7001953125,4732.7998046875,4733.2001953125,205
2026-05-08 19:30:00+00:00,4734.60009765625,4736.39990234375,4731.2001953125,4733.2001953125,584
2026-05-08 19:45:00+00:00,4733.39990234375,4735.5,4732.39990234375,4735.10009765625,845
2026-05-08 20:00:00+00:00,4728.5,4733.89990234375,4726.7998046875,4733.7998046875,650
2026-05-08 20:15:00+00:00,4727.0,4728.89990234375,4724.7001953125,4728.2001953125,302
2026-05-08 20:30:00+00:00,4725.5,4728.60009765625,4725.0,4726.7998046875,489
2026-05-08 20:45:00+00:00,4730.7001953125,4730.7001953125,4723.2998046875,4726.10009765625,634
2026-05-10 22:00:00+00:00,4695.89990234375,4703.0,4694.39990234375,4696.7998046875,371
2026-05-10 22:15:00+00:00,4702.89990234375,4704.5,4690.0,4695.2998046875,791
2026-05-10 22:30:00+00:00,4700.0,4702.7001953125,4695.10009765625,4702.60009765625,632
2026-05-10 22:45:00+00:00,4700.10009765625,4703.5,4698.39990234375,4699.60009765625,353
2026-05-10 23:00:00+00:00,4699.0,4705.60009765625,4697.2998046875,4700.0,572
2026-05-10 23:15:00+00:00,4703.60009765625,4705.89990234375,4697.7001953125,4698.89990234375,338
2026-05-10 23:30:00+00:00,4706.2998046875,4707.2998046875,4703.60009765625,4703.60009765625,392
2026-05-10 23:45:00+00:00,4700.2998046875,4707.5,4698.5,4706.2998046875,438
2026-05-11 00:00:00+00:00,4690.7998046875,4700.2998046875,4688.5,4699.89990234375,1214
2026-05-11 00:15:00+00:00,4691.89990234375,4695.39990234375,4684.5,4691.5,922
2026-05-11 00:30:00+00:00,4697.7998046875,4702.10009765625,4692.5,4692.5,845
2026-05-11 00:45:00+00:00,4692.5,4701.7998046875,4678.39990234375,4698.0,2070
2026-05-11 01:00:00+00:00,4700.7001953125,4708.5,4683.5,4692.0,2534
2026-05-11 01:15:00+00:00,4707.89990234375,4714.10009765625,4698.10009765625,4700.89990234375,1612
2026-05-11 01:30:00+00:00,4702.7998046875,4710.2001953125,4699.5,4707.7001953125,1104
2026-05-11 01:45:00+00:00,4694.2001953125,4704.7998046875,4688.5,4703.10009765625,1040
2026-05-11 02:00:00+00:00,4694.39990234375,4701.39990234375,4686.89990234375,4694.7001953125,1271
2026-05-11 02:15:00+00:00,4697.0,4697.39990234375,4691.0,4694.7001953125,599
2026-05-11 02:30:00+00:00,4697.10009765625,4709.0,4696.5,4697.39990234375,1351
2026-05-11 02:45:00+00:00,4690.0,4702.0,4684.7001953125,4696.89990234375,1904
2026-05-11 03:00:00+00:00,4694.89990234375,4697.5,4683.10009765625,4689.60009765625,775
2026-05-11 03:15:00+00:00,4697.5,4698.2998046875,4691.60009765625,4694.89990234375,668
2026-05-11 03:30:00+00:00,4695.5,4698.2001953125,4689.89990234375,4697.5,689
2026-05-11 03:45:00+00:00,4687.0,4695.39990234375,4684.60009765625,4695.2998046875,677
2026-05-11 04:00:00+00:00,4685.2998046875,4687.7001953125,4681.0,4686.39990234375,683
2026-05-11 04:15:00+00:00,4679.2998046875,4686.39990234375,4676.39990234375,4685.2998046875,965
2026-05-11 04:30:00+00:00,4680.7001953125,4682.2998046875,4675.89990234375,4679.2998046875,691
2026-05-11 04:45:00+00:00,4679.7998046875,4683.7001953125,4679.5,4681.0,279
2026-05-11 05:00:00+00:00,4681.2998046875,4683.60009765625,4678.5,4679.7998046875,597
2026-05-11 05:15:00+00:00,4678.5,4683.0,4678.2998046875,4681.2001953125,410
2026-05-11 05:30:00+00:00,4671.0,4688.7998046875,4669.2998046875,4678.7998046875,2209
2026-05-11 05:45:00+00:00,4659.60009765625,4672.0,4655.10009765625,4670.39990234375,2931
2026-05-11 06:00:00+00:00,4673.0,4674.60009765625,4656.60009765625,4659.5,1866
2026-05-11 06:15:00+00:00,4675.60009765625,4678.60009765625,4671.2001953125,4672.60009765625,1602
2026-05-11 06:30:00+00:00,4682.5,4683.89990234375,4675.5,4675.7001953125,1015
2026-05-11 06:45:00+00:00,4686.7001953125,4688.7001953125,4679.5,4682.39990234375,1035
2026-05-11 07:00:00+00:00,4684.2998046875,4688.60009765625,4682.60009765625,4686.89990234375,800
2026-05-11 07:15:00+00:00,4684.10009765625,4686.5,4680.39990234375,4684.10009765625,739
2026-05-11 07:30:00+00:00,4680.60009765625,4686.39990234375,4680.10009765625,4684.0,775
2026-05-11 07:45:00+00:00,4676.39990234375,4681.39990234375,4672.7998046875,4680.7001953125,987
2026-05-11 08:00:00+00:00,4680.39990234375,4682.2001953125,4672.7998046875,4676.2998046875,1384
2026-05-11 08:15:00+00:00,4679.60009765625,4687.5,4679.60009765625,4681.10009765625,909
2026-05-11 08:30:00+00:00,4679.10009765625,4684.0,4678.0,4679.5,678
2026-05-11 08:45:00+00:00,4675.89990234375,4680.2001953125,4675.2001953125,4679.2998046875,662
2026-05-11 09:00:00+00:00,4676.10009765625,4678.39990234375,4673.60009765625,4675.60009765625,647
2026-05-11 09:15:00+00:00,4666.0,4676.0,4665.2001953125,4675.60009765625,1590
2026-05-11 09:30:00+00:00,4671.5,4672.2998046875,4658.7001953125,4665.7998046875,2908
2026-05-11 09:45:00+00:00,4665.2998046875,4673.5,4664.2998046875,4671.2998046875,1305
2026-05-11 10:00:00+00:00,4670.7998046875,4671.39990234375,4664.5,4665.0,898
2026-05-11 10:15:00+00:00,4671.7001953125,4674.5,4668.7001953125,4670.7001953125,689
2026-05-11 10:30:00+00:00,4671.5,4675.2001953125,4668.7001953125,4671.7001953125,798
2026-05-11 10:45:00+00:00,4672.2001953125,4675.89990234375,4669.89990234375,4672.0,610
2026-05-11 11:00:00+00:00,4677.7001953125,4681.0,4672.60009765625,4672.60009765625,1025
2026-05-11 11:15:00+00:00,4680.60009765625,4680.7001953125,4676.10009765625,4677.7001953125,495
2026-05-11 11:30:00+00:00,4683.0,4686.0,4677.7998046875,4680.2001953125,1298
2026-05-11 11:45:00+00:00,4683.2998046875,4683.5,4678.7998046875,4683.2001953125,952
2026-05-11 12:00:00+00:00,4676.7001953125,4684.7001953125,4675.89990234375,4682.89990234375,1074
2026-05-11 12:15:00+00:00,4699.5,4704.39990234375,4675.89990234375,4676.7001953125,4389
2026-05-11 12:30:00+00:00,4701.10009765625,4707.2998046875,4698.0,4699.60009765625,2961
2026-05-11 12:45:00+00:00,4708.7001953125,4710.2001953125,4695.0,4701.2998046875,2576
2026-05-11 13:00:00+00:00,4730.0,4731.10009765625,4707.2998046875,4708.89990234375,5937
2026-05-11 13:15:00+00:00,4737.89990234375,4745.60009765625,4729.7998046875,4730.39990234375,5391
2026-05-11 13:30:00+00:00,4753.7001953125,4755.7001953125,4737.5,4738.0,6149
2026-05-11 13:45:00+00:00,4745.7001953125,4758.39990234375,4744.2998046875,4753.2998046875,3839
2026-05-11 14:00:00+00:00,4740.39990234375,4748.5,4728.0,4745.7001953125,4790
2026-05-11 14:15:00+00:00,4734.5,4743.39990234375,4733.7998046875,4740.39990234375,2218
2026-05-11 14:30:00+00:00,4742.5,4743.7998046875,4724.60009765625,4734.7998046875,4244
2026-05-11 14:45:00+00:00,4735.39990234375,4743.89990234375,4733.39990234375,4741.89990234375,1887
2026-05-11 15:00:00+00:00,4738.0,4741.60009765625,4732.2001953125,4735.2998046875,1669
2026-05-11 15:15:00+00:00,4742.5,4748.10009765625,4737.2001953125,4738.5,1605
2026-05-11 15:30:00+00:00,4736.89990234375,4744.5,4736.2001953125,4742.2998046875,1093
2026-05-11 15:45:00+00:00,4741.7998046875,4742.2001953125,4734.60009765625,4736.10009765625,1095
2026-05-11 16:00:00+00:00,4737.60009765625,4743.2001953125,4736.7998046875,4742.0,898
2026-05-11 16:15:00+00:00,4733.5,4737.7998046875,4732.2001953125,4737.7998046875,1141
2026-05-11 16:30:00+00:00,4720.89990234375,4735.89990234375,4716.7998046875,4733.7998046875,3525
2026-05-11 16:45:00+00:00,4726.10009765625,4726.2998046875,4718.39990234375,4720.60009765625,1756
2026-05-11 17:00:00+00:00,4727.89990234375,4729.5,4725.39990234375,4726.0,1131
2026-05-11 17:15:00+00:00,4727.7001953125,4731.2998046875,4726.7001953125,4727.7998046875,7009
2026-05-11 17:30:00+00:00,4733.2001953125,4733.7001953125,4727.39990234375,4727.60009765625,855
2026-05-11 17:45:00+00:00,4733.0,4734.2001953125,4731.0,4733.0,399
2026-05-11 18:00:00+00:00,4732.7001953125,4736.10009765625,4731.2998046875,4733.10009765625,671
2026-05-11 18:15:00+00:00,4736.2001953125,4736.7998046875,4730.10009765625,4732.89990234375,840
2026-05-11 18:30:00+00:00,4735.89990234375,4738.7998046875,4734.39990234375,4736.5,555
2026-05-11 18:45:00+00:00,4733.7998046875,4738.2998046875,4733.7998046875,4735.89990234375,534
2026-05-11 19:00:00+00:00,4734.0,4737.60009765625,4732.89990234375,4734.2001953125,832
2026-05-11 19:15:00+00:00,4733.89990234375,4734.89990234375,4731.7998046875,4734.5,439
2026-05-11 19:30:00+00:00,4736.39990234375,4738.10009765625,4732.0,4733.89990234375,688
2026-05-11 19:45:00+00:00,4743.5,4746.5,4736.7001953125,4736.7001953125,2627
2026-05-11 20:00:00+00:00,4744.7998046875,4747.7001953125,4739.5,4743.7001953125,827
2026-05-11 20:15:00+00:00,4745.0,4745.2001953125,4743.2998046875,4745.2001953125,153
2026-05-11 20:30:00+00:00,4747.39990234375,4748.5,4744.7998046875,4745.2998046875,267
2026-05-11 20:45:00+00:00,4745.60009765625,4747.7998046875,4742.39990234375,4747.39990234375,455
2026-05-11 22:00:00+00:00,4748.5,4753.7998046875,4745.2001953125,4745.2998046875,243
2026-05-11 22:15:00+00:00,4749.2001953125,4751.7001953125,4747.0,4749.10009765625,299
2026-05-11 22:30:00+00:00,4754.2998046875,4755.2001953125,4748.5,4749.10009765625,603
2026-05-11 22:45:00+00:00,4760.7001953125,4766.7998046875,4753.7998046875,4754.10009765625,2698
2026-05-11 23:00:00+00:00,4760.89990234375,4764.2001953125,4755.2001953125,4760.5,640
2026-05-11 23:15:00+00:00,4762.7001953125,4764.60009765625,4760.2998046875,4760.39990234375,571
2026-05-11 23:30:00+00:00,4765.60009765625,4769.2998046875,4761.0,4762.5,794
2026-05-11 23:45:00+00:00,4777.2001953125,4780.2998046875,4764.60009765625,4765.2001953125,3324
2026-05-12 00:00:00+00:00,4776.60009765625,4780.0,4768.10009765625,4776.7001953125,1414
2026-05-12 00:15:00+00:00,4772.2998046875,4783.39990234375,4763.0,4776.7998046875,2022
2026-05-12 00:30:00+00:00,4767.7998046875,4774.0,4767.2001953125,4772.7998046875,628
2026-05-12 00:45:00+00:00,4759.2998046875,4771.5,4757.7998046875,4768.0,897
2026-05-12 01:00:00+00:00,4756.0,4765.60009765625,4751.60009765625,4758.89990234375,1783
2026-05-12 01:15:00+00:00,4744.7998046875,4761.2998046875,4743.2998046875,4756.2998046875,1375
2026-05-12 01:30:00+00:00,4738.7998046875,4748.7998046875,4729.7998046875,4744.39990234375,1728
2026-05-12 01:45:00+00:00,4736.60009765625,4741.0,4733.2998046875,4739.0,630
2026-05-12 02:00:00+00:00,4740.7001953125,4743.39990234375,4734.60009765625,4736.2998046875,710
2026-05-12 02:15:00+00:00,4736.10009765625,4740.60009765625,4733.7998046875,4740.60009765625,595
2026-05-12 02:30:00+00:00,4741.0,4741.0,4731.10009765625,4736.2998046875,485
2026-05-12 02:45:00+00:00,4739.7998046875,4743.2001953125,4736.5,4740.7998046875,1181
2026-05-12 03:00:00+00:00,4740.5,4742.39990234375,4736.2001953125,4739.5,797
2026-05-12 03:15:00+00:00,4733.0,4740.60009765625,4732.0,4740.39990234375,589
2026-05-12 03:30:00+00:00,4733.39990234375,4736.7998046875,4732.89990234375,4733.0,366
2026-05-12 03:45:00+00:00,4729.0,4733.7001953125,4726.7998046875,4733.2998046875,844
2026-05-12 04:00:00+00:00,4730.89990234375,4732.60009765625,4729.10009765625,4729.10009765625,299
2026-05-12 04:15:00+00:00,4731.39990234375,4739.60009765625,4730.89990234375,4731.2001953125,931
2026-05-12 04:30:00+00:00,4733.5,4735.7001953125,4730.2001953125,4731.5,222
2026-05-12 04:45:00+00:00,4723.10009765625,4734.2998046875,4720.10009765625,4733.2001953125,1122
2026-05-12 05:00:00+00:00,4721.2998046875,4727.60009765625,4717.5,4722.5,1463
2026-05-12 05:15:00+00:00,4724.39990234375,4725.5,4721.5,4721.5,646
2026-05-12 05:30:00+00:00,4724.2998046875,4731.0,4721.7001953125,4724.2001953125,780
2026-05-12 05:45:00+00:00,4723.2001953125,4728.7998046875,4718.60009765625,4723.89990234375,1047
2026-05-12 06:00:00+00:00,4713.39990234375,4722.60009765625,4711.0,4722.60009765625,2195
2026-05-12 06:15:00+00:00,4704.2998046875,4715.39990234375,4702.89990234375,4713.60009765625,1858
2026-05-12 06:30:00+00:00,4710.10009765625,4713.0,4703.5,4704.39990234375,1356
2026-05-12 06:45:00+00:00,4705.39990234375,4712.2998046875,4701.60009765625,4710.10009765625,1230
2026-05-12 07:00:00+00:00,4704.10009765625,4706.39990234375,4692.39990234375,4705.0,2182
2026-05-12 07:15:00+00:00,4705.7998046875,4707.7998046875,4702.2001953125,4703.2998046875,835
2026-05-12 07:30:00+00:00,4708.10009765625,4710.39990234375,4703.2998046875,4705.89990234375,753
2026-05-12 07:45:00+00:00,4707.7998046875,4711.7001953125,4705.7001953125,4708.0,1273
2026-05-12 08:00:00+00:00,4708.10009765625,4714.7998046875,4707.10009765625,4707.5,1023
2026-05-12 08:15:00+00:00,4710.7001953125,4712.2998046875,4704.60009765625,4707.60009765625,620
2026-05-12 08:30:00+00:00,4708.10009765625,4712.7001953125,4705.7001953125,4710.7001953125,484
2026-05-12 08:45:00+00:00,4710.89990234375,4714.5,4707.0,4707.60009765625,530
2026-05-12 09:00:00+00:00,4706.0,4711.39990234375,4706.0,4710.7001953125,596
2026-05-12 09:15:00+00:00,4707.2998046875,4710.0,4705.10009765625,4706.10009765625,706
2026-05-12 09:30:00+00:00,4703.39990234375,4713.2998046875,4702.2001953125,4707.2001953125,1826
2026-05-12 09:45:00+00:00,4707.60009765625,4709.7998046875,4702.39990234375,4704.2998046875,562
2026-05-12 10:00:00+00:00,4713.10009765625,4716.7001953125,4706.89990234375,4708.0,1049
2026-05-12 10:15:00+00:00,4708.2001953125,4713.5,4707.2001953125,4713.5,1087
2026-05-12 10:30:00+00:00,4698.60009765625,4708.2001953125,4692.7998046875,4708.2001953125,1922
2026-05-12 10:45:00+00:00,4701.89990234375,4702.10009765625,4697.10009765625,4698.5,640
2026-05-12 11:00:00+00:00,4699.2998046875,4705.89990234375,4694.7001953125,4702.39990234375,1531
2026-05-12 11:15:00+00:00,4707.7998046875,4708.10009765625,4699.60009765625,4699.60009765625,657
2026-05-12 11:30:00+00:00,4711.89990234375,4714.0,4705.7998046875,4708.0,827
2026-05-12 11:45:00+00:00,4714.60009765625,4717.2001953125,4710.2001953125,4712.2998046875,898
2026-05-12 12:00:00+00:00,4714.10009765625,4715.89990234375,4706.2998046875,4714.5,1107
2026-05-12 12:15:00+00:00,4704.7001953125,4716.2001953125,4702.7001953125,4714.0,2377
2026-05-12 12:30:00+00:00,4711.0,4716.60009765625,4697.39990234375,4704.7998046875,3296
2026-05-12 12:45:00+00:00,4713.7998046875,4719.7998046875,4708.2001953125,4711.0,2261
2026-05-12 13:00:00+00:00,4697.2001953125,4717.10009765625,4695.10009765625,4713.60009765625,3088
2026-05-12 13:15:00+00:00,4698.39990234375,4703.2001953125,4687.0,4696.60009765625,3632
2026-05-12 13:30:00+00:00,4706.39990234375,4709.5,4691.0,4698.39990234375,3190
2026-05-12 13:45:00+00:00,4687.0,4709.2001953125,4684.5,4706.60009765625,3300
2026-05-12 14:00:00+00:00,4700.89990234375,4703.0,4683.39990234375,4686.5,3545
2026-05-12 14:15:00+00:00,4690.60009765625,4702.10009765625,4690.0,4700.60009765625,1952
2026-05-12 14:30:00+00:00,4693.2998046875,4695.7998046875,4678.89990234375,4690.7001953125,3198
2026-05-12 14:45:00+00:00,4680.0,4693.0,4676.0,4692.89990234375,2171
2026-05-12 15:00:00+00:00,4672.0,4683.60009765625,4670.60009765625,4680.0,3743
2026-05-12 15:15:00+00:00,4663.2998046875,4673.2998046875,4645.2001953125,4671.5,9716
2026-05-12 15:30:00+00:00,4672.60009765625,4675.39990234375,4661.2001953125,4663.60009765625,3980
2026-05-12 15:45:00+00:00,4673.10009765625,4677.2998046875,4671.5,4672.60009765625,1471
2026-05-12 16:00:00+00:00,4678.89990234375,4680.2998046875,4671.2998046875,4673.5,1491
2026-05-12 16:15:00+00:00,4675.5,4682.39990234375,4673.5,4678.5,1433
2026-05-12 16:30:00+00:00,4676.7998046875,4678.7001953125,4672.10009765625,4675.5,794
2026-05-12 16:45:00+00:00,4678.10009765625,4681.60009765625,4673.7001953125,4676.5,1134
2026-05-12 17:00:00+00:00,4684.39990234375,4686.7998046875,4678.39990234375,4678.39990234375,1623
2026-05-12 17:15:00+00:00,4686.60009765625,4689.7998046875,4683.89990234375,4684.10009765625,5947
2026-05-12 17:30:00+00:00,4686.89990234375,4687.89990234375,4683.39990234375,4686.39990234375,2112
2026-05-12 17:45:00+00:00,4685.7001953125,4688.2998046875,4684.89990234375,4686.5,1295
2026-05-12 18:00:00+00:00,4688.10009765625,4690.60009765625,4683.0,4685.7001953125,1549
2026-05-12 18:15:00+00:00,4692.5,4695.0,4687.10009765625,4688.39990234375,806
2026-05-12 18:30:00+00:00,4702.7998046875,4704.7998046875,4692.10009765625,4692.10009765625,1647
2026-05-12 18:45:00+00:00,4703.0,4705.5,4697.7998046875,4702.39990234375,940
2026-05-12 19:00:00+00:00,4706.89990234375,4710.0,4703.60009765625,4704.10009765625,897
2026-05-12 19:15:00+00:00,4710.7998046875,4712.0,4706.2001953125,4707.89990234375,930
2026-05-12 19:30:00+00:00,4716.89990234375,4718.10009765625,4710.89990234375,4710.89990234375,1008
2026-05-12 19:45:00+00:00,4723.2001953125,4723.2998046875,4716.5,4716.89990234375,1353
2026-05-12 20:00:00+00:00,4720.7001953125,4726.7001953125,4719.39990234375,4722.7998046875,1055
2026-05-12 20:15:00+00:00,4720.7001953125,4723.7001953125,4719.7998046875,4721.2998046875,177
2026-05-12 20:30:00+00:00,4722.2001953125,4722.7998046875,4719.60009765625,4720.2998046875,250
2026-05-12 20:45:00+00:00,4722.60009765625,4723.39990234375,4720.5,4722.2998046875,282
2026-05-12 22:00:00+00:00,4722.0,4729.5,4720.2998046875,4722.2998046875,320
2026-05-12 22:15:00+00:00,4725.2998046875,4727.39990234375,4721.5,4722.7001953125,396
2026-05-12 22:30:00+00:00,4724.2998046875,4728.2001953125,4723.2998046875,4724.7001953125,381
2026-05-12 22:45:00+00:00,4724.60009765625,4730.2001953125,4724.10009765625,4724.89990234375,372
2026-05-12 23:00:00+00:00,4725.0,4730.7998046875,4723.5,4724.5,1053
2026-05-12 23:15:00+00:00,4727.5,4731.60009765625,4725.0,4725.2001953125,605
2026-05-12 23:30:00+00:00,4729.10009765625,4729.39990234375,4723.89990234375,4727.89990234375,534
2026-05-12 23:45:00+00:00,4724.7001953125,4731.2001953125,4723.0,4729.2001953125,702
2026-05-13 00:00:00+00:00,4728.2998046875,4734.7998046875,4722.7001953125,4724.5,975
2026-05-13 00:15:00+00:00,4730.89990234375,4734.5,4727.7001953125,4728.60009765625,719
2026-05-13 00:30:00+00:00,4728.2998046875,4733.39990234375,4724.5,4730.0,520
2026-05-13 00:45:00+00:00,4723.0,4728.39990234375,4721.0,4728.0,645
2026-05-13 01:00:00+00:00,4717.60009765625,4725.10009765625,4715.39990234375,4722.60009765625,1650
2026-05-13 01:15:00+00:00,4712.2001953125,4718.2001953125,4710.89990234375,4718.0,1328
2026-05-13 01:30:00+00:00,4717.2998046875,4718.5,4710.0,4712.39990234375,994
2026-05-13 01:45:00+00:00,4710.89990234375,4719.2001953125,4709.2001953125,4717.2998046875,595
2026-05-13 02:00:00+00:00,4709.89990234375,4715.7001953125,4707.10009765625,4710.5,903
2026-05-13 02:15:00+00:00,4708.10009765625,4712.39990234375,4705.7001953125,4709.10009765625,830
2026-05-13 02:30:00+00:00,4702.60009765625,4708.7001953125,4702.2001953125,4708.7001953125,865
2026-05-13 02:45:00+00:00,4700.60009765625,4705.2998046875,4696.0,4702.60009765625,1474
2026-05-13 03:00:00+00:00,4700.7001953125,4702.7001953125,4697.10009765625,4700.5,671
2026-05-13 03:15:00+00:00,4708.7001953125,4708.7998046875,4699.2001953125,4700.7001953125,740
2026-05-13 03:30:00+00:00,4712.2001953125,4714.2998046875,4708.2998046875,4708.39990234375,810
2026-05-13 03:45:00+00:00,4703.0,4713.5,4702.0,4712.2998046875,808
2026-05-13 04:00:00+00:00,4706.2001953125,4707.0,4703.39990234375,4704.5,387
2026-05-13 04:15:00+00:00,4709.39990234375,4711.2998046875,4705.89990234375,4705.89990234375,336
2026-05-13 04:30:00+00:00,4706.7998046875,4711.39990234375,4705.2998046875,4709.7998046875,410
2026-05-13 04:45:00+00:00,4707.89990234375,4710.0,4706.5,4707.10009765625,234
2026-05-13 05:00:00+00:00,4713.39990234375,4715.7001953125,4706.7001953125,4707.5,445
2026-05-13 05:15:00+00:00,4706.0,4713.2998046875,4705.7001953125,4713.10009765625,419
2026-05-13 05:30:00+00:00,4704.5,4710.60009765625,4701.2998046875,4706.2998046875,935
2026-05-13 05:45:00+00:00,4711.39990234375,4713.7001953125,4703.7998046875,4705.10009765625,665
2026-05-13 06:00:00+00:00,4718.0,4720.5,4710.89990234375,4711.7998046875,1223
2026-05-13 06:15:00+00:00,4716.39990234375,4723.10009765625,4714.5,4718.2998046875,981
2026-05-13 06:30:00+00:00,4719.0,4721.7001953125,4715.2998046875,4716.5,631
2026-05-13 06:45:00+00:00,4709.7998046875,4720.2001953125,4706.89990234375,4719.2001953125,1522
2026-05-13 07:00:00+00:00,4709.89990234375,4713.5,4704.7998046875,4709.7998046875,1841
2026-05-13 07:15:00+00:00,4715.7001953125,4716.60009765625,4709.7998046875,4710.10009765625,931
2026-05-13 07:30:00+00:00,4711.0,4715.60009765625,4710.5,4715.0,532
2026-05-13 07:45:00+00:00,4710.39990234375,4712.60009765625,4709.0,4711.39990234375,1078
2026-05-13 08:00:00+00:00,4707.7998046875,4712.0,4706.0,4710.2998046875,837
2026-05-13 08:15:00+00:00,4704.5,4708.5,4702.2001953125,4707.7998046875,1117
2026-05-13 08:30:00+00:00,4703.5,4707.39990234375,4701.7998046875,4705.10009765625,758
2026-05-13 08:45:00+00:00,4707.7001953125,4710.10009765625,4702.0,4703.7998046875,785
2026-05-13 09:00:00+00:00,4701.89990234375,4709.2001953125,4700.7001953125,4707.7998046875,681
2026-05-13 09:15:00+00:00,4695.89990234375,4702.60009765625,4692.2998046875,4701.5,2539
2026-05-13 09:30:00+00:00,4701.89990234375,4702.2001953125,4693.2998046875,4695.7998046875,1386
2026-05-13 09:45:00+00:00,4709.0,4709.0,4700.60009765625,4701.5,1277
2026-05-13 10:00:00+00:00,4709.60009765625,4718.2001953125,4706.5,4708.39990234375,1380
2026-05-13 10:15:00+00:00,4707.2001953125,4713.60009765625,4706.2001953125,4710.2001953125,561
2026-05-13 10:30:00+00:00,4703.0,4707.5,4701.39990234375,4707.10009765625,613
2026-05-13 10:45:00+00:00,4701.60009765625,4704.39990234375,4701.0,4703.39990234375,487
2026-05-13 11:00:00+00:00,4706.7998046875,4706.89990234375,4698.60009765625,4701.7998046875,651
2026-05-13 11:15:00+00:00,4706.2001953125,4708.5,4703.60009765625,4706.2998046875,573
2026-05-13 11:30:00+00:00,4711.39990234375,4713.2998046875,4706.10009765625,4706.5,1180
2026-05-13 11:45:00+00:00,4705.2001953125,4713.89990234375,4705.2001953125,4711.7998046875,709
2026-05-13 12:00:00+00:00,4701.39990234375,4709.39990234375,4700.7001953125,4704.89990234375,944
2026-05-13 12:15:00+00:00,4692.10009765625,4701.5,4690.0,4701.2998046875,3194
2026-05-13 12:30:00+00:00,4689.89990234375,4695.2001953125,4682.0,4692.39990234375,3898
2026-05-13 12:45:00+00:00,4690.7001953125,4692.89990234375,4684.2998046875,4690.2998046875,1954
2026-05-13 13:00:00+00:00,4697.2001953125,4698.39990234375,4690.5,4690.60009765625,1885
2026-05-13 13:15:00+00:00,4695.89990234375,4702.0,4693.7001953125,4696.7001953125,1916
2026-05-13 13:30:00+00:00,4685.7001953125,4698.0,4679.89990234375,4696.0,4510
2026-05-13 13:45:00+00:00,4686.2001953125,4690.2001953125,4676.0,4685.39990234375,2747
2026-05-13 14:00:00+00:00,4688.0,4690.5,4679.7998046875,4686.2001953125,3414
2026-05-13 14:15:00+00:00,4691.2998046875,4692.60009765625,4680.2001953125,4687.89990234375,1915
2026-05-13 14:30:00+00:00,4691.10009765625,4698.2998046875,4690.0,4691.0,2178
2026-05-13 14:45:00+00:00,4686.7998046875,4692.5,4684.2001953125,4691.2001953125,2428
2026-05-13 15:00:00+00:00,4694.5,4698.10009765625,4686.0,4687.10009765625,1556
2026-05-13 15:15:00+00:00,4698.2001953125,4699.0,4692.0,4694.10009765625,994
2026-05-13 15:30:00+00:00,4707.39990234375,4708.0,4694.10009765625,4698.10009765625,2627
2026-05-13 15:45:00+00:00,4703.2998046875,4707.2998046875,4702.39990234375,4707.2001953125,920
2026-05-13 16:00:00+00:00,4709.60009765625,4710.7998046875,4702.7998046875,4703.0,1643
2026-05-13 16:15:00+00:00,4714.7001953125,4717.89990234375,4706.39990234375,4709.60009765625,3770
2026-05-13 16:30:00+00:00,4707.89990234375,4715.7001953125,4707.89990234375,4714.7001953125,1923
2026-05-13 16:45:00+00:00,4703.5,4709.7998046875,4702.89990234375,4708.2001953125,961
2026-05-13 17:00:00+00:00,4707.60009765625,4708.89990234375,4703.60009765625,4703.7001953125,1351
2026-05-13 17:15:00+00:00,4706.2998046875,4709.2001953125,4704.5,4707.39990234375,7353
2026-05-13 17:30:00+00:00,4699.5,4706.60009765625,4698.10009765625,4706.5,1966
2026-05-13 17:45:00+00:00,4693.39990234375,4702.60009765625,4692.60009765625,4699.60009765625,1010
2026-05-13 18:00:00+00:00,4700.5,4700.7998046875,4692.5,4693.7998046875,1505
2026-05-13 18:15:00+00:00,4700.2001953125,4702.0,4696.7998046875,4700.60009765625,497
2026-05-13 18:30:00+00:00,4694.10009765625,4700.89990234375,4693.39990234375,4699.60009765625,869
2026-05-13 18:45:00+00:00,4692.89990234375,4695.39990234375,4685.5,4694.2001953125,1259
2026-05-13 19:00:00+00:00,4696.89990234375,4697.10009765625,4691.2998046875,4692.60009765625,374
2026-05-13 19:15:00+00:00,4695.0,4698.60009765625,4694.2998046875,4697.0,450
2026-05-13 19:30:00+00:00,4696.39990234375,4697.10009765625,4692.2001953125,4695.2001953125,434
2026-05-13 19:45:00+00:00,4696.10009765625,4697.10009765625,4691.7998046875,4696.2001953125,885
2026-05-13 20:00:00+00:00,4698.89990234375,4699.0,4693.7001953125,4696.0,348
2026-05-13 20:15:00+00:00,4699.39990234375,4701.39990234375,4698.10009765625,4698.89990234375,243
2026-05-13 20:30:00+00:00,4698.7001953125,4701.2001953125,4697.0,4699.39990234375,266
2026-05-13 20:45:00+00:00,4697.10009765625,4699.2001953125,4695.7998046875,4698.2001953125,202
2026-05-13 22:00:00+00:00,4697.7998046875,4700.89990234375,4695.5,4696.7998046875,162
2026-05-13 22:15:00+00:00,4703.39990234375,4704.0,4697.39990234375,4697.5,318
2026-05-13 22:30:00+00:00,4705.60009765625,4707.0,4702.0,4703.89990234375,276
2026-05-13 22:45:00+00:00,4706.39990234375,4707.2998046875,4703.10009765625,4705.7998046875,272
2026-05-13 23:00:00+00:00,4708.2001953125,4709.0,4705.7001953125,4706.2001953125,135
2026-05-13 23:15:00+00:00,4704.2998046875,4708.10009765625,4703.2001953125,4708.10009765625,228
2026-05-13 23:30:00+00:00,4701.7001953125,4704.39990234375,4701.0,4703.5,288
2026-05-13 23:45:00+00:00,4703.5,4703.7998046875,4699.7001953125,4701.89990234375,181
2026-05-14 00:00:00+00:00,4704.2998046875,4706.2001953125,4696.2001953125,4703.10009765625,611
2026-05-14 00:15:00+00:00,4708.0,4712.89990234375,4704.10009765625,4704.10009765625,530
2026-05-14 00:30:00+00:00,4706.89990234375,4710.0,4699.60009765625,4709.0,507
2026-05-14 00:45:00+00:00,4712.0,4713.7001953125,4706.39990234375,4707.5,472
2026-05-14 01:00:00+00:00,4696.60009765625,4714.0,4690.7001953125,4712.2001953125,1818
2026-05-14 01:15:00+00:00,4698.89990234375,4701.89990234375,4694.2001953125,4694.60009765625,670
2026-05-14 01:30:00+00:00,4695.2998046875,4701.39990234375,4690.2998046875,4699.0,682
2026-05-14 01:45:00+00:00,4695.0,4701.7998046875,4690.2001953125,4695.2998046875,649
2026-05-14 02:00:00+00:00,4694.7998046875,4700.7998046875,4693.10009765625,4695.5,343
2026-05-14 02:15:00+00:00,4700.10009765625,4701.10009765625,4693.7998046875,4694.60009765625,508
2026-05-14 02:30:00+00:00,4697.89990234375,4706.5,4696.0,4700.2998046875,638
2026-05-14 02:45:00+00:00,4692.7001953125,4699.7998046875,4686.0,4698.2001953125,976
2026-05-14 03:00:00+00:00,4689.0,4696.7998046875,4687.60009765625,4692.7998046875,789
2026-05-14 03:15:00+00:00,4697.2001953125,4699.39990234375,4687.5,4688.7998046875,785
2026-05-14 03:30:00+00:00,4682.2998046875,4697.5,4681.89990234375,4697.10009765625,819
2026-05-14 03:45:00+00:00,4680.7998046875,4683.89990234375,4679.2998046875,4682.5,457
2026-05-14 04:00:00+00:00,4688.0,4688.5,4673.2001953125,4680.7998046875,1456
2026-05-14 04:15:00+00:00,4708.5,4713.5,4687.5,4688.2998046875,2173
2026-05-14 04:30:00+00:00,4711.5,4719.7001953125,4707.2998046875,4708.39990234375,1504
2026-05-14 04:45:00+00:00,4709.2001953125,4713.5,4708.7998046875,4711.7998046875,465
2026-05-14 05:00:00+00:00,4707.0,4711.2001953125,4706.60009765625,4709.5,523
2026-05-14 05:15:00+00:00,4700.7998046875,4707.10009765625,4700.0,4706.60009765625,472
2026-05-14 05:30:00+00:00,4704.2001953125,4708.2998046875,4700.0,4700.2001953125,835
2026-05-14 05:45:00+00:00,4696.2998046875,4710.2001953125,4696.0,4704.7998046875,755
2026-05-14 06:00:00+00:00,4694.7001953125,4701.39990234375,4692.7001953125,4696.2001953125,1153
2026-05-14 06:15:00+00:00,4698.10009765625,4700.2001953125,4693.2998046875,4694.2001953125,497
2026-05-14 06:30:00+00:00,4705.60009765625,4706.2998046875,4697.2998046875,4698.10009765625,776
2026-05-14 06:45:00+00:00,4707.2001953125,4709.2998046875,4701.7001953125,4705.5,818
2026-05-14 07:00:00+00:00,4702.0,4709.10009765625,4701.2001953125,4706.7001953125,766
2026-05-14 07:15:00+00:00,4711.89990234375,4713.2001953125,4701.5,4701.5,878
2026-05-14 07:30:00+00:00,4716.60009765625,4725.7998046875,4709.2998046875,4712.2998046875,2304
2026-05-14 07:45:00+00:00,4700.10009765625,4716.7998046875,4697.7001953125,4716.2001953125,1844
2026-05-14 08:00:00+00:00,4705.89990234375,4707.89990234375,4698.89990234375,4699.5,920
2026-05-14 08:15:00+00:00,4710.5,4711.7001953125,4704.0,4706.2998046875,1116
2026-05-14 08:30:00+00:00,4703.39990234375,4713.60009765625,4702.7001953125,4710.2998046875,860
2026-05-14 08:45:00+00:00,4700.2998046875,4704.10009765625,4699.7998046875,4703.89990234375,471
2026-05-14 09:00:00+00:00,4701.5,4704.7001953125,4696.0,4699.7998046875,727
2026-05-14 09:15:00+00:00,4697.2998046875,4703.10009765625,4697.2001953125,4700.89990234375,521
2026-05-14 09:30:00+00:00,4702.0,4703.7998046875,4694.60009765625,4697.10009765625,916
2026-05-14 09:45:00+00:00,4706.10009765625,4709.2998046875,4702.5,4702.5,599
2026-05-14 10:00:00+00:00,4703.60009765625,4711.89990234375,4702.5,4706.0,683
2026-05-14 10:15:00+00:00,4704.10009765625,4704.60009765625,4700.2001953125,4704.2001953125,428
2026-05-14 10:30:00+00:00,4700.2001953125,4704.39990234375,4698.5,4704.2998046875,544
2026-05-14 10:45:00+00:00,4704.10009765625,4704.39990234375,4698.0,4700.2998046875,861
2026-05-14 11:00:00+00:00,4704.0,4705.39990234375,4698.89990234375,4703.5,640
2026-05-14 11:15:00+00:00,4698.2001953125,4703.7998046875,4695.89990234375,4703.60009765625,594
2026-05-14 11:30:00+00:00,4702.10009765625,4703.5,4697.10009765625,4698.5,282
2026-05-14 11:45:00+00:00,4700.39990234375,4711.60009765625,4700.39990234375,4701.60009765625,1586
2026-05-14 12:00:00+00:00,4709.89990234375,4710.10009765625,4698.39990234375,4700.2001953125,1375
2026-05-14 12:15:00+00:00,4709.10009765625,4714.5,4705.39990234375,4710.2998046875,2386
2026-05-14 12:30:00+00:00,4704.7001953125,4716.89990234375,4704.7001953125,4710.0,2589
2026-05-14 12:45:00+00:00,4711.7998046875,4713.2998046875,4702.60009765625,4704.2998046875,1013
2026-05-14 13:00:00+00:00,4711.2998046875,4715.2001953125,4702.5,4712.2001953125,1384
2026-05-14 13:15:00+00:00,4694.5,4711.10009765625,4694.2001953125,4710.89990234375,2047
2026-05-14 13:30:00+00:00,4682.2998046875,4696.0,4671.2998046875,4694.60009765625,5295
2026-05-14 13:45:00+00:00,4685.2001953125,4696.7998046875,4681.39990234375,4682.2001953125,4579
2026-05-14 14:00:00+00:00,4694.2998046875,4696.39990234375,4683.0,4685.0,3332
2026-05-14 14:15:00+00:00,4697.7001953125,4707.2998046875,4692.7998046875,4694.0,3825
2026-05-14 14:30:00+00:00,4693.2998046875,4698.7998046875,4692.5,4697.7001953125,993
2026-05-14 14:45:00+00:00,4685.7001953125,4696.60009765625,4685.2998046875,4693.0,1301
2026-05-14 15:00:00+00:00,4690.7001953125,4692.7998046875,4683.0,4685.60009765625,1445
2026-05-14 15:15:00+00:00,4692.0,4695.7998046875,4690.2001953125,4690.7998046875,1009
2026-05-14 15:30:00+00:00,4688.60009765625,4695.2001953125,4687.10009765625,4691.7998046875,1028
2026-05-14 15:45:00+00:00,4691.89990234375,4693.0,4686.7001953125,4688.5,898
2026-05-14 16:00:00+00:00,4685.10009765625,4693.5,4680.2998046875,4692.10009765625,1740
2026-05-14 16:15:00+00:00,4683.2001953125,4687.60009765625,4681.2998046875,4684.7001953125,1020
2026-05-14 16:30:00+00:00,4681.5,4684.5,4676.10009765625,4683.5,1548
2026-05-14 16:45:00+00:00,4684.7998046875,4685.39990234375,4678.5,4681.60009765625,816
2026-05-14 17:00:00+00:00,4684.89990234375,4689.60009765625,4684.39990234375,4684.39990234375,1450
2026-05-14 17:15:00+00:00,4683.60009765625,4689.2998046875,4683.10009765625,4684.7998046875,2683
2026-05-14 17:30:00+00:00,4687.7001953125,4687.7001953125,4682.7001953125,4683.7001953125,920
2026-05-14 17:45:00+00:00,4684.2001953125,4687.89990234375,4683.7998046875,4687.39990234375,492
2026-05-14 18:00:00+00:00,4680.5,4684.5,4674.5,4684.5,1929
2026-05-14 18:15:00+00:00,4679.2998046875,4682.2998046875,4678.7998046875,4680.39990234375,778
2026-05-14 18:30:00+00:00,4674.2998046875,4680.60009765625,4674.2001953125,4679.5,624
2026-05-14 18:45:00+00:00,4677.2998046875,4677.5,4672.5,4674.5,606
2026-05-14 19:00:00+00:00,4673.2001953125,4677.39990234375,4672.0,4677.39990234375,700
2026-05-14 19:15:00+00:00,4668.89990234375,4674.5,4667.60009765625,4672.89990234375,1123
2026-05-14 19:30:00+00:00,4662.2001953125,4670.7998046875,4660.7998046875,4668.7001953125,1833
2026-05-14 19:45:00+00:00,4659.5,4664.2998046875,4658.0,4661.7001953125,2040
2026-05-14 20:00:00+00:00,4655.2998046875,4663.0,4654.2001953125,4659.60009765625,1202
2026-05-14 20:15:00+00:00,4653.0,4656.2001953125,4651.7001953125,4654.7998046875,465
2026-05-14 20:30:00+00:00,4655.7001953125,4658.0,4649.2998046875,4653.0,796
2026-05-14 20:45:00+00:00,4655.39990234375,4657.5,4654.2001953125,4656.10009765625,341
2026-05-14 22:00:00+00:00,4659.2998046875,4662.60009765625,4651.0,4654.5,409
2026-05-14 22:15:00+00:00,4662.89990234375,4663.7001953125,4659.7998046875,4659.7998046875,441
2026-05-14 22:30:00+00:00,4665.60009765625,4666.7998046875,4662.7001953125,4663.2998046875,524
2026-05-14 22:45:00+00:00,4666.7001953125,4667.0,4664.0,4666.10009765625,208
2026-05-14 23:00:00+00:00,4663.10009765625,4668.10009765625,4663.0,4666.39990234375,488
2026-05-14 23:15:00+00:00,4668.39990234375,4668.7001953125,4659.89990234375,4663.39990234375,729
2026-05-14 23:30:00+00:00,4661.7001953125,4670.10009765625,4651.0,4668.10009765625,1365
2026-05-14 23:45:00+00:00,4656.7001953125,4661.5,4652.2001953125,4661.2998046875,410
2026-05-15 00:00:00+00:00,4654.2001953125,4658.2001953125,4645.5,4656.39990234375,1218
2026-05-15 00:15:00+00:00,4634.60009765625,4662.7998046875,4629.10009765625,4655.5,2712
2026-05-15 00:30:00+00:00,4624.10009765625,4634.89990234375,4618.2998046875,4634.60009765625,3211
2026-05-15 00:45:00+00:00,4635.10009765625,4636.0,4621.7001953125,4624.2001953125,1645
2026-05-15 01:00:00+00:00,4619.2001953125,4636.7001953125,4612.2998046875,4635.0,2306
2026-05-15 01:15:00+00:00,4613.60009765625,4630.2998046875,4612.5,4619.2001953125,1949
2026-05-15 01:30:00+00:00,4627.2001953125,4627.39990234375,4611.60009765625,4612.7998046875,1075
2026-05-15 01:45:00+00:00,4617.89990234375,4628.7001953125,4611.0,4626.5,2008
2026-05-15 02:00:00+00:00,4617.2001953125,4623.2998046875,4613.5,4617.89990234375,1226
2026-05-15 02:15:00+00:00,4616.7001953125,4620.60009765625,4613.7998046875,4617.0,725
2026-05-15 02:30:00+00:00,4621.39990234375,4622.0,4613.5,4616.2001953125,682
2026-05-15 02:45:00+00:00,4621.89990234375,4627.39990234375,4615.39990234375,4621.89990234375,905
2026-05-15 03:00:00+00:00,4621.60009765625,4626.5,4618.10009765625,4621.60009765625,1242
2026-05-15 03:15:00+00:00,4616.5,4622.7998046875,4613.39990234375,4621.89990234375,848
2026-05-15 03:30:00+00:00,4617.5,4621.60009765625,4611.2998046875,4617.60009765625,765
2026-05-15 03:45:00+00:00,4619.7998046875,4622.10009765625,4614.5,4617.60009765625,573
2026-05-15 04:00:00+00:00,4623.89990234375,4625.89990234375,4616.89990234375,4619.2998046875,526
2026-05-15 04:15:00+00:00,4614.89990234375,4624.60009765625,4611.5,4623.7998046875,918
2026-05-15 04:30:00+00:00,4610.0,4619.2001953125,4608.2001953125,4615.2001953125,522
2026-05-15 04:45:00+00:00,4610.0,4616.60009765625,4609.0,4610.2001953125,790
2026-05-15 05:00:00+00:00,4596.0,4610.60009765625,4592.60009765625,4610.0,2629
2026-05-15 05:15:00+00:00,4592.7998046875,4599.39990234375,4584.89990234375,4596.2001953125,2686
2026-05-15 05:30:00+00:00,4572.10009765625,4594.2998046875,4567.5,4592.7001953125,3967
2026-05-15 05:45:00+00:00,4562.89990234375,4577.2001953125,4560.10009765625,4571.7998046875,2675
2026-05-15 06:00:00+00:00,4574.2001953125,4576.7998046875,4560.5,4562.39990234375,2448
2026-05-15 06:15:00+00:00,4579.2001953125,4582.39990234375,4573.7998046875,4574.7998046875,2651
2026-05-15 06:30:00+00:00,4572.0,4585.39990234375,4571.10009765625,4579.0,1729
2026-05-15 06:45:00+00:00,4574.5,4578.39990234375,4568.60009765625,4572.0,1659
2026-05-15 07:00:00+00:00,4590.60009765625,4591.10009765625,4569.7998046875,4573.89990234375,2970
2026-05-15 07:15:00+00:00,4586.89990234375,4593.7998046875,4583.7998046875,4590.60009765625,1885
2026-05-15 07:30:00+00:00,4582.7998046875,4587.5,4579.60009765625,4586.0,1599
2026-05-15 07:45:00+00:00,4575.7001953125,4584.0,4573.39990234375,4582.7001953125,1709
2026-05-15 08:00:00+00:00,4569.7001953125,4576.89990234375,4561.2998046875,4575.60009765625,2540
2026-05-15 08:15:00+00:00,4562.5,4569.7001953125,4556.7998046875,4569.5,2473
2026-05-15 08:30:00+00:00,4567.0,4567.39990234375,4553.2001953125,4562.10009765625,2377
2026-05-15 08:45:00+00:00,4558.89990234375,4568.60009765625,4556.2998046875,4567.0,1333
2026-05-15 09:00:00+00:00,4551.60009765625,4568.2001953125,4549.7001953125,4559.0,2370
2026-05-15 09:15:00+00:00,4556.7998046875,4558.7998046875,4543.10009765625,4551.2001953125,2423
2026-05-15 09:30:00+00:00,4547.7998046875,4559.7001953125,4546.7001953125,4557.10009765625,1717
2026-05-15 09:45:00+00:00,4549.7998046875,4551.0,4535.39990234375,4547.2001953125,2561
2026-05-15 10:00:00+00:00,4565.0,4567.0,4548.0,4549.89990234375,2230
2026-05-15 10:15:00+00:00,4555.7998046875,4567.60009765625,4555.60009765625,4565.10009765625,1674
2026-05-15 10:30:00+00:00,4559.0,4560.5,4553.60009765625,4555.89990234375,1027
2026-05-15 10:45:00+00:00,4570.2001953125,4577.0,4558.2998046875,4559.0,3113
2026-05-15 11:00:00+00:00,4570.60009765625,4574.7998046875,4565.0,4570.5,1511
2026-05-15 11:15:00+00:00,4566.7001953125,4573.60009765625,4563.39990234375,4571.0,807
2026-05-15 11:30:00+00:00,4556.10009765625,4567.0,4555.39990234375,4567.0,1394
2026-05-15 11:45:00+00:00,4555.89990234375,4563.5,4554.0,4555.7998046875,1302
2026-05-15 12:00:00+00:00,4549.89990234375,4559.5,4549.2998046875,4556.0,1870
2026-05-15 12:15:00+00:00,4559.7001953125,4562.7001953125,4549.0,4549.60009765625,2900
2026-05-15 12:30:00+00:00,4549.89990234375,4559.10009765625,4546.2998046875,4558.60009765625,2251
2026-05-15 12:45:00+00:00,4550.2001953125,4559.7998046875,4547.7001953125,4549.2998046875,1593
2026-05-15 13:00:00+00:00,4550.60009765625,4553.89990234375,4539.89990234375,4550.10009765625,3885
2026-05-15 13:15:00+00:00,4553.2001953125,4561.89990234375,4543.7998046875,4550.7001953125,2297
2026-05-15 13:30:00+00:00,4523.89990234375,4555.2998046875,4523.7998046875,4553.2001953125,6979
2026-05-15 13:45:00+00:00,4537.2998046875,4545.7001953125,4513.7998046875,4523.7998046875,5933
2026-05-15 14:00:00+00:00,4547.60009765625,4554.5,4529.2998046875,4536.89990234375,5110
2026-05-15 14:15:00+00:00,4559.7001953125,4567.10009765625,4544.39990234375,4547.60009765625,4102
2026-05-15 14:30:00+00:00,4561.10009765625,4565.0,4554.89990234375,4560.0,2084
2026-05-15 14:45:00+00:00,4566.7998046875,4570.89990234375,4550.2001953125,4561.39990234375,2339
2026-05-15 15:00:00+00:00,4555.89990234375,4568.0,4554.60009765625,4567.2998046875,1870
2026-05-15 15:15:00+00:00,4551.10009765625,4557.5,4546.7001953125,4556.60009765625,2266
2026-05-15 15:30:00+00:00,4545.60009765625,4554.5,4543.5,4551.0,1594
2026-05-15 15:45:00+00:00,4543.7998046875,4547.7001953125,4538.0,4545.10009765625,2058
2026-05-15 16:00:00+00:00,4536.60009765625,4546.5,4533.2001953125,4543.7998046875,2011
2026-05-15 16:15:00+00:00,4544.7998046875,4546.7001953125,4535.39990234375,4536.60009765625,1486
2026-05-15 16:30:00+00:00,4551.5,4552.39990234375,4544.2998046875,4545.39990234375,1240
2026-05-15 16:45:00+00:00,4548.7001953125,4552.2001953125,4546.10009765625,4551.5,942
2026-05-15 17:00:00+00:00,4561.2001953125,4562.5,4547.2001953125,4548.5,2397
2026-05-15 17:15:00+00:00,4565.10009765625,4568.7001953125,4558.60009765625,4561.39990234375,1580
