Datetime,Close,High,Low,Open,Volume
2026-05-08 04:00:00+00:00,4729.5,4730.2998046875,4728.60009765625,4728.60009765625,0
2026-05-08 04:01:00+00:00,4729.2001953125,4729.5,4728.60009765625,4729.5,10
2026-05-08 04:02:00+00:00,4730.7998046875,4731.10009765625,4729.39990234375,4729.5,45
2026-05-08 04:03:00+00:00,4731.0,4731.89990234375,4730.2998046875,4730.7998046875,54
2026-05-08 04:04:00+00:00,4728.7998046875,4731.2998046875,4728.39990234375,4730.39990234375,69
2026-05-08 04:05:00+00:00,4726.60009765625,4728.89990234375,4726.2001953125,4728.89990234375,36
2026-05-08 04:06:00+00:00,4725.2001953125,4726.2998046875,4725.0,4726.2998046875,62
2026-05-08 04:07:00+00:00,4725.60009765625,4726.5,4724.89990234375,4725.2998046875,115
2026-05-08 04:08:00+00:00,4726.7998046875,4726.7998046875,4724.5,4725.10009765625,44
2026-05-08 04:09:00+00:00,4727.7001953125,4727.7998046875,4726.60009765625,4726.60009765625,17
2026-05-08 04:10:00+00:00,4727.7998046875,4728.2001953125,4727.39990234375,4727.39990234375,27
2026-05-08 04:11:00+00:00,4727.2001953125,4727.5,4726.7998046875,4727.5,14
2026-05-08 04:12:00+00:00,4725.5,4726.2998046875,4724.7998046875,4726.2998046875,18
2026-05-08 04:13:00+00:00,4723.60009765625,4725.60009765625,4723.5,4725.39990234375,25
2026-05-08 04:14:00+00:00,4723.5,4724.7001953125,4723.5,4724.10009765625,16
2026-05-08 04:15:00+00:00,4722.5,4723.60009765625,4722.0,4723.39990234375,35
2026-05-08 04:16:00+00:00,4723.89990234375,4724.10009765625,4722.5,4722.60009765625,35
2026-05-08 04:17:00+00:00,4724.60009765625,4724.60009765625,4723.89990234375,4724.0,17
2026-05-08 04:18:00+00:00,4725.10009765625,4725.39990234375,4724.2001953125,4724.5,18
2026-05-08 04:19:00+00:00,4724.5,4725.5,4724.5,4725.5,10
2026-05-08 04:20:00+00:00,4724.7998046875,4724.7998046875,4724.2001953125,4724.2001953125,3
2026-05-08 04:21:00+00:00,4724.39990234375,4725.0,4724.39990234375,4725.0,3
2026-05-08 04:22:00+00:00,4724.2001953125,4725.10009765625,4723.7001953125,4723.89990234375,30
2026-05-08 04:23:00+00:00,4725.60009765625,4726.5,4725.0,4725.0,25
2026-05-08 04:24:00+00:00,4726.2998046875,4726.2998046875,4725.60009765625,4725.7001953125,27
2026-05-08 04:25:00+00:00,4725.7998046875,4726.89990234375,4725.39990234375,4726.2998046875,45
2026-05-08 04:26:00+00:00,4726.10009765625,4726.7998046875,4725.5,4725.5,46
2026-05-08 04:27:00+00:00,4724.10009765625,4726.2001953125,4724.10009765625,4725.7998046875,55
2026-05-08 04:28:00+00:00,4724.7998046875,4724.7998046875,4723.7998046875,4724.10009765625,32
2026-05-08 04:29:00+00:00,4725.89990234375,4726.7001953125,4724.2998046875,4724.5,40
2026-05-08 04:30:00+00:00,4725.89990234375,4726.7001953125,4725.89990234375,4726.39990234375,12
2026-05-08 04:31:00+00:00,4724.7998046875,4725.0,4724.7998046875,4725.0,2
2026-05-08 04:32:00+00:00,4723.7998046875,4724.60009765625,4723.7998046875,4724.2998046875,9
2026-05-08 04:33:00+00:00,4723.5,4723.7998046875,4723.10009765625,4723.7998046875,15
2026-05-08 04:34:00+00:00,4723.7998046875,4724.39990234375,4723.2998046875,4723.2998046875,8
2026-05-08 04:35:00+00:00,4722.60009765625,4723.2998046875,4722.5,4723.2998046875,9
2026-05-08 04:36:00+00:00,4722.89990234375,4724.10009765625,4722.2001953125,4722.60009765625,67
2026-05-08 04:37:00+00:00,4723.7001953125,4724.2001953125,4722.7001953125,4723.7998046875,77
2026-05-08 04:38:00+00:00,4723.89990234375,4724.5,4723.2001953125,4723.60009765625,65
2026-05-08 04:39:00+00:00,4722.2998046875,4724.10009765625,4722.2998046875,4724.0,112
2026-05-08 04:40:00+00:00,4720.5,4722.2998046875,4720.39990234375,4722.2001953125,37
2026-05-08 04:41:00+00:00,4719.39990234375,4721.2998046875,4719.2001953125,4720.60009765625,105
2026-05-08 04:42:00+00:00,4718.60009765625,4720.2001953125,4718.39990234375,4719.39990234375,136
2026-05-08 04:43:00+00:00,4717.60009765625,4719.2001953125,4716.60009765625,4718.2998046875,155
2026-05-08 04:44:00+00:00,4720.7998046875,4720.7998046875,4717.7001953125,4718.2001953125,58
2026-05-08 04:45:00+00:00,4719.7001953125,4720.7998046875,4719.7001953125,4720.2001953125,10
2026-05-08 04:46:00+00:00,4720.10009765625,4720.39990234375,4718.7001953125,4719.7001953125,17
2026-05-08 04:47:00+00:00,4720.10009765625,4721.0,4719.2998046875,4720.60009765625,14
2026-05-08 04:48:00+00:00,4719.39990234375,4719.5,4718.7998046875,4719.5,11
2026-05-08 04:49:00+00:00,4722.0,4722.10009765625,4719.60009765625,4719.7998046875,26
2026-05-08 04:50:00+00:00,4721.2998046875,4722.60009765625,4720.60009765625,4722.2998046875,18
2026-05-08 04:51:00+00:00,4721.2998046875,4721.39990234375,4720.7001953125,4721.39990234375,16
2026-05-08 04:52:00+00:00,4722.89990234375,4723.2998046875,4721.5,4721.5,24
2026-05-08 04:53:00+00:00,4723.5,4723.60009765625,4722.2998046875,4722.89990234375,16
2026-05-08 04:54:00+00:00,4724.5,4724.60009765625,4723.2001953125,4723.2998046875,22
2026-05-08 04:55:00+00:00,4723.2998046875,4725.0,4722.89990234375,4724.7998046875,20
2026-05-08 04:56:00+00:00,4723.39990234375,4723.5,4722.89990234375,4722.89990234375,7
2026-05-08 04:57:00+00:00,4722.7001953125,4724.0,4722.7001953125,4723.2001953125,16
2026-05-08 04:58:00+00:00,4722.39990234375,4723.10009765625,4722.0,4723.0,33
2026-05-08 04:59:00+00:00,4719.39990234375,4722.2001953125,4718.2998046875,4722.2001953125,76
2026-05-08 05:00:00+00:00,4721.10009765625,4721.10009765625,4718.2998046875,4719.60009765625,103
2026-05-08 05:01:00+00:00,4722.10009765625,4722.2001953125,4720.60009765625,4720.7001953125,20
2026-05-08 05:02:00+00:00,4721.2001953125,4722.2998046875,4721.2001953125,4721.89990234375,16
2026-05-08 05:03:00+00:00,4720.7998046875,4720.89990234375,4720.39990234375,4720.7998046875,13
2026-05-08 05:04:00+00:00,4720.89990234375,4721.60009765625,4719.39990234375,4720.39990234375,22
2026-05-08 05:05:00+00:00,4721.7001953125,4721.89990234375,4721.2001953125,4721.89990234375,7
2026-05-08 05:06:00+00:00,4721.2001953125,4721.39990234375,4721.2001953125,4721.2001953125,4
2026-05-08 05:07:00+00:00,4723.5,4723.5,4721.7001953125,4721.7001953125,15
2026-05-08 05:08:00+00:00,4724.0,4724.10009765625,4723.5,4723.89990234375,17
2026-05-08 05:09:00+00:00,4723.2998046875,4725.0,4723.2998046875,4724.2998046875,16
2026-05-08 05:10:00+00:00,4723.89990234375,4724.7998046875,4722.89990234375,4723.10009765625,14
2026-05-08 05:11:00+00:00,4722.2998046875,4724.2001953125,4721.7001953125,4724.2001953125,22
2026-05-08 05:12:00+00:00,4722.89990234375,4722.89990234375,4722.0,4722.7001953125,4
2026-05-08 05:13:00+00:00,4722.0,4722.39990234375,4721.10009765625,4722.39990234375,19
2026-05-08 05:14:00+00:00,4720.89990234375,4720.89990234375,4720.89990234375,4720.89990234375,1
2026-05-08 05:15:00+00:00,4719.89990234375,4720.89990234375,4719.60009765625,4720.60009765625,16
2026-05-08 05:16:00+00:00,4720.2001953125,4720.2001953125,4720.2001953125,4720.2001953125,1
2026-05-08 05:17:00+00:00,4721.2998046875,4722.5,4721.2001953125,4721.39990234375,14
2026-05-08 05:18:00+00:00,4722.5,4722.7001953125,4721.2998046875,4721.2998046875,13
2026-05-08 05:19:00+00:00,4723.10009765625,4723.10009765625,4722.39990234375,4722.5,5
2026-05-08 05:20:00+00:00,4724.2998046875,4724.2998046875,4723.0,4723.0,10
2026-05-08 05:21:00+00:00,4723.60009765625,4724.60009765625,4723.60009765625,4723.89990234375,17
2026-05-08 05:22:00+00:00,4723.7998046875,4723.7998046875,4722.0,4723.39990234375,30
2026-05-08 05:23:00+00:00,4723.2001953125,4724.0,4723.2001953125,4723.60009765625,21
2026-05-08 05:24:00+00:00,4723.2001953125,4723.7998046875,4723.0,4723.39990234375,24
2026-05-08 05:25:00+00:00,4720.7998046875,4723.10009765625,4720.7998046875,4723.10009765625,10
2026-05-08 05:26:00+00:00,4722.0,4722.39990234375,4721.0,4721.0,11
2026-05-08 05:27:00+00:00,4724.10009765625,4724.10009765625,4721.7998046875,4721.7998046875,12
2026-05-08 05:28:00+00:00,4726.2001953125,4726.60009765625,4723.60009765625,4723.89990234375,58
2026-05-08 05:29:00+00:00,4728.0,4728.89990234375,4726.2998046875,4726.2998046875,76
2026-05-08 05:30:00+00:00,4733.60009765625,4734.7001953125,4728.2001953125,4728.2001953125,251
2026-05-08 05:31:00+00:00,4731.2001953125,4733.89990234375,4730.89990234375,4733.7001953125,53
2026-05-08 05:32:00+00:00,4735.10009765625,4735.39990234375,4731.2001953125,4731.2001953125,84
2026-05-08 05:33:00+00:00,4734.0,4735.7001953125,4732.7998046875,4735.10009765625,80
2026-05-08 05:34:00+00:00,4733.10009765625,4735.60009765625,4732.7998046875,4734.60009765625,48
2026-05-08 05:35:00+00:00,4731.7001953125,4733.0,4731.2001953125,4733.0,28
2026-05-08 05:36:00+00:00,4733.0,4733.5,4731.5,4731.5,20
2026-05-08 05:37:00+00:00,4731.89990234375,4733.39990234375,4731.89990234375,4733.0,37
2026-05-08 05:38:00+00:00,4730.7998046875,4731.89990234375,4729.5,4731.89990234375,48
2026-05-08 05:39:00+00:00,4731.5,4731.5,4729.39990234375,4730.5,45
2026-05-08 05:40:00+00:00,4731.5,4733.60009765625,4730.5,4730.7998046875,70
2026-05-08 05:41:00+00:00,4733.0,4733.0,4731.5,4732.0,32
2026-05-08 05:42:00+00:00,4733.39990234375,4733.39990234375,4731.2998046875,4732.89990234375,42
2026-05-08 05:43:00+00:00,4733.89990234375,4734.5,4732.60009765625,4733.0,70
2026-05-08 05:44:00+00:00,4733.2998046875,4734.2001953125,4732.5,4734.2001953125,21
2026-05-08 05:45:00+00:00,4732.0,4734.2001953125,4732.0,4733.39990234375,17
2026-05-08 05:46:00+00:00,4733.2001953125,4733.5,4731.89990234375,4731.89990234375,34
2026-05-08 05:47:00+00:00,4733.7001953125,4734.2001953125,4733.0,4733.60009765625,17
2026-05-08 05:48:00+00:00,4735.5,4736.2001953125,4734.5,4734.5,52
2026-05-08 05:49:00+00:00,4737.0,4737.5,4734.2998046875,4735.2998046875,62
2026-05-08 05:50:00+00:00,4737.89990234375,4739.0,4736.89990234375,4737.10009765625,72
2026-05-08 05:51:00+00:00,4737.0,4738.0,4736.5,4738.0,31
2026-05-08 05:52:00+00:00,4735.2998046875,4736.7998046875,4735.0,4736.7998046875,26
2026-05-08 05:53:00+00:00,4735.7001953125,4737.0,4735.2001953125,4735.2001953125,34
2026-05-08 05:54:00+00:00,4736.39990234375,4736.39990234375,4735.39990234375,4735.39990234375,9
2026-05-08 05:55:00+00:00,4737.7998046875,4738.60009765625,4736.89990234375,4736.89990234375,49
2026-05-08 05:56:00+00:00,4739.39990234375,4740.0,4735.5,4737.89990234375,104
2026-05-08 05:57:00+00:00,4738.0,4739.60009765625,4737.89990234375,4739.2001953125,37
2026-05-08 05:58:00+00:00,4737.10009765625,4738.2001953125,4736.7001953125,4738.0,33
2026-05-08 05:59:00+00:00,4736.0,4737.2001953125,4735.7001953125,4736.7998046875,30
2026-05-08 06:00:00+00:00,4725.89990234375,4736.89990234375,4721.10009765625,4736.5,529
2026-05-08 06:01:00+00:00,4729.39990234375,4729.39990234375,4725.7001953125,4726.10009765625,102
2026-05-08 06:02:00+00:00,4730.0,4731.2001953125,4728.7001953125,4729.60009765625,46
2026-05-08 06:03:00+00:00,4733.7998046875,4734.0,4728.10009765625,4730.2998046875,148
2026-05-08 06:04:00+00:00,4736.7998046875,4739.2001953125,4732.60009765625,4734.10009765625,156
2026-05-08 06:05:00+00:00,4734.0,4737.89990234375,4732.7001953125,4737.10009765625,80
2026-05-08 06:06:00+00:00,4736.89990234375,4736.89990234375,4733.0,4733.89990234375,46
2026-05-08 06:07:00+00:00,4733.39990234375,4735.60009765625,4733.10009765625,4735.60009765625,46
2026-05-08 06:08:00+00:00,4731.60009765625,4733.10009765625,4731.5,4732.89990234375,66
2026-05-08 06:09:00+00:00,4734.39990234375,4735.2001953125,4730.7998046875,4731.7001953125,71
2026-05-08 06:10:00+00:00,4735.0,4736.0,4733.39990234375,4734.2998046875,47
2026-05-08 06:11:00+00:00,4733.2998046875,4735.7998046875,4733.2998046875,4735.2001953125,41
2026-05-08 06:12:00+00:00,4734.39990234375,4735.0,4734.0,4734.0,13
2026-05-08 06:13:00+00:00,4733.2998046875,4734.5,4733.0,4734.2001953125,40
2026-05-08 06:14:00+00:00,4731.7001953125,4733.2001953125,4731.7001953125,4733.2001953125,23
2026-05-08 06:15:00+00:00,4731.2001953125,4732.60009765625,4730.7001953125,4732.2001953125,31
2026-05-08 06:16:00+00:00,4732.10009765625,4732.5,4730.10009765625,4731.39990234375,76
2026-05-08 06:17:00+00:00,4733.7998046875,4734.89990234375,4732.0,4732.10009765625,77
2026-05-08 06:18:00+00:00,4735.60009765625,4736.60009765625,4733.7001953125,4733.89990234375,62
2026-05-08 06:19:00+00:00,4736.89990234375,4736.89990234375,4735.39990234375,4735.60009765625,28
2026-05-08 06:20:00+00:00,4735.5,4736.89990234375,4734.7001953125,4736.5,62
2026-05-08 06:21:00+00:00,4734.7998046875,4735.2998046875,4733.60009765625,4734.89990234375,27
2026-05-08 06:22:00+00:00,4734.2001953125,4735.0,4732.7998046875,4735.0,106
2026-05-08 06:23:00+00:00,4735.39990234375,4736.39990234375,4734.0,4734.0,136
2026-05-08 06:24:00+00:00,4736.7998046875,4737.2001953125,4735.39990234375,4735.5,86
2026-05-08 06:25:00+00:00,4735.10009765625,4736.10009765625,4734.89990234375,4736.10009765625,15
2026-05-08 06:26:00+00:00,4736.89990234375,4737.2998046875,4735.2001953125,4735.60009765625,21
2026-05-08 06:27:00+00:00,4738.2001953125,4738.89990234375,4735.89990234375,4736.5,83
2026-05-08 06:28:00+00:00,4742.39990234375,4742.7998046875,4737.7998046875,4737.7998046875,150
2026-05-08 06:29:00+00:00,4742.2998046875,4743.5,4740.2001953125,4742.2001953125,79
2026-05-08 06:30:00+00:00,4738.89990234375,4742.89990234375,4738.10009765625,4742.39990234375,68
2026-05-08 06:31:00+00:00,4737.5,4739.7001953125,4736.2001953125,4739.5,46
2026-05-08 06:32:00+00:00,4738.5,4739.2001953125,4737.5,4738.0,27
2026-05-08 06:33:00+00:00,4737.10009765625,4739.2001953125,4737.10009765625,4739.10009765625,16
2026-05-08 06:34:00+00:00,4735.2001953125,4737.5,4735.2001953125,4737.5,47
2026-05-08 06:35:00+00:00,4736.60009765625,4736.60009765625,4734.2001953125,4735.0,28
2026-05-08 06:36:00+00:00,4736.7998046875,4737.5,4736.2998046875,4736.2998046875,25
2026-05-08 06:37:00+00:00,4737.5,4737.7001953125,4736.0,4736.10009765625,21
2026-05-08 06:38:00+00:00,4736.89990234375,4737.2001953125,4736.60009765625,4737.2001953125,9
2026-05-08 06:39:00+00:00,4735.7001953125,4736.39990234375,4734.7001953125,4736.2001953125,62
2026-05-08 06:40:00+00:00,4737.10009765625,4737.2998046875,4736.2001953125,4736.2001953125,32
2026-05-08 06:41:00+00:00,4739.2998046875,4739.7998046875,4737.7998046875,4737.7998046875,27
2026-05-08 06:42:00+00:00,4739.0,4739.7001953125,4738.2001953125,4739.0,23
2026-05-08 06:43:00+00:00,4740.2998046875,4740.89990234375,4738.7001953125,4739.2998046875,129
2026-05-08 06:44:00+00:00,4737.2998046875,4740.39990234375,4736.89990234375,4740.10009765625,86
2026-05-08 06:45:00+00:00,4732.89990234375,4737.7998046875,4732.2001953125,4737.7998046875,197
2026-05-08 06:46:00+00:00,4733.7001953125,4734.5,4732.5,4732.7001953125,59
2026-05-08 06:47:00+00:00,4731.39990234375,4734.0,4731.2001953125,4733.60009765625,39
2026-05-08 06:48:00+00:00,4731.39990234375,4732.60009765625,4729.39990234375,4730.89990234375,80
2026-05-08 06:49:00+00:00,4733.7001953125,4733.7001953125,4730.89990234375,4731.0,32
2026-05-08 06:50:00+00:00,4734.2998046875,4734.2998046875,4732.7998046875,4733.89990234375,45
2026-05-08 06:51:00+00:00,4734.10009765625,4735.10009765625,4732.89990234375,4734.7998046875,50
2026-05-08 06:52:00+00:00,4733.2998046875,4733.89990234375,4733.2998046875,4733.7998046875,13
2026-05-08 06:53:00+00:00,4734.2001953125,4734.2998046875,4733.10009765625,4733.10009765625,16
2026-05-08 06:54:00+00:00,4734.60009765625,4735.7001953125,4733.5,4734.5,62
2026-05-08 06:55:00+00:00,4733.10009765625,4734.7001953125,4732.7998046875,4734.60009765625,51
2026-05-08 06:56:00+00:00,4733.7001953125,4734.39990234375,4733.0,4733.5,39
2026-05-08 06:57:00+00:00,4734.10009765625,4734.2001953125,4733.2998046875,4733.60009765625,11
2026-05-08 06:58:00+00:00,4734.89990234375,4735.0,4734.0,4734.2998046875,36
2026-05-08 06:59:00+00:00,4734.2998046875,4735.7001953125,4733.7998046875,4735.0,75
2026-05-08 07:00:00+00:00,4732.2998046875,4734.89990234375,4731.39990234375,4734.0,198
2026-05-08 07:01:00+00:00,4732.7001953125,4733.39990234375,4731.5,4732.60009765625,51
2026-05-08 07:02:00+00:00,4731.39990234375,4733.60009765625,4731.39990234375,4733.10009765625,82
2026-05-08 07:03:00+00:00,4731.2001953125,4732.89990234375,4730.2001953125,4731.60009765625,98
2026-05-08 07:04:00+00:00,4732.7001953125,4733.0,4730.89990234375,4731.2998046875,22
2026-05-08 07:05:00+00:00,4732.2998046875,4734.10009765625,4732.2998046875,4732.89990234375,23
2026-05-08 07:06:00+00:00,4730.89990234375,4732.89990234375,4729.7001953125,4732.7998046875,73
2026-05-08 07:07:00+00:00,4731.2001953125,4731.7998046875,4728.89990234375,4730.60009765625,103
2026-05-08 07:08:00+00:00,4732.0,4732.10009765625,4729.89990234375,4731.5,53
2026-05-08 07:09:00+00:00,4731.0,4732.5,4731.0,4731.89990234375,40
2026-05-08 07:10:00+00:00,4729.60009765625,4730.39990234375,4728.7998046875,4730.39990234375,28
2026-05-08 07:11:00+00:00,4728.2998046875,4729.89990234375,4727.2001953125,4729.7998046875,165
2026-05-08 07:12:00+00:00,4727.2001953125,4728.89990234375,4726.7998046875,4728.2998046875,56
2026-05-08 07:13:00+00:00,4726.39990234375,4726.89990234375,4725.0,4726.89990234375,93
2026-05-08 07:14:00+00:00,4724.2998046875,4728.10009765625,4723.7001953125,4726.2001953125,64
2026-05-08 07:15:00+00:00,4726.0,4727.0,4723.10009765625,4723.39990234375,207
2026-05-08 07:16:00+00:00,4723.2998046875,4726.7001953125,4723.2998046875,4725.5,68
2026-05-08 07:17:00+00:00,4724.0,4724.2998046875,4721.5,4724.2001953125,140
2026-05-08 07:18:00+00:00,4723.5,4724.0,4722.2998046875,4724.0,65
2026-05-08 07:19:00+00:00,4723.89990234375,4724.7001953125,4722.0,4723.5,76
2026-05-08 07:20:00+00:00,4725.10009765625,4726.0,4723.7001953125,4723.89990234375,48
2026-05-08 07:21:00+00:00,4722.0,4725.5,4721.2998046875,4725.5,71
2026-05-08 07:22:00+00:00,4715.39990234375,4722.10009765625,4714.5,4722.0,407
2026-05-08 07:23:00+00:00,4717.7998046875,4719.89990234375,4712.2001953125,4715.2998046875,529
2026-05-08 07:24:00+00:00,4715.2001953125,4718.39990234375,4712.7001953125,4717.89990234375,239
2026-05-08 07:25:00+00:00,4710.39990234375,4714.60009765625,4706.2001953125,4714.5,444
2026-05-08 07:26:00+00:00,4710.60009765625,4711.5,4707.2998046875,4710.39990234375,196
2026-05-08 07:27:00+00:00,4711.2998046875,4712.7998046875,4708.60009765625,4710.0,124
2026-05-08 07:28:00+00:00,4715.2998046875,4717.10009765625,4711.39990234375,4711.39990234375,239
2026-05-08 07:29:00+00:00,4715.89990234375,4717.2998046875,4715.10009765625,4715.2998046875,104
2026-05-08 07:30:00+00:00,4711.39990234375,4715.7998046875,4710.5,4715.7998046875,296
2026-05-08 07:31:00+00:00,4713.39990234375,4714.39990234375,4711.60009765625,4711.60009765625,46
2026-05-08 07:32:00+00:00,4714.7001953125,4715.2001953125,4713.5,4713.5,67
2026-05-08 07:33:00+00:00,4717.89990234375,4718.0,4714.5,4715.2001953125,77
2026-05-08 07:34:00+00:00,4718.10009765625,4720.2998046875,4717.2001953125,4717.89990234375,140
2026-05-08 07:35:00+00:00,4718.60009765625,4720.0,4717.7001953125,4718.7998046875,133
2026-05-08 07:36:00+00:00,4718.7998046875,4718.89990234375,4717.7998046875,4718.89990234375,45
2026-05-08 07:37:00+00:00,4719.5,4721.10009765625,4718.89990234375,4718.89990234375,60
2026-05-08 07:38:00+00:00,4718.7001953125,4719.5,4718.10009765625,4719.5,64
2026-05-08 07:39:00+00:00,4719.0,4719.0,4718.0,4718.89990234375,24
2026-05-08 07:40:00+00:00,4717.5,4718.89990234375,4716.39990234375,4718.60009765625,61
2026-05-08 07:41:00+00:00,4716.7998046875,4717.7001953125,4716.5,4717.60009765625,60
2026-05-08 07:42:00+00:00,4719.2998046875,4719.7001953125,4716.39990234375,4716.5,65
2026-05-08 07:43:00+00:00,4717.7998046875,4719.2998046875,4717.7998046875,4718.10009765625,26
2026-05-08 07:44:00+00:00,4717.10009765625,4718.10009765625,4715.7998046875,4718.10009765625,43
2026-05-08 07:45:00+00:00,4719.2998046875,4720.10009765625,4717.5,4717.5,82
2026-05-08 07:46:00+00:00,4719.89990234375,4720.7001953125,4718.5,4719.0,118
2026-05-08 07:47:00+00:00,4719.2998046875,4719.7998046875,4718.0,4719.7998046875,61
2026-05-08 07:48:00+00:00,4719.7001953125,4719.7998046875,4717.2001953125,4719.39990234375,69
2026-05-08 07:49:00+00:00,4721.5,4721.89990234375,4719.2998046875,4719.2998046875,65
2026-05-08 07:50:00+00:00,4720.0,4722.60009765625,4719.89990234375,4722.0,81
2026-05-08 07:51:00+00:00,4718.10009765625,4720.0,4718.10009765625,4719.39990234375,47
2026-05-08 07:52:00+00:00,4718.5,4719.5,4717.2998046875,4718.7001953125,75
2026-05-08 07:53:00+00:00,4721.60009765625,4721.60009765625,4718.7001953125,4718.7001953125,58
2026-05-08 07:54:00+00:00,4720.2001953125,4721.89990234375,4719.60009765625,4721.2001953125,61
2026-05-08 07:55:00+00:00,4718.5,4719.7001953125,4717.2001953125,4719.7001953125,47
2026-05-08 07:56:00+00:00,4717.7001953125,4718.39990234375,4716.60009765625,4718.0,25
2026-05-08 07:57:00+00:00,4716.60009765625,4717.89990234375,4716.60009765625,4717.60009765625,37
2026-05-08 07:58:00+00:00,4718.60009765625,4719.60009765625,4716.39990234375,4716.39990234375,77
2026-05-08 07:59:00+00:00,4717.39990234375,4718.39990234375,4716.60009765625,4718.39990234375,54
2026-05-08 08:00:00+00:00,4718.2998046875,4718.2998046875,4716.7998046875,4717.2001953125,53
2026-05-08 08:01:00+00:00,4718.5,4718.7998046875,4716.0,4717.2998046875,102
2026-05-08 08:02:00+00:00,4717.10009765625,4718.89990234375,4716.7998046875,4718.2998046875,54
2026-05-08 08:03:00+00:00,4717.7001953125,4719.60009765625,4717.7001953125,4718.60009765625,36
2026-05-08 08:04:00+00:00,4718.89990234375,4719.39990234375,4717.89990234375,4717.89990234375,22
2026-05-08 08:05:00+00:00,4717.7998046875,4719.89990234375,4717.7998046875,4718.89990234375,34
2026-05-08 08:06:00+00:00,4717.0,4718.2998046875,4715.89990234375,4717.60009765625,32
2026-05-08 08:07:00+00:00,4718.10009765625,4718.10009765625,4716.7001953125,4716.7001953125,30
2026-05-08 08:08:00+00:00,4717.10009765625,4718.2001953125,4716.7998046875,4718.2001953125,21
2026-05-08 08:09:00+00:00,4719.89990234375,4720.2001953125,4716.7998046875,4716.7998046875,34
2026-05-08 08:10:00+00:00,4720.0,4720.39990234375,4719.2001953125,4720.0,41
2026-05-08 08:11:00+00:00,4718.2001953125,4719.7998046875,4717.7998046875,4719.5,45
2026-05-08 08:12:00+00:00,4722.0,4722.5,4718.10009765625,4718.10009765625,68
2026-05-08 08:13:00+00:00,4721.7001953125,4722.2001953125,4720.89990234375,4721.89990234375,27
2026-05-08 08:14:00+00:00,4720.7001953125,4722.5,4720.7001953125,4721.7998046875,62
2026-05-08 08:15:00+00:00,4723.2001953125,4723.2001953125,4720.89990234375,4721.0,34
2026-05-08 08:16:00+00:00,4721.89990234375,4724.39990234375,4721.39990234375,4723.7998046875,43
2026-05-08 08:17:00+00:00,4722.2998046875,4722.5,4721.2001953125,4722.5,41
2026-05-08 08:18:00+00:00,4723.5,4724.10009765625,4722.2998046875,4722.60009765625,33
2026-05-08 08:19:00+00:00,4723.89990234375,4724.5,4723.39990234375,4723.89990234375,31
2026-05-08 08:20:00+00:00,4724.60009765625,4725.2001953125,4724.0,4724.0,54
2026-05-08 08:21:00+00:00,4729.5,4729.60009765625,4724.7001953125,4724.89990234375,83
2026-05-08 08:22:00+00:00,4729.60009765625,4731.39990234375,4729.2001953125,4729.2998046875,272
2026-05-08 08:23:00+00:00,4729.89990234375,4729.89990234375,4728.5,4728.89990234375,49
2026-05-08 08:24:00+00:00,4729.39990234375,4731.2998046875,4729.39990234375,4730.0,55
2026-05-08 08:25:00+00:00,4730.39990234375,4732.2998046875,4729.0,4729.0,87
2026-05-08 08:26:00+00:00,4728.60009765625,4731.10009765625,4728.60009765625,4730.5,15
2026-05-08 08:27:00+00:00,4728.89990234375,4729.2001953125,4728.5,4729.0,38
2026-05-08 08:28:00+00:00,4727.0,4729.39990234375,4726.89990234375,4728.7998046875,56
2026-05-08 08:29:00+00:00,4726.39990234375,4727.60009765625,4725.7001953125,4727.10009765625,125
2026-05-08 08:30:00+00:00,4727.2001953125,4727.89990234375,4725.89990234375,4726.2001953125,43
2026-05-08 08:31:00+00:00,4728.60009765625,4729.39990234375,4727.60009765625,4727.60009765625,23
2026-05-08 08:32:00+00:00,4727.7998046875,4729.39990234375,4727.7998046875,4728.7001953125,50
2026-05-08 08:33:00+00:00,4728.60009765625,4728.89990234375,4726.89990234375,4727.39990234375,36
2026-05-08 08:34:00+00:00,4728.7001953125,4729.0,4727.10009765625,4728.7001953125,32
2026-05-08 08:35:00+00:00,4729.5,4731.2001953125,4728.60009765625,4728.7998046875,90
2026-05-08 08:36:00+00:00,4732.10009765625,4732.39990234375,4729.60009765625,4729.60009765625,36
2026-05-08 08:37:00+00:00,4732.7998046875,4732.89990234375,4731.60009765625,4732.10009765625,28
2026-05-08 08:38:00+00:00,4730.7998046875,4732.89990234375,4730.39990234375,4732.0,28
2026-05-08 08:39:00+00:00,4730.7001953125,4731.2998046875,4730.7001953125,4730.7001953125,17
2026-05-08 08:40:00+00:00,4729.60009765625,4730.2998046875,4728.2998046875,4730.2998046875,54
2026-05-08 08:41:00+00:00,4728.2998046875,4730.0,4728.2998046875,4730.0,32
2026-05-08 08:42:00+00:00,4727.7001953125,4728.60009765625,4726.89990234375,4728.2001953125,38
2026-05-08 08:43:00+00:00,4727.0,4727.39990234375,4726.2998046875,4727.2001953125,17
2026-05-08 08:44:00+00:00,4726.60009765625,4727.7001953125,4726.2001953125,4727.39990234375,16
2026-05-08 08:45:00+00:00,4726.89990234375,4726.89990234375,4725.39990234375,4726.2001953125,28
2026-05-08 08:46:00+00:00,4727.39990234375,4727.5,4726.2998046875,4726.7001953125,27
2026-05-08 08:47:00+00:00,4727.7001953125,4727.7001953125,4727.0,4727.2001953125,9
2026-05-08 08:48:00+00:00,4728.2998046875,4729.39990234375,4726.10009765625,4727.0,78
2026-05-08 08:49:00+00:00,4728.2001953125,4729.39990234375,4727.60009765625,4728.39990234375,54
2026-05-08 08:50:00+00:00,4727.2001953125,4728.60009765625,4727.2001953125,4727.89990234375,21
2026-05-08 08:51:00+00:00,4727.60009765625,4727.60009765625,4726.7001953125,4727.2001953125,13
2026-05-08 08:52:00+00:00,4727.7001953125,4727.89990234375,4727.2998046875,4727.2998046875,4
2026-05-08 08:53:00+00:00,4727.0,4727.2001953125,4726.2998046875,4727.2001953125,19
2026-05-08 08:54:00+00:00,4726.39990234375,4727.2001953125,4726.0,4726.7998046875,51
2026-05-08 08:55:00+00:00,4726.0,4726.2998046875,4725.2998046875,4725.7998046875,22
2026-05-08 08:56:00+00:00,4726.5,4726.5,4725.10009765625,4726.0,7
2026-05-08 08:57:00+00:00,4725.5,4727.0,4725.5,4726.7998046875,13
2026-05-08 08:58:00+00:00,4725.60009765625,4726.5,4725.60009765625,4726.2998046875,13
2026-05-08 08:59:00+00:00,4724.7998046875,4726.60009765625,4724.5,4726.2998046875,36
2026-05-08 09:00:00+00:00,4723.5,4725.5,4723.10009765625,4725.39990234375,39
2026-05-08 09:01:00+00:00,4725.39990234375,4725.7001953125,4723.2001953125,4723.7001953125,53
2026-05-08 09:02:00+00:00,4726.60009765625,4726.60009765625,4725.0,4725.2998046875,127
2026-05-08 09:03:00+00:00,4727.89990234375,4729.0,4727.10009765625,4727.2001953125,43
2026-05-08 09:04:00+00:00,4728.39990234375,4729.60009765625,4727.39990234375,4728.39990234375,70
2026-05-08 09:05:00+00:00,4727.2001953125,4728.89990234375,4726.89990234375,4728.5,98
2026-05-08 09:06:00+00:00,4728.0,4728.0,4725.89990234375,4726.7998046875,91
2026-05-08 09:07:00+00:00,4728.0,4730.0,4728.0,4728.2001953125,74
2026-05-08 09:08:00+00:00,4727.2001953125,4728.7001953125,4727.2001953125,4728.5,27
2026-05-08 09:09:00+00:00,4725.5,4727.2998046875,4725.5,4726.89990234375,45
2026-05-08 09:10:00+00:00,4726.0,4726.2998046875,4725.5,4725.60009765625,15
2026-05-08 09:11:00+00:00,4725.7998046875,4726.60009765625,4725.39990234375,4725.60009765625,15
2026-05-08 09:12:00+00:00,4726.7998046875,4727.2998046875,4726.10009765625,4726.2998046875,16
2026-05-08 09:13:00+00:00,4726.5,4726.5,4725.7998046875,4725.7998046875,21
2026-05-08 09:14:00+00:00,4727.89990234375,4728.0,4726.7001953125,4726.7001953125,39
2026-05-08 09:15:00+00:00,4729.2001953125,4729.2998046875,4727.7998046875,4728.39990234375,26
2026-05-08 09:16:00+00:00,4729.5,4729.7998046875,4728.7998046875,4728.7998046875,45
2026-05-08 09:17:00+00:00,4729.0,4729.5,4728.39990234375,4728.89990234375,14
2026-05-08 09:18:00+00:00,4731.2001953125,4732.0,4729.5,4729.5,53
2026-05-08 09:19:00+00:00,4729.10009765625,4731.2001953125,4729.0,4731.2001953125,45
2026-05-08 09:20:00+00:00,4730.7998046875,4730.7998046875,4728.39990234375,4728.89990234375,16
2026-05-08 09:21:00+00:00,4731.39990234375,4731.7998046875,4730.7001953125,4730.7998046875,30
2026-05-08 09:22:00+00:00,4730.5,4730.89990234375,4730.39990234375,4730.60009765625,16
2026-05-08 09:23:00+00:00,4731.2998046875,4732.0,4731.0,4731.10009765625,37
2026-05-08 09:24:00+00:00,4730.39990234375,4731.7998046875,4730.0,4731.7998046875,21
2026-05-08 09:25:00+00:00,4729.89990234375,4730.5,4729.0,4730.0,30
2026-05-08 09:26:00+00:00,4730.7998046875,4730.7998046875,4729.60009765625,4730.39990234375,30
2026-05-08 09:27:00+00:00,4730.7998046875,4732.5,4730.7998046875,4731.0,64
2026-05-08 09:28:00+00:00,4729.60009765625,4730.5,4729.5,4730.39990234375,47
2026-05-08 09:29:00+00:00,4727.60009765625,4729.5,4727.39990234375,4729.5,58
2026-05-08 09:30:00+00:00,4727.10009765625,4728.2998046875,4725.39990234375,4727.5,192
2026-05-08 09:31:00+00:00,4724.39990234375,4727.7001953125,4723.7998046875,4727.7001953125,152
2026-05-08 09:32:00+00:00,4724.0,4725.2998046875,4722.0,4725.2998046875,170
2026-05-08 09:33:00+00:00,4719.89990234375,4723.7001953125,4719.5,4723.5,125
2026-05-08 09:34:00+00:00,4724.39990234375,4724.39990234375,4719.10009765625,4719.39990234375,209
2026-05-08 09:35:00+00:00,4721.7001953125,4724.60009765625,4721.2001953125,4724.5,55
2026-05-08 09:36:00+00:00,4722.2998046875,4722.39990234375,4721.10009765625,4721.2998046875,13
2026-05-08 09:37:00+00:00,4722.89990234375,4723.10009765625,4722.0,4722.60009765625,35
2026-05-08 09:38:00+00:00,4720.7001953125,4722.39990234375,4720.60009765625,4722.39990234375,18
2026-05-08 09:39:00+00:00,4723.0,4723.2001953125,4719.0,4721.5,96
2026-05-08 09:40:00+00:00,4722.2001953125,4723.0,4720.0,4722.7998046875,75
2026-05-08 09:41:00+00:00,4723.5,4723.7998046875,4721.60009765625,4722.2998046875,37
2026-05-08 09:42:00+00:00,4722.60009765625,4724.10009765625,4722.60009765625,4723.89990234375,31
2026-05-08 09:43:00+00:00,4722.2998046875,4722.39990234375,4721.7001953125,4722.10009765625,30
2026-05-08 09:44:00+00:00,4722.89990234375,4723.5,4722.39990234375,4722.7001953125,14
2026-05-08 09:45:00+00:00,4721.10009765625,4723.2998046875,4721.10009765625,4723.0,26
2026-05-08 09:46:00+00:00,4720.60009765625,4721.2001953125,4720.5,4721.2001953125,24
2026-05-08 09:47:00+00:00,4720.10009765625,4720.7998046875,4719.7998046875,4720.60009765625,124
2026-05-08 09:48:00+00:00,4719.39990234375,4721.10009765625,4719.10009765625,4720.60009765625,50
2026-05-08 09:49:00+00:00,4720.2001953125,4720.7001953125,4719.0,4719.39990234375,45
2026-05-08 09:50:00+00:00,4719.0,4720.39990234375,4718.60009765625,4720.39990234375,63
2026-05-08 09:51:00+00:00,4719.7998046875,4721.0,4719.2998046875,4719.2998046875,17
2026-05-08 09:52:00+00:00,4718.0,4719.7001953125,4717.10009765625,4719.7001953125,71
2026-05-08 09:53:00+00:00,4717.2998046875,4718.0,4716.89990234375,4718.0,51
2026-05-08 09:54:00+00:00,4718.89990234375,4718.89990234375,4717.7001953125,4717.7001953125,18
2026-05-08 09:55:00+00:00,4718.10009765625,4719.2001953125,4717.2001953125,4718.89990234375,46
2026-05-08 09:56:00+00:00,4719.2001953125,4719.2998046875,4717.60009765625,4718.7001953125,22
2026-05-08 09:57:00+00:00,4720.60009765625,4720.60009765625,4719.2001953125,4719.39990234375,40
2026-05-08 09:58:00+00:00,4720.39990234375,4720.60009765625,4720.0,4720.10009765625,21
2026-05-08 09:59:00+00:00,4721.60009765625,4723.10009765625,4720.2001953125,4720.39990234375,95
2026-05-08 10:00:00+00:00,4722.89990234375,4723.0,4720.7001953125,4721.39990234375,26
2026-05-08 10:01:00+00:00,4723.0,4724.2001953125,4722.5,4722.7998046875,47
2026-05-08 10:02:00+00:00,4722.5,4723.5,4722.5,4723.2001953125,9
2026-05-08 10:03:00+00:00,4723.7001953125,4723.7001953125,4722.2998046875,4722.7001953125,19
2026-05-08 10:04:00+00:00,4722.5,4723.89990234375,4722.5,4723.60009765625,28
2026-05-08 10:05:00+00:00,4723.2001953125,4723.7001953125,4722.10009765625,4722.10009765625,11
2026-05-08 10:06:00+00:00,4721.7998046875,4723.5,4721.7998046875,4723.5,19
2026-05-08 10:07:00+00:00,4723.2001953125,4723.7001953125,4722.2001953125,4722.2001953125,17
2026-05-08 10:08:00+00:00,4724.2998046875,4724.2998046875,4723.5,4723.5,15
2026-05-08 10:09:00+00:00,4722.60009765625,4724.5,4722.39990234375,4723.7001953125,45
2026-05-08 10:10:00+00:00,4722.89990234375,4722.89990234375,4722.2998046875,4722.39990234375,7
2026-05-08 10:11:00+00:00,4724.2998046875,4724.5,4722.7001953125,4723.10009765625,34
2026-05-08 10:12:00+00:00,4724.39990234375,4725.0,4724.10009765625,4724.39990234375,35
2026-05-08 10:13:00+00:00,4726.7998046875,4727.0,4724.7001953125,4724.7001953125,75
2026-05-08 10:14:00+00:00,4728.5,4728.60009765625,4726.89990234375,4726.89990234375,86
2026-05-08 10:15:00+00:00,4728.39990234375,4729.2001953125,4727.60009765625,4728.39990234375,121
2026-05-08 10:16:00+00:00,4727.60009765625,4728.39990234375,4727.2001953125,4728.2998046875,43
2026-05-08 10:17:00+00:00,4727.7998046875,4728.2001953125,4727.10009765625,4728.10009765625,32
2026-05-08 10:18:00+00:00,4728.0,4728.2998046875,4727.60009765625,4728.0,20
2026-05-08 10:19:00+00:00,4727.2998046875,4727.39990234375,4727.2001953125,4727.39990234375,3
2026-05-08 10:20:00+00:00,4727.60009765625,4727.7001953125,4727.39990234375,4727.39990234375,4
2026-05-08 10:21:00+00:00,4728.7001953125,4728.7001953125,4727.5,4727.7001953125,31
2026-05-08 10:22:00+00:00,4730.2998046875,4730.7001953125,4728.60009765625,4728.7001953125,49
2026-05-08 10:23:00+00:00,4732.2001953125,4732.2001953125,4730.10009765625,4730.5,36
2026-05-08 10:24:00+00:00,4731.2001953125,4732.7001953125,4731.2001953125,4732.2998046875,33
2026-05-08 10:25:00+00:00,4731.39990234375,4732.0,4730.7001953125,4731.0,18
2026-05-08 10:26:00+00:00,4732.7998046875,4733.60009765625,4731.2001953125,4731.2001953125,34
2026-05-08 10:27:00+00:00,4731.0,4732.39990234375,4730.5,4732.2998046875,28
2026-05-08 10:28:00+00:00,4731.10009765625,4731.5,4730.60009765625,4730.7001953125,31
2026-05-08 10:29:00+00:00,4730.89990234375,4731.39990234375,4730.5,4731.39990234375,21
2026-05-08 10:30:00+00:00,4731.5,4731.60009765625,4730.2998046875,4730.60009765625,17
2026-05-08 10:31:00+00:00,4731.39990234375,4732.5,4731.2998046875,4732.0,23
2026-05-08 10:32:00+00:00,4730.2998046875,4731.10009765625,4730.0,4731.0,53
2026-05-08 10:33:00+00:00,4732.0,4732.0,4730.5,4730.5,16
2026-05-08 10:34:00+00:00,4732.0,4733.10009765625,4732.0,4732.10009765625,30
2026-05-08 10:35:00+00:00,4732.5,4732.89990234375,4731.7998046875,4732.2001953125,41
2026-05-08 10:36:00+00:00,4734.7001953125,4734.7001953125,4732.2998046875,4732.2998046875,54
2026-05-08 10:37:00+00:00,4734.89990234375,4736.5,4734.5,4734.5,146
2026-05-08 10:38:00+00:00,4737.2001953125,4737.39990234375,4735.0,4735.0,87
2026-05-08 10:39:00+00:00,4736.7001953125,4737.7998046875,4736.2001953125,4737.2998046875,78
2026-05-08 10:40:00+00:00,4736.2998046875,4737.7001953125,4736.10009765625,4736.7001953125,43
2026-05-08 10:41:00+00:00,4736.2001953125,4736.2998046875,4733.89990234375,4736.2998046875,75
2026-05-08 10:42:00+00:00,4735.89990234375,4737.2001953125,4735.39990234375,4736.0,63
2026-05-08 10:43:00+00:00,4736.0,4736.7998046875,4735.7998046875,4736.2001953125,13
2026-05-08 10:44:00+00:00,4734.0,4736.0,4734.0,4736.0,22
2026-05-08 10:45:00+00:00,4733.0,4734.2998046875,4733.0,4734.2998046875,23
2026-05-08 10:46:00+00:00,4733.0,4733.7001953125,4732.39990234375,4732.7001953125,27
2026-05-08 10:47:00+00:00,4732.0,4733.5,4732.0,4733.0,35
2026-05-08 10:48:00+00:00,4731.7001953125,4732.0,4730.60009765625,4731.7001953125,39
2026-05-08 10:49:00+00:00,4729.5,4731.60009765625,4728.5,4731.0,57
2026-05-08 10:50:00+00:00,4728.2998046875,4729.7001953125,4727.2998046875,4729.5,81
2026-05-08 10:51:00+00:00,4728.0,4729.89990234375,4727.39990234375,4727.7998046875,82
2026-05-08 10:52:00+00:00,4731.2998046875,4731.2998046875,4728.10009765625,4728.5,47
2026-05-08 10:53:00+00:00,4730.60009765625,4731.10009765625,4730.60009765625,4731.10009765625,8
2026-05-08 10:54:00+00:00,4730.89990234375,4731.0,4730.5,4730.5,14
2026-05-08 10:55:00+00:00,4726.7998046875,4730.5,4725.2001953125,4730.5,218
2026-05-08 10:56:00+00:00,4727.60009765625,4728.39990234375,4725.2001953125,4727.10009765625,73
2026-05-08 10:57:00+00:00,4728.39990234375,4728.39990234375,4726.5,4727.7998046875,53
2026-05-08 10:58:00+00:00,4728.7998046875,4729.2001953125,4728.60009765625,4728.89990234375,26
2026-05-08 10:59:00+00:00,4729.39990234375,4730.0,4728.2001953125,4728.60009765625,71
2026-05-08 11:00:00+00:00,4730.60009765625,4732.0,4729.89990234375,4730.10009765625,203
2026-05-08 11:01:00+00:00,4732.10009765625,4733.2998046875,4731.7001953125,4731.7001953125,86
2026-05-08 11:02:00+00:00,4733.10009765625,4734.10009765625,4731.5,4731.5,31
2026-05-08 11:03:00+00:00,4732.89990234375,4733.5,4731.5,4733.2001953125,39
2026-05-08 11:04:00+00:00,4735.2998046875,4736.39990234375,4732.7998046875,4732.7998046875,118
2026-05-08 11:05:00+00:00,4736.0,4737.0,4735.7998046875,4735.89990234375,80
2026-05-08 11:06:00+00:00,4735.2001953125,4736.2998046875,4733.60009765625,4736.10009765625,76
2026-05-08 11:07:00+00:00,4735.7001953125,4737.0,4734.7001953125,4735.2001953125,152
2026-05-08 11:08:00+00:00,4733.39990234375,4735.2998046875,4733.39990234375,4735.2001953125,53
2026-05-08 11:09:00+00:00,4734.39990234375,4734.39990234375,4732.60009765625,4733.60009765625,79
2026-05-08 11:10:00+00:00,4731.0,4734.7998046875,4729.7001953125,4734.2998046875,110
2026-05-08 11:11:00+00:00,4729.89990234375,4731.0,4728.5,4731.0,59
2026-05-08 11:12:00+00:00,4730.2998046875,4730.7998046875,4729.5,4729.89990234375,11
2026-05-08 11:13:00+00:00,4730.5,4731.2001953125,4729.7998046875,4729.7998046875,26
2026-05-08 11:14:00+00:00,4731.39990234375,4731.39990234375,4730.2998046875,4730.39990234375,15
2026-05-08 11:15:00+00:00,4733.5,4734.10009765625,4731.2001953125,4731.5,57
2026-05-08 11:16:00+00:00,4734.0,4735.10009765625,4733.5,4733.5,12
2026-05-08 11:17:00+00:00,4731.7998046875,4734.39990234375,4731.60009765625,4734.2998046875,376
2026-05-08 11:18:00+00:00,4731.89990234375,4733.10009765625,4731.7998046875,4732.2998046875,101
2026-05-08 11:19:00+00:00,4732.89990234375,4732.89990234375,4731.5,4731.7998046875,33
2026-05-08 11:20:00+00:00,4733.5,4733.5,4731.2001953125,4732.7001953125,49
2026-05-08 11:21:00+00:00,4731.60009765625,4732.89990234375,4731.5,4732.7998046875,35
2026-05-08 11:22:00+00:00,4731.2001953125,4731.39990234375,4729.7998046875,4731.2001953125,75
2026-05-08 11:23:00+00:00,4732.7998046875,4732.7998046875,4731.2001953125,4731.2001953125,21
2026-05-08 11:24:00+00:00,4733.2001953125,4733.2998046875,4732.10009765625,4732.60009765625,9
2026-05-08 11:25:00+00:00,4733.39990234375,4733.7998046875,4732.5,4733.0,13
2026-05-08 11:26:00+00:00,4733.60009765625,4734.2998046875,4733.39990234375,4733.60009765625,21
2026-05-08 11:27:00+00:00,4734.89990234375,4735.5,4733.7001953125,4734.0,173
2026-05-08 11:28:00+00:00,4733.10009765625,4735.39990234375,4732.89990234375,4735.0,40
2026-05-08 11:29:00+00:00,4734.2001953125,4734.2001953125,4733.2998046875,4733.5,13
2026-05-08 11:30:00+00:00,4732.89990234375,4734.0,4731.7998046875,4734.0,59
2026-05-08 11:31:00+00:00,4732.5,4733.10009765625,4731.60009765625,4732.89990234375,42
2026-05-08 11:32:00+00:00,4734.60009765625,4734.60009765625,4731.7001953125,4732.7001953125,36
2026-05-08 11:33:00+00:00,4733.0,4734.7001953125,4732.7001953125,4734.7001953125,30
2026-05-08 11:34:00+00:00,4731.7998046875,4732.2998046875,4731.7001953125,4731.89990234375,10
2026-05-08 11:35:00+00:00,4733.7001953125,4735.89990234375,4731.7998046875,4732.10009765625,89
2026-05-08 11:36:00+00:00,4733.7001953125,4734.10009765625,4733.0,4734.10009765625,23
2026-05-08 11:37:00+00:00,4734.10009765625,4734.2001953125,4733.39990234375,4733.39990234375,17
2026-05-08 11:38:00+00:00,4732.7998046875,4734.0,4732.7998046875,4734.0,5
2026-05-08 11:39:00+00:00,4732.39990234375,4733.0,4731.60009765625,4732.2998046875,24
2026-05-08 11:40:00+00:00,4732.7998046875,4733.2998046875,4732.0,4732.39990234375,29
2026-05-08 11:41:00+00:00,4731.89990234375,4732.0,4731.2001953125,4732.0,28
2026-05-08 11:42:00+00:00,4732.0,4732.10009765625,4731.7998046875,4731.7998046875,10
2026-05-08 11:43:00+00:00,4731.89990234375,4732.60009765625,4730.7998046875,4732.2001953125,60
2026-05-08 11:44:00+00:00,4731.2001953125,4732.7001953125,4730.89990234375,4732.7001953125,28
2026-05-08 11:45:00+00:00,4728.89990234375,4731.0,4728.60009765625,4730.60009765625,60
2026-05-08 11:46:00+00:00,4728.7998046875,4729.5,4728.2001953125,4729.2001953125,69
2026-05-08 11:47:00+00:00,4728.2998046875,4729.0,4726.60009765625,4728.60009765625,72
2026-05-08 11:48:00+00:00,4728.60009765625,4728.7001953125,4727.39990234375,4727.7001953125,41
2026-05-08 11:49:00+00:00,4727.2001953125,4728.2998046875,4727.0,4728.2998046875,24
2026-05-08 11:50:00+00:00,4726.39990234375,4727.5,4725.5,4727.2998046875,74
2026-05-08 11:51:00+00:00,4726.7001953125,4727.0,4725.7001953125,4726.10009765625,43
2026-05-08 11:52:00+00:00,4724.0,4726.7998046875,4723.2998046875,4726.7998046875,113
2026-05-08 11:53:00+00:00,4724.5,4724.7001953125,4723.2001953125,4723.39990234375,37
2026-05-08 11:54:00+00:00,4726.5,4726.7001953125,4724.10009765625,4724.2001953125,54
2026-05-08 11:55:00+00:00,4728.7001953125,4729.7998046875,4726.0,4726.2998046875,74
2026-05-08 11:56:00+00:00,4726.39990234375,4729.10009765625,4725.7001953125,4728.7998046875,62
2026-05-08 11:57:00+00:00,4726.7001953125,4726.7998046875,4725.7998046875,4725.89990234375,33
2026-05-08 11:58:00+00:00,4728.0,4728.0,4726.2001953125,4726.2998046875,48
2026-05-08 11:59:00+00:00,4727.5,4727.89990234375,4726.7998046875,4727.89990234375,46
2026-05-08 12:00:00+00:00,4727.5,4729.10009765625,4726.7001953125,4727.5,69
2026-05-08 12:01:00+00:00,4726.89990234375,4727.7001953125,4726.2001953125,4727.5,60
2026-05-08 12:02:00+00:00,4726.7998046875,4728.60009765625,4726.2998046875,4727.5,60
2026-05-08 12:03:00+00:00,4725.2998046875,4726.89990234375,4724.10009765625,4726.60009765625,63
2026-05-08 12:04:00+00:00,4722.39990234375,4724.89990234375,4722.39990234375,4724.89990234375,97
2026-05-08 12:05:00+00:00,4722.5,4723.39990234375,4721.10009765625,4723.0,98
2026-05-08 12:06:00+00:00,4721.2998046875,4723.7998046875,4720.7001953125,4722.10009765625,129
2026-05-08 12:07:00+00:00,4721.7998046875,4721.89990234375,4719.39990234375,4721.0,81
2026-05-08 12:08:00+00:00,4721.10009765625,4722.2998046875,4720.60009765625,4721.89990234375,46
2026-05-08 12:09:00+00:00,4719.2998046875,4720.89990234375,4717.89990234375,4720.7998046875,70
2026-05-08 12:10:00+00:00,4715.7998046875,4719.2998046875,4715.7998046875,4719.10009765625,150
2026-05-08 12:11:00+00:00,4715.2001953125,4716.5,4713.5,4715.60009765625,201
2026-05-08 12:12:00+00:00,4716.39990234375,4716.7998046875,4713.89990234375,4715.0,86
2026-05-08 12:13:00+00:00,4715.2001953125,4716.7001953125,4714.5,4716.7001953125,99
2026-05-08 12:14:00+00:00,4713.89990234375,4715.7001953125,4713.89990234375,4714.7001953125,74
2026-05-08 12:15:00+00:00,4715.2001953125,4715.2001953125,4712.2001953125,4713.7001953125,116
2026-05-08 12:16:00+00:00,4717.39990234375,4717.39990234375,4713.7001953125,4715.2001953125,112
2026-05-08 12:17:00+00:00,4718.2998046875,4719.2001953125,4716.2998046875,4717.2998046875,105
2026-05-08 12:18:00+00:00,4719.0,4719.60009765625,4718.0,4719.0,63
2026-05-08 12:19:00+00:00,4716.89990234375,4719.10009765625,4716.60009765625,4718.60009765625,96
2026-05-08 12:20:00+00:00,4717.89990234375,4719.89990234375,4716.7998046875,4717.39990234375,162
2026-05-08 12:21:00+00:00,4716.7998046875,4718.10009765625,4716.5,4717.60009765625,110
2026-05-08 12:22:00+00:00,4716.7998046875,4716.89990234375,4715.5,4716.89990234375,116
2026-05-08 12:23:00+00:00,4715.0,4717.10009765625,4714.5,4716.7001953125,203
2026-05-08 12:24:00+00:00,4715.10009765625,4715.7001953125,4714.10009765625,4714.7998046875,90
2026-05-08 12:25:00+00:00,4718.7001953125,4718.7998046875,4714.60009765625,4715.5,235
2026-05-08 12:26:00+00:00,4717.7998046875,4719.5,4717.2001953125,4719.0,92
2026-05-08 12:27:00+00:00,4718.2001953125,4720.10009765625,4718.10009765625,4718.2001953125,55
2026-05-08 12:28:00+00:00,4720.10009765625,4720.2998046875,4718.2001953125,4718.2001953125,65
2026-05-08 12:29:00+00:00,4720.0,4720.10009765625,4718.7001953125,4719.89990234375,113
2026-05-08 12:30:00+00:00,4717.39990234375,4724.5,4709.60009765625,4720.0,660
2026-05-08 12:31:00+00:00,4719.89990234375,4722.5,4717.39990234375,4717.39990234375,258
2026-05-08 12:32:00+00:00,4723.7998046875,4724.5,4720.10009765625,4720.10009765625,222
2026-05-08 12:33:00+00:00,4731.39990234375,4731.60009765625,4723.7001953125,4723.7001953125,690
2026-05-08 12:34:00+00:00,4732.7998046875,4734.7001953125,4728.0,4731.5,316
2026-05-08 12:35:00+00:00,4732.7998046875,4736.0,4731.39990234375,4732.5,236
2026-05-08 12:36:00+00:00,4736.10009765625,4737.5,4731.0,4732.0,172
2026-05-08 12:37:00+00:00,4732.60009765625,4737.7001953125,4732.5,4736.10009765625,205
2026-05-08 12:38:00+00:00,4734.0,4734.5,4732.0,4733.2001953125,86
2026-05-08 12:39:00+00:00,4734.7998046875,4736.5,4733.10009765625,4733.10009765625,151
2026-05-08 12:40:00+00:00,4736.10009765625,4737.7998046875,4734.89990234375,4734.89990234375,230
2026-05-08 12:41:00+00:00,4732.89990234375,4736.0,4731.2001953125,4735.7998046875,226
2026-05-08 12:42:00+00:00,4733.5,4733.89990234375,4732.39990234375,4732.89990234375,48
2026-05-08 12:43:00+00:00,4739.0,4739.39990234375,4731.2998046875,4733.2998046875,301
2026-05-08 12:44:00+00:00,4733.39990234375,4740.2998046875,4732.89990234375,4738.89990234375,343
2026-05-08 12:45:00+00:00,4730.10009765625,4733.7998046875,4728.60009765625,4733.60009765625,223
2026-05-08 12:46:00+00:00,4733.7998046875,4734.2998046875,4730.0,4730.10009765625,181
2026-05-08 12:47:00+00:00,4734.2001953125,4736.10009765625,4733.60009765625,4734.10009765625,170
2026-05-08 12:48:00+00:00,4734.5,4735.89990234375,4732.7001953125,4733.89990234375,115
2026-05-08 12:49:00+00:00,4733.89990234375,4736.39990234375,4733.5,4734.5,152
2026-05-08 12:50:00+00:00,4730.39990234375,4735.0,4730.2001953125,4734.2001953125,148
2026-05-08 12:51:00+00:00,4734.0,4734.89990234375,4729.2001953125,4730.39990234375,147
2026-05-08 12:52:00+00:00,4736.39990234375,4736.5,4734.2001953125,4734.2001953125,136
2026-05-08 12:53:00+00:00,4736.0,4737.0,4735.10009765625,4736.10009765625,105
2026-05-08 12:54:00+00:00,4740.10009765625,4741.2998046875,4735.2998046875,4736.0,533
2026-05-08 12:55:00+00:00,4739.10009765625,4740.7998046875,4738.7001953125,4740.7001953125,133
2026-05-08 12:56:00+00:00,4738.2998046875,4741.60009765625,4737.2001953125,4739.2001953125,156
2026-05-08 12:57:00+00:00,4738.7998046875,4739.2998046875,4737.2998046875,4738.39990234375,137
2026-05-08 12:58:00+00:00,4733.7998046875,4740.7998046875,4732.39990234375,4738.5,679
2026-05-08 12:59:00+00:00,4734.10009765625,4735.39990234375,4729.7001953125,4733.7001953125,335
2026-05-08 13:00:00+00:00,4734.2998046875,4734.7001953125,4729.89990234375,4733.39990234375,235
2026-05-08 13:01:00+00:00,4736.7998046875,4737.7001953125,4732.10009765625,4734.0,207
2026-05-08 13:02:00+00:00,4734.7001953125,4738.60009765625,4734.5,4737.0,170
2026-05-08 13:03:00+00:00,4736.0,4736.7001953125,4734.0,4734.7001953125,75
2026-05-08 13:04:00+00:00,4732.7998046875,4736.10009765625,4731.10009765625,4736.0,280
2026-05-08 13:05:00+00:00,4733.89990234375,4735.0,4732.0,4733.10009765625,122
2026-05-08 13:06:00+00:00,4730.2001953125,4732.5,4729.10009765625,4732.5,197
2026-05-08 13:07:00+00:00,4730.2001953125,4732.39990234375,4729.60009765625,4730.7998046875,209
2026-05-08 13:08:00+00:00,4728.2998046875,4730.89990234375,4728.2998046875,4730.89990234375,81
2026-05-08 13:09:00+00:00,4729.39990234375,4730.0,4727.7998046875,4728.60009765625,106
2026-05-08 13:10:00+00:00,4728.60009765625,4731.10009765625,4728.10009765625,4730.10009765625,66
2026-05-08 13:11:00+00:00,4727.39990234375,4728.7001953125,4727.10009765625,4727.89990234375,62
2026-05-08 13:12:00+00:00,4727.60009765625,4729.7998046875,4725.7001953125,4727.2998046875,257
2026-05-08 13:13:00+00:00,4726.7998046875,4727.89990234375,4725.89990234375,4727.60009765625,96
2026-05-08 13:14:00+00:00,4729.7001953125,4730.2001953125,4726.5,4726.5,84
2026-05-08 13:15:00+00:00,4730.2998046875,4731.89990234375,4729.0,4729.60009765625,100
2026-05-08 13:16:00+00:00,4731.39990234375,4732.39990234375,4730.2001953125,4730.7001953125,57
2026-05-08 13:17:00+00:00,4735.5,4735.5,4732.39990234375,4732.39990234375,66
2026-05-08 13:18:00+00:00,4733.60009765625,4735.7998046875,4733.0,4735.7001953125,113
2026-05-08 13:19:00+00:00,4733.7998046875,4735.0,4733.0,4733.0,58
2026-05-08 13:20:00+00:00,4736.39990234375,4736.89990234375,4734.5,4734.5,291
2026-05-08 13:21:00+00:00,4733.39990234375,4736.2001953125,4732.2998046875,4736.2001953125,165
2026-05-08 13:22:00+00:00,4735.0,4735.0,4732.5,4733.89990234375,55
2026-05-08 13:23:00+00:00,4733.60009765625,4735.7001953125,4732.10009765625,4735.10009765625,549
2026-05-08 13:24:00+00:00,4733.7998046875,4734.10009765625,4733.2001953125,4733.2998046875,54
2026-05-08 13:25:00+00:00,4736.0,4737.10009765625,4734.2998046875,4734.2998046875,118
2026-05-08 13:26:00+00:00,4735.5,4737.5,4735.5,4736.2001953125,71
2026-05-08 13:27:00+00:00,4736.2001953125,4736.39990234375,4734.7001953125,4735.5,82
2026-05-08 13:28:00+00:00,4735.89990234375,4736.0,4734.10009765625,4735.2998046875,126
2026-05-08 13:29:00+00:00,4736.60009765625,4736.89990234375,4733.5,4736.0,106
2026-05-08 13:30:00+00:00,4744.2998046875,4745.7998046875,4736.2998046875,4736.89990234375,1271
2026-05-08 13:31:00+00:00,4746.10009765625,4746.7998046875,4743.7998046875,4744.0,289
2026-05-08 13:32:00+00:00,4747.60009765625,4750.60009765625,4745.2001953125,4746.89990234375,408
2026-05-08 13:33:00+00:00,4752.5,4754.7998046875,4747.10009765625,4747.7998046875,471
2026-05-08 13:34:00+00:00,4748.5,4753.2001953125,4748.2998046875,4753.2001953125,406
2026-05-08 13:35:00+00:00,4751.60009765625,4754.2998046875,4748.39990234375,4748.60009765625,216
2026-05-08 13:36:00+00:00,4752.5,4753.5,4750.7001953125,4751.5,175
2026-05-08 13:37:00+00:00,4750.89990234375,4752.7998046875,4749.7998046875,4752.60009765625,247
2026-05-08 13:38:00+00:00,4750.7001953125,4753.7998046875,4749.60009765625,4750.5,224
2026-05-08 13:39:00+00:00,4748.2998046875,4750.89990234375,4748.0,4750.60009765625,144
2026-05-08 13:40:00+00:00,4750.0,4750.7998046875,4744.5,4748.5,294
2026-05-08 13:41:00+00:00,4745.2998046875,4751.0,4745.2998046875,4750.2998046875,130
2026-05-08 13:42:00+00:00,4747.5,4748.39990234375,4744.7001953125,4745.7998046875,154
2026-05-08 13:43:00+00:00,4747.60009765625,4748.7001953125,4746.39990234375,4748.0,155
2026-05-08 13:44:00+00:00,4747.7998046875,4749.10009765625,4746.39990234375,4747.7001953125,114
2026-05-08 13:45:00+00:00,4746.2001953125,4749.5,4746.2001953125,4748.2998046875,576
2026-05-08 13:46:00+00:00,4750.2001953125,4750.2001953125,4744.89990234375,4746.0,239
2026-05-08 13:47:00+00:00,4753.0,4754.2001953125,4749.2001953125,4749.7998046875,943
2026-05-08 13:48:00+00:00,4752.39990234375,4753.5,4751.2998046875,4753.2001953125,87
2026-05-08 13:49:00+00:00,4750.60009765625,4751.39990234375,4748.60009765625,4751.39990234375,321
2026-05-08 13:50:00+00:00,4750.5,4751.5,4749.10009765625,4750.60009765625,70
2026-05-08 13:51:00+00:00,4754.0,4754.0,4749.7001953125,4750.0,196
2026-05-08 13:52:00+00:00,4753.0,4755.39990234375,4752.7001953125,4754.10009765625,289
2026-05-08 13:53:00+00:00,4748.0,4753.10009765625,4747.7998046875,4752.89990234375,309
2026-05-08 13:54:00+00:00,4750.5,4751.10009765625,4746.39990234375,4748.10009765625,369
2026-05-08 13:55:00+00:00,4753.2998046875,4755.39990234375,4749.7001953125,4750.39990234375,336
2026-05-08 13:56:00+00:00,4753.2998046875,4754.5,4753.0,4753.7001953125,74
2026-05-08 13:57:00+00:00,4756.0,4756.7001953125,4753.0,4753.0,162
2026-05-08 13:58:00+00:00,4755.0,4757.10009765625,4754.5,4756.10009765625,117
2026-05-08 13:59:00+00:00,4757.7998046875,4758.60009765625,4754.5,4755.60009765625,283
2026-05-08 14:00:00+00:00,4753.7998046875,4760.39990234375,4752.7998046875,4757.7998046875,1009
2026-05-08 14:01:00+00:00,4750.89990234375,4753.7998046875,4750.39990234375,4753.7998046875,259
2026-05-08 14:02:00+00:00,4751.0,4753.7998046875,4749.7001953125,4750.7998046875,377
2026-05-08 14:03:00+00:00,4751.60009765625,4754.0,4751.10009765625,4751.5,283
2026-05-08 14:04:00+00:00,4750.0,4753.60009765625,4748.5,4751.5,284
2026-05-08 14:05:00+00:00,4746.5,4749.7998046875,4745.7998046875,4749.60009765625,482
2026-05-08 14:06:00+00:00,4744.0,4747.7998046875,4742.39990234375,4746.5,342
2026-05-08 14:07:00+00:00,4740.0,4745.2001953125,4739.0,4744.2001953125,274
2026-05-08 14:08:00+00:00,4740.7998046875,4741.60009765625,4737.10009765625,4740.0,295
2026-05-08 14:09:00+00:00,4736.10009765625,4740.39990234375,4735.2001953125,4740.39990234375,213
2026-05-08 14:10:00+00:00,4733.2998046875,4736.89990234375,4728.0,4736.2998046875,1208
2026-05-08 14:11:00+00:00,4735.2998046875,4735.60009765625,4730.39990234375,4733.2001953125,255
2026-05-08 14:12:00+00:00,4736.0,4736.7998046875,4731.7001953125,4735.7001953125,136
2026-05-08 14:13:00+00:00,4741.89990234375,4742.0,4735.7001953125,4735.7998046875,650
2026-05-08 14:14:00+00:00,4741.39990234375,4742.0,4739.10009765625,4741.7998046875,118
2026-05-08 14:15:00+00:00,4741.7001953125,4742.5,4740.60009765625,4741.2998046875,79
2026-05-08 14:16:00+00:00,4741.7998046875,4743.7998046875,4740.60009765625,4741.60009765625,121
2026-05-08 14:17:00+00:00,4739.7998046875,4743.2998046875,4739.2001953125,4742.2001953125,179
2026-05-08 14:18:00+00:00,4738.10009765625,4740.60009765625,4737.60009765625,4739.7998046875,112
2026-05-08 14:19:00+00:00,4737.10009765625,4737.7998046875,4734.89990234375,4737.7998046875,141
2026-05-08 14:20:00+00:00,4734.39990234375,4738.0,4730.0,4737.0,857
2026-05-08 14:21:00+00:00,4734.7001953125,4735.60009765625,4732.89990234375,4734.60009765625,244
2026-05-08 14:22:00+00:00,4736.2001953125,4738.10009765625,4735.2001953125,4735.5,90
2026-05-08 14:23:00+00:00,4735.7001953125,4736.2998046875,4733.7001953125,4735.39990234375,73
2026-05-08 14:24:00+00:00,4735.2998046875,4736.0,4733.5,4735.0,57
2026-05-08 14:25:00+00:00,4737.2998046875,4737.7001953125,4734.2001953125,4735.60009765625,140
2026-05-08 14:26:00+00:00,4737.39990234375,4739.2001953125,4736.7001953125,4737.10009765625,109
2026-05-08 14:27:00+00:00,4731.7998046875,4737.10009765625,4731.5,4737.10009765625,109
2026-05-08 14:28:00+00:00,4730.7998046875,4732.60009765625,4728.7998046875,4731.5,259
2026-05-08 14:29:00+00:00,4727.60009765625,4733.2998046875,4725.0,4730.7998046875,336
2026-05-08 14:30:00+00:00,4725.10009765625,4729.39990234375,4723.5,4727.2998046875,354
2026-05-08 14:31:00+00:00,4727.7001953125,4730.60009765625,4724.0,4724.2998046875,239
2026-05-08 14:32:00+00:00,4729.2998046875,4730.39990234375,4727.10009765625,4728.7001953125,169
2026-05-08 14:33:00+00:00,4729.5,4730.0,4726.0,4729.39990234375,211
2026-05-08 14:34:00+00:00,4732.10009765625,4732.7998046875,4728.7001953125,4729.39990234375,146
2026-05-08 14:35:00+00:00,4731.39990234375,4733.7001953125,4730.60009765625,4732.39990234375,144
2026-05-08 14:36:00+00:00,4732.5,4732.5,4729.10009765625,4731.10009765625,200
2026-05-08 14:37:00+00:00,4733.7001953125,4734.2998046875,4731.89990234375,4732.2998046875,371
2026-05-08 14:38:00+00:00,4734.0,4734.5,4732.39990234375,4734.0,66
2026-05-08 14:39:00+00:00,4733.60009765625,4735.0,4731.60009765625,4734.7001953125,123
2026-05-08 14:40:00+00:00,4734.89990234375,4735.2998046875,4732.7998046875,4733.0,116
2026-05-08 14:41:00+00:00,4733.10009765625,4735.0,4732.7998046875,4735.0,44
2026-05-08 14:42:00+00:00,4730.89990234375,4733.89990234375,4730.89990234375,4732.60009765625,150
2026-05-08 14:43:00+00:00,4733.0,4733.0,4731.5,4731.89990234375,41
2026-05-08 14:44:00+00:00,4732.60009765625,4733.2998046875,4731.89990234375,4732.89990234375,40
2026-05-08 14:45:00+00:00,4732.2998046875,4732.7001953125,4731.39990234375,4732.2998046875,32
2026-05-08 14:46:00+00:00,4733.10009765625,4733.10009765625,4730.89990234375,4732.0,23
2026-05-08 14:47:00+00:00,4731.7001953125,4734.2998046875,4731.2998046875,4733.2001953125,132
2026-05-08 14:48:00+00:00,4726.39990234375,4731.39990234375,4725.7001953125,4731.39990234375,234
2026-05-08 14:49:00+00:00,4728.0,4728.7001953125,4724.89990234375,4726.5,183
2026-05-08 14:50:00+00:00,4727.2001953125,4728.39990234375,4726.2001953125,4727.2998046875,100
2026-05-08 14:51:00+00:00,4727.39990234375,4728.0,4726.10009765625,4726.7998046875,82
2026-05-08 14:52:00+00:00,4727.10009765625,4729.2998046875,4726.5,4727.2001953125,93
2026-05-08 14:53:00+00:00,4724.5,4726.60009765625,4723.10009765625,4726.60009765625,222
2026-05-08 14:54:00+00:00,4728.0,4728.0,4723.5,4723.7998046875,96
2026-05-08 14:55:00+00:00,4728.60009765625,4729.39990234375,4727.2998046875,4728.2998046875,136
2026-05-08 14:56:00+00:00,4728.7998046875,4729.60009765625,4726.5,4729.0,89
2026-05-08 14:57:00+00:00,4728.0,4729.10009765625,4726.7998046875,4728.39990234375,70
2026-05-08 14:58:00+00:00,4727.2998046875,4729.0,4726.7001953125,4728.10009765625,141
2026-05-08 14:59:00+00:00,4725.7001953125,4727.7001953125,4725.2998046875,4727.2998046875,85
2026-05-08 15:00:00+00:00,4726.5,4726.5,4722.7001953125,4725.7998046875,119
2026-05-08 15:01:00+00:00,4726.89990234375,4727.2998046875,4725.60009765625,4726.2001953125,84
2026-05-08 15:02:00+00:00,4724.2001953125,4726.89990234375,4723.7001953125,4726.7998046875,108
2026-05-08 15:03:00+00:00,4724.2998046875,4724.89990234375,4721.7998046875,4724.10009765625,119
2026-05-08 15:04:00+00:00,4723.89990234375,4725.2001953125,4723.39990234375,4724.10009765625,31
2026-05-08 15:05:00+00:00,4724.7998046875,4726.39990234375,4723.7998046875,4723.89990234375,55
2026-05-08 15:06:00+00:00,4729.2998046875,4730.39990234375,4724.2998046875,4724.89990234375,534
2026-05-08 15:07:00+00:00,4728.89990234375,4730.7998046875,4728.2998046875,4729.60009765625,165
2026-05-08 15:08:00+00:00,4730.2001953125,4730.60009765625,4728.5,4729.0,52
2026-05-08 15:09:00+00:00,4726.2001953125,4729.7998046875,4726.10009765625,4729.7998046875,50
2026-05-08 15:10:00+00:00,4728.2001953125,4728.39990234375,4725.89990234375,4725.89990234375,33
2026-05-08 15:11:00+00:00,4727.39990234375,4729.60009765625,4727.10009765625,4728.5,66
2026-05-08 15:12:00+00:00,4722.60009765625,4727.0,4719.89990234375,4727.0,217
2026-05-08 15:13:00+00:00,4721.60009765625,4721.7001953125,4719.5,4721.60009765625,120
2026-05-08 15:14:00+00:00,4717.5,4721.89990234375,4716.0,4721.7998046875,414
2026-05-08 15:15:00+00:00,4717.7998046875,4717.7998046875,4715.5,4717.39990234375,260
2026-05-08 15:16:00+00:00,4717.10009765625,4718.5,4715.0,4717.60009765625,131
2026-05-08 15:17:00+00:00,4716.39990234375,4718.2998046875,4714.7001953125,4716.89990234375,261
2026-05-08 15:18:00+00:00,4716.2998046875,4716.7001953125,4714.2001953125,4716.0,884
2026-05-08 15:19:00+00:00,4716.60009765625,4718.60009765625,4716.0,4716.10009765625,378
2026-05-08 15:20:00+00:00,4718.89990234375,4719.0,4715.2998046875,4716.39990234375,262
2026-05-08 15:21:00+00:00,4719.60009765625,4721.5,4718.0,4718.60009765625,367
2026-05-08 15:22:00+00:00,4715.60009765625,4719.2998046875,4713.89990234375,4719.2998046875,385
2026-05-08 15:23:00+00:00,4714.89990234375,4718.0,4714.0,4715.39990234375,181
2026-05-08 15:24:00+00:00,4717.39990234375,4717.7001953125,4715.5,4715.5,86
2026-05-08 15:25:00+00:00,4716.5,4717.0,4715.0,4716.89990234375,87
2026-05-08 15:26:00+00:00,4717.10009765625,4718.0,4716.2998046875,4716.39990234375,58
2026-05-08 15:27:00+00:00,4720.60009765625,4720.89990234375,4716.7001953125,4717.2001953125,100
2026-05-08 15:28:00+00:00,4720.2998046875,4720.89990234375,4719.39990234375,4720.7001953125,58
2026-05-08 15:29:00+00:00,4723.10009765625,4723.2001953125,4719.7998046875,4720.2998046875,678
2026-05-08 15:30:00+00:00,4717.7998046875,4724.0,4714.7998046875,4723.10009765625,481
2026-05-08 15:31:00+00:00,4718.10009765625,4718.2998046875,4713.7001953125,4717.5,227
2026-05-08 15:32:00+00:00,4718.39990234375,4718.39990234375,4716.10009765625,4717.7001953125,118
2026-05-08 15:33:00+00:00,4717.2001953125,4718.2998046875,4717.0,4718.2001953125,54
2026-05-08 15:34:00+00:00,4719.5,4719.5,4717.89990234375,4718.0,63
2026-05-08 15:35:00+00:00,4722.5,4723.0,4719.2998046875,4719.7001953125,144
2026-05-08 15:36:00+00:00,4724.0,4724.60009765625,4722.2001953125,4722.2001953125,156
2026-05-08 15:37:00+00:00,4722.60009765625,4725.0,4722.60009765625,4724.10009765625,89
2026-05-08 15:38:00+00:00,4723.5,4723.7001953125,4721.5,4722.7001953125,136
2026-05-08 15:39:00+00:00,4722.2998046875,4724.7001953125,4722.2001953125,4723.7001953125,51
2026-05-08 15:40:00+00:00,4721.7998046875,4722.2998046875,4720.7998046875,4722.10009765625,69
2026-05-08 15:41:00+00:00,4719.7001953125,4721.7998046875,4719.7001953125,4721.10009765625,89
2026-05-08 15:42:00+00:00,4720.2998046875,4721.10009765625,4718.5,4719.7001953125,87
2026-05-08 15:43:00+00:00,4717.2998046875,4720.39990234375,4713.60009765625,4720.39990234375,644
2026-05-08 15:44:00+00:00,4715.2998046875,4718.2998046875,4715.2998046875,4717.60009765625,118
2026-05-08 15:45:00+00:00,4715.39990234375,4715.60009765625,4711.5,4715.39990234375,328
2026-05-08 15:46:00+00:00,4715.60009765625,4715.60009765625,4714.0,4715.0,48
2026-05-08 15:47:00+00:00,4718.5,4718.5,4715.0,4715.2998046875,166
2026-05-08 15:48:00+00:00,4718.7001953125,4719.2998046875,4717.10009765625,4718.39990234375,202
2026-05-08 15:49:00+00:00,4718.0,4718.7998046875,4717.2998046875,4718.5,72
2026-05-08 15:50:00+00:00,4720.10009765625,4720.2998046875,4718.39990234375,4718.39990234375,76
2026-05-08 15:51:00+00:00,4720.0,4720.60009765625,4719.5,4719.89990234375,58
2026-05-08 15:52:00+00:00,4718.7001953125,4720.2998046875,4717.89990234375,4720.10009765625,26
2026-05-08 15:53:00+00:00,4719.7001953125,4719.7998046875,4718.39990234375,4718.7001953125,40
2026-05-08 15:54:00+00:00,4719.10009765625,4720.5,4718.7001953125,4719.89990234375,44
2026-05-08 15:55:00+00:00,4714.39990234375,4718.5,4714.10009765625,4718.39990234375,135
2026-05-08 15:56:00+00:00,4715.89990234375,4717.0,4713.60009765625,4714.0,148
2026-05-08 15:57:00+00:00,4716.0,4717.39990234375,4715.7001953125,4716.2998046875,99
2026-05-08 15:58:00+00:00,4715.2001953125,4717.39990234375,4715.2001953125,4716.10009765625,32
2026-05-08 15:59:00+00:00,4716.60009765625,4717.2998046875,4715.10009765625,4715.10009765625,77
2026-05-08 16:00:00+00:00,4718.60009765625,4719.5,4716.2998046875,4716.39990234375,132
2026-05-08 16:01:00+00:00,4717.89990234375,4719.39990234375,4717.0,4718.7998046875,126
2026-05-08 16:02:00+00:00,4718.60009765625,4719.0,4717.0,4717.89990234375,53
2026-05-08 16:03:00+00:00,4716.2998046875,4718.2998046875,4715.10009765625,4718.2998046875,137
2026-05-08 16:04:00+00:00,4715.7998046875,4716.39990234375,4715.0,4716.2998046875,63
2026-05-08 16:05:00+00:00,4720.89990234375,4722.39990234375,4715.60009765625,4715.60009765625,283
2026-05-08 16:06:00+00:00,4720.2001953125,4721.2998046875,4719.2001953125,4721.10009765625,163
2026-05-08 16:07:00+00:00,4719.10009765625,4720.89990234375,4718.5,4720.39990234375,30
2026-05-08 16:08:00+00:00,4717.10009765625,4719.60009765625,4716.5,4719.10009765625,92
2026-05-08 16:09:00+00:00,4717.7998046875,4718.2998046875,4717.2998046875,4717.39990234375,53
2026-05-08 16:10:00+00:00,4720.0,4720.5,4716.2001953125,4718.0,89
2026-05-08 16:11:00+00:00,4721.10009765625,4721.7998046875,4719.7001953125,4720.10009765625,101
2026-05-08 16:12:00+00:00,4720.0,4721.0,4720.0,4720.89990234375,31
2026-05-08 16:13:00+00:00,4721.5,4722.0,4719.89990234375,4720.10009765625,120
2026-05-08 16:14:00+00:00,4721.2001953125,4721.7001953125,4720.2998046875,4721.5,89
2026-05-08 16:15:00+00:00,4722.7998046875,4724.0,4720.89990234375,4720.89990234375,140
2026-05-08 16:16:00+00:00,4723.2001953125,4724.0,4723.0,4723.2001953125,94
2026-05-08 16:17:00+00:00,4722.60009765625,4723.60009765625,4721.2998046875,4723.60009765625,84
2026-05-08 16:18:00+00:00,4723.0,4723.10009765625,4721.39990234375,4722.0,22
2026-05-08 16:19:00+00:00,4721.60009765625,4723.39990234375,4721.2001953125,4723.10009765625,44
2026-05-08 16:20:00+00:00,4722.2001953125,4723.5,4721.7998046875,4722.0,30
2026-05-08 16:21:00+00:00,4723.0,4723.0,4721.7998046875,4722.10009765625,45
2026-05-08 16:22:00+00:00,4724.0,4724.5,4722.2998046875,4722.2998046875,72
2026-05-08 16:23:00+00:00,4724.39990234375,4725.39990234375,4723.60009765625,4723.7998046875,102
2026-05-08 16:24:00+00:00,4724.0,4724.39990234375,4723.60009765625,4724.39990234375,71
2026-05-08 16:25:00+00:00,4724.2998046875,4725.7001953125,4723.89990234375,4724.2001953125,50
2026-05-08 16:26:00+00:00,4725.5,4725.60009765625,4724.0,4724.0,95
2026-05-08 16:27:00+00:00,4725.2001953125,4727.0,4724.60009765625,4725.2998046875,201
2026-05-08 16:28:00+00:00,4725.60009765625,4725.60009765625,4724.0,4725.2001953125,51
2026-05-08 16:29:00+00:00,4727.2001953125,4727.2998046875,4725.2998046875,4725.2998046875,63
2026-05-08 16:30:00+00:00,4727.10009765625,4729.2001953125,4726.7998046875,4727.39990234375,158
2026-05-08 16:31:00+00:00,4727.5,4728.0,4726.39990234375,4726.7998046875,82
2026-05-08 16:32:00+00:00,4728.2998046875,4728.7001953125,4727.2998046875,4727.60009765625,46
2026-05-08 16:33:00+00:00,4728.7001953125,4729.89990234375,4728.2998046875,4728.2998046875,78
2026-05-08 16:34:00+00:00,4726.7001953125,4729.2001953125,4726.60009765625,4728.89990234375,74
2026-05-08 16:35:00+00:00,4725.39990234375,4727.0,4725.39990234375,4726.60009765625,72
2026-05-08 16:36:00+00:00,4726.39990234375,4727.5,4725.5,4725.5,59
2026-05-08 16:37:00+00:00,4727.2001953125,4727.2998046875,4726.2001953125,4726.2001953125,36
2026-05-08 16:38:00+00:00,4726.5,4727.39990234375,4725.5,4727.39990234375,51
2026-05-08 16:39:00+00:00,4726.10009765625,4726.39990234375,4725.0,4726.39990234375,50
2026-05-08 16:40:00+00:00,4726.0,4726.89990234375,4725.89990234375,4726.0,79
2026-05-08 16:41:00+00:00,4723.60009765625,4725.5,4723.60009765625,4725.2998046875,79
2026-05-08 16:42:00+00:00,4724.10009765625,4724.2001953125,4723.5,4723.7998046875,80
2026-05-08 16:43:00+00:00,4723.7998046875,4724.5,4723.0,4724.39990234375,52
2026-05-08 16:44:00+00:00,4723.10009765625,4724.0,4722.89990234375,4723.89990234375,71
2026-05-08 16:45:00+00:00,4723.39990234375,4724.7001953125,4722.2998046875,4723.2998046875,74
2026-05-08 16:46:00+00:00,4724.2998046875,4724.2998046875,4723.2998046875,4723.60009765625,61
2026-05-08 16:47:00+00:00,4724.2001953125,4725.7998046875,4724.2001953125,4724.2998046875,67
2026-05-08 16:48:00+00:00,4724.2998046875,4724.89990234375,4723.5,4724.2998046875,39
2026-05-08 16:49:00+00:00,4723.10009765625,4724.39990234375,4722.2998046875,4724.0,49
2026-05-08 16:50:00+00:00,4722.60009765625,4723.60009765625,4722.0,4723.5,47
2026-05-08 16:51:00+00:00,4722.10009765625,4722.7998046875,4721.7001953125,4722.60009765625,63
2026-05-08 16:52:00+00:00,4722.60009765625,4722.60009765625,4721.7998046875,4722.5,51
2026-05-08 16:53:00+00:00,4722.5,4723.2001953125,4722.39990234375,4722.89990234375,24
2026-05-08 16:54:00+00:00,4722.7998046875,4723.2998046875,4721.7998046875,4722.7998046875,37
2026-05-08 16:55:00+00:00,4721.10009765625,4723.0,4721.0,4722.89990234375,28
2026-05-08 16:56:00+00:00,4722.10009765625,4722.10009765625,4720.7001953125,4721.39990234375,84
2026-05-08 16:57:00+00:00,4723.0,4723.2001953125,4721.7998046875,4722.0,33
2026-05-08 16:58:00+00:00,4723.2001953125,4724.10009765625,4722.39990234375,4722.89990234375,55
2026-05-08 16:59:00+00:00,4721.89990234375,4723.2001953125,4721.60009765625,4722.89990234375,59
2026-05-08 17:00:00+00:00,4722.89990234375,4724.5,4721.7001953125,4721.89990234375,130
2026-05-08 17:01:00+00:00,4724.0,4725.10009765625,4723.0,4723.0,50
2026-05-08 17:02:00+00:00,4723.7998046875,4724.0,4723.39990234375,4723.7001953125,52
2026-05-08 17:03:00+00:00,4723.0,4724.0,4722.89990234375,4723.5,25
2026-05-08 17:04:00+00:00,4725.0,4725.89990234375,4722.89990234375,4723.10009765625,60
2026-05-08 17:05:00+00:00,4725.10009765625,4725.89990234375,4724.89990234375,4725.2998046875,62
2026-05-08 17:06:00+00:00,4724.60009765625,4725.2001953125,4723.89990234375,4725.0,27
2026-05-08 17:07:00+00:00,4724.2001953125,4725.5,4724.10009765625,4724.10009765625,32
2026-05-08 17:08:00+00:00,4724.5,4725.2001953125,4723.89990234375,4724.0,46
2026-05-08 17:09:00+00:00,4723.7998046875,4724.7998046875,4723.0,4724.7998046875,44
2026-05-08 17:10:00+00:00,4723.7001953125,4724.10009765625,4723.7001953125,4723.7998046875,22
2026-05-08 17:11:00+00:00,4724.0,4724.5,4723.2998046875,4724.10009765625,183
2026-05-08 17:12:00+00:00,4724.2998046875,4724.2998046875,4723.0,4724.10009765625,49
2026-05-08 17:13:00+00:00,4724.2001953125,4724.5,4723.2001953125,4723.7998046875,34
2026-05-08 17:14:00+00:00,4725.0,4725.0,4724.0,4724.0,154
2026-05-08 17:15:00+00:00,4726.5,4727.0,4724.60009765625,4724.7998046875,114
2026-05-08 17:16:00+00:00,4726.2998046875,4726.7998046875,4726.10009765625,4726.7998046875,80
2026-05-08 17:17:00+00:00,4728.10009765625,4728.39990234375,4726.10009765625,4726.2001953125,112
2026-05-08 17:18:00+00:00,4728.5,4728.7001953125,4728.0,4728.0,81
2026-05-08 17:19:00+00:00,4728.5,4729.7998046875,4727.5,4728.60009765625,270
2026-05-08 17:20:00+00:00,4728.5,4729.2001953125,4728.10009765625,4728.5,676
2026-05-08 17:21:00+00:00,4730.5,4730.5,4728.10009765625,4728.39990234375,182
2026-05-08 17:22:00+00:00,4728.89990234375,4730.2001953125,4728.2998046875,4730.10009765625,122
2026-05-08 17:23:00+00:00,4727.7001953125,4728.89990234375,4727.2998046875,4728.7998046875,360
2026-05-08 17:24:00+00:00,4728.39990234375,4728.89990234375,4726.89990234375,4727.7001953125,179
2026-05-08 17:25:00+00:00,4728.7998046875,4730.0,4728.10009765625,4728.39990234375,142
2026-05-08 17:26:00+00:00,4728.89990234375,4729.10009765625,4728.10009765625,4728.7998046875,129
2026-05-08 17:27:00+00:00,4730.10009765625,4730.10009765625,4728.60009765625,4728.60009765625,134
2026-05-08 17:28:00+00:00,4730.60009765625,4731.7998046875,4729.60009765625,4729.7001953125,848
2026-05-08 17:29:00+00:00,4730.2001953125,4731.7001953125,4729.5,4730.60009765625,4199
2026-05-08 17:30:00+00:00,4730.60009765625,4731.39990234375,4730.0,4730.2998046875,686
2026-05-08 17:31:00+00:00,4730.7001953125,4731.5,4730.39990234375,4730.60009765625,535
2026-05-08 17:32:00+00:00,4729.89990234375,4731.2998046875,4729.60009765625,4731.0,79
2026-05-08 17:33:00+00:00,4729.7998046875,4730.10009765625,4729.10009765625,4730.10009765625,29
2026-05-08 17:34:00+00:00,4729.7998046875,4730.10009765625,4729.5,4729.7998046875,69
2026-05-08 17:35:00+00:00,4730.10009765625,4730.2998046875,4729.39990234375,4729.7001953125,23
2026-05-08 17:36:00+00:00,4730.5,4731.10009765625,4729.89990234375,4730.39990234375,127
2026-05-08 17:37:00+00:00,4729.7001953125,4730.7998046875,4729.7001953125,4730.7001953125,20
2026-05-08 17:38:00+00:00,4729.2001953125,4730.10009765625,4729.10009765625,4730.0,56
2026-05-08 17:39:00+00:00,4729.7001953125,4730.2001953125,4729.2998046875,4729.39990234375,30
2026-05-08 17:40:00+00:00,4730.2001953125,4730.2998046875,4729.2001953125,4729.2998046875,23
2026-05-08 17:41:00+00:00,4729.10009765625,4729.7998046875,4728.89990234375,4729.7001953125,37
2026-05-08 17:42:00+00:00,4730.2998046875,4730.5,4729.5,4729.5,16
2026-05-08 17:43:00+00:00,4729.7998046875,4730.39990234375,4729.7998046875,4730.2001953125,16
2026-05-08 17:44:00+00:00,4730.7001953125,4731.10009765625,4729.7998046875,4729.7998046875,34
2026-05-08 17:45:00+00:00,4729.7001953125,4730.60009765625,4729.7001953125,4730.60009765625,26
2026-05-08 17:46:00+00:00,4730.5,4730.7998046875,4729.5,4730.0,29
2026-05-08 17:47:00+00:00,4729.2001953125,4730.2001953125,4729.2001953125,4730.10009765625,27
2026-05-08 17:48:00+00:00,4729.7001953125,4730.0,4729.2001953125,4729.2001953125,40
2026-05-08 17:49:00+00:00,4729.5,4729.60009765625,4729.2998046875,4729.60009765625,10
2026-05-08 17:50:00+00:00,4729.10009765625,4729.60009765625,4728.89990234375,4729.2998046875,64
2026-05-08 17:51:00+00:00,4729.7998046875,4729.7998046875,4728.7001953125,4729.5,66
2026-05-08 17:52:00+00:00,4730.10009765625,4730.2001953125,4729.2001953125,4729.39990234375,15
2026-05-08 17:53:00+00:00,4730.2001953125,4730.2001953125,4729.89990234375,4730.2001953125,13
2026-05-08 17:54:00+00:00,4731.2998046875,4731.39990234375,4729.89990234375,4730.10009765625,33
2026-05-08 17:55:00+00:00,4730.5,4732.10009765625,4730.2998046875,4731.5,86
2026-05-08 17:56:00+00:00,4730.5,4731.0,4730.2998046875,4730.2998046875,16
2026-05-08 17:57:00+00:00,4730.2001953125,4730.39990234375,4729.7001953125,4730.39990234375,13
2026-05-08 17:58:00+00:00,4730.2001953125,4730.39990234375,4729.2001953125,4730.2998046875,45
2026-05-08 17:59:00+00:00,4730.39990234375,4730.39990234375,4729.7001953125,4730.2001953125,37
2026-05-08 18:00:00+00:00,4732.5,4735.89990234375,4729.89990234375,4730.39990234375,807
2026-05-08 18:01:00+00:00,4734.2001953125,4734.60009765625,4733.0,4733.0,111
2026-05-08 18:02:00+00:00,4736.0,4737.0,4734.7001953125,4734.7001953125,154
2026-05-08 18:03:00+00:00,4735.2998046875,4737.10009765625,4735.2998046875,4736.0,81
2026-05-08 18:04:00+00:00,4735.7001953125,4736.7001953125,4735.2001953125,4735.2998046875,57
2026-05-08 18:05:00+00:00,4735.89990234375,4736.7001953125,4735.5,4735.5,60
2026-05-08 18:06:00+00:00,4736.5,4737.2998046875,4735.39990234375,4735.7001953125,65
2026-05-08 18:07:00+00:00,4735.60009765625,4737.0,4735.0,4736.2998046875,67
2026-05-08 18:08:00+00:00,4735.89990234375,4736.7001953125,4735.89990234375,4736.10009765625,26
2026-05-08 18:09:00+00:00,4735.2998046875,4736.2001953125,4735.2998046875,4735.5,22
2026-05-08 18:10:00+00:00,4735.7998046875,4736.0,4734.39990234375,4735.2001953125,71
2026-05-08 18:11:00+00:00,4735.2001953125,4736.39990234375,4735.2001953125,4736.0,21
2026-05-08 18:12:00+00:00,4737.10009765625,4737.2998046875,4735.39990234375,4735.7001953125,25
2026-05-08 18:13:00+00:00,4737.10009765625,4737.39990234375,4736.60009765625,4736.7001953125,60
2026-05-08 18:14:00+00:00,4737.10009765625,4738.2001953125,4737.0,4737.2998046875,37
2026-05-08 18:15:00+00:00,4736.2001953125,4738.60009765625,4736.10009765625,4737.7001953125,42
2026-05-08 18:16:00+00:00,4736.39990234375,4736.5,4735.7998046875,4736.5,24
2026-05-08 18:17:00+00:00,4736.89990234375,4736.89990234375,4735.7998046875,4736.39990234375,38
2026-05-08 18:18:00+00:00,4736.89990234375,4737.10009765625,4736.5,4736.60009765625,19
2026-05-08 18:19:00+00:00,4735.2998046875,4737.0,4734.89990234375,4736.5,28
2026-05-08 18:20:00+00:00,4735.7001953125,4735.7998046875,4734.89990234375,4734.89990234375,34
2026-05-08 18:21:00+00:00,4735.7001953125,4736.39990234375,4735.5,4735.60009765625,52
2026-05-08 18:22:00+00:00,4736.5,4736.7998046875,4735.7001953125,4735.7001953125,17
2026-05-08 18:23:00+00:00,4736.5,4737.0,4736.2001953125,4736.5,20
2026-05-08 18:24:00+00:00,4736.10009765625,4736.39990234375,4735.7998046875,4736.2001953125,29
2026-05-08 18:25:00+00:00,4733.5,4736.0,4733.39990234375,4736.0,119
2026-05-08 18:26:00+00:00,4734.60009765625,4734.60009765625,4733.39990234375,4733.39990234375,45
2026-05-08 18:27:00+00:00,4733.7998046875,4735.10009765625,4733.7001953125,4734.7001953125,33
2026-05-08 18:28:00+00:00,4734.89990234375,4735.0,4734.10009765625,4734.2998046875,18
2026-05-08 18:29:00+00:00,4735.10009765625,4735.7001953125,4734.89990234375,4735.2001953125,59
2026-05-08 18:30:00+00:00,4734.60009765625,4735.39990234375,4734.60009765625,4735.0,24
2026-05-08 18:31:00+00:00,4734.2001953125,4734.5,4733.39990234375,4734.2998046875,54
2026-05-08 18:32:00+00:00,4735.0,4735.10009765625,4734.2998046875,4734.39990234375,21
2026-05-08 18:33:00+00:00,4735.7001953125,4735.7001953125,4734.5,4735.0,25
2026-05-08 18:34:00+00:00,4735.10009765625,4736.0,4735.10009765625,4735.89990234375,24
2026-05-08 18:35:00+00:00,4735.2998046875,4735.2998046875,4734.39990234375,4734.7998046875,15
2026-05-08 18:36:00+00:00,4735.0,4735.39990234375,4734.7998046875,4735.0,31
2026-05-08 18:37:00+00:00,4734.7001953125,4735.39990234375,4734.39990234375,4735.2001953125,45
2026-05-08 18:38:00+00:00,4735.2998046875,4735.7998046875,4734.60009765625,4734.60009765625,29
2026-05-08 18:39:00+00:00,4735.7001953125,4735.7001953125,4735.5,4735.7001953125,5
2026-05-08 18:40:00+00:00,4734.2998046875,4735.39990234375,4733.89990234375,4735.39990234375,28
2026-05-08 18:41:00+00:00,4733.89990234375,4734.7001953125,4733.5,4734.60009765625,56
2026-05-08 18:42:00+00:00,4735.10009765625,4735.39990234375,4734.10009765625,4734.2001953125,25
2026-05-08 18:43:00+00:00,4735.60009765625,4735.60009765625,4735.0,4735.2998046875,22
2026-05-08 18:44:00+00:00,4734.39990234375,4735.7001953125,4734.39990234375,4735.7001953125,18
2026-05-08 18:45:00+00:00,4733.60009765625,4734.2998046875,4733.2998046875,4734.2001953125,28
2026-05-08 18:46:00+00:00,4733.5,4734.2998046875,4733.2001953125,4734.0,16
2026-05-08 18:47:00+00:00,4733.5,4733.7998046875,4733.10009765625,4733.5,15
2026-05-08 18:48:00+00:00,4732.7001953125,4733.0,4732.5,4733.0,8
2026-05-08 18:49:00+00:00,4733.10009765625,4733.2001953125,4731.5,4732.5,47
2026-05-08 18:50:00+00:00,4733.5,4733.5,4732.60009765625,4732.89990234375,18
2026-05-08 18:51:00+00:00,4732.7001953125,4733.89990234375,4732.7001953125,4733.2998046875,18
2026-05-08 18:52:00+00:00,4733.0,4733.39990234375,4733.0,4733.0,11
2026-05-08 18:53:00+00:00,4733.0,4733.0,4732.7998046875,4732.7998046875,5
2026-05-08 18:54:00+00:00,4731.89990234375,4733.5,4731.5,4733.5,18
2026-05-08 18:55:00+00:00,4730.5,4731.7001953125,4729.2998046875,4731.7001953125,59
2026-05-08 18:56:00+00:00,4731.5,4732.0,4730.39990234375,4730.5,30
2026-05-08 18:57:00+00:00,4731.5,4731.7998046875,4731.2001953125,4731.7998046875,10
2026-05-08 18:58:00+00:00,4732.2001953125,4732.89990234375,4731.7001953125,4731.7001953125,61
2026-05-08 18:59:00+00:00,4731.89990234375,4732.60009765625,4731.7998046875,4732.2001953125,17
2026-05-08 19:00:00+00:00,4732.0,4732.2998046875,4730.60009765625,4731.5,38
2026-05-08 19:01:00+00:00,4733.2998046875,4733.60009765625,4732.39990234375,4732.39990234375,30
2026-05-08 19:02:00+00:00,4734.10009765625,4734.2001953125,4733.0,4733.2001953125,40
2026-05-08 19:03:00+00:00,4733.0,4734.2998046875,4732.89990234375,4734.2001953125,19
2026-05-08 19:04:00+00:00,4732.89990234375,4733.39990234375,4732.89990234375,4733.10009765625,10
2026-05-08 19:05:00+00:00,4732.60009765625,4733.0,4731.89990234375,4732.89990234375,25
2026-05-08 19:06:00+00:00,4735.2001953125,4735.2001953125,4732.89990234375,4732.89990234375,49
2026-05-08 19:07:00+00:00,4734.7001953125,4735.2998046875,4734.5,4734.7998046875,10
2026-05-08 19:08:00+00:00,4733.7001953125,4734.5,4733.7001953125,4734.5,16
2026-05-08 19:09:00+00:00,4734.2998046875,4734.7998046875,4733.7998046875,4733.7998046875,8
2026-05-08 19:10:00+00:00,4734.89990234375,4735.2001953125,4734.10009765625,4734.10009765625,27
2026-05-08 19:11:00+00:00,4734.5,4734.7998046875,4734.2001953125,4734.7001953125,24
2026-05-08 19:12:00+00:00,4734.60009765625,4734.7998046875,4734.2001953125,4734.2998046875,18
2026-05-08 19:13:00+00:00,4733.60009765625,4735.2001953125,4733.60009765625,4734.7998046875,11
2026-05-08 19:14:00+00:00,4733.10009765625,4733.5,4732.7998046875,4733.39990234375,27
2026-05-08 19:15:00+00:00,4733.7001953125,4734.10009765625,4733.2001953125,4733.2001953125,40
2026-05-08 19:16:00+00:00,4733.7998046875,4734.10009765625,4733.60009765625,4733.7001953125,18
2026-05-08 19:17:00+00:00,4733.7001953125,4734.0,4733.7001953125,4733.89990234375,3
2026-05-08 19:18:00+00:00,4733.5,4733.60009765625,4733.2001953125,4733.2001953125,7
2026-05-08 19:19:00+00:00,4733.39990234375,4733.7998046875,4733.39990234375,4733.7998046875,7
2026-05-08 19:20:00+00:00,4733.7998046875,4734.2998046875,4733.60009765625,4734.2001953125,7
2026-05-08 19:21:00+00:00,4733.10009765625,4733.2998046875,4732.89990234375,4733.2998046875,6
2026-05-08 19:22:00+00:00,4733.10009765625,4733.2998046875,4732.7998046875,4733.2998046875,11
2026-05-08 19:23:00+00:00,4734.2001953125,4734.7001953125,4733.2001953125,4733.2001953125,33
2026-05-08 19:24:00+00:00,4734.2998046875,4734.39990234375,4734.10009765625,4734.10009765625,10
2026-05-08 19:25:00+00:00,4734.10009765625,4734.10009765625,4733.2001953125,4733.7998046875,19
2026-05-08 19:26:00+00:00,4734.10009765625,4734.2001953125,4733.60009765625,4733.7001953125,5
2026-05-08 19:27:00+00:00,4734.39990234375,4734.39990234375,4733.60009765625,4733.7998046875,10
2026-05-08 19:28:00+00:00,4733.2998046875,4734.10009765625,4733.2998046875,4734.10009765625,18
2026-05-08 19:29:00+00:00,4733.2001953125,4733.39990234375,4733.10009765625,4733.39990234375,11
2026-05-08 19:30:00+00:00,4732.7998046875,4733.2001953125,4731.7001953125,4733.2001953125,32
2026-05-08 19:31:00+00:00,4731.60009765625,4732.89990234375,4731.60009765625,4732.89990234375,19
2026-05-08 19:32:00+00:00,4732.0,4732.0,4731.39990234375,4731.7001953125,47
2026-05-08 19:33:00+00:00,4731.7998046875,4732.60009765625,4731.7998046875,4732.2001953125,20
2026-05-08 19:34:00+00:00,4732.5,4732.7001953125,4732.0,4732.0,13
2026-05-08 19:35:00+00:00,4731.5,4732.60009765625,4731.2001953125,4732.5,11
2026-05-08 19:36:00+00:00,4732.0,4732.5,4731.2001953125,4731.2998046875,15
2026-05-08 19:37:00+00:00,4732.5,4732.60009765625,4732.39990234375,4732.39990234375,18
2026-05-08 19:38:00+00:00,4731.7998046875,4732.5,4731.60009765625,4732.39990234375,13
2026-05-08 19:39:00+00:00,4733.0,4733.0,4731.89990234375,4732.10009765625,23
2026-05-08 19:40:00+00:00,4736.0,4736.39990234375,4733.2001953125,4733.2001953125,160
2026-05-08 19:41:00+00:00,4735.7001953125,4736.2998046875,4734.39990234375,4735.89990234375,157
2026-05-08 19:42:00+00:00,4734.60009765625,4735.5,4734.2998046875,4734.89990234375,37
2026-05-08 19:43:00+00:00,4734.7998046875,4734.7998046875,4734.60009765625,4734.7998046875,8
2026-05-08 19:44:00+00:00,4734.60009765625,4735.0,4734.60009765625,4735.0,11
2026-05-08 19:45:00+00:00,4734.39990234375,4735.5,4734.39990234375,4735.10009765625,11
2026-05-08 19:46:00+00:00,4734.39990234375,4734.89990234375,4734.0,4734.89990234375,19
2026-05-08 19:47:00+00:00,4734.39990234375,4734.89990234375,4733.60009765625,4733.7998046875,35
2026-05-08 19:48:00+00:00,4733.60009765625,4734.7001953125,4733.60009765625,4734.60009765625,13
2026-05-08 19:49:00+00:00,4733.89990234375,4733.89990234375,4732.89990234375,4733.89990234375,44
2026-05-08 19:50:00+00:00,4734.7001953125,4734.7001953125,4733.2001953125,4733.60009765625,98
2026-05-08 19:51:00+00:00,4734.5,4735.0,4734.5,4734.60009765625,20
2026-05-08 19:52:00+00:00,4734.10009765625,4734.60009765625,4733.2001953125,4734.2998046875,34
2026-05-08 19:53:00+00:00,4733.7001953125,4734.5,4733.39990234375,4734.2001953125,45
2026-05-08 19:54:00+00:00,4734.60009765625,4734.60009765625,4733.39990234375,4733.7001953125,47
2026-05-08 19:55:00+00:00,4733.7998046875,4734.7001953125,4733.7998046875,4734.60009765625,62
2026-05-08 19:56:00+00:00,4732.7998046875,4733.89990234375,4732.39990234375,4733.89990234375,105
2026-05-08 19:57:00+00:00,4734.0,4734.0,4732.7998046875,4732.89990234375,53
2026-05-08 19:58:00+00:00,4733.39990234375,4734.60009765625,4733.10009765625,4733.89990234375,110
2026-05-08 19:59:00+00:00,4733.39990234375,4733.7998046875,4732.5,4733.5,149
2026-05-08 20:00:00+00:00,4732.0,4733.89990234375,4731.60009765625,4733.7998046875,51
2026-05-08 20:01:00+00:00,4732.7001953125,4732.7998046875,4731.7001953125,4732.0,95
2026-05-08 20:02:00+00:00,4733.10009765625,4733.5,4732.10009765625,4733.0,58
2026-05-08 20:03:00+00:00,4732.7998046875,4732.7998046875,4732.39990234375,4732.5,139
2026-05-08 20:04:00+00:00,4732.60009765625,4732.89990234375,4732.2998046875,4732.89990234375,11
2026-05-08 20:05:00+00:00,4732.60009765625,4732.7001953125,4732.10009765625,4732.7001953125,23
2026-05-08 20:06:00+00:00,4732.39990234375,4732.60009765625,4732.10009765625,4732.39990234375,24
2026-05-08 20:07:00+00:00,4732.2998046875,4733.0,4732.2001953125,4732.2001953125,12
2026-05-08 20:08:00+00:00,4732.10009765625,4732.2998046875,4731.89990234375,4732.10009765625,13
2026-05-08 20:09:00+00:00,4731.39990234375,4732.2001953125,4731.10009765625,4732.10009765625,43
2026-05-08 20:10:00+00:00,4729.0,4731.39990234375,4728.89990234375,4731.10009765625,49
2026-05-08 20:11:00+00:00,4728.0,4729.2998046875,4728.0,4729.0,29
2026-05-08 20:12:00+00:00,4727.39990234375,4728.2998046875,4726.7998046875,4728.2998046875,47
2026-05-08 20:13:00+00:00,4727.60009765625,4727.7001953125,4726.89990234375,4727.5,15
2026-05-08 20:14:00+00:00,4728.5,4728.60009765625,4727.2998046875,4727.2998046875,41
2026-05-08 20:15:00+00:00,4727.2998046875,4728.2001953125,4726.89990234375,4728.2001953125,26
2026-05-08 20:16:00+00:00,4728.2998046875,4728.89990234375,4727.10009765625,4727.39990234375,24
2026-05-08 20:17:00+00:00,4726.60009765625,4728.0,4726.39990234375,4728.0,19
2026-05-08 20:18:00+00:00,4726.2998046875,4726.89990234375,4726.0,4726.7998046875,23
2026-05-08 20:19:00+00:00,4724.89990234375,4726.10009765625,4724.7998046875,4726.10009765625,35
2026-05-08 20:20:00+00:00,4725.7998046875,4725.7998046875,4724.7001953125,4725.0,24
2026-05-08 20:21:00+00:00,4726.2001953125,4726.2001953125,4725.39990234375,4725.39990234375,30
2026-05-08 20:22:00+00:00,4725.89990234375,4726.7001953125,4725.39990234375,4726.7001953125,13
2026-05-08 20:23:00+00:00,4726.0,4726.0,4725.7998046875,4726.0,6
2026-05-08 20:24:00+00:00,4726.2998046875,4727.2001953125,4726.2998046875,4726.39990234375,18
2026-05-08 20:25:00+00:00,4727.2001953125,4727.2001953125,4726.2001953125,4726.39990234375,25
2026-05-08 20:26:00+00:00,4726.7998046875,4727.2001953125,4726.39990234375,4727.2001953125,9
2026-05-08 20:27:00+00:00,4725.7001953125,4727.10009765625,4725.2998046875,4726.5,27
2026-05-08 20:28:00+00:00,4725.7001953125,4726.2998046875,4725.7001953125,4726.2998046875,12
2026-05-08 20:29:00+00:00,4727.0,4727.0,4726.0,4726.0,11
2026-05-08 20:30:00+00:00,4726.2998046875,4726.7998046875,4725.89990234375,4726.7998046875,21
2026-05-08 20:31:00+00:00,4726.60009765625,4726.60009765625,4726.2001953125,4726.2001953125,20
2026-05-08 20:32:00+00:00,4728.0,4728.60009765625,4726.2001953125,4726.7001953125,36
2026-05-08 20:33:00+00:00,4727.10009765625,4727.89990234375,4727.0,4727.89990234375,12
2026-05-08 20:34:00+00:00,4726.7998046875,4727.2998046875,4726.0,4727.2998046875,25
2026-05-08 20:35:00+00:00,4726.7998046875,4727.10009765625,4726.5,4726.60009765625,267
2026-05-08 20:36:00+00:00,4726.7998046875,4727.2998046875,4726.39990234375,4726.39990234375,13
2026-05-08 20:37:00+00:00,4727.39990234375,4727.5,4727.2001953125,4727.2998046875,13
2026-05-08 20:38:00+00:00,4726.89990234375,4726.89990234375,4726.5,4726.89990234375,10
2026-05-08 20:39:00+00:00,4727.2998046875,4727.39990234375,4726.7998046875,4726.7998046875,7
2026-05-08 20:40:00+00:00,4727.2001953125,4727.7001953125,4726.89990234375,4727.5,14
2026-05-08 20:41:00+00:00,4726.2998046875,4726.7998046875,4726.2998046875,4726.7998046875,6
2026-05-08 20:42:00+00:00,4726.10009765625,4726.39990234375,4725.7001953125,4726.0,12
2026-05-08 20:43:00+00:00,4725.89990234375,4726.2001953125,4725.7998046875,4726.0,8
2026-05-08 20:44:00+00:00,4725.5,4725.7001953125,4725.0,4725.7001953125,25
2026-05-08 20:45:00+00:00,4726.2001953125,4726.39990234375,4725.7998046875,4726.10009765625,20
2026-05-08 20:46:00+00:00,4725.2998046875,4725.60009765625,4724.7998046875,4725.60009765625,25
2026-05-08 20:47:00+00:00,4725.0,4725.39990234375,4724.7998046875,4725.39990234375,38
2026-05-08 20:48:00+00:00,4724.2998046875,4724.89990234375,4724.2998046875,4724.89990234375,35
2026-05-08 20:49:00+00:00,4724.39990234375,4724.60009765625,4724.0,4724.39990234375,30
2026-05-08 20:50:00+00:00,4724.10009765625,4725.60009765625,4723.7001953125,4724.5,59
2026-05-08 20:51:00+00:00,4724.10009765625,4724.39990234375,4723.7998046875,4724.10009765625,30
2026-05-08 20:52:00+00:00,4724.5,4724.7998046875,4723.60009765625,4724.0,50
2026-05-08 20:53:00+00:00,4724.2998046875,4724.5,4723.2998046875,4724.2001953125,30
2026-05-08 20:54:00+00:00,4724.5,4724.5,4723.2998046875,4724.39990234375,95
2026-05-08 20:55:00+00:00,4724.5,4724.5,4723.7001953125,4724.2001953125,25
2026-05-08 20:56:00+00:00,4724.7001953125,4724.89990234375,4724.2998046875,4724.5,44
2026-05-08 20:57:00+00:00,4724.60009765625,4724.7998046875,4724.39990234375,4724.60009765625,33
2026-05-08 20:58:00+00:00,4725.10009765625,4725.5,4724.2998046875,4724.39990234375,66
2026-05-08 20:59:00+00:00,4730.7001953125,4730.7001953125,4723.60009765625,4724.7998046875,54
2026-05-10 22:10:00+00:00,4697.2998046875,4698.2998046875,4696.5,4696.7998046875,0
2026-05-10 22:11:00+00:00,4701.0,4702.0,4696.89990234375,4696.89990234375,135
2026-05-10 22:12:00+00:00,4699.60009765625,4703.0,4699.10009765625,4701.2001953125,72
2026-05-10 22:13:00+00:00,4697.2001953125,4699.89990234375,4696.60009765625,4699.89990234375,53
2026-05-10 22:14:00+00:00,4695.89990234375,4697.2001953125,4694.39990234375,4697.2001953125,111
2026-05-10 22:15:00+00:00,4695.2001953125,4696.0,4693.2001953125,4695.2998046875,48
2026-05-10 22:16:00+00:00,4698.2001953125,4698.2001953125,4695.60009765625,4695.60009765625,47
2026-05-10 22:17:00+00:00,4693.60009765625,4698.7001953125,4692.7001953125,4698.60009765625,141
2026-05-10 22:18:00+00:00,4690.0,4695.0,4690.0,4694.89990234375,67
2026-05-10 22:19:00+00:00,4695.7998046875,4695.7998046875,4691.7001953125,4691.7998046875,59
2026-05-10 22:20:00+00:00,4696.89990234375,4697.2001953125,4693.7001953125,4695.10009765625,46
2026-05-10 22:21:00+00:00,4697.2998046875,4697.89990234375,4696.7998046875,4697.2001953125,35
2026-05-10 22:22:00+00:00,4695.7001953125,4697.7998046875,4695.7001953125,4697.10009765625,22
2026-05-10 22:23:00+00:00,4694.7998046875,4696.60009765625,4694.0,4696.10009765625,12
2026-05-10 22:24:00+00:00,4697.7998046875,4697.7998046875,4694.5,4694.5,21
2026-05-10 22:25:00+00:00,4697.60009765625,4698.0,4697.0,4698.0,17
2026-05-10 22:26:00+00:00,4700.10009765625,4700.10009765625,4698.5,4698.5,33
2026-05-10 22:27:00+00:00,4701.5,4702.0,4699.89990234375,4700.0,57
2026-05-10 22:28:00+00:00,4703.10009765625,4704.5,4701.5,4701.5,105
2026-05-10 22:29:00+00:00,4702.89990234375,4704.5,4701.5,4702.39990234375,81
2026-05-10 22:30:00+00:00,4698.2001953125,4702.7001953125,4698.2001953125,4702.60009765625,88
2026-05-10 22:31:00+00:00,4698.89990234375,4699.7001953125,4698.60009765625,4698.60009765625,48
2026-05-10 22:32:00+00:00,4698.60009765625,4700.2001953125,4697.7001953125,4699.0,58
2026-05-10 22:33:00+00:00,4700.60009765625,4701.0,4699.0,4699.0,42
2026-05-10 22:34:00+00:00,4701.2001953125,4702.5,4699.5,4700.2001953125,79
2026-05-10 22:35:00+00:00,4700.89990234375,4702.7001953125,4700.5,4701.5,34
2026-05-10 22:36:00+00:00,4699.60009765625,4700.7998046875,4699.39990234375,4700.7998046875,36
2026-05-10 22:37:00+00:00,4697.5,4699.89990234375,4697.0,4699.89990234375,53
2026-05-10 22:38:00+00:00,4696.2998046875,4699.7001953125,4695.89990234375,4697.7001953125,72
2026-05-10 22:39:00+00:00,4697.2998046875,4697.2998046875,4695.10009765625,4695.60009765625,33
2026-05-10 22:40:00+00:00,4695.2001953125,4698.0,4695.2001953125,4696.7998046875,24
2026-05-10 22:41:00+00:00,4698.0,4698.0,4695.7001953125,4695.7001953125,23
2026-05-10 22:42:00+00:00,4697.89990234375,4697.89990234375,4696.7001953125,4697.89990234375,6
2026-05-10 22:43:00+00:00,4699.2001953125,4699.2001953125,4697.7998046875,4698.2998046875,13
2026-05-10 22:44:00+00:00,4700.0,4700.39990234375,4698.60009765625,4699.2001953125,23
2026-05-10 22:45:00+00:00,4698.7001953125,4699.7001953125,4698.39990234375,4699.60009765625,18
2026-05-10 22:46:00+00:00,4700.7998046875,4701.0,4699.10009765625,4699.10009765625,38
2026-05-10 22:47:00+00:00,4700.7001953125,4701.5,4700.39990234375,4700.89990234375,26
2026-05-10 22:48:00+00:00,4701.2998046875,4701.2998046875,4700.2001953125,4700.5,14
2026-05-10 22:49:00+00:00,4702.7001953125,4702.7001953125,4700.60009765625,4701.2998046875,21
2026-05-10 22:50:00+00:00,4701.10009765625,4702.2998046875,4700.7998046875,4702.2998046875,18
2026-05-10 22:51:00+00:00,4699.89990234375,4701.7001953125,4699.89990234375,4701.2001953125,26
2026-05-10 22:52:00+00:00,4700.2001953125,4700.60009765625,4698.89990234375,4699.39990234375,20
2026-05-10 22:53:00+00:00,4701.2001953125,4702.10009765625,4700.2001953125,4700.2001953125,33
2026-05-10 22:54:00+00:00,4700.7001953125,4701.0,4700.2001953125,4701.0,8
2026-05-10 22:55:00+00:00,4701.2001953125,4701.39990234375,4699.7001953125,4700.2001953125,14
2026-05-10 22:56:00+00:00,4702.2998046875,4702.2998046875,4701.39990234375,4701.7001953125,13
2026-05-10 22:57:00+00:00,4701.39990234375,4703.5,4701.39990234375,4702.39990234375,66
2026-05-10 22:58:00+00:00,4701.2001953125,4701.7998046875,4700.7998046875,4701.2998046875,15
2026-05-10 22:59:00+00:00,4700.10009765625,4701.7001953125,4700.10009765625,4701.5,23
2026-05-10 23:00:00+00:00,4702.2998046875,4702.39990234375,4699.5,4700.0,20
2026-05-10 23:01:00+00:00,4701.7998046875,4702.5,4701.5,4701.89990234375,21
2026-05-10 23:02:00+00:00,4701.10009765625,4702.5,4701.10009765625,4702.5,8
2026-05-10 23:03:00+00:00,4702.0,4702.0,4700.39990234375,4700.89990234375,11
2026-05-10 23:04:00+00:00,4705.10009765625,4705.60009765625,4701.2998046875,4702.39990234375,50
2026-05-10 23:05:00+00:00,4703.2998046875,4705.2001953125,4703.2998046875,4704.89990234375,69
2026-05-10 23:06:00+00:00,4703.0,4703.5,4702.39990234375,4703.39990234375,53
2026-05-10 23:07:00+00:00,4702.5,4704.10009765625,4702.5,4702.7001953125,24
2026-05-10 23:08:00+00:00,4701.60009765625,4702.60009765625,4701.39990234375,4702.60009765625,13
2026-05-10 23:09:00+00:00,4702.60009765625,4703.10009765625,4701.89990234375,4701.89990234375,14
2026-05-10 23:10:00+00:00,4700.2998046875,4703.0,4699.60009765625,4702.89990234375,116
2026-05-10 23:11:00+00:00,4700.60009765625,4701.2998046875,4698.60009765625,4700.60009765625,71
2026-05-10 23:12:00+00:00,4699.60009765625,4700.7998046875,4699.0,4700.60009765625,46
2026-05-10 23:13:00+00:00,4699.0,4700.2001953125,4699.0,4700.0,15
2026-05-10 23:14:00+00:00,4699.0,4699.5,4697.2998046875,4698.2001953125,41
2026-05-10 23:15:00+00:00,4697.7001953125,4699.2998046875,4697.7001953125,4698.89990234375,14
2026-05-10 23:16:00+00:00,4701.5,4701.89990234375,4698.2001953125,4698.2001953125,54
2026-05-10 23:17:00+00:00,4702.2001953125,4702.60009765625,4701.2001953125,4701.2001953125,28
2026-05-10 23:18:00+00:00,4701.5,4702.7001953125,4701.2001953125,4702.39990234375,15
2026-05-10 23:19:00+00:00,4703.7001953125,4703.7001953125,4701.89990234375,4702.10009765625,32
2026-05-10 23:20:00+00:00,4704.5,4705.5,4703.60009765625,4704.0,61
2026-05-10 23:21:00+00:00,4704.39990234375,4705.2998046875,4704.39990234375,4704.60009765625,16
2026-05-10 23:22:00+00:00,4704.5,4704.5,4703.60009765625,4704.10009765625,13
2026-05-10 23:23:00+00:00,4704.0,4704.0,4704.0,4704.0,3
2026-05-10 23:24:00+00:00,4705.2001953125,4705.2001953125,4704.10009765625,4704.2001953125,11
2026-05-10 23:25:00+00:00,4705.10009765625,4705.2998046875,4704.5,4705.10009765625,10
2026-05-10 23:26:00+00:00,4704.5,4704.89990234375,4704.5,4704.89990234375,3
2026-05-10 23:27:00+00:00,4705.0,4705.89990234375,4704.7001953125,4704.89990234375,56
2026-05-10 23:28:00+00:00,4703.39990234375,4704.89990234375,4703.10009765625,4704.89990234375,11
2026-05-10 23:29:00+00:00,4703.60009765625,4703.60009765625,4703.0,4703.2998046875,11
2026-05-10 23:30:00+00:00,4705.2001953125,4705.2001953125,4703.60009765625,4703.60009765625,27
2026-05-10 23:31:00+00:00,4703.7001953125,4705.2998046875,4703.7001953125,4705.10009765625,11
2026-05-10 23:32:00+00:00,4705.2998046875,4705.7001953125,4704.2998046875,4704.2998046875,34
2026-05-10 23:33:00+00:00,4705.2998046875,4706.60009765625,4704.7998046875,4705.89990234375,56
2026-05-10 23:34:00+00:00,4705.0,4705.7998046875,4704.39990234375,4705.5,18
2026-05-10 23:35:00+00:00,4705.5,4705.5,4704.2998046875,4705.2998046875,23
2026-05-10 23:36:00+00:00,4706.10009765625,4706.5,4705.5,4705.5,30
2026-05-10 23:37:00+00:00,4706.7998046875,4707.0,4705.10009765625,4706.5,50
2026-05-10 23:38:00+00:00,4706.10009765625,4707.10009765625,4705.7001953125,4706.39990234375,31
2026-05-10 23:39:00+00:00,4705.89990234375,4707.2998046875,4705.7998046875,4706.10009765625,40
2026-05-10 23:40:00+00:00,4706.2998046875,4706.7001953125,4706.0,4706.2001953125,10
2026-05-10 23:41:00+00:00,4706.39990234375,4706.7001953125,4705.89990234375,4706.7001953125,7
2026-05-10 23:42:00+00:00,4705.5,4705.89990234375,4705.10009765625,4705.7998046875,17
2026-05-10 23:43:00+00:00,4704.39990234375,4706.10009765625,4704.39990234375,4706.0,15
2026-05-10 23:44:00+00:00,4706.2998046875,4706.39990234375,4704.7998046875,4704.7998046875,23
2026-05-10 23:45:00+00:00,4703.10009765625,4706.2998046875,4703.10009765625,4706.2998046875,15
2026-05-10 23:46:00+00:00,4703.7998046875,4703.89990234375,4702.7998046875,4703.5,40
2026-05-10 23:47:00+00:00,4704.10009765625,4704.89990234375,4704.0,4704.0,27
2026-05-10 23:48:00+00:00,4706.60009765625,4706.7998046875,4704.10009765625,4704.10009765625,63
2026-05-10 23:49:00+00:00,4707.0,4707.0,4705.5,4705.7998046875,13
2026-05-10 23:50:00+00:00,4706.7001953125,4707.5,4705.7001953125,4707.0,37
2026-05-10 23:51:00+00:00,4706.0,4706.7998046875,4705.89990234375,4706.7001953125,26
2026-05-10 23:52:00+00:00,4704.60009765625,4705.5,4704.39990234375,4705.39990234375,28
2026-05-10 23:53:00+00:00,4705.7998046875,4706.0,4704.0,4704.60009765625,19
2026-05-10 23:54:00+00:00,4704.2998046875,4705.89990234375,4704.0,4705.89990234375,10
2026-05-10 23:55:00+00:00,4703.7001953125,4704.2001953125,4703.2998046875,4704.0,12
2026-05-10 23:56:00+00:00,4701.7998046875,4703.7998046875,4701.60009765625,4703.7001953125,34
2026-05-10 23:57:00+00:00,4701.7998046875,4702.60009765625,4701.5,4701.5,17
2026-05-10 23:58:00+00:00,4701.2998046875,4701.89990234375,4701.2998046875,4701.39990234375,15
2026-05-10 23:59:00+00:00,4700.2998046875,4701.0,4698.5,4701.0,82
2026-05-11 00:00:00+00:00,4691.89990234375,4700.2998046875,4691.7998046875,4699.89990234375,423
2026-05-11 00:01:00+00:00,4692.2998046875,4693.2001953125,4690.7998046875,4691.60009765625,88
2026-05-11 00:02:00+00:00,4696.10009765625,4696.10009765625,4692.5,4692.89990234375,83
2026-05-11 00:03:00+00:00,4693.2998046875,4695.7998046875,4692.10009765625,4695.7998046875,74
2026-05-11 00:04:00+00:00,4695.60009765625,4695.7001953125,4693.10009765625,4693.39990234375,23
2026-05-11 00:05:00+00:00,4697.5,4698.7998046875,4696.2998046875,4696.2998046875,92
2026-05-11 00:06:00+00:00,4696.5,4698.2998046875,4696.2998046875,4698.2998046875,30
2026-05-11 00:07:00+00:00,4697.7001953125,4698.89990234375,4697.2001953125,4697.2998046875,26
2026-05-11 00:08:00+00:00,4697.10009765625,4698.2001953125,4695.7998046875,4698.0,38
2026-05-11 00:09:00+00:00,4694.5,4696.60009765625,4693.5,4696.60009765625,50
2026-05-11 00:10:00+00:00,4692.7001953125,4694.7001953125,4692.39990234375,4694.7001953125,42
2026-05-11 00:11:00+00:00,4692.39990234375,4693.39990234375,4691.5,4692.60009765625,79
2026-05-11 00:12:00+00:00,4693.10009765625,4693.39990234375,4691.60009765625,4692.5,26
2026-05-11 00:13:00+00:00,4689.60009765625,4692.7998046875,4689.39990234375,4692.7998046875,85
2026-05-11 00:14:00+00:00,4690.7998046875,4690.7998046875,4688.5,4690.2998046875,55
2026-05-11 00:15:00+00:00,4690.60009765625,4691.60009765625,4688.39990234375,4691.5,62
2026-05-11 00:16:00+00:00,4688.5,4691.2001953125,4688.39990234375,4690.5,38
2026-05-11 00:17:00+00:00,4688.0,4688.7998046875,4685.10009765625,4688.2001953125,140
2026-05-11 00:18:00+00:00,4688.39990234375,4689.2998046875,4687.60009765625,4688.2001953125,34
2026-05-11 00:19:00+00:00,4686.39990234375,4689.39990234375,4686.39990234375,4688.2998046875,48
2026-05-11 00:20:00+00:00,4690.2001953125,4690.89990234375,4684.5,4686.39990234375,216
2026-05-11 00:21:00+00:00,4691.5,4692.5,4689.39990234375,4690.2998046875,59
2026-05-11 00:22:00+00:00,4693.7001953125,4693.7001953125,4691.10009765625,4692.0,79
2026-05-11 00:23:00+00:00,4693.7001953125,4694.39990234375,4693.2001953125,4693.39990234375,24
2026-05-11 00:24:00+00:00,4692.60009765625,4693.89990234375,4692.60009765625,4693.89990234375,46
2026-05-11 00:25:00+00:00,4694.89990234375,4695.39990234375,4692.7998046875,4692.7998046875,64
2026-05-11 00:26:00+00:00,4693.10009765625,4695.2001953125,4692.7998046875,4695.0,13
2026-05-11 00:27:00+00:00,4691.60009765625,4693.7001953125,4691.39990234375,4693.2998046875,50
2026-05-11 00:28:00+00:00,4691.7001953125,4692.7998046875,4690.2998046875,4691.7998046875,27
2026-05-11 00:29:00+00:00,4691.89990234375,4692.7001953125,4691.89990234375,4692.10009765625,22
2026-05-11 00:30:00+00:00,4696.7998046875,4696.7998046875,4692.5,4692.5,110
2026-05-11 00:31:00+00:00,4699.2001953125,4701.0,4696.89990234375,4696.89990234375,150
2026-05-11 00:32:00+00:00,4701.7001953125,4701.7001953125,4698.39990234375,4699.2001953125,73
2026-05-11 00:33:00+00:00,4701.7001953125,4701.7998046875,4701.0,4701.5,33
2026-05-11 00:34:00+00:00,4701.60009765625,4702.10009765625,4700.7001953125,4702.0,34
2026-05-11 00:35:00+00:00,4700.2001953125,4702.0,4700.10009765625,4701.5,30
2026-05-11 00:36:00+00:00,4701.2001953125,4701.60009765625,4700.0,4700.7998046875,85
2026-05-11 00:37:00+00:00,4699.0,4701.2998046875,4698.39990234375,4700.7998046875,40
2026-05-11 00:38:00+00:00,4695.7001953125,4699.10009765625,4695.7001953125,4698.89990234375,77
2026-05-11 00:39:00+00:00,4696.5,4696.7998046875,4694.10009765625,4695.7998046875,80
2026-05-11 00:40:00+00:00,4697.5,4697.5,4696.10009765625,4696.39990234375,22
2026-05-11 00:41:00+00:00,4698.10009765625,4698.7998046875,4697.2998046875,4697.2998046875,36
2026-05-11 00:42:00+00:00,4699.2001953125,4699.2001953125,4698.10009765625,4698.2001953125,18
2026-05-11 00:43:00+00:00,4697.2998046875,4700.39990234375,4697.2998046875,4699.2001953125,43
2026-05-11 00:44:00+00:00,4697.7998046875,4698.60009765625,4697.7001953125,4698.2001953125,14
2026-05-11 00:45:00+00:00,4699.10009765625,4699.2001953125,4697.39990234375,4698.0,17
2026-05-11 00:46:00+00:00,4696.89990234375,4700.2001953125,4696.5,4699.2001953125,52
2026-05-11 00:47:00+00:00,4700.39990234375,4700.39990234375,4696.7998046875,4697.0,32
2026-05-11 00:48:00+00:00,4701.39990234375,4701.7998046875,4699.2998046875,4700.5,91
2026-05-11 00:49:00+00:00,4698.89990234375,4701.2001953125,4698.89990234375,4700.89990234375,34
2026-05-11 00:50:00+00:00,4698.7998046875,4699.10009765625,4697.2998046875,4698.5,20
2026-05-11 00:51:00+00:00,4697.89990234375,4700.7998046875,4697.10009765625,4699.0,69
2026-05-11 00:52:00+00:00,4684.89990234375,4697.5,4680.7001953125,4697.2998046875,632
2026-05-11 00:53:00+00:00,4687.2998046875,4688.10009765625,4678.39990234375,4684.5,396
2026-05-11 00:54:00+00:00,4691.2001953125,4691.39990234375,4687.89990234375,4687.89990234375,136
2026-05-11 00:55:00+00:00,4685.10009765625,4690.7001953125,4684.60009765625,4690.39990234375,133
2026-05-11 00:56:00+00:00,4683.7998046875,4685.60009765625,4682.39990234375,4685.2001953125,94
2026-05-11 00:57:00+00:00,4687.5,4688.0,4683.7001953125,4684.2998046875,50
2026-05-11 00:58:00+00:00,4687.0,4689.0,4686.10009765625,4687.39990234375,108
2026-05-11 00:59:00+00:00,4692.5,4692.89990234375,4686.89990234375,4686.89990234375,206
2026-05-11 01:00:00+00:00,4686.5,4694.7998046875,4683.5,4692.0,510
2026-05-11 01:01:00+00:00,4686.7001953125,4689.7998046875,4684.39990234375,4685.7998046875,200
2026-05-11 01:02:00+00:00,4688.60009765625,4689.7998046875,4683.7001953125,4687.39990234375,96
2026-05-11 01:03:00+00:00,4693.89990234375,4694.2998046875,4688.39990234375,4688.7001953125,142
2026-05-11 01:04:00+00:00,4700.0,4701.0,4690.7001953125,4693.89990234375,250
2026-05-11 01:05:00+00:00,4706.60009765625,4708.5,4697.89990234375,4699.7998046875,335
2026-05-11 01:06:00+00:00,4704.60009765625,4707.5,4702.89990234375,4706.2998046875,89
2026-05-11 01:07:00+00:00,4706.5,4707.0,4704.60009765625,4704.7001953125,58
2026-05-11 01:08:00+00:00,4704.2998046875,4705.5,4702.7001953125,4704.7001953125,70
2026-05-11 01:09:00+00:00,4699.39990234375,4704.39990234375,4698.2998046875,4704.2998046875,107
2026-05-11 01:10:00+00:00,4693.39990234375,4699.7001953125,4690.7001953125,4699.2998046875,318
2026-05-11 01:11:00+00:00,4698.5,4698.60009765625,4692.5,4693.60009765625,88
2026-05-11 01:12:00+00:00,4702.2998046875,4702.2998046875,4698.0,4698.2998046875,133
2026-05-11 01:13:00+00:00,4701.0,4703.7001953125,4700.7998046875,4702.2001953125,64
2026-05-11 01:14:00+00:00,4700.7001953125,4703.5,4700.39990234375,4701.10009765625,74
2026-05-11 01:15:00+00:00,4700.0,4701.0,4698.10009765625,4700.89990234375,61
2026-05-11 01:16:00+00:00,4701.60009765625,4701.60009765625,4699.0,4699.89990234375,56
2026-05-11 01:17:00+00:00,4705.89990234375,4706.0,4700.7001953125,4700.7998046875,70
2026-05-11 01:18:00+00:00,4704.39990234375,4705.7998046875,4703.2001953125,4705.60009765625,133
2026-05-11 01:19:00+00:00,4704.5,4706.0,4703.60009765625,4704.7001953125,91
2026-05-11 01:20:00+00:00,4704.39990234375,4706.2001953125,4702.2001953125,4704.60009765625,127
2026-05-11 01:21:00+00:00,4707.2998046875,4707.2998046875,4703.39990234375,4704.0,96
2026-05-11 01:22:00+00:00,4711.2998046875,4711.89990234375,4705.5,4706.7001953125,262
2026-05-11 01:23:00+00:00,4713.2998046875,4714.10009765625,4711.0,4711.2001953125,159
2026-05-11 01:24:00+00:00,4711.7998046875,4713.7998046875,4711.7998046875,4713.7998046875,45
2026-05-11 01:25:00+00:00,4710.5,4714.10009765625,4709.89990234375,4712.10009765625,116
2026-05-11 01:26:00+00:00,4711.39990234375,4711.60009765625,4709.5,4710.60009765625,79
2026-05-11 01:27:00+00:00,4710.2998046875,4712.10009765625,4710.2001953125,4711.7998046875,32
2026-05-11 01:28:00+00:00,4709.7001953125,4709.7001953125,4708.10009765625,4709.2001953125,171
2026-05-11 01:29:00+00:00,4707.89990234375,4710.5,4707.60009765625,4709.89990234375,114
2026-05-11 01:30:00+00:00,4704.0,4707.7001953125,4703.7001953125,4707.7001953125,138
2026-05-11 01:31:00+00:00,4703.10009765625,4705.5,4701.7998046875,4704.39990234375,97
2026-05-11 01:32:00+00:00,4704.5,4705.2998046875,4701.7001953125,4702.7001953125,102
2026-05-11 01:33:00+00:00,4708.89990234375,4710.2001953125,4704.39990234375,4704.5,126
2026-05-11 01:34:00+00:00,4706.10009765625,4709.39990234375,4704.5,4709.39990234375,121
2026-05-11 01:35:00+00:00,4704.2001953125,4707.39990234375,4703.7998046875,4706.60009765625,52
2026-05-11 01:36:00+00:00,4704.39990234375,4704.7001953125,4703.5,4704.2001953125,17
2026-05-11 01:37:00+00:00,4703.5,4706.39990234375,4702.5,4705.89990234375,29
2026-05-11 01:38:00+00:00,4706.60009765625,4706.60009765625,4702.7998046875,4703.2998046875,40
2026-05-11 01:39:00+00:00,4704.0,4706.60009765625,4703.7001953125,4705.7998046875,57
2026-05-11 01:40:00+00:00,4700.39990234375,4704.0,4699.5,4703.89990234375,100
2026-05-11 01:41:00+00:00,4703.10009765625,4703.2001953125,4700.0,4700.10009765625,67
2026-05-11 01:42:00+00:00,4703.10009765625,4703.10009765625,4699.89990234375,4702.5,58
2026-05-11 01:43:00+00:00,4701.39990234375,4703.5,4699.7998046875,4703.0,52
2026-05-11 01:44:00+00:00,4702.7998046875,4703.5,4701.5,4701.5,48
2026-05-11 01:45:00+00:00,4703.7998046875,4703.89990234375,4701.60009765625,4703.10009765625,19
2026-05-11 01:46:00+00:00,4702.7998046875,4703.7998046875,4702.2998046875,4703.7001953125,26
2026-05-11 01:47:00+00:00,4703.2998046875,4704.39990234375,4701.7998046875,4702.2001953125,34
2026-05-11 01:48:00+00:00,4703.0,4703.7998046875,4701.60009765625,4703.7998046875,28
2026-05-11 01:49:00+00:00,4703.2998046875,4704.7998046875,4702.5,4703.7001953125,41
2026-05-11 01:50:00+00:00,4697.39990234375,4703.39990234375,4697.0,4703.39990234375,103
2026-05-11 01:51:00+00:00,4694.89990234375,4697.5,4694.10009765625,4697.5,129
2026-05-11 01:52:00+00:00,4697.2001953125,4698.89990234375,4693.7998046875,4694.89990234375,127
2026-05-11 01:53:00+00:00,4698.10009765625,4698.39990234375,4695.7001953125,4697.5,37
2026-05-11 01:54:00+00:00,4695.10009765625,4698.2001953125,4695.10009765625,4698.2001953125,42
2026-05-11 01:55:00+00:00,4691.2998046875,4696.0,4691.2001953125,4695.10009765625,67
2026-05-11 01:56:00+00:00,4692.5,4692.7998046875,4690.5,4691.2001953125,89
2026-05-11 01:57:00+00:00,4691.5,4692.39990234375,4689.2998046875,4692.39990234375,100
2026-05-11 01:58:00+00:00,4694.0,4694.2001953125,4688.5,4691.7001953125,105
2026-05-11 01:59:00+00:00,4694.2001953125,4695.7998046875,4692.89990234375,4694.39990234375,93
2026-05-11 02:00:00+00:00,4697.89990234375,4698.10009765625,4693.7001953125,4694.7001953125,61
2026-05-11 02:01:00+00:00,4699.2001953125,4700.7001953125,4697.7001953125,4698.0,171
2026-05-11 02:02:00+00:00,4700.60009765625,4701.2998046875,4697.7001953125,4698.89990234375,74
2026-05-11 02:03:00+00:00,4699.89990234375,4701.39990234375,4699.60009765625,4700.7001953125,68
2026-05-11 02:04:00+00:00,4697.2998046875,4700.0,4696.7001953125,4700.0,53
2026-05-11 02:05:00+00:00,4695.5,4698.0,4695.5,4697.7998046875,57
2026-05-11 02:06:00+00:00,4688.39990234375,4695.2001953125,4688.0,4695.2001953125,185
2026-05-11 02:07:00+00:00,4690.7001953125,4690.7001953125,4686.89990234375,4689.0,181
2026-05-11 02:08:00+00:00,4692.2998046875,4692.7001953125,4690.5,4690.5,65
2026-05-11 02:09:00+00:00,4692.5,4693.39990234375,4691.7001953125,4692.60009765625,76
2026-05-11 02:10:00+00:00,4693.10009765625,4693.10009765625,4691.5,4691.7998046875,38
2026-05-11 02:11:00+00:00,4694.60009765625,4694.60009765625,4692.60009765625,4693.39990234375,49
2026-05-11 02:12:00+00:00,4696.10009765625,4696.10009765625,4692.89990234375,4694.2001953125,78
2026-05-11 02:13:00+00:00,4696.2001953125,4697.7001953125,4695.60009765625,4696.2001953125,78
2026-05-11 02:14:00+00:00,4694.39990234375,4696.2998046875,4694.39990234375,4696.2001953125,37
2026-05-11 02:15:00+00:00,4693.39990234375,4694.89990234375,4692.10009765625,4694.7001953125,47
2026-05-11 02:16:00+00:00,4693.89990234375,4694.5,4693.2998046875,4693.5,45
2026-05-11 02:17:00+00:00,4693.2998046875,4694.2998046875,4693.2001953125,4694.0,30
2026-05-11 02:18:00+00:00,4693.39990234375,4694.2001953125,4692.7998046875,4693.5,39
2026-05-11 02:19:00+00:00,4691.89990234375,4693.89990234375,4691.0,4693.5,50
2026-05-11 02:20:00+00:00,4693.0,4693.2001953125,4691.2001953125,4691.60009765625,34
2026-05-11 02:21:00+00:00,4693.5,4694.0,4692.60009765625,4693.0,37
2026-05-11 02:22:00+00:00,4693.2998046875,4694.2001953125,4693.2998046875,4693.60009765625,26
2026-05-11 02:23:00+00:00,4692.39990234375,4693.2998046875,4692.0,4693.2998046875,24
2026-05-11 02:24:00+00:00,4694.39990234375,4695.2001953125,4692.39990234375,4693.2998046875,41
2026-05-11 02:25:00+00:00,4694.60009765625,4695.10009765625,4693.7001953125,4694.7998046875,27
2026-05-11 02:26:00+00:00,4696.10009765625,4696.89990234375,4694.60009765625,4694.7998046875,55
2026-05-11 02:27:00+00:00,4695.5,4696.5,4695.2001953125,4696.0,24
2026-05-11 02:28:00+00:00,4695.60009765625,4695.7001953125,4693.89990234375,4695.7001953125,74
2026-05-11 02:29:00+00:00,4697.0,4697.39990234375,4695.39990234375,4695.5,46
2026-05-11 02:30:00+00:00,4700.89990234375,4700.89990234375,4697.39990234375,4697.39990234375,219
2026-05-11 02:31:00+00:00,4703.5,4703.7001953125,4700.60009765625,4700.60009765625,104
2026-05-11 02:32:00+00:00,4702.2998046875,4704.2001953125,4702.0,4703.5,71
2026-05-11 02:33:00+00:00,4701.0,4702.2998046875,4701.0,4702.0,53
2026-05-11 02:34:00+00:00,4700.89990234375,4702.60009765625,4700.2001953125,4701.10009765625,41
2026-05-11 02:35:00+00:00,4701.2998046875,4701.2998046875,4699.7001953125,4700.39990234375,54
2026-05-11 02:36:00+00:00,4704.2998046875,4704.39990234375,4701.5,4701.5,96
2026-05-11 02:37:00+00:00,4708.2998046875,4708.39990234375,4704.60009765625,4704.7998046875,210
2026-05-11 02:38:00+00:00,4706.89990234375,4708.60009765625,4706.0,4708.2998046875,98
2026-05-11 02:39:00+00:00,4707.7998046875,4709.0,4705.7998046875,4705.7998046875,64
2026-05-11 02:40:00+00:00,4704.7998046875,4707.0,4704.2998046875,4706.7998046875,68
2026-05-11 02:41:00+00:00,4703.39990234375,4704.89990234375,4702.7998046875,4704.7001953125,42
2026-05-11 02:42:00+00:00,4701.7001953125,4702.60009765625,4701.0,4702.60009765625,79
2026-05-11 02:43:00+00:00,4700.5,4702.2001953125,4700.2998046875,4701.60009765625,74
2026-05-11 02:44:00+00:00,4697.10009765625,4700.2001953125,4696.5,4700.2001953125,78
2026-05-11 02:45:00+00:00,4699.2998046875,4700.2001953125,4696.7001953125,4696.89990234375,80
2026-05-11 02:46:00+00:00,4701.2001953125,4702.0,4699.10009765625,4699.10009765625,53
2026-05-11 02:47:00+00:00,4699.7998046875,4700.89990234375,4699.39990234375,4700.89990234375,28
2026-05-11 02:48:00+00:00,4694.7998046875,4699.5,4694.7001953125,4699.5,138
2026-05-11 02:49:00+00:00,4693.7998046875,4695.2998046875,4692.89990234375,4695.2998046875,88
2026-05-11 02:50:00+00:00,4690.89990234375,4693.7001953125,4690.39990234375,4693.7001953125,75
2026-05-11 02:51:00+00:00,4691.2001953125,4692.39990234375,4690.0,4691.10009765625,140
2026-05-11 02:52:00+00:00,4691.39990234375,4692.10009765625,4689.39990234375,4691.10009765625,95
2026-05-11 02:53:00+00:00,4687.7001953125,4692.60009765625,4687.10009765625,4692.0,216
2026-05-11 02:54:00+00:00,4689.0,4689.7001953125,4687.10009765625,4687.60009765625,211
2026-05-11 02:55:00+00:00,4685.2001953125,4690.2001953125,4684.7001953125,4688.5,270
2026-05-11 02:56:00+00:00,4687.2998046875,4688.0,4685.10009765625,4686.0,130
2026-05-11 02:57:00+00:00,4687.39990234375,4688.5,4686.60009765625,4687.60009765625,117
2026-05-11 02:58:00+00:00,4690.2001953125,4690.39990234375,4686.5,4687.5,145
2026-05-11 02:59:00+00:00,4690.0,4690.7998046875,4688.39990234375,4689.89990234375,118
2026-05-11 03:00:00+00:00,4686.5,4689.60009765625,4685.7998046875,4689.60009765625,77
2026-05-11 03:01:00+00:00,4686.2998046875,4687.5,4683.10009765625,4686.2001953125,130
2026-05-11 03:02:00+00:00,4689.0,4689.2998046875,4686.60009765625,4686.60009765625,61
2026-05-11 03:03:00+00:00,4691.5,4692.10009765625,4688.39990234375,4688.39990234375,81
2026-05-11 03:04:00+00:00,4691.39990234375,4693.0,4691.2998046875,4691.89990234375,44
2026-05-11 03:05:00+00:00,4692.5,4693.2998046875,4691.60009765625,4691.60009765625,36
2026-05-11 03:06:00+00:00,4692.39990234375,4693.39990234375,4692.2001953125,4692.2001953125,35
2026-05-11 03:07:00+00:00,4690.2998046875,4692.7998046875,4690.2998046875,4692.2998046875,29
2026-05-11 03:08:00+00:00,4693.7998046875,4693.7998046875,4689.7998046875,4690.0,47
2026-05-11 03:09:00+00:00,4694.2001953125,4694.5,4693.5,4693.89990234375,37
2026-05-11 03:10:00+00:00,4694.10009765625,4694.60009765625,4693.10009765625,4694.39990234375,36
2026-05-11 03:11:00+00:00,4695.2998046875,4695.2998046875,4693.5,4694.39990234375,39
2026-05-11 03:12:00+00:00,4696.89990234375,4696.89990234375,4695.10009765625,4695.39990234375,50
2026-05-11 03:13:00+00:00,4695.5,4697.5,4695.2998046875,4697.2001953125,46
2026-05-11 03:14:00+00:00,4694.89990234375,4696.2998046875,4694.7998046875,4695.89990234375,27
2026-05-11 03:15:00+00:00,4693.7998046875,4695.39990234375,4693.2001953125,4694.89990234375,50
2026-05-11 03:16:00+00:00,4692.39990234375,4694.0,4692.0,4693.89990234375,35
2026-05-11 03:17:00+00:00,4693.7998046875,4694.2001953125,4692.5,4692.7998046875,24
2026-05-11 03:18:00+00:00,4696.2001953125,4696.2001953125,4693.5,4693.60009765625,42
2026-05-11 03:19:00+00:00,4696.5,4697.7998046875,4695.10009765625,4696.2998046875,101
2026-05-11 03:20:00+00:00,4694.39990234375,4696.7001953125,4693.7001953125,4696.5,36
2026-05-11 03:21:00+00:00,4692.39990234375,4694.2998046875,4692.2001953125,4694.2998046875,45
2026-05-11 03:22:00+00:00,4693.2001953125,4693.2001953125,4691.60009765625,4692.0,19
2026-05-11 03:23:00+00:00,4694.10009765625,4694.60009765625,4693.0,4693.5,20
2026-05-11 03:24:00+00:00,4696.39990234375,4696.39990234375,4694.39990234375,4694.7001953125,27
2026-05-11 03:25:00+00:00,4695.60009765625,4696.2998046875,4695.60009765625,4696.2998046875,22
2026-05-11 03:26:00+00:00,4697.2001953125,4697.2998046875,4694.89990234375,4695.2998046875,196
2026-05-11 03:27:00+00:00,4697.39990234375,4697.7998046875,4696.89990234375,4696.89990234375,18
2026-05-11 03:28:00+00:00,4697.89990234375,4698.2998046875,4697.7998046875,4697.7998046875,20
2026-05-11 03:29:00+00:00,4697.5,4697.7998046875,4697.2998046875,4697.60009765625,13
2026-05-11 03:30:00+00:00,4696.10009765625,4698.2001953125,4695.0,4697.5,110
2026-05-11 03:31:00+00:00,4695.7998046875,4696.7998046875,4695.7001953125,4696.0,34
2026-05-11 03:32:00+00:00,4695.0,4695.89990234375,4693.7001953125,4695.7998046875,85
2026-05-11 03:33:00+00:00,4695.0,4696.60009765625,4694.60009765625,4695.60009765625,29
2026-05-11 03:34:00+00:00,4694.2001953125,4695.39990234375,4694.2001953125,4695.10009765625,17
2026-05-11 03:35:00+00:00,4694.10009765625,4695.2001953125,4694.10009765625,4694.7998046875,26
2026-05-11 03:36:00+00:00,4693.7998046875,4694.60009765625,4693.2001953125,4694.2001953125,30
2026-05-11 03:37:00+00:00,4692.10009765625,4693.7001953125,4691.39990234375,4693.7001953125,81
2026-05-11 03:38:00+00:00,4690.5,4692.10009765625,4690.2998046875,4692.10009765625,89
2026-05-11 03:39:00+00:00,4692.10009765625,4692.10009765625,4689.89990234375,4690.7001953125,60
2026-05-11 03:40:00+00:00,4693.39990234375,4693.60009765625,4691.39990234375,4692.10009765625,48
2026-05-11 03:41:00+00:00,4692.5,4693.2001953125,4691.60009765625,4693.2001953125,17
2026-05-11 03:42:00+00:00,4692.10009765625,4693.10009765625,4692.10009765625,4692.39990234375,14
2026-05-11 03:43:00+00:00,4692.7001953125,4692.7001953125,4691.7001953125,4691.7998046875,13
2026-05-11 03:44:00+00:00,4695.5,4695.5,4692.2998046875,4692.7001953125,36
2026-05-11 03:45:00+00:00,4694.60009765625,4695.39990234375,4694.60009765625,4695.2998046875,18
2026-05-11 03:46:00+00:00,4694.2001953125,4694.89990234375,4694.0,4694.5,16
2026-05-11 03:47:00+00:00,4694.7001953125,4695.2998046875,4694.2001953125,4694.2998046875,8
2026-05-11 03:48:00+00:00,4693.0,4694.0,4692.7001953125,4694.0,19
2026-05-11 03:49:00+00:00,4689.10009765625,4693.2001953125,4689.0,4693.0,91
2026-05-11 03:50:00+00:00,4689.2001953125,4689.89990234375,4688.2001953125,4689.2001953125,82
2026-05-11 03:51:00+00:00,4689.10009765625,4690.2998046875,4688.60009765625,4689.10009765625,95
2026-05-11 03:52:00+00:00,4688.39990234375,4689.7998046875,4688.39990234375,4688.89990234375,43
2026-05-11 03:53:00+00:00,4686.2001953125,4688.39990234375,4686.0,4688.2998046875,59
2026-05-11 03:54:00+00:00,4685.2998046875,4686.89990234375,4684.89990234375,4686.2998046875,97
2026-05-11 03:55:00+00:00,4685.5,4686.39990234375,4684.89990234375,4685.10009765625,46
2026-05-11 03:56:00+00:00,4685.60009765625,4686.5,4684.89990234375,4685.60009765625,39
2026-05-11 03:57:00+00:00,4685.39990234375,4685.89990234375,4684.60009765625,4685.0,25
2026-05-11 03:58:00+00:00,4687.0,4687.0,4684.60009765625,4684.7001953125,39
2026-05-11 04:00:00+00:00,4686.0,4687.7001953125,4685.89990234375,4686.39990234375,69
2026-05-11 04:01:00+00:00,4684.89990234375,4686.2998046875,4684.89990234375,4686.10009765625,34
2026-05-11 04:02:00+00:00,4684.2998046875,4684.89990234375,4683.10009765625,4684.5,88
2026-05-11 04:03:00+00:00,4683.7001953125,4684.7998046875,4681.0,4684.2998046875,146
2026-05-11 04:04:00+00:00,4685.39990234375,4685.5,4682.89990234375,4683.39990234375,70
2026-05-11 04:05:00+00:00,4683.7998046875,4685.2998046875,4683.7998046875,4685.0,19
2026-05-11 04:06:00+00:00,4686.0,4686.0,4683.2998046875,4683.60009765625,29
2026-05-11 04:07:00+00:00,4686.7001953125,4686.7001953125,4685.7001953125,4686.0,10
2026-05-11 04:08:00+00:00,4686.5,4686.60009765625,4685.39990234375,4686.2001953125,30
2026-05-11 04:09:00+00:00,4685.0,4686.5,4684.7001953125,4686.39990234375,21
2026-05-11 04:10:00+00:00,4685.10009765625,4685.5,4684.5,4685.2998046875,16
2026-05-11 04:11:00+00:00,4685.2001953125,4685.39990234375,4683.10009765625,4684.7998046875,52
2026-05-11 04:12:00+00:00,4683.2001953125,4685.2001953125,4682.5,4685.2001953125,30
2026-05-11 04:13:00+00:00,4684.10009765625,4684.89990234375,4683.39990234375,4683.39990234375,38
2026-05-11 04:14:00+00:00,4685.2998046875,4685.2998046875,4683.89990234375,4683.89990234375,13
2026-05-11 04:15:00+00:00,4686.2998046875,4686.39990234375,4685.2998046875,4685.2998046875,25
2026-05-11 04:16:00+00:00,4685.0,4686.10009765625,4684.7998046875,4685.89990234375,22
2026-05-11 04:17:00+00:00,4683.2001953125,4684.89990234375,4681.89990234375,4684.7998046875,65
2026-05-11 04:18:00+00:00,4682.60009765625,4683.60009765625,4682.5,4683.39990234375,32
2026-05-11 04:19:00+00:00,4682.0,4683.0,4681.7001953125,4682.39990234375,49
2026-05-11 04:20:00+00:00,4681.7998046875,4681.89990234375,4679.0,4681.0,152
2026-05-11 04:21:00+00:00,4678.5,4682.7001953125,4676.39990234375,4681.89990234375,348
2026-05-11 04:22:00+00:00,4680.39990234375,4680.7998046875,4677.7998046875,4678.2001953125,71
2026-05-11 04:23:00+00:00,4681.7001953125,4681.7001953125,4680.2001953125,4680.2001953125,29
2026-05-11 04:24:00+00:00,4681.39990234375,4681.7001953125,4681.2001953125,4681.5,18
2026-05-11 04:25:00+00:00,4681.5,4682.60009765625,4681.2998046875,4681.2998046875,32
2026-05-11 04:26:00+00:00,4683.0,4683.39990234375,4682.10009765625,4682.10009765625,18
2026-05-11 04:27:00+00:00,4683.0,4683.39990234375,4682.2998046875,4682.2998046875,18
2026-05-11 04:28:00+00:00,4682.2998046875,4683.60009765625,4682.2998046875,4683.5,13
2026-05-11 04:29:00+00:00,4679.2998046875,4682.2001953125,4679.2998046875,4682.2001953125,73
2026-05-11 04:30:00+00:00,4677.5,4679.2998046875,4676.10009765625,4679.2998046875,146
2026-05-11 04:31:00+00:00,4676.2001953125,4678.0,4676.0,4676.89990234375,68
2026-05-11 04:32:00+00:00,4676.7001953125,4677.89990234375,4675.89990234375,4676.2998046875,83
2026-05-11 04:33:00+00:00,4678.7998046875,4679.0,4677.10009765625,4677.39990234375,38
2026-05-11 04:34:00+00:00,4680.5,4681.5,4678.7998046875,4679.0,53
2026-05-11 04:35:00+00:00,4681.0,4681.39990234375,4679.0,4680.89990234375,35
2026-05-11 04:36:00+00:00,4679.7001953125,4681.5,4679.60009765625,4680.5,33
2026-05-11 04:37:00+00:00,4680.7998046875,4680.7998046875,4679.39990234375,4679.39990234375,23
2026-05-11 04:38:00+00:00,4682.10009765625,4682.2001953125,4680.60009765625,4680.60009765625,76
2026-05-11 04:39:00+00:00,4679.2001953125,4682.2998046875,4679.0,4681.7998046875,50
2026-05-11 04:40:00+00:00,4679.60009765625,4680.10009765625,4678.89990234375,4679.39990234375,13
2026-05-11 04:41:00+00:00,4680.89990234375,4680.89990234375,4680.10009765625,4680.60009765625,11
2026-05-11 04:42:00+00:00,4679.7998046875,4680.39990234375,4679.39990234375,4680.2998046875,11
2026-05-11 04:43:00+00:00,4680.7998046875,4681.2001953125,4680.10009765625,4680.5,34
2026-05-11 04:44:00+00:00,4680.7001953125,4681.10009765625,4680.7001953125,4681.10009765625,17
2026-05-11 04:45:00+00:00,4681.5,4681.5,4681.0,4681.0,8
2026-05-11 04:46:00+00:00,4681.60009765625,4682.0,4681.10009765625,4681.2001953125,20
2026-05-11 04:47:00+00:00,4681.2001953125,4682.0,4681.2001953125,4681.5,9
2026-05-11 04:48:00+00:00,4682.10009765625,4682.7998046875,4681.5,4681.5,31
2026-05-11 04:49:00+00:00,4683.0,4683.10009765625,4682.5,4682.5,8
2026-05-11 04:50:00+00:00,4683.7001953125,4683.7001953125,4682.7998046875,4682.7998046875,34
2026-05-11 04:51:00+00:00,4682.7998046875,4683.2998046875,4682.39990234375,4683.2998046875,17
2026-05-11 04:52:00+00:00,4682.0,4682.2998046875,4682.0,4682.2998046875,9
2026-05-11 04:53:00+00:00,4681.2001953125,4681.5,4680.89990234375,4681.5,19
2026-05-11 04:54:00+00:00,4683.0,4683.0,4680.5,4681.2998046875,31
2026-05-11 04:55:00+00:00,4682.2998046875,4683.2998046875,4682.2001953125,4683.0,15
2026-05-11 04:56:00+00:00,4681.0,4682.10009765625,4680.2001953125,4682.10009765625,41
2026-05-11 04:57:00+00:00,4681.7998046875,4681.7998046875,4680.7001953125,4681.2998046875,14
2026-05-11 04:58:00+00:00,4680.2998046875,4681.60009765625,4680.2998046875,4681.39990234375,7
2026-05-11 04:59:00+00:00,4679.7998046875,4680.0,4679.5,4679.89990234375,16
2026-05-11 05:00:00+00:00,4680.89990234375,4681.0,4679.5,4679.7998046875,16
2026-05-11 05:01:00+00:00,4682.10009765625,4682.89990234375,4681.60009765625,4681.7001953125,35
2026-05-11 05:02:00+00:00,4683.0,4683.2001953125,4682.39990234375,4682.5,36
2026-05-11 05:03:00+00:00,4683.10009765625,4683.5,4682.60009765625,4682.7001953125,25
2026-05-11 05:04:00+00:00,4683.5,4683.60009765625,4683.2001953125,4683.2998046875,15
2026-05-11 05:05:00+00:00,4683.5,4683.60009765625,4682.60009765625,4683.39990234375,21
2026-05-11 05:06:00+00:00,4681.2998046875,4683.0,4681.2998046875,4683.0,41
2026-05-11 05:07:00+00:00,4679.89990234375,4682.0,4679.89990234375,4681.39990234375,32
2026-05-11 05:08:00+00:00,4678.7001953125,4680.60009765625,4678.5,4679.89990234375,94
2026-05-11 05:09:00+00:00,4680.39990234375,4681.0,4678.7998046875,4678.89990234375,68
2026-05-11 05:10:00+00:00,4680.2001953125,4680.2001953125,4679.5,4679.7998046875,20
2026-05-11 05:11:00+00:00,4679.60009765625,4680.39990234375,4678.7998046875,4680.10009765625,20
2026-05-11 05:12:00+00:00,4681.2001953125,4681.39990234375,4679.2998046875,4679.2998046875,58
2026-05-11 05:13:00+00:00,4680.5,4681.10009765625,4679.5,4681.10009765625,41
2026-05-11 05:14:00+00:00,4681.2998046875,4681.39990234375,4679.7001953125,4680.7998046875,75
2026-05-11 05:15:00+00:00,4681.0,4682.2001953125,4680.60009765625,4681.2001953125,64
2026-05-11 05:16:00+00:00,4680.10009765625,4681.5,4680.10009765625,4681.2998046875,10
2026-05-11 05:17:00+00:00,4681.39990234375,4681.60009765625,4679.39990234375,4679.7001953125,39
2026-05-11 05:18:00+00:00,4681.39990234375,4681.39990234375,4681.0,4681.2001953125,6
2026-05-11 05:19:00+00:00,4681.5,4682.10009765625,4680.7001953125,4680.7001953125,33
2026-05-11 05:20:00+00:00,4681.39990234375,4682.0,4680.5,4680.60009765625,27
2026-05-11 05:21:00+00:00,4681.39990234375,4681.5,4681.2001953125,4681.5,5
2026-05-11 05:22:00+00:00,4682.39990234375,4682.5,4680.7001953125,4680.7001953125,27
2026-05-11 05:23:00+00:00,4681.5,4682.60009765625,4681.2998046875,4682.2001953125,23
2026-05-11 05:24:00+00:00,4682.89990234375,4683.0,4680.7998046875,4681.2998046875,22
2026-05-11 05:25:00+00:00,4682.10009765625,4682.7001953125,4681.2998046875,4682.60009765625,37
2026-05-11 05:26:00+00:00,4681.7001953125,4682.2998046875,4681.39990234375,4682.2998046875,15
2026-05-11 05:27:00+00:00,4681.0,4682.0,4680.7998046875,4682.0,14
2026-05-11 05:28:00+00:00,4680.10009765625,4681.2001953125,4679.39990234375,4681.10009765625,46
2026-05-11 05:29:00+00:00,4678.5,4679.7998046875,4678.2998046875,4679.7998046875,42
2026-05-11 05:30:00+00:00,4679.0,4683.0,4678.7001953125,4678.7998046875,341
2026-05-11 05:31:00+00:00,4681.7001953125,4682.2998046875,4678.60009765625,4679.2998046875,56
2026-05-11 05:32:00+00:00,4681.39990234375,4683.10009765625,4680.2998046875,4681.2998046875,42
2026-05-11 05:33:00+00:00,4685.0,4685.0,4681.10009765625,4681.2998046875,67
2026-05-11 05:34:00+00:00,4686.39990234375,4686.7001953125,4685.0,4685.5,100
2026-05-11 05:35:00+00:00,4685.5,4688.7998046875,4685.2998046875,4686.0,106
2026-05-11 05:36:00+00:00,4682.60009765625,4685.60009765625,4682.2998046875,4685.39990234375,79
2026-05-11 05:37:00+00:00,4683.7001953125,4684.0,4682.2998046875,4682.39990234375,26
2026-05-11 05:38:00+00:00,4681.7001953125,4683.0,4680.7001953125,4683.0,30
2026-05-11 05:39:00+00:00,4681.89990234375,4682.5,4681.2001953125,4682.2001953125,27
2026-05-11 05:40:00+00:00,4681.60009765625,4681.89990234375,4681.0,4681.0,19
2026-05-11 05:41:00+00:00,4680.2001953125,4682.10009765625,4680.2001953125,4681.60009765625,14
2026-05-11 05:42:00+00:00,4677.5,4680.7998046875,4677.2001953125,4680.60009765625,169
2026-05-11 05:43:00+00:00,4673.10009765625,4677.2001953125,4669.2998046875,4677.2001953125,1027
2026-05-11 05:44:00+00:00,4671.0,4673.5,4669.5,4672.89990234375,106
2026-05-11 05:45:00+00:00,4669.0,4670.5,4668.2998046875,4670.39990234375,170
2026-05-11 05:46:00+00:00,4668.39990234375,4670.2001953125,4667.7998046875,4668.7998046875,92
2026-05-11 05:47:00+00:00,4667.60009765625,4668.89990234375,4665.10009765625,4668.89990234375,204
2026-05-11 05:48:00+00:00,4668.89990234375,4669.39990234375,4667.39990234375,4667.39990234375,73
2026-05-11 05:49:00+00:00,4668.2998046875,4672.0,4667.7001953125,4669.2998046875,149
2026-05-11 05:50:00+00:00,4665.39990234375,4669.2998046875,4664.89990234375,4668.2998046875,158
2026-05-11 05:51:00+00:00,4663.2998046875,4667.60009765625,4660.7001953125,4665.2001953125,463
2026-05-11 05:52:00+00:00,4661.2001953125,4664.10009765625,4660.10009765625,4663.39990234375,225
2026-05-11 05:53:00+00:00,4665.7001953125,4666.0,4661.7001953125,4661.7001953125,257
2026-05-11 05:54:00+00:00,4661.7001953125,4665.60009765625,4661.2001953125,4665.60009765625,126
2026-05-11 05:55:00+00:00,4656.10009765625,4661.5,4655.5,4661.5,340
2026-05-11 05:56:00+00:00,4657.7001953125,4658.5,4655.10009765625,4655.7998046875,284
2026-05-11 05:57:00+00:00,4661.7001953125,4662.60009765625,4657.7001953125,4658.0,163
2026-05-11 05:58:00+00:00,4661.10009765625,4662.5,4660.0,4661.89990234375,115
2026-05-11 05:59:00+00:00,4659.60009765625,4661.7001953125,4659.10009765625,4660.7001953125,112
2026-05-11 06:00:00+00:00,4660.2001953125,4661.2998046875,4656.60009765625,4659.5,351
2026-05-11 06:01:00+00:00,4661.5,4662.7001953125,4659.0,4659.7001953125,105
2026-05-11 06:02:00+00:00,4663.0,4663.7001953125,4660.7001953125,4661.60009765625,87
2026-05-11 06:03:00+00:00,4664.60009765625,4664.60009765625,4662.60009765625,4662.60009765625,126
2026-05-11 06:04:00+00:00,4667.2998046875,4667.60009765625,4664.7998046875,4664.89990234375,127
2026-05-11 06:05:00+00:00,4667.10009765625,4668.10009765625,4665.39990234375,4667.10009765625,163
2026-05-11 06:06:00+00:00,4666.60009765625,4668.10009765625,4664.89990234375,4667.7998046875,109
2026-05-11 06:07:00+00:00,4667.89990234375,4667.89990234375,4664.89990234375,4666.7998046875,126
2026-05-11 06:08:00+00:00,4671.5,4672.39990234375,4667.39990234375,4667.39990234375,174
2026-05-11 06:09:00+00:00,4670.2998046875,4671.60009765625,4669.5,4671.5,95
2026-05-11 06:10:00+00:00,4671.10009765625,4672.0,4670.0,4670.0,92
2026-05-11 06:11:00+00:00,4670.7998046875,4672.5,4670.7001953125,4671.2001953125,58
2026-05-11 06:12:00+00:00,4673.89990234375,4674.60009765625,4670.60009765625,4670.89990234375,111
2026-05-11 06:13:00+00:00,4674.0,4674.2001953125,4673.10009765625,4674.10009765625,84
2026-05-11 06:14:00+00:00,4673.0,4674.10009765625,4672.7998046875,4674.0,58
2026-05-11 06:15:00+00:00,4675.0,4675.7001953125,4672.60009765625,4672.60009765625,89
2026-05-11 06:16:00+00:00,4674.7001953125,4675.5,4673.89990234375,4675.2998046875,103
2026-05-11 06:17:00+00:00,4676.89990234375,4677.0,4674.2998046875,4674.7001953125,114
2026-05-11 06:18:00+00:00,4676.39990234375,4677.39990234375,4675.7998046875,4676.7001953125,122
2026-05-11 06:19:00+00:00,4678.2998046875,4678.39990234375,4675.5,4676.2998046875,81
2026-05-11 06:20:00+00:00,4677.89990234375,4678.60009765625,4676.0,4678.2998046875,132
2026-05-11 06:21:00+00:00,4675.10009765625,4677.89990234375,4674.7001953125,4677.89990234375,96
2026-05-11 06:22:00+00:00,4673.7998046875,4675.0,4672.2998046875,4674.89990234375,171
2026-05-11 06:23:00+00:00,4674.89990234375,4675.2001953125,4673.5,4673.7998046875,71
2026-05-11 06:24:00+00:00,4675.10009765625,4675.89990234375,4674.2001953125,4674.7998046875,40
2026-05-11 06:25:00+00:00,4674.89990234375,4675.10009765625,4671.2001953125,4675.10009765625,245
2026-05-11 06:26:00+00:00,4675.0,4676.60009765625,4674.39990234375,4674.89990234375,81
2026-05-11 06:27:00+00:00,4674.7998046875,4675.10009765625,4674.2001953125,4674.60009765625,38
2026-05-11 06:28:00+00:00,4673.2998046875,4675.10009765625,4672.89990234375,4674.60009765625,91
2026-05-11 06:29:00+00:00,4675.60009765625,4675.60009765625,4672.60009765625,4673.10009765625,128
2026-05-11 06:30:00+00:00,4678.7998046875,4679.2998046875,4675.5,4675.7001953125,134
2026-05-11 06:31:00+00:00,4678.5,4679.2998046875,4677.60009765625,4678.7001953125,84
2026-05-11 06:32:00+00:00,4678.10009765625,4679.0,4677.39990234375,4678.39990234375,88
2026-05-11 06:33:00+00:00,4678.7998046875,4680.39990234375,4677.0,4677.5,73
2026-05-11 06:34:00+00:00,4677.7001953125,4678.89990234375,4677.2001953125,4678.89990234375,21
2026-05-11 06:35:00+00:00,4677.7998046875,4678.7001953125,4677.10009765625,4677.39990234375,26
2026-05-11 06:36:00+00:00,4679.5,4680.5,4678.2998046875,4678.2998046875,60
2026-05-11 06:37:00+00:00,4679.60009765625,4680.2001953125,4679.5,4679.60009765625,34
2026-05-11 06:38:00+00:00,4680.7998046875,4682.39990234375,4680.10009765625,4680.10009765625,113
2026-05-11 06:39:00+00:00,4680.7998046875,4681.2001953125,4679.7001953125,4681.10009765625,50
2026-05-11 06:40:00+00:00,4679.89990234375,4681.5,4679.7998046875,4681.0,40
2026-05-11 06:41:00+00:00,4679.7998046875,4679.7998046875,4676.89990234375,4679.39990234375,103
2026-05-11 06:42:00+00:00,4679.60009765625,4680.60009765625,4679.2001953125,4680.0,72
2026-05-11 06:43:00+00:00,4681.7001953125,4682.39990234375,4679.5,4679.5,50
2026-05-11 06:44:00+00:00,4682.5,4683.89990234375,4681.5,4681.7998046875,67
2026-05-11 06:45:00+00:00,4682.2001953125,4682.39990234375,4681.2001953125,4682.39990234375,58
2026-05-11 06:46:00+00:00,4682.2998046875,4683.2001953125,4682.0,4682.0,52
2026-05-11 06:47:00+00:00,4681.7001953125,4682.5,4681.10009765625,4682.5,46
2026-05-11 06:48:00+00:00,4684.89990234375,4685.10009765625,4681.7001953125,4682.39990234375,74
2026-05-11 06:49:00+00:00,4682.2001953125,4684.89990234375,4682.2001953125,4684.89990234375,56
2026-05-11 06:50:00+00:00,4680.5,4682.2998046875,4679.5,4681.7998046875,74
2026-05-11 06:51:00+00:00,4683.0,4683.0,4680.39990234375,4680.5,55
2026-05-11 06:52:00+00:00,4686.39990234375,4686.5,4682.7001953125,4683.2998046875,87
2026-05-11 06:53:00+00:00,4687.39990234375,4688.10009765625,4686.2001953125,4686.2998046875,121
2026-05-11 06:54:00+00:00,4687.2001953125,4688.7001953125,4687.0,4687.5,106
2026-05-11 06:55:00+00:00,4686.0,4688.2001953125,4685.2998046875,4687.2998046875,80
2026-05-11 06:56:00+00:00,4685.60009765625,4686.2001953125,4684.7998046875,4686.2001953125,84
2026-05-11 06:57:00+00:00,4685.7001953125,4685.7001953125,4684.60009765625,4685.5,41
2026-05-11 06:58:00+00:00,4685.89990234375,4687.60009765625,4685.39990234375,4685.39990234375,58
2026-05-11 06:59:00+00:00,4686.7001953125,4686.89990234375,4685.5,4685.7998046875,43
2026-05-11 07:00:00+00:00,4687.0,4688.60009765625,4686.2001953125,4686.89990234375,95
2026-05-11 07:01:00+00:00,4688.0,4688.2001953125,4686.10009765625,4686.39990234375,108
2026-05-11 07:02:00+00:00,4687.2001953125,4688.5,4686.7998046875,4688.5,33
2026-05-11 07:03:00+00:00,4686.60009765625,4687.7001953125,4686.10009765625,4687.0,30
2026-05-11 07:04:00+00:00,4687.10009765625,4687.2998046875,4686.2001953125,4686.39990234375,20
2026-05-11 07:05:00+00:00,4684.89990234375,4687.2001953125,4684.7998046875,4687.2001953125,26
2026-05-11 07:06:00+00:00,4684.0,4685.39990234375,4683.89990234375,4685.10009765625,62
2026-05-11 07:07:00+00:00,4684.39990234375,4685.0,4684.0,4684.39990234375,66
2026-05-11 07:08:00+00:00,4684.5,4686.10009765625,4684.10009765625,4684.7001953125,89
2026-05-11 07:09:00+00:00,4683.10009765625,4684.60009765625,4682.60009765625,4684.60009765625,65
2026-05-11 07:10:00+00:00,4683.7998046875,4684.60009765625,4683.2001953125,4683.2001953125,21
2026-05-11 07:11:00+00:00,4683.89990234375,4684.60009765625,4683.2001953125,4683.7001953125,66
2026-05-11 07:12:00+00:00,4684.10009765625,4684.7001953125,4683.2998046875,4683.7001953125,21
2026-05-11 07:13:00+00:00,4684.60009765625,4684.89990234375,4683.2998046875,4683.5,78
2026-05-11 07:14:00+00:00,4684.2998046875,4685.0,4684.2001953125,4684.39990234375,20
2026-05-11 07:15:00+00:00,4682.0,4685.2001953125,4681.60009765625,4684.10009765625,103
2026-05-11 07:16:00+00:00,4680.60009765625,4682.2998046875,4680.39990234375,4682.0,54
2026-05-11 07:17:00+00:00,4681.5,4681.89990234375,4680.7998046875,4681.10009765625,29
2026-05-11 07:18:00+00:00,4681.7998046875,4682.89990234375,4681.0,4681.2998046875,41
2026-05-11 07:19:00+00:00,4681.60009765625,4682.7001953125,4681.5,4681.7001953125,127
2026-05-11 07:20:00+00:00,4682.10009765625,4682.7001953125,4681.7998046875,4681.7998046875,32
2026-05-11 07:21:00+00:00,4682.10009765625,4682.2001953125,4681.2998046875,4682.0,14
2026-05-11 07:22:00+00:00,4682.2998046875,4683.10009765625,4681.7998046875,4682.2001953125,40
2026-05-11 07:23:00+00:00,4684.0,4685.7001953125,4682.39990234375,4682.5,136
2026-05-11 07:24:00+00:00,4684.2001953125,4684.2001953125,4683.7001953125,4683.7001953125,10
2026-05-11 07:25:00+00:00,4684.7001953125,4685.2001953125,4684.2001953125,4684.7001953125,20
2026-05-11 07:26:00+00:00,4685.7001953125,4685.7001953125,4683.2001953125,4684.7998046875,40
2026-05-11 07:27:00+00:00,4685.60009765625,4686.5,4685.10009765625,4686.2001953125,44
2026-05-11 07:28:00+00:00,4685.60009765625,4686.2998046875,4685.0,4685.2001953125,17
2026-05-11 07:29:00+00:00,4684.10009765625,4684.89990234375,4683.39990234375,4684.89990234375,32
2026-05-11 07:30:00+00:00,4684.2998046875,4686.39990234375,4683.7001953125,4684.0,62
2026-05-11 07:31:00+00:00,4684.2001953125,4684.5,4683.89990234375,4684.39990234375,18
2026-05-11 07:32:00+00:00,4683.5,4684.2001953125,4682.60009765625,4683.89990234375,44
2026-05-11 07:33:00+00:00,4682.60009765625,4683.10009765625,4681.0,4683.10009765625,58
2026-05-11 07:34:00+00:00,4682.89990234375,4683.5,4681.60009765625,4681.60009765625,45
2026-05-11 07:35:00+00:00,4682.2001953125,4682.7001953125,4682.0,4682.5,51
2026-05-11 07:36:00+00:00,4683.39990234375,4683.39990234375,4681.39990234375,4682.60009765625,61
2026-05-11 07:37:00+00:00,4684.2998046875,4684.2998046875,4682.89990234375,4683.39990234375,47
2026-05-11 07:38:00+00:00,4683.7001953125,4684.89990234375,4683.7001953125,4684.5,32
2026-05-11 07:39:00+00:00,4683.60009765625,4683.7998046875,4682.39990234375,4683.60009765625,38
2026-05-11 07:40:00+00:00,4682.60009765625,4683.89990234375,4682.60009765625,4683.39990234375,17
2026-05-11 07:41:00+00:00,4684.10009765625,4685.7001953125,4683.0,4683.0,72
2026-05-11 07:42:00+00:00,4682.39990234375,4684.5,4681.7998046875,4684.2001953125,55
2026-05-11 07:43:00+00:00,4682.2998046875,4682.5,4681.5,4682.39990234375,65
2026-05-11 07:44:00+00:00,4680.60009765625,4682.2001953125,4680.10009765625,4681.89990234375,110
2026-05-11 07:45:00+00:00,4680.7998046875,4681.39990234375,4680.7001953125,4680.7001953125,17
2026-05-11 07:46:00+00:00,4680.7001953125,4681.39990234375,4680.7001953125,4681.2001953125,15
2026-05-11 07:47:00+00:00,4676.7998046875,4680.5,4675.89990234375,4680.5,167
2026-05-11 07:48:00+00:00,4677.2001953125,4677.7001953125,4675.89990234375,4676.7998046875,118
2026-05-11 07:49:00+00:00,4676.2998046875,4677.2998046875,4674.89990234375,4677.2998046875,62
2026-05-11 07:50:00+00:00,4675.60009765625,4676.5,4674.39990234375,4676.0,61
2026-05-11 07:51:00+00:00,4676.39990234375,4676.5,4675.0,4675.5,34
2026-05-11 07:52:00+00:00,4674.5,4676.89990234375,4673.5,4676.10009765625,77
2026-05-11 07:53:00+00:00,4678.0,4678.10009765625,4672.7998046875,4674.2001953125,140
2026-05-11 07:54:00+00:00,4677.7998046875,4679.7001953125,4677.0,4677.7001953125,110
2026-05-11 07:55:00+00:00,4676.89990234375,4678.0,4676.5,4677.7998046875,45
2026-05-11 07:56:00+00:00,4676.7001953125,4677.60009765625,4676.60009765625,4677.2998046875,16
2026-05-11 07:57:00+00:00,4675.7001953125,4677.2001953125,4675.7001953125,4676.39990234375,34
2026-05-11 07:58:00+00:00,4674.7998046875,4676.2001953125,4674.5,4675.89990234375,52
2026-05-11 07:59:00+00:00,4676.39990234375,4676.60009765625,4674.60009765625,4674.60009765625,39
2026-05-11 08:00:00+00:00,4675.0,4677.10009765625,4675.0,4676.2998046875,100
2026-05-11 08:01:00+00:00,4675.5,4675.7001953125,4674.89990234375,4675.2001953125,30
2026-05-11 08:02:00+00:00,4673.2998046875,4675.39990234375,4673.2001953125,4674.7998046875,178
2026-05-11 08:03:00+00:00,4675.39990234375,4675.39990234375,4673.10009765625,4673.2998046875,49
2026-05-11 08:04:00+00:00,4677.39990234375,4678.2998046875,4674.7998046875,4675.39990234375,337
2026-05-11 08:05:00+00:00,4678.60009765625,4679.60009765625,4677.5,4677.5,99
2026-05-11 08:06:00+00:00,4677.7001953125,4679.10009765625,4677.7001953125,4678.7998046875,57
2026-05-11 08:07:00+00:00,4677.2998046875,4678.0,4677.10009765625,4677.89990234375,16
2026-05-11 08:08:00+00:00,4675.10009765625,4677.2998046875,4674.39990234375,4676.60009765625,57
2026-05-11 08:09:00+00:00,4673.0,4675.7001953125,4673.0,4675.2001953125,49
2026-05-11 08:10:00+00:00,4678.0,4678.89990234375,4672.7998046875,4673.0,101
2026-05-11 08:11:00+00:00,4680.7998046875,4682.0,4678.39990234375,4678.39990234375,106
2026-05-11 08:12:00+00:00,4679.60009765625,4681.60009765625,4679.5,4681.0,87
2026-05-11 08:13:00+00:00,4679.7001953125,4682.2001953125,4679.7001953125,4679.7998046875,68
2026-05-11 08:14:00+00:00,4680.39990234375,4681.10009765625,4679.5,4679.7001953125,50
2026-05-11 08:15:00+00:00,4681.60009765625,4682.60009765625,4681.10009765625,4681.10009765625,65
2026-05-11 08:16:00+00:00,4683.0,4683.10009765625,4681.10009765625,4681.5,71
2026-05-11 08:17:00+00:00,4681.7998046875,4683.0,4681.39990234375,4683.0,38
2026-05-11 08:18:00+00:00,4683.2998046875,4683.7001953125,4681.7001953125,4681.7001953125,32
2026-05-11 08:19:00+00:00,4684.10009765625,4684.10009765625,4683.2001953125,4683.2001953125,37
2026-05-11 08:20:00+00:00,4681.39990234375,4684.10009765625,4681.39990234375,4683.7001953125,44
2026-05-11 08:21:00+00:00,4685.0,4685.0,4681.2998046875,4681.2998046875,95
2026-05-11 08:22:00+00:00,4684.5,4685.7001953125,4684.0,4685.5,51
2026-05-11 08:23:00+00:00,4686.7998046875,4687.5,4684.2998046875,4684.2998046875,73
2026-05-11 08:24:00+00:00,4685.2998046875,4686.7001953125,4685.0,4686.5,36
2026-05-11 08:25:00+00:00,4685.2001953125,4685.7001953125,4684.0,4685.39990234375,48
2026-05-11 08:26:00+00:00,4684.2998046875,4685.7001953125,4684.10009765625,4685.2998046875,60
2026-05-11 08:27:00+00:00,4683.5,4684.7001953125,4683.39990234375,4684.0,133
2026-05-11 08:28:00+00:00,4683.0,4684.5,4683.0,4683.0,38
2026-05-11 08:29:00+00:00,4679.60009765625,4683.0,4679.60009765625,4683.0,88
2026-05-11 08:30:00+00:00,4680.5,4681.2998046875,4678.7001953125,4679.5,140
2026-05-11 08:31:00+00:00,4681.7998046875,4681.89990234375,4680.5,4680.89990234375,28
2026-05-11 08:32:00+00:00,4682.39990234375,4683.10009765625,4681.2998046875,4681.60009765625,26
2026-05-11 08:33:00+00:00,4681.5,4684.0,4681.10009765625,4682.2998046875,75
2026-05-11 08:34:00+00:00,4680.7998046875,4682.60009765625,4680.39990234375,4681.7998046875,54
2026-05-11 08:35:00+00:00,4679.2998046875,4681.0,4678.89990234375,4680.60009765625,70
2026-05-11 08:36:00+00:00,4680.2001953125,4680.2998046875,4678.60009765625,4679.0,28
2026-05-11 08:37:00+00:00,4680.60009765625,4681.5,4680.0,4680.0,35
2026-05-11 08:38:00+00:00,4681.5,4681.5,4680.89990234375,4681.2001953125,11
2026-05-11 08:39:00+00:00,4678.7001953125,4681.7998046875,4678.2998046875,4681.7998046875,51
2026-05-11 08:40:00+00:00,4679.5,4679.60009765625,4678.7998046875,4679.0,15
2026-05-11 08:41:00+00:00,4678.0,4679.39990234375,4678.0,4679.39990234375,43
2026-05-11 08:42:00+00:00,4678.10009765625,4679.10009765625,4678.10009765625,4678.10009765625,29
2026-05-11 08:43:00+00:00,4678.39990234375,4678.89990234375,4678.2001953125,4678.5,34
2026-05-11 08:44:00+00:00,4679.10009765625,4679.2998046875,4678.0,4678.7001953125,39
2026-05-11 08:45:00+00:00,4678.7998046875,4679.5,4678.7998046875,4679.2998046875,21
2026-05-11 08:46:00+00:00,4680.10009765625,4680.10009765625,4678.2001953125,4678.60009765625,18
2026-05-11 08:47:00+00:00,4679.10009765625,4680.2001953125,4678.7998046875,4679.7998046875,18
2026-05-11 08:48:00+00:00,4678.39990234375,4679.5,4677.89990234375,4679.0,28
2026-05-11 08:49:00+00:00,4679.2998046875,4679.2998046875,4678.0,4678.5,60
2026-05-11 08:50:00+00:00,4678.39990234375,4679.7001953125,4677.2998046875,4679.7001953125,66
2026-05-11 08:51:00+00:00,4678.2998046875,4678.7998046875,4677.5,4678.39990234375,71
2026-05-11 08:52:00+00:00,4678.2998046875,4678.39990234375,4677.2001953125,4678.0,29
2026-05-11 08:53:00+00:00,4675.7001953125,4678.10009765625,4675.7001953125,4678.10009765625,103
2026-05-11 08:54:00+00:00,4677.39990234375,4677.39990234375,4675.2001953125,4676.2001953125,88
2026-05-11 08:55:00+00:00,4676.39990234375,4677.5,4675.60009765625,4677.0,34
2026-05-11 08:56:00+00:00,4676.7001953125,4677.0,4676.2001953125,4676.39990234375,27
2026-05-11 08:57:00+00:00,4676.7001953125,4676.7001953125,4676.10009765625,4676.39990234375,25
2026-05-11 08:58:00+00:00,4676.5,4676.7001953125,4675.60009765625,4676.7001953125,50
2026-05-11 08:59:00+00:00,4675.89990234375,4676.39990234375,4675.2998046875,4676.39990234375,24
2026-05-11 09:00:00+00:00,4675.10009765625,4675.60009765625,4673.60009765625,4675.60009765625,51
2026-05-11 09:01:00+00:00,4676.2998046875,4676.60009765625,4674.5,4675.39990234375,46
2026-05-11 09:02:00+00:00,4675.89990234375,4677.39990234375,4675.39990234375,4676.39990234375,113
2026-05-11 09:03:00+00:00,4677.0,4678.2001953125,4675.5,4675.89990234375,83
2026-05-11 09:04:00+00:00,4678.2001953125,4678.2001953125,4676.7998046875,4676.89990234375,75
2026-05-11 09:05:00+00:00,4677.7001953125,4678.2001953125,4676.60009765625,4677.89990234375,51
2026-05-11 09:06:00+00:00,4677.7001953125,4678.39990234375,4677.5,4678.10009765625,21
2026-05-11 09:07:00+00:00,4676.5,4677.60009765625,4676.10009765625,4677.60009765625,19
2026-05-11 09:08:00+00:00,4676.2001953125,4676.89990234375,4676.2001953125,4676.7998046875,8
2026-05-11 09:09:00+00:00,4676.0,4676.0,4675.10009765625,4676.0,45
2026-05-11 09:10:00+00:00,4675.7001953125,4677.0,4675.7001953125,4676.39990234375,21
2026-05-11 09:11:00+00:00,4676.10009765625,4676.39990234375,4674.7998046875,4675.7998046875,34
2026-05-11 09:12:00+00:00,4675.2998046875,4676.0,4674.7998046875,4675.39990234375,30
2026-05-11 09:13:00+00:00,4675.7001953125,4676.0,4674.7001953125,4674.7001953125,32
2026-05-11 09:14:00+00:00,4676.10009765625,4676.39990234375,4675.5,4675.89990234375,18
2026-05-11 09:15:00+00:00,4675.2001953125,4676.0,4675.2001953125,4675.60009765625,10
2026-05-11 09:16:00+00:00,4674.2998046875,4675.2998046875,4674.0,4674.89990234375,58
2026-05-11 09:17:00+00:00,4674.39990234375,4674.39990234375,4673.2001953125,4674.0,46
2026-05-11 09:18:00+00:00,4674.7001953125,4674.7998046875,4672.89990234375,4673.7998046875,57
2026-05-11 09:19:00+00:00,4673.39990234375,4674.7998046875,4672.89990234375,4674.60009765625,59
2026-05-11 09:20:00+00:00,4673.60009765625,4674.0,4672.89990234375,4673.2998046875,38
2026-05-11 09:21:00+00:00,4672.89990234375,4674.39990234375,4672.60009765625,4673.5,39
2026-05-11 09:22:00+00:00,4672.39990234375,4673.2998046875,4672.2001953125,4673.0,44
2026-05-11 09:23:00+00:00,4671.2998046875,4672.60009765625,4671.2998046875,4672.60009765625,76
2026-05-11 09:24:00+00:00,4667.60009765625,4672.2998046875,4667.10009765625,4671.5,539
2026-05-11 09:25:00+00:00,4667.5,4668.60009765625,4666.89990234375,4667.2998046875,124
2026-05-11 09:26:00+00:00,4668.5,4668.7998046875,4667.2998046875,4667.2998046875,44
2026-05-11 09:27:00+00:00,4668.89990234375,4670.0,4668.39990234375,4668.39990234375,79
2026-05-11 09:28:00+00:00,4666.60009765625,4669.39990234375,4666.2001953125,4668.7998046875,121
2026-05-11 09:29:00+00:00,4666.0,4667.2998046875,4665.2001953125,4667.0,256
2026-05-11 09:30:00+00:00,4664.7998046875,4667.5,4664.0,4665.7998046875,506
2026-05-11 09:31:00+00:00,4663.89990234375,4665.10009765625,4662.7001953125,4665.0,351
2026-05-11 09:32:00+00:00,4663.2998046875,4663.89990234375,4661.10009765625,4663.60009765625,221
2026-05-11 09:33:00+00:00,4660.5,4663.60009765625,4658.7001953125,4663.5,351
2026-05-11 09:34:00+00:00,4662.89990234375,4663.2001953125,4660.39990234375,4660.60009765625,303
2026-05-11 09:35:00+00:00,4665.39990234375,4666.5,4663.2001953125,4663.2998046875,184
2026-05-11 09:36:00+00:00,4667.7001953125,4668.0,4665.2001953125,4665.2001953125,93
2026-05-11 09:37:00+00:00,4668.2001953125,4668.60009765625,4666.7998046875,4667.7001953125,184
2026-05-11 09:38:00+00:00,4668.2998046875,4668.60009765625,4666.7001953125,4667.89990234375,67
2026-05-11 09:39:00+00:00,4667.89990234375,4668.5,4667.10009765625,4668.5,21
2026-05-11 09:40:00+00:00,4667.89990234375,4667.89990234375,4666.5,4667.7998046875,35
2026-05-11 09:41:00+00:00,4668.89990234375,4669.0,4665.7001953125,4667.5,166
2026-05-11 09:42:00+00:00,4668.0,4669.7001953125,4667.60009765625,4668.7001953125,110
2026-05-11 09:43:00+00:00,4670.60009765625,4670.60009765625,4668.2998046875,4668.2998046875,113
2026-05-11 09:44:00+00:00,4671.5,4672.2998046875,4670.2998046875,4670.2998046875,203
2026-05-11 09:45:00+00:00,4671.60009765625,4672.10009765625,4670.7998046875,4671.2998046875,50
2026-05-11 09:46:00+00:00,4671.7998046875,4673.5,4671.2001953125,4671.89990234375,137
2026-05-11 09:47:00+00:00,4671.2998046875,4672.89990234375,4670.2998046875,4672.0,245
2026-05-11 09:48:00+00:00,4669.7998046875,4671.2998046875,4669.7998046875,4671.2001953125,36
2026-05-11 09:49:00+00:00,4670.7998046875,4670.89990234375,4669.60009765625,4670.39990234375,110
2026-05-11 09:50:00+00:00,4671.7998046875,4671.7998046875,4670.60009765625,4670.7001953125,22
2026-05-11 09:51:00+00:00,4667.5,4671.5,4667.2998046875,4671.5,148
2026-05-11 09:52:00+00:00,4668.7998046875,4668.7998046875,4668.0,4668.0,32
2026-05-11 09:53:00+00:00,4669.10009765625,4669.7001953125,4667.89990234375,4668.60009765625,51
2026-05-11 09:54:00+00:00,4670.5,4670.5,4668.7001953125,4669.2998046875,36
2026-05-11 09:55:00+00:00,4667.89990234375,4670.39990234375,4667.7998046875,4670.2998046875,82
2026-05-11 09:56:00+00:00,4667.39990234375,4668.0,4666.2001953125,4667.60009765625,67
2026-05-11 09:57:00+00:00,4666.7998046875,4668.10009765625,4666.5,4667.60009765625,47
2026-05-11 09:58:00+00:00,4665.0,4667.2001953125,4664.60009765625,4666.89990234375,125
2026-05-11 09:59:00+00:00,4665.2998046875,4665.7001953125,4664.2998046875,4665.0,117
2026-05-11 10:00:00+00:00,4667.0,4667.60009765625,4664.5,4665.0,97
2026-05-11 10:01:00+00:00,4669.60009765625,4669.60009765625,4666.89990234375,4667.2998046875,45
2026-05-11 10:02:00+00:00,4669.2001953125,4669.2998046875,4668.5,4669.2998046875,31
2026-05-11 10:03:00+00:00,4667.5,4669.7001953125,4666.7001953125,4669.2998046875,115
2026-05-11 10:04:00+00:00,4666.2001953125,4667.7001953125,4665.7998046875,4667.0,37
2026-05-11 10:05:00+00:00,4668.2998046875,4668.2998046875,4666.2001953125,4666.5,55
2026-05-11 10:06:00+00:00,4666.2001953125,4668.5,4666.2001953125,4668.0,55
2026-05-11 10:07:00+00:00,4667.2001953125,4667.7998046875,4665.2001953125,4666.2001953125,107
2026-05-11 10:08:00+00:00,4668.60009765625,4669.2001953125,4667.10009765625,4667.10009765625,86
2026-05-11 10:09:00+00:00,4669.60009765625,4669.89990234375,4668.60009765625,4668.7001953125,63
2026-05-11 10:10:00+00:00,4670.89990234375,4671.0,4669.0,4669.2001953125,98
2026-05-11 10:11:00+00:00,4670.60009765625,4671.0,4670.2001953125,4670.7001953125,27
2026-05-11 10:12:00+00:00,4670.7998046875,4670.7998046875,4670.5,4670.60009765625,4
2026-05-11 10:13:00+00:00,4670.2001953125,4670.2998046875,4669.39990234375,4670.10009765625,31
2026-05-11 10:14:00+00:00,4670.7998046875,4671.39990234375,4669.89990234375,4669.89990234375,47
2026-05-11 10:15:00+00:00,4669.89990234375,4670.7001953125,4668.7001953125,4670.7001953125,54
2026-05-11 10:16:00+00:00,4669.7998046875,4670.60009765625,4668.7998046875,4670.10009765625,60
2026-05-11 10:17:00+00:00,4669.7998046875,4670.2001953125,4669.2001953125,4669.89990234375,27
2026-05-11 10:18:00+00:00,4670.89990234375,4670.89990234375,4669.89990234375,4669.89990234375,19
2026-05-11 10:19:00+00:00,4671.0,4671.5,4670.7998046875,4671.0,31
2026-05-11 10:20:00+00:00,4669.7001953125,4670.39990234375,4669.39990234375,4670.39990234375,18
2026-05-11 10:21:00+00:00,4671.60009765625,4671.60009765625,4669.60009765625,4669.7998046875,35
2026-05-11 10:22:00+00:00,4671.0,4672.2001953125,4671.0,4671.60009765625,61
2026-05-11 10:23:00+00:00,4672.60009765625,4672.7001953125,4669.7998046875,4671.0,98
2026-05-11 10:24:00+00:00,4673.5,4674.10009765625,4672.5,4672.7998046875,66
2026-05-11 10:25:00+00:00,4673.89990234375,4674.5,4672.7001953125,4674.0,70
2026-05-11 10:26:00+00:00,4673.7001953125,4673.7001953125,4672.10009765625,4673.5,36
2026-05-11 10:27:00+00:00,4672.7998046875,4673.7998046875,4672.2998046875,4673.7001953125,26
2026-05-11 10:28:00+00:00,4672.10009765625,4673.0,4671.7998046875,4672.7998046875,47
2026-05-11 10:29:00+00:00,4671.7001953125,4672.2998046875,4671.39990234375,4672.2001953125,41
2026-05-11 10:30:00+00:00,4672.60009765625,4672.60009765625,4671.0,4671.7001953125,85
2026-05-11 10:31:00+00:00,4674.10009765625,4675.2001953125,4672.60009765625,4672.7001953125,62
2026-05-11 10:32:00+00:00,4674.7998046875,4674.7998046875,4674.10009765625,4674.39990234375,21
2026-05-11 10:33:00+00:00,4674.2001953125,4674.5,4673.89990234375,4674.2998046875,17
2026-05-11 10:34:00+00:00,4674.2998046875,4674.5,4673.89990234375,4674.2001953125,19
2026-05-11 10:35:00+00:00,4674.5,4675.10009765625,4673.7998046875,4674.10009765625,47
2026-05-11 10:36:00+00:00,4674.39990234375,4674.89990234375,4673.10009765625,4674.60009765625,51
2026-05-11 10:37:00+00:00,4672.60009765625,4674.60009765625,4672.60009765625,4674.5,27
2026-05-11 10:38:00+00:00,4671.0,4673.60009765625,4670.2998046875,4672.7001953125,150
2026-05-11 10:39:00+00:00,4671.10009765625,4671.39990234375,4668.7001953125,4670.89990234375,98
2026-05-11 10:40:00+00:00,4670.5,4671.7998046875,4669.7998046875,4671.39990234375,55
2026-05-11 10:41:00+00:00,4670.89990234375,4670.89990234375,4669.7001953125,4670.39990234375,75
2026-05-11 10:42:00+00:00,4669.7001953125,4671.60009765625,4669.39990234375,4670.60009765625,40
2026-05-11 10:43:00+00:00,4670.39990234375,4670.7001953125,4669.7998046875,4670.10009765625,30
2026-05-11 10:44:00+00:00,4671.5,4671.7001953125,4670.2001953125,4670.7001953125,21
2026-05-11 10:45:00+00:00,4671.2998046875,4673.10009765625,4671.2998046875,4672.0,27
2026-05-11 10:46:00+00:00,4670.7998046875,4671.2998046875,4670.0,4670.89990234375,32
2026-05-11 10:47:00+00:00,4670.7001953125,4670.7001953125,4669.89990234375,4670.2001953125,17
2026-05-11 10:48:00+00:00,4672.2998046875,4672.89990234375,4670.7001953125,4670.7001953125,46
2026-05-11 10:49:00+00:00,4672.7998046875,4673.5,4672.2998046875,4672.7001953125,27
2026-05-11 10:50:00+00:00,4673.5,4673.60009765625,4672.7001953125,4672.7001953125,20
2026-05-11 10:51:00+00:00,4674.5,4674.5,4672.7998046875,4673.5,146
2026-05-11 10:52:00+00:00,4675.60009765625,4675.7001953125,4674.60009765625,4674.7001953125,38
2026-05-11 10:53:00+00:00,4674.7998046875,4675.89990234375,4674.2001953125,4675.60009765625,43
2026-05-11 10:54:00+00:00,4673.5,4674.2001953125,4672.7998046875,4674.2001953125,38
2026-05-11 10:55:00+00:00,4673.2998046875,4673.7998046875,4673.2001953125,4673.5,35
2026-05-11 10:56:00+00:00,4673.10009765625,4673.2998046875,4672.2001953125,4672.89990234375,20
2026-05-11 10:57:00+00:00,4673.10009765625,4673.7001953125,4672.7998046875,4672.89990234375,15
2026-05-11 10:58:00+00:00,4673.5,4674.2001953125,4673.10009765625,4673.2998046875,56
2026-05-11 10:59:00+00:00,4672.2001953125,4673.60009765625,4672.2001953125,4673.5,50
2026-05-11 11:00:00+00:00,4673.7001953125,4674.39990234375,4672.60009765625,4672.60009765625,84
2026-05-11 11:01:00+00:00,4675.2998046875,4675.2998046875,4673.5,4674.0,62
2026-05-11 11:02:00+00:00,4676.7001953125,4677.2001953125,4675.2998046875,4675.2998046875,94
2026-05-11 11:03:00+00:00,4679.60009765625,4679.60009765625,4676.7998046875,4677.0,135
2026-05-11 11:04:00+00:00,4679.39990234375,4681.0,4677.89990234375,4679.5,144
2026-05-11 11:05:00+00:00,4678.5,4679.60009765625,4678.2998046875,4679.39990234375,89
2026-05-11 11:06:00+00:00,4678.89990234375,4679.2001953125,4678.2001953125,4678.39990234375,42
2026-05-11 11:07:00+00:00,4678.5,4679.60009765625,4678.10009765625,4679.0,77
2026-05-11 11:08:00+00:00,4676.2998046875,4678.7001953125,4675.7001953125,4678.7001953125,57
2026-05-11 11:09:00+00:00,4677.60009765625,4677.7001953125,4675.89990234375,4676.0,29
2026-05-11 11:10:00+00:00,4677.7001953125,4678.60009765625,4677.2998046875,4677.7998046875,47
2026-05-11 11:11:00+00:00,4676.60009765625,4677.60009765625,4676.2998046875,4677.60009765625,50
2026-05-11 11:12:00+00:00,4675.7001953125,4676.2001953125,4675.10009765625,4676.2001953125,41
2026-05-11 11:13:00+00:00,4676.60009765625,4676.89990234375,4676.0,4676.0,21
2026-05-11 11:14:00+00:00,4677.7001953125,4678.0,4676.60009765625,4677.0,53
2026-05-11 11:15:00+00:00,4676.89990234375,4679.0,4676.7998046875,4677.7001953125,92
2026-05-11 11:16:00+00:00,4677.2998046875,4677.2998046875,4676.7001953125,4676.7001953125,17
2026-05-11 11:17:00+00:00,4677.2998046875,4677.7001953125,4676.89990234375,4677.2001953125,7
2026-05-11 11:18:00+00:00,4677.7001953125,4677.7001953125,4676.89990234375,4677.7001953125,15
2026-05-11 11:19:00+00:00,4677.7001953125,4678.5,4677.60009765625,4677.7998046875,10
2026-05-11 11:20:00+00:00,4678.2001953125,4678.5,4677.89990234375,4678.2001953125,15
2026-05-11 11:21:00+00:00,4678.2998046875,4678.60009765625,4677.39990234375,4678.2998046875,24
2026-05-11 11:22:00+00:00,4678.7001953125,4678.7998046875,4677.89990234375,4678.7998046875,17
2026-05-11 11:23:00+00:00,4676.5,4678.10009765625,4676.10009765625,4678.10009765625,32
2026-05-11 11:24:00+00:00,4677.7001953125,4678.0,4676.89990234375,4677.2998046875,19
2026-05-11 11:25:00+00:00,4676.10009765625,4677.5,4676.10009765625,4677.5,30
2026-05-11 11:26:00+00:00,4676.5,4676.7001953125,4676.2001953125,4676.7001953125,18
2026-05-11 11:27:00+00:00,4677.2998046875,4677.89990234375,4676.5,4676.5,22
2026-05-11 11:28:00+00:00,4679.7001953125,4679.7001953125,4677.2998046875,4677.60009765625,140
2026-05-11 11:29:00+00:00,4680.60009765625,4680.7001953125,4679.10009765625,4679.39990234375,37
2026-05-11 11:30:00+00:00,4679.7998046875,4680.2001953125,4678.7001953125,4680.2001953125,47
2026-05-11 11:31:00+00:00,4680.2998046875,4681.2998046875,4679.39990234375,4680.2001953125,57
2026-05-11 11:32:00+00:00,4680.39990234375,4681.10009765625,4679.89990234375,4680.5,56
2026-05-11 11:33:00+00:00,4680.89990234375,4681.5,4680.5,4680.7998046875,29
2026-05-11 11:34:00+00:00,4680.39990234375,4681.7001953125,4680.2001953125,4681.2001953125,41
2026-05-11 11:35:00+00:00,4681.0,4681.10009765625,4677.7998046875,4680.0,134
2026-05-11 11:36:00+00:00,4680.5,4682.2998046875,4680.5,4681.5,41
2026-05-11 11:37:00+00:00,4681.7001953125,4682.7998046875,4680.7001953125,4680.7001953125,78
2026-05-11 11:38:00+00:00,4683.7998046875,4684.10009765625,4681.0,4681.60009765625,96
2026-05-11 11:39:00+00:00,4683.7998046875,4684.5,4683.2998046875,4683.7998046875,69
2026-05-11 11:40:00+00:00,4684.0,4685.2998046875,4683.60009765625,4683.7001953125,64
2026-05-11 11:41:00+00:00,4685.60009765625,4685.89990234375,4683.2998046875,4684.10009765625,90
2026-05-11 11:42:00+00:00,4685.60009765625,4686.0,4684.39990234375,4685.7998046875,346
2026-05-11 11:43:00+00:00,4684.89990234375,4685.7001953125,4684.7998046875,4685.7001953125,39
2026-05-11 11:44:00+00:00,4683.0,4685.2001953125,4683.0,4685.2001953125,111
2026-05-11 11:45:00+00:00,4683.39990234375,4683.39990234375,4682.5,4683.2001953125,50
2026-05-11 11:46:00+00:00,4682.89990234375,4683.5,4682.5,4683.39990234375,31
2026-05-11 11:47:00+00:00,4683.2998046875,4683.39990234375,4682.60009765625,4682.60009765625,29
2026-05-11 11:48:00+00:00,4682.7998046875,4683.2001953125,4682.2001953125,4683.10009765625,93
2026-05-11 11:49:00+00:00,4682.60009765625,4682.7001953125,4681.60009765625,4682.60009765625,45
2026-05-11 11:50:00+00:00,4680.60009765625,4682.60009765625,4680.10009765625,4682.5,53
2026-05-11 11:51:00+00:00,4681.10009765625,4681.2998046875,4680.2998046875,4680.2998046875,112
2026-05-11 11:52:00+00:00,4680.39990234375,4681.2998046875,4680.2001953125,4681.0,81
2026-05-11 11:53:00+00:00,4681.0,4681.60009765625,4678.7998046875,4680.2001953125,105
2026-05-11 11:54:00+00:00,4681.39990234375,4681.5,4680.7001953125,4681.2001953125,27
2026-05-11 11:55:00+00:00,4680.10009765625,4681.2001953125,4679.7001953125,4681.10009765625,122
2026-05-11 11:56:00+00:00,4681.5,4681.5,4678.7998046875,4679.89990234375,74
2026-05-11 11:57:00+00:00,4681.39990234375,4682.2998046875,4681.10009765625,4681.60009765625,64
2026-05-11 11:58:00+00:00,4682.0,4682.2998046875,4681.39990234375,4681.39990234375,14
2026-05-11 11:59:00+00:00,4683.2998046875,4683.2998046875,4681.7998046875,4682.2998046875,52
2026-05-11 12:00:00+00:00,4681.10009765625,4683.60009765625,4681.10009765625,4682.89990234375,70
2026-05-11 12:01:00+00:00,4682.7998046875,4684.7001953125,4681.2998046875,4681.39990234375,183
2026-05-11 12:02:00+00:00,4683.10009765625,4683.10009765625,4681.39990234375,4682.7001953125,62
2026-05-11 12:03:00+00:00,4681.0,4682.10009765625,4681.0,4682.0,27
2026-05-11 12:04:00+00:00,4679.39990234375,4681.2001953125,4679.0,4680.60009765625,44
2026-05-11 12:05:00+00:00,4678.0,4679.5,4677.5,4679.2998046875,65
2026-05-11 12:06:00+00:00,4679.2001953125,4679.2998046875,4677.7001953125,4678.10009765625,107
2026-05-11 12:07:00+00:00,4679.7998046875,4679.7998046875,4679.0,4679.2998046875,55
2026-05-11 12:08:00+00:00,4679.10009765625,4680.0,4678.5,4679.7001953125,63
2026-05-11 12:09:00+00:00,4677.5,4679.0,4677.39990234375,4679.0,73
2026-05-11 12:10:00+00:00,4676.7998046875,4677.7001953125,4676.39990234375,4677.2998046875,72
2026-05-11 12:11:00+00:00,4677.0,4677.39990234375,4676.2998046875,4677.0,73
2026-05-11 12:12:00+00:00,4677.2998046875,4677.7001953125,4676.5,4676.7001953125,62
2026-05-11 12:13:00+00:00,4676.5,4677.60009765625,4675.89990234375,4677.10009765625,59
2026-05-11 12:14:00+00:00,4676.7001953125,4676.7998046875,4675.89990234375,4676.2998046875,59
2026-05-11 12:15:00+00:00,4677.2001953125,4679.2998046875,4675.89990234375,4676.7001953125,144
2026-05-11 12:16:00+00:00,4676.60009765625,4678.0,4676.60009765625,4677.10009765625,69
2026-05-11 12:17:00+00:00,4678.39990234375,4678.60009765625,4676.7998046875,4676.7998046875,55
2026-05-11 12:18:00+00:00,4681.7001953125,4681.7001953125,4678.2001953125,4678.2001953125,76
2026-05-11 12:19:00+00:00,4681.2001953125,4682.60009765625,4679.5,4681.60009765625,168
2026-05-11 12:20:00+00:00,4683.7001953125,4684.0,4680.10009765625,4681.2998046875,198
2026-05-11 12:21:00+00:00,4688.89990234375,4690.5,4683.89990234375,4683.89990234375,814
2026-05-11 12:22:00+00:00,4694.2998046875,4698.0,4689.10009765625,4689.10009765625,662
2026-05-11 12:23:00+00:00,4700.7001953125,4702.0,4693.7001953125,4694.60009765625,465
2026-05-11 12:24:00+00:00,4701.7001953125,4704.39990234375,4700.2998046875,4700.60009765625,626
2026-05-11 12:25:00+00:00,4696.5,4701.2001953125,4694.60009765625,4701.2001953125,427
2026-05-11 12:26:00+00:00,4697.2001953125,4698.2001953125,4695.10009765625,4696.7998046875,145
2026-05-11 12:27:00+00:00,4700.2001953125,4701.39990234375,4697.0,4697.0,200
2026-05-11 12:28:00+00:00,4696.5,4700.89990234375,4696.2001953125,4700.0,166
2026-05-11 12:29:00+00:00,4699.5,4701.2001953125,4696.2998046875,4696.60009765625,174
2026-05-11 12:30:00+00:00,4699.89990234375,4700.5,4698.0,4699.60009765625,192
2026-05-11 12:31:00+00:00,4704.7001953125,4705.2998046875,4699.60009765625,4699.60009765625,513
2026-05-11 12:32:00+00:00,4703.39990234375,4705.7001953125,4702.89990234375,4704.7001953125,254
2026-05-11 12:33:00+00:00,4701.0,4703.60009765625,4700.60009765625,4703.5,167
2026-05-11 12:34:00+00:00,4702.89990234375,4703.2998046875,4700.0,4700.7001953125,132
2026-05-11 12:35:00+00:00,4705.89990234375,4706.60009765625,4702.7001953125,4702.7001953125,328
2026-05-11 12:36:00+00:00,4706.7001953125,4707.2001953125,4704.39990234375,4705.7001953125,186
2026-05-11 12:37:00+00:00,4705.39990234375,4707.2998046875,4705.0,4707.0,131
2026-05-11 12:38:00+00:00,4704.89990234375,4707.0,4704.39990234375,4705.7001953125,164
2026-05-11 12:39:00+00:00,4704.7001953125,4706.7001953125,4704.39990234375,4704.7998046875,170
2026-05-11 12:40:00+00:00,4704.7001953125,4706.10009765625,4704.2998046875,4704.89990234375,168
2026-05-11 12:41:00+00:00,4701.7998046875,4705.0,4701.0,4704.39990234375,275
2026-05-11 12:42:00+00:00,4701.7001953125,4702.0,4700.10009765625,4701.60009765625,111
2026-05-11 12:43:00+00:00,4700.60009765625,4703.2998046875,4700.5,4701.2998046875,89
2026-05-11 12:44:00+00:00,4701.10009765625,4702.2001953125,4700.39990234375,4700.89990234375,81
2026-05-11 12:45:00+00:00,4703.2001953125,4703.60009765625,4700.7001953125,4701.2998046875,93
2026-05-11 12:46:00+00:00,4703.60009765625,4703.89990234375,4700.89990234375,4703.0,117
2026-05-11 12:47:00+00:00,4698.2998046875,4704.7001953125,4697.0,4703.2001953125,354
2026-05-11 12:48:00+00:00,4697.89990234375,4700.89990234375,4696.0,4698.2998046875,280
2026-05-11 12:49:00+00:00,4698.5,4698.60009765625,4695.0,4698.0,324
2026-05-11 12:50:00+00:00,4698.89990234375,4700.7998046875,4698.2998046875,4698.5,113
2026-05-11 12:51:00+00:00,4700.5,4701.89990234375,4699.0,4699.0,86
2026-05-11 12:52:00+00:00,4701.2998046875,4701.5,4698.7998046875,4700.89990234375,87
2026-05-11 12:53:00+00:00,4701.7001953125,4703.2001953125,4700.89990234375,4700.89990234375,109
2026-05-11 12:54:00+00:00,4702.0,4703.0,4700.7998046875,4701.2001953125,70
2026-05-11 12:55:00+00:00,4703.10009765625,4703.2998046875,4700.60009765625,4701.7998046875,96
2026-05-11 12:56:00+00:00,4707.5,4709.10009765625,4703.2001953125,4703.2998046875,307
2026-05-11 12:57:00+00:00,4707.7998046875,4709.7998046875,4707.0,4707.89990234375,161
2026-05-11 12:58:00+00:00,4708.60009765625,4710.2001953125,4707.39990234375,4707.5,160
2026-05-11 12:59:00+00:00,4708.7001953125,4709.2998046875,4707.2998046875,4708.5,219
2026-05-11 13:00:00+00:00,4713.5,4714.0,4707.2998046875,4708.89990234375,437
2026-05-11 13:01:00+00:00,4712.60009765625,4715.2001953125,4712.0,4713.7998046875,322
2026-05-11 13:02:00+00:00,4716.0,4718.39990234375,4712.5,4712.89990234375,554
2026-05-11 13:03:00+00:00,4715.2001953125,4716.2001953125,4714.2001953125,4715.7001953125,168
2026-05-11 13:04:00+00:00,4719.5,4719.5,4714.60009765625,4715.2998046875,274
2026-05-11 13:05:00+00:00,4721.2998046875,4721.5,4717.7001953125,4718.7001953125,1063
2026-05-11 13:06:00+00:00,4722.7998046875,4724.2998046875,4720.2998046875,4721.5,359
2026-05-11 13:07:00+00:00,4722.2001953125,4723.2001953125,4721.0,4722.5,249
2026-05-11 13:08:00+00:00,4723.60009765625,4724.2001953125,4721.5,4722.39990234375,375
2026-05-11 13:09:00+00:00,4725.7998046875,4726.2998046875,4723.89990234375,4724.0,293
2026-05-11 13:10:00+00:00,4722.39990234375,4726.7998046875,4722.10009765625,4725.60009765625,338
2026-05-11 13:11:00+00:00,4723.2998046875,4727.0,4721.5,4722.7001953125,412
2026-05-11 13:12:00+00:00,4726.39990234375,4727.60009765625,4722.39990234375,4723.39990234375,321
2026-05-11 13:13:00+00:00,4729.0,4731.0,4725.7998046875,4726.2998046875,380
2026-05-11 13:14:00+00:00,4730.0,4731.10009765625,4728.5,4729.0,392
2026-05-11 13:15:00+00:00,4730.2998046875,4731.7001953125,4729.7998046875,4730.39990234375,558
2026-05-11 13:16:00+00:00,4736.10009765625,4737.2998046875,4730.2001953125,4730.2001953125,715
2026-05-11 13:17:00+00:00,4735.0,4736.89990234375,4734.10009765625,4736.0,309
2026-05-11 13:18:00+00:00,4737.2998046875,4738.2998046875,4734.0,4734.89990234375,338
2026-05-11 13:19:00+00:00,4736.89990234375,4740.2001953125,4736.10009765625,4737.2001953125,535
2026-05-11 13:20:00+00:00,4742.2001953125,4742.7998046875,4736.5,4736.89990234375,444
2026-05-11 13:21:00+00:00,4737.7001953125,4742.60009765625,4737.2001953125,4741.89990234375,428
2026-05-11 13:22:00+00:00,4737.7001953125,4739.5,4735.60009765625,4737.89990234375,289
2026-05-11 13:23:00+00:00,4743.10009765625,4744.5,4737.0,4737.5,401
2026-05-11 13:24:00+00:00,4740.60009765625,4745.60009765625,4740.60009765625,4743.39990234375,327
2026-05-11 13:25:00+00:00,4743.2001953125,4743.60009765625,4740.2998046875,4740.5,233
2026-05-11 13:26:00+00:00,4742.89990234375,4743.2001953125,4741.2998046875,4742.89990234375,204
2026-05-11 13:27:00+00:00,4741.2998046875,4743.7001953125,4741.2998046875,4742.89990234375,137
2026-05-11 13:28:00+00:00,4737.39990234375,4741.2998046875,4737.39990234375,4741.0,266
2026-05-11 13:29:00+00:00,4737.89990234375,4739.39990234375,4736.89990234375,4737.39990234375,207
2026-05-11 13:30:00+00:00,4742.39990234375,4743.7998046875,4737.5,4738.0,473
2026-05-11 13:31:00+00:00,4745.2998046875,4746.39990234375,4742.2998046875,4742.2998046875,591
2026-05-11 13:32:00+00:00,4743.2001953125,4745.39990234375,4742.60009765625,4745.2998046875,249
2026-05-11 13:33:00+00:00,4744.2998046875,4746.2998046875,4743.39990234375,4743.60009765625,392
2026-05-11 13:34:00+00:00,4744.60009765625,4746.2001953125,4743.7001953125,4744.0,357
2026-05-11 13:35:00+00:00,4744.60009765625,4748.0,4742.89990234375,4744.39990234375,978
2026-05-11 13:36:00+00:00,4747.7001953125,4748.5,4744.10009765625,4744.89990234375,248
2026-05-11 13:37:00+00:00,4748.5,4748.7998046875,4745.2001953125,4747.39990234375,389
2026-05-11 13:38:00+00:00,4748.60009765625,4750.39990234375,4746.7998046875,4748.60009765625,368
2026-05-11 13:39:00+00:00,4745.0,4749.0,4744.7998046875,4748.39990234375,654
2026-05-11 13:40:00+00:00,4747.10009765625,4747.60009765625,4744.7998046875,4745.2998046875,167
2026-05-11 13:41:00+00:00,4751.89990234375,4752.0,4747.7001953125,4747.7001953125,339
2026-05-11 13:42:00+00:00,4755.0,4755.7001953125,4750.7001953125,4752.0,465
2026-05-11 13:43:00+00:00,4753.7998046875,4755.2998046875,4752.89990234375,4755.2998046875,224
2026-05-11 13:44:00+00:00,4753.7001953125,4754.10009765625,4752.2998046875,4753.7998046875,255
2026-05-11 13:45:00+00:00,4757.2998046875,4757.5,4752.5,4753.2998046875,284
2026-05-11 13:46:00+00:00,4755.39990234375,4758.39990234375,4754.2001953125,4757.5,325
2026-05-11 13:47:00+00:00,4750.2998046875,4755.7001953125,4750.2998046875,4755.2001953125,386
2026-05-11 13:48:00+00:00,4748.39990234375,4750.2998046875,4747.7998046875,4750.2998046875,352
2026-05-11 13:49:00+00:00,4747.60009765625,4749.39990234375,4746.10009765625,4748.5,255
2026-05-11 13:50:00+00:00,4744.89990234375,4748.0,4744.39990234375,4747.7998046875,310
2026-05-11 13:51:00+00:00,4745.39990234375,4748.60009765625,4744.2998046875,4744.5,165
2026-05-11 13:52:00+00:00,4746.0,4746.89990234375,4744.5,4746.2001953125,119
2026-05-11 13:53:00+00:00,4750.2001953125,4752.0,4746.7001953125,4746.7001953125,303
2026-05-11 13:54:00+00:00,4749.60009765625,4751.5,4748.7998046875,4750.2998046875,198
2026-05-11 13:55:00+00:00,4753.2001953125,4753.2001953125,4748.7998046875,4749.7001953125,224
2026-05-11 13:56:00+00:00,4752.60009765625,4754.2998046875,4751.60009765625,4753.2998046875,294
2026-05-11 13:57:00+00:00,4751.89990234375,4753.60009765625,4751.60009765625,4752.7998046875,117
2026-05-11 13:58:00+00:00,4749.10009765625,4752.7001953125,4749.10009765625,4752.2001953125,177
2026-05-11 13:59:00+00:00,4745.7001953125,4749.7998046875,4745.7001953125,4749.60009765625,330
2026-05-11 14:00:00+00:00,4742.89990234375,4748.5,4742.10009765625,4745.7001953125,1032
2026-05-11 14:01:00+00:00,4742.7001953125,4745.7998046875,4741.2998046875,4742.7001953125,411
2026-05-11 14:02:00+00:00,4740.0,4743.7998046875,4739.7001953125,4742.39990234375,210
2026-05-11 14:03:00+00:00,4738.0,4741.7001953125,4737.60009765625,4739.89990234375,256
2026-05-11 14:04:00+00:00,4740.10009765625,4741.2001953125,4738.0,4738.0,298
2026-05-11 14:05:00+00:00,4737.10009765625,4741.2001953125,4736.2001953125,4740.2001953125,276
2026-05-11 14:06:00+00:00,4732.0,4738.2001953125,4731.10009765625,4737.39990234375,402
2026-05-11 14:07:00+00:00,4729.39990234375,4732.5,4728.0,4732.2001953125,481
2026-05-11 14:08:00+00:00,4734.39990234375,4735.39990234375,4729.39990234375,4729.5,340
2026-05-11 14:09:00+00:00,4734.0,4736.89990234375,4734.0,4734.2998046875,194
2026-05-11 14:10:00+00:00,4735.7001953125,4735.7998046875,4731.39990234375,4734.0,164
2026-05-11 14:11:00+00:00,4737.2998046875,4737.7001953125,4733.10009765625,4735.5,201
2026-05-11 14:12:00+00:00,4737.7998046875,4738.89990234375,4736.7001953125,4737.89990234375,164
2026-05-11 14:13:00+00:00,4741.7998046875,4742.0,4737.2998046875,4737.7998046875,245
2026-05-11 14:14:00+00:00,4740.39990234375,4741.89990234375,4739.5,4741.7998046875,116
2026-05-11 14:15:00+00:00,4738.7001953125,4742.0,4738.7001953125,4740.39990234375,235
2026-05-11 14:16:00+00:00,4738.2001953125,4739.39990234375,4736.89990234375,4738.7998046875,128
2026-05-11 14:17:00+00:00,4736.5,4738.39990234375,4735.0,4738.10009765625,185
2026-05-11 14:18:00+00:00,4740.10009765625,4740.2998046875,4736.2998046875,4736.2998046875,207
2026-05-11 14:19:00+00:00,4740.7998046875,4741.2001953125,4738.89990234375,4740.39990234375,91
2026-05-11 14:20:00+00:00,4740.5,4741.89990234375,4739.7998046875,4740.2998046875,122
2026-05-11 14:21:00+00:00,4740.7001953125,4742.2001953125,4739.60009765625,4740.7998046875,99
2026-05-11 14:22:00+00:00,4741.60009765625,4742.7001953125,4740.7998046875,4741.10009765625,87
2026-05-11 14:23:00+00:00,4741.2998046875,4742.0,4740.5,4741.7998046875,96
2026-05-11 14:24:00+00:00,4743.39990234375,4743.39990234375,4741.10009765625,4741.39990234375,165
2026-05-11 14:25:00+00:00,4738.39990234375,4743.39990234375,4738.2998046875,4743.2998046875,239
2026-05-11 14:26:00+00:00,4738.89990234375,4739.0,4736.0,4738.2001953125,161
2026-05-11 14:27:00+00:00,4735.60009765625,4739.2001953125,4734.7001953125,4739.10009765625,137
2026-05-11 14:28:00+00:00,4736.39990234375,4737.2001953125,4734.39990234375,4735.60009765625,91
2026-05-11 14:29:00+00:00,4734.5,4736.5,4733.7998046875,4736.39990234375,175
2026-05-11 14:30:00+00:00,4736.5,4736.7998046875,4733.39990234375,4734.7998046875,170
2026-05-11 14:31:00+00:00,4731.5,4737.2998046875,4730.2998046875,4736.39990234375,705
2026-05-11 14:32:00+00:00,4729.89990234375,4731.89990234375,4724.60009765625,4731.60009765625,548
2026-05-11 14:33:00+00:00,4727.2998046875,4729.39990234375,4726.5,4729.0,171
2026-05-11 14:34:00+00:00,4730.7998046875,4730.89990234375,4725.2998046875,4727.2001953125,276
2026-05-11 14:35:00+00:00,4732.60009765625,4733.2001953125,4730.10009765625,4731.0,175
2026-05-11 14:36:00+00:00,4731.2001953125,4734.5,4727.5,4733.0,347
2026-05-11 14:37:00+00:00,4736.60009765625,4737.10009765625,4730.2998046875,4730.60009765625,241
2026-05-11 14:38:00+00:00,4735.0,4738.7998046875,4734.7998046875,4736.60009765625,699
2026-05-11 14:39:00+00:00,4736.60009765625,4737.89990234375,4735.10009765625,4735.39990234375,120
2026-05-11 14:40:00+00:00,4737.5,4738.7001953125,4736.7998046875,4736.7998046875,167
2026-05-11 14:41:00+00:00,4741.2998046875,4741.2998046875,4737.60009765625,4737.7998046875,142
2026-05-11 14:42:00+00:00,4740.39990234375,4741.89990234375,4740.0,4741.60009765625,175
2026-05-11 14:43:00+00:00,4742.39990234375,4743.7998046875,4740.0,4740.2001953125,201
2026-05-11 14:44:00+00:00,4742.5,4742.89990234375,4741.5,4742.0,107
2026-05-11 14:45:00+00:00,4743.2001953125,4743.89990234375,4741.7998046875,4741.89990234375,230
2026-05-11 14:46:00+00:00,4738.89990234375,4742.7998046875,4738.2998046875,4742.7998046875,302
2026-05-11 14:47:00+00:00,4738.10009765625,4739.2998046875,4737.0,4739.2001953125,133
2026-05-11 14:48:00+00:00,4739.39990234375,4740.2001953125,4737.2998046875,4738.0,130
2026-05-11 14:49:00+00:00,4739.39990234375,4740.10009765625,4736.7998046875,4739.0,117
2026-05-11 14:50:00+00:00,4738.60009765625,4740.2998046875,4736.89990234375,4739.60009765625,143
2026-05-11 14:51:00+00:00,4738.60009765625,4740.10009765625,4737.89990234375,4738.5,99
2026-05-11 14:52:00+00:00,4737.7001953125,4739.2001953125,4737.0,4738.39990234375,88
2026-05-11 14:53:00+00:00,4739.5,4739.7001953125,4737.39990234375,4737.7998046875,96
2026-05-11 14:54:00+00:00,4737.7998046875,4739.2001953125,4737.7001953125,4739.2001953125,25
2026-05-11 14:55:00+00:00,4737.10009765625,4738.7001953125,4736.2998046875,4737.39990234375,76
2026-05-11 14:56:00+00:00,4735.2998046875,4737.10009765625,4735.2998046875,4736.7998046875,76
2026-05-11 14:57:00+00:00,4733.89990234375,4735.5,4733.39990234375,4735.2001953125,176
2026-05-11 14:58:00+00:00,4734.7998046875,4735.10009765625,4733.89990234375,4733.89990234375,62
2026-05-11 14:59:00+00:00,4735.39990234375,4736.60009765625,4734.5,4734.5,134
2026-05-11 15:00:00+00:00,4733.2998046875,4735.2998046875,4733.2998046875,4735.2998046875,71
2026-05-11 15:01:00+00:00,4736.39990234375,4736.39990234375,4732.2001953125,4733.0,104
2026-05-11 15:02:00+00:00,4736.10009765625,4736.60009765625,4735.7001953125,4736.5,124
2026-05-11 15:03:00+00:00,4735.89990234375,4738.10009765625,4735.60009765625,4736.2001953125,184
2026-05-11 15:04:00+00:00,4736.0,4736.5,4734.39990234375,4735.89990234375,80
2026-05-11 15:05:00+00:00,4737.39990234375,4737.39990234375,4735.10009765625,4735.2998046875,35
2026-05-11 15:06:00+00:00,4738.39990234375,4740.0,4737.7001953125,4737.7001953125,128
2026-05-11 15:07:00+00:00,4738.10009765625,4739.2001953125,4737.60009765625,4738.89990234375,147
2026-05-11 15:08:00+00:00,4738.5,4738.5,4736.7001953125,4738.2001953125,108
2026-05-11 15:09:00+00:00,4738.39990234375,4739.0,4737.7998046875,4738.2998046875,78
2026-05-11 15:10:00+00:00,4740.60009765625,4740.7001953125,4738.7001953125,4738.7001953125,158
2026-05-11 15:11:00+00:00,4739.5,4740.7998046875,4738.7001953125,4740.60009765625,115
2026-05-11 15:12:00+00:00,4740.2998046875,4741.60009765625,4739.60009765625,4739.60009765625,202
2026-05-11 15:13:00+00:00,4739.0,4740.5,4738.2998046875,4740.10009765625,48
2026-05-11 15:14:00+00:00,4738.0,4739.5,4737.2001953125,4739.0,87
2026-05-11 15:15:00+00:00,4740.0,4740.7998046875,4737.2001953125,4738.5,88
2026-05-11 15:16:00+00:00,4741.89990234375,4742.39990234375,4740.2001953125,4740.2001953125,371
2026-05-11 15:17:00+00:00,4743.2998046875,4744.39990234375,4741.2998046875,4741.60009765625,110
2026-05-11 15:18:00+00:00,4743.2001953125,4743.39990234375,4741.7001953125,4743.2998046875,60
2026-05-11 15:19:00+00:00,4741.2998046875,4743.7998046875,4741.2998046875,4743.39990234375,78
2026-05-11 15:20:00+00:00,4742.60009765625,4742.7998046875,4740.60009765625,4741.2998046875,53
2026-05-11 15:21:00+00:00,4744.0,4744.10009765625,4741.2998046875,4742.5,99
2026-05-11 15:22:00+00:00,4745.0,4745.5,4743.7001953125,4744.0,118
2026-05-11 15:23:00+00:00,4746.2998046875,4746.7001953125,4744.5,4745.10009765625,112
2026-05-11 15:24:00+00:00,4746.5,4748.10009765625,4746.5,4746.60009765625,125
2026-05-11 15:25:00+00:00,4743.39990234375,4747.2998046875,4743.39990234375,4746.60009765625,170
2026-05-11 15:26:00+00:00,4743.10009765625,4744.5,4742.89990234375,4743.60009765625,69
2026-05-11 15:27:00+00:00,4743.2001953125,4743.7001953125,4742.0,4743.10009765625,46
2026-05-11 15:28:00+00:00,4743.0,4743.89990234375,4742.39990234375,4743.39990234375,83
2026-05-11 15:29:00+00:00,4742.5,4743.0,4741.5,4742.39990234375,23
2026-05-11 15:30:00+00:00,4743.7001953125,4744.5,4742.2998046875,4742.2998046875,54
2026-05-11 15:31:00+00:00,4743.60009765625,4744.39990234375,4742.60009765625,4743.7998046875,53
2026-05-11 15:32:00+00:00,4742.7001953125,4743.10009765625,4742.2001953125,4742.7998046875,17
2026-05-11 15:33:00+00:00,4743.39990234375,4743.39990234375,4742.2998046875,4742.7998046875,34
2026-05-11 15:34:00+00:00,4741.7998046875,4743.2998046875,4741.5,4743.2998046875,87
2026-05-11 15:35:00+00:00,4739.7998046875,4742.0,4739.7001953125,4741.7001953125,75
2026-05-11 15:36:00+00:00,4741.39990234375,4741.39990234375,4739.5,4740.10009765625,68
2026-05-11 15:37:00+00:00,4741.0,4741.7998046875,4740.10009765625,4741.39990234375,46
2026-05-11 15:38:00+00:00,4740.2998046875,4740.7001953125,4739.7001953125,4740.7001953125,64
2026-05-11 15:39:00+00:00,4740.0,4740.7998046875,4739.89990234375,4740.39990234375,37
2026-05-11 15:40:00+00:00,4737.7998046875,4740.2998046875,4737.39990234375,4740.2001953125,94
2026-05-11 15:41:00+00:00,4739.2001953125,4739.2001953125,4736.5,4737.39990234375,92
2026-05-11 15:42:00+00:00,4740.89990234375,4741.2998046875,4738.60009765625,4739.5,86
2026-05-11 15:43:00+00:00,4740.2998046875,4741.0,4739.10009765625,4741.0,106
2026-05-11 15:44:00+00:00,4736.89990234375,4740.7001953125,4736.2001953125,4740.0,180
2026-05-11 15:45:00+00:00,4737.2001953125,4738.60009765625,4734.60009765625,4736.10009765625,186
2026-05-11 15:46:00+00:00,4736.89990234375,4737.39990234375,4734.89990234375,4736.7001953125,166
2026-05-11 15:47:00+00:00,4737.2998046875,4738.7001953125,4737.10009765625,4737.10009765625,133
2026-05-11 15:48:00+00:00,4739.2001953125,4739.2001953125,4737.2998046875,4737.5,53
2026-05-11 15:49:00+00:00,4738.89990234375,4739.7001953125,4738.2998046875,4739.0,37
2026-05-11 15:50:00+00:00,4738.10009765625,4738.7998046875,4737.7998046875,4738.7998046875,51
2026-05-11 15:51:00+00:00,4740.10009765625,4740.10009765625,4737.60009765625,4738.39990234375,88
2026-05-11 15:52:00+00:00,4740.5,4741.0,4738.39990234375,4738.89990234375,67
2026-05-11 15:53:00+00:00,4740.89990234375,4741.10009765625,4740.39990234375,4740.5,31
2026-05-11 15:54:00+00:00,4741.60009765625,4741.7998046875,4740.0,4740.7001953125,64
2026-05-11 15:55:00+00:00,4740.89990234375,4742.10009765625,4740.7001953125,4741.2001953125,55
2026-05-11 15:56:00+00:00,4740.7001953125,4741.2998046875,4740.2998046875,4740.7001953125,56
2026-05-11 15:57:00+00:00,4740.60009765625,4741.2001953125,4740.60009765625,4741.2001953125,19
2026-05-11 15:58:00+00:00,4741.7001953125,4742.10009765625,4740.5,4740.5,55
2026-05-11 15:59:00+00:00,4741.7998046875,4742.2001953125,4741.2001953125,4741.5,34
2026-05-11 16:00:00+00:00,4742.0,4742.2001953125,4740.2998046875,4742.0,84
2026-05-11 16:01:00+00:00,4741.5,4743.2001953125,4741.5,4742.2001953125,110
2026-05-11 16:02:00+00:00,4741.39990234375,4741.5,4740.7001953125,4741.2001953125,19
2026-05-11 16:03:00+00:00,4741.39990234375,4742.0,4740.7998046875,4741.5,32
2026-05-11 16:04:00+00:00,4741.39990234375,4742.2998046875,4740.7998046875,4741.5,45
2026-05-11 16:05:00+00:00,4741.7001953125,4742.2001953125,4740.60009765625,4741.60009765625,86
2026-05-11 16:06:00+00:00,4740.5,4741.5,4740.10009765625,4741.5,56
2026-05-11 16:07:00+00:00,4742.0,4742.2001953125,4740.60009765625,4740.7998046875,50
2026-05-11 16:08:00+00:00,4740.2998046875,4742.60009765625,4740.0,4742.60009765625,64
2026-05-11 16:09:00+00:00,4738.7998046875,4740.7001953125,4738.7998046875,4740.60009765625,61
2026-05-11 16:10:00+00:00,4738.89990234375,4739.60009765625,4738.0,4738.7998046875,85
2026-05-11 16:11:00+00:00,4738.7998046875,4739.7998046875,4738.2998046875,4738.89990234375,41
2026-05-11 16:12:00+00:00,4739.2001953125,4739.2001953125,4738.0,4738.5,71
2026-05-11 16:13:00+00:00,4737.10009765625,4739.2001953125,4736.7998046875,4739.2001953125,75
2026-05-11 16:14:00+00:00,4737.60009765625,4737.7001953125,4737.0,4737.2998046875,19
2026-05-11 16:15:00+00:00,4735.7001953125,4737.7998046875,4735.2998046875,4737.7998046875,175
2026-05-11 16:16:00+00:00,4735.7001953125,4737.0,4735.10009765625,4735.7998046875,136
2026-05-11 16:17:00+00:00,4735.5,4735.60009765625,4734.2998046875,4735.60009765625,81
2026-05-11 16:18:00+00:00,4734.60009765625,4735.7001953125,4733.7001953125,4735.0,45
2026-05-11 16:19:00+00:00,4736.39990234375,4736.89990234375,4734.7998046875,4734.7998046875,59
2026-05-11 16:20:00+00:00,4734.2001953125,4736.39990234375,4734.2001953125,4736.39990234375,61
2026-05-11 16:21:00+00:00,4733.60009765625,4734.39990234375,4733.2001953125,4734.39990234375,69
2026-05-11 16:22:00+00:00,4734.5,4734.89990234375,4733.2998046875,4733.60009765625,66
2026-05-11 16:23:00+00:00,4733.89990234375,4734.7001953125,4733.0,4734.7001953125,60
2026-05-11 16:24:00+00:00,4734.5,4734.5,4733.2001953125,4733.7001953125,25
2026-05-11 16:25:00+00:00,4735.0,4735.5,4733.7998046875,4734.0,76
2026-05-11 16:26:00+00:00,4733.7001953125,4735.39990234375,4732.60009765625,4735.39990234375,117
2026-05-11 16:27:00+00:00,4734.60009765625,4734.60009765625,4732.7998046875,4733.7998046875,40
2026-05-11 16:28:00+00:00,4732.89990234375,4734.39990234375,4732.7998046875,4734.2998046875,83
2026-05-11 16:29:00+00:00,4733.5,4733.60009765625,4732.2001953125,4732.89990234375,48
2026-05-11 16:30:00+00:00,4734.0,4735.0,4732.7998046875,4733.7998046875,79
2026-05-11 16:31:00+00:00,4734.7998046875,4735.89990234375,4734.2998046875,4734.2998046875,283
2026-05-11 16:32:00+00:00,4734.2001953125,4734.5,4733.7998046875,4734.39990234375,55
2026-05-11 16:33:00+00:00,4731.39990234375,4734.39990234375,4731.2001953125,4734.39990234375,54
2026-05-11 16:34:00+00:00,4731.89990234375,4732.60009765625,4731.60009765625,4731.60009765625,59
2026-05-11 16:35:00+00:00,4729.2998046875,4731.7001953125,4728.7998046875,4731.60009765625,204
2026-05-11 16:36:00+00:00,4727.7998046875,4730.0,4727.10009765625,4729.2998046875,221
2026-05-11 16:37:00+00:00,4730.10009765625,4730.60009765625,4728.0,4728.10009765625,86
2026-05-11 16:38:00+00:00,4729.89990234375,4730.10009765625,4728.2998046875,4730.10009765625,71
2026-05-11 16:39:00+00:00,4730.0,4731.5,4729.60009765625,4729.7998046875,72
2026-05-11 16:40:00+00:00,4729.7998046875,4730.39990234375,4729.7001953125,4729.7998046875,64
2026-05-11 16:41:00+00:00,4726.60009765625,4730.5,4726.60009765625,4730.10009765625,244
2026-05-11 16:42:00+00:00,4721.2998046875,4726.7001953125,4720.60009765625,4726.60009765625,1374
2026-05-11 16:43:00+00:00,4723.7998046875,4723.89990234375,4716.7998046875,4721.0,500
2026-05-11 16:44:00+00:00,4720.89990234375,4724.5,4719.7998046875,4723.7998046875,159
2026-05-11 16:45:00+00:00,4723.2998046875,4723.2998046875,4718.39990234375,4720.60009765625,366
2026-05-11 16:46:00+00:00,4722.0,4723.60009765625,4721.10009765625,4723.2001953125,106
2026-05-11 16:47:00+00:00,4725.0,4725.60009765625,4721.39990234375,4721.7998046875,85
2026-05-11 16:48:00+00:00,4724.0,4724.89990234375,4723.2001953125,4724.89990234375,38
2026-05-11 16:49:00+00:00,4724.5,4724.7998046875,4723.60009765625,4724.10009765625,42
2026-05-11 16:50:00+00:00,4725.39990234375,4725.7001953125,4723.5,4724.5,47
2026-05-11 16:51:00+00:00,4725.60009765625,4726.2998046875,4724.2998046875,4725.5,334
2026-05-11 16:52:00+00:00,4724.7001953125,4726.2001953125,4724.39990234375,4725.89990234375,41
2026-05-11 16:53:00+00:00,4725.0,4725.7001953125,4723.7998046875,4724.5,82
2026-05-11 16:54:00+00:00,4724.7001953125,4726.2001953125,4724.2998046875,4725.2998046875,78
2026-05-11 16:55:00+00:00,4725.0,4725.7998046875,4724.2001953125,4724.7998046875,169
2026-05-11 16:56:00+00:00,4724.2998046875,4725.39990234375,4722.7998046875,4725.10009765625,138
2026-05-11 16:57:00+00:00,4724.10009765625,4725.2998046875,4723.10009765625,4725.0,89
2026-05-11 16:58:00+00:00,4725.7998046875,4726.10009765625,4724.10009765625,4724.10009765625,76
2026-05-11 16:59:00+00:00,4726.10009765625,4726.2998046875,4725.2998046875,4725.89990234375,65
2026-05-11 17:00:00+00:00,4727.2998046875,4727.7998046875,4726.0,4726.0,89
2026-05-11 17:01:00+00:00,4728.10009765625,4728.5,4727.10009765625,4727.2998046875,116
2026-05-11 17:02:00+00:00,4727.5,4729.0,4726.89990234375,4728.2001953125,103
2026-05-11 17:03:00+00:00,4726.5,4729.0,4726.5,4727.39990234375,122
2026-05-11 17:04:00+00:00,4727.7001953125,4728.0,4726.5,4726.7998046875,52
2026-05-11 17:05:00+00:00,4728.39990234375,4729.5,4727.5,4727.5,89
2026-05-11 17:06:00+00:00,4729.0,4729.39990234375,4728.10009765625,4728.7001953125,45
2026-05-11 17:07:00+00:00,4727.89990234375,4729.0,4727.39990234375,4728.89990234375,50
2026-05-11 17:08:00+00:00,4728.10009765625,4728.60009765625,4727.10009765625,4728.10009765625,73
2026-05-11 17:09:00+00:00,4727.5,4728.39990234375,4727.2998046875,4728.2001953125,34
2026-05-11 17:10:00+00:00,4727.7001953125,4727.7001953125,4726.5,4727.2998046875,61
2026-05-11 17:11:00+00:00,4727.60009765625,4728.5,4727.39990234375,4727.5,48
2026-05-11 17:12:00+00:00,4725.60009765625,4727.60009765625,4725.39990234375,4727.60009765625,72
2026-05-11 17:13:00+00:00,4726.39990234375,4726.5,4725.5,4725.60009765625,39
2026-05-11 17:14:00+00:00,4727.89990234375,4728.5,4725.39990234375,4726.2001953125,138
2026-05-11 17:15:00+00:00,4728.7001953125,4728.7998046875,4727.2001953125,4727.7998046875,237
2026-05-11 17:16:00+00:00,4728.10009765625,4728.60009765625,4727.60009765625,4728.5,78
2026-05-11 17:17:00+00:00,4728.60009765625,4728.7001953125,4728.10009765625,4728.39990234375,89
2026-05-11 17:18:00+00:00,4728.0,4728.2998046875,4727.5,4728.2001953125,77
2026-05-11 17:19:00+00:00,4727.2998046875,4728.2001953125,4727.10009765625,4727.89990234375,192
2026-05-11 17:20:00+00:00,4727.7998046875,4727.7998046875,4726.7001953125,4727.2001953125,74
2026-05-11 17:21:00+00:00,4728.7001953125,4729.10009765625,4728.2001953125,4728.2001953125,79
2026-05-11 17:22:00+00:00,4729.60009765625,4729.60009765625,4728.5,4728.7001953125,77
2026-05-11 17:23:00+00:00,4728.5,4730.2998046875,4728.2998046875,4729.5,1079
2026-05-11 17:24:00+00:00,4729.2998046875,4729.2998046875,4727.2998046875,4728.2998046875,804
2026-05-11 17:25:00+00:00,4730.2998046875,4730.89990234375,4729.2998046875,4729.2998046875,281
2026-05-11 17:26:00+00:00,4730.5,4731.2001953125,4730.2001953125,4730.5,97
2026-05-11 17:27:00+00:00,4731.10009765625,4731.10009765625,4730.10009765625,4730.2001953125,66
2026-05-11 17:28:00+00:00,4730.0,4731.2998046875,4729.39990234375,4731.0,104
2026-05-11 17:29:00+00:00,4727.7001953125,4731.10009765625,4726.89990234375,4729.7998046875,3675
2026-05-11 17:30:00+00:00,4730.10009765625,4730.10009765625,4727.39990234375,4727.60009765625,166
2026-05-11 17:31:00+00:00,4731.2998046875,4731.7001953125,4730.5,4730.7001953125,119
2026-05-11 17:32:00+00:00,4732.7998046875,4732.89990234375,4731.2001953125,4731.2001953125,108
2026-05-11 17:33:00+00:00,4732.39990234375,4733.60009765625,4732.39990234375,4732.7001953125,73
2026-05-11 17:34:00+00:00,4732.2998046875,4733.2998046875,4732.2001953125,4732.5,68
2026-05-11 17:35:00+00:00,4731.60009765625,4732.7998046875,4731.2998046875,4732.7001953125,30
2026-05-11 17:36:00+00:00,4732.60009765625,4732.7001953125,4731.5,4731.7001953125,27
2026-05-11 17:37:00+00:00,4732.5,4732.7998046875,4732.2998046875,4732.7998046875,13
2026-05-11 17:38:00+00:00,4732.60009765625,4733.0,4732.0,4732.39990234375,16
2026-05-11 17:39:00+00:00,4731.0,4732.2001953125,4731.0,4732.2001953125,63
2026-05-11 17:40:00+00:00,4731.89990234375,4732.39990234375,4730.89990234375,4731.39990234375,47
2026-05-11 17:41:00+00:00,4732.60009765625,4732.60009765625,4731.60009765625,4731.7001953125,17
2026-05-11 17:42:00+00:00,4732.60009765625,4733.10009765625,4732.10009765625,4732.5,49
2026-05-11 17:43:00+00:00,4732.7001953125,4733.10009765625,4731.60009765625,4732.7001953125,32
2026-05-11 17:44:00+00:00,4733.2001953125,4733.7001953125,4733.10009765625,4733.10009765625,27
2026-05-11 17:45:00+00:00,4732.7998046875,4733.7998046875,4732.7998046875,4733.0,30
2026-05-11 17:46:00+00:00,4733.5,4734.2001953125,4732.60009765625,4732.60009765625,49
2026-05-11 17:47:00+00:00,4733.0,4733.39990234375,4732.2998046875,4733.39990234375,24
2026-05-11 17:48:00+00:00,4732.10009765625,4732.89990234375,4732.0,4732.5,31
2026-05-11 17:49:00+00:00,4731.89990234375,4732.39990234375,4731.60009765625,4732.0,51
2026-05-11 17:50:00+00:00,4732.7001953125,4732.7001953125,4731.5,4731.89990234375,26
2026-05-11 17:51:00+00:00,4732.5,4733.0,4732.2998046875,4732.89990234375,12
2026-05-11 17:52:00+00:00,4732.7001953125,4732.7001953125,4731.89990234375,4732.2998046875,22
2026-05-11 17:53:00+00:00,4732.0,4732.39990234375,4731.89990234375,4732.39990234375,29
2026-05-11 17:54:00+00:00,4731.39990234375,4731.89990234375,4731.0,4731.89990234375,29
2026-05-11 17:55:00+00:00,4731.5,4732.2998046875,4731.2998046875,4731.60009765625,31
2026-05-11 17:56:00+00:00,4731.5,4731.7998046875,4731.5,4731.5,6
2026-05-11 17:57:00+00:00,4731.7001953125,4732.10009765625,4731.5,4731.7001953125,16
2026-05-11 17:58:00+00:00,4731.89990234375,4731.89990234375,4731.2998046875,4731.7001953125,11
2026-05-11 17:59:00+00:00,4733.0,4733.0,4731.89990234375,4731.89990234375,32
2026-05-11 18:00:00+00:00,4734.2001953125,4734.2001953125,4733.10009765625,4733.10009765625,35
2026-05-11 18:01:00+00:00,4733.10009765625,4734.2998046875,4732.2998046875,4734.0,73
2026-05-11 18:02:00+00:00,4731.7001953125,4733.2998046875,4731.7001953125,4733.2998046875,41
2026-05-11 18:03:00+00:00,4734.2001953125,4734.2001953125,4732.10009765625,4732.10009765625,38
2026-05-11 18:04:00+00:00,4733.7001953125,4734.10009765625,4733.10009765625,4733.89990234375,27
2026-05-11 18:05:00+00:00,4734.0,4734.0,4733.2998046875,4733.2998046875,14
2026-05-11 18:06:00+00:00,4734.5,4734.7998046875,4734.10009765625,4734.10009765625,27
2026-05-11 18:07:00+00:00,4736.0,4736.10009765625,4734.7001953125,4734.7998046875,79
2026-05-11 18:08:00+00:00,4735.5,4736.10009765625,4735.10009765625,4735.89990234375,38
2026-05-11 18:09:00+00:00,4735.0,4735.2998046875,4734.7001953125,4735.10009765625,20
2026-05-11 18:10:00+00:00,4734.2998046875,4735.5,4734.0,4735.2001953125,75
2026-05-11 18:11:00+00:00,4732.2001953125,4734.39990234375,4732.2001953125,4734.2998046875,71
2026-05-11 18:12:00+00:00,4732.5,4732.5,4731.2998046875,4732.0,51
2026-05-11 18:13:00+00:00,4733.2001953125,4734.10009765625,4732.7998046875,4732.89990234375,54
2026-05-11 18:14:00+00:00,4732.7001953125,4733.2998046875,4732.2001953125,4732.7998046875,28
2026-05-11 18:15:00+00:00,4731.5,4732.89990234375,4731.2001953125,4732.89990234375,36
2026-05-11 18:16:00+00:00,4732.7001953125,4733.2001953125,4731.60009765625,4731.60009765625,41
2026-05-11 18:17:00+00:00,4733.2998046875,4733.5,4732.60009765625,4732.7001953125,15
2026-05-11 18:18:00+00:00,4733.0,4733.39990234375,4732.7001953125,4733.39990234375,29
2026-05-11 18:19:00+00:00,4732.5,4732.7998046875,4732.2001953125,4732.60009765625,24
2026-05-11 18:20:00+00:00,4731.89990234375,4733.0,4730.10009765625,4732.7998046875,209
2026-05-11 18:21:00+00:00,4732.10009765625,4732.5,4731.7998046875,4732.2001953125,60
2026-05-11 18:22:00+00:00,4732.60009765625,4732.7001953125,4731.60009765625,4732.0,55
2026-05-11 18:23:00+00:00,4731.39990234375,4733.0,4731.2001953125,4732.60009765625,41
2026-05-11 18:24:00+00:00,4732.7001953125,4733.89990234375,4731.60009765625,4731.60009765625,88
2026-05-11 18:25:00+00:00,4733.5,4733.5,4732.89990234375,4732.89990234375,18
2026-05-11 18:26:00+00:00,4734.7001953125,4734.7001953125,4733.2001953125,4733.39990234375,78
2026-05-11 18:27:00+00:00,4734.0,4734.89990234375,4733.89990234375,4734.5,36
2026-05-11 18:28:00+00:00,4735.7001953125,4735.7001953125,4734.2001953125,4734.2001953125,31
2026-05-11 18:29:00+00:00,4736.2001953125,4736.7998046875,4735.5,4735.5,79
2026-05-11 18:30:00+00:00,4735.89990234375,4736.7998046875,4735.89990234375,4736.5,29
2026-05-11 18:31:00+00:00,4736.7001953125,4737.10009765625,4736.0,4736.2001953125,42
2026-05-11 18:32:00+00:00,4736.39990234375,4736.89990234375,4736.39990234375,4736.7001953125,22
2026-05-11 18:33:00+00:00,4736.39990234375,4736.7001953125,4736.0,4736.5,35
2026-05-11 18:34:00+00:00,4735.60009765625,4736.89990234375,4735.39990234375,4736.60009765625,34
2026-05-11 18:35:00+00:00,4737.5,4737.7998046875,4735.7998046875,4735.7998046875,68
2026-05-11 18:36:00+00:00,4738.2998046875,4738.2998046875,4737.0,4737.89990234375,62
2026-05-11 18:37:00+00:00,4738.0,4738.7998046875,4737.2998046875,4738.5,53
2026-05-11 18:38:00+00:00,4737.39990234375,4737.7998046875,4737.0,4737.7998046875,13
2026-05-11 18:39:00+00:00,4736.0,4737.2001953125,4736.0,4737.2001953125,39
2026-05-11 18:40:00+00:00,4735.5,4736.60009765625,4735.2998046875,4736.10009765625,42
2026-05-11 18:41:00+00:00,4735.2001953125,4736.0,4735.2001953125,4735.2998046875,23
2026-05-11 18:42:00+00:00,4735.5,4735.89990234375,4734.39990234375,4735.0,32
2026-05-11 18:43:00+00:00,4736.5,4736.7998046875,4735.10009765625,4735.2998046875,25
2026-05-11 18:44:00+00:00,4735.89990234375,4736.7001953125,4735.89990234375,4736.2998046875,36
2026-05-11 18:45:00+00:00,4734.89990234375,4735.89990234375,4734.39990234375,4735.89990234375,25
2026-05-11 18:46:00+00:00,4735.2998046875,4735.60009765625,4735.10009765625,4735.10009765625,19
2026-05-11 18:47:00+00:00,4736.0,4736.0,4735.10009765625,4735.7001953125,27
2026-05-11 18:48:00+00:00,4735.7001953125,4736.10009765625,4735.2998046875,4735.7998046875,20
2026-05-11 18:49:00+00:00,4735.5,4735.7998046875,4735.39990234375,4735.7998046875,13
2026-05-11 18:50:00+00:00,4735.39990234375,4735.7001953125,4735.39990234375,4735.5,10
2026-05-11 18:51:00+00:00,4735.89990234375,4736.0,4735.60009765625,4735.60009765625,21
2026-05-11 18:52:00+00:00,4736.10009765625,4737.0,4736.0,4736.39990234375,34
2026-05-11 18:53:00+00:00,4735.39990234375,4736.2998046875,4735.39990234375,4736.0,22
2026-05-11 18:54:00+00:00,4735.5,4735.5,4734.7001953125,4735.10009765625,22
2026-05-11 18:55:00+00:00,4735.7001953125,4736.2001953125,4735.2998046875,4735.39990234375,47
2026-05-11 18:56:00+00:00,4738.2998046875,4738.2998046875,4735.7001953125,4735.7998046875,95
2026-05-11 18:57:00+00:00,4737.0,4738.2998046875,4736.5,4738.2998046875,42
2026-05-11 18:58:00+00:00,4736.0,4736.7998046875,4735.60009765625,4736.7998046875,32
2026-05-11 18:59:00+00:00,4733.7998046875,4736.2001953125,4733.7998046875,4736.2001953125,105
2026-05-11 19:00:00+00:00,4734.7998046875,4735.10009765625,4733.39990234375,4734.2001953125,309
2026-05-11 19:01:00+00:00,4735.5,4736.2998046875,4735.0,4735.0,46
2026-05-11 19:02:00+00:00,4734.2001953125,4734.89990234375,4734.0,4734.5,22
2026-05-11 19:03:00+00:00,4733.7001953125,4734.10009765625,4733.2998046875,4734.10009765625,24
2026-05-11 19:04:00+00:00,4732.89990234375,4733.89990234375,4732.89990234375,4733.60009765625,28
2026-05-11 19:05:00+00:00,4735.5,4735.5,4733.10009765625,4733.10009765625,47
2026-05-11 19:06:00+00:00,4736.2998046875,4737.2001953125,4735.39990234375,4735.39990234375,49
2026-05-11 19:07:00+00:00,4737.0,4737.60009765625,4736.2001953125,4736.5,39
2026-05-11 19:08:00+00:00,4736.7998046875,4737.39990234375,4736.5,4737.39990234375,23
2026-05-11 19:09:00+00:00,4736.39990234375,4737.2001953125,4736.2001953125,4737.2001953125,16
2026-05-11 19:10:00+00:00,4736.5,4737.2998046875,4736.0,4736.5,24
2026-05-11 19:11:00+00:00,4736.2001953125,4736.2001953125,4735.60009765625,4736.0,16
2026-05-11 19:12:00+00:00,4735.7998046875,4736.39990234375,4735.7998046875,4736.0,28
2026-05-11 19:13:00+00:00,4733.7998046875,4735.89990234375,4733.2001953125,4735.5,102
2026-05-11 19:14:00+00:00,4734.0,4734.2998046875,4733.60009765625,4733.7001953125,59
2026-05-11 19:15:00+00:00,4733.7998046875,4734.5,4733.39990234375,4734.5,39
2026-05-11 19:16:00+00:00,4733.5,4734.89990234375,4733.39990234375,4733.7998046875,77
2026-05-11 19:17:00+00:00,4734.10009765625,4734.10009765625,4733.39990234375,4733.39990234375,11
2026-05-11 19:18:00+00:00,4734.2001953125,4734.60009765625,4734.0,4734.2001953125,22
2026-05-11 19:19:00+00:00,4734.2001953125,4734.60009765625,4734.0,4734.0,22
2026-05-11 19:20:00+00:00,4733.7001953125,4734.60009765625,4733.7001953125,4734.0,19
2026-05-11 19:21:00+00:00,4734.2998046875,4734.2998046875,4733.60009765625,4733.89990234375,26
2026-05-11 19:22:00+00:00,4734.39990234375,4734.5,4733.5,4734.0,40
2026-05-11 19:23:00+00:00,4733.89990234375,4734.2998046875,4733.5,4734.2998046875,27
2026-05-11 19:24:00+00:00,4733.2998046875,4734.2998046875,4733.0,4734.2998046875,16
2026-05-11 19:25:00+00:00,4733.0,4733.39990234375,4732.89990234375,4733.0,22
2026-05-11 19:26:00+00:00,4733.0,4733.60009765625,4732.7998046875,4732.89990234375,32
2026-05-11 19:27:00+00:00,4733.39990234375,4733.7001953125,4731.7998046875,4732.7001953125,50
2026-05-11 19:28:00+00:00,4733.60009765625,4733.60009765625,4733.2998046875,4733.5,7
2026-05-11 19:29:00+00:00,4733.89990234375,4733.89990234375,4732.89990234375,4733.60009765625,29
2026-05-11 19:30:00+00:00,4732.7001953125,4733.89990234375,4732.0,4733.89990234375,75
2026-05-11 19:31:00+00:00,4733.5,4734.10009765625,4732.5,4732.7001953125,102
2026-05-11 19:32:00+00:00,4734.5,4734.89990234375,4733.5,4733.7998046875,76
2026-05-11 19:33:00+00:00,4734.10009765625,4734.60009765625,4733.7001953125,4734.60009765625,33
2026-05-11 19:34:00+00:00,4734.0,4734.5,4733.2001953125,4734.2998046875,49
2026-05-11 19:35:00+00:00,4735.39990234375,4735.39990234375,4733.89990234375,4734.10009765625,35
2026-05-11 19:36:00+00:00,4736.2001953125,4736.2001953125,4735.2001953125,4735.39990234375,41
2026-05-11 19:37:00+00:00,4736.2998046875,4737.10009765625,4735.89990234375,4736.39990234375,47
2026-05-11 19:38:00+00:00,4736.7998046875,4737.10009765625,4736.2998046875,4736.60009765625,36
2026-05-11 19:39:00+00:00,4737.2001953125,4737.2001953125,4735.7998046875,4736.7001953125,38
2026-05-11 19:40:00+00:00,4737.2001953125,4738.10009765625,4737.0,4737.10009765625,66
2026-05-11 19:41:00+00:00,4737.2001953125,4737.5,4737.2001953125,4737.2001953125,8
2026-05-11 19:42:00+00:00,4737.5,4737.7998046875,4737.0,4737.2998046875,19
2026-05-11 19:43:00+00:00,4737.60009765625,4737.7001953125,4737.39990234375,4737.60009765625,15
2026-05-11 19:44:00+00:00,4736.39990234375,4737.60009765625,4736.39990234375,4737.60009765625,48
2026-05-11 19:45:00+00:00,4738.10009765625,4738.7001953125,4736.7001953125,4736.7001953125,89
2026-05-11 19:46:00+00:00,4738.10009765625,4738.60009765625,4737.10009765625,4738.0,132
2026-05-11 19:47:00+00:00,4739.39990234375,4739.60009765625,4737.89990234375,4738.2998046875,74
2026-05-11 19:48:00+00:00,4739.7001953125,4739.7998046875,4738.2001953125,4739.60009765625,111
2026-05-11 19:49:00+00:00,4741.0,4741.10009765625,4739.2998046875,4739.60009765625,196
2026-05-11 19:50:00+00:00,4741.0,4741.60009765625,4740.7998046875,4740.89990234375,66
2026-05-11 19:51:00+00:00,4740.0,4741.2998046875,4740.0,4740.89990234375,57
2026-05-11 19:52:00+00:00,4741.7998046875,4742.2001953125,4740.0,4740.0,58
2026-05-11 19:53:00+00:00,4742.2998046875,4742.7998046875,4741.0,4741.89990234375,106
2026-05-11 19:54:00+00:00,4743.89990234375,4744.5,4742.0,4742.2001953125,152
2026-05-11 19:55:00+00:00,4745.2998046875,4746.5,4743.7001953125,4743.89990234375,1026
2026-05-11 19:56:00+00:00,4743.39990234375,4745.2998046875,4743.0,4745.2998046875,147
2026-05-11 19:57:00+00:00,4743.89990234375,4744.5,4743.10009765625,4743.2998046875,83
2026-05-11 19:58:00+00:00,4744.7998046875,4745.10009765625,4743.7001953125,4743.89990234375,57
2026-05-11 19:59:00+00:00,4743.5,4745.5,4742.7001953125,4745.0,273
2026-05-11 20:00:00+00:00,4745.7998046875,4746.10009765625,4743.7001953125,4743.7001953125,110
2026-05-11 20:01:00+00:00,4747.39990234375,4747.39990234375,4746.2001953125,4746.2001953125,52
2026-05-11 20:02:00+00:00,4747.0,4747.7001953125,4746.89990234375,4747.2001953125,49
2026-05-11 20:03:00+00:00,4746.2998046875,4747.2001953125,4746.2998046875,4747.2001953125,24
2026-05-11 20:04:00+00:00,4746.7001953125,4747.2001953125,4746.2001953125,4746.2001953125,16
2026-05-11 20:05:00+00:00,4746.10009765625,4746.7998046875,4746.10009765625,4746.5,17
2026-05-11 20:06:00+00:00,4744.5,4746.10009765625,4744.2998046875,4746.0,58
2026-05-11 20:07:00+00:00,4744.2001953125,4744.60009765625,4743.89990234375,4744.39990234375,25
2026-05-11 20:08:00+00:00,4743.7001953125,4744.5,4743.39990234375,4744.5,33
2026-05-11 20:09:00+00:00,4744.39990234375,4744.5,4743.7998046875,4744.10009765625,28
2026-05-11 20:10:00+00:00,4744.7001953125,4744.7001953125,4744.39990234375,4744.5,18
2026-05-11 20:11:00+00:00,4741.60009765625,4744.60009765625,4739.5,4744.60009765625,211
2026-05-11 20:12:00+00:00,4742.7001953125,4743.0,4740.7998046875,4741.60009765625,49
2026-05-11 20:13:00+00:00,4745.7998046875,4746.2998046875,4742.39990234375,4742.39990234375,98
2026-05-11 20:14:00+00:00,4744.7998046875,4746.60009765625,4744.39990234375,4746.60009765625,39
2026-05-11 20:15:00+00:00,4744.89990234375,4745.2001953125,4743.89990234375,4745.2001953125,28
2026-05-11 20:16:00+00:00,4744.7001953125,4744.7001953125,4744.0,4744.2998046875,21
2026-05-11 20:17:00+00:00,4744.7998046875,4745.0,4744.5,4744.7998046875,9
2026-05-11 20:18:00+00:00,4744.10009765625,4744.7001953125,4744.10009765625,4744.7001953125,4
2026-05-11 20:19:00+00:00,4744.39990234375,4744.39990234375,4744.2001953125,4744.2001953125,3
2026-05-11 20:20:00+00:00,4744.10009765625,4744.5,4744.10009765625,4744.5,6
2026-05-11 20:21:00+00:00,4744.39990234375,4744.39990234375,4744.39990234375,4744.39990234375,2
2026-05-11 20:22:00+00:00,4744.7998046875,4744.7998046875,4744.7001953125,4744.7001953125,2
2026-05-11 20:23:00+00:00,4743.7998046875,4744.39990234375,4743.2998046875,4744.39990234375,30
2026-05-11 20:24:00+00:00,4744.10009765625,4744.2001953125,4743.60009765625,4743.89990234375,6
2026-05-11 20:25:00+00:00,4744.39990234375,4744.7001953125,4744.39990234375,4744.39990234375,4
2026-05-11 20:26:00+00:00,4743.89990234375,4744.2001953125,4743.60009765625,4744.2001953125,9
2026-05-11 20:27:00+00:00,4744.60009765625,4744.7001953125,4743.89990234375,4743.89990234375,9
2026-05-11 20:28:00+00:00,4745.0,4745.0,4744.5,4744.7998046875,15
2026-05-11 20:29:00+00:00,4745.0,4745.10009765625,4744.7001953125,4745.10009765625,5
2026-05-11 20:30:00+00:00,4745.7001953125,4745.7998046875,4745.2001953125,4745.2998046875,12
2026-05-11 20:31:00+00:00,4745.60009765625,4745.60009765625,4744.7998046875,4745.2998046875,17
2026-05-11 20:32:00+00:00,4748.2001953125,4748.2001953125,4745.2998046875,4745.5,63
2026-05-11 20:33:00+00:00,4747.7998046875,4748.39990234375,4747.7998046875,4748.0,43
2026-05-11 20:34:00+00:00,4747.89990234375,4748.2001953125,4747.7001953125,4747.7998046875,10
2026-05-11 20:35:00+00:00,4747.7998046875,4748.2998046875,4747.2998046875,4747.60009765625,22
2026-05-11 20:36:00+00:00,4747.7001953125,4748.2998046875,4747.7001953125,4748.10009765625,18
2026-05-11 20:37:00+00:00,4747.39990234375,4747.7998046875,4747.2998046875,4747.60009765625,10
2026-05-11 20:38:00+00:00,4748.2001953125,4748.2998046875,4747.60009765625,4747.60009765625,13
2026-05-11 20:39:00+00:00,4748.0,4748.5,4747.7001953125,4748.10009765625,17
2026-05-11 20:40:00+00:00,4747.7001953125,4747.7998046875,4747.5,4747.7998046875,5
2026-05-11 20:41:00+00:00,4747.60009765625,4747.60009765625,4747.2998046875,4747.60009765625,8
2026-05-11 20:42:00+00:00,4747.7001953125,4747.7001953125,4747.60009765625,4747.60009765625,4
2026-05-11 20:43:00+00:00,4747.60009765625,4748.0,4747.60009765625,4747.89990234375,10
2026-05-11 20:44:00+00:00,4747.39990234375,4748.0,4747.2998046875,4747.60009765625,15
2026-05-11 20:45:00+00:00,4747.39990234375,4747.7998046875,4746.89990234375,4747.39990234375,32
2026-05-11 20:46:00+00:00,4747.2998046875,4747.7001953125,4747.0,4747.39990234375,8
2026-05-11 20:47:00+00:00,4747.39990234375,4747.7998046875,4747.2001953125,4747.2998046875,11
2026-05-11 20:48:00+00:00,4746.89990234375,4747.2998046875,4746.89990234375,4747.2998046875,4
2026-05-11 20:49:00+00:00,4746.5,4747.10009765625,4746.5,4746.7998046875,19
2026-05-11 20:50:00+00:00,4743.89990234375,4746.7998046875,4743.89990234375,4746.60009765625,163
2026-05-11 20:51:00+00:00,4743.89990234375,4744.10009765625,4743.10009765625,4743.89990234375,61
2026-05-11 20:52:00+00:00,4744.0,4744.2998046875,4742.39990234375,4743.5,24
2026-05-11 20:53:00+00:00,4744.5,4745.0,4743.7998046875,4743.7998046875,12
2026-05-11 20:54:00+00:00,4745.0,4745.2001953125,4744.39990234375,4744.7001953125,25
2026-05-11 20:55:00+00:00,4744.7001953125,4745.60009765625,4744.5,4745.0,24
2026-05-11 20:56:00+00:00,4744.7001953125,4744.7998046875,4744.7001953125,4744.7001953125,4
2026-05-11 20:57:00+00:00,4745.2998046875,4745.2998046875,4744.5,4744.5,11
2026-05-11 20:58:00+00:00,4744.7998046875,4745.39990234375,4744.7001953125,4745.0,7
2026-05-11 20:59:00+00:00,4745.60009765625,4746.2001953125,4744.5,4745.0,50
2026-05-11 22:00:00+00:00,4749.89990234375,4751.0,4745.2001953125,4745.2998046875,0
2026-05-11 22:01:00+00:00,4750.7998046875,4751.0,4749.0,4749.7998046875,51
2026-05-11 22:02:00+00:00,4752.5,4752.60009765625,4748.89990234375,4750.89990234375,110
2026-05-11 22:03:00+00:00,4749.60009765625,4753.2998046875,4749.39990234375,4752.39990234375,67
2026-05-11 22:04:00+00:00,4750.5,4750.5,4747.7998046875,4749.89990234375,31
2026-05-11 22:05:00+00:00,4749.10009765625,4750.7001953125,4748.7001953125,4749.7998046875,19
2026-05-11 22:06:00+00:00,4750.39990234375,4750.39990234375,4749.39990234375,4749.89990234375,7
2026-05-11 22:07:00+00:00,4749.39990234375,4751.39990234375,4749.39990234375,4749.7001953125,40
2026-05-11 22:08:00+00:00,4752.7998046875,4753.7998046875,4749.60009765625,4749.7001953125,57
2026-05-11 22:09:00+00:00,4750.5,4753.39990234375,4749.7998046875,4753.2001953125,35
2026-05-11 22:10:00+00:00,4750.60009765625,4750.60009765625,4748.60009765625,4750.39990234375,30
2026-05-11 22:11:00+00:00,4750.2001953125,4750.89990234375,4749.60009765625,4750.2001953125,14
2026-05-11 22:12:00+00:00,4749.60009765625,4750.0,4749.60009765625,4750.0,2
2026-05-11 22:13:00+00:00,4748.5,4749.10009765625,4748.39990234375,4749.10009765625,7
2026-05-11 22:14:00+00:00,4748.5,4750.0,4747.89990234375,4748.60009765625,32
2026-05-11 22:15:00+00:00,4748.2998046875,4749.10009765625,4747.7998046875,4749.10009765625,19
2026-05-11 22:16:00+00:00,4748.0,4749.0,4747.5,4748.7998046875,25
2026-05-11 22:17:00+00:00,4747.89990234375,4748.5,4747.10009765625,4747.7001953125,28
2026-05-11 22:18:00+00:00,4747.89990234375,4749.10009765625,4747.7998046875,4747.7998046875,13
2026-05-11 22:19:00+00:00,4748.5,4749.2001953125,4748.0,4748.7998046875,27
2026-05-11 22:20:00+00:00,4749.10009765625,4749.10009765625,4747.0,4748.0,38
2026-05-11 22:21:00+00:00,4748.2001953125,4749.0,4748.2001953125,4748.5,16
2026-05-11 22:22:00+00:00,4748.0,4748.7001953125,4748.0,4748.10009765625,16
2026-05-11 22:23:00+00:00,4749.39990234375,4749.7001953125,4747.7001953125,4748.5,16
2026-05-11 22:24:00+00:00,4749.5,4749.7001953125,4749.10009765625,4749.7001953125,5
2026-05-11 22:25:00+00:00,4748.89990234375,4749.60009765625,4748.7998046875,4749.0,6
2026-05-11 22:26:00+00:00,4748.89990234375,4749.39990234375,4748.7001953125,4748.89990234375,7
2026-05-11 22:27:00+00:00,4751.39990234375,4751.39990234375,4748.7998046875,4749.60009765625,35
2026-05-11 22:28:00+00:00,4750.2001953125,4751.7001953125,4750.2001953125,4751.39990234375,25
2026-05-11 22:29:00+00:00,4749.2001953125,4750.10009765625,4749.2001953125,4750.10009765625,23
2026-05-11 22:30:00+00:00,4749.39990234375,4749.89990234375,4748.5,4749.10009765625,11
2026-05-11 22:31:00+00:00,4749.2001953125,4749.89990234375,4749.2001953125,4749.89990234375,5
2026-05-11 22:32:00+00:00,4751.0,4751.0,4749.5,4749.7001953125,27
2026-05-11 22:33:00+00:00,4752.0,4752.0,4750.2001953125,4750.2998046875,22
2026-05-11 22:34:00+00:00,4751.39990234375,4751.89990234375,4750.7998046875,4751.89990234375,19
2026-05-11 22:35:00+00:00,4751.2998046875,4751.7001953125,4750.2001953125,4750.7998046875,19
2026-05-11 22:36:00+00:00,4752.5,4752.5,4750.7998046875,4751.2998046875,26
2026-05-11 22:37:00+00:00,4752.0,4752.5,4750.5,4752.2998046875,29
2026-05-11 22:38:00+00:00,4752.0,4752.10009765625,4751.10009765625,4752.10009765625,16
2026-05-11 22:39:00+00:00,4751.60009765625,4751.60009765625,4750.60009765625,4751.60009765625,15
2026-05-11 22:40:00+00:00,4751.7001953125,4751.7001953125,4751.2998046875,4751.5,8
2026-05-11 22:41:00+00:00,4752.39990234375,4752.7998046875,4751.39990234375,4752.10009765625,46
2026-05-11 22:42:00+00:00,4751.2998046875,4753.0,4751.2998046875,4752.39990234375,51
2026-05-11 22:43:00+00:00,4751.89990234375,4752.60009765625,4751.2998046875,4751.39990234375,20
2026-05-11 22:44:00+00:00,4754.2998046875,4755.2001953125,4752.2998046875,4752.7001953125,289
2026-05-11 22:45:00+00:00,4754.60009765625,4755.10009765625,4753.7998046875,4754.10009765625,95
2026-05-11 22:46:00+00:00,4764.39990234375,4766.7998046875,4754.39990234375,4754.5,1902
2026-05-11 22:47:00+00:00,4763.5,4764.60009765625,4762.39990234375,4764.0,282
2026-05-11 22:48:00+00:00,4762.10009765625,4763.2998046875,4761.7001953125,4763.0,51
2026-05-11 22:49:00+00:00,4761.10009765625,4761.7001953125,4760.2001953125,4761.7001953125,107
2026-05-11 22:50:00+00:00,4760.5,4761.7998046875,4759.89990234375,4761.60009765625,28
2026-05-11 22:51:00+00:00,4762.7001953125,4763.5,4760.89990234375,4760.89990234375,46
2026-05-11 22:52:00+00:00,4761.39990234375,4762.89990234375,4761.10009765625,4762.89990234375,38
2026-05-11 22:53:00+00:00,4762.2998046875,4762.5,4760.89990234375,4761.2001953125,24
2026-05-11 22:54:00+00:00,4762.2001953125,4762.7001953125,4761.10009765625,4762.39990234375,20
2026-05-11 22:55:00+00:00,4761.2001953125,4762.2998046875,4760.2998046875,4762.2001953125,39
2026-05-11 22:56:00+00:00,4761.5,4761.5,4760.39990234375,4761.0,13
2026-05-11 22:57:00+00:00,4761.39990234375,4761.89990234375,4761.39990234375,4761.7998046875,3
2026-05-11 22:58:00+00:00,4760.2998046875,4762.0,4760.2998046875,4761.7998046875,13
2026-05-11 22:59:00+00:00,4760.7001953125,4760.7001953125,4758.7998046875,4760.10009765625,37
2026-05-11 23:00:00+00:00,4762.2998046875,4762.7998046875,4760.5,4760.5,47
2026-05-11 23:01:00+00:00,4764.0,4764.0,4760.7998046875,4761.7001953125,66
2026-05-11 23:02:00+00:00,4761.89990234375,4763.7998046875,4761.89990234375,4763.7998046875,114
2026-05-11 23:03:00+00:00,4760.2001953125,4762.60009765625,4759.7998046875,4761.60009765625,28
2026-05-11 23:04:00+00:00,4760.39990234375,4760.7998046875,4760.39990234375,4760.39990234375,8
2026-05-11 23:05:00+00:00,4760.5,4760.7998046875,4760.0,4760.2998046875,14
2026-05-11 23:06:00+00:00,4761.5,4762.0,4761.0,4761.0,11
2026-05-11 23:07:00+00:00,4763.39990234375,4763.39990234375,4761.39990234375,4761.39990234375,30
2026-05-11 23:08:00+00:00,4762.7001953125,4764.2001953125,4762.7001953125,4763.5,25
2026-05-11 23:09:00+00:00,4762.60009765625,4763.2998046875,4762.2998046875,4762.89990234375,14
2026-05-11 23:10:00+00:00,4762.2998046875,4762.39990234375,4762.2998046875,4762.39990234375,3
2026-05-11 23:11:00+00:00,4755.2001953125,4762.0,4755.2001953125,4762.0,99
2026-05-11 23:12:00+00:00,4758.39990234375,4759.2001953125,4755.7998046875,4755.7998046875,46
2026-05-11 23:13:00+00:00,4759.2998046875,4760.2998046875,4758.0,4758.0,85
2026-05-11 23:14:00+00:00,4760.89990234375,4761.10009765625,4757.7001953125,4759.2998046875,50
2026-05-11 23:15:00+00:00,4761.7001953125,4763.10009765625,4760.39990234375,4760.39990234375,41
2026-05-11 23:16:00+00:00,4762.2998046875,4764.10009765625,4762.10009765625,4762.39990234375,42
2026-05-11 23:17:00+00:00,4761.7998046875,4762.89990234375,4761.7998046875,4762.39990234375,21
2026-05-11 23:18:00+00:00,4760.89990234375,4762.2001953125,4760.5,4761.7001953125,26
2026-05-11 23:19:00+00:00,4761.2998046875,4762.39990234375,4761.2998046875,4761.60009765625,13
2026-05-11 23:20:00+00:00,4763.0,4763.0,4761.2001953125,4761.89990234375,19
2026-05-11 23:21:00+00:00,4763.39990234375,4763.7001953125,4761.89990234375,4763.60009765625,36
2026-05-11 23:22:00+00:00,4762.2998046875,4763.5,4762.2998046875,4762.5,19
2026-05-11 23:23:00+00:00,4761.7998046875,4762.7998046875,4761.0,4762.2001953125,28
2026-05-11 23:24:00+00:00,4761.5,4761.60009765625,4760.39990234375,4761.39990234375,28
2026-05-11 23:25:00+00:00,4762.5,4762.5,4760.2998046875,4761.39990234375,25
2026-05-11 23:26:00+00:00,4763.0,4763.2998046875,4761.7001953125,4762.0,50
2026-05-11 23:27:00+00:00,4764.0,4764.60009765625,4762.7998046875,4763.10009765625,151
2026-05-11 23:28:00+00:00,4763.7998046875,4764.0,4763.0,4764.0,20
2026-05-11 23:29:00+00:00,4762.7001953125,4764.0,4761.7998046875,4763.2998046875,52
2026-05-11 23:30:00+00:00,4762.10009765625,4762.89990234375,4761.0,4762.5,33
2026-05-11 23:31:00+00:00,4766.7001953125,4767.7998046875,4762.2001953125,4762.2001953125,167
2026-05-11 23:32:00+00:00,4764.2998046875,4767.7001953125,4764.0,4766.5,95
2026-05-11 23:33:00+00:00,4765.10009765625,4765.7998046875,4763.60009765625,4764.10009765625,63
2026-05-11 23:34:00+00:00,4765.2998046875,4767.2998046875,4764.89990234375,4765.60009765625,39
2026-05-11 23:35:00+00:00,4766.0,4767.0,4764.89990234375,4765.2998046875,36
2026-05-11 23:36:00+00:00,4763.60009765625,4766.2998046875,4763.0,4766.0,48
2026-05-11 23:37:00+00:00,4768.2998046875,4769.2998046875,4763.0,4763.7998046875,112
2026-05-11 23:38:00+00:00,4767.5,4768.7998046875,4767.10009765625,4768.7001953125,30
2026-05-11 23:39:00+00:00,4764.60009765625,4767.2998046875,4764.60009765625,4767.2001953125,52
2026-05-11 23:40:00+00:00,4764.5,4766.0,4764.2998046875,4765.2001953125,29
2026-05-11 23:41:00+00:00,4765.0,4765.39990234375,4764.5,4764.7998046875,32
2026-05-11 23:42:00+00:00,4765.2001953125,4766.0,4763.89990234375,4764.39990234375,24
2026-05-11 23:43:00+00:00,4766.0,4766.7998046875,4766.0,4766.7001953125,10
2026-05-11 23:44:00+00:00,4765.60009765625,4766.39990234375,4764.7001953125,4765.0,24
2026-05-11 23:45:00+00:00,4765.5,4766.89990234375,4764.60009765625,4765.2001953125,185
2026-05-11 23:46:00+00:00,4767.39990234375,4768.0,4765.39990234375,4765.60009765625,93
2026-05-11 23:47:00+00:00,4767.89990234375,4768.2998046875,4766.89990234375,4767.2001953125,44
2026-05-11 23:48:00+00:00,4769.7001953125,4771.0,4767.10009765625,4767.60009765625,258
2026-05-11 23:49:00+00:00,4769.7998046875,4770.39990234375,4768.89990234375,4769.5,148
2026-05-11 23:50:00+00:00,4770.2001953125,4771.10009765625,4769.10009765625,4769.5,190
2026-05-11 23:51:00+00:00,4770.2998046875,4770.39990234375,4769.39990234375,4769.7998046875,31
2026-05-11 23:52:00+00:00,4778.39990234375,4779.60009765625,4770.7001953125,4771.0,696
2026-05-11 23:53:00+00:00,4778.39990234375,4780.2998046875,4776.2001953125,4778.2001953125,195
2026-05-11 23:54:00+00:00,4775.60009765625,4778.2001953125,4775.0,4778.0,157
2026-05-11 23:55:00+00:00,4776.5,4777.2001953125,4775.39990234375,4775.7998046875,43
2026-05-11 23:56:00+00:00,4775.60009765625,4777.2998046875,4775.5,4775.5,66
2026-05-11 23:57:00+00:00,4776.2998046875,4776.89990234375,4775.39990234375,4775.39990234375,37
2026-05-11 23:58:00+00:00,4777.2998046875,4779.2998046875,4776.2001953125,4776.2001953125,87
2026-05-11 23:59:00+00:00,4777.2001953125,4778.10009765625,4776.7001953125,4777.2998046875,1094
2026-05-12 00:00:00+00:00,4772.0,4776.7998046875,4770.7001953125,4776.7001953125,178
2026-05-12 00:01:00+00:00,4771.2998046875,4772.5,4768.10009765625,4772.2001953125,279
2026-05-12 00:02:00+00:00,4770.5,4773.0,4769.2998046875,4771.60009765625,87
2026-05-12 00:03:00+00:00,4771.7998046875,4771.7998046875,4769.2998046875,4770.10009765625,55
2026-05-12 00:04:00+00:00,4774.5,4774.5,4772.10009765625,4772.39990234375,71
2026-05-12 00:05:00+00:00,4771.7001953125,4774.2998046875,4771.39990234375,4774.2998046875,30
2026-05-12 00:06:00+00:00,4771.7001953125,4771.89990234375,4769.7998046875,4771.60009765625,80
2026-05-12 00:07:00+00:00,4770.89990234375,4771.60009765625,4770.60009765625,4771.10009765625,15
2026-05-12 00:08:00+00:00,4773.0,4773.60009765625,4769.89990234375,4770.7001953125,99
2026-05-12 00:09:00+00:00,4777.5,4778.2001953125,4773.0,4773.0,73
2026-05-12 00:10:00+00:00,4777.39990234375,4780.0,4776.7001953125,4777.60009765625,272
2026-05-12 00:11:00+00:00,4774.7998046875,4777.2001953125,4774.7998046875,4777.0,26
2026-05-12 00:12:00+00:00,4777.5,4777.89990234375,4774.7998046875,4775.2998046875,52
2026-05-12 00:13:00+00:00,4776.7998046875,4777.2998046875,4775.60009765625,4776.7001953125,21
2026-05-12 00:14:00+00:00,4776.60009765625,4778.7998046875,4776.2998046875,4777.5,76
2026-05-12 00:15:00+00:00,4777.2001953125,4778.5,4776.10009765625,4776.7998046875,24
2026-05-12 00:16:00+00:00,4779.2998046875,4779.5,4776.2001953125,4778.2001953125,76
2026-05-12 00:17:00+00:00,4782.89990234375,4783.39990234375,4778.60009765625,4778.7998046875,204
2026-05-12 00:18:00+00:00,4782.0,4783.39990234375,4781.5,4783.2001953125,70
2026-05-12 00:19:00+00:00,4780.60009765625,4782.7998046875,4779.5,4782.2998046875,52
2026-05-12 00:20:00+00:00,4781.10009765625,4783.0,4780.5,4780.5,48
2026-05-12 00:21:00+00:00,4779.89990234375,4781.39990234375,4778.89990234375,4781.39990234375,29
2026-05-12 00:22:00+00:00,4774.2998046875,4779.5,4773.60009765625,4779.5,192
2026-05-12 00:23:00+00:00,4766.10009765625,4774.89990234375,4763.0,4774.89990234375,734
2026-05-12 00:24:00+00:00,4770.10009765625,4771.0,4766.5,4767.10009765625,183
2026-05-12 00:25:00+00:00,4773.0,4773.2998046875,4769.10009765625,4769.7998046875,182
2026-05-12 00:26:00+00:00,4775.89990234375,4776.0,4772.5,4772.7001953125,69
2026-05-12 00:27:00+00:00,4774.7001953125,4776.2998046875,4773.7001953125,4775.60009765625,48
2026-05-12 00:28:00+00:00,4772.2998046875,4774.89990234375,4771.89990234375,4774.89990234375,88
2026-05-12 00:29:00+00:00,4772.2998046875,4774.0,4772.2998046875,4773.10009765625,23
2026-05-12 00:30:00+00:00,4772.39990234375,4774.0,4769.60009765625,4772.7998046875,83
2026-05-12 00:31:00+00:00,4773.0,4773.7998046875,4771.7001953125,4771.7001953125,33
2026-05-12 00:32:00+00:00,4772.5,4773.0,4770.89990234375,4772.7998046875,31
2026-05-12 00:33:00+00:00,4770.60009765625,4772.0,4769.60009765625,4772.0,108
2026-05-12 00:34:00+00:00,4768.2001953125,4771.10009765625,4768.10009765625,4770.7998046875,53
2026-05-12 00:35:00+00:00,4768.89990234375,4769.60009765625,4768.0,4768.39990234375,65
2026-05-12 00:36:00+00:00,4770.7998046875,4770.7998046875,4769.5,4769.5,30
2026-05-12 00:37:00+00:00,4772.0,4772.0,4770.7001953125,4770.89990234375,30
2026-05-12 00:38:00+00:00,4771.10009765625,4772.39990234375,4770.5,4772.10009765625,23
2026-05-12 00:39:00+00:00,4768.7998046875,4770.7998046875,4768.39990234375,4770.7998046875,41
2026-05-12 00:40:00+00:00,4770.10009765625,4770.39990234375,4769.89990234375,4770.0,6
2026-05-12 00:41:00+00:00,4770.39990234375,4770.7001953125,4769.2998046875,4770.2001953125,27
2026-05-12 00:42:00+00:00,4768.2998046875,4770.7998046875,4767.7998046875,4770.7998046875,20
2026-05-12 00:43:00+00:00,4768.5,4769.2998046875,4767.7998046875,4768.10009765625,28
2026-05-12 00:44:00+00:00,4767.7998046875,4768.60009765625,4767.2001953125,4768.2998046875,50
2026-05-12 00:45:00+00:00,4770.10009765625,4770.39990234375,4768.0,4768.0,24
2026-05-12 00:46:00+00:00,4767.7998046875,4771.5,4767.7998046875,4770.2998046875,62
2026-05-12 00:47:00+00:00,4768.7001953125,4769.7998046875,4768.2001953125,4768.2001953125,20
2026-05-12 00:48:00+00:00,4769.89990234375,4770.2001953125,4768.2001953125,4768.39990234375,61
2026-05-12 00:49:00+00:00,4769.10009765625,4770.39990234375,4769.10009765625,4770.2998046875,12
2026-05-12 00:50:00+00:00,4768.2001953125,4769.2001953125,4767.60009765625,4769.2001953125,21
2026-05-12 00:51:00+00:00,4769.7001953125,4770.5,4768.7998046875,4768.7998046875,21
2026-05-12 00:52:00+00:00,4766.5,4770.0,4766.5,4770.0,47
2026-05-12 00:53:00+00:00,4764.39990234375,4766.7998046875,4764.10009765625,4766.7998046875,61
2026-05-12 00:54:00+00:00,4762.5,4764.89990234375,4761.5,4764.89990234375,174
2026-05-12 00:55:00+00:00,4763.89990234375,4764.60009765625,4762.2001953125,4762.2998046875,60
2026-05-12 00:56:00+00:00,4763.39990234375,4763.7001953125,4762.7998046875,4763.7001953125,23
2026-05-12 00:57:00+00:00,4764.89990234375,4765.10009765625,4764.0,4764.0,37
2026-05-12 00:58:00+00:00,4763.60009765625,4765.89990234375,4763.2001953125,4765.5,46
2026-05-12 00:59:00+00:00,4759.2998046875,4763.7998046875,4757.7998046875,4763.7998046875,228
2026-05-12 01:00:00+00:00,4763.60009765625,4765.10009765625,4755.7998046875,4758.89990234375,312
2026-05-12 01:01:00+00:00,4764.2998046875,4765.60009765625,4762.7998046875,4764.2001953125,110
2026-05-12 01:02:00+00:00,4764.7998046875,4764.7998046875,4760.7998046875,4764.60009765625,75
2026-05-12 01:03:00+00:00,4761.89990234375,4764.0,4761.5,4763.89990234375,46
2026-05-12 01:04:00+00:00,4753.5,4762.39990234375,4751.60009765625,4762.39990234375,371
2026-05-12 01:05:00+00:00,4756.2001953125,4757.2001953125,4753.39990234375,4753.39990234375,159
2026-05-12 01:06:00+00:00,4757.5,4760.39990234375,4757.39990234375,4757.5,65
2026-05-12 01:07:00+00:00,4761.39990234375,4762.2998046875,4755.7998046875,4757.5,117
2026-05-12 01:08:00+00:00,4761.0,4761.7998046875,4759.89990234375,4761.2998046875,96
2026-05-12 01:09:00+00:00,4762.2998046875,4762.89990234375,4759.10009765625,4761.89990234375,92
2026-05-12 01:10:00+00:00,4760.5,4762.89990234375,4760.0,4762.2998046875,100
2026-05-12 01:11:00+00:00,4758.2998046875,4760.89990234375,4758.0,4760.10009765625,51
2026-05-12 01:12:00+00:00,4756.2998046875,4758.39990234375,4755.7998046875,4757.5,51
2026-05-12 01:13:00+00:00,4755.7998046875,4756.5,4754.2001953125,4756.2001953125,96
2026-05-12 01:14:00+00:00,4756.0,4757.2001953125,4754.5,4756.39990234375,42
2026-05-12 01:15:00+00:00,4756.2001953125,4756.2998046875,4753.0,4756.2998046875,106
2026-05-12 01:16:00+00:00,4755.60009765625,4756.60009765625,4753.2998046875,4756.60009765625,84
2026-05-12 01:17:00+00:00,4757.10009765625,4757.60009765625,4755.10009765625,4755.10009765625,63
2026-05-12 01:18:00+00:00,4758.60009765625,4758.60009765625,4754.89990234375,4757.2998046875,54
2026-05-12 01:19:00+00:00,4758.2001953125,4761.2998046875,4757.89990234375,4758.2001953125,143
2026-05-12 01:20:00+00:00,4756.89990234375,4760.39990234375,4756.0,4759.0,55
2026-05-12 01:21:00+00:00,4756.5,4757.2001953125,4755.10009765625,4756.60009765625,48
2026-05-12 01:22:00+00:00,4754.0,4756.2001953125,4753.39990234375,4756.10009765625,54
2026-05-12 01:23:00+00:00,4755.10009765625,4756.10009765625,4753.2001953125,4754.7998046875,52
2026-05-12 01:24:00+00:00,4753.89990234375,4755.7001953125,4753.39990234375,4755.60009765625,22
2026-05-12 01:25:00+00:00,4751.5,4755.39990234375,4750.0,4753.7998046875,114
2026-05-12 01:26:00+00:00,4747.2001953125,4750.7998046875,4746.89990234375,4750.7998046875,187
2026-05-12 01:27:00+00:00,4745.2998046875,4749.2998046875,4743.5,4747.0,228
2026-05-12 01:28:00+00:00,4745.89990234375,4747.10009765625,4743.2998046875,4745.7998046875,125
2026-05-12 01:29:00+00:00,4744.7998046875,4747.7001953125,4744.5,4746.7998046875,40
2026-05-12 01:30:00+00:00,4746.2001953125,4746.7001953125,4743.2998046875,4744.39990234375,68
2026-05-12 01:31:00+00:00,4746.0,4747.0,4745.2001953125,4746.2001953125,51
2026-05-12 01:32:00+00:00,4748.5,4748.7998046875,4745.7001953125,4745.7998046875,35
2026-05-12 01:33:00+00:00,4747.2998046875,4748.60009765625,4746.2998046875,4747.7998046875,51
2026-05-12 01:34:00+00:00,4742.10009765625,4747.60009765625,4740.7001953125,4746.89990234375,365
2026-05-12 01:35:00+00:00,4742.0,4742.7998046875,4740.7998046875,4741.60009765625,54
2026-05-12 01:36:00+00:00,4740.39990234375,4741.7998046875,4739.39990234375,4741.60009765625,82
2026-05-12 01:37:00+00:00,4740.89990234375,4742.0,4739.60009765625,4739.60009765625,55
2026-05-12 01:38:00+00:00,4738.0,4740.2001953125,4737.10009765625,4740.2001953125,137
2026-05-12 01:39:00+00:00,4733.89990234375,4739.0,4732.7998046875,4737.60009765625,296
2026-05-12 01:40:00+00:00,4732.7998046875,4736.60009765625,4732.2998046875,4734.5,126
2026-05-12 01:41:00+00:00,4730.5,4732.89990234375,4729.7998046875,4732.5,172
2026-05-12 01:42:00+00:00,4733.60009765625,4733.60009765625,4729.89990234375,4730.7998046875,63
2026-05-12 01:43:00+00:00,4734.0,4735.39990234375,4732.7001953125,4734.0,82
2026-05-12 01:44:00+00:00,4738.7998046875,4739.2001953125,4734.0,4734.7001953125,91
2026-05-12 01:45:00+00:00,4738.7998046875,4739.2998046875,4736.89990234375,4739.0,100
2026-05-12 01:46:00+00:00,4737.0,4739.89990234375,4736.5,4738.60009765625,50
2026-05-12 01:47:00+00:00,4737.0,4739.2001953125,4736.39990234375,4737.89990234375,58
2026-05-12 01:48:00+00:00,4740.2001953125,4740.2001953125,4735.5,4736.7001953125,54
2026-05-12 01:49:00+00:00,4740.10009765625,4741.0,4739.2998046875,4740.0,40
2026-05-12 01:50:00+00:00,4737.10009765625,4740.2998046875,4736.5,4740.0,52
2026-05-12 01:51:00+00:00,4737.7998046875,4738.7998046875,4737.10009765625,4737.39990234375,43
2026-05-12 01:52:00+00:00,4738.39990234375,4739.0,4737.7998046875,4737.7998046875,28
2026-05-12 01:53:00+00:00,4737.39990234375,4738.39990234375,4737.0,4738.2998046875,17
2026-05-12 01:54:00+00:00,4737.89990234375,4739.2998046875,4736.89990234375,4737.60009765625,17
2026-05-12 01:55:00+00:00,4736.0,4736.89990234375,4733.89990234375,4736.89990234375,42
2026-05-12 01:56:00+00:00,4737.2998046875,4737.2998046875,4734.7998046875,4735.0,20
2026-05-12 01:57:00+00:00,4734.89990234375,4739.0,4734.89990234375,4738.2001953125,42
2026-05-12 01:58:00+00:00,4734.60009765625,4735.2998046875,4734.0,4735.2998046875,29
2026-05-12 01:59:00+00:00,4736.60009765625,4736.7001953125,4733.2998046875,4734.89990234375,38
2026-05-12 02:00:00+00:00,4740.10009765625,4740.2998046875,4736.0,4736.2998046875,72
2026-05-12 02:01:00+00:00,4739.39990234375,4740.2001953125,4738.0,4739.7001953125,48
2026-05-12 02:02:00+00:00,4739.0,4739.7998046875,4737.5,4739.10009765625,45
2026-05-12 02:03:00+00:00,4738.0,4739.60009765625,4736.0,4739.60009765625,61
2026-05-12 02:04:00+00:00,4738.2001953125,4739.2001953125,4737.2998046875,4738.2998046875,51
2026-05-12 02:05:00+00:00,4738.2001953125,4738.7001953125,4737.0,4738.2998046875,26
2026-05-12 02:06:00+00:00,4737.10009765625,4737.7998046875,4734.60009765625,4737.7998046875,52
2026-05-12 02:07:00+00:00,4739.2001953125,4739.2998046875,4736.5,4737.7001953125,69
2026-05-12 02:08:00+00:00,4738.10009765625,4739.7001953125,4737.89990234375,4739.2998046875,44
2026-05-12 02:09:00+00:00,4739.0,4739.7998046875,4738.39990234375,4738.60009765625,21
2026-05-12 02:10:00+00:00,4742.10009765625,4743.39990234375,4739.5,4739.5,86
2026-05-12 02:11:00+00:00,4743.2998046875,4743.2998046875,4741.60009765625,4742.60009765625,40
2026-05-12 02:12:00+00:00,4741.7998046875,4743.39990234375,4740.7001953125,4743.2998046875,37
2026-05-12 02:13:00+00:00,4739.5,4742.2001953125,4739.5,4742.2001953125,25
2026-05-12 02:14:00+00:00,4740.7001953125,4740.7001953125,4738.2001953125,4740.2001953125,33
2026-05-12 02:15:00+00:00,4738.5,4740.60009765625,4738.0,4740.60009765625,22
2026-05-12 02:16:00+00:00,4738.5,4740.0,4738.10009765625,4738.39990234375,45
2026-05-12 02:17:00+00:00,4739.5,4739.7998046875,4738.2998046875,4738.2998046875,83
2026-05-12 02:18:00+00:00,4738.7001953125,4739.5,4737.7998046875,4739.2001953125,23
2026-05-12 02:19:00+00:00,4735.39990234375,4738.5,4735.2998046875,4737.7001953125,47
2026-05-12 02:20:00+00:00,4735.7998046875,4737.39990234375,4735.2998046875,4735.5,36
2026-05-12 02:21:00+00:00,4736.0,4736.0,4734.89990234375,4736.0,25
2026-05-12 02:22:00+00:00,4736.2998046875,4737.39990234375,4735.60009765625,4736.0,45
2026-05-12 02:23:00+00:00,4737.89990234375,4737.89990234375,4736.7001953125,4737.0,28
2026-05-12 02:24:00+00:00,4739.0,4739.0,4737.2998046875,4738.10009765625,34
2026-05-12 02:25:00+00:00,4738.39990234375,4739.7998046875,4737.2001953125,4738.7998046875,51
2026-05-12 02:26:00+00:00,4736.10009765625,4738.60009765625,4736.0,4737.7998046875,39
2026-05-12 02:27:00+00:00,4734.60009765625,4737.10009765625,4734.10009765625,4736.7001953125,56
2026-05-12 02:28:00+00:00,4736.60009765625,4736.7001953125,4733.7998046875,4735.0,49
2026-05-12 02:29:00+00:00,4736.10009765625,4736.39990234375,4735.7001953125,4736.10009765625,12
2026-05-12 02:30:00+00:00,4732.7001953125,4739.0,4731.10009765625,4736.2998046875,139
2026-05-12 02:31:00+00:00,4734.60009765625,4734.60009765625,4731.7001953125,4732.60009765625,60
2026-05-12 02:32:00+00:00,4735.7998046875,4736.2001953125,4734.39990234375,4734.5,24
2026-05-12 02:33:00+00:00,4735.10009765625,4735.10009765625,4733.10009765625,4735.10009765625,12
2026-05-12 02:34:00+00:00,4735.7001953125,4735.7001953125,4733.89990234375,4735.7001953125,24
2026-05-12 02:35:00+00:00,4734.89990234375,4736.0,4734.10009765625,4736.0,20
2026-05-12 02:36:00+00:00,4737.10009765625,4737.10009765625,4734.2998046875,4734.5,16
2026-05-12 02:37:00+00:00,4737.2998046875,4738.7998046875,4736.7998046875,4737.7998046875,34
2026-05-12 02:38:00+00:00,4735.10009765625,4736.7001953125,4734.7001953125,4736.7001953125,18
2026-05-12 02:39:00+00:00,4736.39990234375,4736.7001953125,4735.0,4735.0,8
2026-05-12 02:40:00+00:00,4735.39990234375,4735.5,4734.0,4734.7998046875,14
2026-05-12 02:41:00+00:00,4734.89990234375,4736.60009765625,4734.5,4735.7998046875,41
2026-05-12 02:42:00+00:00,4736.5,4736.60009765625,4734.2998046875,4734.2998046875,12
2026-05-12 02:43:00+00:00,4737.89990234375,4738.39990234375,4736.39990234375,4736.7998046875,34
2026-05-12 02:44:00+00:00,4741.0,4741.0,4737.89990234375,4738.2001953125,29
2026-05-12 02:45:00+00:00,4741.60009765625,4742.2998046875,4740.2998046875,4740.7998046875,88
2026-05-12 02:46:00+00:00,4741.7001953125,4742.60009765625,4741.7001953125,4741.7001953125,29
2026-05-12 02:47:00+00:00,4739.60009765625,4741.7001953125,4738.60009765625,4741.7001953125,35
2026-05-12 02:48:00+00:00,4737.2998046875,4739.0,4737.0,4739.0,13
2026-05-12 02:49:00+00:00,4738.2001953125,4738.2001953125,4736.5,4737.0,40
2026-05-12 02:50:00+00:00,4740.89990234375,4740.89990234375,4738.0,4738.0,34
2026-05-12 02:51:00+00:00,4740.2998046875,4741.2001953125,4739.7001953125,4740.60009765625,40
2026-05-12 02:52:00+00:00,4742.10009765625,4743.2001953125,4738.89990234375,4740.10009765625,314
2026-05-12 02:53:00+00:00,4741.0,4742.39990234375,4739.7998046875,4742.39990234375,115
2026-05-12 02:54:00+00:00,4741.2998046875,4741.7998046875,4740.2998046875,4741.10009765625,41
2026-05-12 02:55:00+00:00,4742.10009765625,4742.7001953125,4740.89990234375,4741.89990234375,111
2026-05-12 02:56:00+00:00,4741.2001953125,4742.5,4739.60009765625,4741.7998046875,80
2026-05-12 02:57:00+00:00,4740.7998046875,4741.7001953125,4740.2998046875,4741.5,133
2026-05-12 02:58:00+00:00,4741.39990234375,4742.60009765625,4740.39990234375,4740.7998046875,83
2026-05-12 02:59:00+00:00,4739.7998046875,4741.7001953125,4739.7998046875,4741.7001953125,25
2026-05-12 03:00:00+00:00,4741.0,4741.39990234375,4739.39990234375,4739.5,66
2026-05-12 03:01:00+00:00,4738.2001953125,4742.39990234375,4738.2001953125,4741.2998046875,54
2026-05-12 03:02:00+00:00,4738.2998046875,4739.39990234375,4738.10009765625,4738.2998046875,28
2026-05-12 03:03:00+00:00,4738.7001953125,4741.2001953125,4738.0,4738.0,115
2026-05-12 03:04:00+00:00,4738.89990234375,4740.60009765625,4737.2001953125,4738.10009765625,81
2026-05-12 03:05:00+00:00,4739.5,4739.60009765625,4739.10009765625,4739.10009765625,8
2026-05-12 03:06:00+00:00,4737.7998046875,4739.0,4737.7998046875,4738.60009765625,13
2026-05-12 03:07:00+00:00,4738.5,4738.7001953125,4737.2001953125,4737.60009765625,31
2026-05-12 03:08:00+00:00,4737.5,4739.10009765625,4736.7001953125,4738.7998046875,32
2026-05-12 03:09:00+00:00,4736.5,4737.7001953125,4736.2001953125,4737.39990234375,22
2026-05-12 03:10:00+00:00,4737.7001953125,4737.7001953125,4736.89990234375,4737.10009765625,4
2026-05-12 03:11:00+00:00,4739.2001953125,4740.5,4736.2001953125,4736.7998046875,94
2026-05-12 03:12:00+00:00,4738.7001953125,4740.7001953125,4737.5,4739.10009765625,200
2026-05-12 03:13:00+00:00,4739.5,4740.2001953125,4738.7001953125,4739.2998046875,21
2026-05-12 03:14:00+00:00,4740.5,4741.39990234375,4740.0,4740.0,28
2026-05-12 03:15:00+00:00,4739.89990234375,4740.60009765625,4739.89990234375,4740.39990234375,5
2026-05-12 03:16:00+00:00,4739.39990234375,4739.39990234375,4738.5,4739.10009765625,13
2026-05-12 03:17:00+00:00,4737.5,4739.2998046875,4736.60009765625,4739.10009765625,36
2026-05-12 03:18:00+00:00,4736.60009765625,4737.39990234375,4736.2001953125,4737.39990234375,15
2026-05-12 03:19:00+00:00,4735.5,4736.60009765625,4734.7998046875,4736.60009765625,35
2026-05-12 03:20:00+00:00,4734.39990234375,4734.89990234375,4734.0,4734.89990234375,18
2026-05-12 03:21:00+00:00,4734.5,4736.2001953125,4734.39990234375,4734.39990234375,24
2026-05-12 03:22:00+00:00,4735.2998046875,4735.60009765625,4733.5,4734.2998046875,49
2026-05-12 03:23:00+00:00,4735.10009765625,4736.39990234375,4734.60009765625,4736.0,84
2026-05-12 03:24:00+00:00,4732.7998046875,4736.2001953125,4732.7998046875,4735.7001953125,115
2026-05-12 03:25:00+00:00,4733.0,4734.39990234375,4732.7998046875,4732.89990234375,31
2026-05-12 03:26:00+00:00,4733.2998046875,4733.7001953125,4732.0,4732.7998046875,40
2026-05-12 03:27:00+00:00,4734.2001953125,4734.5,4733.10009765625,4733.5,36
2026-05-12 03:28:00+00:00,4732.7001953125,4735.0,4732.2998046875,4734.5,48
2026-05-12 03:29:00+00:00,4733.0,4733.0,4732.0,4732.60009765625,40
2026-05-12 03:30:00+00:00,4733.39990234375,4734.0,4733.0,4733.0,17
2026-05-12 03:31:00+00:00,4735.2001953125,4735.5,4734.10009765625,4734.10009765625,25
2026-05-12 03:32:00+00:00,4734.0,4735.2998046875,4733.7998046875,4735.0,28
2026-05-12 03:33:00+00:00,4734.2998046875,4735.39990234375,4734.0,4734.0,16
2026-05-12 03:34:00+00:00,4735.2998046875,4735.2998046875,4734.10009765625,4734.2998046875,38
2026-05-12 03:35:00+00:00,4734.2998046875,4734.89990234375,4734.2998046875,4734.89990234375,6
2026-05-12 03:36:00+00:00,4735.0,4735.2001953125,4734.7998046875,4734.7998046875,9
2026-05-12 03:37:00+00:00,4735.2001953125,4735.60009765625,4735.10009765625,4735.10009765625,22
2026-05-12 03:38:00+00:00,4736.0,4736.0,4735.10009765625,4735.10009765625,33
2026-05-12 03:39:00+00:00,4735.7001953125,4736.7998046875,4735.0,4735.2001953125,62
2026-05-12 03:40:00+00:00,4734.89990234375,4736.2998046875,4734.39990234375,4735.2998046875,36
2026-05-12 03:41:00+00:00,4735.2998046875,4735.2998046875,4734.2001953125,4734.5,13
2026-05-12 03:42:00+00:00,4735.5,4735.5,4735.5,4735.5,1
2026-05-12 03:43:00+00:00,4734.60009765625,4736.2001953125,4734.60009765625,4736.10009765625,16
2026-05-12 03:44:00+00:00,4733.39990234375,4734.89990234375,4732.89990234375,4734.7001953125,44
2026-05-12 03:45:00+00:00,4729.7998046875,4733.7001953125,4728.0,4733.2998046875,380
2026-05-12 03:46:00+00:00,4728.7998046875,4730.2998046875,4728.2001953125,4730.10009765625,93
2026-05-12 03:47:00+00:00,4730.39990234375,4731.0,4728.2001953125,4728.39990234375,51
2026-05-12 03:48:00+00:00,4729.89990234375,4731.5,4729.60009765625,4730.2001953125,31
2026-05-12 03:49:00+00:00,4729.5,4730.5,4729.2001953125,4729.7998046875,17
2026-05-12 03:50:00+00:00,4729.60009765625,4729.7998046875,4727.89990234375,4729.2998046875,54
2026-05-12 03:51:00+00:00,4730.2998046875,4730.7998046875,4729.39990234375,4729.5,15
2026-05-12 03:52:00+00:00,4731.10009765625,4731.89990234375,4730.2001953125,4730.2001953125,26
2026-05-12 03:53:00+00:00,4731.2001953125,4731.7001953125,4731.2001953125,4731.5,12
2026-05-12 03:54:00+00:00,4728.2998046875,4731.39990234375,4728.2998046875,4731.39990234375,16
2026-05-12 03:55:00+00:00,4728.7998046875,4729.2001953125,4728.10009765625,4728.7998046875,44
2026-05-12 03:56:00+00:00,4728.39990234375,4728.60009765625,4726.7998046875,4728.2001953125,56
2026-05-12 03:57:00+00:00,4729.0,4729.0,4727.39990234375,4728.0,34
2026-05-12 03:58:00+00:00,4729.0,4729.5,4728.7001953125,4729.0,15
2026-05-12 04:00:00+00:00,4729.2998046875,4730.0,4729.10009765625,4729.10009765625,19
2026-05-12 04:01:00+00:00,4730.7001953125,4731.2998046875,4729.5,4729.5,27
2026-05-12 04:02:00+00:00,4730.2998046875,4730.89990234375,4729.7001953125,4730.7001953125,12
2026-05-12 04:03:00+00:00,4730.10009765625,4730.5,4729.10009765625,4729.89990234375,19
2026-05-12 04:04:00+00:00,4731.2001953125,4731.2001953125,4730.60009765625,4730.89990234375,29
2026-05-12 04:05:00+00:00,4731.2998046875,4732.2001953125,4730.39990234375,4732.10009765625,52
2026-05-12 04:06:00+00:00,4730.7998046875,4731.0,4730.60009765625,4731.0,6
2026-05-12 04:07:00+00:00,4731.39990234375,4731.7001953125,4730.7998046875,4730.7998046875,20
2026-05-12 04:08:00+00:00,4730.7998046875,4731.2998046875,4730.7998046875,4731.2998046875,5
2026-05-12 04:09:00+00:00,4731.7998046875,4732.60009765625,4730.2998046875,4730.2998046875,54
2026-05-12 04:10:00+00:00,4731.5,4731.7001953125,4731.0,4731.39990234375,11
2026-05-12 04:11:00+00:00,4730.89990234375,4731.7001953125,4730.5,4731.60009765625,16
2026-05-12 04:12:00+00:00,4730.5,4731.2001953125,4730.10009765625,4731.10009765625,9
2026-05-12 04:13:00+00:00,4731.2001953125,4731.2001953125,4730.10009765625,4730.2998046875,13
2026-05-12 04:14:00+00:00,4730.89990234375,4730.89990234375,4730.89990234375,4730.89990234375,4
2026-05-12 04:15:00+00:00,4734.39990234375,4734.7998046875,4731.2001953125,4731.2001953125,154
2026-05-12 04:16:00+00:00,4739.0,4739.39990234375,4734.2001953125,4734.2998046875,254
2026-05-12 04:17:00+00:00,4739.10009765625,4739.5,4737.89990234375,4739.0,125
2026-05-12 04:18:00+00:00,4736.2998046875,4739.60009765625,4735.10009765625,4739.5,170
2026-05-12 04:19:00+00:00,4736.0,4736.2998046875,4735.5,4736.2001953125,27
2026-05-12 04:20:00+00:00,4736.39990234375,4736.39990234375,4734.89990234375,4735.7001953125,15
2026-05-12 04:21:00+00:00,4737.7998046875,4738.2998046875,4736.39990234375,4736.39990234375,14
2026-05-12 04:22:00+00:00,4736.2001953125,4737.5,4736.2001953125,4737.2001953125,16
2026-05-12 04:23:00+00:00,4734.0,4735.7998046875,4733.39990234375,4735.2998046875,28
2026-05-12 04:24:00+00:00,4734.7001953125,4734.7001953125,4733.60009765625,4733.89990234375,22
2026-05-12 04:25:00+00:00,4733.7001953125,4734.7001953125,4733.39990234375,4734.0,25
2026-05-12 04:26:00+00:00,4733.2998046875,4734.0,4733.2998046875,4734.0,8
2026-05-12 04:27:00+00:00,4734.39990234375,4734.5,4733.5,4733.7998046875,14
2026-05-12 04:28:00+00:00,4734.0,4734.2998046875,4733.7001953125,4734.0,11
2026-05-12 04:29:00+00:00,4731.39990234375,4733.60009765625,4730.89990234375,4733.60009765625,48
2026-05-12 04:30:00+00:00,4731.0,4731.60009765625,4730.2001953125,4731.5,44
2026-05-12 04:31:00+00:00,4731.7998046875,4732.2001953125,4731.2998046875,4731.2998046875,15
2026-05-12 04:32:00+00:00,4732.5,4733.0,4732.2998046875,4732.2998046875,8
2026-05-12 04:33:00+00:00,4733.2998046875,4733.5,4732.39990234375,4732.60009765625,33
2026-05-12 04:34:00+00:00,4732.0,4732.7001953125,4732.0,4732.7001953125,6
2026-05-12 04:35:00+00:00,4732.2998046875,4732.89990234375,4732.2998046875,4732.39990234375,6
2026-05-12 04:36:00+00:00,4734.5,4734.7998046875,4732.89990234375,4732.89990234375,14
2026-05-12 04:37:00+00:00,4735.2001953125,4735.7001953125,4734.5,4734.60009765625,28
2026-05-12 04:38:00+00:00,4734.5,4734.7998046875,4734.2001953125,4734.7998046875,11
2026-05-12 04:39:00+00:00,4734.2998046875,4734.7998046875,4734.2998046875,4734.7998046875,6
2026-05-12 04:40:00+00:00,4734.0,4734.2998046875,4734.0,4734.2998046875,3
2026-05-12 04:41:00+00:00,4733.7001953125,4734.2001953125,4733.7001953125,4734.0,8
2026-05-12 04:42:00+00:00,4733.7998046875,4733.7998046875,4733.10009765625,4733.10009765625,4
2026-05-12 04:43:00+00:00,4734.2001953125,4734.5,4733.89990234375,4733.89990234375,7
2026-05-12 04:44:00+00:00,4733.5,4735.0,4733.2998046875,4734.39990234375,29
2026-05-12 04:45:00+00:00,4734.2998046875,4734.2998046875,4733.0,4733.2001953125,9
2026-05-12 04:46:00+00:00,4732.89990234375,4734.10009765625,4732.7001953125,4734.10009765625,5
2026-05-12 04:47:00+00:00,4730.2001953125,4732.89990234375,4730.0,4732.7001953125,68
2026-05-12 04:48:00+00:00,4728.2001953125,4730.60009765625,4727.2001953125,4729.5,71
2026-05-12 04:49:00+00:00,4728.5,4729.10009765625,4727.7001953125,4727.7001953125,9
2026-05-12 04:50:00+00:00,4729.60009765625,4729.60009765625,4728.10009765625,4728.7998046875,18
2026-05-12 04:51:00+00:00,4726.7001953125,4729.0,4726.7001953125,4729.0,79
2026-05-12 04:52:00+00:00,4725.10009765625,4728.2001953125,4722.89990234375,4727.10009765625,284
2026-05-12 04:53:00+00:00,4725.89990234375,4726.0,4724.7998046875,4724.89990234375,48
2026-05-12 04:54:00+00:00,4722.2998046875,4725.7998046875,4721.7998046875,4725.5,120
2026-05-12 04:55:00+00:00,4723.60009765625,4723.7001953125,4720.10009765625,4722.39990234375,188
2026-05-12 04:56:00+00:00,4724.60009765625,4724.60009765625,4722.0,4723.10009765625,89
2026-05-12 04:57:00+00:00,4725.2998046875,4725.89990234375,4724.5,4724.60009765625,63
2026-05-12 04:58:00+00:00,4724.7998046875,4726.0,4724.39990234375,4725.2001953125,43
2026-05-12 04:59:00+00:00,4723.10009765625,4724.7998046875,4722.7001953125,4724.7998046875,28
2026-05-12 05:00:00+00:00,4722.89990234375,4722.89990234375,4719.5,4722.5,140
2026-05-12 05:01:00+00:00,4724.89990234375,4725.60009765625,4722.7998046875,4722.89990234375,159
2026-05-12 05:02:00+00:00,4725.5,4726.0,4723.89990234375,4724.5,57
2026-05-12 05:03:00+00:00,4726.7001953125,4726.7001953125,4725.2998046875,4725.7998046875,60
2026-05-12 05:04:00+00:00,4727.60009765625,4727.60009765625,4726.7998046875,4726.7998046875,30
2026-05-12 05:05:00+00:00,4726.89990234375,4727.60009765625,4726.7998046875,4727.2998046875,13
2026-05-12 05:06:00+00:00,4726.7001953125,4727.39990234375,4726.0,4726.89990234375,35
2026-05-12 05:07:00+00:00,4724.0,4725.7001953125,4723.2001953125,4725.7001953125,82
2026-05-12 05:08:00+00:00,4719.7001953125,4723.7998046875,4718.7998046875,4723.7998046875,316
2026-05-12 05:09:00+00:00,4719.5,4721.0,4718.2001953125,4719.7001953125,149
2026-05-12 05:10:00+00:00,4719.5,4720.2998046875,4718.60009765625,4720.10009765625,93
2026-05-12 05:11:00+00:00,4719.2001953125,4721.39990234375,4719.0,4719.7998046875,55
2026-05-12 05:12:00+00:00,4718.0,4719.5,4717.7001953125,4719.39990234375,94
2026-05-12 05:13:00+00:00,4720.0,4721.2001953125,4717.5,4718.5,102
2026-05-12 05:14:00+00:00,4721.2998046875,4722.10009765625,4720.10009765625,4720.5,78
2026-05-12 05:15:00+00:00,4723.5,4724.0,4721.5,4721.5,112
2026-05-12 05:16:00+00:00,4723.89990234375,4724.89990234375,4722.89990234375,4722.89990234375,108
2026-05-12 05:17:00+00:00,4722.7001953125,4724.7998046875,4722.60009765625,4724.0,40
2026-05-12 05:18:00+00:00,4722.5,4724.0,4721.89990234375,4723.10009765625,101
2026-05-12 05:19:00+00:00,4722.10009765625,4723.10009765625,4722.0,4722.2998046875,37
2026-05-12 05:20:00+00:00,4725.2001953125,4725.5,4722.2998046875,4722.2998046875,35
2026-05-12 05:21:00+00:00,4724.7998046875,4725.2001953125,4724.7998046875,4725.2001953125,11
2026-05-12 05:22:00+00:00,4723.89990234375,4724.89990234375,4723.89990234375,4724.7998046875,31
2026-05-12 05:23:00+00:00,4723.5,4724.10009765625,4723.2998046875,4723.5,32
2026-05-12 05:24:00+00:00,4723.0,4724.0,4723.0,4723.7001953125,16
2026-05-12 05:25:00+00:00,4722.60009765625,4723.7998046875,4722.2998046875,4723.0,24
2026-05-12 05:26:00+00:00,4721.89990234375,4722.7998046875,4721.7001953125,4722.7001953125,37
2026-05-12 05:27:00+00:00,4724.2001953125,4724.2001953125,4721.7001953125,4721.7001953125,39
2026-05-12 05:28:00+00:00,4723.7001953125,4724.2998046875,4723.7001953125,4724.2998046875,10
2026-05-12 05:29:00+00:00,4724.39990234375,4724.39990234375,4723.2001953125,4723.2001953125,13
2026-05-12 05:30:00+00:00,4729.10009765625,4729.2001953125,4723.5,4724.2001953125,182
2026-05-12 05:31:00+00:00,4728.60009765625,4731.0,4728.39990234375,4729.10009765625,97
2026-05-12 05:32:00+00:00,4728.39990234375,4729.7001953125,4727.39990234375,4729.0,46
2026-05-12 05:33:00+00:00,4726.7998046875,4729.2998046875,4726.2998046875,4728.89990234375,48
2026-05-12 05:34:00+00:00,4723.7998046875,4726.0,4721.7001953125,4726.0,161
2026-05-12 05:35:00+00:00,4725.2001953125,4725.39990234375,4723.2001953125,4723.5,18
2026-05-12 05:36:00+00:00,4722.60009765625,4725.5,4722.5,4725.5,29
2026-05-12 05:37:00+00:00,4723.2001953125,4723.2998046875,4721.7001953125,4721.7001953125,61
2026-05-12 05:38:00+00:00,4725.2998046875,4725.2998046875,4722.2998046875,4722.7998046875,20
2026-05-12 05:39:00+00:00,4725.60009765625,4725.60009765625,4725.10009765625,4725.10009765625,4
2026-05-12 05:40:00+00:00,4725.10009765625,4725.10009765625,4724.10009765625,4724.89990234375,14
2026-05-12 05:41:00+00:00,4725.0,4725.0,4723.0,4724.7001953125,31
2026-05-12 05:42:00+00:00,4723.7998046875,4724.5,4722.7998046875,4724.5,29
2026-05-12 05:43:00+00:00,4723.7001953125,4724.60009765625,4723.2998046875,4723.7001953125,17
2026-05-12 05:44:00+00:00,4724.2998046875,4724.2998046875,4722.60009765625,4723.2998046875,23
2026-05-12 05:45:00+00:00,4722.60009765625,4725.0,4721.89990234375,4723.89990234375,50
2026-05-12 05:46:00+00:00,4722.89990234375,4723.7998046875,4722.10009765625,4722.7001953125,48
2026-05-12 05:47:00+00:00,4723.5,4723.89990234375,4722.39990234375,4723.5,17
2026-05-12 05:48:00+00:00,4723.5,4724.7998046875,4723.2001953125,4724.10009765625,22
2026-05-12 05:49:00+00:00,4722.5,4723.2998046875,4722.2998046875,4723.10009765625,20
2026-05-12 05:50:00+00:00,4722.5,4723.39990234375,4720.7998046875,4723.0,149
2026-05-12 05:51:00+00:00,4722.5,4722.7998046875,4721.0,4722.10009765625,68
2026-05-12 05:52:00+00:00,4723.0,4723.89990234375,4721.89990234375,4722.60009765625,41
2026-05-12 05:53:00+00:00,4723.89990234375,4723.89990234375,4721.7998046875,4723.5,18
2026-05-12 05:54:00+00:00,4722.60009765625,4724.2998046875,4721.2998046875,4724.10009765625,38
2026-05-12 05:55:00+00:00,4726.39990234375,4726.7998046875,4718.60009765625,4722.2998046875,316
2026-05-12 05:56:00+00:00,4726.39990234375,4727.2998046875,4725.7001953125,4726.5,90
2026-05-12 05:57:00+00:00,4728.60009765625,4728.7998046875,4726.2001953125,4726.5,71
2026-05-12 05:58:00+00:00,4724.5,4728.7998046875,4724.10009765625,4728.39990234375,45
2026-05-12 05:59:00+00:00,4723.2001953125,4724.89990234375,4721.7001953125,4724.89990234375,54
2026-05-12 06:00:00+00:00,4715.89990234375,4722.60009765625,4712.60009765625,4722.60009765625,740
2026-05-12 06:01:00+00:00,4716.7001953125,4719.2001953125,4715.7001953125,4716.89990234375,122
2026-05-12 06:02:00+00:00,4716.60009765625,4717.60009765625,4714.89990234375,4717.39990234375,104
2026-05-12 06:03:00+00:00,4714.39990234375,4716.7001953125,4713.2001953125,4716.10009765625,77
2026-05-12 06:04:00+00:00,4714.7998046875,4716.7001953125,4713.39990234375,4714.89990234375,92
2026-05-12 06:05:00+00:00,4715.89990234375,4717.60009765625,4714.10009765625,4715.39990234375,78
2026-05-12 06:06:00+00:00,4713.2998046875,4716.10009765625,4712.60009765625,4716.0,123
2026-05-12 06:07:00+00:00,4714.2001953125,4715.10009765625,4711.0,4712.7998046875,180
2026-05-12 06:08:00+00:00,4713.5,4715.0,4712.2998046875,4714.10009765625,91
2026-05-12 06:09:00+00:00,4713.2001953125,4714.89990234375,4712.7998046875,4713.39990234375,67
2026-05-12 06:10:00+00:00,4712.10009765625,4713.39990234375,4711.2001953125,4713.39990234375,75
2026-05-12 06:11:00+00:00,4713.2998046875,4713.2998046875,4711.5,4712.7001953125,168
2026-05-12 06:12:00+00:00,4713.2001953125,4714.7998046875,4712.7001953125,4713.0,140
2026-05-12 06:13:00+00:00,4712.5,4714.7001953125,4712.5,4712.89990234375,55
2026-05-12 06:14:00+00:00,4713.39990234375,4713.89990234375,4711.89990234375,4712.7998046875,83
2026-05-12 06:15:00+00:00,4712.39990234375,4715.2998046875,4712.39990234375,4713.60009765625,73
2026-05-12 06:16:00+00:00,4709.7001953125,4712.2998046875,4708.60009765625,4712.2998046875,210
2026-05-12 06:17:00+00:00,4714.2001953125,4714.2001953125,4709.10009765625,4709.39990234375,134
2026-05-12 06:18:00+00:00,4713.7001953125,4715.39990234375,4712.39990234375,4714.2001953125,80
2026-05-12 06:19:00+00:00,4713.0,4714.0,4712.10009765625,4714.0,43
2026-05-12 06:20:00+00:00,4711.89990234375,4713.39990234375,4711.60009765625,4713.0,72
2026-05-12 06:21:00+00:00,4712.7001953125,4713.2001953125,4711.5,4711.7998046875,39
2026-05-12 06:22:00+00:00,4707.7001953125,4713.2001953125,4707.5,4713.0,225
2026-05-12 06:23:00+00:00,4706.5,4708.39990234375,4705.39990234375,4707.7998046875,236
2026-05-12 06:24:00+00:00,4706.7998046875,4707.5,4705.89990234375,4706.10009765625,110
2026-05-12 06:25:00+00:00,4707.5,4707.5,4705.10009765625,4706.7001953125,94
2026-05-12 06:26:00+00:00,4704.10009765625,4707.39990234375,4703.39990234375,4707.39990234375,252
2026-05-12 06:27:00+00:00,4705.7001953125,4705.7998046875,4702.89990234375,4704.7001953125,162
2026-05-12 06:28:00+00:00,4704.89990234375,4705.7998046875,4704.39990234375,4705.2998046875,66
2026-05-12 06:29:00+00:00,4704.2998046875,4704.39990234375,4703.2998046875,4704.39990234375,62
2026-05-12 06:30:00+00:00,4706.2998046875,4706.2998046875,4703.5,4704.39990234375,202
2026-05-12 06:31:00+00:00,4706.7001953125,4706.89990234375,4704.60009765625,4706.2998046875,105
2026-05-12 06:32:00+00:00,4706.2998046875,4707.0,4705.5,4706.7001953125,34
2026-05-12 06:33:00+00:00,4709.10009765625,4709.7998046875,4706.39990234375,4706.39990234375,110
2026-05-12 06:34:00+00:00,4710.7001953125,4711.7998046875,4709.2998046875,4709.5,138
2026-05-12 06:35:00+00:00,4712.2998046875,4713.0,4710.10009765625,4710.7001953125,94
2026-05-12 06:36:00+00:00,4711.39990234375,4712.2998046875,4710.5,4712.2998046875,37
2026-05-12 06:37:00+00:00,4709.5,4712.39990234375,4709.10009765625,4711.5,75
2026-05-12 06:38:00+00:00,4708.60009765625,4709.39990234375,4707.2001953125,4709.39990234375,117
2026-05-12 06:39:00+00:00,4709.0,4709.60009765625,4707.2998046875,4708.5,61
2026-05-12 06:40:00+00:00,4709.2998046875,4710.2001953125,4707.7001953125,4708.5,37
2026-05-12 06:41:00+00:00,4709.10009765625,4709.39990234375,4707.7998046875,4709.0,52
2026-05-12 06:42:00+00:00,4707.5,4709.39990234375,4707.5,4709.0,39
2026-05-12 06:43:00+00:00,4710.10009765625,4710.5,4705.2998046875,4707.2998046875,179
2026-05-12 06:44:00+00:00,4710.10009765625,4710.60009765625,4709.60009765625,4710.39990234375,76
2026-05-12 06:45:00+00:00,4709.89990234375,4710.60009765625,4709.2001953125,4710.10009765625,72
2026-05-12 06:46:00+00:00,4712.0,4712.2001953125,4710.2001953125,4710.5,70
2026-05-12 06:47:00+00:00,4711.0,4712.2998046875,4710.0,4712.0,77
2026-05-12 06:48:00+00:00,4709.0,4711.39990234375,4709.0,4710.7001953125,102
2026-05-12 06:49:00+00:00,4704.89990234375,4710.0,4704.0,4708.7998046875,106
2026-05-12 06:50:00+00:00,4705.0,4707.2001953125,4703.10009765625,4705.2001953125,215
2026-05-12 06:51:00+00:00,4704.7001953125,4704.89990234375,4703.2001953125,4704.2998046875,48
2026-05-12 06:52:00+00:00,4706.0,4706.0,4703.7001953125,4704.7998046875,98
2026-05-12 06:53:00+00:00,4707.60009765625,4708.2001953125,4704.7998046875,4705.2998046875,71
2026-05-12 06:54:00+00:00,4706.7001953125,4707.89990234375,4705.5,4707.10009765625,25
2026-05-12 06:55:00+00:00,4703.7998046875,4706.7998046875,4701.60009765625,4706.60009765625,132
2026-05-12 06:56:00+00:00,4703.5,4704.2998046875,4703.39990234375,4703.7998046875,24
2026-05-12 06:57:00+00:00,4704.5,4704.5,4702.60009765625,4703.2001953125,57
2026-05-12 06:58:00+00:00,4707.2998046875,4707.5,4704.10009765625,4704.7001953125,63
2026-05-12 06:59:00+00:00,4705.39990234375,4706.7998046875,4704.2998046875,4706.7001953125,70
2026-05-12 07:00:00+00:00,4703.2998046875,4706.39990234375,4702.89990234375,4705.0,168
2026-05-12 07:01:00+00:00,4704.10009765625,4704.89990234375,4702.7998046875,4703.60009765625,103
2026-05-12 07:02:00+00:00,4702.39990234375,4703.7998046875,4700.0,4703.60009765625,123
2026-05-12 07:03:00+00:00,4700.2001953125,4704.0,4697.0,4702.39990234375,480
2026-05-12 07:04:00+00:00,4699.2001953125,4700.89990234375,4697.89990234375,4700.7998046875,177
2026-05-12 07:05:00+00:00,4699.5,4700.2001953125,4698.0,4698.89990234375,73
2026-05-12 07:06:00+00:00,4699.5,4701.0,4698.0,4699.2998046875,67
2026-05-12 07:07:00+00:00,4696.7998046875,4699.60009765625,4692.39990234375,4699.60009765625,309
2026-05-12 07:08:00+00:00,4701.7001953125,4701.7998046875,4697.2998046875,4697.2998046875,146
2026-05-12 07:09:00+00:00,4702.7001953125,4703.2001953125,4700.7001953125,4701.2001953125,100
2026-05-12 07:10:00+00:00,4700.60009765625,4702.89990234375,4699.89990234375,4702.89990234375,154
2026-05-12 07:11:00+00:00,4705.2998046875,4706.0,4700.7001953125,4700.7001953125,109
2026-05-12 07:12:00+00:00,4704.89990234375,4705.89990234375,4704.2001953125,4705.7001953125,53
2026-05-12 07:13:00+00:00,4703.0,4705.7998046875,4703.0,4704.10009765625,50
2026-05-12 07:14:00+00:00,4704.10009765625,4704.39990234375,4702.60009765625,4702.7998046875,70
2026-05-12 07:15:00+00:00,4705.7001953125,4705.7001953125,4702.2001953125,4703.2998046875,70
2026-05-12 07:16:00+00:00,4704.0,4705.7001953125,4704.0,4705.7001953125,47
2026-05-12 07:17:00+00:00,4704.2998046875,4704.7001953125,4703.0,4704.39990234375,25
2026-05-12 07:18:00+00:00,4704.7998046875,4706.60009765625,4704.2998046875,4704.2998046875,28
2026-05-12 07:19:00+00:00,4707.2001953125,4707.7001953125,4705.60009765625,4705.60009765625,46
2026-05-12 07:20:00+00:00,4705.7998046875,4707.60009765625,4705.0,4707.10009765625,49
2026-05-12 07:21:00+00:00,4706.39990234375,4707.7998046875,4704.89990234375,4705.2998046875,128
2026-05-12 07:22:00+00:00,4707.2001953125,4707.2001953125,4706.10009765625,4706.60009765625,36
2026-05-12 07:23:00+00:00,4707.10009765625,4707.5,4706.0,4706.89990234375,57
2026-05-12 07:24:00+00:00,4704.89990234375,4707.0,4704.5,4707.0,75
2026-05-12 07:25:00+00:00,4706.2001953125,4706.60009765625,4704.5,4705.2001953125,45
2026-05-12 07:26:00+00:00,4706.39990234375,4706.39990234375,4704.2998046875,4705.89990234375,82
2026-05-12 07:27:00+00:00,4706.5,4706.60009765625,4705.10009765625,4705.60009765625,48
2026-05-12 07:28:00+00:00,4706.0,4707.0,4704.7998046875,4705.7001953125,83
2026-05-12 07:29:00+00:00,4705.7998046875,4706.10009765625,4705.5,4705.89990234375,16
2026-05-12 07:30:00+00:00,4704.10009765625,4706.39990234375,4703.2998046875,4705.89990234375,41
2026-05-12 07:31:00+00:00,4704.7001953125,4704.7001953125,4703.7001953125,4704.0,20
2026-05-12 07:32:00+00:00,4704.7998046875,4705.2998046875,4704.0,4704.89990234375,23
2026-05-12 07:33:00+00:00,4706.2998046875,4706.2998046875,4704.2998046875,4704.2998046875,27
2026-05-12 07:34:00+00:00,4707.39990234375,4707.60009765625,4705.7001953125,4705.7001953125,48
2026-05-12 07:35:00+00:00,4707.2998046875,4707.39990234375,4706.7001953125,4707.39990234375,21
2026-05-12 07:36:00+00:00,4706.0,4707.2001953125,4705.10009765625,4707.2001953125,33
2026-05-12 07:37:00+00:00,4708.39990234375,4708.5,4705.7998046875,4705.7998046875,34
2026-05-12 07:38:00+00:00,4706.0,4708.2998046875,4706.0,4708.10009765625,44
2026-05-12 07:39:00+00:00,4708.10009765625,4708.2998046875,4704.7001953125,4706.2998046875,118
2026-05-12 07:40:00+00:00,4707.2001953125,4708.10009765625,4707.10009765625,4708.10009765625,37
2026-05-12 07:41:00+00:00,4709.2001953125,4709.39990234375,4707.2998046875,4707.2998046875,30
2026-05-12 07:42:00+00:00,4709.10009765625,4710.39990234375,4708.89990234375,4709.0,99
2026-05-12 07:43:00+00:00,4708.60009765625,4710.10009765625,4708.39990234375,4708.7998046875,71
2026-05-12 07:44:00+00:00,4708.10009765625,4709.7001953125,4707.7998046875,4708.89990234375,107
2026-05-12 07:45:00+00:00,4707.7001953125,4708.5,4706.2998046875,4708.0,38
2026-05-12 07:46:00+00:00,4707.10009765625,4707.7001953125,4706.2998046875,4707.2001953125,49
2026-05-12 07:47:00+00:00,4707.7001953125,4707.89990234375,4707.10009765625,4707.5,15
2026-05-12 07:48:00+00:00,4707.10009765625,4707.10009765625,4705.7001953125,4706.89990234375,210
2026-05-12 07:49:00+00:00,4707.7998046875,4707.7998046875,4706.10009765625,4706.2001953125,14
2026-05-12 07:50:00+00:00,4708.5,4708.5,4706.2998046875,4707.2998046875,46
2026-05-12 07:51:00+00:00,4708.39990234375,4710.2998046875,4708.10009765625,4708.10009765625,303
2026-05-12 07:52:00+00:00,4708.39990234375,4709.7001953125,4708.0,4708.2998046875,55
2026-05-12 07:53:00+00:00,4707.60009765625,4709.10009765625,4707.60009765625,4708.39990234375,62
2026-05-12 07:54:00+00:00,4709.89990234375,4710.89990234375,4706.7001953125,4707.7998046875,124
2026-05-12 07:55:00+00:00,4710.5,4710.7998046875,4709.2998046875,4709.7998046875,41
2026-05-12 07:56:00+00:00,4710.89990234375,4711.0,4709.7001953125,4710.5,87
2026-05-12 07:57:00+00:00,4710.39990234375,4711.7001953125,4710.39990234375,4710.89990234375,59
2026-05-12 07:58:00+00:00,4708.0,4711.0,4708.0,4710.10009765625,69
2026-05-12 07:59:00+00:00,4707.7998046875,4707.89990234375,4706.60009765625,4707.7001953125,101
2026-05-12 08:00:00+00:00,4710.7001953125,4711.2998046875,4707.5,4707.5,82
2026-05-12 08:01:00+00:00,4713.2001953125,4713.39990234375,4710.2998046875,4710.89990234375,193
2026-05-12 08:02:00+00:00,4714.39990234375,4714.7998046875,4712.39990234375,4713.2001953125,85
2026-05-12 08:03:00+00:00,4713.10009765625,4714.60009765625,4712.0,4714.0,107
2026-05-12 08:04:00+00:00,4712.5,4714.0,4712.39990234375,4712.89990234375,60
2026-05-12 08:05:00+00:00,4713.0,4713.7998046875,4712.7001953125,4712.7001953125,115
2026-05-12 08:06:00+00:00,4712.2001953125,4713.10009765625,4711.7001953125,4712.7998046875,52
2026-05-12 08:07:00+00:00,4709.7998046875,4712.5,4709.60009765625,4712.5,54
2026-05-12 08:08:00+00:00,4710.10009765625,4710.7998046875,4709.7001953125,4709.7001953125,13
2026-05-12 08:09:00+00:00,4711.2001953125,4712.0,4710.5,4710.7998046875,28
2026-05-12 08:10:00+00:00,4708.2001953125,4711.60009765625,4708.10009765625,4711.0,49
2026-05-12 08:11:00+00:00,4707.39990234375,4709.2001953125,4707.10009765625,4708.10009765625,68
2026-05-12 08:12:00+00:00,4708.7001953125,4708.7001953125,4707.60009765625,4707.7001953125,24
2026-05-12 08:13:00+00:00,4708.7001953125,4709.60009765625,4708.2998046875,4709.10009765625,29
2026-05-12 08:14:00+00:00,4708.10009765625,4709.5,4707.2001953125,4709.10009765625,64
2026-05-12 08:15:00+00:00,4706.7001953125,4707.60009765625,4704.60009765625,4707.60009765625,78
2026-05-12 08:16:00+00:00,4706.39990234375,4706.60009765625,4705.2001953125,4706.5,71
2026-05-12 08:17:00+00:00,4705.60009765625,4706.7998046875,4705.2998046875,4706.7998046875,65
2026-05-12 08:18:00+00:00,4708.10009765625,4708.60009765625,4705.89990234375,4705.89990234375,45
2026-05-12 08:19:00+00:00,4707.2001953125,4708.2998046875,4706.7001953125,4708.2998046875,22
2026-05-12 08:20:00+00:00,4709.60009765625,4709.60009765625,4707.39990234375,4707.39990234375,38
2026-05-12 08:21:00+00:00,4711.7998046875,4711.7998046875,4709.0,4709.0,63
2026-05-12 08:22:00+00:00,4710.89990234375,4711.5,4710.2001953125,4710.89990234375,24
2026-05-12 08:23:00+00:00,4711.39990234375,4711.39990234375,4710.7998046875,4711.0,21
2026-05-12 08:24:00+00:00,4709.7001953125,4712.0,4709.7001953125,4711.2998046875,90
2026-05-12 08:25:00+00:00,4710.89990234375,4710.89990234375,4709.39990234375,4709.39990234375,19
2026-05-12 08:26:00+00:00,4712.0,4712.2998046875,4710.7001953125,4711.0,35
2026-05-12 08:27:00+00:00,4712.0,4712.0,4710.7998046875,4712.0,18
2026-05-12 08:28:00+00:00,4710.7001953125,4711.7998046875,4710.60009765625,4711.7998046875,12
2026-05-12 08:29:00+00:00,4710.7001953125,4710.7998046875,4709.89990234375,4710.0,19
2026-05-12 08:30:00+00:00,4711.89990234375,4712.7001953125,4710.7001953125,4710.7001953125,35
2026-05-12 08:31:00+00:00,4710.2001953125,4711.89990234375,4710.2001953125,4711.89990234375,22
2026-05-12 08:32:00+00:00,4709.7001953125,4710.60009765625,4709.5,4710.60009765625,32
2026-05-12 08:33:00+00:00,4710.2998046875,4710.89990234375,4709.0,4709.89990234375,29
2026-05-12 08:34:00+00:00,4709.0,4710.60009765625,4708.7998046875,4710.60009765625,22
2026-05-12 08:35:00+00:00,4708.2001953125,4709.5,4708.10009765625,4709.2001953125,46
2026-05-12 08:36:00+00:00,4706.39990234375,4708.5,4706.10009765625,4708.5,43
2026-05-12 08:37:00+00:00,4706.7001953125,4706.89990234375,4705.7001953125,4706.10009765625,47
2026-05-12 08:38:00+00:00,4707.89990234375,4708.2001953125,4707.0,4707.0,12
2026-05-12 08:39:00+00:00,4708.2001953125,4708.7998046875,4706.7998046875,4707.2001953125,35
2026-05-12 08:40:00+00:00,4707.60009765625,4708.89990234375,4707.60009765625,4708.60009765625,23
2026-05-12 08:41:00+00:00,4707.39990234375,4707.7001953125,4706.2998046875,4707.39990234375,26
2026-05-12 08:42:00+00:00,4706.89990234375,4707.7998046875,4706.39990234375,4707.5,60
2026-05-12 08:43:00+00:00,4707.7001953125,4708.2998046875,4706.7998046875,4707.39990234375,24
2026-05-12 08:44:00+00:00,4708.10009765625,4708.10009765625,4707.60009765625,4707.60009765625,28
2026-05-12 08:45:00+00:00,4713.7001953125,4714.5,4707.0,4707.60009765625,130
2026-05-12 08:46:00+00:00,4712.5,4713.7001953125,4711.2001953125,4713.5,31
2026-05-12 08:47:00+00:00,4711.60009765625,4712.60009765625,4711.2001953125,4712.5,37
2026-05-12 08:48:00+00:00,4710.89990234375,4712.2001953125,4710.89990234375,4711.39990234375,16
2026-05-12 08:49:00+00:00,4711.89990234375,4711.89990234375,4709.7998046875,4710.89990234375,26
2026-05-12 08:50:00+00:00,4711.2001953125,4712.2001953125,4710.7998046875,4712.0,12
2026-05-12 08:51:00+00:00,4712.0,4713.60009765625,4711.2998046875,4711.2998046875,81
2026-05-12 08:52:00+00:00,4712.0,4712.89990234375,4710.7998046875,4711.60009765625,87
2026-05-12 08:53:00+00:00,4711.0,4712.2001953125,4710.39990234375,4711.7001953125,32
2026-05-12 08:54:00+00:00,4711.7998046875,4711.7998046875,4710.39990234375,4710.7998046875,16
2026-05-12 08:55:00+00:00,4711.7001953125,4711.7001953125,4710.5,4710.89990234375,15
2026-05-12 08:56:00+00:00,4710.2001953125,4711.10009765625,4710.2001953125,4710.7001953125,17
2026-05-12 08:57:00+00:00,4711.2001953125,4711.2001953125,4710.10009765625,4710.10009765625,9
2026-05-12 08:58:00+00:00,4712.39990234375,4712.39990234375,4710.7001953125,4711.0,10
2026-05-12 08:59:00+00:00,4710.89990234375,4712.0,4710.89990234375,4711.7001953125,11
2026-05-12 09:00:00+00:00,4710.0,4711.39990234375,4710.0,4710.7001953125,22
2026-05-12 09:01:00+00:00,4708.39990234375,4710.2998046875,4707.7998046875,4709.89990234375,61
2026-05-12 09:02:00+00:00,4709.10009765625,4709.7001953125,4707.2998046875,4707.89990234375,53
2026-05-12 09:03:00+00:00,4710.10009765625,4710.2001953125,4709.0,4710.0,50
2026-05-12 09:04:00+00:00,4709.60009765625,4710.0,4709.5,4709.7998046875,14
2026-05-12 09:05:00+00:00,4707.7001953125,4709.2001953125,4706.7001953125,4709.0,57
2026-05-12 09:06:00+00:00,4707.60009765625,4708.39990234375,4707.2998046875,4707.7998046875,35
2026-05-12 09:07:00+00:00,4707.2998046875,4708.10009765625,4706.7001953125,4707.2001953125,32
2026-05-12 09:08:00+00:00,4707.10009765625,4707.7998046875,4706.60009765625,4707.39990234375,39
2026-05-12 09:09:00+00:00,4707.10009765625,4708.0,4706.7998046875,4706.89990234375,55
2026-05-12 09:10:00+00:00,4708.7998046875,4708.7998046875,4707.2998046875,4707.2998046875,21
2026-05-12 09:11:00+00:00,4709.0,4709.7001953125,4708.60009765625,4708.7001953125,58
2026-05-12 09:12:00+00:00,4706.39990234375,4708.5,4706.39990234375,4708.39990234375,41
2026-05-12 09:13:00+00:00,4706.7001953125,4706.7998046875,4706.0,4706.2001953125,25
2026-05-12 09:14:00+00:00,4706.0,4707.2998046875,4706.0,4707.2998046875,33
2026-05-12 09:15:00+00:00,4706.60009765625,4706.60009765625,4705.7998046875,4706.10009765625,35
2026-05-12 09:16:00+00:00,4706.2998046875,4707.2001953125,4706.2001953125,4706.39990234375,29
2026-05-12 09:17:00+00:00,4707.10009765625,4707.39990234375,4705.89990234375,4706.10009765625,43
2026-05-12 09:18:00+00:00,4708.2998046875,4708.7001953125,4707.2001953125,4707.5,29
2026-05-12 09:19:00+00:00,4706.7001953125,4707.89990234375,4706.2998046875,4707.89990234375,64
2026-05-12 09:20:00+00:00,4707.2001953125,4707.2998046875,4706.2998046875,4706.2998046875,24
2026-05-12 09:21:00+00:00,4706.7998046875,4707.5,4705.7998046875,4706.2998046875,57
2026-05-12 09:22:00+00:00,4707.39990234375,4707.5,4706.2001953125,4706.60009765625,36
2026-05-12 09:23:00+00:00,4708.7001953125,4708.7001953125,4707.2001953125,4707.2998046875,36
2026-05-12 09:24:00+00:00,4709.5,4710.0,4708.7998046875,4708.89990234375,38
2026-05-12 09:25:00+00:00,4707.89990234375,4709.89990234375,4707.89990234375,4709.7001953125,16
2026-05-12 09:26:00+00:00,4706.7001953125,4708.7998046875,4706.60009765625,4707.7998046875,73
2026-05-12 09:27:00+00:00,4706.89990234375,4707.7001953125,4706.10009765625,4707.10009765625,43
2026-05-12 09:28:00+00:00,4707.2001953125,4707.5,4706.39990234375,4707.0,79
2026-05-12 09:29:00+00:00,4707.2998046875,4707.60009765625,4705.10009765625,4707.2998046875,104
2026-05-12 09:30:00+00:00,4711.2001953125,4713.0,4707.10009765625,4707.2001953125,452
2026-05-12 09:31:00+00:00,4710.39990234375,4712.10009765625,4709.60009765625,4711.2001953125,223
2026-05-12 09:32:00+00:00,4711.10009765625,4711.2001953125,4710.5,4710.60009765625,129
2026-05-12 09:33:00+00:00,4712.10009765625,4712.7001953125,4710.0,4711.2001953125,170
2026-05-12 09:34:00+00:00,4710.2998046875,4713.2998046875,4709.7001953125,4712.2998046875,107
2026-05-12 09:35:00+00:00,4708.60009765625,4710.7001953125,4708.60009765625,4710.2998046875,59
2026-05-12 09:36:00+00:00,4706.10009765625,4708.7998046875,4706.10009765625,4708.60009765625,91
2026-05-12 09:37:00+00:00,4707.39990234375,4708.10009765625,4706.60009765625,4706.60009765625,19
2026-05-12 09:38:00+00:00,4708.10009765625,4708.10009765625,4707.39990234375,4707.5,16
2026-05-12 09:39:00+00:00,4710.2001953125,4710.7998046875,4707.0,4707.7998046875,88
2026-05-12 09:40:00+00:00,4709.2998046875,4710.60009765625,4708.7998046875,4709.7998046875,81
2026-05-12 09:41:00+00:00,4708.10009765625,4709.5,4708.10009765625,4709.2998046875,30
2026-05-12 09:42:00+00:00,4709.39990234375,4709.7001953125,4707.89990234375,4708.0,25
2026-05-12 09:43:00+00:00,4706.0,4709.2001953125,4705.5,4709.2001953125,129
2026-05-12 09:44:00+00:00,4703.39990234375,4706.60009765625,4702.2001953125,4706.0,207
2026-05-12 09:45:00+00:00,4703.2998046875,4704.2998046875,4702.39990234375,4704.2998046875,67
2026-05-12 09:46:00+00:00,4704.10009765625,4704.2001953125,4702.89990234375,4703.0,28
2026-05-12 09:47:00+00:00,4706.7998046875,4707.10009765625,4704.10009765625,4704.5,112
2026-05-12 09:48:00+00:00,4708.10009765625,4708.39990234375,4706.7998046875,4707.0,33
2026-05-12 09:49:00+00:00,4709.2998046875,4709.5,4707.7001953125,4708.0,52
2026-05-12 09:50:00+00:00,4709.5,4709.5,4708.7001953125,4709.2998046875,15
2026-05-12 09:51:00+00:00,4707.89990234375,4709.7998046875,4707.7001953125,4709.7998046875,30
2026-05-12 09:52:00+00:00,4707.60009765625,4708.2998046875,4707.5,4708.2998046875,21
2026-05-12 09:53:00+00:00,4706.7001953125,4707.39990234375,4706.7001953125,4707.2001953125,28
2026-05-12 09:54:00+00:00,4705.2001953125,4706.60009765625,4704.7001953125,4706.39990234375,83
2026-05-12 09:55:00+00:00,4705.5,4705.7001953125,4704.7998046875,4705.2998046875,22
2026-05-12 09:56:00+00:00,4706.7001953125,4707.5,4705.7998046875,4706.0,23
2026-05-12 09:57:00+00:00,4707.10009765625,4707.10009765625,4706.2001953125,4706.7998046875,15
2026-05-12 09:58:00+00:00,4707.89990234375,4708.0,4707.0,4707.0,28
2026-05-12 09:59:00+00:00,4707.60009765625,4708.10009765625,4707.60009765625,4708.0,5
2026-05-12 10:00:00+00:00,4709.7001953125,4709.89990234375,4706.89990234375,4708.0,67
2026-05-12 10:01:00+00:00,4711.60009765625,4712.2998046875,4709.89990234375,4709.89990234375,104
2026-05-12 10:02:00+00:00,4711.5,4712.39990234375,4711.2998046875,4711.5,55
2026-05-12 10:03:00+00:00,4710.2001953125,4712.0,4709.7998046875,4711.39990234375,90
2026-05-12 10:04:00+00:00,4712.10009765625,4712.10009765625,4710.60009765625,4710.60009765625,71
2026-05-12 10:05:00+00:00,4712.7001953125,4713.0,4711.7998046875,4712.10009765625,46
2026-05-12 10:06:00+00:00,4711.10009765625,4713.0,4711.0,4712.60009765625,33
2026-05-12 10:07:00+00:00,4715.7001953125,4716.2998046875,4711.0,4711.0,181
2026-05-12 10:08:00+00:00,4716.2001953125,4716.2998046875,4715.0,4715.2998046875,65
2026-05-12 10:09:00+00:00,4716.0,4716.5,4714.10009765625,4716.10009765625,65
2026-05-12 10:10:00+00:00,4716.10009765625,4716.7001953125,4715.5,4716.0,59
2026-05-12 10:11:00+00:00,4715.89990234375,4716.7001953125,4715.2001953125,4716.60009765625,32
2026-05-12 10:12:00+00:00,4715.39990234375,4715.7001953125,4714.39990234375,4715.5,57
2026-05-12 10:13:00+00:00,4713.5,4714.89990234375,4712.60009765625,4714.89990234375,56
2026-05-12 10:14:00+00:00,4713.10009765625,4714.2001953125,4712.7001953125,4713.39990234375,68
2026-05-12 10:15:00+00:00,4710.7001953125,4713.5,4710.7001953125,4713.5,128
2026-05-12 10:16:00+00:00,4708.2001953125,4711.10009765625,4707.89990234375,4710.60009765625,91
2026-05-12 10:17:00+00:00,4709.10009765625,4709.7001953125,4707.60009765625,4708.39990234375,98
2026-05-12 10:18:00+00:00,4710.2001953125,4710.2998046875,4709.2998046875,4709.60009765625,22
2026-05-12 10:19:00+00:00,4709.0,4710.7998046875,4709.0,4709.7001953125,25
2026-05-12 10:20:00+00:00,4709.60009765625,4709.60009765625,4707.60009765625,4709.60009765625,64
2026-05-12 10:21:00+00:00,4711.2998046875,4711.39990234375,4709.2998046875,4709.7998046875,112
2026-05-12 10:22:00+00:00,4709.7998046875,4711.60009765625,4708.2998046875,4710.89990234375,165
2026-05-12 10:23:00+00:00,4709.7998046875,4710.0,4708.89990234375,4709.89990234375,25
2026-05-12 10:24:00+00:00,4709.89990234375,4710.60009765625,4709.5,4710.2998046875,57
2026-05-12 10:25:00+00:00,4711.0,4711.10009765625,4709.39990234375,4709.7001953125,14
2026-05-12 10:26:00+00:00,4708.7998046875,4710.89990234375,4707.2001953125,4710.89990234375,159
2026-05-12 10:27:00+00:00,4708.60009765625,4709.10009765625,4707.7998046875,4708.7001953125,61
2026-05-12 10:28:00+00:00,4709.39990234375,4709.7998046875,4708.7998046875,4708.7998046875,26
2026-05-12 10:29:00+00:00,4708.2001953125,4709.7998046875,4707.2001953125,4709.7998046875,40
2026-05-12 10:30:00+00:00,4704.0,4708.2001953125,4703.2998046875,4708.2001953125,296
2026-05-12 10:31:00+00:00,4704.7998046875,4705.10009765625,4703.0,4703.89990234375,135
2026-05-12 10:32:00+00:00,4700.60009765625,4705.0,4700.5,4705.0,154
2026-05-12 10:33:00+00:00,4701.60009765625,4702.7998046875,4700.5,4700.5,65
2026-05-12 10:34:00+00:00,4703.89990234375,4704.39990234375,4700.7998046875,4701.7001953125,130
2026-05-12 10:35:00+00:00,4702.60009765625,4704.10009765625,4702.2001953125,4703.7998046875,65
2026-05-12 10:36:00+00:00,4702.0,4702.60009765625,4699.7001953125,4701.89990234375,190
2026-05-12 10:37:00+00:00,4701.10009765625,4702.60009765625,4700.60009765625,4702.39990234375,89
2026-05-12 10:38:00+00:00,4701.10009765625,4702.39990234375,4700.89990234375,4701.0,30
2026-05-12 10:39:00+00:00,4694.7001953125,4701.7001953125,4692.7998046875,4700.7998046875,316
2026-05-12 10:40:00+00:00,4695.2998046875,4695.7001953125,4693.2001953125,4694.5,130
2026-05-12 10:41:00+00:00,4700.39990234375,4700.7001953125,4695.0,4695.2998046875,152
2026-05-12 10:42:00+00:00,4698.10009765625,4700.39990234375,4697.5,4699.7001953125,79
2026-05-12 10:43:00+00:00,4699.39990234375,4699.39990234375,4696.2998046875,4697.39990234375,47
2026-05-12 10:44:00+00:00,4698.60009765625,4700.10009765625,4698.60009765625,4699.7001953125,44
2026-05-12 10:45:00+00:00,4699.0,4700.2001953125,4697.7998046875,4698.5,65
2026-05-12 10:46:00+00:00,4699.60009765625,4700.10009765625,4698.7998046875,4698.89990234375,43
2026-05-12 10:47:00+00:00,4698.39990234375,4699.7001953125,4697.39990234375,4699.39990234375,60
2026-05-12 10:48:00+00:00,4698.39990234375,4699.5,4697.10009765625,4698.10009765625,71
2026-05-12 10:49:00+00:00,4699.2001953125,4699.39990234375,4698.10009765625,4698.7001953125,44
2026-05-12 10:50:00+00:00,4700.2998046875,4701.2001953125,4698.2001953125,4698.7998046875,70
2026-05-12 10:51:00+00:00,4700.2001953125,4700.2001953125,4698.39990234375,4699.7001953125,24
2026-05-12 10:52:00+00:00,4700.7001953125,4700.7001953125,4699.5,4699.89990234375,21
2026-05-12 10:53:00+00:00,4701.39990234375,4702.10009765625,4700.60009765625,4700.60009765625,48
2026-05-12 10:54:00+00:00,4700.5,4701.60009765625,4699.7001953125,4701.60009765625,34
2026-05-12 10:55:00+00:00,4699.7001953125,4701.10009765625,4699.10009765625,4700.89990234375,41
2026-05-12 10:56:00+00:00,4700.60009765625,4700.60009765625,4699.2001953125,4699.39990234375,39
2026-05-12 10:57:00+00:00,4700.39990234375,4701.2998046875,4699.7998046875,4700.5,26
2026-05-12 10:58:00+00:00,4700.10009765625,4700.7998046875,4699.7998046875,4700.0,26
2026-05-12 10:59:00+00:00,4701.89990234375,4702.0,4700.7001953125,4700.7001953125,28
2026-05-12 11:00:00+00:00,4700.7001953125,4703.0,4700.7001953125,4702.39990234375,53
2026-05-12 11:01:00+00:00,4698.60009765625,4701.10009765625,4696.10009765625,4700.60009765625,161
2026-05-12 11:02:00+00:00,4698.39990234375,4699.2998046875,4697.0,4698.89990234375,82
2026-05-12 11:03:00+00:00,4698.10009765625,4699.7998046875,4697.39990234375,4697.60009765625,60
2026-05-12 11:04:00+00:00,4698.89990234375,4698.89990234375,4697.7998046875,4698.5,58
2026-05-12 11:05:00+00:00,4696.10009765625,4698.5,4694.7001953125,4698.2001953125,229
2026-05-12 11:06:00+00:00,4697.7998046875,4698.7001953125,4695.2998046875,4695.89990234375,61
2026-05-12 11:07:00+00:00,4697.5,4700.7998046875,4697.5,4698.0,58
2026-05-12 11:08:00+00:00,4698.2998046875,4698.2998046875,4696.39990234375,4697.2001953125,41
2026-05-12 11:09:00+00:00,4699.39990234375,4699.39990234375,4697.7001953125,4697.89990234375,52
2026-05-12 11:10:00+00:00,4701.39990234375,4705.89990234375,4699.5,4699.5,422
2026-05-12 11:11:00+00:00,4702.2001953125,4702.7998046875,4701.2998046875,4702.0,52
2026-05-12 11:12:00+00:00,4700.60009765625,4703.89990234375,4700.60009765625,4702.2001953125,87
2026-05-12 11:13:00+00:00,4697.60009765625,4701.39990234375,4697.10009765625,4700.2998046875,70
2026-05-12 11:14:00+00:00,4699.2998046875,4700.10009765625,4697.5,4697.5,45
2026-05-12 11:15:00+00:00,4702.60009765625,4702.89990234375,4699.60009765625,4699.60009765625,43
2026-05-12 11:16:00+00:00,4702.39990234375,4704.39990234375,4701.89990234375,4702.60009765625,46
2026-05-12 11:17:00+00:00,4704.10009765625,4704.2998046875,4702.2998046875,4702.60009765625,80
2026-05-12 11:18:00+00:00,4704.5,4704.5,4702.2998046875,4703.39990234375,32
2026-05-12 11:19:00+00:00,4706.0,4706.0,4704.2998046875,4704.39990234375,40
2026-05-12 11:20:00+00:00,4703.60009765625,4705.7001953125,4703.10009765625,4705.39990234375,35
2026-05-12 11:21:00+00:00,4704.0,4705.2001953125,4703.7001953125,4704.0,21
2026-05-12 11:22:00+00:00,4703.7998046875,4704.39990234375,4703.10009765625,4704.2001953125,18
2026-05-12 11:23:00+00:00,4702.5,4703.39990234375,4702.5,4703.2001953125,11
2026-05-12 11:24:00+00:00,4701.2998046875,4702.39990234375,4700.7998046875,4702.39990234375,48
2026-05-12 11:25:00+00:00,4702.39990234375,4702.7001953125,4701.89990234375,4701.89990234375,21
2026-05-12 11:26:00+00:00,4701.0,4702.2998046875,4700.7001953125,4702.2998046875,55
2026-05-12 11:27:00+00:00,4703.89990234375,4703.89990234375,4701.2998046875,4701.2998046875,84
2026-05-12 11:28:00+00:00,4706.7998046875,4707.39990234375,4704.10009765625,4704.10009765625,53
2026-05-12 11:29:00+00:00,4707.7998046875,4708.10009765625,4706.2001953125,4707.10009765625,70
2026-05-12 11:30:00+00:00,4708.7998046875,4710.2001953125,4707.60009765625,4708.0,69
2026-05-12 11:31:00+00:00,4707.2001953125,4708.7998046875,4707.2001953125,4708.7998046875,51
2026-05-12 11:32:00+00:00,4707.2001953125,4708.89990234375,4706.89990234375,4708.10009765625,29
2026-05-12 11:33:00+00:00,4706.7998046875,4707.5,4706.2998046875,4706.7998046875,53
2026-05-12 11:34:00+00:00,4706.5,4707.0,4705.7998046875,4707.0,33
2026-05-12 11:35:00+00:00,4710.2998046875,4710.39990234375,4706.2001953125,4706.2001953125,108
2026-05-12 11:36:00+00:00,4709.0,4710.39990234375,4708.60009765625,4710.2001953125,36
2026-05-12 11:37:00+00:00,4708.60009765625,4710.10009765625,4708.5,4709.2998046875,27
2026-05-12 11:38:00+00:00,4709.7001953125,4709.7001953125,4708.0,4708.0,17
2026-05-12 11:39:00+00:00,4712.0,4712.39990234375,4710.60009765625,4710.60009765625,63
2026-05-12 11:40:00+00:00,4710.2998046875,4712.60009765625,4710.2001953125,4712.2001953125,65
2026-05-12 11:41:00+00:00,4711.7998046875,4712.2998046875,4710.5,4710.7001953125,56
2026-05-12 11:42:00+00:00,4712.10009765625,4712.39990234375,4711.2001953125,4712.2001953125,21
2026-05-12 11:43:00+00:00,4713.0,4713.0,4711.0,4712.2998046875,142
2026-05-12 11:44:00+00:00,4711.89990234375,4714.0,4711.89990234375,4713.0,57
2026-05-12 11:45:00+00:00,4714.10009765625,4714.39990234375,4711.89990234375,4712.2998046875,37
2026-05-12 11:46:00+00:00,4712.7001953125,4715.10009765625,4712.7001953125,4714.2998046875,60
2026-05-12 11:47:00+00:00,4711.10009765625,4712.60009765625,4710.2001953125,4712.60009765625,102
2026-05-12 11:48:00+00:00,4712.39990234375,4712.39990234375,4711.0,4711.0,26
2026-05-12 11:49:00+00:00,4713.5,4714.0,4712.7001953125,4712.7001953125,51
2026-05-12 11:50:00+00:00,4714.2998046875,4714.5,4712.89990234375,4713.5,88
2026-05-12 11:51:00+00:00,4714.2998046875,4715.7001953125,4714.2998046875,4714.60009765625,59
2026-05-12 11:52:00+00:00,4713.39990234375,4714.89990234375,4712.89990234375,4714.7998046875,42
2026-05-12 11:53:00+00:00,4713.39990234375,4714.10009765625,4712.2001953125,4713.7998046875,81
2026-05-12 11:54:00+00:00,4715.2998046875,4715.7998046875,4713.89990234375,4713.89990234375,47
2026-05-12 11:55:00+00:00,4715.2001953125,4715.2998046875,4714.2998046875,4714.7001953125,42
2026-05-12 11:56:00+00:00,4715.89990234375,4716.89990234375,4715.2001953125,4715.60009765625,65
2026-05-12 11:57:00+00:00,4716.0,4717.2001953125,4715.2998046875,4716.0,81
2026-05-12 11:58:00+00:00,4715.0,4716.60009765625,4714.89990234375,4716.5,54
2026-05-12 11:59:00+00:00,4714.60009765625,4715.89990234375,4714.39990234375,4715.5,63
2026-05-12 12:00:00+00:00,4715.2001953125,4715.89990234375,4714.2001953125,4714.5,71
2026-05-12 12:01:00+00:00,4714.0,4715.39990234375,4713.10009765625,4715.2001953125,57
2026-05-12 12:02:00+00:00,4713.10009765625,4714.2001953125,4713.10009765625,4713.89990234375,80
2026-05-12 12:03:00+00:00,4713.0,4714.0,4712.39990234375,4713.0,38
2026-05-12 12:04:00+00:00,4712.2998046875,4713.7001953125,4711.7001953125,4713.7001953125,42
2026-05-12 12:05:00+00:00,4711.7001953125,4712.7001953125,4710.7998046875,4712.7001953125,66
2026-05-12 12:06:00+00:00,4709.0,4712.2001953125,4707.0,4712.2001953125,140
2026-05-12 12:07:00+00:00,4708.7998046875,4709.5,4707.7998046875,4708.7001953125,85
2026-05-12 12:08:00+00:00,4707.10009765625,4708.10009765625,4706.2998046875,4708.0,44
2026-05-12 12:09:00+00:00,4708.7998046875,4708.7998046875,4706.89990234375,4706.89990234375,124
2026-05-12 12:10:00+00:00,4709.89990234375,4710.0,4707.7001953125,4708.39990234375,111
2026-05-12 12:11:00+00:00,4710.5,4711.0,4708.7001953125,4710.0,51
2026-05-12 12:12:00+00:00,4711.0,4712.2001953125,4710.7001953125,4711.2001953125,53
2026-05-12 12:13:00+00:00,4713.2998046875,4713.7998046875,4711.10009765625,4711.10009765625,90
2026-05-12 12:14:00+00:00,4714.10009765625,4714.5,4712.60009765625,4713.0,55
2026-05-12 12:15:00+00:00,4714.89990234375,4716.0,4712.39990234375,4714.0,87
2026-05-12 12:16:00+00:00,4714.5,4716.0,4713.2998046875,4715.2001953125,94
2026-05-12 12:17:00+00:00,4711.0,4714.60009765625,4711.0,4714.60009765625,153
2026-05-12 12:18:00+00:00,4711.7001953125,4713.2998046875,4710.60009765625,4710.60009765625,116
2026-05-12 12:19:00+00:00,4712.60009765625,4713.7001953125,4711.7998046875,4712.39990234375,59
2026-05-12 12:20:00+00:00,4714.2998046875,4716.2001953125,4712.39990234375,4712.39990234375,174
2026-05-12 12:21:00+00:00,4712.7001953125,4714.5,4711.60009765625,4713.7001953125,157
2026-05-12 12:22:00+00:00,4709.7998046875,4713.2001953125,4709.7998046875,4713.0,250
2026-05-12 12:23:00+00:00,4708.89990234375,4710.2001953125,4708.2001953125,4709.7998046875,108
2026-05-12 12:24:00+00:00,4704.7998046875,4709.0,4704.7998046875,4708.60009765625,179
2026-05-12 12:25:00+00:00,4704.60009765625,4705.0,4702.7001953125,4704.60009765625,361
2026-05-12 12:26:00+00:00,4705.7998046875,4706.60009765625,4703.5,4704.0,245
2026-05-12 12:27:00+00:00,4704.10009765625,4705.7998046875,4703.89990234375,4704.89990234375,86
2026-05-12 12:28:00+00:00,4703.7998046875,4704.7998046875,4703.39990234375,4704.2001953125,207
2026-05-12 12:29:00+00:00,4704.7001953125,4704.7998046875,4703.7001953125,4704.2001953125,101
2026-05-12 12:30:00+00:00,4701.10009765625,4708.2998046875,4698.7001953125,4704.7998046875,493
2026-05-12 12:31:00+00:00,4698.2998046875,4702.89990234375,4697.39990234375,4701.60009765625,343
2026-05-12 12:32:00+00:00,4700.5,4702.7001953125,4697.60009765625,4698.5,313
2026-05-12 12:33:00+00:00,4703.7998046875,4704.2998046875,4700.2001953125,4700.60009765625,204
2026-05-12 12:34:00+00:00,4700.5,4705.10009765625,4700.5,4703.60009765625,198
2026-05-12 12:35:00+00:00,4702.10009765625,4702.39990234375,4698.7998046875,4700.7001953125,228
2026-05-12 12:36:00+00:00,4704.2001953125,4705.0,4700.7001953125,4702.10009765625,213
2026-05-12 12:37:00+00:00,4705.2001953125,4708.89990234375,4704.10009765625,4704.10009765625,321
2026-05-12 12:38:00+00:00,4708.0,4708.39990234375,4704.89990234375,4704.89990234375,121
2026-05-12 12:39:00+00:00,4709.89990234375,4710.39990234375,4708.0,4708.0,107
2026-05-12 12:40:00+00:00,4711.0,4712.7001953125,4709.0,4709.0,210
2026-05-12 12:41:00+00:00,4710.7001953125,4712.5,4710.2998046875,4710.7998046875,48
2026-05-12 12:42:00+00:00,4713.39990234375,4714.39990234375,4711.2001953125,4711.2001953125,97
2026-05-12 12:43:00+00:00,4716.2998046875,4716.60009765625,4712.60009765625,4713.2998046875,204
2026-05-12 12:44:00+00:00,4711.0,4716.2001953125,4710.5,4716.2001953125,196
2026-05-12 12:45:00+00:00,4715.0,4716.2001953125,4710.5,4711.0,167
2026-05-12 12:46:00+00:00,4715.89990234375,4719.10009765625,4714.10009765625,4715.39990234375,244
2026-05-12 12:47:00+00:00,4716.60009765625,4717.2998046875,4714.10009765625,4716.0,125
2026-05-12 12:48:00+00:00,4714.7001953125,4716.60009765625,4714.0,4716.2001953125,110
2026-05-12 12:49:00+00:00,4715.5,4715.5,4712.60009765625,4715.10009765625,155
2026-05-12 12:50:00+00:00,4716.7001953125,4717.10009765625,4714.7001953125,4715.0,60
2026-05-12 12:51:00+00:00,4718.5,4719.10009765625,4716.2998046875,4716.39990234375,113
2026-05-12 12:52:00+00:00,4718.7998046875,4719.7998046875,4717.60009765625,4718.2998046875,182
2026-05-12 12:53:00+00:00,4716.7998046875,4718.89990234375,4716.2998046875,4717.7998046875,119
2026-05-12 12:54:00+00:00,4717.7998046875,4719.0,4717.10009765625,4717.2001953125,53
2026-05-12 12:55:00+00:00,4715.5,4718.10009765625,4715.5,4717.89990234375,63
2026-05-12 12:56:00+00:00,4709.89990234375,4715.7001953125,4709.39990234375,4715.7001953125,347
2026-05-12 12:57:00+00:00,4711.60009765625,4712.89990234375,4708.2001953125,4709.5,235
2026-05-12 12:58:00+00:00,4711.7001953125,4712.89990234375,4710.10009765625,4712.2998046875,127
2026-05-12 12:59:00+00:00,4713.7998046875,4714.89990234375,4712.0,4712.39990234375,161
2026-05-12 13:00:00+00:00,4715.10009765625,4717.10009765625,4713.2998046875,4713.60009765625,215
2026-05-12 13:01:00+00:00,4713.89990234375,4715.7998046875,4713.7998046875,4714.7998046875,103
2026-05-12 13:02:00+00:00,4713.7998046875,4714.7001953125,4712.39990234375,4713.60009765625,97
2026-05-12 13:03:00+00:00,4709.10009765625,4714.0,4707.10009765625,4713.2998046875,211
2026-05-12 13:04:00+00:00,4704.0,4709.2001953125,4702.7998046875,4709.2001953125,557
2026-05-12 13:05:00+00:00,4704.5,4704.60009765625,4700.39990234375,4704.0,309
2026-05-12 13:06:00+00:00,4704.7998046875,4705.5,4701.2998046875,4704.7001953125,190
2026-05-12 13:07:00+00:00,4701.39990234375,4704.60009765625,4701.2001953125,4704.2998046875,126
2026-05-12 13:08:00+00:00,4702.7998046875,4704.0,4701.39990234375,4701.5,167
2026-05-12 13:09:00+00:00,4703.60009765625,4703.7998046875,4701.89990234375,4702.89990234375,84
2026-05-12 13:10:00+00:00,4701.60009765625,4703.7001953125,4700.7001953125,4703.7001953125,238
2026-05-12 13:11:00+00:00,4701.60009765625,4703.2001953125,4699.39990234375,4701.2001953125,212
2026-05-12 13:12:00+00:00,4700.10009765625,4702.10009765625,4699.10009765625,4702.10009765625,108
2026-05-12 13:13:00+00:00,4697.89990234375,4700.7001953125,4697.89990234375,4700.5,193
2026-05-12 13:14:00+00:00,4697.2001953125,4698.10009765625,4695.10009765625,4697.7998046875,278
2026-05-12 13:15:00+00:00,4693.89990234375,4696.60009765625,4690.60009765625,4696.60009765625,466
2026-05-12 13:16:00+00:00,4689.2001953125,4694.0,4687.0,4693.2998046875,434
2026-05-12 13:17:00+00:00,4690.60009765625,4691.39990234375,4687.10009765625,4688.7998046875,638
2026-05-12 13:18:00+00:00,4694.0,4694.7001953125,4688.7998046875,4690.2001953125,439
2026-05-12 13:19:00+00:00,4693.5,4695.89990234375,4692.89990234375,4694.0,122
2026-05-12 13:20:00+00:00,4694.5,4696.7998046875,4693.2001953125,4693.2998046875,152
2026-05-12 13:21:00+00:00,4698.0,4698.7001953125,4694.39990234375,4694.89990234375,87
2026-05-12 13:22:00+00:00,4702.7001953125,4703.2001953125,4697.2001953125,4698.5,174
2026-05-12 13:23:00+00:00,4701.5,4703.10009765625,4701.5,4702.5,137
2026-05-12 13:24:00+00:00,4698.7998046875,4702.89990234375,4698.60009765625,4701.2998046875,206
2026-05-12 13:25:00+00:00,4700.7998046875,4700.89990234375,4696.89990234375,4698.7001953125,389
2026-05-12 13:26:00+00:00,4701.2998046875,4702.39990234375,4700.5,4701.0,113
2026-05-12 13:27:00+00:00,4698.89990234375,4702.60009765625,4698.89990234375,4701.60009765625,118
2026-05-12 13:28:00+00:00,4699.7001953125,4701.2001953125,4699.10009765625,4699.7001953125,88
2026-05-12 13:29:00+00:00,4698.39990234375,4699.7998046875,4698.2001953125,4699.60009765625,69
2026-05-12 13:30:00+00:00,4697.60009765625,4698.7001953125,4694.89990234375,4698.39990234375,381
2026-05-12 13:31:00+00:00,4699.7998046875,4701.2998046875,4695.60009765625,4697.2998046875,222
2026-05-12 13:32:00+00:00,4695.60009765625,4699.7001953125,4693.5,4699.7001953125,136
2026-05-12 13:33:00+00:00,4695.10009765625,4697.7001953125,4692.60009765625,4695.39990234375,196
2026-05-12 13:34:00+00:00,4696.39990234375,4696.5,4692.60009765625,4695.10009765625,76
2026-05-12 13:35:00+00:00,4693.10009765625,4696.60009765625,4691.0,4696.60009765625,205
2026-05-12 13:36:00+00:00,4694.7998046875,4696.2001953125,4692.7998046875,4693.0,139
2026-05-12 13:37:00+00:00,4702.60009765625,4703.0,4694.60009765625,4694.7998046875,608
2026-05-12 13:38:00+00:00,4702.2998046875,4704.2001953125,4700.7998046875,4701.39990234375,233
2026-05-12 13:39:00+00:00,4705.60009765625,4705.89990234375,4700.7998046875,4701.10009765625,129
2026-05-12 13:40:00+00:00,4706.0,4708.39990234375,4705.60009765625,4705.89990234375,278
2026-05-12 13:41:00+00:00,4704.60009765625,4708.39990234375,4704.39990234375,4705.7998046875,143
2026-05-12 13:42:00+00:00,4707.89990234375,4708.10009765625,4703.2998046875,4704.7998046875,136
2026-05-12 13:43:00+00:00,4707.7998046875,4709.5,4706.89990234375,4707.2998046875,177
2026-05-12 13:44:00+00:00,4706.39990234375,4709.2001953125,4705.0,4707.89990234375,131
2026-05-12 13:45:00+00:00,4707.7001953125,4709.2001953125,4706.5,4706.60009765625,193
2026-05-12 13:46:00+00:00,4703.39990234375,4708.0,4702.5,4707.7998046875,235
2026-05-12 13:47:00+00:00,4703.10009765625,4706.7001953125,4701.7998046875,4703.2001953125,419
2026-05-12 13:48:00+00:00,4697.60009765625,4702.7998046875,4697.39990234375,4702.7998046875,153
2026-05-12 13:49:00+00:00,4700.60009765625,4701.39990234375,4697.7998046875,4697.7998046875,105
2026-05-12 13:50:00+00:00,4699.2998046875,4699.89990234375,4698.0,4699.60009765625,70
2026-05-12 13:51:00+00:00,4697.10009765625,4699.39990234375,4695.7998046875,4699.2998046875,145
2026-05-12 13:52:00+00:00,4697.2001953125,4698.2001953125,4695.7001953125,4696.89990234375,93
2026-05-12 13:53:00+00:00,4700.89990234375,4701.7998046875,4697.5,4697.60009765625,101
2026-05-12 13:54:00+00:00,4698.89990234375,4701.39990234375,4698.89990234375,4701.2001953125,58
2026-05-12 13:55:00+00:00,4697.7001953125,4698.7998046875,4695.2001953125,4698.7998046875,144
2026-05-12 13:56:00+00:00,4695.5,4698.10009765625,4694.7001953125,4698.10009765625,121
2026-05-12 13:57:00+00:00,4694.10009765625,4696.7001953125,4694.10009765625,4695.2001953125,156
2026-05-12 13:58:00+00:00,4687.7001953125,4694.5,4685.0,4694.2998046875,645
2026-05-12 13:59:00+00:00,4687.0,4688.39990234375,4684.5,4686.89990234375,662
2026-05-12 14:00:00+00:00,4686.39990234375,4688.0,4683.39990234375,4686.5,439
2026-05-12 14:01:00+00:00,4690.89990234375,4691.5,4685.39990234375,4686.5,382
2026-05-12 14:02:00+00:00,4696.2001953125,4696.2001953125,4689.0,4690.60009765625,410
2026-05-12 14:03:00+00:00,4696.2998046875,4700.5,4695.2998046875,4696.2998046875,688
2026-05-12 14:04:00+00:00,4697.7998046875,4699.39990234375,4694.10009765625,4696.10009765625,170
2026-05-12 14:05:00+00:00,4697.7998046875,4701.0,4696.5,4698.10009765625,214
2026-05-12 14:06:00+00:00,4695.7001953125,4698.2998046875,4695.39990234375,4698.10009765625,233
2026-05-12 14:07:00+00:00,4698.10009765625,4699.2998046875,4696.39990234375,4696.39990234375,93
2026-05-12 14:08:00+00:00,4697.7001953125,4699.39990234375,4695.60009765625,4698.7001953125,102
2026-05-12 14:09:00+00:00,4699.5,4701.10009765625,4697.60009765625,4697.7998046875,102
2026-05-12 14:10:00+00:00,4696.0,4699.89990234375,4695.0,4699.0,139
2026-05-12 14:11:00+00:00,4696.7998046875,4696.7998046875,4694.39990234375,4695.39990234375,98
2026-05-12 14:12:00+00:00,4698.2998046875,4699.7001953125,4696.39990234375,4696.5,115
2026-05-12 14:13:00+00:00,4701.2001953125,4703.0,4699.0,4699.0,228
2026-05-12 14:14:00+00:00,4700.89990234375,4702.39990234375,4700.0,4701.2998046875,132
2026-05-12 14:15:00+00:00,4700.60009765625,4702.10009765625,4699.39990234375,4700.60009765625,117
2026-05-12 14:16:00+00:00,4695.89990234375,4701.2998046875,4694.5,4700.7001953125,180
2026-05-12 14:17:00+00:00,4696.7998046875,4696.7998046875,4693.5,4696.2998046875,155
2026-05-12 14:18:00+00:00,4694.2998046875,4698.5,4693.7998046875,4697.0,143
2026-05-12 14:19:00+00:00,4696.39990234375,4697.2998046875,4693.89990234375,4694.2998046875,311
2026-05-12 14:20:00+00:00,4697.2998046875,4697.2998046875,4695.2998046875,4696.2001953125,123
2026-05-12 14:21:00+00:00,4698.10009765625,4698.7001953125,4696.0,4697.60009765625,63
2026-05-12 14:22:00+00:00,4695.7998046875,4698.7001953125,4695.5,4697.39990234375,59
2026-05-12 14:23:00+00:00,4695.60009765625,4697.10009765625,4695.0,4695.0,40
2026-05-12 14:24:00+00:00,4695.7001953125,4696.7001953125,4694.39990234375,4695.10009765625,123
2026-05-12 14:25:00+00:00,4695.5,4696.7001953125,4694.39990234375,4695.0,98
2026-05-12 14:26:00+00:00,4692.7998046875,4695.2001953125,4692.60009765625,4695.10009765625,118
2026-05-12 14:27:00+00:00,4694.39990234375,4695.10009765625,4693.2998046875,4693.2998046875,84
2026-05-12 14:28:00+00:00,4691.39990234375,4694.5,4690.5,4694.2001953125,143
2026-05-12 14:29:00+00:00,4690.60009765625,4692.60009765625,4690.0,4691.10009765625,195
2026-05-12 14:30:00+00:00,4688.2001953125,4691.39990234375,4686.39990234375,4690.7001953125,283
2026-05-12 14:31:00+00:00,4688.2001953125,4688.60009765625,4684.89990234375,4688.5,234
2026-05-12 14:32:00+00:00,4685.7001953125,4690.5,4685.60009765625,4688.5,129
2026-05-12 14:33:00+00:00,4685.5,4687.0,4678.89990234375,4685.2998046875,1253
2026-05-12 14:34:00+00:00,4692.7001953125,4692.7998046875,4684.5,4685.60009765625,415
2026-05-12 14:35:00+00:00,4686.89990234375,4694.39990234375,4686.89990234375,4692.2001953125,162
2026-05-12 14:36:00+00:00,4688.10009765625,4689.10009765625,4686.2998046875,4687.2998046875,137
2026-05-12 14:37:00+00:00,4692.60009765625,4692.60009765625,4688.2998046875,4688.7001953125,81
2026-05-12 14:38:00+00:00,4693.5,4695.7998046875,4691.89990234375,4692.2001953125,131
2026-05-12 14:39:00+00:00,4694.2998046875,4694.7998046875,4691.7001953125,4692.7998046875,108
2026-05-12 14:40:00+00:00,4692.2001953125,4694.60009765625,4691.10009765625,4694.2998046875,54
2026-05-12 14:41:00+00:00,4693.0,4693.89990234375,4692.39990234375,4692.60009765625,43
2026-05-12 14:42:00+00:00,4693.2001953125,4693.89990234375,4691.2001953125,4693.60009765625,80
2026-05-12 14:43:00+00:00,4693.2998046875,4693.89990234375,4691.7998046875,4692.89990234375,48
2026-05-12 14:44:00+00:00,4693.2998046875,4694.0,4692.5,4692.7998046875,40
2026-05-12 14:45:00+00:00,4690.39990234375,4693.0,4688.7001953125,4692.89990234375,116
2026-05-12 14:46:00+00:00,4689.10009765625,4691.10009765625,4688.7001953125,4690.60009765625,88
2026-05-12 14:47:00+00:00,4688.60009765625,4689.5,4687.2998046875,4688.39990234375,78
2026-05-12 14:48:00+00:00,4688.2001953125,4689.7001953125,4687.89990234375,4688.7001953125,60
2026-05-12 14:49:00+00:00,4685.7998046875,4688.7001953125,4685.7998046875,4688.5,125
2026-05-12 14:50:00+00:00,4683.39990234375,4686.2001953125,4683.39990234375,4685.5,337
2026-05-12 14:51:00+00:00,4682.10009765625,4683.5,4678.10009765625,4683.0,392
2026-05-12 14:52:00+00:00,4682.7001953125,4684.0,4681.10009765625,4682.2998046875,129
2026-05-12 14:53:00+00:00,4683.10009765625,4685.2998046875,4682.0,4682.2998046875,136
2026-05-12 14:54:00+00:00,4684.7001953125,4684.7001953125,4680.7998046875,4682.7998046875,130
2026-05-12 14:55:00+00:00,4682.2001953125,4685.60009765625,4681.0,4684.10009765625,131
2026-05-12 14:56:00+00:00,4681.0,4683.7001953125,4680.7998046875,4682.39990234375,71
2026-05-12 14:57:00+00:00,4679.2998046875,4681.2001953125,4677.7998046875,4680.7001953125,121
2026-05-12 14:58:00+00:00,4680.7998046875,4680.7998046875,4676.0,4678.7998046875,191
2026-05-12 14:59:00+00:00,4680.0,4681.2001953125,4679.7001953125,4680.0,66
2026-05-12 15:00:00+00:00,4681.0,4683.60009765625,4680.0,4680.0,183
2026-05-12 15:01:00+00:00,4677.2998046875,4682.10009765625,4676.39990234375,4681.10009765625,247
2026-05-12 15:02:00+00:00,4676.7998046875,4678.0,4674.2001953125,4676.7001953125,531
2026-05-12 15:03:00+00:00,4676.89990234375,4680.0,4676.89990234375,4677.10009765625,131
2026-05-12 15:04:00+00:00,4676.7001953125,4677.60009765625,4675.2001953125,4677.2001953125,147
2026-05-12 15:05:00+00:00,4679.5,4679.5,4674.7998046875,4676.7998046875,151
2026-05-12 15:06:00+00:00,4678.39990234375,4680.2001953125,4677.2998046875,4679.2001953125,116
2026-05-12 15:07:00+00:00,4679.7001953125,4681.89990234375,4677.89990234375,4678.2001953125,785
2026-05-12 15:08:00+00:00,4678.7001953125,4680.89990234375,4676.7001953125,4679.39990234375,139
2026-05-12 15:09:00+00:00,4680.2001953125,4680.60009765625,4677.7998046875,4678.60009765625,79
2026-05-12 15:10:00+00:00,4678.39990234375,4679.7001953125,4676.7998046875,4679.7001953125,239
2026-05-12 15:11:00+00:00,4675.60009765625,4679.39990234375,4674.7001953125,4678.0,173
2026-05-12 15:12:00+00:00,4674.89990234375,4675.7998046875,4670.60009765625,4675.5,502
2026-05-12 15:13:00+00:00,4675.60009765625,4675.60009765625,4673.0,4675.0,143
2026-05-12 15:14:00+00:00,4672.0,4675.5,4671.5,4675.5,177
2026-05-12 15:15:00+00:00,4672.89990234375,4672.89990234375,4670.7998046875,4671.5,1026
2026-05-12 15:16:00+00:00,4672.10009765625,4673.2998046875,4670.60009765625,4672.5,744
2026-05-12 15:17:00+00:00,4668.7998046875,4672.5,4668.2001953125,4672.2998046875,487
2026-05-12 15:18:00+00:00,4667.0,4669.60009765625,4665.7001953125,4669.2001953125,449
2026-05-12 15:19:00+00:00,4669.2998046875,4669.7998046875,4666.10009765625,4667.60009765625,194
2026-05-12 15:20:00+00:00,4666.39990234375,4670.0,4665.5,4669.10009765625,219
2026-05-12 15:21:00+00:00,4663.7998046875,4667.60009765625,4663.2998046875,4666.2998046875,559
2026-05-12 15:22:00+00:00,4654.7001953125,4664.2998046875,4653.7998046875,4663.60009765625,1218
2026-05-12 15:23:00+00:00,4649.2998046875,4654.60009765625,4646.2001953125,4654.60009765625,1144
2026-05-12 15:24:00+00:00,4650.39990234375,4652.60009765625,4645.7001953125,4649.7001953125,762
2026-05-12 15:25:00+00:00,4655.60009765625,4657.5,4645.2001953125,4649.7998046875,1004
2026-05-12 15:26:00+00:00,4657.5,4658.7998046875,4655.0,4655.60009765625,340
2026-05-12 15:27:00+00:00,4659.7001953125,4660.7998046875,4655.2998046875,4657.2998046875,365
2026-05-12 15:28:00+00:00,4659.10009765625,4662.60009765625,4659.10009765625,4659.2998046875,526
2026-05-12 15:29:00+00:00,4663.2998046875,4664.10009765625,4658.2001953125,4658.89990234375,679
2026-05-12 15:30:00+00:00,4664.7001953125,4667.2998046875,4663.5,4663.60009765625,287
2026-05-12 15:31:00+00:00,4663.2998046875,4665.2001953125,4661.2001953125,4664.39990234375,232
2026-05-12 15:32:00+00:00,4667.5,4667.7001953125,4662.89990234375,4663.0,177
2026-05-12 15:33:00+00:00,4668.2998046875,4669.7998046875,4666.89990234375,4667.2001953125,278
2026-05-12 15:34:00+00:00,4670.10009765625,4671.5,4667.7001953125,4668.7001953125,962
2026-05-12 15:35:00+00:00,4669.10009765625,4670.7998046875,4666.7001953125,4670.10009765625,279
2026-05-12 15:36:00+00:00,4669.5,4670.0,4667.7998046875,4669.5,121
2026-05-12 15:37:00+00:00,4671.39990234375,4671.7998046875,4668.89990234375,4668.89990234375,101
2026-05-12 15:38:00+00:00,4673.2998046875,4673.7001953125,4671.10009765625,4671.2001953125,730
2026-05-12 15:39:00+00:00,4674.5,4675.39990234375,4672.7001953125,4673.10009765625,149
2026-05-12 15:40:00+00:00,4672.10009765625,4675.2001953125,4672.0,4674.10009765625,205
2026-05-12 15:41:00+00:00,4671.39990234375,4673.7001953125,4670.7998046875,4672.10009765625,200
2026-05-12 15:42:00+00:00,4672.7001953125,4673.2001953125,4671.10009765625,4671.2998046875,103
2026-05-12 15:43:00+00:00,4672.2998046875,4673.60009765625,4671.0,4672.0,81
2026-05-12 15:44:00+00:00,4672.60009765625,4673.2998046875,4671.89990234375,4672.10009765625,75
2026-05-12 15:45:00+00:00,4675.10009765625,4676.39990234375,4672.60009765625,4672.60009765625,128
2026-05-12 15:46:00+00:00,4673.2001953125,4675.5,4672.2001953125,4675.0,58
2026-05-12 15:47:00+00:00,4672.39990234375,4673.60009765625,4671.5,4672.89990234375,107
2026-05-12 15:48:00+00:00,4673.2998046875,4674.2998046875,4671.60009765625,4672.7001953125,98
2026-05-12 15:49:00+00:00,4673.5,4673.7998046875,4672.2001953125,4673.60009765625,48
2026-05-12 15:50:00+00:00,4672.2001953125,4674.60009765625,4671.7998046875,4673.39990234375,61
2026-05-12 15:51:00+00:00,4672.2998046875,4673.0,4671.60009765625,4672.10009765625,79
2026-05-12 15:52:00+00:00,4674.5,4674.60009765625,4672.39990234375,4672.5,73
2026-05-12 15:53:00+00:00,4673.10009765625,4675.5,4673.10009765625,4674.7001953125,82
2026-05-12 15:54:00+00:00,4675.39990234375,4676.10009765625,4672.39990234375,4673.2001953125,124
2026-05-12 15:55:00+00:00,4675.60009765625,4675.60009765625,4674.0,4675.0,213
2026-05-12 15:56:00+00:00,4676.89990234375,4677.2998046875,4675.2998046875,4675.7998046875,88
2026-05-12 15:57:00+00:00,4674.89990234375,4676.60009765625,4674.0,4676.2998046875,115
2026-05-12 15:58:00+00:00,4674.0,4675.39990234375,4674.0,4674.5,128
2026-05-12 15:59:00+00:00,4673.10009765625,4674.2001953125,4672.7001953125,4674.2001953125,69
2026-05-12 16:00:00+00:00,4676.7001953125,4676.7001953125,4671.2998046875,4673.5,184
2026-05-12 16:01:00+00:00,4677.5,4677.7001953125,4675.2998046875,4676.7001953125,396
2026-05-12 16:02:00+00:00,4677.2998046875,4678.0,4676.2001953125,4677.2998046875,109
2026-05-12 16:03:00+00:00,4676.2001953125,4678.7998046875,4675.7998046875,4677.39990234375,161
2026-05-12 16:04:00+00:00,4677.7001953125,4678.5,4677.0,4677.0,80
2026-05-12 16:05:00+00:00,4677.2001953125,4678.60009765625,4677.2001953125,4677.89990234375,54
2026-05-12 16:06:00+00:00,4677.0,4678.0,4676.39990234375,4677.39990234375,48
2026-05-12 16:07:00+00:00,4676.89990234375,4678.0,4676.2001953125,4676.2001953125,53
2026-05-12 16:08:00+00:00,4676.5,4677.39990234375,4675.39990234375,4676.60009765625,50
2026-05-12 16:09:00+00:00,4676.2001953125,4676.7998046875,4675.60009765625,4676.2998046875,32
2026-05-12 16:10:00+00:00,4677.2001953125,4677.2998046875,4675.60009765625,4675.89990234375,62
2026-05-12 16:11:00+00:00,4678.10009765625,4678.7998046875,4676.7001953125,4676.7001953125,65
2026-05-12 16:12:00+00:00,4678.2998046875,4678.7998046875,4677.89990234375,4677.89990234375,27
2026-05-12 16:13:00+00:00,4680.0,4680.2998046875,4677.89990234375,4678.2001953125,125
2026-05-12 16:14:00+00:00,4678.89990234375,4680.10009765625,4678.60009765625,4680.10009765625,45
2026-05-12 16:15:00+00:00,4679.5,4679.5,4678.10009765625,4678.5,47
2026-05-12 16:16:00+00:00,4681.39990234375,4682.39990234375,4679.7998046875,4679.7998046875,154
2026-05-12 16:17:00+00:00,4680.2998046875,4681.7001953125,4679.2001953125,4681.39990234375,65
2026-05-12 16:18:00+00:00,4678.89990234375,4681.10009765625,4678.7998046875,4680.7001953125,69
2026-05-12 16:19:00+00:00,4679.10009765625,4679.7998046875,4677.7998046875,4678.89990234375,210
2026-05-12 16:20:00+00:00,4679.7001953125,4680.39990234375,4678.10009765625,4678.7001953125,36
2026-05-12 16:21:00+00:00,4677.7001953125,4680.10009765625,4677.2001953125,4679.89990234375,120
2026-05-12 16:22:00+00:00,4677.2001953125,4678.7001953125,4677.0,4677.89990234375,139
2026-05-12 16:23:00+00:00,4675.2001953125,4677.7001953125,4674.7001953125,4677.39990234375,152
2026-05-12 16:24:00+00:00,4674.60009765625,4676.10009765625,4673.89990234375,4675.60009765625,115
2026-05-12 16:25:00+00:00,4675.0,4676.5,4674.39990234375,4674.89990234375,95
2026-05-12 16:26:00+00:00,4673.89990234375,4675.7001953125,4673.89990234375,4674.7998046875,55
2026-05-12 16:27:00+00:00,4675.7001953125,4676.0,4673.5,4673.7998046875,103
2026-05-12 16:28:00+00:00,4676.39990234375,4676.5,4675.2001953125,4675.60009765625,38
2026-05-12 16:29:00+00:00,4675.5,4676.7998046875,4675.2001953125,4676.60009765625,35
2026-05-12 16:30:00+00:00,4674.0,4675.7998046875,4673.39990234375,4675.5,99
2026-05-12 16:31:00+00:00,4673.60009765625,4674.39990234375,4673.2998046875,4674.0,111
2026-05-12 16:32:00+00:00,4674.89990234375,4675.60009765625,4672.10009765625,4673.7001953125,78
2026-05-12 16:33:00+00:00,4674.0,4675.10009765625,4673.7001953125,4674.89990234375,27
2026-05-12 16:34:00+00:00,4675.60009765625,4675.60009765625,4673.89990234375,4673.89990234375,44
2026-05-12 16:35:00+00:00,4675.39990234375,4676.2001953125,4674.39990234375,4676.2001953125,54
2026-05-12 16:36:00+00:00,4676.89990234375,4677.60009765625,4675.2998046875,4675.2998046875,49
2026-05-12 16:37:00+00:00,4676.5,4677.2001953125,4675.5,4676.7998046875,45
2026-05-12 16:38:00+00:00,4676.2998046875,4676.89990234375,4675.89990234375,4676.7001953125,51
2026-05-12 16:39:00+00:00,4677.89990234375,4677.89990234375,4676.5,4676.5,43
2026-05-12 16:40:00+00:00,4677.60009765625,4678.7001953125,4677.39990234375,4677.60009765625,25
2026-05-12 16:41:00+00:00,4675.89990234375,4677.39990234375,4675.2001953125,4677.39990234375,46
2026-05-12 16:42:00+00:00,4675.7001953125,4676.7998046875,4675.39990234375,4675.7998046875,29
2026-05-12 16:43:00+00:00,4677.7998046875,4678.10009765625,4675.7998046875,4675.89990234375,60
2026-05-12 16:44:00+00:00,4676.7998046875,4678.10009765625,4676.7001953125,4677.7001953125,33
2026-05-12 16:45:00+00:00,4675.89990234375,4677.2001953125,4675.7001953125,4676.5,66
2026-05-12 16:46:00+00:00,4676.0,4676.0,4674.5,4675.39990234375,44
2026-05-12 16:47:00+00:00,4674.7998046875,4676.2001953125,4673.7998046875,4676.0,38
2026-05-12 16:48:00+00:00,4675.0,4675.39990234375,4673.7001953125,4674.5,61
2026-05-12 16:49:00+00:00,4677.0,4677.10009765625,4674.7001953125,4674.7998046875,119
2026-05-12 16:50:00+00:00,4677.60009765625,4677.60009765625,4675.7001953125,4676.7998046875,63
2026-05-12 16:51:00+00:00,4679.0,4679.39990234375,4676.7998046875,4677.39990234375,93
2026-05-12 16:52:00+00:00,4678.0,4679.39990234375,4677.7998046875,4679.2001953125,118
2026-05-12 16:53:00+00:00,4677.2001953125,4678.60009765625,4676.7001953125,4678.0,66
2026-05-12 16:54:00+00:00,4677.2998046875,4677.2998046875,4675.60009765625,4677.0,61
2026-05-12 16:55:00+00:00,4679.60009765625,4679.7001953125,4676.7001953125,4677.2001953125,77
2026-05-12 16:56:00+00:00,4680.2001953125,4681.60009765625,4679.7001953125,4679.7001953125,114
2026-05-12 16:57:00+00:00,4680.0,4681.5,4679.89990234375,4680.5,86
2026-05-12 16:58:00+00:00,4679.2998046875,4680.7998046875,4679.2998046875,4680.2001953125,63
2026-05-12 16:59:00+00:00,4678.10009765625,4679.60009765625,4678.0,4679.2998046875,65
2026-05-12 17:00:00+00:00,4680.10009765625,4680.2001953125,4678.39990234375,4678.39990234375,117
2026-05-12 17:01:00+00:00,4680.2998046875,4680.7998046875,4679.2001953125,4679.7998046875,104
2026-05-12 17:02:00+00:00,4683.7001953125,4684.39990234375,4680.10009765625,4680.10009765625,149
2026-05-12 17:03:00+00:00,4684.0,4684.2001953125,4682.60009765625,4683.2998046875,57
2026-05-12 17:04:00+00:00,4683.39990234375,4684.89990234375,4683.2001953125,4684.10009765625,74
2026-05-12 17:05:00+00:00,4685.0,4685.5,4682.89990234375,4683.2001953125,72
2026-05-12 17:06:00+00:00,4686.60009765625,4686.7998046875,4684.2998046875,4684.89990234375,194
2026-05-12 17:07:00+00:00,4685.7998046875,4686.7001953125,4685.39990234375,4686.7001953125,79
2026-05-12 17:08:00+00:00,4685.0,4686.0,4684.39990234375,4685.7998046875,81
2026-05-12 17:09:00+00:00,4685.5,4686.10009765625,4685.2001953125,4685.5,40
2026-05-12 17:10:00+00:00,4685.7998046875,4686.10009765625,4685.0,4685.2998046875,58
2026-05-12 17:11:00+00:00,4684.0,4686.0,4684.0,4685.60009765625,95
2026-05-12 17:12:00+00:00,4682.5,4684.10009765625,4682.2998046875,4684.10009765625,104
2026-05-12 17:13:00+00:00,4684.2001953125,4684.7001953125,4681.89990234375,4682.39990234375,283
2026-05-12 17:14:00+00:00,4684.39990234375,4684.7998046875,4682.89990234375,4684.0,116
2026-05-12 17:15:00+00:00,4684.60009765625,4685.60009765625,4684.10009765625,4684.10009765625,142
2026-05-12 17:16:00+00:00,4686.60009765625,4687.10009765625,4683.89990234375,4684.39990234375,147
2026-05-12 17:17:00+00:00,4687.60009765625,4687.60009765625,4686.0,4687.0,92
2026-05-12 17:18:00+00:00,4687.39990234375,4688.2001953125,4686.60009765625,4687.7998046875,139
2026-05-12 17:19:00+00:00,4687.0,4687.39990234375,4686.0,4687.10009765625,93
2026-05-12 17:20:00+00:00,4687.60009765625,4688.2001953125,4686.5,4687.5,81
2026-05-12 17:21:00+00:00,4687.89990234375,4688.0,4686.60009765625,4687.2998046875,123
2026-05-12 17:22:00+00:00,4686.7998046875,4687.89990234375,4686.7998046875,4687.7001953125,365
2026-05-12 17:23:00+00:00,4688.0,4688.60009765625,4686.7998046875,4687.10009765625,88
2026-05-12 17:24:00+00:00,4687.39990234375,4688.2001953125,4687.10009765625,4687.7001953125,663
2026-05-12 17:25:00+00:00,4689.2001953125,4689.7998046875,4687.7001953125,4687.7001953125,159
2026-05-12 17:26:00+00:00,4688.89990234375,4689.10009765625,4687.2998046875,4688.7998046875,191
2026-05-12 17:27:00+00:00,4688.39990234375,4689.60009765625,4687.60009765625,4689.10009765625,262
2026-05-12 17:28:00+00:00,4688.10009765625,4689.0,4687.7998046875,4688.2998046875,166
2026-05-12 17:29:00+00:00,4686.60009765625,4689.0,4685.7001953125,4688.2001953125,3236
2026-05-12 17:30:00+00:00,4686.60009765625,4687.2998046875,4686.2998046875,4686.39990234375,441
2026-05-12 17:31:00+00:00,4685.2001953125,4686.60009765625,4684.5,4686.60009765625,113
2026-05-12 17:32:00+00:00,4685.7998046875,4686.5,4685.5,4685.60009765625,102
2026-05-12 17:33:00+00:00,4684.10009765625,4686.60009765625,4684.10009765625,4685.7001953125,657
2026-05-12 17:34:00+00:00,4686.0,4686.2001953125,4683.89990234375,4684.10009765625,86
2026-05-12 17:35:00+00:00,4684.39990234375,4686.0,4684.39990234375,4685.7998046875,50
2026-05-12 17:36:00+00:00,4685.10009765625,4685.10009765625,4684.2001953125,4684.5,28
2026-05-12 17:37:00+00:00,4684.0,4685.60009765625,4683.39990234375,4685.2001953125,53
2026-05-12 17:38:00+00:00,4684.89990234375,4685.2998046875,4684.0,4684.0,187
2026-05-12 17:39:00+00:00,4686.0,4686.2998046875,4685.0,4685.10009765625,56
2026-05-12 17:40:00+00:00,4685.60009765625,4686.0,4685.0,4685.7001953125,79
2026-05-12 17:41:00+00:00,4685.0,4685.39990234375,4684.5,4685.2998046875,19
2026-05-12 17:42:00+00:00,4685.39990234375,4685.7001953125,4684.7001953125,4684.7001953125,42
2026-05-12 17:43:00+00:00,4685.89990234375,4686.7001953125,4685.2998046875,4685.89990234375,132
2026-05-12 17:44:00+00:00,4686.89990234375,4687.89990234375,4686.10009765625,4686.2001953125,67
2026-05-12 17:45:00+00:00,4686.2998046875,4687.10009765625,4686.0,4686.5,49
2026-05-12 17:46:00+00:00,4686.2998046875,4686.5,4685.0,4686.39990234375,40
2026-05-12 17:47:00+00:00,4686.39990234375,4686.39990234375,4685.7998046875,4686.10009765625,38
2026-05-12 17:48:00+00:00,4685.7998046875,4686.2998046875,4685.5,4686.2001953125,27
2026-05-12 17:49:00+00:00,4685.60009765625,4685.89990234375,4684.89990234375,4685.7998046875,465
2026-05-12 17:50:00+00:00,4685.39990234375,4686.2998046875,4685.39990234375,4685.5,83
2026-05-12 17:51:00+00:00,4686.0,4686.10009765625,4685.2001953125,4685.39990234375,52
2026-05-12 17:52:00+00:00,4686.10009765625,4686.89990234375,4685.7998046875,4685.7998046875,301
2026-05-12 17:53:00+00:00,4686.5,4687.0,4684.89990234375,4686.2998046875,84
2026-05-12 17:54:00+00:00,4686.7001953125,4686.7001953125,4685.89990234375,4686.39990234375,28
2026-05-12 17:55:00+00:00,4686.5,4688.2998046875,4685.7001953125,4686.89990234375,64
2026-05-12 17:56:00+00:00,4686.0,4687.2001953125,4686.0,4686.5,18
2026-05-12 17:57:00+00:00,4686.2001953125,4686.5,4686.0,4686.0,14
2026-05-12 17:58:00+00:00,4685.2998046875,4686.10009765625,4685.10009765625,4685.89990234375,21
2026-05-12 17:59:00+00:00,4685.7001953125,4686.0,4685.2998046875,4685.2998046875,11
2026-05-12 18:00:00+00:00,4686.7001953125,4686.89990234375,4685.0,4685.7001953125,398
2026-05-12 18:01:00+00:00,4690.10009765625,4690.60009765625,4686.89990234375,4686.89990234375,371
2026-05-12 18:02:00+00:00,4687.0,4690.5,4685.0,4690.10009765625,205
2026-05-12 18:03:00+00:00,4687.5,4687.7001953125,4686.60009765625,4687.10009765625,146
2026-05-12 18:04:00+00:00,4686.10009765625,4687.60009765625,4686.10009765625,4687.60009765625,18
2026-05-12 18:05:00+00:00,4686.89990234375,4686.89990234375,4685.5,4685.5,23
2026-05-12 18:06:00+00:00,4686.7998046875,4686.89990234375,4686.2001953125,4686.2998046875,8
2026-05-12 18:07:00+00:00,4684.7998046875,4687.10009765625,4683.0,4687.10009765625,99
2026-05-12 18:08:00+00:00,4685.7998046875,4686.5,4684.60009765625,4684.89990234375,43
2026-05-12 18:09:00+00:00,4687.10009765625,4687.60009765625,4685.5,4685.7001953125,29
2026-05-12 18:10:00+00:00,4687.5,4688.39990234375,4686.89990234375,4687.10009765625,56
2026-05-12 18:11:00+00:00,4685.7001953125,4687.89990234375,4685.10009765625,4687.89990234375,75
2026-05-12 18:12:00+00:00,4686.89990234375,4686.89990234375,4685.5,4685.5,17
2026-05-12 18:13:00+00:00,4686.60009765625,4687.39990234375,4686.5,4687.10009765625,16
2026-05-12 18:14:00+00:00,4688.10009765625,4688.89990234375,4686.7998046875,4686.7998046875,45
2026-05-12 18:15:00+00:00,4688.2001953125,4689.5,4687.10009765625,4688.39990234375,77
2026-05-12 18:16:00+00:00,4688.5,4688.7998046875,4687.2998046875,4687.60009765625,42
2026-05-12 18:17:00+00:00,4688.5,4688.7998046875,4688.0,4688.10009765625,26
2026-05-12 18:18:00+00:00,4688.60009765625,4689.2001953125,4688.2998046875,4688.60009765625,23
2026-05-12 18:19:00+00:00,4689.5,4689.5,4688.60009765625,4688.89990234375,20
2026-05-12 18:20:00+00:00,4689.89990234375,4691.7998046875,4689.0,4689.60009765625,113
2026-05-12 18:21:00+00:00,4690.5,4691.39990234375,4689.7998046875,4690.2998046875,36
2026-05-12 18:22:00+00:00,4691.0,4691.0,4689.7001953125,4690.60009765625,21
2026-05-12 18:23:00+00:00,4691.0,4691.5,4689.89990234375,4691.5,25
2026-05-12 18:24:00+00:00,4689.7001953125,4690.7998046875,4689.60009765625,4690.7001953125,41
2026-05-12 18:25:00+00:00,4691.10009765625,4691.10009765625,4690.2998046875,4690.2998046875,21
2026-05-12 18:26:00+00:00,4693.0,4693.2001953125,4691.10009765625,4691.10009765625,43
2026-05-12 18:27:00+00:00,4693.89990234375,4694.39990234375,4693.2001953125,4693.2998046875,126
2026-05-12 18:28:00+00:00,4693.89990234375,4695.0,4693.60009765625,4694.0,102
2026-05-12 18:29:00+00:00,4692.5,4694.7998046875,4692.2001953125,4694.0,90
2026-05-12 18:30:00+00:00,4692.89990234375,4693.2998046875,4692.10009765625,4692.10009765625,29
2026-05-12 18:31:00+00:00,4694.0,4694.2001953125,4693.2998046875,4693.2998046875,48
2026-05-12 18:32:00+00:00,4697.10009765625,4697.2998046875,4694.2998046875,4694.2998046875,177
2026-05-12 18:33:00+00:00,4695.7998046875,4697.5,4695.2998046875,4697.2998046875,102
2026-05-12 18:34:00+00:00,4697.60009765625,4697.60009765625,4695.60009765625,4695.7998046875,38
2026-05-12 18:35:00+00:00,4698.5,4698.7001953125,4696.2001953125,4697.0,145
2026-05-12 18:36:00+00:00,4699.0,4699.7001953125,4698.10009765625,4698.7998046875,161
2026-05-12 18:37:00+00:00,4698.2998046875,4699.2001953125,4698.2998046875,4699.0,23
2026-05-12 18:38:00+00:00,4699.10009765625,4699.39990234375,4698.7001953125,4698.7001953125,61
2026-05-12 18:39:00+00:00,4698.2001953125,4700.39990234375,4698.2001953125,4698.7998046875,63
2026-05-12 18:40:00+00:00,4699.2001953125,4699.60009765625,4697.89990234375,4698.0,63
2026-05-12 18:41:00+00:00,4701.10009765625,4701.10009765625,4698.5,4699.10009765625,52
2026-05-12 18:42:00+00:00,4702.60009765625,4704.7998046875,4700.5,4700.7998046875,414
2026-05-12 18:43:00+00:00,4703.2998046875,4703.2998046875,4702.2998046875,4702.7998046875,42
2026-05-12 18:44:00+00:00,4702.7998046875,4704.7998046875,4702.10009765625,4703.39990234375,229
2026-05-12 18:45:00+00:00,4702.2001953125,4703.0,4701.10009765625,4702.39990234375,119
2026-05-12 18:46:00+00:00,4699.39990234375,4702.10009765625,4699.2001953125,4702.10009765625,143
2026-05-12 18:47:00+00:00,4699.7998046875,4700.0,4697.7998046875,4699.7001953125,130
2026-05-12 18:48:00+00:00,4699.10009765625,4699.5,4698.39990234375,4699.39990234375,45
2026-05-12 18:49:00+00:00,4698.7001953125,4699.2001953125,4698.0,4699.10009765625,40
2026-05-12 18:50:00+00:00,4699.7998046875,4700.0,4698.7998046875,4698.7998046875,28
2026-05-12 18:51:00+00:00,4701.39990234375,4701.5,4699.7001953125,4700.2001953125,29
2026-05-12 18:52:00+00:00,4702.7001953125,4702.7001953125,4701.10009765625,4701.10009765625,28
2026-05-12 18:53:00+00:00,4704.7001953125,4705.5,4703.2001953125,4703.2001953125,176
2026-05-12 18:54:00+00:00,4704.39990234375,4704.60009765625,4703.7001953125,4704.2998046875,49
2026-05-12 18:55:00+00:00,4704.5,4704.5,4703.2001953125,4704.0,50
2026-05-12 18:56:00+00:00,4704.5,4704.5,4703.5,4703.89990234375,28
2026-05-12 18:57:00+00:00,4704.10009765625,4705.0,4703.39990234375,4704.5,34
2026-05-12 18:58:00+00:00,4703.7998046875,4704.39990234375,4703.5,4703.7998046875,26
2026-05-12 18:59:00+00:00,4703.0,4703.5,4702.7001953125,4703.39990234375,15
2026-05-12 19:00:00+00:00,4704.7998046875,4705.10009765625,4703.7998046875,4704.10009765625,45
2026-05-12 19:01:00+00:00,4705.2998046875,4705.7001953125,4703.89990234375,4705.10009765625,53
2026-05-12 19:02:00+00:00,4705.2998046875,4705.7998046875,4705.10009765625,4705.5,16
2026-05-12 19:03:00+00:00,4704.0,4706.5,4704.0,4705.7001953125,88
2026-05-12 19:04:00+00:00,4704.2998046875,4704.60009765625,4703.89990234375,4703.89990234375,121
2026-05-12 19:05:00+00:00,4704.5,4704.5,4703.7001953125,4704.2998046875,30
2026-05-12 19:06:00+00:00,4705.2001953125,4705.2001953125,4703.60009765625,4704.2998046875,13
2026-05-12 19:07:00+00:00,4707.0,4707.2001953125,4705.0,4705.10009765625,97
2026-05-12 19:08:00+00:00,4706.5,4707.0,4705.7998046875,4706.7998046875,42
2026-05-12 19:09:00+00:00,4706.2001953125,4706.5,4705.7998046875,4706.5,21
2026-05-12 19:10:00+00:00,4706.2001953125,4706.7001953125,4705.2998046875,4706.0,50
2026-05-12 19:11:00+00:00,4708.0,4708.0,4706.10009765625,4706.10009765625,20
2026-05-12 19:12:00+00:00,4709.2001953125,4710.0,4707.7001953125,4708.0,207
2026-05-12 19:13:00+00:00,4708.60009765625,4709.60009765625,4708.60009765625,4709.39990234375,28
2026-05-12 19:14:00+00:00,4706.89990234375,4708.39990234375,4706.89990234375,4708.39990234375,66
2026-05-12 19:15:00+00:00,4706.7998046875,4708.10009765625,4706.7998046875,4707.89990234375,22
2026-05-12 19:16:00+00:00,4707.7998046875,4708.2998046875,4706.2001953125,4706.7001953125,249
2026-05-12 19:17:00+00:00,4707.7001953125,4708.5,4707.39990234375,4707.7001953125,59
2026-05-12 19:18:00+00:00,4709.60009765625,4709.7001953125,4708.0,4708.0,58
2026-05-12 19:19:00+00:00,4709.2001953125,4709.7998046875,4708.89990234375,4709.7001953125,56
2026-05-12 19:20:00+00:00,4709.7001953125,4709.89990234375,4709.0,4709.2998046875,45
2026-05-12 19:21:00+00:00,4708.7998046875,4710.39990234375,4708.10009765625,4709.7001953125,61
2026-05-12 19:22:00+00:00,4709.0,4709.0,4707.2001953125,4708.60009765625,48
2026-05-12 19:23:00+00:00,4709.2001953125,4709.60009765625,4708.60009765625,4709.10009765625,39
2026-05-12 19:24:00+00:00,4710.2001953125,4711.0,4708.89990234375,4708.89990234375,93
2026-05-12 19:25:00+00:00,4711.60009765625,4712.0,4709.7001953125,4710.2001953125,98
2026-05-12 19:26:00+00:00,4711.5,4711.7998046875,4711.10009765625,4711.7998046875,21
2026-05-12 19:27:00+00:00,4711.0,4711.7998046875,4710.2998046875,4711.39990234375,51
2026-05-12 19:28:00+00:00,4710.7001953125,4711.2998046875,4710.7001953125,4710.89990234375,15
2026-05-12 19:29:00+00:00,4710.7998046875,4711.5,4710.60009765625,4711.2998046875,15
2026-05-12 19:30:00+00:00,4712.2998046875,4712.5,4710.89990234375,4710.89990234375,113
2026-05-12 19:31:00+00:00,4714.10009765625,4714.2998046875,4712.0,4712.2001953125,57
2026-05-12 19:32:00+00:00,4714.7001953125,4714.7998046875,4712.0,4714.10009765625,68
2026-05-12 19:33:00+00:00,4715.39990234375,4715.60009765625,4714.39990234375,4714.7001953125,93
2026-05-12 19:34:00+00:00,4716.2998046875,4717.0,4714.7001953125,4715.5,101
2026-05-12 19:35:00+00:00,4716.2998046875,4717.2001953125,4716.10009765625,4717.0,90
2026-05-12 19:36:00+00:00,4717.5,4718.10009765625,4716.60009765625,4716.60009765625,91
2026-05-12 19:37:00+00:00,4716.60009765625,4717.5,4715.7998046875,4717.39990234375,45
2026-05-12 19:38:00+00:00,4717.0,4717.7001953125,4716.5,4716.5,70
2026-05-12 19:39:00+00:00,4715.7998046875,4716.7998046875,4715.7998046875,4716.7998046875,42
2026-05-12 19:40:00+00:00,4714.7998046875,4715.7001953125,4714.7001953125,4715.7001953125,47
2026-05-12 19:41:00+00:00,4717.10009765625,4717.39990234375,4715.0,4715.0,67
2026-05-12 19:42:00+00:00,4716.7001953125,4716.7001953125,4715.7998046875,4716.7001953125,37
2026-05-12 19:43:00+00:00,4716.60009765625,4717.2001953125,4716.60009765625,4717.0,51
2026-05-12 19:44:00+00:00,4716.89990234375,4716.89990234375,4716.10009765625,4716.60009765625,36
2026-05-12 19:45:00+00:00,4717.39990234375,4717.7001953125,4716.7001953125,4716.89990234375,40
2026-05-12 19:46:00+00:00,4717.2998046875,4717.2998046875,4716.60009765625,4717.0,27
2026-05-12 19:47:00+00:00,4717.0,4717.39990234375,4716.5,4717.2001953125,37
2026-05-12 19:48:00+00:00,4718.2001953125,4718.39990234375,4717.10009765625,4717.10009765625,52
2026-05-12 19:49:00+00:00,4717.2001953125,4718.10009765625,4717.0,4718.0,228
2026-05-12 19:50:00+00:00,4718.5,4718.7998046875,4717.2001953125,4717.39990234375,68
2026-05-12 19:51:00+00:00,4718.10009765625,4718.5,4717.39990234375,4718.39990234375,31
2026-05-12 19:52:00+00:00,4717.60009765625,4718.0,4716.7998046875,4717.7998046875,46
2026-05-12 19:53:00+00:00,4719.10009765625,4719.60009765625,4717.39990234375,4717.39990234375,61
2026-05-12 19:54:00+00:00,4719.7998046875,4721.2998046875,4718.5,4719.0,172
2026-05-12 19:55:00+00:00,4720.60009765625,4720.89990234375,4719.7998046875,4719.89990234375,92
2026-05-12 19:56:00+00:00,4720.89990234375,4721.2001953125,4720.0,4720.7001953125,68
2026-05-12 19:57:00+00:00,4721.39990234375,4722.2998046875,4720.7001953125,4721.0,133
2026-05-12 19:58:00+00:00,4721.89990234375,4722.0,4720.89990234375,4721.2998046875,103
2026-05-12 19:59:00+00:00,4723.2001953125,4723.2998046875,4721.2001953125,4722.2998046875,195
2026-05-12 20:00:00+00:00,4725.0,4726.7001953125,4722.39990234375,4722.7998046875,239
2026-05-12 20:01:00+00:00,4725.10009765625,4726.10009765625,4723.7998046875,4724.7998046875,68
2026-05-12 20:02:00+00:00,4723.0,4725.2001953125,4722.89990234375,4725.0,110
2026-05-12 20:03:00+00:00,4720.89990234375,4723.2001953125,4720.89990234375,4722.7998046875,111
2026-05-12 20:04:00+00:00,4720.89990234375,4721.2001953125,4720.39990234375,4720.89990234375,63
2026-05-12 20:05:00+00:00,4720.2998046875,4721.5,4720.2998046875,4721.2998046875,34
2026-05-12 20:06:00+00:00,4721.10009765625,4722.0,4720.5,4720.5,34
2026-05-12 20:07:00+00:00,4719.89990234375,4721.7001953125,4719.5,4721.2001953125,69
2026-05-12 20:08:00+00:00,4720.60009765625,4720.60009765625,4719.60009765625,4720.10009765625,53
2026-05-12 20:09:00+00:00,4721.5,4722.2998046875,4720.7998046875,4720.89990234375,37
2026-05-12 20:10:00+00:00,4721.2998046875,4721.5,4720.7998046875,4721.10009765625,15
2026-05-12 20:11:00+00:00,4720.2998046875,4721.7001953125,4719.39990234375,4721.0,162
2026-05-12 20:12:00+00:00,4722.0,4722.2001953125,4720.60009765625,4720.60009765625,22
2026-05-12 20:13:00+00:00,4721.0,4721.7001953125,4720.7001953125,4721.7001953125,11
2026-05-12 20:14:00+00:00,4720.7001953125,4721.2001953125,4720.2001953125,4720.89990234375,27
2026-05-12 20:15:00+00:00,4721.5,4721.5,4720.89990234375,4721.2998046875,9
2026-05-12 20:16:00+00:00,4721.7001953125,4721.7001953125,4720.89990234375,4721.39990234375,9
2026-05-12 20:17:00+00:00,4722.0,4722.2001953125,4721.2998046875,4721.2998046875,6
2026-05-12 20:18:00+00:00,4723.7001953125,4723.7001953125,4721.7998046875,4721.7998046875,30
2026-05-12 20:19:00+00:00,4721.39990234375,4723.10009765625,4721.0,4723.10009765625,18
2026-05-12 20:20:00+00:00,4720.60009765625,4721.0,4720.5,4721.0,10
2026-05-12 20:21:00+00:00,4720.10009765625,4720.60009765625,4719.89990234375,4720.60009765625,9
2026-05-12 20:22:00+00:00,4720.2998046875,4720.5,4719.7998046875,4720.10009765625,7
2026-05-12 20:23:00+00:00,4720.0,4720.2001953125,4720.0,4720.2001953125,2
2026-05-12 20:24:00+00:00,4721.5,4721.5,4720.10009765625,4720.5,16
2026-05-12 20:25:00+00:00,4720.2998046875,4721.5,4720.2001953125,4721.5,14
2026-05-12 20:26:00+00:00,4721.2001953125,4721.2001953125,4720.0,4720.10009765625,7
2026-05-12 20:27:00+00:00,4720.60009765625,4721.39990234375,4720.0,4721.39990234375,23
2026-05-12 20:28:00+00:00,4720.7001953125,4721.0,4720.2001953125,4720.2998046875,8
2026-05-12 20:29:00+00:00,4720.7001953125,4720.7001953125,4720.2998046875,4720.5,9
2026-05-12 20:30:00+00:00,4721.39990234375,4721.39990234375,4720.2998046875,4720.2998046875,25
2026-05-12 20:31:00+00:00,4722.0,4722.39990234375,4721.10009765625,4721.2001953125,20
2026-05-12 20:32:00+00:00,4721.2998046875,4721.7998046875,4721.0,4721.7998046875,12
2026-05-12 20:33:00+00:00,4722.0,4722.10009765625,4722.0,4722.10009765625,4
2026-05-12 20:34:00+00:00,4721.2998046875,4721.7998046875,4721.2001953125,4721.7998046875,9
2026-05-12 20:35:00+00:00,4720.60009765625,4721.10009765625,4720.10009765625,4721.10009765625,21
2026-05-12 20:36:00+00:00,4722.60009765625,4722.60009765625,4720.89990234375,4720.89990234375,23
2026-05-12 20:37:00+00:00,4721.5,4722.2998046875,4721.2998046875,4722.2998046875,12
2026-05-12 20:38:00+00:00,4721.0,4721.7998046875,4721.0,4721.5,12
2026-05-12 20:39:00+00:00,4721.5,4721.5,4721.5,4721.5,2
2026-05-12 20:40:00+00:00,4721.60009765625,4721.60009765625,4721.2998046875,4721.39990234375,9
2026-05-12 20:41:00+00:00,4719.89990234375,4721.7001953125,4719.60009765625,4721.7001953125,38
2026-05-12 20:42:00+00:00,4722.10009765625,4722.2001953125,4719.89990234375,4719.89990234375,33
2026-05-12 20:43:00+00:00,4722.0,4722.0,4721.5,4722.0,11
2026-05-12 20:44:00+00:00,4722.2001953125,4722.7998046875,4722.2001953125,4722.39990234375,19
2026-05-12 20:45:00+00:00,4722.0,4722.7001953125,4721.89990234375,4722.2998046875,11
2026-05-12 20:46:00+00:00,4721.7001953125,4721.7998046875,4721.2998046875,4721.7998046875,7
2026-05-12 20:47:00+00:00,4721.5,4721.7001953125,4720.5,4721.2001953125,30
2026-05-12 20:48:00+00:00,4722.60009765625,4723.10009765625,4721.7998046875,4721.7998046875,11
2026-05-12 20:49:00+00:00,4722.5,4723.39990234375,4722.2001953125,4722.2998046875,18
2026-05-12 20:50:00+00:00,4722.10009765625,4723.2001953125,4721.39990234375,4723.10009765625,44
2026-05-12 20:51:00+00:00,4722.2998046875,4722.60009765625,4721.89990234375,4722.2998046875,18
2026-05-12 20:52:00+00:00,4721.0,4722.2998046875,4721.0,4722.0,45
2026-05-12 20:53:00+00:00,4721.2998046875,4721.5,4721.0,4721.0,12
2026-05-12 20:54:00+00:00,4721.2001953125,4721.89990234375,4720.89990234375,4721.5,15
2026-05-12 20:55:00+00:00,4721.60009765625,4722.0,4720.89990234375,4720.89990234375,20
2026-05-12 20:56:00+00:00,4722.2001953125,4722.2001953125,4721.0,4721.2998046875,12
2026-05-12 20:57:00+00:00,4722.5,4722.5,4721.60009765625,4721.60009765625,16
2026-05-12 20:58:00+00:00,4722.89990234375,4722.89990234375,4722.2998046875,4722.2998046875,4
2026-05-12 20:59:00+00:00,4722.60009765625,4723.0,4722.5,4722.89990234375,19
2026-05-12 22:00:00+00:00,4724.7998046875,4726.2998046875,4721.89990234375,4722.2998046875,0
2026-05-12 22:01:00+00:00,4722.2001953125,4723.89990234375,4721.7998046875,4723.89990234375,15
2026-05-12 22:02:00+00:00,4724.0,4724.0,4721.7998046875,4722.5,53
2026-05-12 22:03:00+00:00,4723.7998046875,4724.5,4722.2001953125,4723.5,48
2026-05-12 22:04:00+00:00,4727.89990234375,4729.5,4724.10009765625,4724.10009765625,201
2026-05-12 22:05:00+00:00,4726.10009765625,4727.89990234375,4725.5,4727.60009765625,78
2026-05-12 22:06:00+00:00,4725.60009765625,4727.5,4725.2998046875,4725.60009765625,19
2026-05-12 22:07:00+00:00,4725.2998046875,4726.0,4725.2001953125,4725.60009765625,17
2026-05-12 22:08:00+00:00,4723.0,4725.2001953125,4721.39990234375,4725.2001953125,56
2026-05-12 22:09:00+00:00,4721.7001953125,4722.60009765625,4720.2998046875,4722.60009765625,59
2026-05-12 22:10:00+00:00,4721.60009765625,4722.60009765625,4720.5,4721.5,41
2026-05-12 22:11:00+00:00,4722.7001953125,4723.0,4721.89990234375,4721.89990234375,10
2026-05-12 22:12:00+00:00,4722.5,4723.10009765625,4721.7001953125,4722.60009765625,17
2026-05-12 22:13:00+00:00,4723.0,4723.0,4721.89990234375,4721.89990234375,7
2026-05-12 22:14:00+00:00,4722.0,4723.5,4722.0,4723.2001953125,16
2026-05-12 22:15:00+00:00,4723.2998046875,4723.7998046875,4722.7001953125,4722.7001953125,33
2026-05-12 22:16:00+00:00,4722.5,4723.5,4722.2001953125,4723.39990234375,29
2026-05-12 22:17:00+00:00,4721.60009765625,4723.2998046875,4721.5,4722.89990234375,40
2026-05-12 22:18:00+00:00,4724.0,4724.39990234375,4721.89990234375,4721.89990234375,30
2026-05-12 22:19:00+00:00,4725.10009765625,4725.10009765625,4723.7998046875,4723.7998046875,14
2026-05-12 22:20:00+00:00,4726.89990234375,4727.39990234375,4724.7998046875,4724.7998046875,35
2026-05-12 22:21:00+00:00,4726.7001953125,4727.39990234375,4726.39990234375,4726.89990234375,12
2026-05-12 22:22:00+00:00,4725.60009765625,4726.7998046875,4725.60009765625,4726.60009765625,22
2026-05-12 22:23:00+00:00,4726.10009765625,4726.10009765625,4725.5,4725.60009765625,9
2026-05-12 22:24:00+00:00,4723.89990234375,4726.7001953125,4723.2998046875,4725.89990234375,97
2026-05-12 22:25:00+00:00,4724.5,4725.10009765625,4724.0,4724.0,14
2026-05-12 22:26:00+00:00,4722.7001953125,4724.2998046875,4722.7001953125,4724.2998046875,23
2026-05-12 22:27:00+00:00,4722.7998046875,4723.7001953125,4722.7001953125,4722.7001953125,7
2026-05-12 22:28:00+00:00,4723.2001953125,4723.89990234375,4723.10009765625,4723.7998046875,11
2026-05-12 22:29:00+00:00,4725.2998046875,4725.2998046875,4722.7998046875,4722.89990234375,20
2026-05-12 22:30:00+00:00,4725.7998046875,4725.7998046875,4724.10009765625,4724.7001953125,14
2026-05-12 22:31:00+00:00,4725.5,4726.0,4724.7001953125,4725.39990234375,23
2026-05-12 22:32:00+00:00,4726.7001953125,4726.7001953125,4725.2001953125,4725.7998046875,25
2026-05-12 22:33:00+00:00,4727.7998046875,4728.2001953125,4726.60009765625,4726.60009765625,51
2026-05-12 22:34:00+00:00,4726.7998046875,4727.7001953125,4726.2998046875,4727.7001953125,13
2026-05-12 22:35:00+00:00,4725.0,4726.2998046875,4725.0,4726.2998046875,26
2026-05-12 22:36:00+00:00,4724.7001953125,4725.5,4724.39990234375,4725.5,14
2026-05-12 22:37:00+00:00,4725.5,4725.7001953125,4724.2001953125,4724.2001953125,26
2026-05-12 22:38:00+00:00,4726.10009765625,4727.60009765625,4725.7001953125,4725.7998046875,61
2026-05-12 22:39:00+00:00,4726.2998046875,4727.0,4726.2998046875,4726.7001953125,6
2026-05-12 22:40:00+00:00,4726.60009765625,4727.0,4725.0,4725.89990234375,25
2026-05-12 22:41:00+00:00,4725.10009765625,4726.10009765625,4724.7001953125,4726.10009765625,29
2026-05-12 22:42:00+00:00,4724.2998046875,4724.89990234375,4723.2998046875,4724.89990234375,37
2026-05-12 22:43:00+00:00,4723.5,4723.89990234375,4723.39990234375,4723.89990234375,18
2026-05-12 22:44:00+00:00,4724.2998046875,4724.89990234375,4724.10009765625,4724.10009765625,13
2026-05-12 22:45:00+00:00,4725.5,4725.5,4724.89990234375,4724.89990234375,5
2026-05-12 22:46:00+00:00,4725.60009765625,4725.7998046875,4725.5,4725.5,4
2026-05-12 22:47:00+00:00,4725.39990234375,4726.2001953125,4725.39990234375,4726.2001953125,6
2026-05-12 22:48:00+00:00,4725.10009765625,4725.89990234375,4725.10009765625,4725.60009765625,7
2026-05-12 22:49:00+00:00,4725.10009765625,4725.2001953125,4724.60009765625,4725.10009765625,10
2026-05-12 22:50:00+00:00,4725.7001953125,4725.7001953125,4725.5,4725.5,4
2026-05-12 22:51:00+00:00,4725.89990234375,4727.0,4724.60009765625,4725.0,41
2026-05-12 22:52:00+00:00,4726.10009765625,4726.89990234375,4725.2998046875,4725.2998046875,15
2026-05-12 22:53:00+00:00,4729.60009765625,4729.60009765625,4726.5,4726.5,68
2026-05-12 22:54:00+00:00,4729.0,4730.2001953125,4727.5,4729.7998046875,121
2026-05-12 22:55:00+00:00,4727.89990234375,4728.7001953125,4727.89990234375,4728.60009765625,20
2026-05-12 22:56:00+00:00,4726.60009765625,4727.7998046875,4726.60009765625,4727.5,6
2026-05-12 22:57:00+00:00,4726.10009765625,4726.7998046875,4725.5,4726.2001953125,19
2026-05-12 22:58:00+00:00,4725.10009765625,4725.7998046875,4724.10009765625,4725.39990234375,31
2026-05-12 22:59:00+00:00,4724.60009765625,4725.5,4724.60009765625,4724.60009765625,15
2026-05-12 23:00:00+00:00,4724.10009765625,4724.89990234375,4723.5,4724.5,37
2026-05-12 23:01:00+00:00,4725.7001953125,4726.10009765625,4724.10009765625,4724.2001953125,56
2026-05-12 23:02:00+00:00,4725.39990234375,4725.89990234375,4725.0,4725.7001953125,19
2026-05-12 23:03:00+00:00,4726.0,4727.2998046875,4725.0,4725.2998046875,47
2026-05-12 23:04:00+00:00,4728.2998046875,4728.60009765625,4725.89990234375,4726.0,70
2026-05-12 23:05:00+00:00,4726.7001953125,4728.5,4725.39990234375,4728.5,55
2026-05-12 23:06:00+00:00,4727.5,4727.7001953125,4726.0,4726.0,14
2026-05-12 23:07:00+00:00,4727.89990234375,4728.2001953125,4727.5,4727.5,15
2026-05-12 23:08:00+00:00,4730.2998046875,4730.7998046875,4727.2998046875,4728.10009765625,378
2026-05-12 23:09:00+00:00,4727.89990234375,4730.60009765625,4727.89990234375,4730.5,72
2026-05-12 23:10:00+00:00,4727.7001953125,4729.0,4727.2001953125,4728.2001953125,41
2026-05-12 23:11:00+00:00,4728.89990234375,4729.2998046875,4728.2998046875,4728.2998046875,34
2026-05-12 23:12:00+00:00,4728.89990234375,4729.2001953125,4728.5,4729.2001953125,12
2026-05-12 23:13:00+00:00,4725.2001953125,4729.39990234375,4725.2001953125,4729.0,116
2026-05-12 23:14:00+00:00,4725.0,4726.2998046875,4724.89990234375,4725.2998046875,87
2026-05-12 23:15:00+00:00,4725.89990234375,4726.2998046875,4725.0,4725.2001953125,20
2026-05-12 23:16:00+00:00,4726.39990234375,4727.10009765625,4726.10009765625,4726.2001953125,38
2026-05-12 23:17:00+00:00,4727.0,4727.2001953125,4726.60009765625,4726.60009765625,8
2026-05-12 23:18:00+00:00,4726.7998046875,4728.10009765625,4726.7998046875,4727.2001953125,15
2026-05-12 23:19:00+00:00,4725.0,4725.89990234375,4725.0,4725.89990234375,25
2026-05-12 23:20:00+00:00,4725.7001953125,4726.2001953125,4725.10009765625,4725.2001953125,15
2026-05-12 23:21:00+00:00,4725.7001953125,4726.10009765625,4725.5,4725.7001953125,14
2026-05-12 23:22:00+00:00,4727.39990234375,4728.2001953125,4725.7998046875,4726.0,38
2026-05-12 23:23:00+00:00,4727.7001953125,4728.60009765625,4726.2998046875,4727.2001953125,54
2026-05-12 23:24:00+00:00,4730.2998046875,4730.2998046875,4727.60009765625,4727.7001953125,64
2026-05-12 23:25:00+00:00,4728.7001953125,4731.60009765625,4728.10009765625,4730.2998046875,106
2026-05-12 23:26:00+00:00,4727.89990234375,4729.7998046875,4727.5,4728.7001953125,59
2026-05-12 23:27:00+00:00,4728.0,4728.2001953125,4726.39990234375,4727.60009765625,72
2026-05-12 23:28:00+00:00,4728.7998046875,4729.5,4727.60009765625,4727.60009765625,48
2026-05-12 23:29:00+00:00,4727.5,4729.10009765625,4727.5,4728.7001953125,29
2026-05-12 23:30:00+00:00,4727.7001953125,4728.0,4726.60009765625,4727.89990234375,27
2026-05-12 23:31:00+00:00,4728.89990234375,4729.2998046875,4727.39990234375,4727.7998046875,17
2026-05-12 23:32:00+00:00,4728.2998046875,4729.0,4727.60009765625,4729.0,32
2026-05-12 23:33:00+00:00,4728.5,4728.89990234375,4727.89990234375,4728.2998046875,13
2026-05-12 23:34:00+00:00,4727.0,4728.60009765625,4726.60009765625,4728.5,75
2026-05-12 23:35:00+00:00,4724.10009765625,4727.7998046875,4724.0,4727.10009765625,77
2026-05-12 23:36:00+00:00,4725.39990234375,4726.2001953125,4723.89990234375,4724.5,54
2026-05-12 23:37:00+00:00,4725.89990234375,4727.2998046875,4725.2998046875,4725.2998046875,28
2026-05-12 23:38:00+00:00,4729.2001953125,4729.39990234375,4726.39990234375,4726.5,55
2026-05-12 23:39:00+00:00,4728.7998046875,4729.39990234375,4728.2998046875,4729.39990234375,26
2026-05-12 23:40:00+00:00,4727.60009765625,4728.5,4727.5,4728.5,14
2026-05-12 23:41:00+00:00,4727.2998046875,4727.7998046875,4727.2998046875,4727.7001953125,8
2026-05-12 23:42:00+00:00,4727.5,4727.5,4726.10009765625,4726.5,17
2026-05-12 23:43:00+00:00,4726.2998046875,4727.2998046875,4726.2998046875,4726.89990234375,14
2026-05-12 23:44:00+00:00,4729.10009765625,4729.10009765625,4725.0,4725.60009765625,77
2026-05-12 23:45:00+00:00,4730.89990234375,4730.89990234375,4727.7001953125,4729.2001953125,104
2026-05-12 23:46:00+00:00,4728.7001953125,4731.2001953125,4728.2998046875,4731.10009765625,56
2026-05-12 23:47:00+00:00,4728.5,4729.10009765625,4728.2001953125,4728.2998046875,27
2026-05-12 23:48:00+00:00,4723.10009765625,4728.60009765625,4723.0,4728.60009765625,125
2026-05-12 23:49:00+00:00,4723.60009765625,4725.7001953125,4723.2998046875,4723.7998046875,46
2026-05-12 23:50:00+00:00,4723.7998046875,4726.0,4723.5,4723.7998046875,36
2026-05-12 23:51:00+00:00,4724.89990234375,4725.7001953125,4723.89990234375,4723.89990234375,23
2026-05-12 23:52:00+00:00,4723.7001953125,4724.7001953125,4723.5,4724.7001953125,37
2026-05-12 23:53:00+00:00,4726.60009765625,4727.39990234375,4723.7001953125,4723.89990234375,51
2026-05-12 23:54:00+00:00,4725.0,4726.60009765625,4725.0,4726.0,19
2026-05-12 23:55:00+00:00,4724.60009765625,4726.0,4724.0,4725.2998046875,29
2026-05-12 23:56:00+00:00,4726.0,4726.2001953125,4723.60009765625,4724.0,43
2026-05-12 23:57:00+00:00,4725.89990234375,4726.7998046875,4724.2001953125,4725.5,69
2026-05-12 23:58:00+00:00,4725.39990234375,4726.2001953125,4725.10009765625,4725.5,13
2026-05-12 23:59:00+00:00,4724.7001953125,4725.7001953125,4724.7001953125,4725.5,24
2026-05-13 00:00:00+00:00,4727.0,4729.60009765625,4723.5,4724.5,151
2026-05-13 00:01:00+00:00,4723.89990234375,4727.5,4723.89990234375,4727.5,24
2026-05-13 00:02:00+00:00,4727.0,4727.0,4722.7001953125,4723.39990234375,78
2026-05-13 00:03:00+00:00,4730.89990234375,4731.0,4726.60009765625,4726.60009765625,77
2026-05-13 00:04:00+00:00,4733.0,4733.89990234375,4730.0,4730.7001953125,119
2026-05-13 00:05:00+00:00,4731.60009765625,4734.7998046875,4731.2001953125,4732.39990234375,122
2026-05-13 00:06:00+00:00,4731.2001953125,4732.2998046875,4730.7001953125,4731.7001953125,45
2026-05-13 00:07:00+00:00,4731.2998046875,4732.7001953125,4731.0,4731.89990234375,24
2026-05-13 00:08:00+00:00,4731.39990234375,4731.39990234375,4728.7001953125,4731.2001953125,80
2026-05-13 00:09:00+00:00,4729.10009765625,4732.39990234375,4729.10009765625,4731.10009765625,31
2026-05-13 00:10:00+00:00,4731.2001953125,4731.7998046875,4729.2998046875,4729.2998046875,43
2026-05-13 00:11:00+00:00,4731.2998046875,4731.7001953125,4729.7998046875,4731.2001953125,92
2026-05-13 00:12:00+00:00,4730.2001953125,4732.0,4730.0,4731.5,34
2026-05-13 00:13:00+00:00,4729.7001953125,4730.60009765625,4729.2001953125,4730.39990234375,23
2026-05-13 00:14:00+00:00,4728.2998046875,4730.5,4728.2998046875,4730.0,32
2026-05-13 00:15:00+00:00,4730.10009765625,4730.2001953125,4727.7001953125,4728.60009765625,39
2026-05-13 00:16:00+00:00,4730.89990234375,4731.89990234375,4729.10009765625,4730.10009765625,27
2026-05-13 00:17:00+00:00,4731.89990234375,4733.39990234375,4729.7998046875,4729.89990234375,53
2026-05-13 00:18:00+00:00,4731.2001953125,4733.2001953125,4731.10009765625,4732.2998046875,79
2026-05-13 00:19:00+00:00,4733.0,4733.0,4728.7998046875,4731.7001953125,123
2026-05-13 00:20:00+00:00,4733.10009765625,4733.2001953125,4731.2001953125,4732.5,69
2026-05-13 00:21:00+00:00,4732.0,4733.39990234375,4731.2998046875,4732.2001953125,39
2026-05-13 00:22:00+00:00,4733.7001953125,4733.7001953125,4731.2998046875,4732.0,54
2026-05-13 00:23:00+00:00,4733.7998046875,4734.5,4733.0,4733.60009765625,57
2026-05-13 00:24:00+00:00,4732.7998046875,4733.0,4731.7998046875,4733.0,37
2026-05-13 00:25:00+00:00,4731.5,4732.7998046875,4731.5,4732.5,28
2026-05-13 00:26:00+00:00,4732.2998046875,4732.7001953125,4731.7001953125,4731.89990234375,35
2026-05-13 00:27:00+00:00,4731.2998046875,4732.2998046875,4731.0,4732.2998046875,21
2026-05-13 00:28:00+00:00,4729.7001953125,4731.5,4728.7001953125,4731.0,38
2026-05-13 00:29:00+00:00,4730.89990234375,4730.89990234375,4729.10009765625,4729.2998046875,20
2026-05-13 00:30:00+00:00,4731.10009765625,4731.10009765625,4729.5,4730.0,11
2026-05-13 00:31:00+00:00,4730.39990234375,4731.5,4730.2001953125,4731.2998046875,12
2026-05-13 00:32:00+00:00,4728.2998046875,4730.39990234375,4728.2998046875,4730.10009765625,35
2026-05-13 00:33:00+00:00,4728.2001953125,4729.10009765625,4727.5,4728.60009765625,29
2026-05-13 00:34:00+00:00,4728.5,4728.60009765625,4727.10009765625,4728.39990234375,41
2026-05-13 00:35:00+00:00,4728.0,4728.89990234375,4727.89990234375,4728.2001953125,19
2026-05-13 00:36:00+00:00,4724.7998046875,4728.0,4724.7998046875,4727.89990234375,61
2026-05-13 00:37:00+00:00,4727.89990234375,4727.89990234375,4724.5,4724.89990234375,39
2026-05-13 00:38:00+00:00,4726.39990234375,4727.5,4726.39990234375,4727.5,35
2026-05-13 00:39:00+00:00,4730.5,4730.7001953125,4725.7001953125,4726.10009765625,89
2026-05-13 00:40:00+00:00,4732.5,4733.39990234375,4729.5,4730.0,69
2026-05-13 00:41:00+00:00,4731.89990234375,4732.5,4731.0,4732.2001953125,22
2026-05-13 00:42:00+00:00,4730.5,4731.0,4729.5,4730.5,32
2026-05-13 00:43:00+00:00,4729.5,4730.2998046875,4729.5,4730.2001953125,11
2026-05-13 00:44:00+00:00,4728.2998046875,4729.2001953125,4728.2998046875,4729.0,15
2026-05-13 00:45:00+00:00,4725.5,4728.39990234375,4725.10009765625,4728.0,24
2026-05-13 00:46:00+00:00,4726.39990234375,4726.5,4725.2001953125,4725.7001953125,16
2026-05-13 00:47:00+00:00,4726.39990234375,4726.39990234375,4724.7001953125,4725.7001953125,32
2026-05-13 00:48:00+00:00,4726.2001953125,4726.7998046875,4725.7001953125,4726.60009765625,16
2026-05-13 00:49:00+00:00,4724.7001953125,4726.60009765625,4724.39990234375,4726.2998046875,25
2026-05-13 00:50:00+00:00,4725.2998046875,4725.2998046875,4724.60009765625,4725.2001953125,11
2026-05-13 00:51:00+00:00,4727.2998046875,4727.39990234375,4724.10009765625,4725.0,34
2026-05-13 00:52:00+00:00,4725.7998046875,4728.0,4725.39990234375,4727.39990234375,24
2026-05-13 00:53:00+00:00,4725.10009765625,4726.39990234375,4725.0,4726.0,29
2026-05-13 00:54:00+00:00,4724.7001953125,4725.2001953125,4723.10009765625,4724.89990234375,58
2026-05-13 00:55:00+00:00,4724.2998046875,4726.5,4724.2001953125,4725.10009765625,71
2026-05-13 00:56:00+00:00,4725.39990234375,4726.0,4723.5,4724.7998046875,92
2026-05-13 00:57:00+00:00,4724.7998046875,4726.0,4724.2001953125,4725.89990234375,62
2026-05-13 00:58:00+00:00,4726.2001953125,4726.2001953125,4724.7998046875,4725.0,32
2026-05-13 00:59:00+00:00,4723.0,4725.7998046875,4721.0,4725.7998046875,119
2026-05-13 01:00:00+00:00,4721.89990234375,4725.10009765625,4717.89990234375,4722.60009765625,551
2026-05-13 01:01:00+00:00,4718.2998046875,4723.0,4717.2001953125,4722.39990234375,167
2026-05-13 01:02:00+00:00,4722.2001953125,4723.89990234375,4715.89990234375,4718.7001953125,175
2026-05-13 01:03:00+00:00,4719.39990234375,4720.89990234375,4717.7001953125,4720.60009765625,61
2026-05-13 01:04:00+00:00,4719.7001953125,4720.89990234375,4718.7001953125,4720.39990234375,26
2026-05-13 01:05:00+00:00,4717.39990234375,4720.10009765625,4716.5,4719.7998046875,69
2026-05-13 01:06:00+00:00,4718.0,4718.7001953125,4717.0,4717.39990234375,33
2026-05-13 01:07:00+00:00,4715.7998046875,4718.10009765625,4715.39990234375,4717.89990234375,57
2026-05-13 01:08:00+00:00,4719.2001953125,4721.5,4715.60009765625,4715.60009765625,100
2026-05-13 01:09:00+00:00,4721.39990234375,4721.5,4719.2998046875,4719.60009765625,57
2026-05-13 01:10:00+00:00,4722.89990234375,4723.7998046875,4720.2998046875,4721.10009765625,73
2026-05-13 01:11:00+00:00,4723.2998046875,4724.5,4722.39990234375,4722.89990234375,95
2026-05-13 01:12:00+00:00,4722.7001953125,4724.0,4722.2998046875,4723.39990234375,37
2026-05-13 01:13:00+00:00,4719.39990234375,4723.39990234375,4719.39990234375,4723.39990234375,86
2026-05-13 01:14:00+00:00,4717.60009765625,4720.0,4717.5,4719.7001953125,63
2026-05-13 01:15:00+00:00,4716.5,4718.2001953125,4715.5,4718.0,72
2026-05-13 01:16:00+00:00,4716.0,4716.7998046875,4715.0,4716.5,70
2026-05-13 01:17:00+00:00,4714.39990234375,4716.10009765625,4713.7001953125,4716.10009765625,99
2026-05-13 01:18:00+00:00,4715.39990234375,4715.60009765625,4712.89990234375,4714.0,145
2026-05-13 01:19:00+00:00,4714.89990234375,4715.7001953125,4713.7998046875,4715.2998046875,42
2026-05-13 01:20:00+00:00,4713.2998046875,4714.7001953125,4712.89990234375,4714.2998046875,47
2026-05-13 01:21:00+00:00,4715.5,4716.10009765625,4712.89990234375,4713.2001953125,177
2026-05-13 01:22:00+00:00,4716.60009765625,4717.2998046875,4715.7001953125,4715.7998046875,80
2026-05-13 01:23:00+00:00,4717.10009765625,4718.0,4716.7998046875,4716.7998046875,104
2026-05-13 01:24:00+00:00,4715.5,4717.2998046875,4715.2001953125,4717.0,108
2026-05-13 01:25:00+00:00,4714.2998046875,4715.89990234375,4713.2998046875,4715.89990234375,70
2026-05-13 01:26:00+00:00,4713.89990234375,4714.60009765625,4713.2998046875,4714.60009765625,69
2026-05-13 01:27:00+00:00,4713.0,4713.89990234375,4711.5,4713.7001953125,83
2026-05-13 01:28:00+00:00,4711.60009765625,4713.7998046875,4711.5,4712.39990234375,93
2026-05-13 01:29:00+00:00,4712.2001953125,4712.39990234375,4710.89990234375,4711.60009765625,69
2026-05-13 01:30:00+00:00,4712.2001953125,4713.10009765625,4710.89990234375,4712.39990234375,73
2026-05-13 01:31:00+00:00,4711.39990234375,4713.0,4711.0,4711.89990234375,47
2026-05-13 01:32:00+00:00,4713.39990234375,4713.39990234375,4710.89990234375,4711.0,85
2026-05-13 01:33:00+00:00,4712.2998046875,4713.89990234375,4711.2998046875,4713.39990234375,39
2026-05-13 01:34:00+00:00,4712.7998046875,4713.5,4711.2998046875,4712.0,87
2026-05-13 01:35:00+00:00,4711.10009765625,4713.39990234375,4710.0,4713.39990234375,168
2026-05-13 01:36:00+00:00,4713.89990234375,4713.89990234375,4710.2998046875,4711.0,80
2026-05-13 01:37:00+00:00,4713.39990234375,4715.0,4712.60009765625,4713.5,47
2026-05-13 01:38:00+00:00,4713.7998046875,4713.7998046875,4712.2998046875,4713.7001953125,11
2026-05-13 01:39:00+00:00,4714.10009765625,4714.7001953125,4713.2998046875,4714.10009765625,29
2026-05-13 01:40:00+00:00,4714.5,4715.0,4712.7001953125,4714.2998046875,29
2026-05-13 01:41:00+00:00,4715.2998046875,4715.2998046875,4713.39990234375,4713.7998046875,58
2026-05-13 01:42:00+00:00,4718.2998046875,4718.5,4715.10009765625,4715.2998046875,121
2026-05-13 01:43:00+00:00,4717.39990234375,4718.5,4716.2998046875,4718.39990234375,73
2026-05-13 01:44:00+00:00,4717.2998046875,4718.10009765625,4716.2001953125,4716.39990234375,47
2026-05-13 01:45:00+00:00,4716.39990234375,4718.0,4716.0,4717.2998046875,13
2026-05-13 01:46:00+00:00,4716.60009765625,4716.89990234375,4715.7998046875,4716.60009765625,17
2026-05-13 01:47:00+00:00,4716.2001953125,4716.2001953125,4714.7998046875,4715.7998046875,24
2026-05-13 01:48:00+00:00,4716.39990234375,4716.89990234375,4715.2998046875,4715.7001953125,9
2026-05-13 01:49:00+00:00,4718.2998046875,4719.2001953125,4716.60009765625,4716.60009765625,60
2026-05-13 01:50:00+00:00,4717.2001953125,4718.39990234375,4716.7998046875,4718.39990234375,39
2026-05-13 01:51:00+00:00,4717.7998046875,4718.0,4716.7998046875,4716.89990234375,13
2026-05-13 01:52:00+00:00,4715.10009765625,4718.10009765625,4714.7001953125,4718.10009765625,41
2026-05-13 01:53:00+00:00,4715.7001953125,4715.7001953125,4714.2001953125,4715.2001953125,22
2026-05-13 01:54:00+00:00,4714.5,4716.0,4714.39990234375,4716.0,44
2026-05-13 01:55:00+00:00,4714.39990234375,4714.60009765625,4713.5,4714.0,36
2026-05-13 01:56:00+00:00,4712.39990234375,4715.0,4712.2998046875,4715.0,46
2026-05-13 01:57:00+00:00,4710.0,4712.10009765625,4709.2998046875,4712.0,117
2026-05-13 01:58:00+00:00,4709.5,4711.2998046875,4709.39990234375,4710.2001953125,51
2026-05-13 01:59:00+00:00,4710.89990234375,4711.2001953125,4709.2001953125,4709.7998046875,63
2026-05-13 02:00:00+00:00,4711.39990234375,4712.5,4709.7998046875,4710.5,51
2026-05-13 02:01:00+00:00,4712.60009765625,4712.7998046875,4711.10009765625,4711.5,46
2026-05-13 02:02:00+00:00,4714.10009765625,4714.60009765625,4712.5,4712.5,48
2026-05-13 02:03:00+00:00,4715.2998046875,4715.5,4714.0,4714.0,61
2026-05-13 02:04:00+00:00,4714.7001953125,4715.7001953125,4714.39990234375,4715.10009765625,26
2026-05-13 02:05:00+00:00,4714.89990234375,4714.89990234375,4713.7001953125,4714.2998046875,13
2026-05-13 02:06:00+00:00,4712.60009765625,4715.0,4712.0,4714.60009765625,103
2026-05-13 02:07:00+00:00,4708.7998046875,4712.60009765625,4708.10009765625,4712.60009765625,137
2026-05-13 02:08:00+00:00,4708.60009765625,4709.2001953125,4708.0,4709.2001953125,107
2026-05-13 02:09:00+00:00,4708.0,4708.5,4707.10009765625,4708.5,94
2026-05-13 02:10:00+00:00,4708.7998046875,4709.7001953125,4707.60009765625,4708.0,57
2026-05-13 02:11:00+00:00,4710.5,4711.0,4708.5,4708.5,86
2026-05-13 02:12:00+00:00,4711.39990234375,4711.7001953125,4710.7998046875,4711.0,34
2026-05-13 02:13:00+00:00,4710.60009765625,4711.7001953125,4710.10009765625,4711.39990234375,21
2026-05-13 02:14:00+00:00,4709.89990234375,4710.89990234375,4709.89990234375,4710.7998046875,19
2026-05-13 02:15:00+00:00,4711.39990234375,4711.60009765625,4709.10009765625,4709.10009765625,100
2026-05-13 02:16:00+00:00,4710.2001953125,4711.7001953125,4709.89990234375,4711.10009765625,54
2026-05-13 02:17:00+00:00,4708.60009765625,4709.89990234375,4708.5,4709.89990234375,67
2026-05-13 02:18:00+00:00,4707.7001953125,4709.10009765625,4707.2998046875,4709.10009765625,46
2026-05-13 02:19:00+00:00,4711.2001953125,4711.2001953125,4707.0,4707.39990234375,100
2026-05-13 02:20:00+00:00,4710.7998046875,4711.39990234375,4709.89990234375,4710.89990234375,38
2026-05-13 02:21:00+00:00,4709.60009765625,4710.2998046875,4709.60009765625,4710.2998046875,13
2026-05-13 02:22:00+00:00,4710.5,4711.2998046875,4709.5,4709.7001953125,30
2026-05-13 02:23:00+00:00,4711.10009765625,4711.10009765625,4710.5,4710.7998046875,9
2026-05-13 02:24:00+00:00,4712.0,4712.2001953125,4710.39990234375,4710.89990234375,43
2026-05-13 02:25:00+00:00,4711.89990234375,4711.89990234375,4710.7998046875,4711.2001953125,24
2026-05-13 02:26:00+00:00,4712.39990234375,4712.39990234375,4711.10009765625,4711.5,28
2026-05-13 02:27:00+00:00,4708.5,4712.0,4708.2998046875,4712.0,106
2026-05-13 02:28:00+00:00,4707.7998046875,4708.5,4705.7001953125,4708.5,141
2026-05-13 02:29:00+00:00,4708.10009765625,4709.2001953125,4708.0,4708.10009765625,31
2026-05-13 02:30:00+00:00,4704.89990234375,4708.7001953125,4704.7001953125,4708.7001953125,75
2026-05-13 02:31:00+00:00,4705.7001953125,4706.39990234375,4704.2001953125,4705.0,71
2026-05-13 02:32:00+00:00,4705.2001953125,4705.89990234375,4704.60009765625,4705.39990234375,35
2026-05-13 02:33:00+00:00,4705.10009765625,4706.2001953125,4704.2001953125,4705.7001953125,64
2026-05-13 02:34:00+00:00,4704.39990234375,4705.2001953125,4704.10009765625,4704.7001953125,19
2026-05-13 02:35:00+00:00,4706.39990234375,4707.10009765625,4704.0,4704.2998046875,45
2026-05-13 02:36:00+00:00,4704.5,4706.39990234375,4703.89990234375,4706.39990234375,31
2026-05-13 02:37:00+00:00,4704.0,4704.2998046875,4703.2998046875,4704.2001953125,43
2026-05-13 02:38:00+00:00,4705.7998046875,4705.7998046875,4704.60009765625,4704.60009765625,36
2026-05-13 02:39:00+00:00,4703.10009765625,4705.7998046875,4703.10009765625,4705.7998046875,25
2026-05-13 02:40:00+00:00,4704.7001953125,4704.7001953125,4704.39990234375,4704.5,7
2026-05-13 02:41:00+00:00,4705.2001953125,4706.2001953125,4704.39990234375,4704.39990234375,10
2026-05-13 02:42:00+00:00,4705.60009765625,4706.2001953125,4705.0,4705.2001953125,15
2026-05-13 02:43:00+00:00,4702.60009765625,4705.39990234375,4702.2001953125,4705.2001953125,262
2026-05-13 02:44:00+00:00,4702.60009765625,4703.7001953125,4702.39990234375,4702.7001953125,127
2026-05-13 02:45:00+00:00,4702.7998046875,4703.2998046875,4702.0,4702.60009765625,71
2026-05-13 02:46:00+00:00,4701.7998046875,4702.89990234375,4700.7001953125,4702.7001953125,75
2026-05-13 02:47:00+00:00,4703.10009765625,4703.39990234375,4700.7998046875,4701.0,100
2026-05-13 02:48:00+00:00,4703.5,4704.5,4701.7001953125,4703.2998046875,75
2026-05-13 02:49:00+00:00,4704.60009765625,4704.60009765625,4703.2001953125,4703.60009765625,23
2026-05-13 02:50:00+00:00,4701.39990234375,4705.2998046875,4701.2998046875,4704.7998046875,145
2026-05-13 02:51:00+00:00,4702.0,4702.60009765625,4700.2998046875,4701.5,169
2026-05-13 02:52:00+00:00,4701.0,4701.7001953125,4700.2998046875,4701.60009765625,110
2026-05-13 02:53:00+00:00,4700.5,4702.10009765625,4700.2001953125,4701.2001953125,94
2026-05-13 02:54:00+00:00,4697.2998046875,4701.2998046875,4697.2998046875,4700.60009765625,165
2026-05-13 02:55:00+00:00,4697.7001953125,4698.60009765625,4696.0,4697.7001953125,177
2026-05-13 02:56:00+00:00,4699.7998046875,4700.7001953125,4697.2998046875,4697.2998046875,117
2026-05-13 02:57:00+00:00,4699.7998046875,4700.60009765625,4697.89990234375,4699.7001953125,63
2026-05-13 02:58:00+00:00,4701.0,4701.89990234375,4699.5,4700.0,71
2026-05-13 02:59:00+00:00,4700.60009765625,4701.60009765625,4700.2001953125,4701.2998046875,19
2026-05-13 03:00:00+00:00,4700.7001953125,4702.0,4699.7001953125,4700.5,46
2026-05-13 03:01:00+00:00,4699.10009765625,4701.0,4699.10009765625,4700.7001953125,63
2026-05-13 03:02:00+00:00,4697.10009765625,4699.39990234375,4697.10009765625,4698.89990234375,95
2026-05-13 03:03:00+00:00,4698.5,4698.7001953125,4697.10009765625,4697.60009765625,53
2026-05-13 03:04:00+00:00,4700.7001953125,4702.10009765625,4698.0,4698.60009765625,100
2026-05-13 03:05:00+00:00,4701.0,4701.2001953125,4700.7998046875,4701.2001953125,12
2026-05-13 03:06:00+00:00,4700.7998046875,4701.39990234375,4700.7998046875,4701.2998046875,7
2026-05-13 03:07:00+00:00,4699.7998046875,4700.60009765625,4699.2001953125,4700.60009765625,18
2026-05-13 03:08:00+00:00,4698.7001953125,4700.2001953125,4698.7001953125,4699.2998046875,17
2026-05-13 03:09:00+00:00,4697.39990234375,4698.89990234375,4697.10009765625,4698.7998046875,48
2026-05-13 03:10:00+00:00,4699.2001953125,4700.2998046875,4697.39990234375,4698.0,48
2026-05-13 03:11:00+00:00,4699.2001953125,4699.2001953125,4699.0,4699.10009765625,4
2026-05-13 03:12:00+00:00,4700.5,4700.5,4699.5,4699.5,12
2026-05-13 03:13:00+00:00,4701.7001953125,4702.10009765625,4700.7001953125,4700.7001953125,63
2026-05-13 03:14:00+00:00,4700.7001953125,4702.7001953125,4699.39990234375,4702.0,85
2026-05-13 03:15:00+00:00,4701.7998046875,4702.10009765625,4700.2998046875,4700.7001953125,71
2026-05-13 03:16:00+00:00,4701.39990234375,4702.10009765625,4700.7001953125,4701.7998046875,21
2026-05-13 03:17:00+00:00,4699.60009765625,4701.2998046875,4699.2998046875,4701.2001953125,25
2026-05-13 03:18:00+00:00,4701.2998046875,4701.2998046875,4699.2001953125,4699.5,67
2026-05-13 03:19:00+00:00,4702.5,4702.60009765625,4701.10009765625,4701.2001953125,45
2026-05-13 03:20:00+00:00,4703.7001953125,4703.89990234375,4702.0,4702.0,45
2026-05-13 03:21:00+00:00,4703.7998046875,4704.39990234375,4703.39990234375,4704.0,29
2026-05-13 03:22:00+00:00,4702.2998046875,4703.5,4702.10009765625,4703.5,26
2026-05-13 03:23:00+00:00,4703.5,4704.0,4702.39990234375,4702.5,30
2026-05-13 03:24:00+00:00,4703.39990234375,4703.7001953125,4702.7998046875,4703.5,32
2026-05-13 03:25:00+00:00,4704.2001953125,4704.2998046875,4703.39990234375,4703.39990234375,33
2026-05-13 03:26:00+00:00,4705.39990234375,4706.10009765625,4704.39990234375,4704.39990234375,65
2026-05-13 03:27:00+00:00,4706.2001953125,4706.7001953125,4705.7998046875,4705.7998046875,35
2026-05-13 03:28:00+00:00,4708.0,4708.2001953125,4705.10009765625,4706.39990234375,77
2026-05-13 03:29:00+00:00,4708.7001953125,4708.7998046875,4707.7998046875,4707.7998046875,139
2026-05-13 03:30:00+00:00,4709.7998046875,4710.10009765625,4708.39990234375,4708.39990234375,83
2026-05-13 03:31:00+00:00,4710.0,4710.7998046875,4709.2998046875,4709.7001953125,160
2026-05-13 03:32:00+00:00,4708.2998046875,4710.2001953125,4708.2998046875,4710.2001953125,98
2026-05-13 03:33:00+00:00,4711.7998046875,4712.5,4708.2998046875,4708.39990234375,104
2026-05-13 03:34:00+00:00,4711.5,4712.39990234375,4711.5,4711.7998046875,36
2026-05-13 03:35:00+00:00,4712.39990234375,4713.39990234375,4711.10009765625,4711.60009765625,35
2026-05-13 03:36:00+00:00,4712.5,4712.7998046875,4712.2001953125,4712.60009765625,9
2026-05-13 03:37:00+00:00,4713.0,4713.60009765625,4712.2001953125,4712.5,51
2026-05-13 03:38:00+00:00,4712.89990234375,4714.2998046875,4712.5,4713.2001953125,81
2026-05-13 03:39:00+00:00,4712.2001953125,4712.89990234375,4712.2001953125,4712.7001953125,16
2026-05-13 03:40:00+00:00,4713.2001953125,4713.39990234375,4712.2001953125,4712.2001953125,33
2026-05-13 03:41:00+00:00,4713.0,4713.2998046875,4712.39990234375,4713.2001953125,13
2026-05-13 03:42:00+00:00,4712.60009765625,4713.2001953125,4712.10009765625,4713.10009765625,28
2026-05-13 03:43:00+00:00,4711.7998046875,4713.0,4711.7001953125,4712.89990234375,30
2026-05-13 03:44:00+00:00,4712.2001953125,4712.39990234375,4711.39990234375,4711.7998046875,33
2026-05-13 03:45:00+00:00,4710.7998046875,4712.2998046875,4710.7001953125,4712.2998046875,35
2026-05-13 03:46:00+00:00,4712.5,4713.5,4710.7001953125,4710.7001953125,67
2026-05-13 03:47:00+00:00,4710.7998046875,4712.39990234375,4710.7998046875,4712.39990234375,54
2026-05-13 03:48:00+00:00,4711.0,4711.60009765625,4710.2998046875,4710.60009765625,49
2026-05-13 03:49:00+00:00,4710.5,4711.39990234375,4710.39990234375,4711.2001953125,24
2026-05-13 03:50:00+00:00,4708.7001953125,4710.60009765625,4708.7001953125,4710.5,65
2026-05-13 03:51:00+00:00,4707.2998046875,4709.10009765625,4707.2001953125,4709.10009765625,56
2026-05-13 03:52:00+00:00,4708.39990234375,4708.39990234375,4707.2998046875,4707.2998046875,20
2026-05-13 03:53:00+00:00,4706.2998046875,4708.0,4705.7998046875,4708.0,65
2026-05-13 03:54:00+00:00,4705.10009765625,4706.2001953125,4704.5,4706.2001953125,145
2026-05-13 03:55:00+00:00,4704.7998046875,4705.7998046875,4704.7998046875,4705.10009765625,46
2026-05-13 03:56:00+00:00,4704.0,4704.89990234375,4703.7001953125,4704.60009765625,51
2026-05-13 03:57:00+00:00,4703.60009765625,4704.39990234375,4702.0,4703.7001953125,89
2026-05-13 03:58:00+00:00,4703.0,4703.7001953125,4702.60009765625,4703.2001953125,42
2026-05-13 04:00:00+00:00,4703.89990234375,4705.2998046875,4703.7998046875,4704.5,32
2026-05-13 04:01:00+00:00,4705.60009765625,4705.7998046875,4703.39990234375,4703.89990234375,25
2026-05-13 04:02:00+00:00,4705.5,4706.5,4705.5,4705.5,23
2026-05-13 04:03:00+00:00,4704.60009765625,4705.7998046875,4704.60009765625,4705.2001953125,25
2026-05-13 04:04:00+00:00,4705.2001953125,4705.89990234375,4704.7001953125,4704.7001953125,11
2026-05-13 04:05:00+00:00,4706.5,4706.60009765625,4705.5,4705.7001953125,14
2026-05-13 04:06:00+00:00,4706.2001953125,4707.0,4705.7001953125,4706.7001953125,28
2026-05-13 04:07:00+00:00,4705.39990234375,4705.7001953125,4703.60009765625,4705.39990234375,91
2026-05-13 04:08:00+00:00,4705.0,4705.7001953125,4704.60009765625,4705.10009765625,25
2026-05-13 04:09:00+00:00,4704.2001953125,4705.5,4704.2001953125,4705.2001953125,20
2026-05-13 04:10:00+00:00,4704.7998046875,4704.7998046875,4703.7001953125,4704.7998046875,21
2026-05-13 04:11:00+00:00,4705.7001953125,4705.7001953125,4704.7998046875,4704.7998046875,8
2026-05-13 04:12:00+00:00,4705.5,4705.89990234375,4705.2001953125,4705.89990234375,9
2026-05-13 04:14:00+00:00,4706.2001953125,4706.2001953125,4705.2998046875,4705.7001953125,11
2026-05-13 04:15:00+00:00,4706.2001953125,4706.60009765625,4705.89990234375,4705.89990234375,13
2026-05-13 04:16:00+00:00,4705.89990234375,4707.2998046875,4705.89990234375,4706.7001953125,27
2026-05-13 04:17:00+00:00,4708.5,4708.89990234375,4706.2001953125,4706.2001953125,53
2026-05-13 04:18:00+00:00,4708.7998046875,4709.2001953125,4707.89990234375,4708.2001953125,30
2026-05-13 04:19:00+00:00,4710.2998046875,4710.60009765625,4709.39990234375,4709.39990234375,33
2026-05-13 04:20:00+00:00,4710.0,4711.0,4708.7998046875,4710.39990234375,44
2026-05-13 04:21:00+00:00,4710.2001953125,4710.5,4709.7998046875,4709.89990234375,33
2026-05-13 04:22:00+00:00,4710.2001953125,4711.10009765625,4710.2001953125,4710.89990234375,10
2026-05-13 04:23:00+00:00,4711.2001953125,4711.2998046875,4710.7998046875,4710.7998046875,15
2026-05-13 04:24:00+00:00,4709.60009765625,4711.0,4709.10009765625,4710.7998046875,32
2026-05-13 04:25:00+00:00,4709.5,4709.5,4708.89990234375,4709.2001953125,17
2026-05-13 04:26:00+00:00,4708.10009765625,4709.2998046875,4708.10009765625,4709.2998046875,11
2026-05-13 04:27:00+00:00,4709.5,4709.5,4708.39990234375,4708.39990234375,7
2026-05-13 04:28:00+00:00,4709.10009765625,4709.60009765625,4708.89990234375,4708.89990234375,7
2026-05-13 04:29:00+00:00,4709.39990234375,4709.5,4709.39990234375,4709.39990234375,4
2026-05-13 04:30:00+00:00,4709.60009765625,4709.7998046875,4709.60009765625,4709.7998046875,3
2026-05-13 04:31:00+00:00,4711.0,4711.39990234375,4709.39990234375,4709.39990234375,8
2026-05-13 04:32:00+00:00,4709.7998046875,4710.39990234375,4709.7001953125,4709.7998046875,13
2026-05-13 04:33:00+00:00,4709.2001953125,4709.5,4709.0,4709.5,8
2026-05-13 04:34:00+00:00,4708.2998046875,4709.10009765625,4708.2998046875,4709.0,9
2026-05-13 04:35:00+00:00,4706.89990234375,4708.2001953125,4706.89990234375,4708.10009765625,14
2026-05-13 04:36:00+00:00,4706.60009765625,4707.0,4706.2001953125,4707.0,10
2026-05-13 04:37:00+00:00,4707.10009765625,4707.39990234375,4705.7001953125,4706.60009765625,14
2026-05-13 04:38:00+00:00,4707.0,4707.7001953125,4707.0,4707.2998046875,8
2026-05-13 04:39:00+00:00,4708.7998046875,4710.2998046875,4707.60009765625,4707.60009765625,246
2026-05-13 04:40:00+00:00,4706.2001953125,4709.0,4706.0,4709.0,38
2026-05-13 04:41:00+00:00,4706.2001953125,4706.2001953125,4705.2998046875,4705.5,8
2026-05-13 04:42:00+00:00,4706.7001953125,4706.7001953125,4705.7998046875,4705.7998046875,10
2026-05-13 04:43:00+00:00,4707.2998046875,4707.5,4706.60009765625,4707.0,13
2026-05-13 04:44:00+00:00,4706.7998046875,4707.7001953125,4706.7998046875,4707.39990234375,8
2026-05-13 04:45:00+00:00,4707.10009765625,4707.2001953125,4706.7998046875,4707.10009765625,7
2026-05-13 04:46:00+00:00,4707.10009765625,4707.39990234375,4706.5,4707.39990234375,8
2026-05-13 04:47:00+00:00,4707.39990234375,4707.7998046875,4707.10009765625,4707.2998046875,8
2026-05-13 04:48:00+00:00,4708.2998046875,4709.0,4707.7001953125,4707.7001953125,25
2026-05-13 04:49:00+00:00,4709.2001953125,4709.5,4708.60009765625,4708.7001953125,8
2026-05-13 04:50:00+00:00,4709.2998046875,4710.0,4709.2998046875,4709.7998046875,10
2026-05-13 04:51:00+00:00,4708.0,4708.89990234375,4707.89990234375,4708.89990234375,8
2026-05-13 04:52:00+00:00,4707.5,4708.2001953125,4707.39990234375,4708.2001953125,5
2026-05-13 04:53:00+00:00,4709.5,4709.5,4707.39990234375,4707.39990234375,7
2026-05-13 04:54:00+00:00,4710.0,4710.0,4708.10009765625,4709.5,14
2026-05-13 04:55:00+00:00,4709.5,4709.7998046875,4708.89990234375,4709.7998046875,4
2026-05-13 04:56:00+00:00,4708.89990234375,4709.2001953125,4708.39990234375,4709.0,9
2026-05-13 04:57:00+00:00,4706.89990234375,4708.7001953125,4706.89990234375,4708.7001953125,21
2026-05-13 04:58:00+00:00,4707.0,4708.39990234375,4706.60009765625,4707.0,56
2026-05-13 04:59:00+00:00,4707.89990234375,4708.89990234375,4707.10009765625,4707.2998046875,44
2026-05-13 05:00:00+00:00,4708.2001953125,4708.2001953125,4706.7001953125,4707.5,21
2026-05-13 05:01:00+00:00,4708.7998046875,4709.7998046875,4707.89990234375,4708.2001953125,31
2026-05-13 05:02:00+00:00,4709.60009765625,4709.60009765625,4707.7998046875,4708.5,35
2026-05-13 05:03:00+00:00,4711.7998046875,4712.0,4709.7998046875,4710.10009765625,40
2026-05-13 05:04:00+00:00,4714.7001953125,4714.7001953125,4711.60009765625,4712.0,67
2026-05-13 05:05:00+00:00,4714.5,4715.7001953125,4713.7001953125,4714.5,70
2026-05-13 05:06:00+00:00,4713.2001953125,4714.7998046875,4713.2001953125,4714.7998046875,11
2026-05-13 05:07:00+00:00,4713.2998046875,4714.2001953125,4713.2998046875,4713.7001953125,33
2026-05-13 05:08:00+00:00,4713.10009765625,4713.7998046875,4713.10009765625,4713.2001953125,9
2026-05-13 05:09:00+00:00,4712.0,4712.7001953125,4711.5,4712.60009765625,36
2026-05-13 05:10:00+00:00,4713.60009765625,4713.7001953125,4712.7001953125,4712.7001953125,19
2026-05-13 05:11:00+00:00,4714.89990234375,4715.2998046875,4713.5,4713.5,17
2026-05-13 05:12:00+00:00,4713.7998046875,4715.0,4713.7998046875,4714.60009765625,6
2026-05-13 05:13:00+00:00,4713.60009765625,4714.39990234375,4712.60009765625,4713.5,33
2026-05-13 05:14:00+00:00,4713.39990234375,4713.39990234375,4712.0,4712.60009765625,17
2026-05-13 05:15:00+00:00,4712.10009765625,4713.2998046875,4712.10009765625,4713.10009765625,12
2026-05-13 05:16:00+00:00,4711.7001953125,4711.7998046875,4711.60009765625,4711.7001953125,6
2026-05-13 05:17:00+00:00,4711.10009765625,4711.7998046875,4710.39990234375,4711.10009765625,40
2026-05-13 05:18:00+00:00,4709.7998046875,4711.0,4709.2998046875,4710.89990234375,39
2026-05-13 05:19:00+00:00,4709.10009765625,4710.2001953125,4708.7001953125,4709.5,26
2026-05-13 05:20:00+00:00,4709.60009765625,4710.5,4709.0,4709.60009765625,17
2026-05-13 05:21:00+00:00,4711.0,4711.0,4709.89990234375,4709.89990234375,10
2026-05-13 05:22:00+00:00,4711.7998046875,4711.7998046875,4711.39990234375,4711.39990234375,17
2026-05-13 05:23:00+00:00,4709.7998046875,4711.7998046875,4709.7998046875,4711.7998046875,30
2026-05-13 05:24:00+00:00,4707.39990234375,4710.0,4707.0,4710.0,48
2026-05-13 05:25:00+00:00,4706.5,4707.89990234375,4706.5,4707.2998046875,34
2026-05-13 05:26:00+00:00,4707.5,4708.2998046875,4706.2001953125,4706.2001953125,50
2026-05-13 05:27:00+00:00,4706.5,4707.7001953125,4706.2998046875,4707.2001953125,30
2026-05-13 05:28:00+00:00,4706.39990234375,4706.89990234375,4706.2001953125,4706.2001953125,6
2026-05-13 05:29:00+00:00,4706.0,4706.7001953125,4705.7001953125,4706.60009765625,54
2026-05-13 05:30:00+00:00,4705.0,4706.5,4701.2998046875,4706.2998046875,227
2026-05-13 05:31:00+00:00,4704.89990234375,4706.39990234375,4703.7001953125,4705.5,63
2026-05-13 05:32:00+00:00,4705.0,4705.0,4702.0,4704.7001953125,74
2026-05-13 05:33:00+00:00,4709.5,4710.10009765625,4704.89990234375,4705.0,142
2026-05-13 05:34:00+00:00,4708.10009765625,4710.60009765625,4708.0,4709.60009765625,41
2026-05-13 05:35:00+00:00,4708.2001953125,4709.60009765625,4707.60009765625,4707.60009765625,58
2026-05-13 05:36:00+00:00,4710.0,4710.0,4708.7998046875,4709.2998046875,12
2026-05-13 05:37:00+00:00,4707.5,4709.2001953125,4707.5,4709.2001953125,29
2026-05-13 05:38:00+00:00,4707.89990234375,4708.0,4706.7998046875,4707.2001953125,31
2026-05-13 05:39:00+00:00,4708.89990234375,4709.7998046875,4707.60009765625,4708.2001953125,28
2026-05-13 05:40:00+00:00,4709.60009765625,4709.89990234375,4708.39990234375,4708.39990234375,7
2026-05-13 05:41:00+00:00,4708.10009765625,4709.7001953125,4708.0,4709.2001953125,19
2026-05-13 05:42:00+00:00,4707.2998046875,4708.2998046875,4706.7998046875,4707.60009765625,29
2026-05-13 05:43:00+00:00,4706.7001953125,4707.39990234375,4705.39990234375,4707.39990234375,38
2026-05-13 05:44:00+00:00,4704.5,4707.0,4704.0,4706.60009765625,137
2026-05-13 05:45:00+00:00,4707.39990234375,4707.7001953125,4704.60009765625,4705.10009765625,112
2026-05-13 05:46:00+00:00,4706.0,4707.60009765625,4706.0,4707.2001953125,16
2026-05-13 05:47:00+00:00,4706.0,4706.0,4704.60009765625,4704.7998046875,47
2026-05-13 05:48:00+00:00,4706.2001953125,4707.7001953125,4706.10009765625,4706.10009765625,15
2026-05-13 05:49:00+00:00,4705.60009765625,4707.7001953125,4705.60009765625,4707.2001953125,12
2026-05-13 05:50:00+00:00,4705.7998046875,4706.0,4705.5,4705.60009765625,6
2026-05-13 05:51:00+00:00,4707.7001953125,4707.7001953125,4703.7998046875,4704.5,56
2026-05-13 05:52:00+00:00,4706.7001953125,4708.7998046875,4706.7001953125,4707.89990234375,41
2026-05-13 05:53:00+00:00,4706.7998046875,4706.89990234375,4706.39990234375,4706.89990234375,5
2026-05-13 05:54:00+00:00,4707.0,4707.10009765625,4706.2001953125,4707.10009765625,10
2026-05-13 05:55:00+00:00,4707.7001953125,4708.60009765625,4707.2998046875,4707.2998046875,36
2026-05-13 05:56:00+00:00,4708.7998046875,4709.39990234375,4707.5,4707.60009765625,31
2026-05-13 05:57:00+00:00,4709.2998046875,4710.0,4708.2998046875,4709.10009765625,36
2026-05-13 05:58:00+00:00,4711.5,4711.5,4709.2998046875,4709.39990234375,16
2026-05-13 05:59:00+00:00,4711.39990234375,4713.7001953125,4710.89990234375,4710.89990234375,226
2026-05-13 06:00:00+00:00,4713.0,4713.39990234375,4711.0,4711.7998046875,84
2026-05-13 06:01:00+00:00,4714.10009765625,4714.39990234375,4712.39990234375,4713.2998046875,165
2026-05-13 06:02:00+00:00,4713.2001953125,4714.39990234375,4712.89990234375,4713.89990234375,30
2026-05-13 06:03:00+00:00,4712.0,4713.60009765625,4710.89990234375,4713.5,43
2026-05-13 06:04:00+00:00,4717.0,4717.39990234375,4712.0,4712.10009765625,107
2026-05-13 06:05:00+00:00,4717.89990234375,4718.2998046875,4716.2998046875,4717.2998046875,63
2026-05-13 06:06:00+00:00,4716.5,4718.5,4716.39990234375,4717.2001953125,48
2026-05-13 06:07:00+00:00,4715.89990234375,4717.0,4715.0,4716.39990234375,74
2026-05-13 06:08:00+00:00,4718.2998046875,4718.7001953125,4715.7001953125,4715.7001953125,171
2026-05-13 06:09:00+00:00,4718.2001953125,4720.5,4717.39990234375,4718.39990234375,117
2026-05-13 06:10:00+00:00,4717.89990234375,4719.0,4717.39990234375,4718.2001953125,62
2026-05-13 06:11:00+00:00,4717.7001953125,4718.2001953125,4716.5,4717.60009765625,36
2026-05-13 06:12:00+00:00,4718.2998046875,4719.5,4717.89990234375,4717.89990234375,80
2026-05-13 06:13:00+00:00,4718.5,4719.2998046875,4717.60009765625,4718.10009765625,51
2026-05-13 06:14:00+00:00,4718.0,4719.0,4717.2998046875,4718.5,92
2026-05-13 06:15:00+00:00,4720.39990234375,4721.60009765625,4718.2998046875,4718.2998046875,85
2026-05-13 06:16:00+00:00,4720.2998046875,4721.39990234375,4719.0,4720.7998046875,97
2026-05-13 06:17:00+00:00,4721.0,4721.2001953125,4720.2001953125,4720.5,15
2026-05-13 06:18:00+00:00,4722.10009765625,4723.10009765625,4721.60009765625,4721.7001953125,65
2026-05-13 06:19:00+00:00,4720.60009765625,4722.7001953125,4720.39990234375,4721.7998046875,39
2026-05-13 06:20:00+00:00,4718.10009765625,4720.7998046875,4718.0,4720.2001953125,96
2026-05-13 06:21:00+00:00,4716.7998046875,4718.0,4715.2998046875,4717.89990234375,77
2026-05-13 06:22:00+00:00,4716.7998046875,4717.89990234375,4716.10009765625,4716.2998046875,105
2026-05-13 06:23:00+00:00,4716.2001953125,4717.0,4715.7001953125,4716.60009765625,118
2026-05-13 06:24:00+00:00,4716.60009765625,4718.0,4716.39990234375,4717.0,63
2026-05-13 06:25:00+00:00,4717.39990234375,4717.39990234375,4716.10009765625,4716.60009765625,41
2026-05-13 06:26:00+00:00,4715.2998046875,4717.7998046875,4715.2998046875,4717.7998046875,78
2026-05-13 06:27:00+00:00,4714.89990234375,4716.39990234375,4714.5,4715.39990234375,59
2026-05-13 06:28:00+00:00,4716.7001953125,4716.7001953125,4715.2998046875,4715.2998046875,23
2026-05-13 06:29:00+00:00,4716.39990234375,4716.7998046875,4715.89990234375,4716.7998046875,20
2026-05-13 06:30:00+00:00,4716.10009765625,4716.7001953125,4715.2998046875,4716.5,55
2026-05-13 06:31:00+00:00,4716.10009765625,4717.10009765625,4715.5,4716.7001953125,22
2026-05-13 06:32:00+00:00,4715.89990234375,4716.5,4715.7998046875,4716.2001953125,28
2026-05-13 06:33:00+00:00,4717.7001953125,4717.7998046875,4715.60009765625,4715.89990234375,27
2026-05-13 06:34:00+00:00,4717.60009765625,4718.7998046875,4717.2998046875,4717.39990234375,32
2026-05-13 06:35:00+00:00,4718.60009765625,4718.60009765625,4717.0,4717.7998046875,85
2026-05-13 06:36:00+00:00,4718.60009765625,4719.0,4717.2001953125,4718.7998046875,33
2026-05-13 06:37:00+00:00,4718.7001953125,4719.0,4717.89990234375,4719.0,23
2026-05-13 06:38:00+00:00,4718.7001953125,4718.7998046875,4717.2001953125,4717.7998046875,39
2026-05-13 06:39:00+00:00,4719.60009765625,4720.60009765625,4718.89990234375,4719.0,40
2026-05-13 06:40:00+00:00,4719.10009765625,4720.60009765625,4718.7998046875,4719.60009765625,60
2026-05-13 06:41:00+00:00,4719.7998046875,4720.10009765625,4718.2001953125,4719.10009765625,23
2026-05-13 06:42:00+00:00,4719.39990234375,4720.39990234375,4719.2998046875,4720.2001953125,14
2026-05-13 06:43:00+00:00,4720.5,4721.7001953125,4718.5,4719.10009765625,77
2026-05-13 06:44:00+00:00,4719.0,4721.5,4719.0,4721.2001953125,73
2026-05-13 06:45:00+00:00,4718.2998046875,4720.2001953125,4717.7998046875,4719.2001953125,62
2026-05-13 06:46:00+00:00,4715.5,4718.39990234375,4715.39990234375,4718.39990234375,85
2026-05-13 06:47:00+00:00,4715.2998046875,4716.2001953125,4715.2998046875,4715.60009765625,30
2026-05-13 06:48:00+00:00,4716.7001953125,4717.10009765625,4715.60009765625,4715.7998046875,37
2026-05-13 06:49:00+00:00,4716.2001953125,4717.2001953125,4716.10009765625,4716.60009765625,17
2026-05-13 06:50:00+00:00,4714.0,4716.60009765625,4713.10009765625,4715.7001953125,120
2026-05-13 06:51:00+00:00,4714.2001953125,4715.2001953125,4713.2998046875,4714.2001953125,35
2026-05-13 06:52:00+00:00,4711.5,4714.39990234375,4710.5,4714.2998046875,158
2026-05-13 06:53:00+00:00,4713.7998046875,4714.39990234375,4711.0,4711.7998046875,171
2026-05-13 06:54:00+00:00,4710.5,4714.39990234375,4710.5,4713.10009765625,242
2026-05-13 06:55:00+00:00,4710.5,4712.0,4710.0,4710.7001953125,175
2026-05-13 06:56:00+00:00,4707.39990234375,4710.89990234375,4707.10009765625,4710.39990234375,196
2026-05-13 06:57:00+00:00,4707.39990234375,4708.89990234375,4706.89990234375,4707.39990234375,99
2026-05-13 06:58:00+00:00,4707.7998046875,4708.2998046875,4707.39990234375,4707.39990234375,42
2026-05-13 06:59:00+00:00,4709.7998046875,4710.10009765625,4707.7001953125,4707.7001953125,53
2026-05-13 07:00:00+00:00,4711.39990234375,4713.5,4708.7001953125,4709.7998046875,172
2026-05-13 07:01:00+00:00,4709.2001953125,4711.60009765625,4708.0,4711.39990234375,158
2026-05-13 07:02:00+00:00,4710.60009765625,4711.2001953125,4709.60009765625,4709.60009765625,67
2026-05-13 07:03:00+00:00,4711.10009765625,4713.2001953125,4710.39990234375,4711.0,75
2026-05-13 07:04:00+00:00,4709.2001953125,4710.60009765625,4708.2998046875,4710.60009765625,128
2026-05-13 07:05:00+00:00,4709.7998046875,4710.2998046875,4708.5,4709.60009765625,103
2026-05-13 07:06:00+00:00,4708.89990234375,4710.39990234375,4708.39990234375,4709.5,118
2026-05-13 07:07:00+00:00,4707.7001953125,4709.39990234375,4706.5,4708.39990234375,181
2026-05-13 07:08:00+00:00,4706.10009765625,4708.0,4705.0,4707.60009765625,259
2026-05-13 07:09:00+00:00,4706.39990234375,4708.2001953125,4704.7998046875,4705.60009765625,117
2026-05-13 07:10:00+00:00,4706.7998046875,4707.2001953125,4705.60009765625,4706.7001953125,115
2026-05-13 07:11:00+00:00,4708.0,4710.10009765625,4706.10009765625,4706.7998046875,174
2026-05-13 07:12:00+00:00,4709.5,4709.89990234375,4707.89990234375,4708.7998046875,54
2026-05-13 07:13:00+00:00,4710.89990234375,4711.2998046875,4708.60009765625,4709.10009765625,63
2026-05-13 07:14:00+00:00,4709.89990234375,4710.7998046875,4709.7998046875,4710.5,57
2026-05-13 07:15:00+00:00,4713.7001953125,4714.60009765625,4709.7998046875,4710.10009765625,133
2026-05-13 07:16:00+00:00,4712.5,4714.10009765625,4712.0,4713.5,72
2026-05-13 07:17:00+00:00,4711.39990234375,4712.7001953125,4710.7998046875,4712.60009765625,104
2026-05-13 07:18:00+00:00,4713.7998046875,4713.7998046875,4711.7998046875,4712.0,72
2026-05-13 07:19:00+00:00,4713.7998046875,4714.7998046875,4713.5,4714.0,67
2026-05-13 07:20:00+00:00,4715.5,4715.89990234375,4713.10009765625,4713.39990234375,85
2026-05-13 07:21:00+00:00,4714.7998046875,4716.5,4713.5,4715.39990234375,124
2026-05-13 07:22:00+00:00,4712.39990234375,4714.89990234375,4712.10009765625,4714.89990234375,34
2026-05-13 07:23:00+00:00,4713.39990234375,4713.39990234375,4711.89990234375,4712.39990234375,32
2026-05-13 07:24:00+00:00,4712.7998046875,4713.89990234375,4712.39990234375,4713.60009765625,13
2026-05-13 07:25:00+00:00,4714.2998046875,4714.5,4712.7998046875,4712.7998046875,55
2026-05-13 07:26:00+00:00,4714.89990234375,4715.10009765625,4714.10009765625,4714.2998046875,29
2026-05-13 07:27:00+00:00,4715.2001953125,4715.2998046875,4713.2998046875,4715.2998046875,60
2026-05-13 07:28:00+00:00,4715.60009765625,4716.60009765625,4715.5,4715.60009765625,31
2026-05-13 07:29:00+00:00,4715.7001953125,4715.7998046875,4714.89990234375,4715.2001953125,20
2026-05-13 07:30:00+00:00,4714.0,4715.60009765625,4713.10009765625,4715.0,95
2026-05-13 07:31:00+00:00,4713.60009765625,4714.60009765625,4713.39990234375,4713.7998046875,14
2026-05-13 07:32:00+00:00,4713.7998046875,4713.7998046875,4712.2998046875,4713.39990234375,16
2026-05-13 07:33:00+00:00,4713.39990234375,4713.7001953125,4712.89990234375,4713.7001953125,7
2026-05-13 07:34:00+00:00,4714.0,4714.7001953125,4713.60009765625,4713.89990234375,15
2026-05-13 07:35:00+00:00,4715.60009765625,4715.60009765625,4713.60009765625,4714.2001953125,18
2026-05-13 07:36:00+00:00,4714.2001953125,4715.2001953125,4714.2001953125,4715.2001953125,35
2026-05-13 07:37:00+00:00,4712.89990234375,4714.39990234375,4712.89990234375,4714.2998046875,10
2026-05-13 07:38:00+00:00,4712.5,4712.89990234375,4711.89990234375,4712.89990234375,18
2026-05-13 07:39:00+00:00,4711.2001953125,4712.5,4710.5,4712.5,186
2026-05-13 07:40:00+00:00,4712.7001953125,4712.7001953125,4711.2001953125,4711.39990234375,14
2026-05-13 07:41:00+00:00,4712.60009765625,4712.7998046875,4711.89990234375,4712.7001953125,42
2026-05-13 07:42:00+00:00,4711.2001953125,4712.7001953125,4711.2001953125,4712.7001953125,20
2026-05-13 07:43:00+00:00,4712.0,4712.10009765625,4711.2998046875,4711.2998046875,19
2026-05-13 07:44:00+00:00,4711.0,4712.60009765625,4711.0,4712.2001953125,23
2026-05-13 07:45:00+00:00,4712.2001953125,4712.39990234375,4711.10009765625,4711.39990234375,30
2026-05-13 07:46:00+00:00,4710.7998046875,4712.60009765625,4710.7998046875,4712.2998046875,77
2026-05-13 07:47:00+00:00,4711.2001953125,4712.2001953125,4711.10009765625,4711.5,29
2026-05-13 07:48:00+00:00,4711.2998046875,4711.5,4710.7998046875,4710.89990234375,158
2026-05-13 07:49:00+00:00,4711.5,4711.5,4709.2001953125,4711.0,168
2026-05-13 07:50:00+00:00,4710.2001953125,4712.0,4709.7998046875,4711.5,229
2026-05-13 07:51:00+00:00,4710.60009765625,4710.60009765625,4709.2998046875,4709.7998046875,64
2026-05-13 07:52:00+00:00,4710.0,4712.0,4709.89990234375,4710.7001953125,36
2026-05-13 07:53:00+00:00,4710.60009765625,4711.2998046875,4710.0,4710.10009765625,66
2026-05-13 07:54:00+00:00,4709.89990234375,4710.7001953125,4709.0,4710.60009765625,70
2026-05-13 07:55:00+00:00,4710.39990234375,4711.0,4710.2001953125,4710.39990234375,47
2026-05-13 07:56:00+00:00,4710.39990234375,4711.2001953125,4709.60009765625,4709.89990234375,36
2026-05-13 07:57:00+00:00,4710.10009765625,4710.7001953125,4709.89990234375,4710.7001953125,19
2026-05-13 07:58:00+00:00,4710.7998046875,4711.10009765625,4709.60009765625,4710.0,32
2026-05-13 07:59:00+00:00,4710.39990234375,4711.7001953125,4710.39990234375,4711.7001953125,17
2026-05-13 08:00:00+00:00,4710.7001953125,4711.2998046875,4708.5,4710.2998046875,89
2026-05-13 08:01:00+00:00,4711.2001953125,4712.0,4709.5,4711.2001953125,44
2026-05-13 08:02:00+00:00,4711.10009765625,4711.10009765625,4710.89990234375,4710.89990234375,10
2026-05-13 08:03:00+00:00,4709.39990234375,4711.7998046875,4708.89990234375,4711.2001953125,28
2026-05-13 08:04:00+00:00,4709.2001953125,4709.2998046875,4708.39990234375,4709.2998046875,44
2026-05-13 08:05:00+00:00,4708.7998046875,4709.2998046875,4707.7001953125,4708.89990234375,63
2026-05-13 08:06:00+00:00,4707.0,4708.7001953125,4706.0,4708.5,56
2026-05-13 08:07:00+00:00,4707.7001953125,4708.39990234375,4706.89990234375,4706.89990234375,49
2026-05-13 08:08:00+00:00,4707.2001953125,4707.7998046875,4707.2001953125,4707.60009765625,29
2026-05-13 08:09:00+00:00,4708.10009765625,4709.60009765625,4707.5,4707.5,44
2026-05-13 08:10:00+00:00,4709.2998046875,4709.39990234375,4707.7998046875,4707.7998046875,45
2026-05-13 08:11:00+00:00,4708.60009765625,4709.5,4708.39990234375,4709.2001953125,37
2026-05-13 08:12:00+00:00,4708.0,4708.39990234375,4706.7998046875,4708.39990234375,56
2026-05-13 08:13:00+00:00,4708.0,4708.0,4707.2998046875,4708.0,126
2026-05-13 08:14:00+00:00,4707.7998046875,4708.5,4707.0,4708.2001953125,117
2026-05-13 08:15:00+00:00,4707.7998046875,4708.2998046875,4707.60009765625,4707.7998046875,14
2026-05-13 08:16:00+00:00,4706.39990234375,4707.60009765625,4706.0,4707.2998046875,47
2026-05-13 08:17:00+00:00,4706.7001953125,4706.89990234375,4706.0,4706.5,16
2026-05-13 08:18:00+00:00,4707.0,4707.39990234375,4706.7001953125,4706.7001953125,21
2026-05-13 08:19:00+00:00,4706.89990234375,4707.39990234375,4706.7998046875,4707.39990234375,9
2026-05-13 08:20:00+00:00,4707.5,4708.5,4706.2998046875,4707.0,31
2026-05-13 08:21:00+00:00,4707.0,4707.7998046875,4706.89990234375,4707.7998046875,32
2026-05-13 08:22:00+00:00,4706.89990234375,4707.39990234375,4706.7001953125,4707.2001953125,19
2026-05-13 08:23:00+00:00,4707.10009765625,4707.89990234375,4706.5,4706.5,20
2026-05-13 08:24:00+00:00,4706.7998046875,4707.10009765625,4706.39990234375,4706.7001953125,21
2026-05-13 08:25:00+00:00,4706.2998046875,4707.0,4706.2998046875,4706.39990234375,35
2026-05-13 08:26:00+00:00,4703.7001953125,4707.2998046875,4702.60009765625,4706.7998046875,112
2026-05-13 08:27:00+00:00,4703.39990234375,4704.7998046875,4703.10009765625,4704.0,65
2026-05-13 08:28:00+00:00,4703.2001953125,4703.60009765625,4702.2998046875,4703.60009765625,536
2026-05-13 08:29:00+00:00,4704.5,4705.2001953125,4702.2001953125,4702.89990234375,139
2026-05-13 08:30:00+00:00,4702.39990234375,4705.2001953125,4701.7998046875,4705.10009765625,138
2026-05-13 08:31:00+00:00,4703.2001953125,4703.39990234375,4701.89990234375,4702.5,57
2026-05-13 08:32:00+00:00,4704.0,4704.5,4703.10009765625,4703.10009765625,54
2026-05-13 08:33:00+00:00,4703.7998046875,4703.7998046875,4703.7001953125,4703.7001953125,4
2026-05-13 08:34:00+00:00,4705.60009765625,4705.7001953125,4704.2998046875,4704.2998046875,56
2026-05-13 08:35:00+00:00,4705.39990234375,4707.39990234375,4705.39990234375,4705.7998046875,77
2026-05-13 08:36:00+00:00,4705.2998046875,4705.5,4704.89990234375,4705.2998046875,97
2026-05-13 08:37:00+00:00,4705.5,4706.0,4704.7998046875,4705.89990234375,37
2026-05-13 08:38:00+00:00,4706.5,4706.5,4705.10009765625,4705.2998046875,21
2026-05-13 08:39:00+00:00,4705.7998046875,4707.2001953125,4705.5,4707.0,12
2026-05-13 08:40:00+00:00,4705.2998046875,4706.60009765625,4705.2998046875,4705.89990234375,18
2026-05-13 08:41:00+00:00,4704.2998046875,4705.5,4704.2001953125,4705.10009765625,24
2026-05-13 08:42:00+00:00,4704.39990234375,4705.0,4704.39990234375,4704.5,112
2026-05-13 08:43:00+00:00,4702.89990234375,4704.10009765625,4702.89990234375,4704.10009765625,40
2026-05-13 08:44:00+00:00,4703.5,4703.7001953125,4702.7001953125,4702.7001953125,11
2026-05-13 08:45:00+00:00,4703.2998046875,4703.7998046875,4702.60009765625,4703.7998046875,5
2026-05-13 08:46:00+00:00,4703.0,4703.5,4702.5,4703.0,20
2026-05-13 08:47:00+00:00,4705.89990234375,4706.10009765625,4702.0,4702.39990234375,156
2026-05-13 08:48:00+00:00,4705.60009765625,4706.0,4704.60009765625,4705.5,59
2026-05-13 08:49:00+00:00,4705.2001953125,4706.2998046875,4703.2001953125,4706.2001953125,51
2026-05-13 08:50:00+00:00,4705.2998046875,4706.7001953125,4704.7001953125,4705.39990234375,67
2026-05-13 08:51:00+00:00,4705.10009765625,4705.89990234375,4705.10009765625,4705.2001953125,25
2026-05-13 08:52:00+00:00,4705.2001953125,4705.7001953125,4705.2001953125,4705.2001953125,17
2026-05-13 08:53:00+00:00,4706.10009765625,4706.7001953125,4705.10009765625,4705.2001953125,56
2026-05-13 08:54:00+00:00,4708.2998046875,4708.2998046875,4705.7998046875,4706.2998046875,35
2026-05-13 08:55:00+00:00,4709.7998046875,4709.89990234375,4706.7998046875,4707.7001953125,123
2026-05-13 08:56:00+00:00,4707.10009765625,4709.39990234375,4707.10009765625,4709.39990234375,27
2026-05-13 08:57:00+00:00,4708.0,4708.10009765625,4707.0,4707.2001953125,17
2026-05-13 08:58:00+00:00,4709.60009765625,4709.7998046875,4708.7001953125,4708.7001953125,55
2026-05-13 08:59:00+00:00,4707.7001953125,4710.10009765625,4707.7001953125,4710.0,72
2026-05-13 09:00:00+00:00,4707.60009765625,4708.5,4707.2001953125,4707.7998046875,39
2026-05-13 09:01:00+00:00,4705.89990234375,4707.39990234375,4705.2998046875,4707.39990234375,85
2026-05-13 09:02:00+00:00,4707.2998046875,4707.39990234375,4706.0,4706.0,33
2026-05-13 09:03:00+00:00,4708.5,4708.60009765625,4706.39990234375,4706.89990234375,40
2026-05-13 09:04:00+00:00,4707.89990234375,4709.2001953125,4707.5,4707.7998046875,53
2026-05-13 09:05:00+00:00,4707.10009765625,4707.2998046875,4705.7998046875,4707.2001953125,23
2026-05-13 09:06:00+00:00,4706.2001953125,4707.7001953125,4706.2001953125,4707.0,48
2026-05-13 09:07:00+00:00,4705.7998046875,4705.89990234375,4705.10009765625,4705.89990234375,38
2026-05-13 09:08:00+00:00,4707.10009765625,4707.7001953125,4706.0,4706.0,44
2026-05-13 09:09:00+00:00,4705.7998046875,4706.89990234375,4705.7998046875,4706.89990234375,13
2026-05-13 09:10:00+00:00,4705.7001953125,4706.60009765625,4705.10009765625,4705.7001953125,40
2026-05-13 09:11:00+00:00,4704.5,4705.7998046875,4704.0,4705.7998046875,45
2026-05-13 09:12:00+00:00,4704.60009765625,4704.89990234375,4703.7001953125,4704.60009765625,40
2026-05-13 09:13:00+00:00,4704.0,4704.39990234375,4703.89990234375,4704.39990234375,26
2026-05-13 09:14:00+00:00,4701.89990234375,4703.7001953125,4700.7001953125,4703.7001953125,114
2026-05-13 09:15:00+00:00,4701.5,4702.60009765625,4701.2998046875,4701.5,38
2026-05-13 09:16:00+00:00,4699.89990234375,4701.0,4699.2998046875,4701.0,91
2026-05-13 09:17:00+00:00,4698.60009765625,4700.2998046875,4698.5,4699.89990234375,357
2026-05-13 09:18:00+00:00,4698.2998046875,4699.0,4696.2998046875,4698.5,700
2026-05-13 09:19:00+00:00,4698.2001953125,4698.89990234375,4697.2998046875,4698.2001953125,55
2026-05-13 09:20:00+00:00,4697.89990234375,4699.60009765625,4697.60009765625,4697.7998046875,75
2026-05-13 09:21:00+00:00,4697.89990234375,4699.0,4697.5,4697.7001953125,48
2026-05-13 09:22:00+00:00,4695.7001953125,4698.0,4692.2998046875,4698.0,288
2026-05-13 09:23:00+00:00,4694.5,4696.2001953125,4694.2001953125,4695.7001953125,342
2026-05-13 09:24:00+00:00,4694.0,4694.39990234375,4693.2998046875,4694.39990234375,84
2026-05-13 09:25:00+00:00,4695.0,4695.0,4693.7998046875,4693.89990234375,59
2026-05-13 09:26:00+00:00,4697.39990234375,4697.89990234375,4695.0,4695.0,85
2026-05-13 09:27:00+00:00,4699.0,4699.39990234375,4697.2001953125,4697.7998046875,78
2026-05-13 09:28:00+00:00,4697.5,4698.7001953125,4696.7998046875,4698.60009765625,184
2026-05-13 09:29:00+00:00,4695.89990234375,4697.7001953125,4695.7998046875,4697.7001953125,55
2026-05-13 09:30:00+00:00,4695.2998046875,4697.0,4693.7001953125,4695.7998046875,193
2026-05-13 09:31:00+00:00,4694.89990234375,4696.0,4693.2998046875,4695.2998046875,140
2026-05-13 09:32:00+00:00,4698.39990234375,4698.39990234375,4694.2001953125,4695.0,320
2026-05-13 09:33:00+00:00,4696.89990234375,4699.2998046875,4696.7998046875,4698.2998046875,67
2026-05-13 09:34:00+00:00,4695.7001953125,4697.10009765625,4695.7001953125,4697.10009765625,42
2026-05-13 09:35:00+00:00,4700.39990234375,4700.39990234375,4696.10009765625,4696.10009765625,86
2026-05-13 09:36:00+00:00,4699.39990234375,4700.5,4698.60009765625,4700.39990234375,60
2026-05-13 09:37:00+00:00,4698.7001953125,4699.0,4697.7001953125,4699.0,36
2026-05-13 09:38:00+00:00,4698.2998046875,4699.5,4697.39990234375,4697.89990234375,87
2026-05-13 09:39:00+00:00,4698.5,4699.39990234375,4697.7998046875,4698.2998046875,67
2026-05-13 09:40:00+00:00,4698.39990234375,4699.2998046875,4697.7998046875,4698.60009765625,113
2026-05-13 09:41:00+00:00,4699.60009765625,4699.7998046875,4698.5,4698.7001953125,34
2026-05-13 09:42:00+00:00,4700.0,4700.39990234375,4699.2998046875,4699.7001953125,41
2026-05-13 09:43:00+00:00,4700.89990234375,4701.2998046875,4699.7001953125,4699.89990234375,32
2026-05-13 09:44:00+00:00,4701.89990234375,4702.2001953125,4700.7001953125,4700.7998046875,68
2026-05-13 09:45:00+00:00,4702.39990234375,4702.5,4701.5,4701.5,104
2026-05-13 09:46:00+00:00,4700.7998046875,4702.7001953125,4700.60009765625,4702.5,34
2026-05-13 09:47:00+00:00,4701.39990234375,4701.7998046875,4700.89990234375,4700.89990234375,14
2026-05-13 09:48:00+00:00,4701.7998046875,4702.60009765625,4701.39990234375,4701.7998046875,32
2026-05-13 09:49:00+00:00,4704.39990234375,4704.7001953125,4702.2001953125,4702.2001953125,93
2026-05-13 09:50:00+00:00,4705.2001953125,4705.2001953125,4704.2998046875,4704.7001953125,62
2026-05-13 09:51:00+00:00,4705.60009765625,4706.10009765625,4705.0,4705.2998046875,108
2026-05-13 09:52:00+00:00,4705.7001953125,4706.0,4705.10009765625,4706.0,43
2026-05-13 09:53:00+00:00,4705.2998046875,4706.0,4704.2998046875,4706.0,57
2026-05-13 09:54:00+00:00,4706.10009765625,4706.2998046875,4704.39990234375,4705.7998046875,67
2026-05-13 09:55:00+00:00,4706.7001953125,4707.2001953125,4705.7001953125,4706.2998046875,169
2026-05-13 09:56:00+00:00,4707.89990234375,4708.39990234375,4706.2998046875,4706.89990234375,83
2026-05-13 09:57:00+00:00,4707.2001953125,4708.10009765625,4706.5,4707.5,160
2026-05-13 09:58:00+00:00,4706.39990234375,4707.60009765625,4706.2001953125,4707.0,82
2026-05-13 09:59:00+00:00,4709.0,4709.0,4706.5,4706.5,169
2026-05-13 10:00:00+00:00,4707.7001953125,4709.0,4707.2001953125,4708.39990234375,49
2026-05-13 10:01:00+00:00,4707.2998046875,4708.5,4707.2001953125,4708.2001953125,16
2026-05-13 10:02:00+00:00,4708.2998046875,4708.2998046875,4706.7998046875,4707.2001953125,41
2026-05-13 10:03:00+00:00,4707.2998046875,4709.5,4707.2001953125,4708.7998046875,40
2026-05-13 10:04:00+00:00,4706.7998046875,4707.10009765625,4706.5,4707.10009765625,17
2026-05-13 10:05:00+00:00,4706.89990234375,4708.10009765625,4706.60009765625,4707.0,110
2026-05-13 10:06:00+00:00,4708.7998046875,4708.7998046875,4707.2998046875,4707.2998046875,50
2026-05-13 10:07:00+00:00,4708.7001953125,4709.5,4708.0,4709.0,30
2026-05-13 10:08:00+00:00,4714.7998046875,4715.7998046875,4708.7998046875,4708.7998046875,286
2026-05-13 10:09:00+00:00,4716.60009765625,4718.2001953125,4714.7001953125,4714.7001953125,94
2026-05-13 10:10:00+00:00,4712.7001953125,4717.39990234375,4712.2998046875,4716.7001953125,178
2026-05-13 10:11:00+00:00,4714.10009765625,4714.89990234375,4712.5,4712.60009765625,107
2026-05-13 10:12:00+00:00,4711.0,4715.39990234375,4709.5,4714.0,239
2026-05-13 10:13:00+00:00,4712.2001953125,4713.2998046875,4711.0,4711.2001953125,81
2026-05-13 10:14:00+00:00,4709.60009765625,4712.7001953125,4709.60009765625,4711.2998046875,42
2026-05-13 10:15:00+00:00,4710.7998046875,4710.7998046875,4709.2001953125,4710.2001953125,62
2026-05-13 10:16:00+00:00,4709.7001953125,4711.0,4708.7001953125,4710.89990234375,37
2026-05-13 10:17:00+00:00,4709.39990234375,4710.0,4708.2001953125,4709.5,44
2026-05-13 10:18:00+00:00,4709.39990234375,4709.7998046875,4708.7998046875,4709.2001953125,15
2026-05-13 10:19:00+00:00,4708.2998046875,4709.10009765625,4707.60009765625,4709.10009765625,42
2026-05-13 10:20:00+00:00,4709.89990234375,4709.89990234375,4707.7001953125,4708.39990234375,23
2026-05-13 10:21:00+00:00,4711.89990234375,4712.2998046875,4709.7998046875,4710.0,57
2026-05-13 10:22:00+00:00,4713.0,4713.60009765625,4711.5,4711.5,46
2026-05-13 10:23:00+00:00,4711.2001953125,4712.89990234375,4710.89990234375,4712.7001953125,37
2026-05-13 10:24:00+00:00,4710.89990234375,4711.5,4709.60009765625,4710.7001953125,72
2026-05-13 10:25:00+00:00,4710.2001953125,4711.2001953125,4709.7998046875,4711.10009765625,27
2026-05-13 10:26:00+00:00,4708.2998046875,4710.89990234375,4708.2998046875,4710.89990234375,19
2026-05-13 10:27:00+00:00,4708.0,4708.2998046875,4707.10009765625,4708.0,28
2026-05-13 10:28:00+00:00,4708.0,4708.0,4706.2001953125,4707.5,30
2026-05-13 10:29:00+00:00,4707.2001953125,4708.39990234375,4706.7998046875,4708.0,22
2026-05-13 10:30:00+00:00,4706.7001953125,4707.2001953125,4706.5,4707.10009765625,25
2026-05-13 10:31:00+00:00,4706.5,4707.5,4705.2998046875,4706.89990234375,73
2026-05-13 10:32:00+00:00,4705.2001953125,4707.5,4704.7001953125,4707.0,119
2026-05-13 10:33:00+00:00,4703.60009765625,4706.0,4702.89990234375,4704.60009765625,86
2026-05-13 10:34:00+00:00,4703.60009765625,4704.0,4702.89990234375,4703.7998046875,54
2026-05-13 10:35:00+00:00,4704.2001953125,4705.10009765625,4703.60009765625,4703.60009765625,27
2026-05-13 10:36:00+00:00,4704.0,4704.39990234375,4703.39990234375,4704.10009765625,16
2026-05-13 10:37:00+00:00,4703.89990234375,4704.39990234375,4703.5,4704.39990234375,15
2026-05-13 10:38:00+00:00,4703.10009765625,4703.89990234375,4702.5,4703.89990234375,45
2026-05-13 10:39:00+00:00,4703.5,4704.2998046875,4703.0,4703.0,31
2026-05-13 10:40:00+00:00,4703.5,4704.60009765625,4703.5,4703.89990234375,20
2026-05-13 10:41:00+00:00,4704.7001953125,4704.7001953125,4703.0,4703.39990234375,10
2026-05-13 10:42:00+00:00,4703.5,4704.60009765625,4703.5,4704.60009765625,15
2026-05-13 10:43:00+00:00,4701.7001953125,4703.7998046875,4701.39990234375,4703.5,55
2026-05-13 10:44:00+00:00,4703.0,4703.60009765625,4701.7001953125,4701.7998046875,22
2026-05-13 10:45:00+00:00,4702.39990234375,4703.7001953125,4701.2001953125,4703.39990234375,68
2026-05-13 10:46:00+00:00,4702.60009765625,4702.89990234375,4702.10009765625,4702.39990234375,22
2026-05-13 10:47:00+00:00,4702.5,4702.60009765625,4701.7998046875,4702.2001953125,97
2026-05-13 10:48:00+00:00,4703.39990234375,4704.0,4701.89990234375,4702.60009765625,45
2026-05-13 10:49:00+00:00,4703.10009765625,4703.89990234375,4702.5,4703.89990234375,22
2026-05-13 10:50:00+00:00,4703.60009765625,4704.0,4701.7998046875,4702.7998046875,43
2026-05-13 10:51:00+00:00,4702.2998046875,4704.39990234375,4702.2998046875,4703.60009765625,26
2026-05-13 10:52:00+00:00,4703.5,4703.5,4702.10009765625,4702.2998046875,18
2026-05-13 10:53:00+00:00,4702.5,4703.10009765625,4701.89990234375,4703.10009765625,21
2026-05-13 10:54:00+00:00,4702.39990234375,4702.7001953125,4702.39990234375,4702.7001953125,4
2026-05-13 10:55:00+00:00,4703.2001953125,4704.0,4702.7001953125,4702.7001953125,26
2026-05-13 10:56:00+00:00,4702.7998046875,4703.60009765625,4702.7001953125,4703.60009765625,15
2026-05-13 10:57:00+00:00,4703.60009765625,4703.60009765625,4702.89990234375,4702.89990234375,18
2026-05-13 10:58:00+00:00,4701.0,4703.60009765625,4701.0,4703.60009765625,44
2026-05-13 10:59:00+00:00,4701.60009765625,4702.2998046875,4701.60009765625,4701.7998046875,18
2026-05-13 11:00:00+00:00,4702.0,4702.2998046875,4701.0,4701.7998046875,54
2026-05-13 11:01:00+00:00,4702.0,4703.10009765625,4700.7001953125,4702.2998046875,35
2026-05-13 11:02:00+00:00,4701.39990234375,4702.0,4701.10009765625,4701.89990234375,15
2026-05-13 11:03:00+00:00,4700.10009765625,4701.5,4698.60009765625,4701.5,103
2026-05-13 11:04:00+00:00,4700.7998046875,4701.5,4700.2001953125,4700.7001953125,57
2026-05-13 11:05:00+00:00,4699.2001953125,4700.89990234375,4698.89990234375,4700.7001953125,28
2026-05-13 11:06:00+00:00,4699.60009765625,4700.10009765625,4699.2998046875,4699.2998046875,18
2026-05-13 11:07:00+00:00,4701.0,4701.7001953125,4699.7001953125,4699.7998046875,38
2026-05-13 11:08:00+00:00,4701.7998046875,4702.39990234375,4701.39990234375,4701.7998046875,32
2026-05-13 11:09:00+00:00,4701.89990234375,4702.7001953125,4701.7998046875,4702.39990234375,49
2026-05-13 11:10:00+00:00,4703.60009765625,4704.2001953125,4701.7001953125,4701.7001953125,75
2026-05-13 11:11:00+00:00,4704.7001953125,4704.7001953125,4703.2001953125,4703.60009765625,17
2026-05-13 11:12:00+00:00,4704.0,4704.89990234375,4703.7998046875,4704.7001953125,24
2026-05-13 11:13:00+00:00,4704.2001953125,4704.2998046875,4703.2998046875,4704.2001953125,19
2026-05-13 11:14:00+00:00,4706.7998046875,4706.89990234375,4704.10009765625,4704.5,87
2026-05-13 11:15:00+00:00,4706.39990234375,4707.2001953125,4705.39990234375,4706.2998046875,81
2026-05-13 11:16:00+00:00,4707.39990234375,4707.5,4706.2001953125,4706.7001953125,37
2026-05-13 11:17:00+00:00,4706.89990234375,4708.10009765625,4706.60009765625,4707.60009765625,35
2026-05-13 11:18:00+00:00,4704.7998046875,4707.39990234375,4703.60009765625,4707.2998046875,52
2026-05-13 11:19:00+00:00,4705.5,4705.7001953125,4704.7001953125,4705.0,20
2026-05-13 11:20:00+00:00,4705.5,4706.0,4705.0,4705.7998046875,50
2026-05-13 11:21:00+00:00,4706.2998046875,4707.0,4705.2001953125,4705.2001953125,33
2026-05-13 11:22:00+00:00,4708.5,4708.5,4706.39990234375,4706.39990234375,72
2026-05-13 11:23:00+00:00,4706.89990234375,4708.39990234375,4706.89990234375,4708.10009765625,58
2026-05-13 11:24:00+00:00,4706.2998046875,4706.60009765625,4705.7998046875,4706.5,27
2026-05-13 11:25:00+00:00,4705.5,4706.60009765625,4705.5,4706.2001953125,29
2026-05-13 11:26:00+00:00,4707.2998046875,4707.2998046875,4704.7998046875,4705.5,27
2026-05-13 11:27:00+00:00,4706.2001953125,4707.10009765625,4706.2001953125,4707.10009765625,8
2026-05-13 11:28:00+00:00,4706.7001953125,4706.89990234375,4706.39990234375,4706.7001953125,14
2026-05-13 11:29:00+00:00,4706.2001953125,4706.89990234375,4705.60009765625,4706.89990234375,30
2026-05-13 11:30:00+00:00,4708.2001953125,4708.60009765625,4706.10009765625,4706.5,55
2026-05-13 11:31:00+00:00,4708.2998046875,4709.10009765625,4707.39990234375,4708.2001953125,53
2026-05-13 11:32:00+00:00,4708.0,4708.0,4707.5,4707.89990234375,12
2026-05-13 11:33:00+00:00,4710.60009765625,4710.89990234375,4706.89990234375,4707.89990234375,251
2026-05-13 11:34:00+00:00,4709.89990234375,4711.2001953125,4709.5,4710.39990234375,70
2026-05-13 11:35:00+00:00,4712.5,4713.2998046875,4710.0,4710.5,122
2026-05-13 11:36:00+00:00,4711.2998046875,4712.7001953125,4710.89990234375,4712.2998046875,49
2026-05-13 11:37:00+00:00,4711.0,4711.5,4710.89990234375,4711.39990234375,40
2026-05-13 11:38:00+00:00,4710.7998046875,4711.7998046875,4710.7001953125,4711.5,27
2026-05-13 11:39:00+00:00,4712.7998046875,4713.0,4711.2998046875,4711.39990234375,39
2026-05-13 11:40:00+00:00,4712.2001953125,4713.2001953125,4711.2001953125,4713.10009765625,25
2026-05-13 11:41:00+00:00,4709.7998046875,4711.89990234375,4709.2998046875,4711.89990234375,41
2026-05-13 11:42:00+00:00,4710.0,4710.0,4708.7998046875,4709.5,354
2026-05-13 11:43:00+00:00,4710.2001953125,4711.2001953125,4710.2001953125,4710.2998046875,17
2026-05-13 11:44:00+00:00,4711.39990234375,4711.5,4710.60009765625,4710.7001953125,25
2026-05-13 11:45:00+00:00,4712.7001953125,4713.89990234375,4711.39990234375,4711.7998046875,91
2026-05-13 11:46:00+00:00,4712.7998046875,4713.60009765625,4711.7001953125,4712.60009765625,62
2026-05-13 11:47:00+00:00,4711.7001953125,4713.60009765625,4711.7001953125,4712.7998046875,37
2026-05-13 11:48:00+00:00,4711.10009765625,4712.10009765625,4710.89990234375,4711.2001953125,19
2026-05-13 11:49:00+00:00,4710.0,4711.5,4710.0,4711.2998046875,19
2026-05-13 11:50:00+00:00,4709.7998046875,4710.0,4709.0,4710.0,44
2026-05-13 11:51:00+00:00,4709.5,4709.7998046875,4709.0,4709.7998046875,75
2026-05-13 11:52:00+00:00,4708.10009765625,4710.10009765625,4708.0,4710.0,85
2026-05-13 11:53:00+00:00,4708.39990234375,4708.7998046875,4708.2001953125,4708.2001953125,22
2026-05-13 11:54:00+00:00,4708.7998046875,4708.7998046875,4708.0,4708.2001953125,15
2026-05-13 11:55:00+00:00,4706.60009765625,4708.5,4706.5,4708.5,59
2026-05-13 11:56:00+00:00,4706.5,4706.89990234375,4705.2001953125,4706.89990234375,87
2026-05-13 11:57:00+00:00,4707.0,4707.5,4706.60009765625,4706.60009765625,29
2026-05-13 11:58:00+00:00,4705.7998046875,4707.5,4705.39990234375,4706.89990234375,39
2026-05-13 11:59:00+00:00,4705.2001953125,4706.2001953125,4705.2001953125,4706.0,26
2026-05-13 12:00:00+00:00,4705.10009765625,4705.39990234375,4704.0,4704.89990234375,51
2026-05-13 12:01:00+00:00,4704.2998046875,4704.5,4702.60009765625,4704.5,116
2026-05-13 12:02:00+00:00,4705.7001953125,4706.2998046875,4704.2998046875,4704.5,37
2026-05-13 12:03:00+00:00,4706.2001953125,4706.2998046875,4704.89990234375,4705.5,28
2026-05-13 12:04:00+00:00,4707.10009765625,4708.0,4706.0,4706.10009765625,36
2026-05-13 12:05:00+00:00,4708.0,4708.2998046875,4706.10009765625,4707.0,49
2026-05-13 12:06:00+00:00,4707.0,4708.0,4706.2001953125,4707.5,28
2026-05-13 12:07:00+00:00,4708.2001953125,4709.39990234375,4707.7001953125,4707.7998046875,77
2026-05-13 12:08:00+00:00,4707.5,4708.39990234375,4707.39990234375,4708.0,50
2026-05-13 12:09:00+00:00,4706.89990234375,4707.2998046875,4705.2998046875,4707.2998046875,60
2026-05-13 12:10:00+00:00,4705.10009765625,4706.60009765625,4703.39990234375,4706.60009765625,123
2026-05-13 12:11:00+00:00,4705.10009765625,4705.7001953125,4704.0,4704.7998046875,61
2026-05-13 12:12:00+00:00,4704.7998046875,4706.39990234375,4704.7998046875,4705.10009765625,29
2026-05-13 12:13:00+00:00,4703.2998046875,4705.2001953125,4703.0,4704.7998046875,65
2026-05-13 12:14:00+00:00,4701.39990234375,4703.89990234375,4700.7001953125,4703.7998046875,134
2026-05-13 12:15:00+00:00,4699.89990234375,4701.39990234375,4698.89990234375,4701.2998046875,287
2026-05-13 12:16:00+00:00,4699.39990234375,4700.10009765625,4696.39990234375,4699.89990234375,485
2026-05-13 12:17:00+00:00,4699.2998046875,4700.7001953125,4698.5,4699.2998046875,213
2026-05-13 12:18:00+00:00,4701.10009765625,4701.10009765625,4698.7998046875,4698.7998046875,111
2026-05-13 12:19:00+00:00,4698.89990234375,4701.5,4698.5,4700.89990234375,56
2026-05-13 12:20:00+00:00,4697.7001953125,4700.60009765625,4697.39990234375,4698.60009765625,243
2026-05-13 12:21:00+00:00,4697.10009765625,4697.7998046875,4693.89990234375,4697.39990234375,291
2026-05-13 12:22:00+00:00,4695.5,4696.7998046875,4691.7001953125,4696.7998046875,246
2026-05-13 12:23:00+00:00,4696.0,4697.5,4694.39990234375,4695.5,252
2026-05-13 12:24:00+00:00,4695.0,4697.2001953125,4694.5,4695.89990234375,150
2026-05-13 12:25:00+00:00,4695.60009765625,4696.0,4694.10009765625,4694.5,106
2026-05-13 12:26:00+00:00,4692.7001953125,4694.89990234375,4691.7998046875,4694.89990234375,124
2026-05-13 12:27:00+00:00,4693.7001953125,4694.2998046875,4691.7998046875,4693.10009765625,267
2026-05-13 12:28:00+00:00,4691.89990234375,4694.2998046875,4690.0,4694.0,265
2026-05-13 12:29:00+00:00,4692.10009765625,4692.7001953125,4690.7998046875,4691.89990234375,98
2026-05-13 12:30:00+00:00,4687.7001953125,4695.2001953125,4682.0,4692.39990234375,1092
2026-05-13 12:31:00+00:00,4687.7001953125,4689.60009765625,4684.7001953125,4687.2998046875,252
2026-05-13 12:32:00+00:00,4688.10009765625,4688.7998046875,4683.2998046875,4688.10009765625,202
2026-05-13 12:33:00+00:00,4687.7998046875,4688.2998046875,4684.2001953125,4687.60009765625,185
2026-05-13 12:34:00+00:00,4689.7001953125,4690.39990234375,4687.2001953125,4688.0,276
2026-05-13 12:35:00+00:00,4692.0,4693.10009765625,4689.10009765625,4689.2998046875,365
2026-05-13 12:36:00+00:00,4689.2001953125,4692.2001953125,4688.39990234375,4691.89990234375,196
2026-05-13 12:37:00+00:00,4685.10009765625,4689.60009765625,4683.89990234375,4689.2001953125,395
2026-05-13 12:38:00+00:00,4687.0,4687.7998046875,4684.60009765625,4685.2998046875,111
2026-05-13 12:39:00+00:00,4685.7001953125,4686.7998046875,4684.0,4686.7998046875,181
2026-05-13 12:40:00+00:00,4686.60009765625,4688.5,4685.0,4686.10009765625,127
2026-05-13 12:41:00+00:00,4689.7001953125,4690.2998046875,4686.89990234375,4686.89990234375,92
2026-05-13 12:42:00+00:00,4688.10009765625,4690.89990234375,4687.89990234375,4689.2001953125,170
2026-05-13 12:43:00+00:00,4688.7001953125,4689.39990234375,4684.60009765625,4688.10009765625,147
2026-05-13 12:44:00+00:00,4689.89990234375,4690.7998046875,4688.60009765625,4688.7001953125,107
2026-05-13 12:45:00+00:00,4689.60009765625,4691.39990234375,4689.10009765625,4690.2998046875,115
2026-05-13 12:46:00+00:00,4685.7998046875,4689.2998046875,4684.2998046875,4689.0,142
2026-05-13 12:47:00+00:00,4688.2001953125,4688.2001953125,4685.39990234375,4685.7001953125,118
2026-05-13 12:48:00+00:00,4689.2001953125,4690.2998046875,4688.2998046875,4688.2998046875,131
2026-05-13 12:49:00+00:00,4687.60009765625,4689.5,4686.5,4689.0,92
2026-05-13 12:50:00+00:00,4691.0,4691.10009765625,4687.60009765625,4687.7001953125,59
2026-05-13 12:51:00+00:00,4687.5,4692.7998046875,4687.10009765625,4691.5,147
2026-05-13 12:52:00+00:00,4689.39990234375,4689.39990234375,4687.2001953125,4687.2001953125,47
2026-05-13 12:53:00+00:00,4688.7998046875,4689.89990234375,4688.7998046875,4689.10009765625,40
2026-05-13 12:54:00+00:00,4688.5,4690.10009765625,4687.89990234375,4688.10009765625,416
2026-05-13 12:55:00+00:00,4687.39990234375,4688.0,4685.5,4688.0,104
2026-05-13 12:56:00+00:00,4688.2998046875,4688.5,4685.7001953125,4687.2998046875,102
2026-05-13 12:57:00+00:00,4689.89990234375,4690.2001953125,4688.2998046875,4688.5,165
2026-05-13 12:58:00+00:00,4691.60009765625,4692.89990234375,4690.2998046875,4690.39990234375,178
2026-05-13 12:59:00+00:00,4690.7001953125,4691.89990234375,4689.89990234375,4691.89990234375,98
2026-05-13 13:00:00+00:00,4695.89990234375,4696.0,4690.5,4690.60009765625,298
2026-05-13 13:01:00+00:00,4694.7998046875,4697.89990234375,4694.7001953125,4695.89990234375,349
2026-05-13 13:02:00+00:00,4696.7001953125,4696.89990234375,4694.7001953125,4695.2001953125,92
2026-05-13 13:03:00+00:00,4695.7001953125,4697.2998046875,4694.39990234375,4697.10009765625,87
2026-05-13 13:04:00+00:00,4695.2998046875,4695.7998046875,4694.10009765625,4695.5,61
2026-05-13 13:05:00+00:00,4695.10009765625,4695.60009765625,4693.7998046875,4695.2998046875,93
2026-05-13 13:06:00+00:00,4695.7001953125,4696.89990234375,4694.89990234375,4695.2001953125,99
2026-05-13 13:07:00+00:00,4695.60009765625,4696.60009765625,4694.5,4695.7001953125,81
2026-05-13 13:08:00+00:00,4694.10009765625,4696.39990234375,4694.10009765625,4695.7998046875,115
2026-05-13 13:09:00+00:00,4693.7998046875,4695.10009765625,4692.5,4694.39990234375,158
2026-05-13 13:10:00+00:00,4693.7998046875,4694.60009765625,4692.39990234375,4693.39990234375,60
2026-05-13 13:11:00+00:00,4694.2998046875,4694.7998046875,4693.7998046875,4693.89990234375,54
2026-05-13 13:12:00+00:00,4695.5,4695.89990234375,4693.89990234375,4694.5,72
2026-05-13 13:13:00+00:00,4696.10009765625,4696.5,4694.0,4695.89990234375,74
2026-05-13 13:14:00+00:00,4697.2001953125,4698.39990234375,4695.60009765625,4695.60009765625,192
2026-05-13 13:15:00+00:00,4696.0,4696.7001953125,4695.7001953125,4696.7001953125,49
2026-05-13 13:16:00+00:00,4694.2001953125,4696.2998046875,4693.7001953125,4696.10009765625,371
2026-05-13 13:17:00+00:00,4694.39990234375,4695.2998046875,4693.7001953125,4693.7998046875,158
2026-05-13 13:18:00+00:00,4698.89990234375,4698.89990234375,4694.10009765625,4694.60009765625,102
2026-05-13 13:19:00+00:00,4698.89990234375,4699.0,4697.7001953125,4698.60009765625,60
2026-05-13 13:20:00+00:00,4699.89990234375,4700.5,4698.7001953125,4699.39990234375,157
2026-05-13 13:21:00+00:00,4699.10009765625,4699.39990234375,4697.2998046875,4699.39990234375,89
2026-05-13 13:22:00+00:00,4699.5,4700.10009765625,4698.2001953125,4699.39990234375,421
2026-05-13 13:23:00+00:00,4700.39990234375,4701.0,4699.60009765625,4699.60009765625,71
2026-05-13 13:24:00+00:00,4700.89990234375,4702.0,4700.2998046875,4700.39990234375,72
2026-05-13 13:25:00+00:00,4700.2001953125,4701.7998046875,4699.2001953125,4701.39990234375,71
2026-05-13 13:26:00+00:00,4700.2001953125,4701.10009765625,4699.2998046875,4700.5,72
2026-05-13 13:27:00+00:00,4697.5,4700.0,4697.5,4700.0,53
2026-05-13 13:28:00+00:00,4696.7998046875,4697.7001953125,4695.10009765625,4697.39990234375,130
2026-05-13 13:29:00+00:00,4695.89990234375,4697.60009765625,4695.89990234375,4696.89990234375,40
2026-05-13 13:30:00+00:00,4695.7998046875,4697.10009765625,4694.2001953125,4696.0,304
2026-05-13 13:31:00+00:00,4692.5,4695.89990234375,4691.7001953125,4695.60009765625,669
2026-05-13 13:32:00+00:00,4694.5,4698.0,4691.89990234375,4692.60009765625,325
2026-05-13 13:33:00+00:00,4693.0,4695.7998046875,4691.60009765625,4695.10009765625,173
2026-05-13 13:34:00+00:00,4690.39990234375,4693.2001953125,4689.39990234375,4692.7998046875,174
2026-05-13 13:35:00+00:00,4686.89990234375,4690.89990234375,4686.0,4690.89990234375,232
2026-05-13 13:36:00+00:00,4685.5,4686.60009765625,4681.7998046875,4686.60009765625,409
2026-05-13 13:37:00+00:00,4684.89990234375,4686.2001953125,4683.2998046875,4685.39990234375,281
2026-05-13 13:38:00+00:00,4682.39990234375,4684.7998046875,4680.7001953125,4684.7998046875,514
2026-05-13 13:39:00+00:00,4681.5,4682.7998046875,4679.89990234375,4682.0,272
2026-05-13 13:40:00+00:00,4684.60009765625,4686.2001953125,4680.5,4681.5,264
2026-05-13 13:41:00+00:00,4685.7998046875,4687.7001953125,4683.10009765625,4684.60009765625,250
2026-05-13 13:42:00+00:00,4688.60009765625,4690.2001953125,4683.5,4685.89990234375,379
2026-05-13 13:43:00+00:00,4687.39990234375,4690.60009765625,4686.0,4688.7001953125,149
2026-05-13 13:44:00+00:00,4685.7001953125,4688.0,4684.5,4686.89990234375,115
2026-05-13 13:45:00+00:00,4685.0,4685.60009765625,4683.2998046875,4685.39990234375,169
2026-05-13 13:46:00+00:00,4682.39990234375,4685.2001953125,4678.7998046875,4685.10009765625,293
2026-05-13 13:47:00+00:00,4680.60009765625,4682.7998046875,4679.7001953125,4682.39990234375,157
2026-05-13 13:48:00+00:00,4677.7998046875,4680.60009765625,4676.2998046875,4680.2998046875,327
2026-05-13 13:49:00+00:00,4679.60009765625,4680.2001953125,4676.0,4677.7998046875,270
2026-05-13 13:50:00+00:00,4677.0,4681.60009765625,4676.7998046875,4680.10009765625,186
2026-05-13 13:51:00+00:00,4681.0,4681.89990234375,4676.89990234375,4677.2998046875,110
2026-05-13 13:52:00+00:00,4684.0,4684.39990234375,4681.2001953125,4681.2998046875,157
2026-05-13 13:53:00+00:00,4685.7998046875,4686.2998046875,4682.89990234375,4684.0,177
2026-05-13 13:54:00+00:00,4690.10009765625,4690.10009765625,4685.60009765625,4686.2998046875,180
2026-05-13 13:55:00+00:00,4686.7998046875,4690.2001953125,4686.2998046875,4690.2001953125,158
2026-05-13 13:56:00+00:00,4685.2998046875,4687.2001953125,4684.39990234375,4687.2001953125,181
2026-05-13 13:57:00+00:00,4689.10009765625,4690.0,4685.2001953125,4685.2001953125,90
2026-05-13 13:58:00+00:00,4688.2001953125,4689.5,4687.60009765625,4689.0,137
2026-05-13 13:59:00+00:00,4686.2001953125,4689.10009765625,4686.2001953125,4688.39990234375,155
2026-05-13 14:00:00+00:00,4682.2001953125,4687.60009765625,4681.7001953125,4686.2001953125,303
2026-05-13 14:01:00+00:00,4683.10009765625,4683.10009765625,4679.7998046875,4682.2001953125,161
2026-05-13 14:02:00+00:00,4682.60009765625,4683.89990234375,4681.2998046875,4683.39990234375,165
2026-05-13 14:03:00+00:00,4682.2998046875,4684.10009765625,4682.2001953125,4683.2998046875,133
2026-05-13 14:04:00+00:00,4683.89990234375,4685.89990234375,4682.2998046875,4682.2998046875,273
2026-05-13 14:05:00+00:00,4684.7001953125,4686.2998046875,4682.5,4684.0,122
2026-05-13 14:06:00+00:00,4682.2001953125,4685.5,4680.89990234375,4685.2001953125,170
2026-05-13 14:07:00+00:00,4687.5,4688.10009765625,4682.10009765625,4682.39990234375,177
2026-05-13 14:08:00+00:00,4686.89990234375,4688.0,4683.89990234375,4687.7001953125,95
2026-05-13 14:09:00+00:00,4684.7998046875,4687.0,4684.39990234375,4686.89990234375,50
2026-05-13 14:10:00+00:00,4685.7001953125,4687.2998046875,4683.60009765625,4684.39990234375,121
2026-05-13 14:11:00+00:00,4686.60009765625,4687.89990234375,4685.2001953125,4685.60009765625,134
2026-05-13 14:12:00+00:00,4687.60009765625,4689.5,4684.7998046875,4686.2998046875,127
2026-05-13 14:13:00+00:00,4687.89990234375,4690.5,4686.39990234375,4688.2001953125,1336
2026-05-13 14:14:00+00:00,4688.0,4688.39990234375,4687.2001953125,4687.7001953125,47
2026-05-13 14:15:00+00:00,4688.7001953125,4689.60009765625,4687.10009765625,4687.89990234375,83
2026-05-13 14:16:00+00:00,4686.39990234375,4689.2998046875,4686.0,4688.7001953125,99
2026-05-13 14:17:00+00:00,4684.2998046875,4686.7998046875,4683.5,4686.39990234375,117
2026-05-13 14:18:00+00:00,4682.0,4684.5,4681.2998046875,4684.2998046875,117
2026-05-13 14:19:00+00:00,4681.0,4683.0,4680.2001953125,4682.2001953125,118
2026-05-13 14:20:00+00:00,4683.2001953125,4683.60009765625,4680.2001953125,4681.10009765625,112
2026-05-13 14:21:00+00:00,4684.60009765625,4684.7001953125,4682.60009765625,4682.89990234375,74
2026-05-13 14:22:00+00:00,4684.5,4685.2998046875,4683.89990234375,4684.7001953125,41
2026-05-13 14:23:00+00:00,4684.7001953125,4685.5,4684.2001953125,4684.2001953125,57
2026-05-13 14:24:00+00:00,4688.7998046875,4689.60009765625,4685.0,4685.10009765625,139
2026-05-13 14:25:00+00:00,4690.39990234375,4692.0,4688.2998046875,4689.0,483
2026-05-13 14:26:00+00:00,4690.39990234375,4692.60009765625,4689.7001953125,4690.60009765625,295
2026-05-13 14:27:00+00:00,4690.7998046875,4691.7001953125,4690.2998046875,4690.7001953125,68
2026-05-13 14:28:00+00:00,4690.89990234375,4691.89990234375,4690.10009765625,4690.7001953125,61
2026-05-13 14:29:00+00:00,4691.2998046875,4692.39990234375,4690.7001953125,4691.10009765625,51
2026-05-13 14:30:00+00:00,4690.7998046875,4691.7001953125,4690.0,4691.0,88
2026-05-13 14:31:00+00:00,4695.5,4697.0,4690.60009765625,4690.60009765625,227
2026-05-13 14:32:00+00:00,4695.5,4696.2998046875,4694.39990234375,4695.39990234375,107
2026-05-13 14:33:00+00:00,4694.7001953125,4696.7001953125,4694.10009765625,4695.39990234375,185
2026-05-13 14:34:00+00:00,4697.0,4697.60009765625,4694.89990234375,4694.89990234375,161
2026-05-13 14:35:00+00:00,4696.7001953125,4698.0,4695.0,4697.0,151
2026-05-13 14:36:00+00:00,4694.7001953125,4698.2998046875,4694.2001953125,4697.0,187
2026-05-13 14:37:00+00:00,4693.2998046875,4694.7998046875,4693.0,4694.60009765625,150
2026-05-13 14:38:00+00:00,4693.5,4693.89990234375,4691.7998046875,4693.2998046875,112
2026-05-13 14:39:00+00:00,4693.5,4693.7001953125,4691.89990234375,4693.2998046875,112
2026-05-13 14:40:00+00:00,4694.39990234375,4694.7998046875,4692.10009765625,4693.2001953125,189
2026-05-13 14:41:00+00:00,4693.2001953125,4695.7998046875,4692.7001953125,4694.7998046875,209
2026-05-13 14:42:00+00:00,4694.5,4695.2001953125,4692.89990234375,4692.89990234375,106
2026-05-13 14:43:00+00:00,4693.7998046875,4695.2001953125,4693.10009765625,4694.89990234375,84
2026-05-13 14:44:00+00:00,4691.10009765625,4694.2998046875,4690.7998046875,4693.2998046875,110
2026-05-13 14:45:00+00:00,4686.89990234375,4692.5,4684.2001953125,4691.2001953125,815
2026-05-13 14:46:00+00:00,4686.2998046875,4688.2001953125,4685.7001953125,4687.2998046875,132
2026-05-13 14:47:00+00:00,4691.10009765625,4691.10009765625,4685.7001953125,4685.7998046875,359
2026-05-13 14:48:00+00:00,4688.2001953125,4691.7001953125,4687.7998046875,4691.2001953125,106
2026-05-13 14:49:00+00:00,4688.2001953125,4688.7998046875,4687.10009765625,4688.2998046875,53
2026-05-13 14:50:00+00:00,4687.2998046875,4689.60009765625,4686.39990234375,4689.0,66
2026-05-13 14:51:00+00:00,4687.10009765625,4687.39990234375,4685.2001953125,4687.10009765625,221
2026-05-13 14:52:00+00:00,4687.5,4688.0,4686.89990234375,4687.2001953125,56
2026-05-13 14:53:00+00:00,4688.2998046875,4689.10009765625,4687.60009765625,4687.60009765625,211
2026-05-13 14:54:00+00:00,4688.2998046875,4688.7001953125,4687.60009765625,4688.2001953125,37
2026-05-13 14:55:00+00:00,4688.2998046875,4688.7001953125,4685.89990234375,4688.39990234375,124
2026-05-13 14:56:00+00:00,4687.7001953125,4688.5,4687.2001953125,4688.2001953125,44
2026-05-13 14:57:00+00:00,4688.89990234375,4690.7998046875,4687.60009765625,4687.7998046875,96
2026-05-13 14:58:00+00:00,4687.5,4689.10009765625,4686.60009765625,4688.89990234375,64
2026-05-13 14:59:00+00:00,4686.7998046875,4687.7998046875,4686.5,4687.5,44
2026-05-13 15:00:00+00:00,4687.7998046875,4688.2001953125,4686.0,4687.10009765625,62
2026-05-13 15:01:00+00:00,4689.5,4690.5,4687.2001953125,4687.5,64
2026-05-13 15:02:00+00:00,4693.0,4693.10009765625,4689.2001953125,4689.2001953125,89
2026-05-13 15:03:00+00:00,4692.39990234375,4693.39990234375,4691.7998046875,4692.5,70
2026-05-13 15:04:00+00:00,4691.39990234375,4692.2998046875,4690.5,4691.89990234375,94
2026-05-13 15:05:00+00:00,4689.2001953125,4691.60009765625,4688.7998046875,4691.2998046875,93
2026-05-13 15:06:00+00:00,4692.2001953125,4692.5,4689.10009765625,4689.10009765625,90
2026-05-13 15:07:00+00:00,4693.2001953125,4694.0,4691.60009765625,4691.7998046875,64
2026-05-13 15:08:00+00:00,4694.7998046875,4694.89990234375,4692.5,4692.60009765625,70
2026-05-13 15:09:00+00:00,4695.2998046875,4695.7998046875,4694.0,4694.89990234375,68
2026-05-13 15:10:00+00:00,4696.2001953125,4698.10009765625,4695.10009765625,4695.39990234375,258
2026-05-13 15:11:00+00:00,4693.5,4696.2001953125,4693.10009765625,4696.2001953125,83
2026-05-13 15:12:00+00:00,4694.2998046875,4695.39990234375,4693.89990234375,4693.89990234375,106
2026-05-13 15:13:00+00:00,4696.0,4696.10009765625,4693.39990234375,4694.0,314
2026-05-13 15:14:00+00:00,4694.5,4695.7001953125,4693.89990234375,4695.7001953125,31
2026-05-13 15:15:00+00:00,4694.7001953125,4694.7001953125,4693.2001953125,4694.10009765625,59
2026-05-13 15:16:00+00:00,4693.2998046875,4694.39990234375,4692.39990234375,4694.39990234375,75
2026-05-13 15:17:00+00:00,4693.39990234375,4694.39990234375,4692.7001953125,4693.2001953125,84
2026-05-13 15:18:00+00:00,4693.0,4693.7001953125,4692.2998046875,4693.7001953125,30
2026-05-13 15:19:00+00:00,4694.2001953125,4694.39990234375,4692.7001953125,4693.2998046875,28
2026-05-13 15:20:00+00:00,4693.39990234375,4694.60009765625,4692.0,4693.89990234375,112
2026-05-13 15:21:00+00:00,4694.0,4694.0,4692.5,4693.7001953125,16
2026-05-13 15:22:00+00:00,4695.2998046875,4695.7001953125,4693.10009765625,4694.10009765625,67
2026-05-13 15:23:00+00:00,4697.2001953125,4697.2001953125,4695.2001953125,4695.2001953125,46
2026-05-13 15:24:00+00:00,4695.10009765625,4697.2001953125,4695.10009765625,4696.7001953125,73
2026-05-13 15:25:00+00:00,4695.10009765625,4695.60009765625,4694.7001953125,4695.0,63
2026-05-13 15:26:00+00:00,4696.60009765625,4697.60009765625,4694.7998046875,4694.7998046875,59
2026-05-13 15:27:00+00:00,4696.60009765625,4697.10009765625,4694.7998046875,4696.7998046875,68
2026-05-13 15:28:00+00:00,4696.89990234375,4698.2001953125,4696.10009765625,4696.39990234375,88
2026-05-13 15:29:00+00:00,4698.2001953125,4699.0,4697.2001953125,4697.2001953125,126
2026-05-13 15:30:00+00:00,4696.89990234375,4698.10009765625,4694.10009765625,4698.10009765625,97
2026-05-13 15:31:00+00:00,4698.0,4699.2001953125,4696.7001953125,4696.7001953125,145
2026-05-13 15:32:00+00:00,4697.39990234375,4699.2998046875,4696.60009765625,4697.7998046875,58
2026-05-13 15:33:00+00:00,4700.2001953125,4700.89990234375,4697.5,4698.0,112
2026-05-13 15:34:00+00:00,4702.7001953125,4703.2001953125,4700.39990234375,4700.39990234375,138
2026-05-13 15:35:00+00:00,4702.7998046875,4703.7001953125,4701.60009765625,4702.2998046875,119
2026-05-13 15:36:00+00:00,4703.60009765625,4704.5,4702.7998046875,4703.0,103
2026-05-13 15:37:00+00:00,4705.5,4706.0,4703.89990234375,4703.89990234375,661
2026-05-13 15:38:00+00:00,4705.2001953125,4706.60009765625,4704.7998046875,4705.2998046875,329
2026-05-13 15:39:00+00:00,4706.39990234375,4706.5,4704.7001953125,4705.2001953125,53
2026-05-13 15:40:00+00:00,4705.2998046875,4707.5,4705.2998046875,4706.2998046875,287
2026-05-13 15:41:00+00:00,4706.10009765625,4706.89990234375,4704.60009765625,4705.10009765625,100
2026-05-13 15:42:00+00:00,4706.60009765625,4707.5,4705.2998046875,4706.0,203
2026-05-13 15:43:00+00:00,4707.0,4708.0,4706.0,4707.0,181
2026-05-13 15:44:00+00:00,4707.39990234375,4707.39990234375,4706.2001953125,4706.89990234375,41
2026-05-13 15:45:00+00:00,4706.10009765625,4707.2998046875,4705.0,4707.2001953125,110
2026-05-13 15:46:00+00:00,4707.0,4707.2998046875,4705.60009765625,4705.89990234375,54
2026-05-13 15:47:00+00:00,4707.10009765625,4707.2001953125,4706.39990234375,4706.7998046875,59
2026-05-13 15:48:00+00:00,4704.60009765625,4707.10009765625,4704.39990234375,4707.10009765625,91
2026-05-13 15:49:00+00:00,4706.0,4706.5,4703.7998046875,4705.0,121
2026-05-13 15:50:00+00:00,4704.7998046875,4706.2998046875,4704.2998046875,4705.89990234375,53
2026-05-13 15:51:00+00:00,4703.89990234375,4704.7001953125,4703.2998046875,4704.2998046875,53
2026-05-13 15:52:00+00:00,4703.5,4704.39990234375,4703.39990234375,4703.5,65
2026-05-13 15:53:00+00:00,4702.7001953125,4703.5,4702.39990234375,4703.5,63
2026-05-13 15:54:00+00:00,4703.7001953125,4704.2998046875,4702.5,4702.89990234375,24
2026-05-13 15:55:00+00:00,4703.5,4704.2998046875,4703.10009765625,4703.2998046875,47
2026-05-13 15:56:00+00:00,4705.2998046875,4705.7998046875,4703.89990234375,4703.89990234375,59
2026-05-13 15:57:00+00:00,4703.7001953125,4705.10009765625,4703.60009765625,4705.0,46
2026-05-13 15:58:00+00:00,4703.2001953125,4704.0,4702.5,4704.0,40
2026-05-13 15:59:00+00:00,4703.2998046875,4703.2998046875,4702.60009765625,4703.10009765625,35
2026-05-13 16:00:00+00:00,4705.89990234375,4706.10009765625,4702.7998046875,4703.0,66
2026-05-13 16:01:00+00:00,4704.7998046875,4706.2998046875,4704.7998046875,4706.0,62
2026-05-13 16:02:00+00:00,4706.2998046875,4706.60009765625,4705.0,4705.10009765625,101
2026-05-13 16:03:00+00:00,4705.5,4707.2998046875,4705.5,4706.5,122
2026-05-13 16:04:00+00:00,4705.10009765625,4706.7001953125,4705.10009765625,4705.7998046875,292
2026-05-13 16:05:00+00:00,4706.2001953125,4707.0,4704.2001953125,4705.5,322
2026-05-13 16:06:00+00:00,4706.2001953125,4707.39990234375,4705.89990234375,4706.60009765625,42
2026-05-13 16:07:00+00:00,4707.7001953125,4708.0,4706.39990234375,4706.39990234375,49
2026-05-13 16:08:00+00:00,4707.39990234375,4707.89990234375,4706.60009765625,4707.89990234375,36
2026-05-13 16:09:00+00:00,4708.7001953125,4709.7998046875,4706.5,4707.7001953125,129
2026-05-13 16:10:00+00:00,4709.60009765625,4710.7998046875,4708.39990234375,4708.89990234375,211
2026-05-13 16:11:00+00:00,4708.2001953125,4709.2001953125,4707.2998046875,4709.10009765625,72
2026-05-13 16:12:00+00:00,4707.2001953125,4709.10009765625,4707.2001953125,4708.5,41
2026-05-13 16:13:00+00:00,4708.7998046875,4709.39990234375,4706.89990234375,4707.39990234375,71
2026-05-13 16:14:00+00:00,4709.60009765625,4709.7001953125,4708.60009765625,4708.89990234375,27
2026-05-13 16:15:00+00:00,4710.7001953125,4711.5,4709.2001953125,4709.60009765625,148
2026-05-13 16:16:00+00:00,4710.10009765625,4711.39990234375,4709.39990234375,4711.0,111
2026-05-13 16:17:00+00:00,4708.2001953125,4710.2998046875,4707.7001953125,4710.0,98
2026-05-13 16:18:00+00:00,4708.10009765625,4708.39990234375,4706.89990234375,4708.39990234375,141
2026-05-13 16:19:00+00:00,4707.2001953125,4708.89990234375,4706.39990234375,4707.89990234375,73
2026-05-13 16:20:00+00:00,4708.39990234375,4708.7001953125,4706.5,4707.2001953125,82
2026-05-13 16:21:00+00:00,4708.7001953125,4710.7001953125,4708.5,4708.7001953125,110
2026-05-13 16:22:00+00:00,4709.89990234375,4709.89990234375,4708.60009765625,4709.0,40
2026-05-13 16:23:00+00:00,4711.2001953125,4711.5,4709.60009765625,4709.7998046875,47
2026-05-13 16:24:00+00:00,4713.89990234375,4717.5,4711.2001953125,4711.2998046875,1349
2026-05-13 16:25:00+00:00,4714.10009765625,4715.60009765625,4712.60009765625,4714.0,793
2026-05-13 16:26:00+00:00,4712.2998046875,4714.39990234375,4712.2998046875,4714.0,179
2026-05-13 16:27:00+00:00,4715.7998046875,4716.2001953125,4711.7001953125,4712.10009765625,246
2026-05-13 16:28:00+00:00,4717.5,4717.89990234375,4715.7998046875,4716.10009765625,170
2026-05-13 16:29:00+00:00,4714.7001953125,4717.7998046875,4714.2001953125,4717.7001953125,183
2026-05-13 16:30:00+00:00,4715.7001953125,4715.7001953125,4714.0,4714.7001953125,92
2026-05-13 16:31:00+00:00,4712.2998046875,4715.5,4711.39990234375,4715.39990234375,592
2026-05-13 16:32:00+00:00,4711.89990234375,4712.7998046875,4711.0,4712.39990234375,117
2026-05-13 16:33:00+00:00,4711.60009765625,4712.2001953125,4710.7998046875,4711.89990234375,93
2026-05-13 16:34:00+00:00,4712.2001953125,4712.60009765625,4710.2001953125,4711.39990234375,127
2026-05-13 16:35:00+00:00,4711.2001953125,4712.2001953125,4711.10009765625,4711.89990234375,41
2026-05-13 16:36:00+00:00,4711.60009765625,4711.60009765625,4710.5,4711.2001953125,63
2026-05-13 16:37:00+00:00,4711.10009765625,4712.2001953125,4711.0,4711.60009765625,226
2026-05-13 16:38:00+00:00,4710.60009765625,4711.2998046875,4709.5,4711.2001953125,126
2026-05-13 16:39:00+00:00,4710.7998046875,4712.0,4710.5,4710.7998046875,66
2026-05-13 16:40:00+00:00,4708.5,4711.10009765625,4707.89990234375,4710.7001953125,86
2026-05-13 16:41:00+00:00,4708.7998046875,4709.10009765625,4708.0,4708.60009765625,39
2026-05-13 16:42:00+00:00,4709.10009765625,4709.10009765625,4708.2001953125,4708.7001953125,133
2026-05-13 16:43:00+00:00,4709.10009765625,4709.7998046875,4708.10009765625,4708.7998046875,92
2026-05-13 16:44:00+00:00,4707.89990234375,4709.2001953125,4707.89990234375,4709.2001953125,30
2026-05-13 16:45:00+00:00,4708.60009765625,4709.7998046875,4707.7998046875,4708.2001953125,68
2026-05-13 16:46:00+00:00,4707.7998046875,4708.7998046875,4706.39990234375,4708.7998046875,62
2026-05-13 16:47:00+00:00,4708.7001953125,4709.0,4707.60009765625,4707.7998046875,31
2026-05-13 16:48:00+00:00,4708.7001953125,4709.10009765625,4707.7998046875,4708.39990234375,25
2026-05-13 16:49:00+00:00,4707.2998046875,4708.5,4706.7001953125,4708.5,47
2026-05-13 16:50:00+00:00,4706.2001953125,4707.60009765625,4705.60009765625,4707.60009765625,70
2026-05-13 16:51:00+00:00,4705.7998046875,4706.5,4704.60009765625,4706.5,96
2026-05-13 16:52:00+00:00,4705.60009765625,4705.7001953125,4704.89990234375,4705.2998046875,31
2026-05-13 16:53:00+00:00,4704.0,4705.7001953125,4703.7001953125,4705.39990234375,69
2026-05-13 16:54:00+00:00,4704.39990234375,4705.2001953125,4703.0,4703.60009765625,91
2026-05-13 16:55:00+00:00,4704.5,4705.39990234375,4703.89990234375,4703.89990234375,101
2026-05-13 16:56:00+00:00,4704.10009765625,4704.89990234375,4703.5,4704.7998046875,62
2026-05-13 16:57:00+00:00,4704.7001953125,4705.60009765625,4704.0,4704.0,103
2026-05-13 16:58:00+00:00,4704.2998046875,4704.7001953125,4702.89990234375,4704.2001953125,66
2026-05-13 16:59:00+00:00,4703.5,4704.2998046875,4703.2998046875,4704.0,39
2026-05-13 17:00:00+00:00,4706.10009765625,4706.2998046875,4703.60009765625,4703.7001953125,84
2026-05-13 17:01:00+00:00,4706.2001953125,4706.5,4705.60009765625,4705.60009765625,117
2026-05-13 17:02:00+00:00,4706.0,4706.39990234375,4705.0,4706.39990234375,127
2026-05-13 17:03:00+00:00,4707.0,4707.2001953125,4705.5,4705.5,130
2026-05-13 17:04:00+00:00,4704.7998046875,4707.2998046875,4704.60009765625,4707.2998046875,154
2026-05-13 17:05:00+00:00,4706.39990234375,4706.89990234375,4703.89990234375,4704.7998046875,182
2026-05-13 17:06:00+00:00,4707.2001953125,4707.89990234375,4706.39990234375,4706.5,44
2026-05-13 17:07:00+00:00,4707.39990234375,4707.60009765625,4706.2998046875,4707.2998046875,82
2026-05-13 17:08:00+00:00,4707.10009765625,4707.7998046875,4706.7998046875,4707.2001953125,37
2026-05-13 17:09:00+00:00,4707.60009765625,4707.7998046875,4707.2998046875,4707.2998046875,26
2026-05-13 17:10:00+00:00,4707.5,4708.0,4706.60009765625,4707.60009765625,50
2026-05-13 17:11:00+00:00,4706.7998046875,4707.89990234375,4706.7998046875,4707.2998046875,48
2026-05-13 17:12:00+00:00,4707.2998046875,4707.2998046875,4706.7001953125,4706.7001953125,19
2026-05-13 17:13:00+00:00,4707.89990234375,4708.2998046875,4707.10009765625,4707.5,122
2026-05-13 17:14:00+00:00,4707.60009765625,4708.89990234375,4707.0,4708.5,129
2026-05-13 17:15:00+00:00,4706.60009765625,4707.39990234375,4706.2001953125,4707.39990234375,97
2026-05-13 17:16:00+00:00,4705.10009765625,4706.60009765625,4704.7001953125,4706.60009765625,140
2026-05-13 17:17:00+00:00,4705.39990234375,4706.0,4705.2998046875,4705.2998046875,54
2026-05-13 17:18:00+00:00,4705.7998046875,4706.10009765625,4705.2998046875,4705.7001953125,86
2026-05-13 17:19:00+00:00,4707.7001953125,4707.7001953125,4705.7001953125,4705.7001953125,87
2026-05-13 17:20:00+00:00,4707.60009765625,4708.2998046875,4707.0,4707.7998046875,106
2026-05-13 17:21:00+00:00,4708.7001953125,4708.7001953125,4707.0,4707.7001953125,705
2026-05-13 17:22:00+00:00,4709.10009765625,4709.10009765625,4708.2998046875,4708.5,555
2026-05-13 17:23:00+00:00,4707.89990234375,4709.2001953125,4707.60009765625,4709.2001953125,102
2026-05-13 17:24:00+00:00,4705.39990234375,4707.2001953125,4705.0,4707.2001953125,105
2026-05-13 17:25:00+00:00,4705.0,4706.0,4704.5,4705.5,118
2026-05-13 17:26:00+00:00,4705.7001953125,4706.7001953125,4704.89990234375,4704.89990234375,139
2026-05-13 17:27:00+00:00,4706.5,4706.89990234375,4705.60009765625,4705.7998046875,82
2026-05-13 17:28:00+00:00,4706.2998046875,4707.39990234375,4705.0,4706.7001953125,218
2026-05-13 17:29:00+00:00,4706.2998046875,4708.2998046875,4705.0,4706.2998046875,4759
2026-05-13 17:30:00+00:00,4704.2001953125,4706.60009765625,4704.0,4706.5,296
2026-05-13 17:31:00+00:00,4704.89990234375,4706.0,4703.5,4703.7998046875,86
2026-05-13 17:32:00+00:00,4703.5,4705.0,4703.39990234375,4704.5,51
2026-05-13 17:33:00+00:00,4703.2001953125,4704.2001953125,4702.39990234375,4703.2998046875,68
2026-05-13 17:34:00+00:00,4698.60009765625,4702.89990234375,4698.2001953125,4702.89990234375,376
2026-05-13 17:35:00+00:00,4699.60009765625,4700.10009765625,4698.10009765625,4698.7998046875,85
2026-05-13 17:36:00+00:00,4700.2998046875,4700.2998046875,4698.7998046875,4699.5,37
2026-05-13 17:37:00+00:00,4699.60009765625,4700.7001953125,4699.2998046875,4700.39990234375,430
2026-05-13 17:38:00+00:00,4699.0,4700.7001953125,4699.0,4699.7001953125,68
2026-05-13 17:39:00+00:00,4699.2001953125,4699.7001953125,4698.7001953125,4699.2998046875,83
2026-05-13 17:40:00+00:00,4700.7001953125,4701.10009765625,4699.5,4699.7001953125,50
2026-05-13 17:41:00+00:00,4700.2001953125,4701.7998046875,4699.89990234375,4700.10009765625,150
2026-05-13 17:42:00+00:00,4699.7001953125,4700.7001953125,4699.5,4700.39990234375,107
2026-05-13 17:43:00+00:00,4700.0,4700.5,4699.39990234375,4699.5,41
2026-05-13 17:44:00+00:00,4699.5,4700.2001953125,4698.89990234375,4700.0,38
2026-05-13 17:45:00+00:00,4700.39990234375,4700.7001953125,4699.39990234375,4699.60009765625,47
2026-05-13 17:46:00+00:00,4702.10009765625,4702.60009765625,4700.7001953125,4700.7998046875,119
2026-05-13 17:47:00+00:00,4700.0,4702.39990234375,4700.0,4702.39990234375,24
2026-05-13 17:48:00+00:00,4698.7001953125,4700.10009765625,4698.39990234375,4700.0,90
2026-05-13 17:49:00+00:00,4699.5,4699.7001953125,4698.7998046875,4698.7998046875,13
2026-05-13 17:50:00+00:00,4700.2998046875,4700.2998046875,4699.0,4699.0,27
2026-05-13 17:51:00+00:00,4699.60009765625,4700.5,4699.0,4699.7998046875,86
2026-05-13 17:52:00+00:00,4699.39990234375,4699.60009765625,4698.89990234375,4699.60009765625,45
2026-05-13 17:53:00+00:00,4699.0,4700.0,4698.7998046875,4699.0,34
2026-05-13 17:54:00+00:00,4697.10009765625,4698.39990234375,4696.39990234375,4698.39990234375,129
2026-05-13 17:55:00+00:00,4696.7998046875,4697.10009765625,4696.2998046875,4696.89990234375,30
2026-05-13 17:56:00+00:00,4695.60009765625,4697.7998046875,4694.39990234375,4696.89990234375,137
2026-05-13 17:57:00+00:00,4695.7998046875,4696.2001953125,4694.39990234375,4695.2998046875,70
2026-05-13 17:58:00+00:00,4694.7001953125,4696.2998046875,4694.7001953125,4695.7998046875,32
2026-05-13 17:59:00+00:00,4693.39990234375,4694.7001953125,4692.60009765625,4694.39990234375,127
2026-05-13 18:00:00+00:00,4694.89990234375,4695.39990234375,4692.5,4693.7998046875,602
2026-05-13 18:01:00+00:00,4696.10009765625,4696.39990234375,4694.0,4694.7998046875,488
2026-05-13 18:02:00+00:00,4696.7998046875,4697.60009765625,4696.0,4696.2998046875,56
2026-05-13 18:03:00+00:00,4696.10009765625,4697.0,4696.10009765625,4696.7001953125,38
2026-05-13 18:04:00+00:00,4696.2998046875,4696.7998046875,4695.7998046875,4695.7998046875,23
2026-05-13 18:05:00+00:00,4697.7998046875,4698.2998046875,4695.60009765625,4695.89990234375,51
2026-05-13 18:06:00+00:00,4697.10009765625,4698.0,4697.0,4697.60009765625,29
2026-05-13 18:07:00+00:00,4698.2998046875,4698.7001953125,4697.60009765625,4697.60009765625,25
2026-05-13 18:08:00+00:00,4699.10009765625,4699.39990234375,4697.39990234375,4698.39990234375,38
2026-05-13 18:09:00+00:00,4699.2998046875,4699.60009765625,4698.7001953125,4699.2998046875,26
2026-05-13 18:10:00+00:00,4699.0,4699.7001953125,4698.7001953125,4698.7998046875,34
2026-05-13 18:11:00+00:00,4699.5,4699.7998046875,4698.39990234375,4698.5,17
2026-05-13 18:12:00+00:00,4699.2998046875,4699.89990234375,4699.2998046875,4699.60009765625,22
2026-05-13 18:13:00+00:00,4699.60009765625,4700.5,4698.89990234375,4699.89990234375,38
2026-05-13 18:14:00+00:00,4700.5,4700.7998046875,4699.60009765625,4700.10009765625,18
2026-05-13 18:15:00+00:00,4701.39990234375,4702.0,4700.60009765625,4700.60009765625,74
2026-05-13 18:16:00+00:00,4700.2998046875,4701.10009765625,4700.10009765625,4701.10009765625,34
2026-05-13 18:17:00+00:00,4698.2998046875,4700.2998046875,4698.2998046875,4700.2998046875,40
2026-05-13 18:18:00+00:00,4698.60009765625,4699.10009765625,4698.39990234375,4698.7998046875,14
2026-05-13 18:19:00+00:00,4698.5,4699.2001953125,4698.5,4699.0,15
2026-05-13 18:20:00+00:00,4698.5,4699.10009765625,4698.2001953125,4699.0,16
2026-05-13 18:21:00+00:00,4697.0,4698.5,4696.7998046875,4698.5,74
2026-05-13 18:22:00+00:00,4697.10009765625,4697.60009765625,4697.0,4697.0,22
2026-05-13 18:23:00+00:00,4697.7998046875,4697.7998046875,4696.89990234375,4696.89990234375,24
2026-05-13 18:24:00+00:00,4698.10009765625,4698.10009765625,4696.7998046875,4697.2001953125,29
2026-05-13 18:25:00+00:00,4698.89990234375,4699.2998046875,4698.10009765625,4698.39990234375,42
2026-05-13 18:26:00+00:00,4698.7998046875,4699.5,4698.2998046875,4699.0,27
2026-05-13 18:27:00+00:00,4699.5,4699.5,4698.10009765625,4698.10009765625,19
2026-05-13 18:28:00+00:00,4700.10009765625,4700.2998046875,4699.5,4699.60009765625,42
2026-05-13 18:29:00+00:00,4700.2001953125,4700.2001953125,4699.7001953125,4700.0,25
2026-05-13 18:30:00+00:00,4699.60009765625,4700.2001953125,4699.2998046875,4699.60009765625,25
2026-05-13 18:31:00+00:00,4699.7001953125,4700.89990234375,4699.2001953125,4699.60009765625,29
2026-05-13 18:32:00+00:00,4698.89990234375,4699.7001953125,4698.7001953125,4699.2998046875,39
2026-05-13 18:33:00+00:00,4698.2001953125,4698.89990234375,4698.2001953125,4698.89990234375,60
2026-05-13 18:34:00+00:00,4698.89990234375,4699.0,4698.2998046875,4698.2998046875,19
2026-05-13 18:35:00+00:00,4696.10009765625,4699.2001953125,4696.0,4699.2001953125,48
2026-05-13 18:36:00+00:00,4695.60009765625,4696.2998046875,4695.2001953125,4696.2998046875,17
2026-05-13 18:37:00+00:00,4696.0,4696.60009765625,4695.0,4695.5,45
2026-05-13 18:38:00+00:00,4697.5,4697.7998046875,4696.2001953125,4696.2001953125,279
2026-05-13 18:39:00+00:00,4698.10009765625,4698.2001953125,4696.89990234375,4697.2001953125,41
2026-05-13 18:40:00+00:00,4698.7001953125,4699.2001953125,4698.39990234375,4698.39990234375,21
2026-05-13 18:41:00+00:00,4698.5,4699.2001953125,4698.2001953125,4698.5,18
2026-05-13 18:42:00+00:00,4697.0,4698.60009765625,4697.0,4698.60009765625,14
2026-05-13 18:43:00+00:00,4695.39990234375,4696.89990234375,4695.39990234375,4696.7998046875,77
2026-05-13 18:44:00+00:00,4694.10009765625,4695.2001953125,4693.39990234375,4695.2001953125,137
2026-05-13 18:45:00+00:00,4695.10009765625,4695.10009765625,4694.2001953125,4694.2001953125,47
2026-05-13 18:46:00+00:00,4690.39990234375,4695.10009765625,4689.2998046875,4695.10009765625,282
2026-05-13 18:47:00+00:00,4686.60009765625,4690.60009765625,4685.5,4690.0,189
2026-05-13 18:48:00+00:00,4688.89990234375,4689.39990234375,4686.39990234375,4686.60009765625,51
2026-05-13 18:49:00+00:00,4687.5,4689.0,4687.10009765625,4688.7998046875,83
2026-05-13 18:50:00+00:00,4690.2998046875,4690.2998046875,4687.7001953125,4687.7001953125,97
2026-05-13 18:51:00+00:00,4690.7998046875,4691.39990234375,4689.0,4690.0,66
2026-05-13 18:52:00+00:00,4691.2998046875,4691.89990234375,4690.60009765625,4690.89990234375,32
2026-05-13 18:53:00+00:00,4692.89990234375,4693.2001953125,4690.5,4691.2001953125,96
2026-05-13 18:54:00+00:00,4694.7001953125,4695.2998046875,4692.2998046875,4692.39990234375,120
2026-05-13 18:55:00+00:00,4693.7001953125,4694.7998046875,4692.7998046875,4694.7998046875,45
2026-05-13 18:56:00+00:00,4694.39990234375,4695.0,4693.5,4693.89990234375,37
2026-05-13 18:57:00+00:00,4694.7001953125,4695.39990234375,4694.2998046875,4694.2998046875,42
2026-05-13 18:58:00+00:00,4693.10009765625,4694.89990234375,4693.10009765625,4694.60009765625,46
2026-05-13 18:59:00+00:00,4692.89990234375,4693.10009765625,4692.10009765625,4693.10009765625,26
2026-05-13 19:00:00+00:00,4693.7998046875,4693.7998046875,4692.60009765625,4692.60009765625,43
2026-05-13 19:01:00+00:00,4693.2001953125,4693.60009765625,4692.7998046875,4693.60009765625,14
2026-05-13 19:02:00+00:00,4692.39990234375,4693.2001953125,4692.10009765625,4692.89990234375,25
2026-05-13 19:03:00+00:00,4692.7001953125,4692.7001953125,4692.0,4692.2998046875,25
2026-05-13 19:04:00+00:00,4692.0,4693.10009765625,4691.7001953125,4692.7998046875,26
2026-05-13 19:05:00+00:00,4691.60009765625,4692.2998046875,4691.60009765625,4692.2998046875,19
2026-05-13 19:06:00+00:00,4692.5,4693.10009765625,4691.2998046875,4691.2998046875,26
2026-05-13 19:07:00+00:00,4693.2998046875,4693.2998046875,4692.0,4692.2001953125,19
2026-05-13 19:08:00+00:00,4694.0,4694.0,4693.2998046875,4693.2998046875,43
2026-05-13 19:09:00+00:00,4694.5,4694.5,4693.7998046875,4694.0,16
2026-05-13 19:10:00+00:00,4694.2998046875,4694.2998046875,4693.7998046875,4694.2001953125,16
2026-05-13 19:11:00+00:00,4694.0,4694.5,4693.89990234375,4694.10009765625,17
2026-05-13 19:12:00+00:00,4694.10009765625,4694.10009765625,4693.39990234375,4693.39990234375,9
2026-05-13 19:13:00+00:00,4694.0,4694.39990234375,4694.0,4694.39990234375,9
2026-05-13 19:14:00+00:00,4696.89990234375,4697.10009765625,4693.89990234375,4693.89990234375,67
2026-05-13 19:15:00+00:00,4695.7001953125,4697.10009765625,4695.7001953125,4697.0,27
2026-05-13 19:16:00+00:00,4696.0,4696.0,4694.7998046875,4695.5,17
2026-05-13 19:17:00+00:00,4696.7001953125,4696.7998046875,4695.89990234375,4695.89990234375,18
2026-05-13 19:18:00+00:00,4698.2998046875,4698.2998046875,4697.2001953125,4697.39990234375,26
2026-05-13 19:19:00+00:00,4696.0,4698.60009765625,4696.0,4698.10009765625,55
2026-05-13 19:20:00+00:00,4696.10009765625,4696.39990234375,4695.7001953125,4696.10009765625,25
2026-05-13 19:21:00+00:00,4696.39990234375,4696.39990234375,4695.7001953125,4696.10009765625,26
2026-05-13 19:22:00+00:00,4697.5,4697.89990234375,4695.7998046875,4696.10009765625,41
2026-05-13 19:23:00+00:00,4696.0,4698.0,4696.0,4697.5,23
2026-05-13 19:24:00+00:00,4695.60009765625,4696.89990234375,4695.60009765625,4696.2998046875,24
2026-05-13 19:25:00+00:00,4695.7998046875,4696.0,4695.2001953125,4695.39990234375,18
2026-05-13 19:26:00+00:00,4695.7001953125,4696.5,4695.10009765625,4695.7001953125,22
2026-05-13 19:27:00+00:00,4696.2001953125,4696.2001953125,4694.89990234375,4696.10009765625,44
2026-05-13 19:28:00+00:00,4694.7998046875,4695.7998046875,4694.7998046875,4695.7998046875,23
2026-05-13 19:29:00+00:00,4695.0,4695.0,4694.2998046875,4694.89990234375,61
2026-05-13 19:30:00+00:00,4696.0,4696.10009765625,4695.0,4695.2001953125,44
2026-05-13 19:31:00+00:00,4695.89990234375,4696.39990234375,4695.7001953125,4696.0,20
2026-05-13 19:32:00+00:00,4694.7001953125,4696.2998046875,4694.7001953125,4695.89990234375,38
2026-05-13 19:33:00+00:00,4693.2998046875,4694.7998046875,4693.2998046875,4694.7001953125,26
2026-05-13 19:34:00+00:00,4693.10009765625,4694.10009765625,4692.2001953125,4693.10009765625,80
2026-05-13 19:35:00+00:00,4693.60009765625,4693.60009765625,4692.60009765625,4692.89990234375,17
2026-05-13 19:36:00+00:00,4695.39990234375,4695.39990234375,4693.2001953125,4693.5,36
2026-05-13 19:37:00+00:00,4695.0,4695.39990234375,4695.0,4695.2001953125,10
2026-05-13 19:38:00+00:00,4694.7998046875,4695.5,4694.7998046875,4695.2001953125,31
2026-05-13 19:39:00+00:00,4697.10009765625,4697.10009765625,4694.89990234375,4694.89990234375,35
2026-05-13 19:40:00+00:00,4696.7998046875,4696.89990234375,4696.10009765625,4696.89990234375,21
2026-05-13 19:41:00+00:00,4696.10009765625,4696.5,4696.0,4696.5,11
2026-05-13 19:42:00+00:00,4695.7001953125,4696.0,4695.2001953125,4696.0,17
2026-05-13 19:43:00+00:00,4695.7001953125,4696.2998046875,4695.7001953125,4695.7998046875,17
2026-05-13 19:44:00+00:00,4696.39990234375,4696.39990234375,4694.89990234375,4695.7001953125,31
2026-05-13 19:45:00+00:00,4695.5,4696.5,4695.2001953125,4696.2001953125,27
2026-05-13 19:46:00+00:00,4696.7001953125,4697.0,4695.60009765625,4695.60009765625,33
2026-05-13 19:47:00+00:00,4696.60009765625,4696.7998046875,4696.60009765625,4696.60009765625,6
2026-05-13 19:48:00+00:00,4696.7001953125,4697.0,4696.39990234375,4696.60009765625,14
2026-05-13 19:49:00+00:00,4697.10009765625,4697.10009765625,4696.2001953125,4696.2998046875,20
2026-05-13 19:50:00+00:00,4695.2998046875,4696.7998046875,4694.39990234375,4696.7998046875,73
2026-05-13 19:51:00+00:00,4695.2001953125,4695.60009765625,4694.2998046875,4695.2001953125,27
2026-05-13 19:52:00+00:00,4693.39990234375,4696.10009765625,4693.2998046875,4695.5,121
2026-05-13 19:53:00+00:00,4693.7001953125,4693.7001953125,4691.7998046875,4693.10009765625,118
2026-05-13 19:54:00+00:00,4693.60009765625,4694.0,4693.0,4693.60009765625,65
2026-05-13 19:55:00+00:00,4694.10009765625,4694.39990234375,4693.60009765625,4693.7001953125,44
2026-05-13 19:56:00+00:00,4694.5,4695.7001953125,4693.7998046875,4694.0,123
2026-05-13 19:57:00+00:00,4695.0,4695.5,4694.89990234375,4694.89990234375,27
2026-05-13 19:58:00+00:00,4696.7001953125,4696.7001953125,4694.7998046875,4694.7998046875,53
2026-05-13 19:59:00+00:00,4696.10009765625,4697.0,4695.7998046875,4696.5,134
2026-05-13 20:00:00+00:00,4695.39990234375,4696.5,4693.7001953125,4696.0,111
2026-05-13 20:01:00+00:00,4694.89990234375,4695.39990234375,4694.7001953125,4695.39990234375,11
2026-05-13 20:02:00+00:00,4694.10009765625,4694.7998046875,4693.89990234375,4694.5,15
2026-05-13 20:03:00+00:00,4695.10009765625,4695.10009765625,4694.2001953125,4694.60009765625,42
2026-05-13 20:04:00+00:00,4694.5,4694.89990234375,4694.2998046875,4694.5,20
2026-05-13 20:05:00+00:00,4695.2998046875,4695.7001953125,4694.89990234375,4694.89990234375,11
2026-05-13 20:06:00+00:00,4695.7001953125,4695.7998046875,4695.2001953125,4695.7001953125,9
2026-05-13 20:07:00+00:00,4695.5,4695.7001953125,4695.2001953125,4695.5,6
2026-05-13 20:08:00+00:00,4697.10009765625,4697.10009765625,4696.0,4696.0,32
2026-05-13 20:09:00+00:00,4696.89990234375,4697.0,4696.39990234375,4696.60009765625,23
2026-05-13 20:10:00+00:00,4698.2001953125,4698.2001953125,4697.2001953125,4697.2001953125,23
2026-05-13 20:11:00+00:00,4697.60009765625,4698.7001953125,4697.60009765625,4698.2998046875,26
2026-05-13 20:12:00+00:00,4698.2001953125,4698.2001953125,4697.7001953125,4697.7001953125,8
2026-05-13 20:13:00+00:00,4698.2001953125,4698.5,4698.2001953125,4698.5,3
2026-05-13 20:14:00+00:00,4698.89990234375,4699.0,4698.2998046875,4698.2998046875,8
2026-05-13 20:15:00+00:00,4698.5,4698.89990234375,4698.5,4698.89990234375,5
2026-05-13 20:16:00+00:00,4698.39990234375,4698.5,4698.2998046875,4698.2998046875,9
2026-05-13 20:17:00+00:00,4698.39990234375,4698.89990234375,4698.2998046875,4698.7001953125,12
2026-05-13 20:18:00+00:00,4698.60009765625,4698.7001953125,4698.39990234375,4698.60009765625,7
2026-05-13 20:19:00+00:00,4699.10009765625,4699.10009765625,4698.10009765625,4698.10009765625,48
2026-05-13 20:20:00+00:00,4698.89990234375,4699.5,4698.5,4699.0,24
2026-05-13 20:21:00+00:00,4699.7001953125,4699.7998046875,4699.0,4699.2001953125,10
2026-05-13 20:22:00+00:00,4699.7998046875,4699.7998046875,4699.5,4699.5,6
2026-05-13 20:23:00+00:00,4699.60009765625,4699.7001953125,4699.5,4699.5,6
2026-05-13 20:24:00+00:00,4700.7998046875,4701.39990234375,4699.7998046875,4699.7998046875,58
2026-05-13 20:25:00+00:00,4701.10009765625,4701.10009765625,4700.39990234375,4700.60009765625,19
2026-05-13 20:26:00+00:00,4701.2998046875,4701.2998046875,4700.60009765625,4700.7998046875,13
2026-05-13 20:27:00+00:00,4700.89990234375,4701.2001953125,4700.89990234375,4701.2001953125,9
2026-05-13 20:28:00+00:00,4699.39990234375,4700.2998046875,4699.39990234375,4700.2998046875,10
2026-05-13 20:29:00+00:00,4699.39990234375,4699.89990234375,4699.39990234375,4699.7998046875,7
2026-05-13 20:30:00+00:00,4700.2001953125,4700.2998046875,4699.39990234375,4699.39990234375,18
2026-05-13 20:31:00+00:00,4699.0,4701.2001953125,4699.0,4700.89990234375,72
2026-05-13 20:32:00+00:00,4698.89990234375,4699.10009765625,4698.60009765625,4699.0,9
2026-05-13 20:33:00+00:00,4697.10009765625,4698.7998046875,4697.0,4698.7998046875,79
2026-05-13 20:34:00+00:00,4697.89990234375,4698.0,4697.2998046875,4697.60009765625,4
2026-05-13 20:35:00+00:00,4698.2001953125,4698.2001953125,4697.60009765625,4697.89990234375,10
2026-05-13 20:36:00+00:00,4698.7001953125,4698.7001953125,4698.10009765625,4698.60009765625,7
2026-05-13 20:37:00+00:00,4698.60009765625,4699.10009765625,4697.89990234375,4698.0,14
2026-05-13 20:38:00+00:00,4698.89990234375,4699.10009765625,4698.89990234375,4699.0,3
2026-05-13 20:39:00+00:00,4699.10009765625,4699.10009765625,4699.0,4699.0,2
2026-05-13 20:40:00+00:00,4699.5,4699.7001953125,4699.2001953125,4699.60009765625,8
2026-05-13 20:41:00+00:00,4698.2998046875,4699.5,4698.2001953125,4699.10009765625,12
2026-05-13 20:42:00+00:00,4697.89990234375,4698.10009765625,4697.7001953125,4698.10009765625,6
2026-05-13 20:43:00+00:00,4698.7998046875,4698.7998046875,4697.7998046875,4697.7998046875,6
2026-05-13 20:44:00+00:00,4698.7001953125,4698.7998046875,4697.7998046875,4698.2998046875,16
2026-05-13 20:45:00+00:00,4697.60009765625,4699.2001953125,4697.60009765625,4698.2001953125,22
2026-05-13 20:46:00+00:00,4696.89990234375,4697.7001953125,4696.89990234375,4697.2001953125,16
2026-05-13 20:47:00+00:00,4696.7001953125,4697.2001953125,4696.7001953125,4697.2001953125,6
2026-05-13 20:48:00+00:00,4697.10009765625,4697.39990234375,4696.2998046875,4696.60009765625,20
2026-05-13 20:49:00+00:00,4696.39990234375,4697.10009765625,4696.39990234375,4697.10009765625,7
2026-05-13 20:50:00+00:00,4697.2001953125,4697.39990234375,4696.39990234375,4697.10009765625,11
2026-05-13 20:51:00+00:00,4697.0,4697.5,4696.7998046875,4697.2001953125,16
2026-05-13 20:52:00+00:00,4697.10009765625,4697.10009765625,4696.7998046875,4697.0,20
2026-05-13 20:53:00+00:00,4696.5,4696.89990234375,4696.2001953125,4696.7001953125,15
2026-05-13 20:54:00+00:00,4696.2001953125,4696.2001953125,4695.7998046875,4696.2001953125,10
2026-05-13 20:55:00+00:00,4696.60009765625,4696.7998046875,4696.2001953125,4696.2998046875,15
2026-05-13 20:56:00+00:00,4696.7998046875,4696.7998046875,4696.39990234375,4696.39990234375,5
2026-05-13 20:57:00+00:00,4696.39990234375,4697.0,4696.39990234375,4697.0,14
2026-05-13 20:58:00+00:00,4696.5,4696.7001953125,4696.2998046875,4696.7001953125,6
2026-05-13 20:59:00+00:00,4697.10009765625,4697.5,4696.39990234375,4696.7998046875,19
2026-05-13 22:00:00+00:00,4699.0,4700.89990234375,4696.7998046875,4696.7998046875,0
2026-05-13 22:01:00+00:00,4697.0,4700.2001953125,4696.0,4699.7001953125,58
2026-05-13 22:02:00+00:00,4700.2998046875,4700.2998046875,4697.89990234375,4697.89990234375,18
2026-05-13 22:03:00+00:00,4700.2001953125,4700.2001953125,4699.2001953125,4700.0,14
2026-05-13 22:04:00+00:00,4699.7001953125,4700.2001953125,4699.60009765625,4699.7001953125,28
2026-05-13 22:05:00+00:00,4699.0,4700.2001953125,4699.0,4699.60009765625,19
2026-05-13 22:06:00+00:00,4699.5,4699.7998046875,4699.5,4699.7998046875,3
2026-05-13 22:07:00+00:00,4699.5,4699.5,4698.7001953125,4699.0,13
2026-05-13 22:08:00+00:00,4698.0,4700.0,4698.0,4699.10009765625,20
2026-05-13 22:09:00+00:00,4696.60009765625,4698.5,4696.2998046875,4698.39990234375,59
2026-05-13 22:10:00+00:00,4696.89990234375,4696.89990234375,4695.5,4696.60009765625,22
2026-05-13 22:11:00+00:00,4697.5,4697.5,4696.5,4696.5,3
2026-05-13 22:12:00+00:00,4696.60009765625,4697.39990234375,4696.60009765625,4697.2998046875,9
2026-05-13 22:13:00+00:00,4697.10009765625,4697.2001953125,4697.0,4697.0,5
2026-05-13 22:14:00+00:00,4697.7998046875,4698.0,4696.89990234375,4696.89990234375,9
2026-05-13 22:15:00+00:00,4698.0,4698.0,4697.39990234375,4697.5,16
2026-05-13 22:16:00+00:00,4701.7001953125,4702.5,4698.2001953125,4698.2001953125,60
2026-05-13 22:17:00+00:00,4700.60009765625,4702.39990234375,4700.60009765625,4702.10009765625,41
2026-05-13 22:18:00+00:00,4701.0,4701.2001953125,4700.2001953125,4700.2001953125,14
2026-05-13 22:19:00+00:00,4701.0,4702.10009765625,4700.7001953125,4701.2998046875,21
2026-05-13 22:20:00+00:00,4700.89990234375,4702.0,4700.89990234375,4701.39990234375,12
2026-05-13 22:21:00+00:00,4701.2998046875,4701.7998046875,4701.2998046875,4701.39990234375,8
2026-05-13 22:22:00+00:00,4701.60009765625,4701.60009765625,4700.7998046875,4701.0,8
2026-05-13 22:23:00+00:00,4701.7001953125,4702.10009765625,4700.7998046875,4702.10009765625,12
2026-05-13 22:24:00+00:00,4702.2001953125,4703.2001953125,4701.7001953125,4701.7001953125,33
2026-05-13 22:25:00+00:00,4703.39990234375,4703.60009765625,4702.60009765625,4702.60009765625,25
2026-05-13 22:26:00+00:00,4703.7001953125,4704.0,4703.2001953125,4703.39990234375,18
2026-05-13 22:27:00+00:00,4703.0,4703.39990234375,4702.7998046875,4703.2001953125,30
2026-05-13 22:28:00+00:00,4703.2001953125,4703.2001953125,4702.0,4702.5,10
2026-05-13 22:29:00+00:00,4703.39990234375,4703.60009765625,4703.0,4703.0,10
2026-05-13 22:30:00+00:00,4704.39990234375,4705.39990234375,4703.5,4703.89990234375,55
2026-05-13 22:31:00+00:00,4704.2001953125,4704.5,4703.89990234375,4704.39990234375,9
2026-05-13 22:32:00+00:00,4702.89990234375,4703.7998046875,4702.10009765625,4703.7001953125,43
2026-05-13 22:33:00+00:00,4702.60009765625,4702.60009765625,4702.60009765625,4702.60009765625,1
2026-05-13 22:34:00+00:00,4703.7001953125,4703.7998046875,4702.0,4702.39990234375,20
2026-05-13 22:35:00+00:00,4703.7998046875,4703.7998046875,4703.2001953125,4703.7001953125,10
2026-05-13 22:36:00+00:00,4704.7998046875,4704.7998046875,4703.60009765625,4703.60009765625,8
2026-05-13 22:37:00+00:00,4704.60009765625,4704.7998046875,4704.39990234375,4704.7998046875,8
2026-05-13 22:38:00+00:00,4705.7998046875,4705.7998046875,4704.39990234375,4704.5,49
2026-05-13 22:39:00+00:00,4704.89990234375,4705.2998046875,4704.7998046875,4705.10009765625,6
2026-05-13 22:40:00+00:00,4705.2998046875,4705.2998046875,4704.2998046875,4705.0,11
2026-05-13 22:41:00+00:00,4706.2001953125,4706.2001953125,4705.10009765625,4705.10009765625,12
2026-05-13 22:42:00+00:00,4706.2001953125,4706.2998046875,4705.60009765625,4705.60009765625,11
2026-05-13 22:43:00+00:00,4706.7998046875,4706.89990234375,4705.7001953125,4706.0,13
2026-05-13 22:44:00+00:00,4705.60009765625,4707.0,4705.60009765625,4706.7998046875,20
2026-05-13 22:45:00+00:00,4705.7001953125,4706.0,4704.7001953125,4705.7998046875,36
2026-05-13 22:46:00+00:00,4704.60009765625,4706.2001953125,4704.2998046875,4705.60009765625,47
2026-05-13 22:47:00+00:00,4704.2001953125,4705.10009765625,4704.2001953125,4704.39990234375,28
2026-05-13 22:48:00+00:00,4703.60009765625,4704.2998046875,4703.10009765625,4704.2001953125,44
2026-05-13 22:49:00+00:00,4704.89990234375,4704.89990234375,4703.7001953125,4704.0,6
2026-05-13 22:50:00+00:00,4704.7001953125,4705.10009765625,4704.2001953125,4704.2001953125,13
2026-05-13 22:51:00+00:00,4705.7001953125,4705.7001953125,4705.0,4705.2001953125,7
2026-05-13 22:52:00+00:00,4706.7998046875,4707.2001953125,4706.10009765625,4706.10009765625,27
2026-05-13 22:53:00+00:00,4707.2998046875,4707.2998046875,4707.0,4707.0,2
2026-05-13 22:54:00+00:00,4707.0,4707.2998046875,4706.60009765625,4707.2998046875,24
2026-05-13 22:55:00+00:00,4707.0,4707.0,4707.0,4707.0,1
2026-05-13 22:56:00+00:00,4706.5,4706.5,4705.7998046875,4706.2001953125,20
2026-05-13 22:57:00+00:00,4706.60009765625,4706.60009765625,4706.60009765625,4706.60009765625,5
2026-05-13 22:58:00+00:00,4706.7001953125,4707.10009765625,4706.5,4707.10009765625,6
2026-05-13 22:59:00+00:00,4706.39990234375,4706.7001953125,4706.2998046875,4706.7001953125,6
2026-05-13 23:00:00+00:00,4707.2001953125,4707.2001953125,4706.2001953125,4706.2001953125,7
2026-05-13 23:01:00+00:00,4707.5,4707.7998046875,4707.0,4707.2998046875,19
2026-05-13 23:02:00+00:00,4707.0,4707.7001953125,4707.0,4707.2998046875,9
2026-05-13 23:03:00+00:00,4706.10009765625,4707.0,4705.7998046875,4707.0,14
2026-05-13 23:04:00+00:00,4705.7001953125,4705.7001953125,4705.7001953125,4705.7001953125,1
2026-05-13 23:05:00+00:00,4706.7998046875,4707.2998046875,4706.0,4706.0,7
2026-05-13 23:06:00+00:00,4707.39990234375,4707.7001953125,4707.10009765625,4707.10009765625,6
2026-05-13 23:07:00+00:00,4707.2998046875,4707.60009765625,4707.2998046875,4707.60009765625,2
2026-05-13 23:08:00+00:00,4708.10009765625,4708.39990234375,4707.39990234375,4707.60009765625,15
2026-05-13 23:09:00+00:00,4707.60009765625,4707.7001953125,4707.2998046875,4707.7001953125,5
2026-05-13 23:10:00+00:00,4708.39990234375,4708.5,4707.60009765625,4707.60009765625,19
2026-05-13 23:11:00+00:00,4708.7001953125,4708.7001953125,4708.2001953125,4708.2998046875,7
2026-05-13 23:12:00+00:00,4709.0,4709.0,4708.7001953125,4708.7001953125,6
2026-05-13 23:13:00+00:00,4708.2998046875,4709.0,4708.2998046875,4709.0,13
2026-05-13 23:14:00+00:00,4708.2001953125,4708.60009765625,4707.7998046875,4708.60009765625,5
2026-05-13 23:15:00+00:00,4707.7001953125,4708.10009765625,4707.7001953125,4708.10009765625,4
2026-05-13 23:16:00+00:00,4707.60009765625,4707.60009765625,4707.60009765625,4707.60009765625,1
2026-05-13 23:17:00+00:00,4707.2998046875,4707.7998046875,4707.2998046875,4707.7998046875,9
2026-05-13 23:18:00+00:00,4707.2998046875,4707.2998046875,4707.2998046875,4707.2998046875,2
2026-05-13 23:19:00+00:00,4707.5,4707.5,4707.5,4707.5,1
2026-05-13 23:20:00+00:00,4707.60009765625,4707.89990234375,4707.60009765625,4707.89990234375,3
2026-05-13 23:21:00+00:00,4707.5,4707.7001953125,4707.5,4707.7001953125,3
2026-05-13 23:23:00+00:00,4707.10009765625,4707.10009765625,4707.0,4707.10009765625,14
2026-05-13 23:24:00+00:00,4706.39990234375,4706.7998046875,4706.2001953125,4706.7998046875,10
2026-05-13 23:25:00+00:00,4706.0,4706.2001953125,4705.0,4706.2001953125,66
2026-05-13 23:26:00+00:00,4704.2001953125,4706.0,4703.5,4705.7001953125,69
2026-05-13 23:27:00+00:00,4704.0,4704.0,4703.89990234375,4704.0,15
2026-05-13 23:28:00+00:00,4703.60009765625,4704.2001953125,4703.2001953125,4703.7998046875,21
2026-05-13 23:29:00+00:00,4704.2998046875,4704.2998046875,4703.60009765625,4703.7001953125,10
2026-05-13 23:30:00+00:00,4702.7998046875,4703.89990234375,4702.7998046875,4703.5,11
2026-05-13 23:31:00+00:00,4703.39990234375,4703.39990234375,4701.2001953125,4702.5,45
2026-05-13 23:32:00+00:00,4702.7001953125,4703.39990234375,4702.60009765625,4703.39990234375,5
2026-05-13 23:33:00+00:00,4702.5,4702.60009765625,4702.0,4702.2998046875,24
2026-05-13 23:34:00+00:00,4701.89990234375,4703.0,4701.0,4703.0,40
2026-05-13 23:35:00+00:00,4702.10009765625,4702.10009765625,4702.10009765625,4702.10009765625,1
2026-05-13 23:36:00+00:00,4703.7001953125,4704.0,4702.39990234375,4702.39990234375,12
2026-05-13 23:37:00+00:00,4702.0,4703.10009765625,4702.0,4703.10009765625,4
2026-05-13 23:38:00+00:00,4703.0,4703.0,4703.0,4703.0,2
2026-05-13 23:39:00+00:00,4702.89990234375,4703.2998046875,4702.60009765625,4703.0,11
2026-05-13 23:40:00+00:00,4703.7001953125,4703.7001953125,4702.0,4702.5,22
2026-05-13 23:41:00+00:00,4703.89990234375,4704.10009765625,4702.10009765625,4702.89990234375,57
2026-05-13 23:42:00+00:00,4703.0,4704.39990234375,4702.7998046875,4704.2998046875,11
2026-05-13 23:43:00+00:00,4702.7001953125,4703.7998046875,4701.89990234375,4703.5,29
2026-05-13 23:44:00+00:00,4701.7001953125,4702.39990234375,4701.60009765625,4702.39990234375,14
2026-05-13 23:45:00+00:00,4700.7001953125,4703.10009765625,4700.5,4701.89990234375,36
2026-05-13 23:46:00+00:00,4700.7001953125,4700.89990234375,4699.7001953125,4700.7998046875,25
2026-05-13 23:47:00+00:00,4702.7998046875,4702.7998046875,4701.2001953125,4701.2001953125,5
2026-05-13 23:48:00+00:00,4700.7998046875,4702.2998046875,4700.60009765625,4702.10009765625,18
2026-05-13 23:49:00+00:00,4700.39990234375,4702.10009765625,4700.39990234375,4701.2998046875,19
2026-05-13 23:50:00+00:00,4701.10009765625,4701.10009765625,4701.0,4701.0,3
2026-05-13 23:51:00+00:00,4700.89990234375,4702.2001953125,4700.2998046875,4702.2001953125,5
2026-05-13 23:52:00+00:00,4700.89990234375,4700.89990234375,4699.89990234375,4700.7001953125,15
2026-05-13 23:53:00+00:00,4701.0,4701.39990234375,4701.0,4701.10009765625,6
2026-05-13 23:54:00+00:00,4702.5,4702.5,4701.7998046875,4701.7998046875,4
2026-05-13 23:55:00+00:00,4701.7001953125,4702.7998046875,4701.7001953125,4702.7998046875,14
2026-05-13 23:56:00+00:00,4701.7998046875,4702.39990234375,4701.7998046875,4701.7998046875,4
2026-05-13 23:57:00+00:00,4703.0,4703.0,4702.5,4702.5,2
2026-05-13 23:58:00+00:00,4703.2998046875,4703.7998046875,4702.60009765625,4702.60009765625,20
2026-05-13 23:59:00+00:00,4703.5,4703.60009765625,4703.0,4703.60009765625,5
2026-05-14 00:00:00+00:00,4706.0,4706.0,4702.39990234375,4703.10009765625,80
2026-05-14 00:01:00+00:00,4703.39990234375,4706.2001953125,4703.0,4706.2001953125,46
2026-05-14 00:02:00+00:00,4701.7001953125,4702.89990234375,4700.7998046875,4702.89990234375,14
2026-05-14 00:03:00+00:00,4696.2998046875,4701.10009765625,4696.2001953125,4701.0,230
2026-05-14 00:04:00+00:00,4698.5,4699.0,4696.2001953125,4696.39990234375,34
2026-05-14 00:05:00+00:00,4700.60009765625,4700.60009765625,4697.39990234375,4698.39990234375,29
2026-05-14 00:06:00+00:00,4702.0,4703.5,4700.5,4700.5,63
2026-05-14 00:07:00+00:00,4700.2001953125,4702.2998046875,4698.60009765625,4702.10009765625,23
2026-05-14 00:08:00+00:00,4699.5,4700.2998046875,4699.5,4700.2001953125,8
2026-05-14 00:09:00+00:00,4702.60009765625,4703.2998046875,4699.7998046875,4699.7998046875,28
2026-05-14 00:10:00+00:00,4701.89990234375,4703.2998046875,4700.7998046875,4703.2001953125,18
2026-05-14 00:11:00+00:00,4702.0,4702.0,4701.2001953125,4701.7001953125,3
2026-05-14 00:12:00+00:00,4704.39990234375,4704.39990234375,4702.0,4702.0,17
2026-05-14 00:13:00+00:00,4704.39990234375,4704.89990234375,4704.10009765625,4704.2998046875,15
2026-05-14 00:14:00+00:00,4704.2998046875,4704.2998046875,4703.7001953125,4703.7001953125,3
2026-05-14 00:15:00+00:00,4706.2998046875,4708.10009765625,4704.10009765625,4704.10009765625,81
2026-05-14 00:16:00+00:00,4707.2998046875,4707.39990234375,4706.5,4706.5,8
2026-05-14 00:17:00+00:00,4711.7998046875,4712.89990234375,4707.7001953125,4707.7001953125,192
2026-05-14 00:18:00+00:00,4710.2001953125,4712.2998046875,4710.10009765625,4712.2998046875,64
2026-05-14 00:19:00+00:00,4707.39990234375,4710.5,4706.2001953125,4710.5,62
2026-05-14 00:20:00+00:00,4707.2998046875,4709.2001953125,4706.7001953125,4707.7001953125,32
2026-05-14 00:21:00+00:00,4707.39990234375,4708.0,4706.89990234375,4707.39990234375,11
2026-05-14 00:22:00+00:00,4706.89990234375,4707.7998046875,4706.60009765625,4707.7998046875,7
2026-05-14 00:23:00+00:00,4706.60009765625,4706.89990234375,4706.5,4706.7998046875,10
2026-05-14 00:24:00+00:00,4708.5,4709.2001953125,4707.7998046875,4708.0,14
2026-05-14 00:25:00+00:00,4707.89990234375,4707.89990234375,4706.7998046875,4707.89990234375,10
2026-05-14 00:26:00+00:00,4707.5,4708.0,4707.0,4707.0,10
2026-05-14 00:27:00+00:00,4708.10009765625,4709.2001953125,4707.5,4707.5,15
2026-05-14 00:28:00+00:00,4707.0,4707.7998046875,4707.0,4707.7998046875,5
2026-05-14 00:29:00+00:00,4708.0,4708.0,4706.60009765625,4706.60009765625,9
2026-05-14 00:30:00+00:00,4709.0,4709.7998046875,4708.5,4709.0,15
2026-05-14 00:31:00+00:00,4708.89990234375,4710.0,4708.89990234375,4709.60009765625,32
2026-05-14 00:32:00+00:00,4704.2001953125,4708.7998046875,4704.2001953125,4708.7001953125,70
2026-05-14 00:33:00+00:00,4705.60009765625,4706.0,4705.2001953125,4705.2001953125,16
2026-05-14 00:34:00+00:00,4703.89990234375,4705.89990234375,4703.39990234375,4705.89990234375,37
2026-05-14 00:35:00+00:00,4702.7998046875,4704.60009765625,4701.7998046875,4704.60009765625,47
2026-05-14 00:36:00+00:00,4703.0,4703.7001953125,4702.60009765625,4703.10009765625,18
2026-05-14 00:37:00+00:00,4701.10009765625,4702.60009765625,4701.0,4702.60009765625,25
2026-05-14 00:38:00+00:00,4702.89990234375,4702.89990234375,4701.2001953125,4701.2001953125,8
2026-05-14 00:39:00+00:00,4702.0,4703.7998046875,4702.0,4703.0,11
2026-05-14 00:40:00+00:00,4700.5,4702.2998046875,4700.5,4702.2998046875,30
2026-05-14 00:41:00+00:00,4701.39990234375,4701.5,4699.60009765625,4700.5,31
2026-05-14 00:42:00+00:00,4700.39990234375,4702.10009765625,4700.2998046875,4701.5,45
2026-05-14 00:43:00+00:00,4702.7998046875,4702.7998046875,4700.2001953125,4700.89990234375,31
2026-05-14 00:44:00+00:00,4706.89990234375,4707.7998046875,4703.0,4703.0,91
2026-05-14 00:45:00+00:00,4708.2001953125,4708.2001953125,4707.0,4707.5,18
2026-05-14 00:46:00+00:00,4709.10009765625,4710.39990234375,4708.7998046875,4708.89990234375,56
2026-05-14 00:47:00+00:00,4710.5,4711.7001953125,4707.60009765625,4709.10009765625,48
2026-05-14 00:48:00+00:00,4711.10009765625,4711.10009765625,4710.10009765625,4710.39990234375,13
2026-05-14 00:49:00+00:00,4710.5,4710.89990234375,4709.7998046875,4710.2998046875,17
2026-05-14 00:50:00+00:00,4709.2998046875,4710.39990234375,4707.7998046875,4710.39990234375,40
2026-05-14 00:51:00+00:00,4707.10009765625,4710.10009765625,4707.10009765625,4709.10009765625,43
2026-05-14 00:52:00+00:00,4707.7001953125,4707.7001953125,4706.60009765625,4707.0,10
2026-05-14 00:53:00+00:00,4706.7998046875,4708.2001953125,4706.39990234375,4707.10009765625,24
2026-05-14 00:54:00+00:00,4707.89990234375,4707.89990234375,4706.60009765625,4706.7001953125,9
2026-05-14 00:55:00+00:00,4709.39990234375,4709.39990234375,4707.7001953125,4708.0,11
2026-05-14 00:56:00+00:00,4709.10009765625,4709.7998046875,4709.0,4709.5,11
2026-05-14 00:57:00+00:00,4709.39990234375,4709.7001953125,4708.5,4709.5,21
2026-05-14 00:58:00+00:00,4710.0,4710.0,4708.39990234375,4709.5,12
2026-05-14 00:59:00+00:00,4712.0,4713.7001953125,4711.0,4711.0,139
2026-05-14 01:00:00+00:00,4711.60009765625,4714.0,4710.2001953125,4712.2001953125,252
2026-05-14 01:01:00+00:00,4709.89990234375,4712.7001953125,4708.2001953125,4711.7998046875,107
2026-05-14 01:02:00+00:00,4708.7998046875,4711.7001953125,4708.60009765625,4709.7001953125,48
2026-05-14 01:03:00+00:00,4703.7998046875,4708.2001953125,4700.89990234375,4708.0,154
2026-05-14 01:04:00+00:00,4705.2998046875,4705.2998046875,4701.2998046875,4703.7001953125,88
2026-05-14 01:05:00+00:00,4700.2001953125,4705.7998046875,4699.10009765625,4705.7998046875,133
2026-05-14 01:06:00+00:00,4697.0,4701.2998046875,4694.89990234375,4700.39990234375,272
2026-05-14 01:07:00+00:00,4695.10009765625,4697.7001953125,4693.5,4695.89990234375,162
2026-05-14 01:08:00+00:00,4693.5,4699.10009765625,4693.2001953125,4695.39990234375,118
2026-05-14 01:09:00+00:00,4695.10009765625,4696.5,4693.39990234375,4693.60009765625,65
2026-05-14 01:10:00+00:00,4694.5,4698.10009765625,4694.0,4695.2998046875,77
2026-05-14 01:11:00+00:00,4698.0,4699.2001953125,4695.39990234375,4695.39990234375,32
2026-05-14 01:12:00+00:00,4697.89990234375,4699.5,4697.10009765625,4698.7998046875,62
2026-05-14 01:13:00+00:00,4692.2998046875,4697.5,4690.7001953125,4697.5,183
2026-05-14 01:14:00+00:00,4696.60009765625,4696.60009765625,4691.89990234375,4692.7001953125,65
2026-05-14 01:15:00+00:00,4699.2001953125,4699.2998046875,4694.60009765625,4694.60009765625,100
2026-05-14 01:16:00+00:00,4700.10009765625,4700.2998046875,4697.60009765625,4698.7998046875,64
2026-05-14 01:17:00+00:00,4700.5,4701.10009765625,4698.2001953125,4700.0,57
2026-05-14 01:18:00+00:00,4698.2998046875,4701.39990234375,4698.2998046875,4700.60009765625,63
2026-05-14 01:19:00+00:00,4695.39990234375,4698.10009765625,4694.2001953125,4698.0,85
2026-05-14 01:20:00+00:00,4699.2001953125,4699.7001953125,4695.2001953125,4695.2001953125,63
2026-05-14 01:21:00+00:00,4699.2001953125,4699.2001953125,4697.7998046875,4698.7998046875,18
2026-05-14 01:22:00+00:00,4698.0,4699.39990234375,4696.89990234375,4699.39990234375,36
2026-05-14 01:23:00+00:00,4697.60009765625,4698.7998046875,4696.7998046875,4698.2001953125,44
2026-05-14 01:24:00+00:00,4698.2001953125,4699.2998046875,4698.2001953125,4698.2998046875,8
2026-05-14 01:25:00+00:00,4699.0,4700.7001953125,4698.7998046875,4699.5,40
2026-05-14 01:26:00+00:00,4698.5,4699.7001953125,4698.2998046875,4699.0,14
2026-05-14 01:27:00+00:00,4700.2001953125,4700.2001953125,4698.5,4698.5,12
2026-05-14 01:28:00+00:00,4700.7998046875,4701.89990234375,4699.39990234375,4699.39990234375,31
2026-05-14 01:29:00+00:00,4698.89990234375,4701.2001953125,4698.89990234375,4700.7001953125,35
2026-05-14 01:30:00+00:00,4700.5,4701.0,4697.7998046875,4699.0,34
2026-05-14 01:31:00+00:00,4697.7998046875,4701.2001953125,4697.10009765625,4700.0,34
2026-05-14 01:32:00+00:00,4697.7001953125,4698.10009765625,4697.0,4697.0,11
2026-05-14 01:33:00+00:00,4698.39990234375,4699.39990234375,4697.7001953125,4699.2998046875,34
2026-05-14 01:34:00+00:00,4699.7001953125,4699.7001953125,4696.10009765625,4697.7001953125,33
2026-05-14 01:35:00+00:00,4700.60009765625,4700.7998046875,4698.2001953125,4699.7001953125,64
2026-05-14 01:36:00+00:00,4699.7998046875,4701.39990234375,4698.7998046875,4699.89990234375,38
2026-05-14 01:37:00+00:00,4698.5,4700.7001953125,4697.5,4699.60009765625,31
2026-05-14 01:38:00+00:00,4695.39990234375,4697.89990234375,4693.5,4697.89990234375,92
2026-05-14 01:39:00+00:00,4696.2001953125,4697.5,4694.7001953125,4694.7001953125,32
2026-05-14 01:40:00+00:00,4694.7001953125,4696.5,4694.7001953125,4696.2001953125,34
2026-05-14 01:41:00+00:00,4693.39990234375,4694.7998046875,4693.10009765625,4694.0,81
2026-05-14 01:42:00+00:00,4691.89990234375,4693.7001953125,4690.2998046875,4693.10009765625,97
2026-05-14 01:43:00+00:00,4693.89990234375,4694.60009765625,4690.89990234375,4691.89990234375,48
2026-05-14 01:44:00+00:00,4695.2998046875,4695.60009765625,4693.39990234375,4694.39990234375,19
2026-05-14 01:45:00+00:00,4696.7001953125,4697.2998046875,4695.2998046875,4695.2998046875,45
2026-05-14 01:46:00+00:00,4696.5,4696.60009765625,4694.2001953125,4696.39990234375,45
2026-05-14 01:47:00+00:00,4699.89990234375,4699.89990234375,4696.89990234375,4696.89990234375,39
2026-05-14 01:48:00+00:00,4700.5,4701.7998046875,4699.7998046875,4699.7998046875,31
2026-05-14 01:49:00+00:00,4701.60009765625,4701.60009765625,4700.0,4700.2998046875,9
2026-05-14 01:50:00+00:00,4701.0,4701.2998046875,4700.7001953125,4701.0,18
2026-05-14 01:51:00+00:00,4697.2998046875,4700.7998046875,4697.2998046875,4700.7998046875,34
2026-05-14 01:52:00+00:00,4691.7001953125,4697.10009765625,4690.2001953125,4697.0,102
2026-05-14 01:53:00+00:00,4694.10009765625,4695.10009765625,4691.39990234375,4691.39990234375,38
2026-05-14 01:54:00+00:00,4692.5,4694.5,4692.2998046875,4694.5,11
2026-05-14 01:55:00+00:00,4693.39990234375,4693.89990234375,4690.89990234375,4692.0,195
2026-05-14 01:56:00+00:00,4693.2001953125,4693.2998046875,4691.7998046875,4692.7998046875,21
2026-05-14 01:57:00+00:00,4691.89990234375,4694.2001953125,4691.0,4692.89990234375,27
2026-05-14 01:58:00+00:00,4691.7998046875,4692.5,4691.7998046875,4691.7998046875,13
2026-05-14 01:59:00+00:00,4695.0,4695.2998046875,4692.89990234375,4692.89990234375,21
2026-05-14 02:00:00+00:00,4694.0,4696.0,4693.7001953125,4695.5,31
2026-05-14 02:01:00+00:00,4695.60009765625,4696.2998046875,4694.39990234375,4694.39990234375,24
2026-05-14 02:02:00+00:00,4698.2998046875,4698.7001953125,4694.7001953125,4695.5,23
2026-05-14 02:03:00+00:00,4697.5,4700.2998046875,4697.5,4698.5,34
2026-05-14 02:04:00+00:00,4700.2001953125,4700.7998046875,4697.89990234375,4698.10009765625,29
2026-05-14 02:05:00+00:00,4699.0,4700.7001953125,4699.0,4700.7001953125,21
2026-05-14 02:06:00+00:00,4698.39990234375,4699.7001953125,4698.0,4699.2998046875,21
2026-05-14 02:07:00+00:00,4698.5,4699.5,4698.2998046875,4698.39990234375,7
2026-05-14 02:08:00+00:00,4696.39990234375,4699.2001953125,4695.60009765625,4698.7001953125,44
2026-05-14 02:09:00+00:00,4698.10009765625,4698.10009765625,4695.7998046875,4695.89990234375,17
2026-05-14 02:10:00+00:00,4695.7998046875,4697.2998046875,4695.7001953125,4697.2998046875,16
2026-05-14 02:11:00+00:00,4695.89990234375,4697.10009765625,4695.7001953125,4696.89990234375,21
2026-05-14 02:12:00+00:00,4694.7998046875,4696.0,4694.7998046875,4695.7001953125,15
2026-05-14 02:13:00+00:00,4694.2998046875,4695.10009765625,4693.10009765625,4694.2998046875,26
2026-05-14 02:14:00+00:00,4694.7998046875,4695.2998046875,4694.10009765625,4694.89990234375,14
2026-05-14 02:15:00+00:00,4694.7001953125,4695.2001953125,4693.7998046875,4694.60009765625,19
2026-05-14 02:16:00+00:00,4695.10009765625,4695.60009765625,4694.2998046875,4695.39990234375,15
2026-05-14 02:17:00+00:00,4696.7001953125,4697.0,4695.0,4695.0,7
2026-05-14 02:18:00+00:00,4696.60009765625,4697.89990234375,4696.5,4697.7001953125,13
2026-05-14 02:19:00+00:00,4696.7998046875,4697.0,4696.7998046875,4697.0,4
2026-05-14 02:20:00+00:00,4697.10009765625,4697.2001953125,4696.2001953125,4697.0,22
2026-05-14 02:21:00+00:00,4697.10009765625,4697.10009765625,4697.0,4697.0,2
2026-05-14 02:22:00+00:00,4697.39990234375,4697.7001953125,4696.89990234375,4697.60009765625,14
2026-05-14 02:23:00+00:00,4696.0,4698.0,4695.7001953125,4697.7001953125,43
2026-05-14 02:24:00+00:00,4697.7001953125,4697.7998046875,4696.60009765625,4696.7998046875,32
2026-05-14 02:25:00+00:00,4700.2998046875,4701.10009765625,4697.7998046875,4697.7998046875,116
2026-05-14 02:26:00+00:00,4699.7001953125,4700.89990234375,4698.60009765625,4700.89990234375,71
2026-05-14 02:27:00+00:00,4698.5,4699.89990234375,4697.0,4699.89990234375,68
2026-05-14 02:28:00+00:00,4698.7001953125,4699.0,4696.60009765625,4698.60009765625,38
2026-05-14 02:29:00+00:00,4700.10009765625,4700.7001953125,4698.39990234375,4699.0,44
2026-05-14 02:30:00+00:00,4699.39990234375,4700.2998046875,4697.60009765625,4700.2998046875,77
2026-05-14 02:31:00+00:00,4700.5,4701.5,4697.89990234375,4699.2001953125,46
2026-05-14 02:32:00+00:00,4702.5,4703.2001953125,4700.0,4700.7998046875,57
2026-05-14 02:33:00+00:00,4703.60009765625,4703.60009765625,4702.2998046875,4703.2001953125,29
2026-05-14 02:34:00+00:00,4704.60009765625,4704.7001953125,4703.2998046875,4703.39990234375,19
2026-05-14 02:35:00+00:00,4706.2001953125,4706.5,4704.2001953125,4704.39990234375,67
2026-05-14 02:36:00+00:00,4704.89990234375,4705.7998046875,4703.89990234375,4705.7998046875,42
2026-05-14 02:37:00+00:00,4705.0,4705.10009765625,4703.60009765625,4704.7998046875,33
2026-05-14 02:38:00+00:00,4703.2998046875,4705.89990234375,4703.2998046875,4705.0,30
2026-05-14 02:39:00+00:00,4701.7998046875,4703.7998046875,4701.7001953125,4703.7001953125,39
2026-05-14 02:40:00+00:00,4699.2998046875,4702.60009765625,4699.2998046875,4702.0,58
2026-05-14 02:41:00+00:00,4697.89990234375,4699.39990234375,4697.0,4699.39990234375,50
2026-05-14 02:42:00+00:00,4697.89990234375,4699.5,4697.5,4699.5,22
2026-05-14 02:43:00+00:00,4696.89990234375,4699.2998046875,4696.0,4697.89990234375,48
2026-05-14 02:44:00+00:00,4697.89990234375,4698.0,4696.5,4697.2001953125,21
2026-05-14 02:45:00+00:00,4699.7001953125,4699.7001953125,4697.5,4698.2001953125,21
2026-05-14 02:46:00+00:00,4698.5,4699.7998046875,4698.5,4699.2998046875,17
2026-05-14 02:47:00+00:00,4693.2998046875,4697.7998046875,4692.5,4697.7998046875,140
2026-05-14 02:48:00+00:00,4688.60009765625,4692.89990234375,4688.39990234375,4692.89990234375,211
2026-05-14 02:49:00+00:00,4689.10009765625,4689.39990234375,4687.0,4688.60009765625,145
2026-05-14 02:50:00+00:00,4688.7001953125,4690.10009765625,4686.0,4688.5,67
2026-05-14 02:51:00+00:00,4690.7998046875,4690.89990234375,4688.7998046875,4689.60009765625,43
2026-05-14 02:52:00+00:00,4691.2001953125,4691.7998046875,4690.7001953125,4691.0,33
2026-05-14 02:53:00+00:00,4691.2001953125,4692.0,4689.89990234375,4691.2998046875,72
2026-05-14 02:54:00+00:00,4693.5,4694.2998046875,4691.2001953125,4691.60009765625,92
2026-05-14 02:55:00+00:00,4693.0,4694.10009765625,4692.7001953125,4693.7001953125,26
2026-05-14 02:56:00+00:00,4693.10009765625,4693.10009765625,4691.2001953125,4692.39990234375,17
2026-05-14 02:57:00+00:00,4694.0,4694.7001953125,4693.39990234375,4693.5,20
2026-05-14 02:58:00+00:00,4692.7998046875,4694.10009765625,4692.7998046875,4694.10009765625,18
2026-05-14 02:59:00+00:00,4692.7001953125,4692.89990234375,4691.0,4692.7998046875,54
2026-05-14 03:00:00+00:00,4693.89990234375,4694.10009765625,4691.7998046875,4692.7998046875,30
2026-05-14 03:01:00+00:00,4693.39990234375,4694.60009765625,4693.2998046875,4694.39990234375,23
2026-05-14 03:02:00+00:00,4695.7998046875,4696.10009765625,4692.89990234375,4693.10009765625,71
2026-05-14 03:03:00+00:00,4694.2001953125,4696.7998046875,4694.2001953125,4695.60009765625,45
2026-05-14 03:04:00+00:00,4693.2001953125,4694.10009765625,4691.5,4694.10009765625,56
2026-05-14 03:05:00+00:00,4693.7001953125,4694.2001953125,4692.39990234375,4694.0,29
2026-05-14 03:06:00+00:00,4691.2001953125,4693.2001953125,4691.0,4693.10009765625,48
2026-05-14 03:07:00+00:00,4689.2001953125,4691.5,4688.7998046875,4691.5,83
2026-05-14 03:08:00+00:00,4691.39990234375,4691.39990234375,4688.10009765625,4689.2998046875,85
2026-05-14 03:09:00+00:00,4690.60009765625,4691.60009765625,4689.60009765625,4691.39990234375,31
2026-05-14 03:10:00+00:00,4690.0,4692.0,4689.60009765625,4691.0,29
2026-05-14 03:11:00+00:00,4691.60009765625,4692.0,4690.2001953125,4690.2998046875,23
2026-05-14 03:12:00+00:00,4689.7001953125,4691.10009765625,4687.60009765625,4691.10009765625,137
2026-05-14 03:13:00+00:00,4690.0,4690.10009765625,4688.0,4689.10009765625,94
2026-05-14 03:14:00+00:00,4689.0,4689.39990234375,4688.7998046875,4689.39990234375,5
2026-05-14 03:15:00+00:00,4691.7998046875,4691.7998046875,4688.7001953125,4688.7998046875,56
2026-05-14 03:16:00+00:00,4691.89990234375,4692.5,4691.2998046875,4691.2998046875,19
2026-05-14 03:17:00+00:00,4691.0,4691.2998046875,4690.5,4691.2998046875,14
2026-05-14 03:18:00+00:00,4691.0,4692.5,4690.7001953125,4691.39990234375,21
2026-05-14 03:19:00+00:00,4689.0,4691.89990234375,4688.7998046875,4690.7998046875,32
2026-05-14 03:20:00+00:00,4690.10009765625,4690.5,4688.5,4688.7998046875,30
2026-05-14 03:21:00+00:00,4687.5,4690.60009765625,4687.5,4689.39990234375,86
2026-05-14 03:22:00+00:00,4690.89990234375,4691.2001953125,4687.89990234375,4687.89990234375,55
2026-05-14 03:23:00+00:00,4693.2998046875,4693.2998046875,4690.60009765625,4690.60009765625,83
2026-05-14 03:24:00+00:00,4694.2001953125,4694.60009765625,4692.7998046875,4693.60009765625,46
2026-05-14 03:25:00+00:00,4694.89990234375,4695.39990234375,4694.2001953125,4694.5,43
2026-05-14 03:26:00+00:00,4697.60009765625,4698.39990234375,4694.89990234375,4694.89990234375,58
2026-05-14 03:27:00+00:00,4698.5,4699.39990234375,4696.39990234375,4698.0,133
2026-05-14 03:28:00+00:00,4697.89990234375,4699.10009765625,4697.2001953125,4698.7001953125,76
2026-05-14 03:29:00+00:00,4697.2001953125,4698.60009765625,4697.0,4697.89990234375,33
2026-05-14 03:30:00+00:00,4694.7998046875,4697.5,4694.7998046875,4697.10009765625,104
2026-05-14 03:31:00+00:00,4693.7001953125,4695.0,4693.7001953125,4694.60009765625,20
2026-05-14 03:32:00+00:00,4691.7998046875,4694.10009765625,4691.5,4693.7001953125,45
2026-05-14 03:33:00+00:00,4691.5,4692.10009765625,4691.2001953125,4692.10009765625,9
2026-05-14 03:34:00+00:00,4691.10009765625,4691.5,4688.7998046875,4691.0,96
2026-05-14 03:35:00+00:00,4691.10009765625,4691.60009765625,4690.2998046875,4690.7001953125,23
2026-05-14 03:36:00+00:00,4691.10009765625,4692.7001953125,4691.0,4691.89990234375,34
2026-05-14 03:37:00+00:00,4690.60009765625,4691.60009765625,4690.2001953125,4691.60009765625,13
2026-05-14 03:38:00+00:00,4686.5,4690.7998046875,4686.2001953125,4690.7998046875,59
2026-05-14 03:39:00+00:00,4686.5,4687.10009765625,4684.7001953125,4686.2001953125,94
2026-05-14 03:40:00+00:00,4685.7998046875,4686.7001953125,4685.5,4686.7001953125,39
2026-05-14 03:41:00+00:00,4684.2001953125,4686.60009765625,4683.2998046875,4686.2001953125,161
2026-05-14 03:42:00+00:00,4684.0,4684.5,4682.2998046875,4684.10009765625,58
2026-05-14 03:43:00+00:00,4682.7998046875,4684.5,4682.7998046875,4684.2001953125,40
2026-05-14 03:44:00+00:00,4682.2998046875,4682.7998046875,4681.89990234375,4682.7998046875,24
2026-05-14 03:45:00+00:00,4683.39990234375,4683.89990234375,4681.89990234375,4682.5,39
2026-05-14 03:46:00+00:00,4682.7998046875,4683.2998046875,4682.0,4683.2998046875,29
2026-05-14 03:47:00+00:00,4682.5,4683.2998046875,4681.5,4682.7998046875,29
2026-05-14 03:48:00+00:00,4680.60009765625,4681.7001953125,4679.89990234375,4681.5,108
2026-05-14 03:49:00+00:00,4682.60009765625,4682.60009765625,4679.89990234375,4680.7001953125,49
2026-05-14 03:50:00+00:00,4681.7001953125,4683.0,4681.7001953125,4682.7001953125,18
2026-05-14 03:51:00+00:00,4681.60009765625,4682.5,4681.39990234375,4681.7998046875,26
2026-05-14 03:52:00+00:00,4681.7001953125,4682.10009765625,4680.2001953125,4682.0,24
2026-05-14 03:53:00+00:00,4681.0,4682.10009765625,4681.0,4681.7998046875,19
2026-05-14 03:54:00+00:00,4681.2998046875,4681.60009765625,4680.89990234375,4680.89990234375,4
2026-05-14 03:55:00+00:00,4681.2001953125,4681.5,4679.89990234375,4679.89990234375,13
2026-05-14 03:56:00+00:00,4681.0,4681.7001953125,4680.89990234375,4681.2001953125,15
2026-05-14 03:57:00+00:00,4682.2001953125,4683.0,4679.2998046875,4681.2998046875,73
2026-05-14 03:58:00+00:00,4680.7998046875,4682.10009765625,4680.7998046875,4682.10009765625,11
2026-05-14 04:00:00+00:00,4677.60009765625,4680.7998046875,4673.2001953125,4680.7998046875,513
2026-05-14 04:01:00+00:00,4678.10009765625,4678.7998046875,4676.60009765625,4677.89990234375,51
2026-05-14 04:02:00+00:00,4679.2998046875,4679.7998046875,4677.7001953125,4677.89990234375,65
2026-05-14 04:03:00+00:00,4679.5,4681.0,4679.10009765625,4679.10009765625,67
2026-05-14 04:04:00+00:00,4678.2998046875,4680.2001953125,4677.10009765625,4679.39990234375,87
2026-05-14 04:05:00+00:00,4682.5,4683.60009765625,4678.0,4678.2001953125,140
2026-05-14 04:06:00+00:00,4682.60009765625,4682.60009765625,4681.7998046875,4682.2998046875,21
2026-05-14 04:07:00+00:00,4684.39990234375,4684.39990234375,4682.10009765625,4682.5,67
2026-05-14 04:08:00+00:00,4685.0,4685.39990234375,4684.2998046875,4684.5,48
2026-05-14 04:09:00+00:00,4684.7998046875,4686.10009765625,4684.5,4684.89990234375,93
2026-05-14 04:10:00+00:00,4683.89990234375,4685.0,4683.89990234375,4684.2998046875,62
2026-05-14 04:11:00+00:00,4684.10009765625,4684.7001953125,4683.0,4684.5,42
2026-05-14 04:12:00+00:00,4686.0,4686.39990234375,4683.2998046875,4684.0,67
2026-05-14 04:13:00+00:00,4686.89990234375,4687.39990234375,4685.7001953125,4685.7998046875,51
2026-05-14 04:14:00+00:00,4688.0,4688.5,4686.39990234375,4686.39990234375,77
2026-05-14 04:15:00+00:00,4688.60009765625,4689.2001953125,4688.10009765625,4688.2998046875,63
2026-05-14 04:16:00+00:00,4688.2001953125,4688.89990234375,4688.0,4688.89990234375,33
2026-05-14 04:17:00+00:00,4688.2998046875,4688.2998046875,4687.5,4688.10009765625,11
2026-05-14 04:18:00+00:00,4688.5,4688.5,4687.7001953125,4687.7001953125,18
2026-05-14 04:19:00+00:00,4689.2998046875,4689.39990234375,4688.2998046875,4688.60009765625,22
2026-05-14 04:20:00+00:00,4690.7001953125,4691.0,4689.10009765625,4689.10009765625,37
2026-05-14 04:21:00+00:00,4692.0,4693.7998046875,4690.60009765625,4690.60009765625,75
2026-05-14 04:22:00+00:00,4693.7001953125,4694.39990234375,4692.2998046875,4692.5,68
2026-05-14 04:23:00+00:00,4694.89990234375,4695.0,4693.5,4693.89990234375,32
2026-05-14 04:24:00+00:00,4697.39990234375,4698.10009765625,4694.5,4694.89990234375,196
2026-05-14 04:25:00+00:00,4704.2998046875,4706.2998046875,4697.2001953125,4697.2998046875,576
2026-05-14 04:26:00+00:00,4709.2998046875,4710.0,4703.0,4704.5,204
2026-05-14 04:27:00+00:00,4710.10009765625,4713.5,4708.39990234375,4709.7998046875,352
2026-05-14 04:28:00+00:00,4707.0,4710.5,4707.0,4710.5,241
2026-05-14 04:29:00+00:00,4708.5,4710.7001953125,4707.0,4707.10009765625,245
2026-05-14 04:30:00+00:00,4709.0,4709.89990234375,4708.39990234375,4708.39990234375,48
2026-05-14 04:31:00+00:00,4711.0,4711.39990234375,4707.2998046875,4708.7001953125,106
2026-05-14 04:32:00+00:00,4714.7001953125,4717.2998046875,4710.7998046875,4711.10009765625,253
2026-05-14 04:33:00+00:00,4714.7001953125,4716.7998046875,4713.60009765625,4715.0,195
2026-05-14 04:34:00+00:00,4715.2001953125,4716.2001953125,4714.2001953125,4714.7998046875,56
2026-05-14 04:35:00+00:00,4716.2001953125,4718.0,4715.0,4715.39990234375,183
2026-05-14 04:36:00+00:00,4716.7001953125,4719.7001953125,4715.7998046875,4716.0,214
2026-05-14 04:37:00+00:00,4714.39990234375,4716.60009765625,4713.2001953125,4716.60009765625,176
2026-05-14 04:38:00+00:00,4713.2998046875,4714.7001953125,4712.89990234375,4714.7001953125,25
2026-05-14 04:39:00+00:00,4714.2001953125,4714.2001953125,4713.10009765625,4713.7001953125,30
2026-05-14 04:40:00+00:00,4712.7001953125,4714.2001953125,4712.39990234375,4714.10009765625,31
2026-05-14 04:41:00+00:00,4713.2001953125,4714.60009765625,4713.2001953125,4713.5,21
2026-05-14 04:42:00+00:00,4711.39990234375,4713.2998046875,4711.39990234375,4713.10009765625,33
2026-05-14 04:43:00+00:00,4710.7998046875,4711.7001953125,4709.7998046875,4711.5,103
2026-05-14 04:44:00+00:00,4711.5,4711.5,4710.60009765625,4710.7001953125,30
2026-05-14 04:45:00+00:00,4710.7001953125,4712.60009765625,4710.0,4711.7998046875,26
2026-05-14 04:46:00+00:00,4711.10009765625,4711.2001953125,4710.5,4710.60009765625,12
2026-05-14 04:47:00+00:00,4712.2001953125,4713.2998046875,4712.0,4712.0,32
2026-05-14 04:48:00+00:00,4712.39990234375,4713.5,4712.39990234375,4712.39990234375,25
2026-05-14 04:49:00+00:00,4711.7001953125,4712.7998046875,4711.5,4712.2001953125,32
2026-05-14 04:50:00+00:00,4711.2001953125,4711.5,4710.2998046875,4711.5,29
2026-05-14 04:51:00+00:00,4711.0,4711.60009765625,4710.5,4711.39990234375,14
2026-05-14 04:52:00+00:00,4710.7998046875,4711.10009765625,4710.60009765625,4711.10009765625,9
2026-05-14 04:53:00+00:00,4711.5,4711.5,4710.10009765625,4710.39990234375,17
2026-05-14 04:54:00+00:00,4712.2998046875,4712.89990234375,4711.60009765625,4711.60009765625,18
2026-05-14 04:55:00+00:00,4713.2001953125,4713.2998046875,4711.5,4712.7001953125,40
2026-05-14 04:56:00+00:00,4711.89990234375,4713.10009765625,4710.5,4713.10009765625,48
2026-05-14 04:57:00+00:00,4709.7998046875,4712.2001953125,4709.5,4711.7998046875,121
2026-05-14 04:58:00+00:00,4710.0,4710.5,4708.7998046875,4710.2001953125,33
2026-05-14 04:59:00+00:00,4709.2001953125,4710.2998046875,4709.2001953125,4709.7001953125,9
2026-05-14 05:00:00+00:00,4709.60009765625,4709.60009765625,4708.7998046875,4709.5,24
2026-05-14 05:01:00+00:00,4708.7001953125,4709.5,4708.2998046875,4709.2998046875,26
2026-05-14 05:02:00+00:00,4707.60009765625,4709.2001953125,4707.60009765625,4709.10009765625,25
2026-05-14 05:03:00+00:00,4707.2001953125,4708.0,4706.60009765625,4707.7001953125,31
2026-05-14 05:04:00+00:00,4707.10009765625,4709.0,4706.60009765625,4707.0,51
2026-05-14 05:05:00+00:00,4707.7998046875,4708.5,4707.10009765625,4707.39990234375,45
2026-05-14 05:06:00+00:00,4709.7998046875,4710.2998046875,4707.7998046875,4707.7998046875,17
2026-05-14 05:07:00+00:00,4709.7001953125,4711.2001953125,4709.39990234375,4709.7001953125,22
2026-05-14 05:08:00+00:00,4709.0,4710.10009765625,4707.60009765625,4709.5,87
2026-05-14 05:09:00+00:00,4708.10009765625,4708.89990234375,4707.7998046875,4708.7001953125,53
2026-05-14 05:10:00+00:00,4709.7001953125,4710.2998046875,4708.39990234375,4708.60009765625,62
2026-05-14 05:11:00+00:00,4709.0,4710.60009765625,4709.0,4710.5,17
2026-05-14 05:12:00+00:00,4708.7998046875,4709.10009765625,4707.7001953125,4709.10009765625,19
2026-05-14 05:13:00+00:00,4707.7001953125,4709.0,4707.7001953125,4708.7001953125,20
2026-05-14 05:14:00+00:00,4707.0,4708.2998046875,4706.7001953125,4708.2001953125,24
2026-05-14 05:15:00+00:00,4705.7001953125,4706.89990234375,4705.7001953125,4706.60009765625,27
2026-05-14 05:16:00+00:00,4706.39990234375,4707.10009765625,4705.60009765625,4705.89990234375,25
2026-05-14 05:17:00+00:00,4705.7001953125,4706.0,4705.60009765625,4706.0,11
2026-05-14 05:18:00+00:00,4704.2998046875,4706.0,4704.0,4705.60009765625,76
2026-05-14 05:19:00+00:00,4704.60009765625,4705.0,4704.2001953125,4704.7001953125,35
2026-05-14 05:20:00+00:00,4704.10009765625,4704.89990234375,4703.7998046875,4704.7001953125,39
2026-05-14 05:21:00+00:00,4704.5,4705.0,4703.89990234375,4704.5,22
2026-05-14 05:22:00+00:00,4704.39990234375,4705.10009765625,4704.39990234375,4704.7998046875,8
2026-05-14 05:23:00+00:00,4704.0,4704.5,4703.7001953125,4704.5,13
2026-05-14 05:24:00+00:00,4704.2998046875,4705.7998046875,4704.0,4704.2998046875,38
2026-05-14 05:25:00+00:00,4702.60009765625,4704.10009765625,4702.0,4704.10009765625,37
2026-05-14 05:26:00+00:00,4701.39990234375,4702.2998046875,4700.2001953125,4702.2998046875,52
2026-05-14 05:27:00+00:00,4700.5,4701.60009765625,4700.10009765625,4701.2001953125,60
2026-05-14 05:28:00+00:00,4700.89990234375,4701.2001953125,4700.2001953125,4700.5,14
2026-05-14 05:29:00+00:00,4700.7998046875,4701.39990234375,4700.0,4701.39990234375,15
2026-05-14 05:30:00+00:00,4707.5,4707.7998046875,4700.0,4700.2001953125,224
2026-05-14 05:31:00+00:00,4705.2998046875,4707.7001953125,4703.0,4707.7001953125,85
2026-05-14 05:32:00+00:00,4707.10009765625,4707.10009765625,4703.39990234375,4706.0,49
2026-05-14 05:33:00+00:00,4707.5,4708.10009765625,4706.39990234375,4707.60009765625,43
2026-05-14 05:34:00+00:00,4705.39990234375,4708.2998046875,4705.10009765625,4706.89990234375,122
2026-05-14 05:35:00+00:00,4705.0,4706.2001953125,4704.7998046875,4705.7998046875,36
2026-05-14 05:36:00+00:00,4705.0,4705.0,4703.10009765625,4704.7001953125,27
2026-05-14 05:37:00+00:00,4705.0,4706.10009765625,4704.2001953125,4704.2998046875,31
2026-05-14 05:38:00+00:00,4705.0,4706.2998046875,4705.0,4705.5,14
2026-05-14 05:39:00+00:00,4706.60009765625,4707.2998046875,4704.60009765625,4704.89990234375,57
2026-05-14 05:40:00+00:00,4707.10009765625,4707.7001953125,4706.2998046875,4707.2001953125,25
2026-05-14 05:41:00+00:00,4705.10009765625,4707.2998046875,4704.89990234375,4707.0,23
2026-05-14 05:42:00+00:00,4705.39990234375,4706.39990234375,4704.7998046875,4705.0,28
2026-05-14 05:43:00+00:00,4705.5,4706.2998046875,4705.0,4706.0,14
2026-05-14 05:44:00+00:00,4704.2001953125,4705.2998046875,4703.7001953125,4705.0,57
2026-05-14 05:45:00+00:00,4709.2998046875,4710.2001953125,4704.7998046875,4704.7998046875,78
2026-05-14 05:46:00+00:00,4707.39990234375,4710.10009765625,4707.2001953125,4709.89990234375,57
2026-05-14 05:47:00+00:00,4706.7998046875,4708.10009765625,4706.7998046875,4707.60009765625,12
2026-05-14 05:48:00+00:00,4706.7001953125,4708.60009765625,4706.60009765625,4706.7998046875,23
2026-05-14 05:49:00+00:00,4707.5,4707.60009765625,4705.10009765625,4706.10009765625,38
2026-05-14 05:50:00+00:00,4707.5,4708.2001953125,4707.2001953125,4707.2001953125,16
2026-05-14 05:51:00+00:00,4706.39990234375,4707.89990234375,4706.0,4707.7998046875,16
2026-05-14 05:52:00+00:00,4706.89990234375,4707.2998046875,4706.39990234375,4706.7998046875,10
2026-05-14 05:53:00+00:00,4706.2998046875,4707.5,4706.10009765625,4707.10009765625,16
2026-05-14 05:54:00+00:00,4705.2998046875,4707.10009765625,4705.0,4706.2001953125,42
2026-05-14 05:55:00+00:00,4703.0,4705.60009765625,4702.2998046875,4705.60009765625,49
2026-05-14 05:56:00+00:00,4703.0,4704.0,4702.10009765625,4703.60009765625,43
2026-05-14 05:57:00+00:00,4704.10009765625,4704.39990234375,4703.39990234375,4703.39990234375,28
2026-05-14 05:58:00+00:00,4700.89990234375,4704.7001953125,4700.5,4704.39990234375,56
2026-05-14 05:59:00+00:00,4696.2998046875,4702.2001953125,4696.0,4701.2998046875,271
2026-05-14 06:00:00+00:00,4697.7998046875,4698.7998046875,4695.39990234375,4696.2001953125,190
2026-05-14 06:01:00+00:00,4696.7001953125,4699.10009765625,4696.5,4698.7001953125,53
2026-05-14 06:02:00+00:00,4696.10009765625,4696.7998046875,4693.89990234375,4696.7998046875,91
2026-05-14 06:03:00+00:00,4697.60009765625,4698.0,4696.10009765625,4696.10009765625,43
2026-05-14 06:04:00+00:00,4699.7998046875,4700.2998046875,4697.39990234375,4698.0,105
2026-05-14 06:05:00+00:00,4700.89990234375,4701.0,4699.2001953125,4699.60009765625,61
2026-05-14 06:06:00+00:00,4700.60009765625,4701.39990234375,4700.0,4701.0,84
2026-05-14 06:07:00+00:00,4699.0,4700.7001953125,4698.2001953125,4700.60009765625,80
2026-05-14 06:08:00+00:00,4696.60009765625,4699.0,4696.5,4699.0,73
2026-05-14 06:09:00+00:00,4697.7001953125,4699.2001953125,4694.39990234375,4696.7001953125,180
2026-05-14 06:10:00+00:00,4697.7001953125,4698.7998046875,4696.5,4698.0,28
2026-05-14 06:11:00+00:00,4695.7001953125,4698.2001953125,4695.7001953125,4697.39990234375,23
2026-05-14 06:12:00+00:00,4694.5,4695.5,4692.7001953125,4695.2998046875,82
2026-05-14 06:13:00+00:00,4694.2001953125,4694.60009765625,4693.2998046875,4694.2001953125,45
2026-05-14 06:14:00+00:00,4694.7001953125,4695.0,4693.7998046875,4693.89990234375,15
2026-05-14 06:15:00+00:00,4694.60009765625,4695.0,4693.5,4694.2001953125,22
2026-05-14 06:16:00+00:00,4694.5,4695.60009765625,4694.0,4694.60009765625,48
2026-05-14 06:17:00+00:00,4693.7998046875,4696.2001953125,4693.60009765625,4694.7001953125,36
2026-05-14 06:18:00+00:00,4695.10009765625,4695.10009765625,4693.2998046875,4694.2001953125,25
2026-05-14 06:19:00+00:00,4695.39990234375,4695.89990234375,4695.2001953125,4695.2001953125,11
2026-05-14 06:20:00+00:00,4697.2998046875,4697.2998046875,4694.89990234375,4695.2001953125,36
2026-05-14 06:21:00+00:00,4697.89990234375,4697.89990234375,4696.7998046875,4697.2001953125,19
2026-05-14 06:22:00+00:00,4696.2998046875,4697.39990234375,4695.2998046875,4697.10009765625,67
2026-05-14 06:23:00+00:00,4697.10009765625,4697.39990234375,4696.60009765625,4696.7001953125,17
2026-05-14 06:24:00+00:00,4697.2001953125,4697.2998046875,4696.7001953125,4697.0,8
2026-05-14 06:25:00+00:00,4698.39990234375,4698.39990234375,4696.89990234375,4697.0,29
2026-05-14 06:26:00+00:00,4699.60009765625,4699.60009765625,4698.2998046875,4698.7998046875,46
2026-05-14 06:27:00+00:00,4698.7001953125,4699.89990234375,4698.2998046875,4699.60009765625,60
2026-05-14 06:28:00+00:00,4698.2998046875,4699.39990234375,4698.2998046875,4698.89990234375,35
2026-05-14 06:29:00+00:00,4698.10009765625,4700.2001953125,4698.0,4698.7998046875,38
2026-05-14 06:30:00+00:00,4699.60009765625,4699.60009765625,4697.2998046875,4698.10009765625,22
2026-05-14 06:31:00+00:00,4699.2001953125,4699.7001953125,4698.7001953125,4699.2001953125,23
2026-05-14 06:32:00+00:00,4701.10009765625,4701.39990234375,4698.7998046875,4698.7998046875,49
2026-05-14 06:33:00+00:00,4701.2001953125,4701.7998046875,4700.2001953125,4700.7998046875,21
2026-05-14 06:34:00+00:00,4700.7998046875,4701.0,4700.39990234375,4701.0,16
2026-05-14 06:35:00+00:00,4701.10009765625,4702.10009765625,4700.89990234375,4700.89990234375,34
2026-05-14 06:36:00+00:00,4701.2001953125,4702.10009765625,4700.89990234375,4701.2998046875,48
2026-05-14 06:37:00+00:00,4701.10009765625,4701.5,4699.5,4701.5,84
2026-05-14 06:38:00+00:00,4699.2998046875,4700.89990234375,4698.5,4700.7001953125,55
2026-05-14 06:39:00+00:00,4701.0,4701.2998046875,4698.2998046875,4698.7001953125,74
2026-05-14 06:40:00+00:00,4699.10009765625,4701.0,4698.2998046875,4700.89990234375,71
2026-05-14 06:41:00+00:00,4699.2001953125,4699.89990234375,4698.2998046875,4699.10009765625,69
2026-05-14 06:42:00+00:00,4702.2001953125,4702.2001953125,4699.2001953125,4699.39990234375,101
2026-05-14 06:43:00+00:00,4701.60009765625,4702.0,4701.39990234375,4701.89990234375,13
2026-05-14 06:44:00+00:00,4705.60009765625,4706.2998046875,4701.60009765625,4701.60009765625,96
2026-05-14 06:45:00+00:00,4708.7001953125,4709.10009765625,4704.7001953125,4705.5,178
2026-05-14 06:46:00+00:00,4706.0,4709.2998046875,4705.2998046875,4709.10009765625,110
2026-05-14 06:47:00+00:00,4706.89990234375,4707.39990234375,4705.5,4706.0,82
2026-05-14 06:48:00+00:00,4705.7001953125,4707.10009765625,4705.7001953125,4707.10009765625,30
2026-05-14 06:49:00+00:00,4702.2998046875,4706.2998046875,4701.7001953125,4706.2998046875,108
2026-05-14 06:50:00+00:00,4704.0,4704.60009765625,4703.60009765625,4703.60009765625,15
2026-05-14 06:51:00+00:00,4704.60009765625,4704.89990234375,4703.7001953125,4703.7001953125,19
2026-05-14 06:52:00+00:00,4708.5,4708.5,4704.7998046875,4704.89990234375,44
2026-05-14 06:53:00+00:00,4706.89990234375,4708.0,4706.89990234375,4708.0,8
2026-05-14 06:54:00+00:00,4706.5,4708.2001953125,4706.5,4707.2001953125,70
2026-05-14 06:55:00+00:00,4705.5,4707.89990234375,4705.39990234375,4706.7001953125,37
2026-05-14 06:56:00+00:00,4706.2001953125,4707.0,4705.2998046875,4705.7998046875,30
2026-05-14 06:57:00+00:00,4706.60009765625,4707.7001953125,4706.2998046875,4706.39990234375,31
2026-05-14 06:58:00+00:00,4707.39990234375,4707.60009765625,4706.7001953125,4706.7001953125,10
2026-05-14 06:59:00+00:00,4707.2001953125,4708.2998046875,4706.5,4707.10009765625,46
2026-05-14 07:00:00+00:00,4705.2001953125,4706.89990234375,4704.0,4706.7001953125,70
2026-05-14 07:01:00+00:00,4706.7001953125,4707.60009765625,4703.7998046875,4705.0,60
2026-05-14 07:02:00+00:00,4708.7998046875,4708.7998046875,4706.89990234375,4706.89990234375,52
2026-05-14 07:03:00+00:00,4706.89990234375,4709.10009765625,4706.5,4707.89990234375,24
2026-05-14 07:04:00+00:00,4705.89990234375,4706.39990234375,4704.10009765625,4706.39990234375,15
2026-05-14 07:05:00+00:00,4703.89990234375,4705.7998046875,4703.5,4705.7998046875,23
2026-05-14 07:06:00+00:00,4704.2998046875,4704.39990234375,4702.7001953125,4704.2001953125,101
2026-05-14 07:07:00+00:00,4706.39990234375,4706.39990234375,4704.60009765625,4704.60009765625,28
2026-05-14 07:08:00+00:00,4705.7998046875,4707.10009765625,4705.39990234375,4706.5,129
2026-05-14 07:09:00+00:00,4705.89990234375,4706.39990234375,4703.39990234375,4706.2001953125,93
2026-05-14 07:10:00+00:00,4705.7998046875,4706.89990234375,4705.5,4705.5,19
2026-05-14 07:11:00+00:00,4705.39990234375,4706.5,4705.0,4705.39990234375,53
2026-05-14 07:12:00+00:00,4703.60009765625,4705.5,4703.0,4705.5,27
2026-05-14 07:13:00+00:00,4701.89990234375,4704.2001953125,4701.2001953125,4703.7998046875,53
2026-05-14 07:14:00+00:00,4702.0,4703.2001953125,4701.60009765625,4702.2998046875,19
2026-05-14 07:15:00+00:00,4702.89990234375,4703.39990234375,4701.5,4701.5,8
2026-05-14 07:16:00+00:00,4705.39990234375,4706.2001953125,4702.10009765625,4702.7001953125,164
2026-05-14 07:17:00+00:00,4705.60009765625,4706.2001953125,4704.2998046875,4705.2998046875,59
2026-05-14 07:18:00+00:00,4704.39990234375,4705.10009765625,4703.5,4705.10009765625,23
2026-05-14 07:19:00+00:00,4704.2001953125,4705.39990234375,4704.0,4705.0,19
2026-05-14 07:20:00+00:00,4702.10009765625,4704.89990234375,4702.10009765625,4704.2001953125,18
2026-05-14 07:21:00+00:00,4703.7001953125,4703.89990234375,4701.7001953125,4701.7998046875,49
2026-05-14 07:22:00+00:00,4705.39990234375,4705.7998046875,4703.5,4703.5,34
2026-05-14 07:23:00+00:00,4705.5,4706.7998046875,4704.7001953125,4706.0,60
2026-05-14 07:24:00+00:00,4706.10009765625,4706.60009765625,4705.10009765625,4705.10009765625,28
2026-05-14 07:25:00+00:00,4706.7998046875,4707.0,4705.7998046875,4706.10009765625,47
2026-05-14 07:26:00+00:00,4708.7001953125,4709.10009765625,4707.0,4707.0,77
2026-05-14 07:27:00+00:00,4711.89990234375,4712.60009765625,4708.2998046875,4708.5,185
2026-05-14 07:28:00+00:00,4711.89990234375,4713.2001953125,4711.7001953125,4712.2001953125,62
2026-05-14 07:29:00+00:00,4711.89990234375,4713.0,4711.10009765625,4712.0,45
2026-05-14 07:30:00+00:00,4711.89990234375,4714.5,4711.39990234375,4712.2998046875,95
2026-05-14 07:31:00+00:00,4711.60009765625,4712.10009765625,4710.60009765625,4712.10009765625,55
2026-05-14 07:32:00+00:00,4713.7998046875,4714.0,4709.2998046875,4711.39990234375,128
2026-05-14 07:33:00+00:00,4715.7001953125,4717.2998046875,4713.7001953125,4714.0,197
2026-05-14 07:34:00+00:00,4717.2001953125,4717.39990234375,4715.0,4715.7998046875,109
2026-05-14 07:35:00+00:00,4719.89990234375,4721.10009765625,4716.89990234375,4717.0,307
2026-05-14 07:36:00+00:00,4725.2998046875,4725.7998046875,4719.7998046875,4719.7998046875,367
2026-05-14 07:37:00+00:00,4721.60009765625,4725.5,4721.60009765625,4724.89990234375,266
2026-05-14 07:38:00+00:00,4721.7998046875,4722.60009765625,4720.7998046875,4721.60009765625,195
2026-05-14 07:39:00+00:00,4719.10009765625,4722.60009765625,4719.10009765625,4721.7001953125,138
2026-05-14 07:40:00+00:00,4717.39990234375,4720.7001953125,4717.10009765625,4719.7998046875,151
2026-05-14 07:41:00+00:00,4719.39990234375,4721.0,4717.2001953125,4717.5,129
2026-05-14 07:42:00+00:00,4720.7001953125,4722.10009765625,4719.0,4719.7998046875,59
2026-05-14 07:43:00+00:00,4718.60009765625,4720.5,4718.60009765625,4719.5,57
2026-05-14 07:44:00+00:00,4716.60009765625,4718.89990234375,4715.89990234375,4718.7001953125,51
2026-05-14 07:45:00+00:00,4715.2998046875,4716.7998046875,4715.0,4716.2001953125,115
2026-05-14 07:46:00+00:00,4714.5,4715.10009765625,4713.5,4714.7998046875,86
2026-05-14 07:47:00+00:00,4710.60009765625,4714.60009765625,4710.5,4714.60009765625,67
2026-05-14 07:48:00+00:00,4711.7001953125,4711.7998046875,4710.39990234375,4711.10009765625,41
2026-05-14 07:49:00+00:00,4711.2001953125,4712.39990234375,4710.5,4711.60009765625,25
2026-05-14 07:50:00+00:00,4704.89990234375,4711.10009765625,4704.0,4711.0,268
2026-05-14 07:51:00+00:00,4706.0,4706.10009765625,4702.10009765625,4704.7001953125,239
2026-05-14 07:52:00+00:00,4707.7001953125,4708.0,4705.39990234375,4706.2001953125,98
2026-05-14 07:53:00+00:00,4708.39990234375,4708.60009765625,4707.60009765625,4708.10009765625,80
2026-05-14 07:54:00+00:00,4706.7001953125,4709.0,4705.0,4708.5,79
2026-05-14 07:55:00+00:00,4706.89990234375,4708.0,4706.2998046875,4706.7998046875,73
2026-05-14 07:56:00+00:00,4705.39990234375,4707.2998046875,4704.5,4706.89990234375,66
2026-05-14 07:57:00+00:00,4703.7001953125,4705.5,4702.60009765625,4705.5,53
2026-05-14 07:58:00+00:00,4701.5,4703.60009765625,4699.39990234375,4703.60009765625,437
2026-05-14 07:59:00+00:00,4700.10009765625,4702.2001953125,4697.7001953125,4701.5,117
2026-05-14 08:00:00+00:00,4706.10009765625,4706.39990234375,4698.89990234375,4699.5,194
2026-05-14 08:01:00+00:00,4706.2998046875,4707.89990234375,4705.7001953125,4706.10009765625,121
2026-05-14 08:02:00+00:00,4706.0,4707.7001953125,4704.0,4705.10009765625,88
2026-05-14 08:03:00+00:00,4705.7001953125,4706.7998046875,4705.2001953125,4706.5,39
2026-05-14 08:04:00+00:00,4704.0,4705.5,4704.0,4704.5,38
2026-05-14 08:05:00+00:00,4704.7001953125,4704.7001953125,4703.2998046875,4704.5,34
2026-05-14 08:06:00+00:00,4704.39990234375,4705.89990234375,4703.89990234375,4704.60009765625,34
2026-05-14 08:07:00+00:00,4705.5,4705.5,4704.10009765625,4704.10009765625,12
2026-05-14 08:08:00+00:00,4705.2001953125,4706.89990234375,4705.0,4706.60009765625,33
2026-05-14 08:09:00+00:00,4704.0,4706.10009765625,4703.5,4705.2001953125,53
2026-05-14 08:10:00+00:00,4703.89990234375,4704.10009765625,4702.2998046875,4704.10009765625,63
2026-05-14 08:11:00+00:00,4705.10009765625,4705.2998046875,4703.89990234375,4703.89990234375,30
2026-05-14 08:12:00+00:00,4705.60009765625,4705.60009765625,4704.2998046875,4704.7998046875,78
2026-05-14 08:13:00+00:00,4705.0,4707.2001953125,4704.39990234375,4706.0,67
2026-05-14 08:14:00+00:00,4705.89990234375,4706.0,4704.10009765625,4705.2001953125,36
2026-05-14 08:15:00+00:00,4707.60009765625,4707.60009765625,4706.10009765625,4706.2998046875,100
2026-05-14 08:16:00+00:00,4708.0,4708.7001953125,4707.5,4707.60009765625,34
2026-05-14 08:17:00+00:00,4706.2001953125,4708.7001953125,4706.2001953125,4708.2001953125,41
2026-05-14 08:18:00+00:00,4707.2998046875,4707.39990234375,4706.39990234375,4706.39990234375,16
2026-05-14 08:19:00+00:00,4706.7001953125,4708.2998046875,4706.39990234375,4707.5,42
2026-05-14 08:20:00+00:00,4708.2001953125,4708.2998046875,4706.2998046875,4706.7001953125,12
2026-05-14 08:21:00+00:00,4706.60009765625,4708.2998046875,4706.2998046875,4708.2998046875,61
2026-05-14 08:22:00+00:00,4707.2001953125,4707.39990234375,4706.2998046875,4706.2998046875,44
2026-05-14 08:23:00+00:00,4705.0,4706.7001953125,4704.0,4706.7001953125,230
2026-05-14 08:24:00+00:00,4707.7001953125,4707.7998046875,4704.89990234375,4705.10009765625,95
2026-05-14 08:25:00+00:00,4710.10009765625,4710.2001953125,4707.5,4708.0,62
2026-05-14 08:26:00+00:00,4709.7998046875,4711.7001953125,4709.60009765625,4710.2998046875,107
2026-05-14 08:27:00+00:00,4709.89990234375,4710.0,4708.7998046875,4709.39990234375,25
2026-05-14 08:28:00+00:00,4709.60009765625,4710.7001953125,4708.89990234375,4709.7001953125,63
2026-05-14 08:29:00+00:00,4710.5,4711.10009765625,4709.5,4709.5,184
2026-05-14 08:30:00+00:00,4712.10009765625,4712.60009765625,4710.2998046875,4710.2998046875,131
2026-05-14 08:31:00+00:00,4710.60009765625,4712.39990234375,4710.0,4712.0,38
2026-05-14 08:32:00+00:00,4710.2998046875,4711.0,4709.5,4710.7998046875,25
2026-05-14 08:33:00+00:00,4709.7001953125,4710.7998046875,4709.60009765625,4710.39990234375,22
2026-05-14 08:34:00+00:00,4709.39990234375,4709.39990234375,4708.39990234375,4709.2998046875,38
2026-05-14 08:35:00+00:00,4712.5,4712.60009765625,4708.7998046875,4709.10009765625,69
2026-05-14 08:36:00+00:00,4713.2001953125,4713.60009765625,4712.0,4712.10009765625,89
2026-05-14 08:37:00+00:00,4712.39990234375,4713.10009765625,4711.7998046875,4713.0,95
2026-05-14 08:38:00+00:00,4709.89990234375,4713.0,4709.89990234375,4712.2001953125,67
2026-05-14 08:39:00+00:00,4709.2001953125,4710.5,4708.60009765625,4710.2998046875,24
2026-05-14 08:40:00+00:00,4709.0,4709.5,4708.60009765625,4708.7998046875,16
2026-05-14 08:41:00+00:00,4707.7001953125,4709.10009765625,4707.10009765625,4708.7001953125,43
2026-05-14 08:42:00+00:00,4707.10009765625,4708.0,4707.10009765625,4707.7998046875,16
2026-05-14 08:43:00+00:00,4703.2001953125,4706.39990234375,4702.7001953125,4706.39990234375,119
2026-05-14 08:44:00+00:00,4703.39990234375,4703.89990234375,4703.0,4703.5,68
2026-05-14 08:45:00+00:00,4703.0,4704.10009765625,4702.89990234375,4703.89990234375,21
2026-05-14 08:46:00+00:00,4703.0,4704.0,4702.10009765625,4703.2001953125,29
2026-05-14 08:47:00+00:00,4702.2998046875,4703.2001953125,4701.2998046875,4703.2001953125,44
2026-05-14 08:48:00+00:00,4701.39990234375,4702.60009765625,4700.7998046875,4702.2998046875,54
2026-05-14 08:49:00+00:00,4702.10009765625,4703.89990234375,4701.7998046875,4701.7998046875,41
2026-05-14 08:50:00+00:00,4701.10009765625,4702.2001953125,4700.2998046875,4702.0,66
2026-05-14 08:51:00+00:00,4701.2001953125,4701.89990234375,4701.0,4701.2998046875,13
2026-05-14 08:52:00+00:00,4701.60009765625,4701.89990234375,4701.10009765625,4701.89990234375,6
2026-05-14 08:53:00+00:00,4702.89990234375,4703.10009765625,4701.2998046875,4701.2998046875,12
2026-05-14 08:54:00+00:00,4701.60009765625,4702.7001953125,4701.39990234375,4702.7001953125,15
2026-05-14 08:55:00+00:00,4702.2001953125,4703.10009765625,4701.2001953125,4701.2001953125,31
2026-05-14 08:56:00+00:00,4702.89990234375,4703.89990234375,4702.0,4702.10009765625,41
2026-05-14 08:57:00+00:00,4701.0,4702.7001953125,4700.0,4702.7001953125,34
2026-05-14 08:58:00+00:00,4701.39990234375,4701.7998046875,4700.60009765625,4700.60009765625,13
2026-05-14 08:59:00+00:00,4700.2998046875,4701.39990234375,4699.7998046875,4701.2001953125,51
2026-05-14 09:00:00+00:00,4699.89990234375,4700.7001953125,4699.2001953125,4699.7998046875,26
2026-05-14 09:01:00+00:00,4698.10009765625,4700.39990234375,4696.0,4700.39990234375,113
2026-05-14 09:02:00+00:00,4699.10009765625,4700.39990234375,4697.0,4697.0,58
2026-05-14 09:03:00+00:00,4698.39990234375,4699.2998046875,4698.39990234375,4698.89990234375,26
2026-05-14 09:04:00+00:00,4698.7998046875,4698.7998046875,4697.7001953125,4698.7001953125,54
2026-05-14 09:05:00+00:00,4699.60009765625,4699.60009765625,4697.5,4699.2001953125,41
2026-05-14 09:06:00+00:00,4700.89990234375,4701.39990234375,4698.5,4699.7998046875,115
2026-05-14 09:07:00+00:00,4701.2001953125,4702.0,4700.0,4701.2998046875,39
2026-05-14 09:08:00+00:00,4702.10009765625,4702.10009765625,4700.7001953125,4701.39990234375,12
2026-05-14 09:09:00+00:00,4703.10009765625,4703.5,4702.10009765625,4702.2998046875,26
2026-05-14 09:10:00+00:00,4701.2001953125,4704.7001953125,4699.89990234375,4703.2998046875,157
2026-05-14 09:11:00+00:00,4701.60009765625,4702.0,4700.89990234375,4700.89990234375,18
2026-05-14 09:12:00+00:00,4702.5,4703.10009765625,4701.39990234375,4701.39990234375,25
2026-05-14 09:13:00+00:00,4701.2998046875,4702.10009765625,4701.2001953125,4702.10009765625,5
2026-05-14 09:14:00+00:00,4701.5,4701.89990234375,4700.7001953125,4701.10009765625,12
2026-05-14 09:15:00+00:00,4702.10009765625,4702.10009765625,4700.60009765625,4700.89990234375,22
2026-05-14 09:16:00+00:00,4703.10009765625,4703.10009765625,4702.0,4702.60009765625,18
2026-05-14 09:17:00+00:00,4701.60009765625,4703.10009765625,4701.60009765625,4702.7001953125,19
2026-05-14 09:18:00+00:00,4701.60009765625,4702.0,4701.60009765625,4702.0,4
2026-05-14 09:19:00+00:00,4702.2001953125,4702.60009765625,4701.60009765625,4702.0,17
2026-05-14 09:20:00+00:00,4702.39990234375,4702.39990234375,4702.39990234375,4702.39990234375,1
2026-05-14 09:21:00+00:00,4701.39990234375,4702.2001953125,4701.2998046875,4702.2001953125,23
2026-05-14 09:22:00+00:00,4701.7001953125,4701.89990234375,4701.10009765625,4701.89990234375,10
2026-05-14 09:23:00+00:00,4701.0,4701.7998046875,4701.0,4701.60009765625,6
2026-05-14 09:24:00+00:00,4699.5,4700.7001953125,4699.5,4700.5,28
2026-05-14 09:25:00+00:00,4698.2001953125,4700.2998046875,4698.10009765625,4700.0,54
2026-05-14 09:26:00+00:00,4699.89990234375,4699.89990234375,4697.7001953125,4698.2998046875,43
2026-05-14 09:27:00+00:00,4698.10009765625,4700.2998046875,4698.10009765625,4700.10009765625,95
2026-05-14 09:28:00+00:00,4699.5,4701.5,4698.2998046875,4698.2998046875,105
2026-05-14 09:29:00+00:00,4697.2998046875,4699.60009765625,4697.2001953125,4699.60009765625,76
2026-05-14 09:30:00+00:00,4696.89990234375,4697.7998046875,4696.2001953125,4697.10009765625,109
2026-05-14 09:31:00+00:00,4697.0,4697.2998046875,4695.5,4697.2001953125,98
2026-05-14 09:32:00+00:00,4698.7998046875,4698.7998046875,4696.10009765625,4697.2001953125,188
2026-05-14 09:33:00+00:00,4699.60009765625,4699.60009765625,4698.10009765625,4698.5,38
2026-05-14 09:34:00+00:00,4700.89990234375,4701.39990234375,4700.10009765625,4700.10009765625,51
2026-05-14 09:35:00+00:00,4698.5,4700.89990234375,4698.5,4700.5,25
2026-05-14 09:36:00+00:00,4697.0,4698.2998046875,4695.60009765625,4698.2001953125,65
2026-05-14 09:37:00+00:00,4695.7998046875,4697.7998046875,4694.60009765625,4697.10009765625,81
2026-05-14 09:38:00+00:00,4696.89990234375,4698.2001953125,4694.7998046875,4695.0,34
2026-05-14 09:39:00+00:00,4699.0,4699.7998046875,4697.39990234375,4697.39990234375,51
2026-05-14 09:40:00+00:00,4699.5,4699.5,4698.89990234375,4699.0,25
2026-05-14 09:41:00+00:00,4701.7998046875,4702.10009765625,4700.39990234375,4700.39990234375,46
2026-05-14 09:42:00+00:00,4701.89990234375,4702.2001953125,4701.10009765625,4701.39990234375,23
2026-05-14 09:43:00+00:00,4702.2998046875,4703.7998046875,4702.2998046875,4702.39990234375,50
2026-05-14 09:44:00+00:00,4702.0,4703.2998046875,4701.5,4703.0,32
2026-05-14 09:45:00+00:00,4703.7001953125,4704.5,4702.5,4702.5,99
2026-05-14 09:46:00+00:00,4706.0,4706.5,4703.2001953125,4703.89990234375,54
2026-05-14 09:47:00+00:00,4705.10009765625,4705.7998046875,4704.60009765625,4705.7998046875,39
2026-05-14 09:48:00+00:00,4705.7998046875,4706.39990234375,4704.89990234375,4704.89990234375,27
2026-05-14 09:49:00+00:00,4706.39990234375,4706.89990234375,4705.89990234375,4705.89990234375,34
2026-05-14 09:50:00+00:00,4706.60009765625,4709.2998046875,4706.60009765625,4706.60009765625,119
2026-05-14 09:51:00+00:00,4705.7001953125,4707.7998046875,4705.7001953125,4706.39990234375,75
2026-05-14 09:52:00+00:00,4706.2001953125,4707.39990234375,4705.7998046875,4706.60009765625,20
2026-05-14 09:53:00+00:00,4705.2998046875,4705.60009765625,4705.0,4705.60009765625,12
2026-05-14 09:54:00+00:00,4705.5,4705.60009765625,4704.89990234375,4705.10009765625,11
2026-05-14 09:55:00+00:00,4705.60009765625,4706.10009765625,4705.39990234375,4705.39990234375,24
2026-05-14 09:56:00+00:00,4706.89990234375,4707.10009765625,4704.89990234375,4705.2001953125,28
2026-05-14 09:57:00+00:00,4707.60009765625,4708.0,4706.7001953125,4707.39990234375,34
2026-05-14 09:58:00+00:00,4707.2001953125,4707.7998046875,4706.89990234375,4707.39990234375,11
2026-05-14 09:59:00+00:00,4706.10009765625,4706.89990234375,4705.89990234375,4706.89990234375,12
2026-05-14 10:00:00+00:00,4705.5,4706.2998046875,4705.2998046875,4706.0,16
2026-05-14 10:01:00+00:00,4705.2998046875,4705.2998046875,4704.89990234375,4705.2998046875,9
2026-05-14 10:02:00+00:00,4705.39990234375,4705.7998046875,4705.39990234375,4705.60009765625,9
2026-05-14 10:03:00+00:00,4706.2001953125,4706.2001953125,4705.60009765625,4705.7001953125,39
2026-05-14 10:04:00+00:00,4705.7001953125,4706.60009765625,4705.7001953125,4706.10009765625,10
2026-05-14 10:05:00+00:00,4705.39990234375,4706.39990234375,4705.39990234375,4706.39990234375,12
2026-05-14 10:06:00+00:00,4707.10009765625,4707.10009765625,4705.39990234375,4705.39990234375,22
2026-05-14 10:07:00+00:00,4706.10009765625,4706.7998046875,4706.10009765625,4706.39990234375,13
2026-05-14 10:08:00+00:00,4705.5,4706.5,4705.0,4706.2001953125,42
2026-05-14 10:09:00+00:00,4704.7998046875,4705.7998046875,4704.60009765625,4705.10009765625,31
2026-05-14 10:10:00+00:00,4707.5,4707.5,4703.89990234375,4704.60009765625,76
2026-05-14 10:11:00+00:00,4710.7001953125,4711.89990234375,4707.10009765625,4707.2001953125,234
2026-05-14 10:12:00+00:00,4704.89990234375,4710.10009765625,4703.39990234375,4710.10009765625,84
2026-05-14 10:13:00+00:00,4703.7001953125,4704.7998046875,4702.5,4704.7998046875,49
2026-05-14 10:14:00+00:00,4703.60009765625,4703.89990234375,4702.60009765625,4703.7001953125,37
2026-05-14 10:15:00+00:00,4702.7001953125,4704.2998046875,4702.7001953125,4704.2001953125,14
2026-05-14 10:16:00+00:00,4702.7001953125,4703.89990234375,4702.10009765625,4703.60009765625,26
2026-05-14 10:17:00+00:00,4703.39990234375,4703.7998046875,4701.7001953125,4702.5,33
2026-05-14 10:18:00+00:00,4703.60009765625,4704.60009765625,4702.7998046875,4703.7001953125,29
2026-05-14 10:19:00+00:00,4703.2998046875,4704.39990234375,4702.7001953125,4703.5,54
2026-05-14 10:20:00+00:00,4702.7001953125,4704.10009765625,4702.2001953125,4702.7998046875,31
2026-05-14 10:21:00+00:00,4701.89990234375,4702.5,4701.60009765625,4702.5,13
2026-05-14 10:22:00+00:00,4703.2998046875,4703.39990234375,4702.2001953125,4702.2001953125,15
2026-05-14 10:23:00+00:00,4701.2998046875,4703.10009765625,4701.2998046875,4702.5,20
2026-05-14 10:24:00+00:00,4700.7998046875,4701.5,4700.2001953125,4701.39990234375,39
2026-05-14 10:25:00+00:00,4703.39990234375,4704.0,4700.7001953125,4701.0,46
2026-05-14 10:26:00+00:00,4703.7001953125,4704.5,4703.60009765625,4703.60009765625,23
2026-05-14 10:27:00+00:00,4703.7001953125,4704.10009765625,4703.0,4703.5,21
2026-05-14 10:28:00+00:00,4703.89990234375,4703.89990234375,4702.39990234375,4702.89990234375,29
2026-05-14 10:29:00+00:00,4704.10009765625,4704.60009765625,4703.5,4703.60009765625,35
2026-05-14 10:30:00+00:00,4703.2998046875,4704.39990234375,4702.7001953125,4704.2998046875,19
2026-05-14 10:31:00+00:00,4703.0,4704.10009765625,4702.0,4703.5,33
2026-05-14 10:32:00+00:00,4701.89990234375,4702.7001953125,4701.89990234375,4702.7001953125,14
2026-05-14 10:33:00+00:00,4703.2998046875,4703.39990234375,4702.5,4702.5,20
2026-05-14 10:34:00+00:00,4703.10009765625,4703.2001953125,4703.10009765625,4703.2001953125,6
2026-05-14 10:35:00+00:00,4703.39990234375,4703.7998046875,4703.39990234375,4703.60009765625,18
2026-05-14 10:36:00+00:00,4702.2998046875,4704.10009765625,4702.2998046875,4702.7001953125,19
2026-05-14 10:37:00+00:00,4702.0,4703.2998046875,4702.0,4702.2001953125,13
2026-05-14 10:38:00+00:00,4701.60009765625,4702.0,4701.39990234375,4702.0,14
2026-05-14 10:39:00+00:00,4702.7998046875,4702.7998046875,4701.10009765625,4701.60009765625,159
2026-05-14 10:40:00+00:00,4701.5,4702.39990234375,4701.0,4702.39990234375,19
2026-05-14 10:41:00+00:00,4700.7001953125,4701.39990234375,4699.5,4701.2001953125,79
2026-05-14 10:42:00+00:00,4701.10009765625,4701.7998046875,4699.5,4700.10009765625,53
2026-05-14 10:43:00+00:00,4698.7998046875,4701.10009765625,4698.5,4700.60009765625,55
2026-05-14 10:44:00+00:00,4700.2001953125,4700.60009765625,4699.2001953125,4699.2001953125,23
2026-05-14 10:45:00+00:00,4699.7998046875,4701.5,4699.7001953125,4700.2998046875,76
2026-05-14 10:46:00+00:00,4700.0,4700.2998046875,4699.7001953125,4700.0,21
2026-05-14 10:47:00+00:00,4699.2001953125,4699.7998046875,4698.2001953125,4699.7998046875,44
2026-05-14 10:48:00+00:00,4699.10009765625,4699.60009765625,4699.10009765625,4699.39990234375,7
2026-05-14 10:49:00+00:00,4699.39990234375,4699.39990234375,4698.60009765625,4699.10009765625,12
2026-05-14 10:50:00+00:00,4699.60009765625,4700.0,4698.60009765625,4699.2998046875,16
2026-05-14 10:51:00+00:00,4698.60009765625,4700.2998046875,4698.39990234375,4699.89990234375,19
2026-05-14 10:52:00+00:00,4698.2998046875,4698.89990234375,4698.0,4698.10009765625,38
2026-05-14 10:53:00+00:00,4701.10009765625,4701.2998046875,4698.0,4698.0,96
2026-05-14 10:54:00+00:00,4702.89990234375,4704.10009765625,4701.0,4701.0,351
2026-05-14 10:55:00+00:00,4703.7001953125,4703.7001953125,4702.10009765625,4703.2998046875,49
2026-05-14 10:56:00+00:00,4702.7998046875,4703.7998046875,4702.39990234375,4703.7998046875,27
2026-05-14 10:57:00+00:00,4702.7001953125,4702.89990234375,4702.39990234375,4702.89990234375,6
2026-05-14 10:58:00+00:00,4704.0,4704.39990234375,4702.10009765625,4702.39990234375,40
2026-05-14 10:59:00+00:00,4704.10009765625,4704.10009765625,4703.0,4703.7998046875,59
2026-05-14 11:00:00+00:00,4701.89990234375,4705.39990234375,4701.89990234375,4703.5,26
2026-05-14 11:01:00+00:00,4704.39990234375,4704.39990234375,4701.2998046875,4701.39990234375,91
2026-05-14 11:02:00+00:00,4703.0,4704.7001953125,4703.0,4704.2001953125,109
2026-05-14 11:03:00+00:00,4701.60009765625,4702.7998046875,4701.0,4702.7998046875,34
2026-05-14 11:04:00+00:00,4702.2998046875,4702.2998046875,4701.39990234375,4701.39990234375,7
2026-05-14 11:05:00+00:00,4700.60009765625,4701.39990234375,4700.5,4701.2001953125,23
2026-05-14 11:06:00+00:00,4699.7998046875,4700.7001953125,4698.89990234375,4700.5,40
2026-05-14 11:07:00+00:00,4701.7998046875,4701.7998046875,4699.60009765625,4699.60009765625,35
2026-05-14 11:08:00+00:00,4703.2998046875,4703.2998046875,4700.89990234375,4702.0,18
2026-05-14 11:09:00+00:00,4704.10009765625,4705.0,4703.0,4703.39990234375,31
2026-05-14 11:10:00+00:00,4703.10009765625,4703.5,4703.0,4703.5,17
2026-05-14 11:11:00+00:00,4704.0,4704.0,4703.2998046875,4703.2998046875,24
2026-05-14 11:12:00+00:00,4703.7998046875,4703.7998046875,4703.2998046875,4703.7998046875,22
2026-05-14 11:13:00+00:00,4704.0,4704.10009765625,4702.7001953125,4702.7998046875,22
2026-05-14 11:14:00+00:00,4704.0,4704.2998046875,4703.7001953125,4703.7998046875,141
2026-05-14 11:15:00+00:00,4702.39990234375,4703.7998046875,4702.39990234375,4703.60009765625,31
2026-05-14 11:16:00+00:00,4702.60009765625,4703.2001953125,4702.10009765625,4702.2998046875,24
2026-05-14 11:17:00+00:00,4701.39990234375,4702.7001953125,4701.39990234375,4702.5,11
2026-05-14 11:18:00+00:00,4702.7001953125,4702.7001953125,4701.0,4701.10009765625,20
2026-05-14 11:19:00+00:00,4702.60009765625,4702.89990234375,4702.2998046875,4702.5,26
2026-05-14 11:20:00+00:00,4702.60009765625,4703.2001953125,4701.2998046875,4701.39990234375,30
2026-05-14 11:21:00+00:00,4702.60009765625,4703.0,4702.2001953125,4702.7001953125,13
2026-05-14 11:22:00+00:00,4701.7001953125,4702.39990234375,4701.7001953125,4701.7001953125,17
2026-05-14 11:23:00+00:00,4700.0,4702.2001953125,4700.0,4701.7001953125,27
2026-05-14 11:24:00+00:00,4700.0,4700.7998046875,4699.89990234375,4699.89990234375,25
2026-05-14 11:25:00+00:00,4696.2001953125,4699.7998046875,4696.2001953125,4699.7998046875,58
2026-05-14 11:26:00+00:00,4696.2998046875,4697.0,4695.89990234375,4696.0,38
2026-05-14 11:27:00+00:00,4698.2001953125,4698.7998046875,4696.5,4696.5,139
2026-05-14 11:28:00+00:00,4699.89990234375,4700.2001953125,4698.5,4698.60009765625,77
2026-05-14 11:29:00+00:00,4698.2001953125,4700.60009765625,4698.0,4700.0,58
2026-05-14 11:30:00+00:00,4698.2998046875,4699.10009765625,4698.2998046875,4698.5,44
2026-05-14 11:31:00+00:00,4697.7001953125,4698.7001953125,4697.7001953125,4698.0,17
2026-05-14 11:32:00+00:00,4698.10009765625,4698.10009765625,4697.10009765625,4697.2998046875,13
2026-05-14 11:33:00+00:00,4700.7998046875,4701.39990234375,4697.5,4697.60009765625,34
2026-05-14 11:34:00+00:00,4700.5,4701.10009765625,4700.5,4701.0,16
2026-05-14 11:35:00+00:00,4700.7998046875,4701.10009765625,4699.89990234375,4700.0,14
2026-05-14 11:36:00+00:00,4699.7001953125,4700.60009765625,4699.7001953125,4700.60009765625,13
2026-05-14 11:37:00+00:00,4699.89990234375,4700.2001953125,4699.2998046875,4699.5,17
2026-05-14 11:38:00+00:00,4700.60009765625,4700.60009765625,4700.10009765625,4700.10009765625,4
2026-05-14 11:39:00+00:00,4702.2001953125,4702.2001953125,4700.5,4700.5,23
2026-05-14 11:40:00+00:00,4702.0,4702.7001953125,4702.0,4702.2998046875,19
2026-05-14 11:41:00+00:00,4703.39990234375,4703.39990234375,4702.2998046875,4702.2998046875,7
2026-05-14 11:42:00+00:00,4701.2998046875,4703.5,4701.2998046875,4703.2998046875,31
2026-05-14 11:43:00+00:00,4701.7001953125,4702.2001953125,4701.5,4701.89990234375,25
2026-05-14 11:44:00+00:00,4702.10009765625,4702.5,4702.10009765625,4702.10009765625,5
2026-05-14 11:45:00+00:00,4702.10009765625,4702.2998046875,4701.2998046875,4701.60009765625,12
2026-05-14 11:46:00+00:00,4703.7998046875,4704.0,4702.5,4702.5,19
2026-05-14 11:47:00+00:00,4705.2001953125,4705.5,4703.7998046875,4704.0,499
2026-05-14 11:48:00+00:00,4706.7998046875,4707.39990234375,4704.89990234375,4705.10009765625,66
2026-05-14 11:49:00+00:00,4704.2998046875,4707.10009765625,4704.2998046875,4707.0,60
2026-05-14 11:50:00+00:00,4705.5,4705.5,4704.2001953125,4704.7998046875,27
2026-05-14 11:51:00+00:00,4708.2001953125,4708.39990234375,4705.7001953125,4705.7001953125,83
2026-05-14 11:52:00+00:00,4708.89990234375,4708.89990234375,4707.7998046875,4708.5,95
2026-05-14 11:53:00+00:00,4708.60009765625,4709.2998046875,4708.0,4709.0,100
2026-05-14 11:54:00+00:00,4711.10009765625,4711.2998046875,4708.10009765625,4708.60009765625,106
2026-05-14 11:55:00+00:00,4711.2998046875,4711.60009765625,4710.2998046875,4710.60009765625,122
2026-05-14 11:56:00+00:00,4708.5,4711.10009765625,4708.5,4711.10009765625,77
2026-05-14 11:57:00+00:00,4703.60009765625,4708.2998046875,4703.39990234375,4708.2998046875,141
2026-05-14 11:58:00+00:00,4705.5,4705.7998046875,4703.10009765625,4703.2998046875,108
2026-05-14 11:59:00+00:00,4700.39990234375,4705.60009765625,4700.39990234375,4705.2001953125,71
2026-05-14 12:00:00+00:00,4701.0,4701.10009765625,4698.39990234375,4700.2001953125,262
2026-05-14 12:01:00+00:00,4702.7998046875,4703.7001953125,4700.2001953125,4700.7001953125,89
2026-05-14 12:02:00+00:00,4703.39990234375,4703.39990234375,4702.2998046875,4702.60009765625,16
2026-05-14 12:03:00+00:00,4703.5,4703.89990234375,4701.89990234375,4703.39990234375,72
2026-05-14 12:04:00+00:00,4702.5,4704.5,4702.10009765625,4703.2998046875,59
2026-05-14 12:05:00+00:00,4701.89990234375,4702.5,4700.2998046875,4702.5,69
2026-05-14 12:06:00+00:00,4702.0,4703.10009765625,4702.0,4702.2998046875,25
2026-05-14 12:07:00+00:00,4705.10009765625,4705.2998046875,4702.39990234375,4702.39990234375,89
2026-05-14 12:08:00+00:00,4703.89990234375,4705.39990234375,4703.7998046875,4705.0,39
2026-05-14 12:09:00+00:00,4703.60009765625,4704.7001953125,4703.2998046875,4703.7001953125,30
2026-05-14 12:10:00+00:00,4703.7001953125,4705.2001953125,4703.39990234375,4703.89990234375,64
2026-05-14 12:11:00+00:00,4705.60009765625,4705.60009765625,4703.10009765625,4704.7001953125,45
2026-05-14 12:12:00+00:00,4706.60009765625,4706.7998046875,4704.2001953125,4705.5,138
2026-05-14 12:13:00+00:00,4708.7001953125,4708.89990234375,4706.5,4706.7001953125,118
2026-05-14 12:14:00+00:00,4709.89990234375,4710.10009765625,4707.89990234375,4708.7001953125,260
2026-05-14 12:15:00+00:00,4708.0,4710.39990234375,4707.89990234375,4710.2998046875,452
2026-05-14 12:16:00+00:00,4707.89990234375,4708.60009765625,4706.7998046875,4708.10009765625,250
2026-05-14 12:17:00+00:00,4706.60009765625,4708.2998046875,4706.0,4708.0,81
2026-05-14 12:18:00+00:00,4705.89990234375,4706.7001953125,4705.39990234375,4706.60009765625,163
2026-05-14 12:19:00+00:00,4708.2001953125,4708.2001953125,4705.60009765625,4705.60009765625,46
2026-05-14 12:20:00+00:00,4713.2001953125,4714.10009765625,4708.0,4708.0,434
2026-05-14 12:21:00+00:00,4713.89990234375,4714.5,4711.7001953125,4713.10009765625,209
2026-05-14 12:22:00+00:00,4712.39990234375,4714.10009765625,4711.10009765625,4713.89990234375,145
2026-05-14 12:23:00+00:00,4712.39990234375,4714.39990234375,4711.7998046875,4713.10009765625,122
2026-05-14 12:24:00+00:00,4712.0,4713.10009765625,4711.2001953125,4712.5,88
2026-05-14 12:25:00+00:00,4711.5,4713.0,4710.7001953125,4712.60009765625,64
2026-05-14 12:26:00+00:00,4711.0,4712.7001953125,4709.89990234375,4711.7001953125,141
2026-05-14 12:27:00+00:00,4710.0,4711.39990234375,4709.7998046875,4711.0,58
2026-05-14 12:28:00+00:00,4710.39990234375,4710.39990234375,4709.7001953125,4710.2998046875,35
2026-05-14 12:29:00+00:00,4709.10009765625,4711.0,4709.0,4710.60009765625,98
2026-05-14 12:30:00+00:00,4708.2001953125,4711.0,4707.2998046875,4710.0,113
2026-05-14 12:31:00+00:00,4708.60009765625,4710.0,4707.60009765625,4708.5,75
2026-05-14 12:32:00+00:00,4710.0,4710.7998046875,4708.5,4708.60009765625,111
2026-05-14 12:33:00+00:00,4714.2998046875,4714.89990234375,4709.60009765625,4709.89990234375,280
2026-05-14 12:34:00+00:00,4712.2001953125,4715.10009765625,4711.39990234375,4714.7001953125,122
2026-05-14 12:35:00+00:00,4715.60009765625,4716.89990234375,4711.89990234375,4712.39990234375,333
2026-05-14 12:36:00+00:00,4715.7998046875,4716.7998046875,4713.2001953125,4715.2998046875,340
2026-05-14 12:37:00+00:00,4712.10009765625,4716.7998046875,4711.39990234375,4715.7998046875,267
2026-05-14 12:38:00+00:00,4710.5,4713.2001953125,4710.39990234375,4712.10009765625,234
2026-05-14 12:39:00+00:00,4713.5,4713.7998046875,4709.89990234375,4710.60009765625,115
2026-05-14 12:40:00+00:00,4712.5,4713.7998046875,4711.2998046875,4713.7001953125,76
2026-05-14 12:41:00+00:00,4714.0,4714.10009765625,4711.89990234375,4712.39990234375,41
2026-05-14 12:42:00+00:00,4711.5,4713.7998046875,4710.7998046875,4713.7001953125,58
2026-05-14 12:43:00+00:00,4709.39990234375,4711.60009765625,4708.39990234375,4711.10009765625,81
2026-05-14 12:44:00+00:00,4704.7001953125,4709.2998046875,4704.7001953125,4709.2001953125,343
2026-05-14 12:45:00+00:00,4704.5,4705.10009765625,4702.60009765625,4704.2998046875,112
2026-05-14 12:46:00+00:00,4705.39990234375,4706.0,4703.7001953125,4704.7998046875,63
2026-05-14 12:47:00+00:00,4707.39990234375,4707.7001953125,4705.0,4705.7001953125,160
2026-05-14 12:48:00+00:00,4707.89990234375,4708.10009765625,4706.7001953125,4706.7998046875,51
2026-05-14 12:49:00+00:00,4709.7998046875,4710.0,4707.5,4707.7001953125,107
2026-05-14 12:50:00+00:00,4710.2001953125,4711.10009765625,4709.60009765625,4710.0,42
2026-05-14 12:51:00+00:00,4709.10009765625,4710.7001953125,4708.5,4710.7001953125,40
2026-05-14 12:52:00+00:00,4710.39990234375,4710.7001953125,4708.89990234375,4709.10009765625,23
2026-05-14 12:53:00+00:00,4710.0,4710.39990234375,4709.2001953125,4710.2001953125,21
2026-05-14 12:54:00+00:00,4710.39990234375,4712.0,4710.2998046875,4710.60009765625,75
2026-05-14 12:55:00+00:00,4709.89990234375,4710.89990234375,4709.7998046875,4710.2998046875,46
2026-05-14 12:56:00+00:00,4710.7001953125,4711.0,4709.7998046875,4710.2998046875,47
2026-05-14 12:57:00+00:00,4710.7998046875,4711.7998046875,4709.60009765625,4710.60009765625,84
2026-05-14 12:58:00+00:00,4711.5,4711.5,4710.5,4710.7998046875,17
2026-05-14 12:59:00+00:00,4711.7998046875,4713.2998046875,4711.60009765625,4711.60009765625,125
2026-05-14 13:00:00+00:00,4709.10009765625,4715.2001953125,4708.2998046875,4712.2001953125,202
2026-05-14 13:01:00+00:00,4707.10009765625,4709.89990234375,4706.39990234375,4709.10009765625,178
2026-05-14 13:02:00+00:00,4704.89990234375,4707.5,4703.7998046875,4706.89990234375,118
2026-05-14 13:03:00+00:00,4703.7001953125,4705.39990234375,4702.5,4704.89990234375,223
2026-05-14 13:04:00+00:00,4703.89990234375,4704.5,4702.7998046875,4703.7998046875,101
2026-05-14 13:05:00+00:00,4705.7998046875,4706.2001953125,4703.10009765625,4703.60009765625,45
2026-05-14 13:06:00+00:00,4707.2001953125,4708.2998046875,4704.7998046875,4704.7998046875,81
2026-05-14 13:07:00+00:00,4706.89990234375,4708.10009765625,4705.89990234375,4707.10009765625,52
2026-05-14 13:08:00+00:00,4709.2998046875,4709.7998046875,4707.0,4707.0,57
2026-05-14 13:09:00+00:00,4708.0,4709.10009765625,4706.89990234375,4708.60009765625,49
2026-05-14 13:10:00+00:00,4709.39990234375,4711.2001953125,4707.89990234375,4707.89990234375,138
2026-05-14 13:11:00+00:00,4709.2998046875,4709.89990234375,4708.2001953125,4709.0,36
2026-05-14 13:12:00+00:00,4710.10009765625,4710.60009765625,4709.60009765625,4709.60009765625,45
2026-05-14 13:13:00+00:00,4710.39990234375,4711.2998046875,4709.39990234375,4710.2001953125,34
2026-05-14 13:14:00+00:00,4711.2998046875,4711.7001953125,4710.5,4711.10009765625,25
2026-05-14 13:15:00+00:00,4709.0,4711.10009765625,4709.0,4710.89990234375,112
2026-05-14 13:16:00+00:00,4707.7998046875,4709.2001953125,4706.7998046875,4709.0,73
2026-05-14 13:17:00+00:00,4707.0,4707.7001953125,4706.2001953125,4707.5,60
2026-05-14 13:18:00+00:00,4700.5,4707.0,4700.5,4706.7001953125,134
2026-05-14 13:19:00+00:00,4699.7001953125,4702.7998046875,4697.89990234375,4700.2998046875,388
2026-05-14 13:20:00+00:00,4699.2001953125,4700.89990234375,4697.60009765625,4699.5,161
2026-05-14 13:21:00+00:00,4701.2001953125,4701.2998046875,4698.89990234375,4698.89990234375,103
2026-05-14 13:22:00+00:00,4698.10009765625,4701.2001953125,4696.10009765625,4700.89990234375,164
2026-05-14 13:23:00+00:00,4701.0,4701.0,4697.2001953125,4698.2998046875,134
2026-05-14 13:24:00+00:00,4701.39990234375,4701.7998046875,4700.2001953125,4701.10009765625,55
2026-05-14 13:25:00+00:00,4701.89990234375,4703.0,4700.5,4701.2001953125,99
2026-05-14 13:26:00+00:00,4701.2001953125,4703.0,4700.89990234375,4702.0,90
2026-05-14 13:27:00+00:00,4696.60009765625,4703.60009765625,4696.2001953125,4701.39990234375,119
2026-05-14 13:28:00+00:00,4697.89990234375,4698.60009765625,4696.10009765625,4697.0,108
2026-05-14 13:29:00+00:00,4694.5,4698.60009765625,4694.2001953125,4698.60009765625,247
2026-05-14 13:30:00+00:00,4692.0,4694.60009765625,4688.0,4694.60009765625,715
2026-05-14 13:31:00+00:00,4693.7001953125,4695.10009765625,4688.0,4691.5,329
2026-05-14 13:32:00+00:00,4694.60009765625,4696.0,4693.10009765625,4693.5,173
2026-05-14 13:33:00+00:00,4691.60009765625,4695.10009765625,4690.2001953125,4694.7001953125,173
2026-05-14 13:34:00+00:00,4691.10009765625,4692.60009765625,4689.39990234375,4691.60009765625,163
2026-05-14 13:35:00+00:00,4690.60009765625,4693.60009765625,4689.89990234375,4690.0,204
2026-05-14 13:36:00+00:00,4687.89990234375,4690.2998046875,4687.60009765625,4690.2998046875,195
2026-05-14 13:37:00+00:00,4687.2001953125,4689.7998046875,4686.39990234375,4687.7001953125,346
2026-05-14 13:38:00+00:00,4689.2001953125,4690.89990234375,4686.89990234375,4686.89990234375,150
2026-05-14 13:39:00+00:00,4688.7998046875,4690.7001953125,4688.10009765625,4688.7998046875,127
2026-05-14 13:40:00+00:00,4681.5,4689.5,4681.5,4689.10009765625,522
2026-05-14 13:41:00+00:00,4679.39990234375,4682.60009765625,4677.10009765625,4681.39990234375,403
2026-05-14 13:42:00+00:00,4675.2001953125,4679.60009765625,4671.2998046875,4679.39990234375,908
2026-05-14 13:43:00+00:00,4681.39990234375,4682.10009765625,4675.10009765625,4675.7001953125,442
2026-05-14 13:44:00+00:00,4682.2998046875,4683.10009765625,4677.39990234375,4681.2001953125,445
2026-05-14 13:45:00+00:00,4686.60009765625,4687.7001953125,4681.39990234375,4682.2001953125,512
2026-05-14 13:46:00+00:00,4690.0,4690.0,4684.10009765625,4686.60009765625,423
2026-05-14 13:47:00+00:00,4691.7998046875,4694.0,4688.7001953125,4689.60009765625,341
2026-05-14 13:48:00+00:00,4691.2998046875,4693.5,4688.89990234375,4692.10009765625,333
2026-05-14 13:49:00+00:00,4695.0,4696.2998046875,4690.7998046875,4691.2998046875,424
2026-05-14 13:50:00+00:00,4692.2998046875,4696.7998046875,4692.10009765625,4695.5,427
2026-05-14 13:51:00+00:00,4691.0,4693.10009765625,4689.7001953125,4692.60009765625,338
2026-05-14 13:52:00+00:00,4688.2998046875,4690.89990234375,4686.7001953125,4690.60009765625,351
2026-05-14 13:53:00+00:00,4691.60009765625,4691.89990234375,4687.39990234375,4688.2001953125,236
2026-05-14 13:54:00+00:00,4691.0,4692.10009765625,4688.5,4691.7001953125,103
2026-05-14 13:55:00+00:00,4688.7001953125,4691.7998046875,4687.5,4691.7998046875,121
2026-05-14 13:56:00+00:00,4688.2998046875,4690.0,4687.0,4688.89990234375,127
2026-05-14 13:57:00+00:00,4687.0,4689.0,4685.89990234375,4688.2998046875,268
2026-05-14 13:58:00+00:00,4690.89990234375,4692.7998046875,4686.0,4686.7998046875,307
2026-05-14 13:59:00+00:00,4685.2001953125,4691.89990234375,4684.7998046875,4690.89990234375,268
2026-05-14 14:00:00+00:00,4689.2001953125,4689.60009765625,4683.0,4685.0,385
2026-05-14 14:01:00+00:00,4692.0,4694.39990234375,4688.5,4688.7998046875,273
2026-05-14 14:02:00+00:00,4694.2001953125,4695.2998046875,4691.7998046875,4691.7998046875,154
2026-05-14 14:03:00+00:00,4691.39990234375,4695.0,4691.2001953125,4694.10009765625,306
2026-05-14 14:04:00+00:00,4691.7001953125,4693.10009765625,4688.5,4691.89990234375,485
2026-05-14 14:05:00+00:00,4690.5,4692.5,4688.60009765625,4692.0,243
2026-05-14 14:06:00+00:00,4689.2001953125,4691.39990234375,4688.89990234375,4690.60009765625,168
2026-05-14 14:07:00+00:00,4690.89990234375,4692.5,4688.7001953125,4689.39990234375,329
2026-05-14 14:08:00+00:00,4689.2001953125,4690.7998046875,4686.39990234375,4690.5,236
2026-05-14 14:09:00+00:00,4691.5,4692.89990234375,4688.39990234375,4689.10009765625,169
2026-05-14 14:10:00+00:00,4693.2001953125,4693.5,4691.2001953125,4691.60009765625,119
2026-05-14 14:11:00+00:00,4693.7001953125,4694.2001953125,4692.2998046875,4693.2001953125,73
2026-05-14 14:12:00+00:00,4696.0,4696.2998046875,4693.0,4693.5,155
2026-05-14 14:13:00+00:00,4693.0,4696.39990234375,4691.60009765625,4695.89990234375,169
2026-05-14 14:14:00+00:00,4694.2998046875,4694.2998046875,4692.5,4692.7998046875,68
2026-05-14 14:15:00+00:00,4695.39990234375,4695.39990234375,4692.7998046875,4694.0,67
2026-05-14 14:16:00+00:00,4698.5,4698.5,4694.7001953125,4695.39990234375,212
2026-05-14 14:17:00+00:00,4699.2001953125,4701.60009765625,4697.7998046875,4698.2998046875,292
2026-05-14 14:18:00+00:00,4699.5,4700.39990234375,4698.2998046875,4699.39990234375,414
2026-05-14 14:19:00+00:00,4700.89990234375,4701.39990234375,4699.2001953125,4699.7001953125,123
2026-05-14 14:20:00+00:00,4704.10009765625,4706.2001953125,4700.39990234375,4700.5,978
2026-05-14 14:21:00+00:00,4705.89990234375,4706.7001953125,4703.60009765625,4703.7998046875,274
2026-05-14 14:22:00+00:00,4704.7001953125,4707.2998046875,4703.5,4706.0,152
2026-05-14 14:23:00+00:00,4702.39990234375,4705.5,4702.0,4704.7001953125,169
2026-05-14 14:24:00+00:00,4701.0,4702.60009765625,4699.5,4702.60009765625,200
2026-05-14 14:25:00+00:00,4695.2001953125,4701.0,4695.2001953125,4701.0,521
2026-05-14 14:26:00+00:00,4697.5,4697.7001953125,4694.39990234375,4695.5,175
2026-05-14 14:27:00+00:00,4696.0,4697.7001953125,4695.39990234375,4697.2998046875,118
2026-05-14 14:28:00+00:00,4697.89990234375,4698.39990234375,4695.2001953125,4695.7998046875,71
2026-05-14 14:29:00+00:00,4697.7001953125,4697.89990234375,4695.39990234375,4697.7998046875,59
2026-05-14 14:30:00+00:00,4695.7001953125,4698.39990234375,4695.7001953125,4697.7001953125,69
2026-05-14 14:31:00+00:00,4697.0,4698.5,4695.7001953125,4695.89990234375,64
2026-05-14 14:32:00+00:00,4695.39990234375,4697.89990234375,4695.39990234375,4697.5,50
2026-05-14 14:33:00+00:00,4694.0,4695.60009765625,4693.89990234375,4695.5,132
2026-05-14 14:34:00+00:00,4694.39990234375,4695.0,4693.5,4693.7998046875,67
2026-05-14 14:35:00+00:00,4695.2001953125,4695.2998046875,4692.5,4694.5,117
2026-05-14 14:36:00+00:00,4694.39990234375,4695.2998046875,4693.2998046875,4695.2998046875,47
2026-05-14 14:37:00+00:00,4696.2001953125,4696.2001953125,4693.7998046875,4694.7998046875,78
2026-05-14 14:38:00+00:00,4694.7998046875,4697.10009765625,4694.5,4696.10009765625,52
2026-05-14 14:39:00+00:00,4695.7001953125,4696.0,4693.7001953125,4694.10009765625,67
2026-05-14 14:40:00+00:00,4696.7001953125,4696.7998046875,4694.89990234375,4696.0,51
2026-05-14 14:41:00+00:00,4697.5,4698.5,4696.7001953125,4696.7001953125,45
2026-05-14 14:42:00+00:00,4696.10009765625,4698.7998046875,4696.10009765625,4697.5,57
2026-05-14 14:43:00+00:00,4693.2001953125,4696.5,4693.0,4696.0,59
2026-05-14 14:44:00+00:00,4693.2998046875,4694.2001953125,4692.5,4692.7998046875,38
2026-05-14 14:45:00+00:00,4693.7001953125,4695.39990234375,4692.7001953125,4693.0,71
2026-05-14 14:46:00+00:00,4691.5,4694.5,4690.89990234375,4693.89990234375,107
2026-05-14 14:47:00+00:00,4693.39990234375,4694.2001953125,4691.60009765625,4691.7998046875,46
2026-05-14 14:48:00+00:00,4693.0,4694.10009765625,4692.7001953125,4693.0,27
2026-05-14 14:49:00+00:00,4693.5,4693.5,4691.10009765625,4692.89990234375,58
2026-05-14 14:50:00+00:00,4696.2001953125,4696.2001953125,4692.89990234375,4693.2001953125,101
2026-05-14 14:51:00+00:00,4696.39990234375,4696.5,4693.7998046875,4695.89990234375,167
2026-05-14 14:52:00+00:00,4693.60009765625,4696.60009765625,4692.7998046875,4696.2998046875,66
2026-05-14 14:53:00+00:00,4692.5,4694.0,4692.2001953125,4693.39990234375,48
2026-05-14 14:54:00+00:00,4691.5,4692.5,4688.89990234375,4692.5,136
2026-05-14 14:55:00+00:00,4694.0,4694.39990234375,4690.60009765625,4691.7001953125,86
2026-05-14 14:56:00+00:00,4692.39990234375,4694.60009765625,4691.7001953125,4694.39990234375,71
2026-05-14 14:57:00+00:00,4691.0,4694.2998046875,4690.7001953125,4692.60009765625,45
2026-05-14 14:58:00+00:00,4692.2001953125,4693.0,4690.60009765625,4690.89990234375,74
2026-05-14 14:59:00+00:00,4685.7001953125,4691.5,4685.2998046875,4691.5,198
2026-05-14 15:00:00+00:00,4685.2998046875,4685.7998046875,4683.60009765625,4685.60009765625,277
2026-05-14 15:01:00+00:00,4688.0,4688.0,4684.60009765625,4685.5,136
2026-05-14 15:02:00+00:00,4687.2998046875,4688.7001953125,4686.2998046875,4687.89990234375,112
2026-05-14 15:03:00+00:00,4685.89990234375,4687.89990234375,4685.7001953125,4687.2998046875,45
2026-05-14 15:04:00+00:00,4684.2001953125,4686.0,4683.0,4685.89990234375,110
2026-05-14 15:05:00+00:00,4686.0,4686.89990234375,4684.10009765625,4684.10009765625,98
2026-05-14 15:06:00+00:00,4689.0,4689.0,4685.60009765625,4686.10009765625,129
2026-05-14 15:07:00+00:00,4687.7001953125,4689.2998046875,4687.2001953125,4689.2998046875,56
2026-05-14 15:08:00+00:00,4687.7998046875,4689.39990234375,4687.2998046875,4687.60009765625,73
2026-05-14 15:09:00+00:00,4689.2001953125,4689.5,4687.0,4687.39990234375,44
2026-05-14 15:10:00+00:00,4690.2001953125,4691.39990234375,4688.2998046875,4689.60009765625,113
2026-05-14 15:11:00+00:00,4690.60009765625,4690.60009765625,4688.5,4690.0,108
2026-05-14 15:12:00+00:00,4690.10009765625,4691.0,4689.60009765625,4690.5,34
2026-05-14 15:13:00+00:00,4691.7998046875,4692.0,4690.0,4690.0,37
2026-05-14 15:14:00+00:00,4690.7001953125,4692.7998046875,4690.5,4691.89990234375,73
2026-05-14 15:15:00+00:00,4692.10009765625,4693.0,4690.2001953125,4690.7998046875,73
2026-05-14 15:16:00+00:00,4693.10009765625,4693.39990234375,4692.0,4692.2001953125,76
2026-05-14 15:17:00+00:00,4693.0,4693.0,4691.7001953125,4692.60009765625,29
2026-05-14 15:18:00+00:00,4694.2998046875,4695.5,4692.60009765625,4693.2998046875,75
2026-05-14 15:19:00+00:00,4693.5,4694.89990234375,4693.5,4694.7001953125,97
2026-05-14 15:20:00+00:00,4692.7001953125,4694.0,4692.60009765625,4693.5,49
2026-05-14 15:21:00+00:00,4691.89990234375,4693.0,4691.10009765625,4692.39990234375,80
2026-05-14 15:22:00+00:00,4690.5,4692.0,4690.5,4692.0,51
2026-05-14 15:23:00+00:00,4691.0,4692.0,4690.5,4690.7998046875,85
2026-05-14 15:24:00+00:00,4692.0,4692.10009765625,4690.7998046875,4690.7998046875,20
2026-05-14 15:25:00+00:00,4693.89990234375,4694.2998046875,4691.60009765625,4692.10009765625,67
2026-05-14 15:26:00+00:00,4694.60009765625,4694.60009765625,4692.89990234375,4693.7998046875,168
2026-05-14 15:27:00+00:00,4694.0,4695.7998046875,4694.0,4694.39990234375,54
2026-05-14 15:28:00+00:00,4692.89990234375,4695.0,4692.89990234375,4694.39990234375,59
2026-05-14 15:29:00+00:00,4692.0,4693.2001953125,4692.0,4693.0,26
2026-05-14 15:30:00+00:00,4692.89990234375,4693.2998046875,4690.7998046875,4691.7998046875,100
2026-05-14 15:31:00+00:00,4692.0,4693.0,4692.0,4692.60009765625,38
2026-05-14 15:32:00+00:00,4691.7998046875,4692.10009765625,4691.5,4691.7001953125,16
2026-05-14 15:33:00+00:00,4692.7998046875,4694.5,4691.39990234375,4691.7001953125,127
2026-05-14 15:34:00+00:00,4694.7001953125,4695.10009765625,4693.0,4693.0,34
2026-05-14 15:35:00+00:00,4694.5,4695.2001953125,4693.7001953125,4694.89990234375,49
2026-05-14 15:36:00+00:00,4694.2998046875,4694.7001953125,4693.2998046875,4694.2001953125,48
2026-05-14 15:37:00+00:00,4692.39990234375,4695.0,4692.39990234375,4694.5,55
2026-05-14 15:38:00+00:00,4691.7001953125,4693.5,4691.7001953125,4692.7001953125,89
2026-05-14 15:39:00+00:00,4692.7001953125,4692.7001953125,4691.2001953125,4691.5,35
2026-05-14 15:40:00+00:00,4690.89990234375,4693.39990234375,4690.5,4692.60009765625,50
2026-05-14 15:41:00+00:00,4689.7001953125,4691.7001953125,4689.7001953125,4691.0,123
2026-05-14 15:42:00+00:00,4689.0,4689.39990234375,4688.10009765625,4689.2001953125,55
2026-05-14 15:43:00+00:00,4688.2998046875,4689.0,4687.10009765625,4689.0,62
2026-05-14 15:44:00+00:00,4688.60009765625,4689.39990234375,4687.7001953125,4688.39990234375,147
2026-05-14 15:45:00+00:00,4687.7998046875,4688.7998046875,4686.7001953125,4688.5,97
2026-05-14 15:46:00+00:00,4687.7001953125,4688.60009765625,4687.60009765625,4687.7001953125,80
2026-05-14 15:47:00+00:00,4687.60009765625,4687.89990234375,4687.10009765625,4687.60009765625,37
2026-05-14 15:48:00+00:00,4687.7998046875,4688.7001953125,4687.7001953125,4687.7001953125,107
2026-05-14 15:49:00+00:00,4689.39990234375,4689.5,4687.60009765625,4687.60009765625,60
2026-05-14 15:50:00+00:00,4689.7998046875,4689.89990234375,4687.2001953125,4689.7001953125,100
2026-05-14 15:51:00+00:00,4689.60009765625,4690.2998046875,4689.2001953125,4690.0,36
2026-05-14 15:52:00+00:00,4689.7998046875,4690.7998046875,4689.2001953125,4689.2001953125,28
2026-05-14 15:53:00+00:00,4690.7001953125,4690.7001953125,4689.7001953125,4689.7998046875,12
2026-05-14 15:54:00+00:00,4690.60009765625,4691.10009765625,4690.0,4690.7998046875,25
2026-05-14 15:55:00+00:00,4690.0,4691.60009765625,4689.60009765625,4690.7998046875,62
2026-05-14 15:56:00+00:00,4691.89990234375,4692.5,4690.0,4690.39990234375,59
2026-05-14 15:57:00+00:00,4691.7001953125,4693.0,4691.39990234375,4691.7001953125,99
2026-05-14 15:58:00+00:00,4691.89990234375,4692.39990234375,4691.2998046875,4691.89990234375,49
2026-05-14 15:59:00+00:00,4691.89990234375,4692.2001953125,4691.39990234375,4691.89990234375,47
2026-05-14 16:00:00+00:00,4690.60009765625,4693.5,4690.0,4692.10009765625,112
2026-05-14 16:01:00+00:00,4690.10009765625,4691.89990234375,4690.10009765625,4691.0,73
2026-05-14 16:02:00+00:00,4687.7998046875,4690.39990234375,4687.7001953125,4690.2998046875,64
2026-05-14 16:03:00+00:00,4686.39990234375,4688.7001953125,4685.60009765625,4688.10009765625,177
2026-05-14 16:04:00+00:00,4685.0,4686.5,4684.39990234375,4686.5,114
2026-05-14 16:05:00+00:00,4684.7001953125,4685.60009765625,4681.89990234375,4684.89990234375,198
2026-05-14 16:06:00+00:00,4683.39990234375,4684.89990234375,4683.0,4684.89990234375,62
2026-05-14 16:07:00+00:00,4681.2998046875,4683.10009765625,4680.89990234375,4683.10009765625,139
2026-05-14 16:08:00+00:00,4682.10009765625,4682.5,4680.60009765625,4681.0,209
2026-05-14 16:09:00+00:00,4683.5,4684.39990234375,4681.39990234375,4682.10009765625,125
2026-05-14 16:10:00+00:00,4682.10009765625,4683.5,4680.2998046875,4683.5,102
2026-05-14 16:11:00+00:00,4682.7998046875,4683.0,4681.5,4682.7998046875,52
2026-05-14 16:12:00+00:00,4683.5,4684.7998046875,4682.7998046875,4682.89990234375,106
2026-05-14 16:13:00+00:00,4684.60009765625,4685.60009765625,4683.5,4684.0,143
2026-05-14 16:14:00+00:00,4685.10009765625,4685.7001953125,4684.2998046875,4684.2998046875,64
2026-05-14 16:15:00+00:00,4686.7001953125,4686.7998046875,4684.7001953125,4684.7001953125,45
2026-05-14 16:16:00+00:00,4685.89990234375,4687.0,4685.39990234375,4687.0,50
2026-05-14 16:17:00+00:00,4685.89990234375,4686.39990234375,4685.7998046875,4686.0,13
2026-05-14 16:18:00+00:00,4687.39990234375,4687.60009765625,4686.2001953125,4686.2001953125,154
2026-05-14 16:19:00+00:00,4686.2001953125,4687.10009765625,4685.7998046875,4687.10009765625,35
2026-05-14 16:20:00+00:00,4684.89990234375,4686.2998046875,4684.60009765625,4686.0,39
2026-05-14 16:21:00+00:00,4686.39990234375,4686.7001953125,4684.89990234375,4684.89990234375,52
2026-05-14 16:22:00+00:00,4684.2001953125,4686.39990234375,4683.2001953125,4686.39990234375,69
2026-05-14 16:23:00+00:00,4684.0,4684.7998046875,4683.7001953125,4684.39990234375,39
2026-05-14 16:24:00+00:00,4683.7001953125,4684.60009765625,4683.7001953125,4683.7998046875,156
2026-05-14 16:25:00+00:00,4682.2998046875,4684.0,4682.2001953125,4683.89990234375,72
2026-05-14 16:26:00+00:00,4682.2001953125,4682.89990234375,4681.5,4682.39990234375,89
2026-05-14 16:27:00+00:00,4683.7001953125,4683.89990234375,4681.2998046875,4682.0,90
2026-05-14 16:28:00+00:00,4682.7998046875,4683.60009765625,4681.7998046875,4683.5,65
2026-05-14 16:29:00+00:00,4683.2001953125,4683.5,4681.89990234375,4682.7998046875,52
2026-05-14 16:30:00+00:00,4682.2001953125,4684.5,4682.2001953125,4683.5,52
2026-05-14 16:31:00+00:00,4682.89990234375,4683.60009765625,4682.0,4682.0,80
2026-05-14 16:32:00+00:00,4683.2998046875,4684.2998046875,4682.5,4683.0,105
2026-05-14 16:33:00+00:00,4680.7001953125,4683.5,4679.7001953125,4683.10009765625,77
2026-05-14 16:34:00+00:00,4680.2001953125,4680.7998046875,4679.7001953125,4680.5,58
2026-05-14 16:35:00+00:00,4677.7998046875,4681.0,4677.2998046875,4680.10009765625,281
2026-05-14 16:36:00+00:00,4678.10009765625,4678.39990234375,4676.10009765625,4677.7001953125,209
2026-05-14 16:37:00+00:00,4677.89990234375,4679.10009765625,4677.0,4677.7998046875,134
2026-05-14 16:38:00+00:00,4680.7998046875,4680.7998046875,4678.0,4678.0,118
2026-05-14 16:39:00+00:00,4678.2998046875,4681.10009765625,4678.0,4680.5,94
2026-05-14 16:40:00+00:00,4678.7998046875,4679.7998046875,4678.60009765625,4679.0,63
2026-05-14 16:41:00+00:00,4681.60009765625,4681.60009765625,4678.7998046875,4678.7998046875,87
2026-05-14 16:42:00+00:00,4681.2998046875,4682.2001953125,4680.5,4681.89990234375,64
2026-05-14 16:43:00+00:00,4681.7998046875,4681.7998046875,4680.5,4681.0,76
2026-05-14 16:44:00+00:00,4681.5,4681.60009765625,4680.5,4681.39990234375,50
2026-05-14 16:45:00+00:00,4680.10009765625,4682.2001953125,4678.5,4681.60009765625,113
2026-05-14 16:46:00+00:00,4680.39990234375,4680.60009765625,4679.2001953125,4679.7998046875,33
2026-05-14 16:47:00+00:00,4682.2998046875,4682.5,4680.89990234375,4680.89990234375,45
2026-05-14 16:48:00+00:00,4682.5,4682.89990234375,4681.39990234375,4682.2001953125,52
2026-05-14 16:49:00+00:00,4682.39990234375,4682.7998046875,4681.7998046875,4682.60009765625,30
2026-05-14 16:50:00+00:00,4681.60009765625,4682.10009765625,4681.39990234375,4682.10009765625,31
2026-05-14 16:51:00+00:00,4682.2001953125,4683.0,4681.60009765625,4681.89990234375,39
2026-05-14 16:52:00+00:00,4682.89990234375,4682.89990234375,4681.60009765625,4682.5,11
2026-05-14 16:53:00+00:00,4684.7998046875,4684.7998046875,4682.7001953125,4682.7001953125,86
2026-05-14 16:54:00+00:00,4683.7001953125,4684.7001953125,4683.5,4684.2001953125,78
2026-05-14 16:55:00+00:00,4683.89990234375,4684.5,4683.10009765625,4683.10009765625,80
2026-05-14 16:56:00+00:00,4682.10009765625,4684.10009765625,4681.2001953125,4684.10009765625,75
2026-05-14 16:57:00+00:00,4683.10009765625,4683.7001953125,4682.60009765625,4682.60009765625,62
2026-05-14 16:58:00+00:00,4684.0,4684.0,4682.89990234375,4683.2001953125,21
2026-05-14 16:59:00+00:00,4684.7998046875,4685.39990234375,4683.7001953125,4683.7998046875,60
2026-05-14 17:00:00+00:00,4686.7998046875,4687.10009765625,4684.39990234375,4684.39990234375,225
2026-05-14 17:01:00+00:00,4685.5,4687.2998046875,4684.89990234375,4687.0,116
2026-05-14 17:02:00+00:00,4685.60009765625,4686.7001953125,4685.2001953125,4685.5,45
2026-05-14 17:03:00+00:00,4687.39990234375,4689.60009765625,4685.5,4685.89990234375,245
2026-05-14 17:04:00+00:00,4687.2998046875,4687.7001953125,4686.5,4687.2998046875,118
2026-05-14 17:05:00+00:00,4688.60009765625,4688.89990234375,4687.5,4687.5,75
2026-05-14 17:06:00+00:00,4688.2001953125,4688.7998046875,4687.2998046875,4688.60009765625,65
2026-05-14 17:07:00+00:00,4687.2998046875,4688.7001953125,4687.10009765625,4688.39990234375,115
2026-05-14 17:08:00+00:00,4687.2998046875,4688.2998046875,4687.10009765625,4687.5,36
2026-05-14 17:09:00+00:00,4686.5,4687.7998046875,4686.2001953125,4687.39990234375,53
2026-05-14 17:10:00+00:00,4686.2001953125,4686.7001953125,4685.39990234375,4686.2998046875,54
2026-05-14 17:11:00+00:00,4687.0,4687.39990234375,4685.7001953125,4685.7998046875,19
2026-05-14 17:12:00+00:00,4685.89990234375,4687.0,4685.39990234375,4686.7998046875,32
2026-05-14 17:13:00+00:00,4685.60009765625,4686.60009765625,4685.60009765625,4685.89990234375,19
2026-05-14 17:14:00+00:00,4684.89990234375,4686.10009765625,4684.7998046875,4685.7998046875,233
2026-05-14 17:15:00+00:00,4685.7998046875,4686.60009765625,4684.2998046875,4684.7998046875,69
2026-05-14 17:16:00+00:00,4686.5,4687.10009765625,4685.60009765625,4686.2001953125,62
2026-05-14 17:17:00+00:00,4687.0,4687.10009765625,4685.7001953125,4686.2001953125,40
2026-05-14 17:18:00+00:00,4685.7998046875,4686.7001953125,4685.5,4686.7001953125,96
2026-05-14 17:19:00+00:00,4686.10009765625,4687.10009765625,4685.89990234375,4685.89990234375,233
2026-05-14 17:20:00+00:00,4687.2998046875,4687.2998046875,4685.7001953125,4686.10009765625,33
2026-05-14 17:21:00+00:00,4688.5,4689.2998046875,4687.5,4687.5,71
2026-05-14 17:22:00+00:00,4688.7001953125,4688.89990234375,4687.7001953125,4688.10009765625,52
2026-05-14 17:23:00+00:00,4688.39990234375,4688.7001953125,4687.2998046875,4688.7001953125,45
2026-05-14 17:24:00+00:00,4687.2001953125,4688.5,4686.89990234375,4688.10009765625,180
2026-05-14 17:25:00+00:00,4687.5,4687.5,4686.39990234375,4686.89990234375,214
2026-05-14 17:26:00+00:00,4687.60009765625,4688.60009765625,4686.39990234375,4687.5,104
2026-05-14 17:27:00+00:00,4687.7998046875,4688.2998046875,4686.7001953125,4687.60009765625,90
2026-05-14 17:28:00+00:00,4687.7998046875,4688.60009765625,4687.10009765625,4687.5,104
2026-05-14 17:29:00+00:00,4683.60009765625,4688.2001953125,4683.10009765625,4688.0,1290
2026-05-14 17:30:00+00:00,4683.10009765625,4685.2998046875,4683.0,4683.7001953125,134
2026-05-14 17:31:00+00:00,4683.2998046875,4684.5,4682.7001953125,4683.10009765625,74
2026-05-14 17:32:00+00:00,4682.89990234375,4684.39990234375,4682.89990234375,4683.2998046875,51
2026-05-14 17:33:00+00:00,4683.7001953125,4685.0,4683.2001953125,4683.2001953125,37
2026-05-14 17:34:00+00:00,4685.2998046875,4685.39990234375,4684.39990234375,4684.60009765625,50
2026-05-14 17:35:00+00:00,4685.7001953125,4685.7001953125,4684.7001953125,4685.39990234375,358
2026-05-14 17:36:00+00:00,4685.2998046875,4686.10009765625,4685.0,4685.7998046875,22
2026-05-14 17:37:00+00:00,4685.0,4686.10009765625,4684.60009765625,4686.0,23
2026-05-14 17:38:00+00:00,4685.89990234375,4685.89990234375,4684.89990234375,4684.89990234375,19
2026-05-14 17:39:00+00:00,4684.89990234375,4685.5,4684.7998046875,4685.5,29
2026-05-14 17:40:00+00:00,4686.0,4686.0,4685.2998046875,4685.2998046875,38
2026-05-14 17:41:00+00:00,4685.7001953125,4686.5,4685.5,4686.2001953125,8
2026-05-14 17:42:00+00:00,4687.39990234375,4687.5,4686.0,4686.0,53
2026-05-14 17:43:00+00:00,4687.5,4687.5,4686.89990234375,4687.5,9
2026-05-14 17:44:00+00:00,4687.7001953125,4687.7001953125,4686.7998046875,4687.2001953125,15
2026-05-14 17:45:00+00:00,4686.2001953125,4687.39990234375,4686.2001953125,4687.39990234375,35
2026-05-14 17:46:00+00:00,4687.89990234375,4687.89990234375,4686.5,4686.60009765625,37
2026-05-14 17:47:00+00:00,4686.2998046875,4687.7001953125,4686.2001953125,4687.7001953125,18
2026-05-14 17:48:00+00:00,4686.7998046875,4686.89990234375,4686.0,4686.39990234375,24
2026-05-14 17:49:00+00:00,4686.89990234375,4687.2998046875,4686.7998046875,4687.0,34
2026-05-14 17:50:00+00:00,4685.7998046875,4687.5,4685.7001953125,4687.2998046875,28
2026-05-14 17:51:00+00:00,4686.2001953125,4686.2998046875,4685.7998046875,4685.89990234375,114
2026-05-14 17:52:00+00:00,4685.39990234375,4685.89990234375,4685.10009765625,4685.89990234375,15
2026-05-14 17:53:00+00:00,4686.2001953125,4686.2001953125,4685.7998046875,4685.89990234375,6
2026-05-14 17:54:00+00:00,4684.0,4686.0,4684.0,4685.7998046875,80
2026-05-14 17:55:00+00:00,4685.2001953125,4685.2998046875,4684.10009765625,4684.2998046875,15
2026-05-14 17:56:00+00:00,4684.10009765625,4685.2998046875,4684.0,4685.2001953125,19
2026-05-14 17:57:00+00:00,4685.0,4685.0,4684.10009765625,4684.2001953125,26
2026-05-14 17:58:00+00:00,4683.89990234375,4684.89990234375,4683.89990234375,4684.89990234375,14
2026-05-14 17:59:00+00:00,4684.2001953125,4684.39990234375,4683.7998046875,4683.7998046875,27
2026-05-14 18:00:00+00:00,4681.7998046875,4684.5,4681.5,4684.5,157
2026-05-14 18:01:00+00:00,4678.2001953125,4681.89990234375,4678.0,4681.5,422
2026-05-14 18:02:00+00:00,4679.5,4680.5,4678.2998046875,4678.2998046875,48
2026-05-14 18:03:00+00:00,4676.7001953125,4678.89990234375,4675.60009765625,4678.89990234375,185
2026-05-14 18:04:00+00:00,4676.10009765625,4677.0,4674.5,4676.89990234375,300
2026-05-14 18:05:00+00:00,4675.2998046875,4676.5,4675.0,4675.60009765625,107
2026-05-14 18:06:00+00:00,4678.2998046875,4678.7998046875,4674.89990234375,4675.2998046875,141
2026-05-14 18:07:00+00:00,4678.7998046875,4678.7998046875,4677.5,4678.2001953125,82
2026-05-14 18:08:00+00:00,4679.5,4680.2001953125,4678.60009765625,4678.7001953125,43
2026-05-14 18:09:00+00:00,4678.0,4679.5,4677.7001953125,4679.5,165
2026-05-14 18:10:00+00:00,4678.39990234375,4679.0,4677.7001953125,4677.7001953125,20
2026-05-14 18:11:00+00:00,4678.10009765625,4679.60009765625,4677.5,4678.2001953125,142
2026-05-14 18:12:00+00:00,4678.0,4678.2998046875,4677.7001953125,4678.0,12
2026-05-14 18:13:00+00:00,4678.60009765625,4679.0,4677.89990234375,4677.89990234375,32
2026-05-14 18:14:00+00:00,4680.5,4680.5,4679.0,4679.0,73
2026-05-14 18:15:00+00:00,4680.60009765625,4680.60009765625,4679.7998046875,4680.39990234375,35
2026-05-14 18:16:00+00:00,4680.2998046875,4681.2001953125,4680.2998046875,4680.7998046875,89
2026-05-14 18:17:00+00:00,4680.7001953125,4681.10009765625,4680.5,4680.7001953125,16
2026-05-14 18:18:00+00:00,4680.5,4681.10009765625,4680.2001953125,4680.89990234375,25
2026-05-14 18:19:00+00:00,4681.5,4681.89990234375,4680.60009765625,4680.60009765625,42
2026-05-14 18:20:00+00:00,4681.89990234375,4682.2001953125,4681.5,4681.7998046875,17
2026-05-14 18:21:00+00:00,4681.60009765625,4682.2998046875,4681.0,4682.10009765625,173
2026-05-14 18:22:00+00:00,4681.39990234375,4681.39990234375,4680.89990234375,4681.2998046875,132
2026-05-14 18:23:00+00:00,4680.5,4681.2998046875,4680.0,4681.2998046875,129
2026-05-14 18:24:00+00:00,4680.60009765625,4681.39990234375,4680.60009765625,4680.60009765625,22
2026-05-14 18:25:00+00:00,4681.0,4681.0,4680.2998046875,4680.89990234375,15
2026-05-14 18:26:00+00:00,4681.2001953125,4681.7001953125,4680.7998046875,4681.10009765625,23
2026-05-14 18:27:00+00:00,4680.0,4681.60009765625,4680.0,4681.39990234375,22
2026-05-14 18:28:00+00:00,4679.10009765625,4679.89990234375,4678.7998046875,4679.89990234375,29
2026-05-14 18:29:00+00:00,4679.2998046875,4679.7001953125,4679.10009765625,4679.10009765625,9
2026-05-14 18:30:00+00:00,4679.7001953125,4680.60009765625,4679.2998046875,4679.5,39
2026-05-14 18:31:00+00:00,4679.7001953125,4680.0,4679.0,4679.10009765625,8
2026-05-14 18:32:00+00:00,4679.39990234375,4680.0,4679.39990234375,4679.7998046875,14
2026-05-14 18:33:00+00:00,4678.60009765625,4679.7998046875,4678.5,4679.5,29
2026-05-14 18:34:00+00:00,4678.5,4679.39990234375,4678.5,4678.7001953125,19
2026-05-14 18:35:00+00:00,4679.2998046875,4679.5,4678.60009765625,4678.7998046875,23
2026-05-14 18:36:00+00:00,4678.0,4679.2998046875,4678.0,4679.2998046875,34
2026-05-14 18:37:00+00:00,4677.60009765625,4678.0,4676.89990234375,4677.89990234375,45
2026-05-14 18:38:00+00:00,4677.5,4678.0,4676.89990234375,4677.2001953125,40
2026-05-14 18:39:00+00:00,4676.10009765625,4677.2001953125,4676.10009765625,4677.10009765625,43
2026-05-14 18:40:00+00:00,4675.39990234375,4676.60009765625,4675.39990234375,4675.89990234375,55
2026-05-14 18:41:00+00:00,4676.39990234375,4676.7998046875,4675.10009765625,4675.2001953125,46
2026-05-14 18:42:00+00:00,4676.89990234375,4677.60009765625,4676.2998046875,4676.5,36
2026-05-14 18:43:00+00:00,4675.10009765625,4676.60009765625,4674.2001953125,4676.60009765625,143
2026-05-14 18:44:00+00:00,4674.2998046875,4675.39990234375,4674.2998046875,4675.10009765625,50
2026-05-14 18:45:00+00:00,4673.7001953125,4674.60009765625,4672.5,4674.5,133
2026-05-14 18:46:00+00:00,4673.89990234375,4674.5,4673.39990234375,4673.7001953125,67
2026-05-14 18:47:00+00:00,4675.2998046875,4675.7001953125,4673.60009765625,4673.7001953125,57
2026-05-14 18:48:00+00:00,4675.2998046875,4675.7998046875,4674.89990234375,4675.2998046875,23
2026-05-14 18:49:00+00:00,4675.5,4675.5,4674.39990234375,4675.2001953125,20
2026-05-14 18:50:00+00:00,4675.89990234375,4675.89990234375,4675.2001953125,4675.39990234375,27
2026-05-14 18:51:00+00:00,4675.10009765625,4676.10009765625,4675.10009765625,4676.0,18
2026-05-14 18:52:00+00:00,4675.10009765625,4675.2998046875,4674.7998046875,4674.89990234375,24
2026-05-14 18:53:00+00:00,4674.7998046875,4675.2001953125,4674.2001953125,4675.2001953125,31
2026-05-14 18:54:00+00:00,4674.0,4675.0,4674.0,4675.0,14
2026-05-14 18:55:00+00:00,4675.60009765625,4676.10009765625,4673.7998046875,4674.0,48
2026-05-14 18:56:00+00:00,4675.2998046875,4675.7998046875,4675.2001953125,4675.7001953125,16
2026-05-14 18:57:00+00:00,4675.0,4675.2998046875,4674.39990234375,4675.0,25
2026-05-14 18:58:00+00:00,4676.60009765625,4677.0,4674.7998046875,4674.7998046875,81
2026-05-14 18:59:00+00:00,4677.2998046875,4677.5,4676.7001953125,4676.7001953125,22
2026-05-14 19:00:00+00:00,4676.39990234375,4677.39990234375,4675.60009765625,4677.39990234375,62
2026-05-14 19:01:00+00:00,4676.10009765625,4677.2001953125,4675.89990234375,4677.0,44
2026-05-14 19:02:00+00:00,4675.7001953125,4676.5,4675.7001953125,4676.2001953125,24
2026-05-14 19:03:00+00:00,4674.7998046875,4675.5,4674.2998046875,4675.5,41
2026-05-14 19:04:00+00:00,4674.60009765625,4675.10009765625,4673.89990234375,4674.7998046875,43
2026-05-14 19:05:00+00:00,4673.10009765625,4674.7998046875,4673.10009765625,4674.39990234375,30
2026-05-14 19:06:00+00:00,4673.2001953125,4673.2998046875,4672.5,4673.2001953125,67
2026-05-14 19:07:00+00:00,4673.60009765625,4673.7001953125,4672.0,4673.0,129
2026-05-14 19:08:00+00:00,4674.10009765625,4674.2998046875,4673.7001953125,4673.7001953125,20
2026-05-14 19:09:00+00:00,4674.60009765625,4674.60009765625,4674.2001953125,4674.2001953125,11
2026-05-14 19:10:00+00:00,4674.2998046875,4674.7998046875,4674.2998046875,4674.7998046875,14
2026-05-14 19:11:00+00:00,4673.7998046875,4674.60009765625,4673.7998046875,4674.10009765625,32
2026-05-14 19:12:00+00:00,4674.2998046875,4674.2998046875,4673.7001953125,4674.2998046875,11
2026-05-14 19:13:00+00:00,4672.5,4674.2998046875,4672.2998046875,4674.2001953125,67
2026-05-14 19:14:00+00:00,4673.2001953125,4673.5,4672.10009765625,4672.60009765625,105
2026-05-14 19:15:00+00:00,4673.2998046875,4673.60009765625,4672.89990234375,4672.89990234375,30
2026-05-14 19:16:00+00:00,4673.39990234375,4673.60009765625,4673.10009765625,4673.5,15
2026-05-14 19:17:00+00:00,4672.5,4673.10009765625,4672.5,4673.10009765625,28
2026-05-14 19:18:00+00:00,4672.60009765625,4673.0,4672.39990234375,4672.7001953125,21
2026-05-14 19:19:00+00:00,4672.89990234375,4673.2001953125,4669.7001953125,4672.60009765625,388
2026-05-14 19:20:00+00:00,4674.2998046875,4674.5,4672.89990234375,4672.89990234375,63
2026-05-14 19:21:00+00:00,4673.2001953125,4674.0,4672.7998046875,4674.0,32
2026-05-14 19:22:00+00:00,4672.5,4673.10009765625,4672.5,4673.0,27
2026-05-14 19:23:00+00:00,4673.7001953125,4673.7001953125,4672.2001953125,4672.7001953125,79
2026-05-14 19:24:00+00:00,4673.5,4673.7001953125,4673.10009765625,4673.2998046875,18
2026-05-14 19:25:00+00:00,4674.2001953125,4674.39990234375,4673.2001953125,4673.2998046875,24
2026-05-14 19:26:00+00:00,4674.0,4674.39990234375,4674.0,4674.2998046875,16
2026-05-14 19:27:00+00:00,4673.0,4673.60009765625,4672.60009765625,4673.60009765625,43
2026-05-14 19:28:00+00:00,4672.10009765625,4673.5,4672.10009765625,4672.5,26
2026-05-14 19:29:00+00:00,4668.89990234375,4673.0,4667.60009765625,4672.0,313
2026-05-14 19:30:00+00:00,4669.5,4669.89990234375,4667.60009765625,4668.7001953125,300
2026-05-14 19:31:00+00:00,4668.89990234375,4670.0,4668.10009765625,4669.89990234375,48
2026-05-14 19:32:00+00:00,4667.2998046875,4669.60009765625,4666.89990234375,4669.2998046875,87
2026-05-14 19:33:00+00:00,4668.39990234375,4668.89990234375,4666.7998046875,4666.7998046875,71
2026-05-14 19:34:00+00:00,4670.0,4670.7998046875,4668.60009765625,4668.60009765625,234
2026-05-14 19:35:00+00:00,4669.7001953125,4669.89990234375,4668.7998046875,4669.89990234375,42
2026-05-14 19:36:00+00:00,4669.5,4670.10009765625,4669.5,4670.10009765625,13
2026-05-14 19:37:00+00:00,4667.2998046875,4669.2998046875,4667.0,4669.2001953125,66
2026-05-14 19:38:00+00:00,4665.2001953125,4667.5,4664.60009765625,4667.39990234375,223
2026-05-14 19:39:00+00:00,4664.7998046875,4665.7001953125,4664.60009765625,4665.2001953125,84
2026-05-14 19:40:00+00:00,4665.2998046875,4666.0,4664.7998046875,4664.89990234375,120
2026-05-14 19:41:00+00:00,4663.10009765625,4665.39990234375,4661.7001953125,4665.2001953125,262
2026-05-14 19:42:00+00:00,4662.60009765625,4664.2001953125,4662.10009765625,4662.89990234375,94
2026-05-14 19:43:00+00:00,4661.60009765625,4662.89990234375,4660.7998046875,4662.39990234375,111
2026-05-14 19:44:00+00:00,4662.2001953125,4662.39990234375,4661.0,4661.5,78
2026-05-14 19:45:00+00:00,4662.2001953125,4662.5,4660.0,4661.7001953125,201
2026-05-14 19:46:00+00:00,4660.2998046875,4662.7001953125,4660.10009765625,4662.10009765625,144
2026-05-14 19:47:00+00:00,4660.0,4660.60009765625,4658.60009765625,4660.2001953125,172
2026-05-14 19:48:00+00:00,4661.60009765625,4661.60009765625,4658.0,4659.7998046875,320
2026-05-14 19:49:00+00:00,4662.2998046875,4662.89990234375,4661.39990234375,4661.5,283
2026-05-14 19:50:00+00:00,4662.60009765625,4663.2998046875,4661.10009765625,4662.2001953125,118
2026-05-14 19:51:00+00:00,4661.39990234375,4663.10009765625,4661.2998046875,4662.39990234375,92
2026-05-14 19:52:00+00:00,4662.2998046875,4662.7998046875,4661.2001953125,4661.5,27
2026-05-14 19:53:00+00:00,4664.0,4664.2998046875,4662.2998046875,4662.39990234375,104
2026-05-14 19:54:00+00:00,4663.5,4663.7998046875,4662.60009765625,4663.39990234375,80
2026-05-14 19:55:00+00:00,4663.0,4663.5,4661.7998046875,4663.5,90
2026-05-14 19:56:00+00:00,4659.7998046875,4662.60009765625,4658.5,4662.60009765625,151
2026-05-14 19:57:00+00:00,4659.39990234375,4660.7001953125,4659.39990234375,4659.60009765625,57
2026-05-14 19:58:00+00:00,4659.7998046875,4660.7998046875,4659.10009765625,4659.39990234375,69
2026-05-14 19:59:00+00:00,4659.5,4660.89990234375,4659.2001953125,4659.89990234375,132
2026-05-14 20:00:00+00:00,4661.2001953125,4661.39990234375,4659.2998046875,4659.60009765625,128
2026-05-14 20:01:00+00:00,4661.2998046875,4661.7998046875,4660.7998046875,4661.5,65
2026-05-14 20:02:00+00:00,4661.2998046875,4663.0,4660.7998046875,4661.39990234375,128
2026-05-14 20:03:00+00:00,4657.39990234375,4661.39990234375,4657.2998046875,4661.39990234375,88
2026-05-14 20:04:00+00:00,4655.0,4657.7998046875,4654.5,4657.60009765625,180
2026-05-14 20:05:00+00:00,4656.0,4656.5,4654.2001953125,4654.89990234375,97
2026-05-14 20:06:00+00:00,4655.10009765625,4656.10009765625,4654.7001953125,4655.89990234375,76
2026-05-14 20:07:00+00:00,4656.7001953125,4657.0,4654.60009765625,4655.10009765625,54
2026-05-14 20:08:00+00:00,4656.60009765625,4657.0,4655.7998046875,4656.2001953125,30
2026-05-14 20:09:00+00:00,4656.89990234375,4656.89990234375,4656.5,4656.7001953125,20
2026-05-14 20:10:00+00:00,4657.5,4657.60009765625,4655.2998046875,4657.2001953125,82
2026-05-14 20:11:00+00:00,4656.60009765625,4657.60009765625,4656.60009765625,4657.5,30
2026-05-14 20:12:00+00:00,4656.39990234375,4657.60009765625,4656.10009765625,4656.7998046875,152
2026-05-14 20:13:00+00:00,4655.5,4656.7001953125,4654.5,4656.7001953125,41
2026-05-14 20:14:00+00:00,4655.2998046875,4655.89990234375,4654.7998046875,4655.2001953125,31
2026-05-14 20:15:00+00:00,4654.89990234375,4656.2001953125,4654.7998046875,4654.7998046875,19
2026-05-14 20:16:00+00:00,4653.89990234375,4655.7998046875,4653.5,4655.39990234375,42
2026-05-14 20:17:00+00:00,4654.2998046875,4655.0,4653.89990234375,4654.0,26
2026-05-14 20:18:00+00:00,4654.89990234375,4655.10009765625,4654.10009765625,4654.7998046875,37
2026-05-14 20:19:00+00:00,4654.7001953125,4654.89990234375,4654.7001953125,4654.7998046875,6
2026-05-14 20:20:00+00:00,4655.60009765625,4655.60009765625,4654.2998046875,4654.39990234375,18
2026-05-14 20:21:00+00:00,4654.2001953125,4655.60009765625,4654.2001953125,4655.60009765625,20
2026-05-14 20:22:00+00:00,4654.0,4654.2998046875,4653.2998046875,4654.2998046875,39
2026-05-14 20:23:00+00:00,4654.2998046875,4654.7001953125,4653.89990234375,4654.2998046875,48
2026-05-14 20:24:00+00:00,4653.7998046875,4654.60009765625,4653.7998046875,4654.39990234375,14
2026-05-14 20:25:00+00:00,4653.0,4653.7998046875,4651.7001953125,4653.7998046875,90
2026-05-14 20:26:00+00:00,4652.5,4652.7998046875,4652.5,4652.7998046875,18
2026-05-14 20:27:00+00:00,4653.2001953125,4653.39990234375,4652.2001953125,4652.2001953125,31
2026-05-14 20:28:00+00:00,4653.0,4653.7001953125,4652.60009765625,4653.2001953125,32
2026-05-14 20:29:00+00:00,4653.0,4653.39990234375,4653.0,4653.10009765625,25
2026-05-14 20:30:00+00:00,4652.7998046875,4653.2001953125,4652.60009765625,4653.0,12
2026-05-14 20:31:00+00:00,4652.60009765625,4653.39990234375,4652.5,4652.5,22
2026-05-14 20:32:00+00:00,4653.7001953125,4653.89990234375,4652.60009765625,4652.60009765625,36
2026-05-14 20:33:00+00:00,4653.0,4653.39990234375,4652.5,4653.2998046875,8
2026-05-14 20:34:00+00:00,4652.7001953125,4653.2998046875,4651.7998046875,4652.7998046875,41
2026-05-14 20:35:00+00:00,4652.60009765625,4653.0,4652.60009765625,4652.89990234375,13
2026-05-14 20:36:00+00:00,4652.10009765625,4652.60009765625,4651.89990234375,4652.39990234375,31
2026-05-14 20:37:00+00:00,4652.7998046875,4653.2998046875,4651.7998046875,4652.39990234375,40
2026-05-14 20:38:00+00:00,4650.89990234375,4653.2998046875,4649.2998046875,4652.7001953125,201
2026-05-14 20:39:00+00:00,4651.60009765625,4651.7001953125,4649.5,4651.0,50
2026-05-14 20:40:00+00:00,4653.0,4653.0,4650.5,4651.10009765625,33
2026-05-14 20:41:00+00:00,4656.2001953125,4656.2001953125,4653.10009765625,4653.10009765625,126
2026-05-14 20:42:00+00:00,4656.7998046875,4658.0,4655.7998046875,4656.10009765625,133
2026-05-14 20:43:00+00:00,4656.39990234375,4656.7001953125,4655.2998046875,4656.7001953125,27
2026-05-14 20:44:00+00:00,4655.7001953125,4656.89990234375,4655.2001953125,4656.5,23
2026-05-14 20:45:00+00:00,4656.39990234375,4656.7001953125,4655.7001953125,4656.10009765625,26
2026-05-14 20:46:00+00:00,4656.7001953125,4656.7001953125,4655.89990234375,4656.5,28
2026-05-14 20:47:00+00:00,4656.2001953125,4657.2001953125,4656.2001953125,4656.60009765625,19
2026-05-14 20:48:00+00:00,4655.7001953125,4657.10009765625,4655.7001953125,4656.10009765625,31
2026-05-14 20:49:00+00:00,4655.2001953125,4656.0,4655.2001953125,4655.60009765625,16
2026-05-14 20:50:00+00:00,4656.2001953125,4656.2001953125,4655.2998046875,4655.2998046875,18
2026-05-14 20:51:00+00:00,4654.2001953125,4655.89990234375,4654.2001953125,4655.7998046875,19
2026-05-14 20:52:00+00:00,4654.7001953125,4655.0,4654.2001953125,4654.2001953125,10
2026-05-14 20:53:00+00:00,4655.89990234375,4655.89990234375,4654.7001953125,4654.7001953125,12
2026-05-14 20:54:00+00:00,4656.2998046875,4656.2998046875,4655.39990234375,4656.0,29
2026-05-14 20:55:00+00:00,4657.5,4657.5,4656.39990234375,4656.39990234375,39
2026-05-14 20:56:00+00:00,4656.2998046875,4657.0,4656.2998046875,4656.7998046875,5
2026-05-14 20:57:00+00:00,4656.0,4656.7998046875,4656.0,4656.10009765625,17
2026-05-14 20:58:00+00:00,4657.2001953125,4657.5,4656.10009765625,4656.5,14
2026-05-14 20:59:00+00:00,4655.39990234375,4657.2001953125,4655.2998046875,4657.2001953125,58
2026-05-14 22:00:00+00:00,4653.2998046875,4659.39990234375,4651.0,4654.5,0
2026-05-14 22:01:00+00:00,4654.89990234375,4657.7998046875,4651.39990234375,4654.60009765625,120
2026-05-14 22:02:00+00:00,4655.10009765625,4656.0,4654.2001953125,4654.2001953125,27
2026-05-14 22:03:00+00:00,4655.2998046875,4656.2998046875,4654.89990234375,4655.10009765625,23
2026-05-14 22:04:00+00:00,4657.0,4658.39990234375,4656.10009765625,4656.10009765625,62
2026-05-14 22:05:00+00:00,4658.2998046875,4659.0,4655.7998046875,4656.60009765625,40
2026-05-14 22:06:00+00:00,4661.5,4661.7998046875,4657.89990234375,4657.89990234375,60
2026-05-14 22:07:00+00:00,4660.7998046875,4662.0,4660.2001953125,4661.2998046875,54
2026-05-14 22:08:00+00:00,4659.7998046875,4660.5,4658.39990234375,4660.39990234375,60
2026-05-14 22:09:00+00:00,4659.2001953125,4659.89990234375,4658.5,4659.89990234375,19
2026-05-14 22:10:00+00:00,4661.0,4662.60009765625,4659.7998046875,4659.7998046875,56
2026-05-14 22:11:00+00:00,4660.7998046875,4661.5,4660.2998046875,4660.60009765625,40
2026-05-14 22:12:00+00:00,4659.5,4660.7998046875,4659.39990234375,4660.39990234375,18
2026-05-14 22:13:00+00:00,4658.39990234375,4659.2998046875,4658.10009765625,4659.0,23
2026-05-14 22:14:00+00:00,4659.2998046875,4659.7998046875,4658.7001953125,4658.89990234375,39
2026-05-14 22:15:00+00:00,4661.7001953125,4661.7998046875,4659.7998046875,4659.7998046875,63
2026-05-14 22:16:00+00:00,4661.0,4662.2998046875,4661.0,4661.5,42
2026-05-14 22:17:00+00:00,4660.89990234375,4662.0,4660.89990234375,4661.5,46
2026-05-14 22:18:00+00:00,4663.7001953125,4663.7001953125,4660.2001953125,4660.2001953125,53
2026-05-14 22:19:00+00:00,4663.0,4663.60009765625,4662.5,4662.89990234375,21
2026-05-14 22:20:00+00:00,4662.60009765625,4663.5,4662.5,4663.0,48
2026-05-14 22:21:00+00:00,4662.2001953125,4663.2001953125,4662.2001953125,4663.2001953125,17
2026-05-14 22:22:00+00:00,4663.0,4663.60009765625,4662.2998046875,4662.5,18
2026-05-14 22:23:00+00:00,4661.5,4663.0,4661.2001953125,4663.0,33
2026-05-14 22:24:00+00:00,4661.89990234375,4662.2998046875,4661.39990234375,4661.89990234375,8
2026-05-14 22:25:00+00:00,4661.7001953125,4662.2998046875,4661.2001953125,4662.2998046875,23
2026-05-14 22:26:00+00:00,4662.7998046875,4662.7998046875,4661.7001953125,4662.0,16
2026-05-14 22:27:00+00:00,4662.2001953125,4663.2001953125,4661.60009765625,4662.7998046875,25
2026-05-14 22:28:00+00:00,4663.2998046875,4663.2998046875,4661.7001953125,4661.7001953125,18
2026-05-14 22:29:00+00:00,4662.89990234375,4663.2998046875,4662.89990234375,4663.0,10
2026-05-14 22:30:00+00:00,4663.5,4664.0,4662.7001953125,4663.2998046875,36
2026-05-14 22:31:00+00:00,4665.7001953125,4666.2998046875,4663.39990234375,4663.7001953125,109
2026-05-14 22:32:00+00:00,4665.7998046875,4666.39990234375,4665.5,4665.5,36
2026-05-14 22:33:00+00:00,4663.7001953125,4665.7001953125,4663.7001953125,4665.7001953125,20
2026-05-14 22:34:00+00:00,4664.7998046875,4664.7998046875,4663.0,4663.7001953125,67
2026-05-14 22:35:00+00:00,4665.39990234375,4666.0,4664.39990234375,4664.60009765625,31
2026-05-14 22:36:00+00:00,4664.2998046875,4665.2001953125,4664.10009765625,4665.2001953125,37
2026-05-14 22:37:00+00:00,4663.60009765625,4664.2001953125,4662.7998046875,4664.2001953125,29
2026-05-14 22:38:00+00:00,4663.39990234375,4664.2001953125,4663.10009765625,4664.10009765625,14
2026-05-14 22:39:00+00:00,4664.89990234375,4664.89990234375,4663.5,4663.89990234375,34
2026-05-14 22:40:00+00:00,4664.89990234375,4665.60009765625,4664.2998046875,4664.2998046875,11
2026-05-14 22:41:00+00:00,4666.0,4666.2998046875,4665.7001953125,4665.7001953125,31
2026-05-14 22:42:00+00:00,4666.39990234375,4666.60009765625,4665.89990234375,4666.5,22
2026-05-14 22:43:00+00:00,4666.0,4666.7998046875,4666.0,4666.7001953125,22
2026-05-14 22:44:00+00:00,4665.60009765625,4666.0,4665.10009765625,4665.7998046875,25
2026-05-14 22:45:00+00:00,4665.89990234375,4666.2998046875,4665.89990234375,4666.10009765625,7
2026-05-14 22:46:00+00:00,4665.39990234375,4665.60009765625,4665.2001953125,4665.60009765625,5
2026-05-14 22:47:00+00:00,4665.7001953125,4666.0,4665.2001953125,4665.39990234375,17
2026-05-14 22:48:00+00:00,4665.2998046875,4665.7998046875,4665.0,4665.7998046875,4
2026-05-14 22:49:00+00:00,4665.2998046875,4665.39990234375,4665.0,4665.0,9
2026-05-14 22:50:00+00:00,4664.5,4665.10009765625,4664.5,4665.10009765625,12
2026-05-14 22:51:00+00:00,4665.2001953125,4665.2001953125,4664.0,4664.89990234375,26
2026-05-14 22:52:00+00:00,4665.7998046875,4666.10009765625,4664.39990234375,4664.89990234375,18
2026-05-14 22:53:00+00:00,4665.2998046875,4665.89990234375,4664.7998046875,4665.39990234375,32
2026-05-14 22:54:00+00:00,4666.7998046875,4667.0,4665.39990234375,4665.39990234375,40
2026-05-14 22:55:00+00:00,4666.60009765625,4666.60009765625,4666.39990234375,4666.39990234375,2
2026-05-14 22:56:00+00:00,4666.7998046875,4667.0,4666.39990234375,4666.7998046875,17
2026-05-14 22:57:00+00:00,4666.5,4666.89990234375,4666.2998046875,4666.7998046875,10
2026-05-14 22:58:00+00:00,4666.7001953125,4666.7001953125,4666.7001953125,4666.7001953125,1
2026-05-14 22:59:00+00:00,4666.7001953125,4667.0,4666.60009765625,4667.0,8
2026-05-14 23:00:00+00:00,4666.0,4667.2998046875,4665.89990234375,4666.39990234375,42
2026-05-14 23:01:00+00:00,4665.60009765625,4666.2001953125,4665.0,4665.7998046875,43
2026-05-14 23:02:00+00:00,4665.7001953125,4666.10009765625,4665.39990234375,4666.10009765625,13
2026-05-14 23:03:00+00:00,4667.0,4667.2998046875,4665.60009765625,4665.60009765625,20
2026-05-14 23:04:00+00:00,4667.60009765625,4668.10009765625,4666.7001953125,4667.2998046875,32
2026-05-14 23:05:00+00:00,4666.60009765625,4668.0,4666.60009765625,4667.2998046875,9
2026-05-14 23:06:00+00:00,4666.0,4666.7001953125,4666.0,4666.60009765625,14
2026-05-14 23:07:00+00:00,4666.2998046875,4666.2998046875,4666.2998046875,4666.2998046875,3
2026-05-14 23:08:00+00:00,4665.39990234375,4666.2998046875,4665.39990234375,4666.2998046875,11
2026-05-14 23:09:00+00:00,4665.2998046875,4665.7998046875,4664.89990234375,4665.7998046875,19
2026-05-14 23:10:00+00:00,4664.10009765625,4665.10009765625,4664.0,4665.10009765625,27
2026-05-14 23:11:00+00:00,4665.2001953125,4667.7998046875,4664.2001953125,4664.2001953125,144
2026-05-14 23:12:00+00:00,4665.7998046875,4665.7998046875,4665.10009765625,4665.39990234375,18
2026-05-14 23:13:00+00:00,4664.7998046875,4665.7001953125,4664.2001953125,4665.2001953125,29
2026-05-14 23:14:00+00:00,4663.10009765625,4665.10009765625,4663.0,4664.2998046875,64
2026-05-14 23:15:00+00:00,4661.2998046875,4663.39990234375,4660.39990234375,4663.39990234375,89
2026-05-14 23:16:00+00:00,4663.2001953125,4664.89990234375,4661.10009765625,4661.5,127
2026-05-14 23:17:00+00:00,4663.60009765625,4663.60009765625,4662.2001953125,4663.60009765625,22
2026-05-14 23:18:00+00:00,4663.2001953125,4664.10009765625,4663.10009765625,4663.2001953125,19
2026-05-14 23:19:00+00:00,4662.7998046875,4663.60009765625,4662.7998046875,4663.60009765625,8
2026-05-14 23:20:00+00:00,4663.5,4663.5,4662.7998046875,4662.7998046875,4
2026-05-14 23:21:00+00:00,4661.2998046875,4663.10009765625,4661.2998046875,4663.10009765625,18
2026-05-14 23:22:00+00:00,4661.0,4661.7998046875,4661.0,4661.10009765625,11
2026-05-14 23:23:00+00:00,4660.10009765625,4661.0,4659.89990234375,4661.0,39
2026-05-14 23:24:00+00:00,4662.10009765625,4662.5,4660.5,4660.7998046875,30
2026-05-14 23:25:00+00:00,4663.60009765625,4663.60009765625,4662.0,4662.39990234375,47
2026-05-14 23:26:00+00:00,4666.7001953125,4667.0,4663.39990234375,4663.5,93
2026-05-14 23:27:00+00:00,4667.2001953125,4667.2998046875,4666.2998046875,4666.5,50
2026-05-14 23:28:00+00:00,4667.0,4667.7001953125,4666.2998046875,4667.10009765625,43
2026-05-14 23:29:00+00:00,4668.39990234375,4668.7001953125,4666.2001953125,4666.7001953125,129
2026-05-14 23:30:00+00:00,4668.2001953125,4670.10009765625,4668.10009765625,4668.10009765625,66
2026-05-14 23:31:00+00:00,4660.60009765625,4668.0,4656.60009765625,4668.0,415
2026-05-14 23:32:00+00:00,4659.7001953125,4662.39990234375,4658.60009765625,4660.89990234375,149
2026-05-14 23:33:00+00:00,4657.0,4660.60009765625,4657.0,4659.7998046875,114
2026-05-14 23:34:00+00:00,4655.10009765625,4659.2001953125,4654.5,4657.2001953125,124
2026-05-14 23:35:00+00:00,4655.7998046875,4657.89990234375,4655.0,4655.0,73
2026-05-14 23:36:00+00:00,4653.2001953125,4656.0,4651.5,4655.2998046875,127
2026-05-14 23:37:00+00:00,4655.2001953125,4656.0,4651.0,4653.2998046875,139
2026-05-14 23:38:00+00:00,4657.10009765625,4657.10009765625,4655.7001953125,4655.7001953125,36
2026-05-14 23:39:00+00:00,4657.2998046875,4657.5,4656.2998046875,4657.2001953125,20
2026-05-14 23:40:00+00:00,4656.7998046875,4657.60009765625,4656.7998046875,4657.5,8
2026-05-14 23:41:00+00:00,4658.7001953125,4659.2998046875,4656.7998046875,4656.7998046875,23
2026-05-14 23:42:00+00:00,4658.39990234375,4659.89990234375,4658.39990234375,4659.10009765625,22
2026-05-14 23:43:00+00:00,4660.10009765625,4660.89990234375,4658.7998046875,4658.7998046875,30
2026-05-14 23:44:00+00:00,4661.7001953125,4661.7001953125,4660.60009765625,4660.60009765625,19
2026-05-14 23:45:00+00:00,4661.5,4661.5,4660.89990234375,4661.2998046875,11
2026-05-14 23:46:00+00:00,4660.60009765625,4660.60009765625,4659.39990234375,4660.60009765625,17
2026-05-14 23:47:00+00:00,4657.7001953125,4661.10009765625,4657.0,4661.0,32
2026-05-14 23:48:00+00:00,4658.2001953125,4658.39990234375,4657.0,4657.39990234375,32
2026-05-14 23:49:00+00:00,4659.10009765625,4659.2998046875,4658.0,4658.0,41
2026-05-14 23:50:00+00:00,4656.7001953125,4659.7001953125,4656.2001953125,4658.7001953125,23
2026-05-14 23:51:00+00:00,4656.7998046875,4657.60009765625,4656.39990234375,4657.10009765625,27
2026-05-14 23:52:00+00:00,4659.2998046875,4659.2998046875,4656.89990234375,4656.89990234375,18
2026-05-14 23:53:00+00:00,4657.7001953125,4659.2001953125,4657.39990234375,4659.2001953125,23
2026-05-14 23:54:00+00:00,4656.5,4658.2998046875,4655.5,4658.2998046875,22
2026-05-14 23:55:00+00:00,4653.10009765625,4656.10009765625,4652.2001953125,4656.10009765625,29
2026-05-14 23:56:00+00:00,4654.5,4654.7001953125,4652.2998046875,4653.10009765625,45
2026-05-14 23:57:00+00:00,4655.7001953125,4655.7001953125,4652.7998046875,4653.89990234375,28
2026-05-14 23:58:00+00:00,4654.10009765625,4655.2998046875,4653.2001953125,4654.89990234375,28
2026-05-14 23:59:00+00:00,4656.7001953125,4656.7001953125,4653.2001953125,4653.7998046875,34
2026-05-15 00:00:00+00:00,4652.0,4656.60009765625,4651.60009765625,4656.39990234375,120
2026-05-15 00:01:00+00:00,4650.5,4652.89990234375,4645.5,4652.39990234375,479
2026-05-15 00:02:00+00:00,4653.7998046875,4654.60009765625,4648.0,4650.7998046875,99
2026-05-15 00:03:00+00:00,4658.2001953125,4658.2001953125,4653.7001953125,4653.7001953125,75
2026-05-15 00:04:00+00:00,4654.2001953125,4657.7001953125,4654.2001953125,4657.7001953125,34
2026-05-15 00:05:00+00:00,4653.7001953125,4655.5,4653.0,4654.5,18
2026-05-15 00:06:00+00:00,4653.0,4656.5,4653.0,4655.0,45
2026-05-15 00:07:00+00:00,4651.7998046875,4653.60009765625,4650.7998046875,4653.2998046875,64
2026-05-15 00:08:00+00:00,4653.7998046875,4654.7001953125,4651.60009765625,4651.7998046875,17
2026-05-15 00:09:00+00:00,4654.60009765625,4655.2998046875,4652.10009765625,4652.39990234375,46
2026-05-15 00:10:00+00:00,4653.39990234375,4655.7001953125,4652.60009765625,4654.7998046875,31
2026-05-15 00:11:00+00:00,4652.2001953125,4654.0,4651.7998046875,4654.0,19
2026-05-15 00:12:00+00:00,4652.10009765625,4652.10009765625,4650.39990234375,4651.7001953125,20
2026-05-15 00:13:00+00:00,4652.0,4652.7998046875,4648.89990234375,4651.39990234375,109
2026-05-15 00:14:00+00:00,4654.2001953125,4654.89990234375,4652.2001953125,4652.5,42
2026-05-15 00:15:00+00:00,4660.10009765625,4662.7998046875,4655.5,4655.5,236
2026-05-15 00:16:00+00:00,4654.2001953125,4660.39990234375,4653.7998046875,4660.0,169
2026-05-15 00:17:00+00:00,4657.89990234375,4658.5,4653.5,4654.60009765625,143
2026-05-15 00:18:00+00:00,4657.2001953125,4660.0,4655.7998046875,4657.5,196
2026-05-15 00:19:00+00:00,4659.0,4659.60009765625,4655.89990234375,4655.89990234375,53
2026-05-15 00:20:00+00:00,4654.7001953125,4659.7001953125,4654.7001953125,4658.89990234375,89
2026-05-15 00:21:00+00:00,4654.5,4656.10009765625,4653.89990234375,4654.7998046875,62
2026-05-15 00:22:00+00:00,4651.10009765625,4653.89990234375,4651.10009765625,4653.89990234375,34
2026-05-15 00:23:00+00:00,4650.39990234375,4652.7998046875,4650.0,4651.89990234375,78
2026-05-15 00:24:00+00:00,4649.2001953125,4651.0,4649.2001953125,4650.0,24
2026-05-15 00:25:00+00:00,4636.39990234375,4649.2001953125,4629.10009765625,4649.10009765625,1150
2026-05-15 00:26:00+00:00,4635.0,4638.10009765625,4634.0,4636.7001953125,162
2026-05-15 00:27:00+00:00,4635.7998046875,4637.2001953125,4634.10009765625,4634.10009765625,144
2026-05-15 00:28:00+00:00,4636.39990234375,4638.7001953125,4635.39990234375,4635.7998046875,104
2026-05-15 00:29:00+00:00,4634.60009765625,4637.39990234375,4634.39990234375,4636.5,68
2026-05-15 00:30:00+00:00,4628.7998046875,4634.89990234375,4627.0,4634.60009765625,290
2026-05-15 00:31:00+00:00,4629.0,4631.7998046875,4628.0,4628.39990234375,161
2026-05-15 00:32:00+00:00,4631.2001953125,4631.7001953125,4627.5,4629.2998046875,189
2026-05-15 00:33:00+00:00,4627.5,4631.39990234375,4627.5,4630.7998046875,217
2026-05-15 00:34:00+00:00,4629.2998046875,4630.7998046875,4627.2001953125,4627.89990234375,231
2026-05-15 00:35:00+00:00,4627.7998046875,4630.0,4627.2998046875,4629.5,133
2026-05-15 00:36:00+00:00,4627.60009765625,4628.39990234375,4627.2998046875,4627.5,394
2026-05-15 00:37:00+00:00,4630.2998046875,4630.2998046875,4626.60009765625,4627.60009765625,520
2026-05-15 00:38:00+00:00,4628.5,4630.2001953125,4628.0,4630.2001953125,57
2026-05-15 00:39:00+00:00,4627.2998046875,4629.0,4623.60009765625,4628.89990234375,354
2026-05-15 00:40:00+00:00,4622.2001953125,4627.39990234375,4621.0,4626.60009765625,141
2026-05-15 00:41:00+00:00,4619.89990234375,4623.5,4619.10009765625,4622.10009765625,158
2026-05-15 00:42:00+00:00,4621.2998046875,4622.39990234375,4619.2998046875,4620.39990234375,87
2026-05-15 00:43:00+00:00,4621.2001953125,4623.60009765625,4618.2998046875,4622.10009765625,122
2026-05-15 00:44:00+00:00,4624.10009765625,4626.2998046875,4621.60009765625,4621.60009765625,157
2026-05-15 00:45:00+00:00,4626.10009765625,4627.2001953125,4624.2001953125,4624.2001953125,135
2026-05-15 00:46:00+00:00,4629.39990234375,4629.7998046875,4625.5,4625.5,74
2026-05-15 00:47:00+00:00,4631.60009765625,4632.39990234375,4629.39990234375,4629.89990234375,141
2026-05-15 00:48:00+00:00,4630.39990234375,4632.2001953125,4629.89990234375,4632.0,65
2026-05-15 00:49:00+00:00,4632.5,4632.5,4630.2998046875,4631.10009765625,219
2026-05-15 00:50:00+00:00,4626.39990234375,4632.60009765625,4626.39990234375,4632.5,57
2026-05-15 00:51:00+00:00,4625.7998046875,4626.60009765625,4623.60009765625,4626.39990234375,121
2026-05-15 00:52:00+00:00,4625.7998046875,4625.7998046875,4624.10009765625,4625.0,66
2026-05-15 00:53:00+00:00,4623.2001953125,4626.5,4621.7001953125,4625.60009765625,165
2026-05-15 00:54:00+00:00,4624.2998046875,4624.89990234375,4622.7001953125,4622.7001953125,48
2026-05-15 00:55:00+00:00,4625.89990234375,4627.89990234375,4624.0,4624.5,95
2026-05-15 00:56:00+00:00,4623.39990234375,4626.60009765625,4623.0,4626.2998046875,105
2026-05-15 00:57:00+00:00,4627.2001953125,4627.2001953125,4622.2001953125,4622.7001953125,54
2026-05-15 00:58:00+00:00,4627.7998046875,4628.7998046875,4626.7998046875,4627.5,41
2026-05-15 00:59:00+00:00,4635.10009765625,4636.0,4628.39990234375,4628.39990234375,259
2026-05-15 01:00:00+00:00,4632.0,4635.5,4627.10009765625,4635.0,287
2026-05-15 01:01:00+00:00,4630.2998046875,4632.10009765625,4626.2001953125,4631.7001953125,120
2026-05-15 01:02:00+00:00,4632.2998046875,4635.5,4629.5,4631.89990234375,124
2026-05-15 01:03:00+00:00,4630.7998046875,4636.7001953125,4630.7998046875,4631.89990234375,108
2026-05-15 01:04:00+00:00,4628.0,4630.89990234375,4623.89990234375,4630.89990234375,139
2026-05-15 01:05:00+00:00,4626.7998046875,4627.60009765625,4623.89990234375,4627.2001953125,123
2026-05-15 01:06:00+00:00,4620.60009765625,4629.60009765625,4619.2998046875,4627.0,211
2026-05-15 01:07:00+00:00,4616.89990234375,4620.5,4616.2001953125,4620.0,283
2026-05-15 01:08:00+00:00,4620.2998046875,4620.2998046875,4616.2998046875,4617.89990234375,105
2026-05-15 01:09:00+00:00,4614.2998046875,4622.2001953125,4613.7998046875,4620.7001953125,209
2026-05-15 01:10:00+00:00,4615.0,4616.39990234375,4613.2998046875,4614.39990234375,138
2026-05-15 01:11:00+00:00,4615.39990234375,4615.89990234375,4612.60009765625,4614.5,97
2026-05-15 01:12:00+00:00,4612.7001953125,4616.2998046875,4612.60009765625,4615.2998046875,164
2026-05-15 01:13:00+00:00,4618.2001953125,4618.39990234375,4612.2998046875,4612.7001953125,134
2026-05-15 01:14:00+00:00,4619.2001953125,4620.2001953125,4615.89990234375,4617.5,64
2026-05-15 01:15:00+00:00,4620.60009765625,4620.60009765625,4613.2001953125,4619.2001953125,428
2026-05-15 01:16:00+00:00,4623.7001953125,4624.60009765625,4620.10009765625,4620.89990234375,110
2026-05-15 01:17:00+00:00,4622.10009765625,4625.5,4620.7001953125,4624.0,71
2026-05-15 01:18:00+00:00,4622.60009765625,4624.60009765625,4621.7001953125,4622.2998046875,56
2026-05-15 01:19:00+00:00,4624.10009765625,4625.0,4620.10009765625,4622.60009765625,133
2026-05-15 01:20:00+00:00,4627.60009765625,4630.2998046875,4623.10009765625,4623.89990234375,174
2026-05-15 01:21:00+00:00,4624.5,4628.0,4623.2001953125,4627.10009765625,93
2026-05-15 01:22:00+00:00,4624.60009765625,4627.5,4623.60009765625,4624.7001953125,137
2026-05-15 01:23:00+00:00,4622.5,4623.39990234375,4620.89990234375,4623.2998046875,92
2026-05-15 01:24:00+00:00,4624.89990234375,4627.7998046875,4622.60009765625,4623.2001953125,86
2026-05-15 01:25:00+00:00,4623.2998046875,4625.7998046875,4622.2998046875,4624.7998046875,50
2026-05-15 01:26:00+00:00,4620.89990234375,4624.10009765625,4617.0,4624.10009765625,180
2026-05-15 01:27:00+00:00,4618.7001953125,4621.0,4617.2998046875,4619.5,106
2026-05-15 01:28:00+00:00,4615.2998046875,4618.2001953125,4615.0,4618.2001953125,115
2026-05-15 01:29:00+00:00,4613.60009765625,4616.0,4612.5,4615.2001953125,118
2026-05-15 01:30:00+00:00,4615.0,4615.39990234375,4611.60009765625,4612.7998046875,167
2026-05-15 01:31:00+00:00,4617.89990234375,4618.2001953125,4613.7001953125,4614.2001953125,68
2026-05-15 01:32:00+00:00,4618.5,4618.89990234375,4614.39990234375,4615.7001953125,42
2026-05-15 01:33:00+00:00,4617.89990234375,4618.39990234375,4616.2998046875,4618.39990234375,83
2026-05-15 01:34:00+00:00,4620.10009765625,4620.89990234375,4616.0,4618.2001953125,65
2026-05-15 01:35:00+00:00,4622.89990234375,4622.89990234375,4619.89990234375,4620.2001953125,67
2026-05-15 01:36:00+00:00,4621.60009765625,4625.60009765625,4620.2998046875,4623.0,99
2026-05-15 01:37:00+00:00,4621.89990234375,4622.7001953125,4619.7998046875,4621.5,134
2026-05-15 01:38:00+00:00,4619.2998046875,4621.60009765625,4618.0,4621.39990234375,45
2026-05-15 01:39:00+00:00,4621.5,4624.0,4619.5,4619.5,54
2026-05-15 01:40:00+00:00,4623.2998046875,4624.60009765625,4621.60009765625,4621.89990234375,71
2026-05-15 01:41:00+00:00,4623.2001953125,4624.5,4621.5,4622.10009765625,56
2026-05-15 01:42:00+00:00,4626.0,4626.2998046875,4623.5,4623.5,27
2026-05-15 01:43:00+00:00,4625.7001953125,4626.60009765625,4624.89990234375,4625.5,52
2026-05-15 01:44:00+00:00,4627.2001953125,4627.39990234375,4624.60009765625,4625.2998046875,45
2026-05-15 01:45:00+00:00,4625.89990234375,4626.5,4624.7001953125,4626.5,39
2026-05-15 01:46:00+00:00,4624.7998046875,4628.7001953125,4624.2998046875,4625.7998046875,92
2026-05-15 01:47:00+00:00,4622.2998046875,4625.0,4620.39990234375,4625.0,73
2026-05-15 01:48:00+00:00,4620.7998046875,4622.7001953125,4618.2001953125,4622.60009765625,116
2026-05-15 01:49:00+00:00,4620.5,4622.39990234375,4619.7001953125,4620.7998046875,72
2026-05-15 01:50:00+00:00,4620.7998046875,4622.0,4620.0,4620.60009765625,51
2026-05-15 01:51:00+00:00,4614.60009765625,4620.7001953125,4614.60009765625,4620.7001953125,118
2026-05-15 01:52:00+00:00,4615.7001953125,4617.39990234375,4613.0,4614.5,219
2026-05-15 01:53:00+00:00,4613.7001953125,4617.2001953125,4611.0,4616.2998046875,188
2026-05-15 01:54:00+00:00,4614.2998046875,4614.7998046875,4611.89990234375,4614.10009765625,91
2026-05-15 01:55:00+00:00,4617.2001953125,4617.7998046875,4614.39990234375,4614.39990234375,91
2026-05-15 01:56:00+00:00,4618.60009765625,4618.60009765625,4614.89990234375,4616.2998046875,67
2026-05-15 01:57:00+00:00,4617.5,4617.7001953125,4613.89990234375,4617.0,223
2026-05-15 01:58:00+00:00,4620.60009765625,4620.60009765625,4615.5,4617.10009765625,481
2026-05-15 01:59:00+00:00,4617.89990234375,4620.2001953125,4616.60009765625,4620.0,87
2026-05-15 02:00:00+00:00,4618.0,4619.39990234375,4613.89990234375,4617.89990234375,304
2026-05-15 02:01:00+00:00,4615.5,4618.60009765625,4613.7001953125,4618.5,88
2026-05-15 02:02:00+00:00,4617.7001953125,4617.7001953125,4613.5,4615.60009765625,122
2026-05-15 02:03:00+00:00,4617.7001953125,4617.7001953125,4615.2998046875,4615.89990234375,17
2026-05-15 02:04:00+00:00,4618.5,4619.0,4616.60009765625,4618.39990234375,120
2026-05-15 02:05:00+00:00,4618.2001953125,4619.7001953125,4616.7998046875,4618.5,68
2026-05-15 02:06:00+00:00,4619.2998046875,4620.2998046875,4616.89990234375,4618.89990234375,68
2026-05-15 02:07:00+00:00,4620.39990234375,4621.60009765625,4619.0,4619.7001953125,63
2026-05-15 02:08:00+00:00,4620.7001953125,4620.7001953125,4618.7001953125,4620.0,48
2026-05-15 02:09:00+00:00,4622.39990234375,4622.39990234375,4620.10009765625,4620.60009765625,79
2026-05-15 02:10:00+00:00,4620.5,4623.2998046875,4620.5,4622.60009765625,85
2026-05-15 02:11:00+00:00,4618.7001953125,4621.2001953125,4618.39990234375,4620.60009765625,69
2026-05-15 02:12:00+00:00,4618.60009765625,4619.2998046875,4618.0,4618.39990234375,31
2026-05-15 02:13:00+00:00,4618.60009765625,4618.7998046875,4617.2998046875,4618.39990234375,43
2026-05-15 02:14:00+00:00,4617.2001953125,4619.39990234375,4617.10009765625,4618.89990234375,21
2026-05-15 02:15:00+00:00,4616.0,4617.0,4613.7998046875,4617.0,115
2026-05-15 02:16:00+00:00,4616.39990234375,4617.7001953125,4615.39990234375,4615.7998046875,75
2026-05-15 02:17:00+00:00,4615.7998046875,4617.2001953125,4614.2998046875,4616.7998046875,42
2026-05-15 02:18:00+00:00,4618.60009765625,4619.0,4616.39990234375,4616.39990234375,47
2026-05-15 02:19:00+00:00,4618.2998046875,4620.60009765625,4616.39990234375,4618.89990234375,141
2026-05-15 02:20:00+00:00,4618.60009765625,4620.60009765625,4617.2001953125,4617.7001953125,54
2026-05-15 02:21:00+00:00,4619.2998046875,4619.2998046875,4618.10009765625,4618.60009765625,29
2026-05-15 02:22:00+00:00,4617.60009765625,4619.60009765625,4617.2998046875,4619.60009765625,17
2026-05-15 02:23:00+00:00,4618.60009765625,4618.60009765625,4616.2998046875,4618.0,41
2026-05-15 02:24:00+00:00,4617.89990234375,4617.89990234375,4616.60009765625,4616.89990234375,13
2026-05-15 02:25:00+00:00,4618.39990234375,4619.0,4616.2998046875,4617.7998046875,19
2026-05-15 02:26:00+00:00,4618.2001953125,4619.2001953125,4617.60009765625,4618.7998046875,26
2026-05-15 02:27:00+00:00,4617.39990234375,4618.5,4617.2998046875,4618.0,18
2026-05-15 02:28:00+00:00,4616.7001953125,4617.0,4616.0,4617.0,14
2026-05-15 02:29:00+00:00,4616.7001953125,4617.7001953125,4615.5,4616.5,74
2026-05-15 02:30:00+00:00,4618.7001953125,4618.89990234375,4616.2001953125,4616.2001953125,41
2026-05-15 02:31:00+00:00,4615.0,4618.7001953125,4613.5,4618.60009765625,46
2026-05-15 02:32:00+00:00,4613.60009765625,4615.5,4613.5,4614.60009765625,23
2026-05-15 02:33:00+00:00,4615.5,4615.7998046875,4613.7998046875,4614.2998046875,57
2026-05-15 02:34:00+00:00,4616.2001953125,4616.7998046875,4614.39990234375,4615.39990234375,22
2026-05-15 02:35:00+00:00,4617.5,4618.7998046875,4615.89990234375,4616.10009765625,41
2026-05-15 02:36:00+00:00,4619.7001953125,4619.7001953125,4617.39990234375,4618.7001953125,66
2026-05-15 02:37:00+00:00,4620.2001953125,4620.5,4619.2998046875,4619.60009765625,38
2026-05-15 02:38:00+00:00,4619.7001953125,4620.5,4618.89990234375,4619.89990234375,91
2026-05-15 02:39:00+00:00,4617.2001953125,4620.2998046875,4616.5,4619.7998046875,97
2026-05-15 02:40:00+00:00,4616.0,4616.60009765625,4614.60009765625,4616.5,43
2026-05-15 02:41:00+00:00,4615.60009765625,4617.89990234375,4615.60009765625,4616.89990234375,26
2026-05-15 02:42:00+00:00,4617.60009765625,4618.2001953125,4615.5,4615.7001953125,23
2026-05-15 02:43:00+00:00,4619.2998046875,4619.2998046875,4617.7998046875,4617.7998046875,11
2026-05-15 02:44:00+00:00,4621.39990234375,4622.0,4618.89990234375,4619.0,57
2026-05-15 02:45:00+00:00,4619.7001953125,4622.7998046875,4619.7001953125,4621.89990234375,84
2026-05-15 02:46:00+00:00,4616.5,4620.0,4615.39990234375,4620.0,88
2026-05-15 02:47:00+00:00,4618.0,4618.0,4617.0,4617.10009765625,20
2026-05-15 02:48:00+00:00,4618.0,4618.0,4617.10009765625,4617.7998046875,24
2026-05-15 02:49:00+00:00,4618.5,4618.7001953125,4617.7001953125,4618.2998046875,21
2026-05-15 02:50:00+00:00,4617.7998046875,4619.0,4617.7998046875,4618.7001953125,15
2026-05-15 02:51:00+00:00,4624.2001953125,4624.39990234375,4616.2998046875,4617.60009765625,214
2026-05-15 02:52:00+00:00,4624.0,4625.10009765625,4622.2998046875,4624.5,64
2026-05-15 02:53:00+00:00,4623.39990234375,4624.2001953125,4622.60009765625,4624.2001953125,41
2026-05-15 02:54:00+00:00,4625.10009765625,4625.2998046875,4622.7001953125,4622.7998046875,48
2026-05-15 02:55:00+00:00,4626.10009765625,4626.10009765625,4624.39990234375,4625.2001953125,50
2026-05-15 02:56:00+00:00,4626.10009765625,4627.39990234375,4624.89990234375,4626.39990234375,99
2026-05-15 02:57:00+00:00,4625.60009765625,4626.60009765625,4625.10009765625,4626.2001953125,35
2026-05-15 02:58:00+00:00,4623.89990234375,4625.89990234375,4623.89990234375,4625.7998046875,13
2026-05-15 02:59:00+00:00,4621.89990234375,4624.2001953125,4621.39990234375,4624.0,89
2026-05-15 03:00:00+00:00,4623.10009765625,4623.7998046875,4621.0,4621.60009765625,71
2026-05-15 03:01:00+00:00,4621.5,4624.60009765625,4620.7998046875,4623.5,80
2026-05-15 03:02:00+00:00,4619.5,4621.7001953125,4618.10009765625,4621.39990234375,155
2026-05-15 03:03:00+00:00,4621.39990234375,4621.39990234375,4618.89990234375,4618.89990234375,84
2026-05-15 03:04:00+00:00,4623.60009765625,4623.89990234375,4621.39990234375,4621.39990234375,67
2026-05-15 03:05:00+00:00,4625.7001953125,4626.5,4623.39990234375,4623.60009765625,85
2026-05-15 03:06:00+00:00,4625.2001953125,4626.2998046875,4624.89990234375,4625.7001953125,168
2026-05-15 03:07:00+00:00,4622.7001953125,4625.0,4622.5,4625.0,28
2026-05-15 03:08:00+00:00,4622.5,4622.7001953125,4621.7001953125,4622.60009765625,41
2026-05-15 03:09:00+00:00,4621.60009765625,4622.39990234375,4620.7001953125,4622.39990234375,72
2026-05-15 03:10:00+00:00,4622.39990234375,4622.60009765625,4621.7998046875,4621.7998046875,114
2026-05-15 03:11:00+00:00,4622.0,4622.2001953125,4621.5,4622.0,144
2026-05-15 03:12:00+00:00,4623.0,4624.0,4622.10009765625,4622.39990234375,60
2026-05-15 03:13:00+00:00,4621.0,4623.7001953125,4620.89990234375,4623.5,36
2026-05-15 03:14:00+00:00,4621.60009765625,4622.0,4620.5,4621.0,37
2026-05-15 03:15:00+00:00,4622.5,4622.7998046875,4620.7998046875,4621.89990234375,28
2026-05-15 03:16:00+00:00,4621.0,4621.89990234375,4619.60009765625,4621.89990234375,36
2026-05-15 03:17:00+00:00,4619.2001953125,4621.0,4619.10009765625,4620.89990234375,55
2026-05-15 03:18:00+00:00,4618.7001953125,4620.2001953125,4618.10009765625,4619.2998046875,99
2026-05-15 03:19:00+00:00,4618.7001953125,4619.60009765625,4618.39990234375,4618.89990234375,50
2026-05-15 03:20:00+00:00,4615.0,4619.2998046875,4615.0,4618.89990234375,167
2026-05-15 03:21:00+00:00,4615.5,4616.2001953125,4613.39990234375,4615.2001953125,144
2026-05-15 03:22:00+00:00,4616.10009765625,4616.7001953125,4615.0,4615.0,64
2026-05-15 03:23:00+00:00,4617.2998046875,4617.39990234375,4615.7998046875,4616.0,65
2026-05-15 03:24:00+00:00,4618.2001953125,4618.2001953125,4616.7998046875,4617.2998046875,43
2026-05-15 03:25:00+00:00,4617.5,4618.60009765625,4617.2001953125,4618.0,25
2026-05-15 03:26:00+00:00,4617.2001953125,4618.0,4617.0,4618.0,22
2026-05-15 03:27:00+00:00,4618.2001953125,4618.2001953125,4617.10009765625,4617.2998046875,15
2026-05-15 03:28:00+00:00,4616.39990234375,4617.7001953125,4616.39990234375,4617.60009765625,23
2026-05-15 03:29:00+00:00,4616.5,4616.7001953125,4615.7998046875,4616.0,12
2026-05-15 03:30:00+00:00,4618.0,4618.10009765625,4616.10009765625,4617.60009765625,42
2026-05-15 03:31:00+00:00,4615.5,4617.5,4615.5,4617.5,63
2026-05-15 03:32:00+00:00,4615.60009765625,4616.7001953125,4614.89990234375,4615.89990234375,38
2026-05-15 03:33:00+00:00,4615.7001953125,4616.5,4614.60009765625,4615.89990234375,41
2026-05-15 03:34:00+00:00,4613.10009765625,4616.10009765625,4611.2998046875,4615.7998046875,151
2026-05-15 03:35:00+00:00,4614.10009765625,4614.2998046875,4612.39990234375,4612.7001953125,64
2026-05-15 03:36:00+00:00,4615.60009765625,4615.7998046875,4613.7001953125,4613.7001953125,30
2026-05-15 03:37:00+00:00,4618.2998046875,4618.60009765625,4615.10009765625,4615.39990234375,92
2026-05-15 03:38:00+00:00,4619.0,4619.7001953125,4618.2998046875,4618.2998046875,30
2026-05-15 03:39:00+00:00,4618.60009765625,4618.60009765625,4617.0,4618.5,26
2026-05-15 03:40:00+00:00,4619.2998046875,4619.60009765625,4618.60009765625,4618.60009765625,20
2026-05-15 03:41:00+00:00,4619.7001953125,4620.0,4618.7998046875,4618.89990234375,24
2026-05-15 03:42:00+00:00,4620.89990234375,4621.0,4619.39990234375,4619.60009765625,38
2026-05-15 03:43:00+00:00,4620.2998046875,4621.60009765625,4620.2998046875,4621.2001953125,60
2026-05-15 03:44:00+00:00,4617.5,4620.2001953125,4617.5,4620.2001953125,46
2026-05-15 03:45:00+00:00,4618.60009765625,4618.60009765625,4617.0,4617.60009765625,12
2026-05-15 03:46:00+00:00,4617.60009765625,4618.10009765625,4616.39990234375,4617.7998046875,29
2026-05-15 03:47:00+00:00,4617.7998046875,4618.2998046875,4617.5,4617.7001953125,15
2026-05-15 03:48:00+00:00,4618.7001953125,4618.89990234375,4618.2001953125,4618.2001953125,10
2026-05-15 03:49:00+00:00,4619.7998046875,4619.7998046875,4618.39990234375,4618.39990234375,37
2026-05-15 03:50:00+00:00,4619.39990234375,4620.60009765625,4619.39990234375,4619.89990234375,41
2026-05-15 03:51:00+00:00,4620.10009765625,4620.60009765625,4619.0,4619.0,44
2026-05-15 03:52:00+00:00,4619.60009765625,4622.10009765625,4619.60009765625,4620.0,98
2026-05-15 03:53:00+00:00,4619.0,4619.60009765625,4618.2001953125,4619.60009765625,50
2026-05-15 03:54:00+00:00,4617.0,4618.89990234375,4616.7001953125,4618.39990234375,64
2026-05-15 03:55:00+00:00,4615.60009765625,4618.0,4615.60009765625,4616.7998046875,42
2026-05-15 03:56:00+00:00,4616.60009765625,4616.60009765625,4614.5,4616.10009765625,39
2026-05-15 03:57:00+00:00,4618.7998046875,4619.60009765625,4616.5,4616.60009765625,64
2026-05-15 03:58:00+00:00,4619.7998046875,4620.39990234375,4619.0,4619.2001953125,28
2026-05-15 04:00:00+00:00,4619.7998046875,4620.7001953125,4619.2001953125,4619.2998046875,35
2026-05-15 04:01:00+00:00,4617.89990234375,4619.2998046875,4617.5,4619.2001953125,15
2026-05-15 04:02:00+00:00,4618.7998046875,4618.89990234375,4617.7998046875,4618.0,13
2026-05-15 04:03:00+00:00,4618.2998046875,4618.5,4616.89990234375,4618.0,16
2026-05-15 04:04:00+00:00,4618.10009765625,4618.2998046875,4617.7998046875,4618.2998046875,13
2026-05-15 04:05:00+00:00,4621.7001953125,4622.2001953125,4618.0,4618.0,48
2026-05-15 04:06:00+00:00,4621.5,4623.10009765625,4621.5,4621.60009765625,67
2026-05-15 04:07:00+00:00,4623.0,4624.2001953125,4621.5,4621.5,58
2026-05-15 04:08:00+00:00,4624.2001953125,4624.60009765625,4622.2998046875,4622.39990234375,73
2026-05-15 04:09:00+00:00,4625.2998046875,4625.89990234375,4623.7001953125,4623.7998046875,59
2026-05-15 04:10:00+00:00,4623.89990234375,4625.5,4623.60009765625,4625.5,28
2026-05-15 04:11:00+00:00,4625.2001953125,4625.2001953125,4623.7001953125,4623.89990234375,19
2026-05-15 04:12:00+00:00,4623.60009765625,4624.7001953125,4623.39990234375,4624.7001953125,30
2026-05-15 04:13:00+00:00,4624.5,4624.7998046875,4622.10009765625,4623.60009765625,51
2026-05-15 04:14:00+00:00,4623.89990234375,4624.89990234375,4623.60009765625,4624.2001953125,36
2026-05-15 04:15:00+00:00,4622.60009765625,4624.60009765625,4621.7998046875,4623.7998046875,63
2026-05-15 04:16:00+00:00,4622.0,4622.7001953125,4621.7998046875,4622.60009765625,31
2026-05-15 04:17:00+00:00,4622.2001953125,4622.39990234375,4621.5,4622.10009765625,18
2026-05-15 04:18:00+00:00,4621.5,4622.2001953125,4621.0,4621.7001953125,36
2026-05-15 04:19:00+00:00,4618.7998046875,4621.2001953125,4617.7998046875,4621.2001953125,103
2026-05-15 04:20:00+00:00,4615.60009765625,4617.7001953125,4615.0,4617.7001953125,159
2026-05-15 04:21:00+00:00,4614.89990234375,4615.89990234375,4613.7998046875,4615.7998046875,99
2026-05-15 04:22:00+00:00,4613.89990234375,4614.60009765625,4611.5,4614.39990234375,151
2026-05-15 04:23:00+00:00,4615.2001953125,4615.2001953125,4612.7001953125,4613.60009765625,77
2026-05-15 04:24:00+00:00,4614.39990234375,4615.2001953125,4613.7998046875,4615.2001953125,23
2026-05-15 04:25:00+00:00,4615.60009765625,4616.39990234375,4615.2001953125,4615.2001953125,47
2026-05-15 04:26:00+00:00,4616.7001953125,4616.7001953125,4614.7001953125,4615.0,18
2026-05-15 04:27:00+00:00,4616.2001953125,4616.89990234375,4615.39990234375,4616.0,24
2026-05-15 04:28:00+00:00,4614.89990234375,4616.89990234375,4613.7998046875,4616.0,46
2026-05-15 04:29:00+00:00,4614.89990234375,4616.10009765625,4614.7001953125,4615.2001953125,23
2026-05-15 04:30:00+00:00,4615.7001953125,4615.7001953125,4614.7001953125,4615.2001953125,5
2026-05-15 04:31:00+00:00,4616.2998046875,4616.89990234375,4615.60009765625,4615.60009765625,29
2026-05-15 04:32:00+00:00,4618.7001953125,4619.10009765625,4616.2001953125,4616.2001953125,41
2026-05-15 04:33:00+00:00,4617.7001953125,4618.7998046875,4617.7001953125,4618.60009765625,30
2026-05-15 04:34:00+00:00,4617.89990234375,4618.10009765625,4617.10009765625,4618.10009765625,29
2026-05-15 04:35:00+00:00,4617.7998046875,4618.60009765625,4617.60009765625,4617.7001953125,17
2026-05-15 04:36:00+00:00,4619.2001953125,4619.2001953125,4617.7998046875,4618.10009765625,24
2026-05-15 04:37:00+00:00,4617.7001953125,4617.89990234375,4617.2001953125,4617.60009765625,14
2026-05-15 04:38:00+00:00,4615.39990234375,4618.0,4615.10009765625,4618.0,35
2026-05-15 04:39:00+00:00,4615.39990234375,4616.5,4614.60009765625,4615.39990234375,37
2026-05-15 04:40:00+00:00,4616.89990234375,4617.2998046875,4615.2998046875,4615.2998046875,33
2026-05-15 04:41:00+00:00,4616.39990234375,4617.5,4616.39990234375,4616.7998046875,13
2026-05-15 04:42:00+00:00,4616.0,4616.0,4615.0,4615.60009765625,7
2026-05-15 04:43:00+00:00,4609.10009765625,4615.2998046875,4608.7001953125,4615.2998046875,137
2026-05-15 04:44:00+00:00,4610.0,4611.10009765625,4608.2001953125,4609.60009765625,71
2026-05-15 04:45:00+00:00,4610.7998046875,4610.7998046875,4609.0,4610.2001953125,51
2026-05-15 04:46:00+00:00,4611.7001953125,4611.7001953125,4610.2001953125,4610.89990234375,56
2026-05-15 04:47:00+00:00,4611.5,4611.7998046875,4610.2998046875,4611.5,31
2026-05-15 04:48:00+00:00,4612.39990234375,4613.0,4611.10009765625,4611.10009765625,40
2026-05-15 04:49:00+00:00,4613.7998046875,4614.10009765625,4611.7001953125,4612.10009765625,76
2026-05-15 04:50:00+00:00,4615.7998046875,4616.60009765625,4613.2001953125,4613.60009765625,134
2026-05-15 04:51:00+00:00,4612.60009765625,4616.0,4612.39990234375,4616.0,79
2026-05-15 04:52:00+00:00,4613.7998046875,4614.2998046875,4612.60009765625,4612.60009765625,28
2026-05-15 04:53:00+00:00,4613.5,4613.5,4612.89990234375,4613.5,12
2026-05-15 04:54:00+00:00,4612.39990234375,4613.39990234375,4612.2998046875,4612.89990234375,30
2026-05-15 04:55:00+00:00,4610.2001953125,4612.39990234375,4609.7998046875,4612.39990234375,92
2026-05-15 04:56:00+00:00,4610.39990234375,4611.5,4610.10009765625,4610.10009765625,47
2026-05-15 04:57:00+00:00,4611.2998046875,4611.2998046875,4609.7998046875,4610.2001953125,21
2026-05-15 04:58:00+00:00,4611.39990234375,4611.5,4610.10009765625,4610.7998046875,30
2026-05-15 04:59:00+00:00,4610.0,4611.89990234375,4609.0,4611.2001953125,63
2026-05-15 05:00:00+00:00,4609.0,4610.60009765625,4609.0,4610.0,55
2026-05-15 05:01:00+00:00,4605.7998046875,4609.0,4605.60009765625,4609.0,178
2026-05-15 05:02:00+00:00,4606.7998046875,4608.2998046875,4603.39990234375,4605.89990234375,279
2026-05-15 05:03:00+00:00,4604.0,4607.0,4603.2001953125,4606.5,131
2026-05-15 05:04:00+00:00,4604.2001953125,4605.10009765625,4603.39990234375,4603.7001953125,129
2026-05-15 05:05:00+00:00,4604.60009765625,4605.2998046875,4602.7001953125,4604.39990234375,151
2026-05-15 05:06:00+00:00,4603.0,4604.60009765625,4602.39990234375,4603.60009765625,146
2026-05-15 05:07:00+00:00,4601.5,4603.2998046875,4600.2001953125,4603.2001953125,234
2026-05-15 05:08:00+00:00,4598.0,4601.39990234375,4596.5,4601.2998046875,324
2026-05-15 05:09:00+00:00,4597.39990234375,4598.2998046875,4596.5,4598.2998046875,95
2026-05-15 05:10:00+00:00,4595.7001953125,4597.7001953125,4594.7001953125,4597.2998046875,274
2026-05-15 05:11:00+00:00,4593.7998046875,4595.5,4592.89990234375,4595.39990234375,173
2026-05-15 05:12:00+00:00,4596.39990234375,4596.7001953125,4593.7001953125,4593.7001953125,162
2026-05-15 05:13:00+00:00,4593.7998046875,4595.7998046875,4592.60009765625,4595.7998046875,185
2026-05-15 05:14:00+00:00,4596.0,4597.10009765625,4592.89990234375,4594.10009765625,113
2026-05-15 05:15:00+00:00,4598.7001953125,4599.0,4595.10009765625,4596.2001953125,80
2026-05-15 05:16:00+00:00,4596.10009765625,4599.39990234375,4595.5,4598.7001953125,91
2026-05-15 05:17:00+00:00,4591.7001953125,4596.39990234375,4591.2001953125,4596.10009765625,150
2026-05-15 05:18:00+00:00,4588.7998046875,4593.10009765625,4588.39990234375,4591.39990234375,343
2026-05-15 05:19:00+00:00,4587.2001953125,4588.89990234375,4585.7001953125,4588.39990234375,313
2026-05-15 05:20:00+00:00,4585.89990234375,4587.7001953125,4584.89990234375,4587.39990234375,331
2026-05-15 05:21:00+00:00,4591.2998046875,4592.2998046875,4585.89990234375,4586.39990234375,188
2026-05-15 05:22:00+00:00,4591.7998046875,4593.7001953125,4590.2001953125,4591.7001953125,211
2026-05-15 05:23:00+00:00,4588.10009765625,4591.5,4587.39990234375,4591.5,172
2026-05-15 05:24:00+00:00,4589.2998046875,4590.60009765625,4585.89990234375,4587.60009765625,198
2026-05-15 05:25:00+00:00,4589.10009765625,4590.7998046875,4588.2001953125,4588.7001953125,148
2026-05-15 05:26:00+00:00,4589.10009765625,4590.89990234375,4587.60009765625,4588.7998046875,199
2026-05-15 05:27:00+00:00,4589.10009765625,4591.39990234375,4588.2998046875,4588.7998046875,69
2026-05-15 05:28:00+00:00,4592.7998046875,4593.10009765625,4589.60009765625,4589.60009765625,79
2026-05-15 05:29:00+00:00,4592.7998046875,4594.5,4591.39990234375,4592.5,114
2026-05-15 05:30:00+00:00,4584.5,4594.2998046875,4584.2001953125,4592.7001953125,387
2026-05-15 05:31:00+00:00,4582.39990234375,4585.39990234375,4581.7001953125,4584.60009765625,223
2026-05-15 05:32:00+00:00,4580.7998046875,4583.0,4576.39990234375,4582.60009765625,389
2026-05-15 05:33:00+00:00,4578.2001953125,4581.7998046875,4576.2001953125,4580.60009765625,326
2026-05-15 05:34:00+00:00,4573.60009765625,4579.10009765625,4571.2998046875,4578.5,328
2026-05-15 05:35:00+00:00,4570.60009765625,4574.0,4568.7998046875,4573.5,315
2026-05-15 05:36:00+00:00,4574.2001953125,4574.2001953125,4568.2998046875,4570.39990234375,344
2026-05-15 05:37:00+00:00,4570.5,4576.0,4569.89990234375,4573.7998046875,307
2026-05-15 05:38:00+00:00,4572.5,4573.0,4567.5,4570.2001953125,340
2026-05-15 05:39:00+00:00,4573.5,4573.7998046875,4569.2998046875,4572.5,163
2026-05-15 05:40:00+00:00,4576.2998046875,4576.2998046875,4570.10009765625,4573.5,248
2026-05-15 05:41:00+00:00,4577.60009765625,4579.7001953125,4574.39990234375,4575.89990234375,251
2026-05-15 05:42:00+00:00,4576.0,4577.7001953125,4574.60009765625,4576.60009765625,88
2026-05-15 05:43:00+00:00,4574.7001953125,4578.0,4573.7001953125,4576.60009765625,175
2026-05-15 05:44:00+00:00,4572.10009765625,4576.7998046875,4571.7001953125,4575.5,83
2026-05-15 05:45:00+00:00,4572.2998046875,4573.10009765625,4569.10009765625,4571.7998046875,250
2026-05-15 05:46:00+00:00,4567.89990234375,4574.5,4566.2001953125,4572.7001953125,219
2026-05-15 05:47:00+00:00,4568.5,4572.2001953125,4566.39990234375,4567.7001953125,283
2026-05-15 05:48:00+00:00,4572.5,4572.5,4567.7998046875,4568.39990234375,149
2026-05-15 05:49:00+00:00,4567.60009765625,4571.2001953125,4566.0,4571.2001953125,190
2026-05-15 05:50:00+00:00,4576.7001953125,4577.0,4567.89990234375,4567.89990234375,176
2026-05-15 05:51:00+00:00,4574.0,4576.0,4572.7998046875,4576.0,67
2026-05-15 05:52:00+00:00,4573.89990234375,4575.39990234375,4572.10009765625,4573.89990234375,59
2026-05-15 05:53:00+00:00,4576.10009765625,4577.2001953125,4574.0,4574.5,132
2026-05-15 05:54:00+00:00,4573.2998046875,4576.10009765625,4572.39990234375,4575.2998046875,111
2026-05-15 05:55:00+00:00,4574.39990234375,4574.89990234375,4571.10009765625,4572.7998046875,143
2026-05-15 05:56:00+00:00,4571.5,4574.2998046875,4569.0,4574.2998046875,152
2026-05-15 05:57:00+00:00,4573.7998046875,4573.7998046875,4570.2998046875,4571.5,46
2026-05-15 05:58:00+00:00,4571.2998046875,4573.2998046875,4570.60009765625,4573.10009765625,59
2026-05-15 05:59:00+00:00,4562.89990234375,4571.39990234375,4560.10009765625,4571.39990234375,639
2026-05-15 06:00:00+00:00,4565.89990234375,4565.89990234375,4561.2998046875,4562.39990234375,457
2026-05-15 06:01:00+00:00,4567.0,4567.2998046875,4560.5,4565.0,245
2026-05-15 06:02:00+00:00,4564.60009765625,4567.89990234375,4564.5,4567.0,97
2026-05-15 06:03:00+00:00,4567.5,4567.89990234375,4563.2998046875,4564.2998046875,95
2026-05-15 06:04:00+00:00,4567.39990234375,4569.0,4566.2001953125,4567.2998046875,108
2026-05-15 06:05:00+00:00,4570.5,4570.89990234375,4565.5,4567.2998046875,112
2026-05-15 06:06:00+00:00,4571.7998046875,4573.0,4569.0,4570.0,166
2026-05-15 06:07:00+00:00,4570.39990234375,4573.89990234375,4569.60009765625,4571.39990234375,151
2026-05-15 06:08:00+00:00,4571.39990234375,4572.2001953125,4565.60009765625,4569.89990234375,200
2026-05-15 06:09:00+00:00,4570.2001953125,4572.39990234375,4566.5,4571.60009765625,102
2026-05-15 06:10:00+00:00,4571.5,4572.0,4567.7001953125,4570.2001953125,115
2026-05-15 06:11:00+00:00,4574.10009765625,4576.7998046875,4571.7998046875,4571.7998046875,207
2026-05-15 06:12:00+00:00,4573.10009765625,4575.60009765625,4570.5,4573.7001953125,247
2026-05-15 06:13:00+00:00,4574.2001953125,4574.2001953125,4571.89990234375,4572.39990234375,65
2026-05-15 06:14:00+00:00,4574.2001953125,4574.39990234375,4570.39990234375,4573.10009765625,81
2026-05-15 06:15:00+00:00,4577.39990234375,4578.10009765625,4573.7998046875,4574.7998046875,181
2026-05-15 06:16:00+00:00,4580.5,4580.5,4575.2001953125,4577.10009765625,250
2026-05-15 06:17:00+00:00,4581.2998046875,4582.2998046875,4578.10009765625,4579.7998046875,201
2026-05-15 06:18:00+00:00,4580.0,4581.7001953125,4578.89990234375,4580.89990234375,192
2026-05-15 06:19:00+00:00,4579.2998046875,4580.39990234375,4578.0,4579.89990234375,119
2026-05-15 06:20:00+00:00,4578.5,4579.2998046875,4577.0,4579.0,105
2026-05-15 06:21:00+00:00,4581.5,4582.10009765625,4578.39990234375,4578.7001953125,147
2026-05-15 06:22:00+00:00,4579.5,4582.39990234375,4576.60009765625,4581.60009765625,237
2026-05-15 06:23:00+00:00,4580.7001953125,4581.10009765625,4577.89990234375,4579.5,95
2026-05-15 06:24:00+00:00,4578.89990234375,4581.0,4577.2998046875,4580.0,136
2026-05-15 06:25:00+00:00,4578.2001953125,4580.0,4577.2998046875,4578.7998046875,100
2026-05-15 06:26:00+00:00,4580.7001953125,4582.0,4577.7001953125,4578.39990234375,387
2026-05-15 06:27:00+00:00,4577.89990234375,4580.7001953125,4577.60009765625,4580.2001953125,62
2026-05-15 06:28:00+00:00,4578.39990234375,4579.7001953125,4576.10009765625,4577.89990234375,285
2026-05-15 06:29:00+00:00,4579.2001953125,4580.0,4577.89990234375,4578.10009765625,154
2026-05-15 06:30:00+00:00,4583.89990234375,4584.2001953125,4578.2001953125,4579.0,167
2026-05-15 06:31:00+00:00,4581.5,4584.2001953125,4581.5,4583.5,140
2026-05-15 06:32:00+00:00,4583.7001953125,4585.39990234375,4580.0,4581.5,146
2026-05-15 06:33:00+00:00,4582.7001953125,4584.2001953125,4582.2998046875,4583.39990234375,63
2026-05-15 06:34:00+00:00,4579.0,4583.5,4578.5,4583.10009765625,177
2026-05-15 06:35:00+00:00,4579.2998046875,4580.2998046875,4578.2001953125,4579.2998046875,204
2026-05-15 06:36:00+00:00,4576.2001953125,4579.2998046875,4575.89990234375,4579.2998046875,82
2026-05-15 06:37:00+00:00,4576.2998046875,4577.0,4575.0,4576.39990234375,105
2026-05-15 06:38:00+00:00,4576.10009765625,4578.10009765625,4574.7998046875,4575.89990234375,89
2026-05-15 06:39:00+00:00,4576.2001953125,4579.10009765625,4576.2001953125,4576.2998046875,93
2026-05-15 06:40:00+00:00,4576.2001953125,4577.2001953125,4574.5,4576.60009765625,74
2026-05-15 06:41:00+00:00,4575.10009765625,4577.2998046875,4573.7998046875,4576.5,121
2026-05-15 06:42:00+00:00,4574.7998046875,4576.0,4574.10009765625,4575.2001953125,72
2026-05-15 06:43:00+00:00,4575.60009765625,4576.7998046875,4574.7001953125,4574.7001953125,80
2026-05-15 06:44:00+00:00,4572.0,4575.89990234375,4571.10009765625,4575.89990234375,116
2026-05-15 06:45:00+00:00,4575.7001953125,4575.89990234375,4572.0,4572.0,151
2026-05-15 06:46:00+00:00,4575.2998046875,4576.5,4574.39990234375,4575.60009765625,41
2026-05-15 06:47:00+00:00,4573.10009765625,4575.2998046875,4571.89990234375,4574.89990234375,87
2026-05-15 06:48:00+00:00,4569.60009765625,4573.0,4568.60009765625,4572.60009765625,96
2026-05-15 06:49:00+00:00,4577.0,4578.39990234375,4569.7998046875,4569.7998046875,326
2026-05-15 06:50:00+00:00,4573.7998046875,4578.2998046875,4573.39990234375,4576.89990234375,98
2026-05-15 06:51:00+00:00,4576.2998046875,4577.10009765625,4572.7998046875,4573.60009765625,102
2026-05-15 06:52:00+00:00,4575.2001953125,4577.7998046875,4574.2998046875,4575.60009765625,116
2026-05-15 06:53:00+00:00,4576.5,4577.10009765625,4574.60009765625,4575.10009765625,128
2026-05-15 06:54:00+00:00,4572.7998046875,4575.89990234375,4572.7998046875,4575.89990234375,88
2026-05-15 06:55:00+00:00,4570.89990234375,4575.2001953125,4570.89990234375,4573.2001953125,118
2026-05-15 06:56:00+00:00,4573.2001953125,4574.5,4570.5,4570.5,98
2026-05-15 06:57:00+00:00,4572.2998046875,4573.39990234375,4570.7998046875,4572.7001953125,87
2026-05-15 06:58:00+00:00,4572.2998046875,4572.5,4570.5,4571.2001953125,55
2026-05-15 06:59:00+00:00,4574.5,4574.5,4572.0,4572.7001953125,68
2026-05-15 07:00:00+00:00,4571.89990234375,4574.89990234375,4569.7998046875,4573.89990234375,199
2026-05-15 07:01:00+00:00,4572.7998046875,4576.0,4570.7998046875,4572.39990234375,151
2026-05-15 07:02:00+00:00,4575.2001953125,4576.39990234375,4572.5,4574.2998046875,64
2026-05-15 07:03:00+00:00,4575.5,4576.2001953125,4573.39990234375,4574.5,70
2026-05-15 07:04:00+00:00,4574.2001953125,4575.39990234375,4572.5,4575.39990234375,57
2026-05-15 07:05:00+00:00,4575.89990234375,4577.60009765625,4574.39990234375,4574.39990234375,96
2026-05-15 07:06:00+00:00,4575.10009765625,4576.89990234375,4573.5,4576.7001953125,120
2026-05-15 07:07:00+00:00,4577.0,4577.60009765625,4575.2998046875,4575.39990234375,62
2026-05-15 07:08:00+00:00,4578.10009765625,4578.5,4575.39990234375,4577.2998046875,154
2026-05-15 07:09:00+00:00,4580.7998046875,4581.5,4577.39990234375,4577.7001953125,312
2026-05-15 07:10:00+00:00,4584.7998046875,4585.10009765625,4580.39990234375,4581.2001953125,467
2026-05-15 07:11:00+00:00,4586.2998046875,4587.60009765625,4583.89990234375,4584.89990234375,417
2026-05-15 07:12:00+00:00,4588.2001953125,4589.10009765625,4585.7001953125,4585.7998046875,246
2026-05-15 07:13:00+00:00,4590.0,4590.5,4586.60009765625,4588.0,262
2026-05-15 07:14:00+00:00,4590.60009765625,4591.10009765625,4588.7998046875,4590.39990234375,293
2026-05-15 07:15:00+00:00,4589.2998046875,4591.39990234375,4588.89990234375,4590.60009765625,275
2026-05-15 07:16:00+00:00,4587.5,4591.10009765625,4587.2001953125,4590.0,264
2026-05-15 07:17:00+00:00,4589.10009765625,4589.2998046875,4587.0,4587.5,90
2026-05-15 07:18:00+00:00,4590.2998046875,4591.10009765625,4588.7001953125,4589.5,121
2026-05-15 07:19:00+00:00,4591.2001953125,4592.2001953125,4589.39990234375,4589.39990234375,116
2026-05-15 07:20:00+00:00,4591.5,4593.7998046875,4591.0,4591.39990234375,164
2026-05-15 07:21:00+00:00,4592.5,4593.0,4591.2001953125,4591.60009765625,83
2026-05-15 07:22:00+00:00,4591.39990234375,4592.60009765625,4591.0,4592.2998046875,83
2026-05-15 07:23:00+00:00,4588.7998046875,4591.89990234375,4588.60009765625,4591.5,68
2026-05-15 07:24:00+00:00,4587.5,4589.10009765625,4587.2998046875,4589.10009765625,58
2026-05-15 07:25:00+00:00,4586.39990234375,4588.2998046875,4586.2001953125,4587.2001953125,87
2026-05-15 07:26:00+00:00,4584.5,4586.2998046875,4584.5,4586.10009765625,193
2026-05-15 07:27:00+00:00,4585.2998046875,4586.10009765625,4583.7998046875,4584.89990234375,145
2026-05-15 07:28:00+00:00,4587.2001953125,4588.5,4585.39990234375,4585.39990234375,77
2026-05-15 07:29:00+00:00,4586.89990234375,4587.2001953125,4585.7998046875,4587.0,61
2026-05-15 07:30:00+00:00,4586.2998046875,4587.5,4586.0,4586.0,76
2026-05-15 07:31:00+00:00,4583.2001953125,4586.5,4583.2001953125,4586.5,55
2026-05-15 07:32:00+00:00,4584.39990234375,4585.60009765625,4583.0,4583.5,162
2026-05-15 07:33:00+00:00,4582.5,4585.5,4582.39990234375,4584.7998046875,105
2026-05-15 07:34:00+00:00,4583.89990234375,4584.60009765625,4582.10009765625,4582.7001953125,163
2026-05-15 07:35:00+00:00,4586.10009765625,4587.5,4583.7998046875,4583.89990234375,211
2026-05-15 07:36:00+00:00,4582.60009765625,4585.7998046875,4582.5,4585.7998046875,126
2026-05-15 07:37:00+00:00,4582.5,4583.10009765625,4579.60009765625,4582.2001953125,105
2026-05-15 07:38:00+00:00,4582.2998046875,4583.2001953125,4581.60009765625,4582.10009765625,59
2026-05-15 07:39:00+00:00,4582.2001953125,4582.7998046875,4581.5,4582.0,65
2026-05-15 07:40:00+00:00,4582.5,4583.7001953125,4580.5,4581.7998046875,201
2026-05-15 07:41:00+00:00,4581.39990234375,4582.7998046875,4580.2998046875,4582.0,96
2026-05-15 07:42:00+00:00,4581.10009765625,4582.39990234375,4580.7998046875,4581.60009765625,64
2026-05-15 07:43:00+00:00,4580.89990234375,4581.89990234375,4580.39990234375,4580.7001953125,71
2026-05-15 07:44:00+00:00,4582.7998046875,4583.5,4581.60009765625,4581.7998046875,40
2026-05-15 07:45:00+00:00,4582.60009765625,4582.89990234375,4581.60009765625,4582.7001953125,30
2026-05-15 07:46:00+00:00,4581.39990234375,4582.7998046875,4581.2998046875,4582.7998046875,23
2026-05-15 07:47:00+00:00,4580.60009765625,4581.7001953125,4579.7001953125,4581.7001953125,38
2026-05-15 07:48:00+00:00,4582.7001953125,4582.7001953125,4580.10009765625,4580.7001953125,93
2026-05-15 07:49:00+00:00,4580.2001953125,4584.0,4578.89990234375,4582.89990234375,180
2026-05-15 07:50:00+00:00,4576.39990234375,4580.0,4575.7001953125,4579.7998046875,225
2026-05-15 07:51:00+00:00,4576.60009765625,4577.60009765625,4576.10009765625,4577.0,56
2026-05-15 07:52:00+00:00,4576.2001953125,4577.7001953125,4575.7998046875,4576.60009765625,169
2026-05-15 07:53:00+00:00,4573.7998046875,4576.7001953125,4573.5,4576.7001953125,130
2026-05-15 07:54:00+00:00,4575.89990234375,4576.2001953125,4573.39990234375,4573.5,58
2026-05-15 07:55:00+00:00,4576.7001953125,4577.2998046875,4575.2998046875,4575.39990234375,124
2026-05-15 07:56:00+00:00,4575.7001953125,4577.7998046875,4575.39990234375,4577.10009765625,162
2026-05-15 07:57:00+00:00,4575.2998046875,4576.39990234375,4574.2998046875,4575.39990234375,175
2026-05-15 07:58:00+00:00,4574.10009765625,4575.10009765625,4573.89990234375,4575.10009765625,141
2026-05-15 07:59:00+00:00,4575.7001953125,4575.7998046875,4573.39990234375,4574.2001953125,105
2026-05-15 08:00:00+00:00,4572.39990234375,4576.89990234375,4572.39990234375,4575.60009765625,122
2026-05-15 08:01:00+00:00,4569.39990234375,4573.2998046875,4568.2998046875,4573.0,224
2026-05-15 08:02:00+00:00,4566.2998046875,4569.2001953125,4565.5,4569.2001953125,269
2026-05-15 08:03:00+00:00,4566.5,4567.7001953125,4564.2998046875,4566.39990234375,366
2026-05-15 08:04:00+00:00,4565.39990234375,4567.2001953125,4561.2998046875,4567.0,318
2026-05-15 08:05:00+00:00,4570.5,4571.10009765625,4564.2998046875,4565.39990234375,286
2026-05-15 08:06:00+00:00,4569.2998046875,4570.89990234375,4567.39990234375,4570.2998046875,113
2026-05-15 08:07:00+00:00,4571.0,4571.10009765625,4568.2998046875,4569.0,64
2026-05-15 08:08:00+00:00,4567.60009765625,4572.2001953125,4566.89990234375,4570.2998046875,194
2026-05-15 08:09:00+00:00,4570.7001953125,4571.89990234375,4567.10009765625,4567.7998046875,149
2026-05-15 08:10:00+00:00,4570.10009765625,4571.39990234375,4568.7001953125,4571.10009765625,102
2026-05-15 08:11:00+00:00,4569.60009765625,4570.2998046875,4567.7001953125,4570.2001953125,33
2026-05-15 08:12:00+00:00,4569.89990234375,4570.2001953125,4569.2001953125,4569.39990234375,26
2026-05-15 08:13:00+00:00,4568.5,4570.2001953125,4568.5,4570.0,200
2026-05-15 08:14:00+00:00,4569.7001953125,4570.0,4568.10009765625,4568.10009765625,74
2026-05-15 08:15:00+00:00,4566.5,4569.7001953125,4566.39990234375,4569.5,180
2026-05-15 08:16:00+00:00,4564.5,4567.2998046875,4563.10009765625,4566.2998046875,171
2026-05-15 08:17:00+00:00,4559.89990234375,4564.0,4557.2001953125,4564.0,517
2026-05-15 08:18:00+00:00,4562.5,4562.5,4556.7998046875,4559.7998046875,277
2026-05-15 08:19:00+00:00,4560.89990234375,4563.2001953125,4560.10009765625,4562.60009765625,107
2026-05-15 08:20:00+00:00,4560.0,4562.39990234375,4559.39990234375,4560.60009765625,125
2026-05-15 08:21:00+00:00,4560.39990234375,4560.89990234375,4558.39990234375,4559.39990234375,171
2026-05-15 08:22:00+00:00,4564.2001953125,4565.2998046875,4560.2001953125,4560.2998046875,253
2026-05-15 08:23:00+00:00,4563.7998046875,4564.7001953125,4562.2001953125,4564.0,132
2026-05-15 08:24:00+00:00,4564.2998046875,4565.10009765625,4562.7998046875,4563.60009765625,154
2026-05-15 08:25:00+00:00,4564.2001953125,4565.39990234375,4562.89990234375,4563.89990234375,60
2026-05-15 08:26:00+00:00,4563.0,4564.2001953125,4561.39990234375,4563.5,99
2026-05-15 08:27:00+00:00,4561.39990234375,4563.0,4560.2001953125,4562.89990234375,78
2026-05-15 08:28:00+00:00,4563.2998046875,4565.0,4560.7998046875,4561.10009765625,120
2026-05-15 08:29:00+00:00,4562.5,4564.0,4561.39990234375,4563.89990234375,29
2026-05-15 08:30:00+00:00,4557.2998046875,4562.10009765625,4553.2001953125,4562.10009765625,280
2026-05-15 08:31:00+00:00,4556.60009765625,4558.60009765625,4555.2998046875,4556.7998046875,224
2026-05-15 08:32:00+00:00,4556.7001953125,4558.7998046875,4556.39990234375,4556.60009765625,253
2026-05-15 08:33:00+00:00,4559.89990234375,4559.89990234375,4555.89990234375,4557.2001953125,209
2026-05-15 08:34:00+00:00,4559.7001953125,4560.2001953125,4557.7998046875,4559.60009765625,99
2026-05-15 08:35:00+00:00,4559.60009765625,4562.2001953125,4558.7998046875,4559.60009765625,97
2026-05-15 08:36:00+00:00,4559.39990234375,4560.89990234375,4558.60009765625,4558.60009765625,73
2026-05-15 08:37:00+00:00,4557.89990234375,4560.2998046875,4557.39990234375,4560.2001953125,90
2026-05-15 08:38:00+00:00,4559.89990234375,4560.89990234375,4557.7998046875,4558.2001953125,135
2026-05-15 08:39:00+00:00,4562.60009765625,4563.7998046875,4559.2998046875,4560.0,325
2026-05-15 08:40:00+00:00,4563.2998046875,4565.2998046875,4562.2001953125,4562.7001953125,166
2026-05-15 08:41:00+00:00,4564.89990234375,4565.7998046875,4562.7998046875,4562.7998046875,122
2026-05-15 08:42:00+00:00,4566.7998046875,4567.0,4563.2998046875,4565.39990234375,114
2026-05-15 08:43:00+00:00,4565.2998046875,4567.39990234375,4564.10009765625,4566.89990234375,87
2026-05-15 08:44:00+00:00,4567.0,4567.2001953125,4563.7001953125,4565.2998046875,103
2026-05-15 08:45:00+00:00,4566.2001953125,4568.60009765625,4565.89990234375,4567.0,90
2026-05-15 08:46:00+00:00,4563.2001953125,4565.7998046875,4563.0,4565.7998046875,65
2026-05-15 08:47:00+00:00,4565.7998046875,4566.2001953125,4563.10009765625,4563.10009765625,82
2026-05-15 08:48:00+00:00,4566.2998046875,4566.7001953125,4565.60009765625,4565.7998046875,42
2026-05-15 08:49:00+00:00,4566.7001953125,4566.7998046875,4565.7998046875,4566.2998046875,31
2026-05-15 08:50:00+00:00,4565.39990234375,4566.89990234375,4564.89990234375,4566.89990234375,85
2026-05-15 08:51:00+00:00,4564.39990234375,4565.7998046875,4563.89990234375,4565.7998046875,81
2026-05-15 08:52:00+00:00,4563.89990234375,4565.2001953125,4563.89990234375,4564.2998046875,101
2026-05-15 08:53:00+00:00,4563.89990234375,4564.60009765625,4563.0,4564.10009765625,81
2026-05-15 08:54:00+00:00,4562.39990234375,4563.89990234375,4561.39990234375,4563.89990234375,83
2026-05-15 08:55:00+00:00,4560.2998046875,4562.60009765625,4558.2001953125,4562.2998046875,190
2026-05-15 08:56:00+00:00,4561.39990234375,4561.60009765625,4559.7998046875,4560.10009765625,57
2026-05-15 08:57:00+00:00,4559.7001953125,4560.7998046875,4558.89990234375,4560.7998046875,49
2026-05-15 08:58:00+00:00,4558.10009765625,4560.10009765625,4557.7998046875,4560.0,88
2026-05-15 08:59:00+00:00,4558.89990234375,4558.89990234375,4556.2998046875,4558.0,208
2026-05-15 09:00:00+00:00,4555.89990234375,4559.39990234375,4555.89990234375,4559.0,93
2026-05-15 09:01:00+00:00,4556.2998046875,4558.2001953125,4555.0,4556.10009765625,137
2026-05-15 09:02:00+00:00,4556.2998046875,4556.7998046875,4554.7001953125,4556.7001953125,182
2026-05-15 09:03:00+00:00,4558.7001953125,4558.7001953125,4555.89990234375,4556.39990234375,187
2026-05-15 09:04:00+00:00,4561.89990234375,4563.10009765625,4557.0,4558.0,363
2026-05-15 09:05:00+00:00,4567.10009765625,4568.2001953125,4562.2001953125,4562.2001953125,296
2026-05-15 09:06:00+00:00,4558.89990234375,4567.10009765625,4558.5,4566.7001953125,243
2026-05-15 09:07:00+00:00,4558.39990234375,4560.60009765625,4557.2998046875,4558.89990234375,62
2026-05-15 09:08:00+00:00,4559.7001953125,4559.89990234375,4557.7998046875,4558.0,47
2026-05-15 09:09:00+00:00,4559.0,4559.7998046875,4557.60009765625,4559.10009765625,28
2026-05-15 09:10:00+00:00,4552.2001953125,4560.0,4552.2001953125,4559.5,199
2026-05-15 09:11:00+00:00,4552.89990234375,4554.0,4551.2001953125,4552.2001953125,177
2026-05-15 09:12:00+00:00,4554.2998046875,4555.10009765625,4551.7998046875,4553.0,61
2026-05-15 09:13:00+00:00,4554.0,4554.7001953125,4553.0,4554.39990234375,39
2026-05-15 09:14:00+00:00,4551.60009765625,4553.89990234375,4549.7001953125,4553.89990234375,256
2026-05-15 09:15:00+00:00,4547.60009765625,4553.39990234375,4543.2998046875,4551.2001953125,434
2026-05-15 09:16:00+00:00,4547.10009765625,4548.2001953125,4543.10009765625,4547.7001953125,227
2026-05-15 09:17:00+00:00,4548.7001953125,4549.10009765625,4545.89990234375,4546.89990234375,144
2026-05-15 09:18:00+00:00,4551.10009765625,4551.10009765625,4547.60009765625,4548.2998046875,223
2026-05-15 09:19:00+00:00,4550.7001953125,4551.5,4549.0,4551.2998046875,143
2026-05-15 09:20:00+00:00,4550.7001953125,4551.7001953125,4549.7001953125,4550.39990234375,124
2026-05-15 09:21:00+00:00,4552.5,4553.60009765625,4550.5,4550.60009765625,107
2026-05-15 09:22:00+00:00,4552.0,4552.39990234375,4548.7001953125,4552.10009765625,159
2026-05-15 09:23:00+00:00,4553.10009765625,4553.10009765625,4549.7001953125,4552.39990234375,168
2026-05-15 09:24:00+00:00,4555.2998046875,4556.7998046875,4552.89990234375,4553.0,109
2026-05-15 09:25:00+00:00,4556.2001953125,4557.39990234375,4554.60009765625,4555.2998046875,104
2026-05-15 09:26:00+00:00,4555.0,4556.39990234375,4554.2001953125,4555.5,66
2026-05-15 09:27:00+00:00,4558.0,4558.2001953125,4555.2001953125,4555.2001953125,99
2026-05-15 09:28:00+00:00,4556.89990234375,4558.0,4556.2001953125,4557.7001953125,96
2026-05-15 09:29:00+00:00,4556.7998046875,4558.7998046875,4555.10009765625,4556.7001953125,220
2026-05-15 09:30:00+00:00,4557.60009765625,4559.60009765625,4556.10009765625,4557.10009765625,224
2026-05-15 09:31:00+00:00,4558.2001953125,4558.2001953125,4555.89990234375,4557.60009765625,89
2026-05-15 09:32:00+00:00,4558.2001953125,4558.2998046875,4556.5,4557.7001953125,115
2026-05-15 09:33:00+00:00,4559.10009765625,4559.7001953125,4557.60009765625,4558.2998046875,46
2026-05-15 09:34:00+00:00,4557.60009765625,4558.89990234375,4557.39990234375,4558.7998046875,68
2026-05-15 09:35:00+00:00,4556.5,4557.60009765625,4554.7001953125,4557.60009765625,117
2026-05-15 09:36:00+00:00,4552.0,4556.7001953125,4552.0,4556.60009765625,106
2026-05-15 09:37:00+00:00,4551.10009765625,4553.2001953125,4550.5,4552.2001953125,110
2026-05-15 09:38:00+00:00,4548.89990234375,4552.2998046875,4548.60009765625,4551.0,181
2026-05-15 09:39:00+00:00,4550.5,4551.2001953125,4548.2998046875,4549.0,108
2026-05-15 09:40:00+00:00,4550.39990234375,4551.2001953125,4548.60009765625,4550.60009765625,121
2026-05-15 09:41:00+00:00,4552.2001953125,4552.5,4550.0,4550.7998046875,156
2026-05-15 09:42:00+00:00,4552.60009765625,4552.60009765625,4550.60009765625,4551.60009765625,99
2026-05-15 09:43:00+00:00,4548.89990234375,4553.39990234375,4548.89990234375,4552.10009765625,74
2026-05-15 09:44:00+00:00,4547.7998046875,4549.7001953125,4546.7001953125,4549.2001953125,103
2026-05-15 09:45:00+00:00,4547.0,4548.0,4544.2998046875,4547.2001953125,147
2026-05-15 09:46:00+00:00,4546.39990234375,4547.0,4545.2001953125,4546.60009765625,108
2026-05-15 09:47:00+00:00,4544.7998046875,4547.7998046875,4544.7001953125,4546.39990234375,183
2026-05-15 09:48:00+00:00,4543.5,4545.2001953125,4542.89990234375,4545.2001953125,266
2026-05-15 09:49:00+00:00,4542.2001953125,4544.0,4541.7001953125,4544.0,207
2026-05-15 09:50:00+00:00,4541.7998046875,4541.7998046875,4535.39990234375,4541.7001953125,578
2026-05-15 09:51:00+00:00,4543.39990234375,4544.7001953125,4541.2001953125,4541.7001953125,185
2026-05-15 09:52:00+00:00,4546.60009765625,4547.10009765625,4544.0,4544.0,170
2026-05-15 09:53:00+00:00,4545.39990234375,4546.2998046875,4543.7001953125,4545.89990234375,90
2026-05-15 09:54:00+00:00,4546.2001953125,4546.7001953125,4544.5,4545.39990234375,67
2026-05-15 09:55:00+00:00,4547.2001953125,4547.2001953125,4541.89990234375,4546.39990234375,110
2026-05-15 09:56:00+00:00,4550.89990234375,4550.89990234375,4547.39990234375,4547.7001953125,214
2026-05-15 09:57:00+00:00,4547.7998046875,4551.0,4547.7998046875,4550.60009765625,80
2026-05-15 09:58:00+00:00,4549.5,4549.5,4547.7998046875,4548.10009765625,99
2026-05-15 09:59:00+00:00,4549.7998046875,4550.0,4548.5,4549.60009765625,57
2026-05-15 10:00:00+00:00,4549.7998046875,4552.0,4548.39990234375,4549.89990234375,113
2026-05-15 10:01:00+00:00,4550.2998046875,4551.2998046875,4548.0,4550.2998046875,69
2026-05-15 10:02:00+00:00,4551.5,4553.2998046875,4549.39990234375,4549.39990234375,205
2026-05-15 10:03:00+00:00,4551.0,4551.7001953125,4549.2001953125,4551.5,88
2026-05-15 10:04:00+00:00,4550.39990234375,4553.0,4549.39990234375,4550.89990234375,87
2026-05-15 10:05:00+00:00,4554.60009765625,4555.2998046875,4550.0,4550.0,135
2026-05-15 10:06:00+00:00,4556.2001953125,4556.89990234375,4554.0,4554.60009765625,112
2026-05-15 10:07:00+00:00,4556.2001953125,4557.7001953125,4555.5,4556.2001953125,141
2026-05-15 10:08:00+00:00,4560.5,4561.2001953125,4555.7001953125,4556.10009765625,251
2026-05-15 10:09:00+00:00,4562.10009765625,4563.60009765625,4560.39990234375,4560.7998046875,272
2026-05-15 10:10:00+00:00,4561.39990234375,4563.10009765625,4561.39990234375,4562.5,186
2026-05-15 10:11:00+00:00,4562.2001953125,4563.39990234375,4560.0,4561.60009765625,154
2026-05-15 10:12:00+00:00,4565.7998046875,4566.10009765625,4562.39990234375,4562.39990234375,169
2026-05-15 10:13:00+00:00,4564.89990234375,4567.0,4564.39990234375,4565.5,141
2026-05-15 10:14:00+00:00,4565.0,4566.60009765625,4563.89990234375,4564.7001953125,107
2026-05-15 10:15:00+00:00,4566.39990234375,4566.7998046875,4565.0,4565.10009765625,114
2026-05-15 10:16:00+00:00,4567.10009765625,4567.60009765625,4564.5,4565.89990234375,155
2026-05-15 10:17:00+00:00,4565.0,4567.2998046875,4564.7998046875,4567.2998046875,72
2026-05-15 10:18:00+00:00,4562.39990234375,4565.0,4562.10009765625,4565.0,146
2026-05-15 10:19:00+00:00,4561.2998046875,4563.0,4560.7998046875,4562.2001953125,153
2026-05-15 10:20:00+00:00,4563.7001953125,4564.60009765625,4560.2001953125,4561.39990234375,76
2026-05-15 10:21:00+00:00,4563.5,4564.39990234375,4562.7001953125,4563.5,108
2026-05-15 10:22:00+00:00,4565.0,4565.5,4563.7001953125,4564.2001953125,58
2026-05-15 10:23:00+00:00,4565.10009765625,4566.2001953125,4563.60009765625,4565.2998046875,188
2026-05-15 10:24:00+00:00,4559.89990234375,4565.89990234375,4559.89990234375,4565.10009765625,193
2026-05-15 10:25:00+00:00,4559.2001953125,4561.10009765625,4558.5,4560.39990234375,71
2026-05-15 10:26:00+00:00,4558.89990234375,4559.7998046875,4557.2998046875,4559.0,147
2026-05-15 10:27:00+00:00,4557.7998046875,4559.10009765625,4556.10009765625,4558.60009765625,104
2026-05-15 10:28:00+00:00,4556.7998046875,4558.0,4556.60009765625,4557.7001953125,31
2026-05-15 10:29:00+00:00,4555.7998046875,4556.7998046875,4555.60009765625,4556.7998046875,58
2026-05-15 10:30:00+00:00,4557.2001953125,4558.2001953125,4554.7001953125,4555.89990234375,120
2026-05-15 10:31:00+00:00,4558.7001953125,4560.0,4556.7998046875,4557.89990234375,92
2026-05-15 10:32:00+00:00,4557.7001953125,4558.60009765625,4557.2998046875,4558.2001953125,95
2026-05-15 10:33:00+00:00,4559.89990234375,4559.89990234375,4557.7001953125,4557.7001953125,50
2026-05-15 10:34:00+00:00,4558.7998046875,4560.5,4558.0,4560.5,77
2026-05-15 10:35:00+00:00,4557.60009765625,4559.0,4557.0,4558.7998046875,33
2026-05-15 10:36:00+00:00,4557.39990234375,4558.10009765625,4556.5,4557.7001953125,104
2026-05-15 10:37:00+00:00,4555.39990234375,4558.5,4555.0,4557.7998046875,61
2026-05-15 10:38:00+00:00,4556.2998046875,4556.7001953125,4555.5,4555.5,22
2026-05-15 10:39:00+00:00,4556.39990234375,4556.7998046875,4555.60009765625,4556.7001953125,21
2026-05-15 10:40:00+00:00,4558.0,4558.2998046875,4555.39990234375,4556.2001953125,48
2026-05-15 10:41:00+00:00,4555.60009765625,4558.0,4555.2001953125,4557.89990234375,25
2026-05-15 10:42:00+00:00,4556.0,4557.10009765625,4554.10009765625,4555.5,42
2026-05-15 10:43:00+00:00,4555.60009765625,4556.7001953125,4554.7001953125,4556.7001953125,58
2026-05-15 10:44:00+00:00,4559.0,4559.39990234375,4553.60009765625,4554.7001953125,179
2026-05-15 10:45:00+00:00,4562.39990234375,4563.10009765625,4558.2998046875,4559.0,149
2026-05-15 10:46:00+00:00,4564.39990234375,4567.2998046875,4562.60009765625,4562.89990234375,149
2026-05-15 10:47:00+00:00,4565.89990234375,4567.10009765625,4564.89990234375,4565.0,88
2026-05-15 10:48:00+00:00,4565.0,4567.0,4564.0,4565.7001953125,96
2026-05-15 10:49:00+00:00,4563.0,4567.7998046875,4563.0,4565.89990234375,235
2026-05-15 10:50:00+00:00,4563.5,4565.39990234375,4561.39990234375,4563.2998046875,98
2026-05-15 10:51:00+00:00,4571.10009765625,4571.89990234375,4561.7998046875,4563.2998046875,510
2026-05-15 10:52:00+00:00,4570.5,4573.2998046875,4569.89990234375,4571.39990234375,172
2026-05-15 10:53:00+00:00,4576.2001953125,4577.0,4570.2001953125,4570.2001953125,631
2026-05-15 10:54:00+00:00,4573.2998046875,4576.2998046875,4571.39990234375,4575.60009765625,235
2026-05-15 10:55:00+00:00,4569.0,4574.0,4568.0,4573.2001953125,354
2026-05-15 10:56:00+00:00,4570.5,4570.89990234375,4568.2998046875,4569.10009765625,112
2026-05-15 10:57:00+00:00,4571.60009765625,4573.2998046875,4569.89990234375,4569.89990234375,150
2026-05-15 10:58:00+00:00,4572.10009765625,4573.5,4571.7998046875,4572.2001953125,59
2026-05-15 10:59:00+00:00,4570.2001953125,4572.7001953125,4569.5,4572.2998046875,75
2026-05-15 11:00:00+00:00,4571.7001953125,4574.0,4569.60009765625,4570.5,114
2026-05-15 11:01:00+00:00,4571.60009765625,4574.7998046875,4571.39990234375,4572.0,107
2026-05-15 11:02:00+00:00,4569.2998046875,4572.2998046875,4567.39990234375,4571.5,128
2026-05-15 11:03:00+00:00,4568.7001953125,4570.0,4568.60009765625,4569.39990234375,38
2026-05-15 11:04:00+00:00,4566.39990234375,4569.2001953125,4565.89990234375,4568.7001953125,71
2026-05-15 11:05:00+00:00,4568.7998046875,4569.2001953125,4565.5,4565.7998046875,160
2026-05-15 11:06:00+00:00,4566.5,4570.60009765625,4566.39990234375,4569.7001953125,209
2026-05-15 11:07:00+00:00,4567.5,4567.5,4565.0,4566.0,74
2026-05-15 11:08:00+00:00,4567.0,4569.10009765625,4566.5,4566.89990234375,74
2026-05-15 11:09:00+00:00,4568.39990234375,4568.89990234375,4567.39990234375,4567.39990234375,64
2026-05-15 11:10:00+00:00,4572.39990234375,4572.39990234375,4567.7998046875,4568.0,70
2026-05-15 11:11:00+00:00,4570.60009765625,4573.0,4570.2998046875,4572.7998046875,62
2026-05-15 11:12:00+00:00,4570.60009765625,4573.2001953125,4569.60009765625,4571.0,141
2026-05-15 11:13:00+00:00,4572.2998046875,4572.2998046875,4569.7998046875,4570.2998046875,114
2026-05-15 11:14:00+00:00,4570.60009765625,4572.7001953125,4570.60009765625,4572.0,85
2026-05-15 11:15:00+00:00,4571.89990234375,4573.60009765625,4570.7998046875,4571.0,61
2026-05-15 11:16:00+00:00,4568.39990234375,4572.0,4568.39990234375,4571.89990234375,81
2026-05-15 11:17:00+00:00,4570.39990234375,4571.10009765625,4568.60009765625,4568.60009765625,39
2026-05-15 11:18:00+00:00,4569.39990234375,4571.2001953125,4569.39990234375,4570.39990234375,62
2026-05-15 11:19:00+00:00,4568.7998046875,4570.2998046875,4568.0,4569.7001953125,44
2026-05-15 11:20:00+00:00,4569.2001953125,4569.89990234375,4568.7001953125,4568.7001953125,33
2026-05-15 11:21:00+00:00,4568.0,4569.60009765625,4567.5,4568.89990234375,59
2026-05-15 11:22:00+00:00,4568.7001953125,4568.89990234375,4567.7998046875,4567.7998046875,62
2026-05-15 11:23:00+00:00,4568.39990234375,4569.10009765625,4567.5,4568.7998046875,31
2026-05-15 11:24:00+00:00,4569.2001953125,4569.2998046875,4568.0,4569.0,51
2026-05-15 11:25:00+00:00,4563.60009765625,4569.10009765625,4563.39990234375,4569.0,96
2026-05-15 11:26:00+00:00,4565.2001953125,4566.5,4564.0,4564.0,63
2026-05-15 11:27:00+00:00,4565.7998046875,4567.0,4565.2998046875,4565.39990234375,67
2026-05-15 11:28:00+00:00,4565.7998046875,4566.2001953125,4564.5,4565.5,38
2026-05-15 11:29:00+00:00,4566.7001953125,4567.0,4565.60009765625,4565.7001953125,20
2026-05-15 11:30:00+00:00,4564.2001953125,4567.0,4564.2001953125,4567.0,76
2026-05-15 11:31:00+00:00,4565.0,4565.60009765625,4564.2001953125,4564.39990234375,42
2026-05-15 11:32:00+00:00,4565.10009765625,4565.5,4563.2998046875,4565.5,56
2026-05-15 11:33:00+00:00,4563.7998046875,4565.2001953125,4563.39990234375,4565.0,23
2026-05-15 11:34:00+00:00,4564.2001953125,4564.39990234375,4562.89990234375,4563.60009765625,123
2026-05-15 11:35:00+00:00,4563.60009765625,4564.60009765625,4562.7998046875,4563.89990234375,63
2026-05-15 11:36:00+00:00,4560.89990234375,4563.60009765625,4560.89990234375,4563.60009765625,241
2026-05-15 11:37:00+00:00,4561.5,4561.5,4559.5,4561.0,130
2026-05-15 11:38:00+00:00,4560.10009765625,4561.0,4559.7001953125,4561.0,59
2026-05-15 11:39:00+00:00,4558.10009765625,4560.89990234375,4557.89990234375,4560.0,134
2026-05-15 11:40:00+00:00,4557.7001953125,4559.2001953125,4556.2001953125,4558.39990234375,102
2026-05-15 11:41:00+00:00,4556.60009765625,4558.5,4556.10009765625,4557.10009765625,59
2026-05-15 11:42:00+00:00,4556.39990234375,4557.7998046875,4556.2001953125,4556.89990234375,134
2026-05-15 11:43:00+00:00,4556.7001953125,4558.0,4556.0,4556.2998046875,105
2026-05-15 11:44:00+00:00,4556.10009765625,4557.2998046875,4555.39990234375,4556.7001953125,47
2026-05-15 11:45:00+00:00,4557.10009765625,4558.2001953125,4555.7998046875,4555.7998046875,34
2026-05-15 11:46:00+00:00,4560.0,4560.2001953125,4558.2001953125,4558.2001953125,108
2026-05-15 11:47:00+00:00,4561.10009765625,4561.10009765625,4558.7001953125,4559.89990234375,166
2026-05-15 11:48:00+00:00,4561.89990234375,4563.0,4560.7001953125,4561.10009765625,195
2026-05-15 11:49:00+00:00,4560.89990234375,4562.5,4560.89990234375,4561.89990234375,70
2026-05-15 11:50:00+00:00,4561.7001953125,4562.10009765625,4560.0,4560.89990234375,58
2026-05-15 11:51:00+00:00,4561.7001953125,4563.5,4561.7001953125,4562.2001953125,47
2026-05-15 11:52:00+00:00,4558.7998046875,4561.2001953125,4558.7998046875,4561.2001953125,42
2026-05-15 11:53:00+00:00,4559.39990234375,4559.89990234375,4558.7001953125,4559.7001953125,73
2026-05-15 11:54:00+00:00,4558.2001953125,4559.39990234375,4557.7001953125,4559.2998046875,29
2026-05-15 11:55:00+00:00,4554.60009765625,4558.39990234375,4554.0,4558.2001953125,129
2026-05-15 11:56:00+00:00,4555.89990234375,4556.10009765625,4554.60009765625,4554.60009765625,42
2026-05-15 11:57:00+00:00,4558.0,4558.5,4555.60009765625,4556.0,191
2026-05-15 11:58:00+00:00,4555.10009765625,4557.7998046875,4554.39990234375,4557.7998046875,59
2026-05-15 11:59:00+00:00,4555.89990234375,4557.10009765625,4554.7001953125,4554.7001953125,59
2026-05-15 12:00:00+00:00,4553.89990234375,4556.0,4553.7998046875,4556.0,116
2026-05-15 12:01:00+00:00,4552.89990234375,4554.0,4550.39990234375,4554.0,185
2026-05-15 12:02:00+00:00,4554.60009765625,4555.0,4551.7998046875,4552.60009765625,71
2026-05-15 12:03:00+00:00,4555.7001953125,4556.2998046875,4554.60009765625,4555.2998046875,62
2026-05-15 12:04:00+00:00,4554.2998046875,4555.89990234375,4554.0,4555.60009765625,53
2026-05-15 12:05:00+00:00,4554.5,4557.10009765625,4554.5,4554.7001953125,96
2026-05-15 12:06:00+00:00,4555.2998046875,4555.60009765625,4553.2001953125,4554.2001953125,230
2026-05-15 12:07:00+00:00,4554.7998046875,4555.89990234375,4554.5,4554.89990234375,45
2026-05-15 12:08:00+00:00,4556.10009765625,4557.39990234375,4555.0,4555.0,34
2026-05-15 12:09:00+00:00,4557.5,4557.5,4554.2001953125,4555.39990234375,95
2026-05-15 12:10:00+00:00,4558.10009765625,4559.5,4557.2001953125,4557.2001953125,96
2026-05-15 12:11:00+00:00,4556.89990234375,4558.0,4554.89990234375,4558.0,151
2026-05-15 12:12:00+00:00,4554.2998046875,4557.2998046875,4554.10009765625,4556.7998046875,202
2026-05-15 12:13:00+00:00,4554.89990234375,4555.60009765625,4553.89990234375,4553.89990234375,77
2026-05-15 12:14:00+00:00,4549.89990234375,4554.7001953125,4549.2998046875,4554.7001953125,357
2026-05-15 12:15:00+00:00,4555.2001953125,4555.2001953125,4549.0,4549.60009765625,306
2026-05-15 12:16:00+00:00,4554.5,4555.2998046875,4553.0,4555.2998046875,57
2026-05-15 12:17:00+00:00,4552.0,4555.39990234375,4551.2998046875,4554.5,75
2026-05-15 12:18:00+00:00,4551.0,4552.2001953125,4549.7001953125,4551.5,142
2026-05-15 12:19:00+00:00,4552.7001953125,4553.2001953125,4550.2001953125,4550.39990234375,207
2026-05-15 12:20:00+00:00,4560.89990234375,4560.89990234375,4551.89990234375,4553.2001953125,318
2026-05-15 12:21:00+00:00,4560.7998046875,4562.7001953125,4560.5,4560.60009765625,248
2026-05-15 12:22:00+00:00,4561.0,4561.7998046875,4558.89990234375,4560.39990234375,195
2026-05-15 12:23:00+00:00,4559.7001953125,4561.39990234375,4557.39990234375,4561.39990234375,452
2026-05-15 12:24:00+00:00,4560.10009765625,4560.39990234375,4557.5,4559.7998046875,268
2026-05-15 12:25:00+00:00,4559.60009765625,4560.2998046875,4556.7998046875,4559.10009765625,285
2026-05-15 12:26:00+00:00,4560.39990234375,4561.7998046875,4559.7998046875,4559.7998046875,104
2026-05-15 12:27:00+00:00,4559.5,4560.89990234375,4559.10009765625,4560.0,76
2026-05-15 12:28:00+00:00,4557.7998046875,4559.7998046875,4557.7998046875,4559.7998046875,99
2026-05-15 12:29:00+00:00,4559.7001953125,4560.7001953125,4557.89990234375,4557.89990234375,68
2026-05-15 12:30:00+00:00,4553.0,4559.10009765625,4552.5,4558.60009765625,200
2026-05-15 12:31:00+00:00,4554.7998046875,4555.2001953125,4552.2001953125,4552.7998046875,118
2026-05-15 12:32:00+00:00,4555.39990234375,4555.7998046875,4552.10009765625,4554.7001953125,152
2026-05-15 12:33:00+00:00,4556.89990234375,4558.10009765625,4554.0,4555.10009765625,160
2026-05-15 12:34:00+00:00,4553.60009765625,4557.10009765625,4553.60009765625,4557.10009765625,44
2026-05-15 12:35:00+00:00,4556.89990234375,4557.5,4552.2998046875,4553.2998046875,146
2026-05-15 12:36:00+00:00,4557.10009765625,4558.0,4554.2998046875,4556.39990234375,151
2026-05-15 12:37:00+00:00,4554.39990234375,4557.7998046875,4553.7001953125,4556.89990234375,130
2026-05-15 12:38:00+00:00,4553.39990234375,4555.5,4552.89990234375,4553.89990234375,99
2026-05-15 12:39:00+00:00,4552.5,4553.39990234375,4551.7001953125,4553.2998046875,114
2026-05-15 12:40:00+00:00,4551.7998046875,4554.10009765625,4550.60009765625,4552.0,176
2026-05-15 12:41:00+00:00,4552.10009765625,4552.60009765625,4551.7001953125,4552.0,49
2026-05-15 12:42:00+00:00,4548.39990234375,4552.10009765625,4546.2998046875,4552.0,433
2026-05-15 12:43:00+00:00,4551.89990234375,4551.89990234375,4548.39990234375,4549.10009765625,134
2026-05-15 12:44:00+00:00,4549.89990234375,4552.10009765625,4549.60009765625,4552.0,145
2026-05-15 12:45:00+00:00,4551.2001953125,4551.2001953125,4547.7001953125,4549.2998046875,151
2026-05-15 12:46:00+00:00,4553.89990234375,4554.0,4551.10009765625,4551.39990234375,105
2026-05-15 12:47:00+00:00,4555.7998046875,4555.7998046875,4552.60009765625,4553.89990234375,97
2026-05-15 12:48:00+00:00,4554.5,4555.7998046875,4553.7998046875,4555.7998046875,58
2026-05-15 12:49:00+00:00,4553.60009765625,4554.5,4552.2998046875,4554.5,73
2026-05-15 12:50:00+00:00,4553.7998046875,4554.2001953125,4551.2998046875,4553.10009765625,74
2026-05-15 12:51:00+00:00,4559.10009765625,4559.39990234375,4553.60009765625,4553.60009765625,152
2026-05-15 12:52:00+00:00,4559.5,4559.7998046875,4558.10009765625,4559.5,138
2026-05-15 12:53:00+00:00,4557.2001953125,4559.60009765625,4556.7998046875,4559.5,93
2026-05-15 12:54:00+00:00,4558.7998046875,4558.7998046875,4555.5,4557.5,149
2026-05-15 12:55:00+00:00,4557.60009765625,4558.2998046875,4555.60009765625,4558.10009765625,67
2026-05-15 12:56:00+00:00,4556.39990234375,4558.7001953125,4556.39990234375,4557.60009765625,59
2026-05-15 12:57:00+00:00,4555.5,4557.10009765625,4554.2001953125,4556.60009765625,76
2026-05-15 12:58:00+00:00,4555.89990234375,4557.5,4554.7998046875,4555.0,47
2026-05-15 12:59:00+00:00,4550.2001953125,4555.7998046875,4549.7998046875,4555.7001953125,254
2026-05-15 13:00:00+00:00,4546.7998046875,4553.5,4545.2998046875,4550.10009765625,460
2026-05-15 13:01:00+00:00,4544.2001953125,4547.10009765625,4540.7998046875,4546.7001953125,585
2026-05-15 13:02:00+00:00,4547.0,4547.0,4543.2998046875,4544.2998046875,397
2026-05-15 13:03:00+00:00,4547.60009765625,4548.60009765625,4544.60009765625,4547.0,376
2026-05-15 13:04:00+00:00,4548.2001953125,4550.0,4546.0,4547.0,211
2026-05-15 13:05:00+00:00,4552.2998046875,4553.89990234375,4548.5,4548.5,278
2026-05-15 13:06:00+00:00,4551.0,4552.7001953125,4550.5,4552.0,122
2026-05-15 13:07:00+00:00,4548.7001953125,4551.0,4546.2001953125,4550.89990234375,180
2026-05-15 13:08:00+00:00,4543.5,4549.0,4543.0,4548.60009765625,108
2026-05-15 13:09:00+00:00,4542.5,4544.89990234375,4539.89990234375,4543.39990234375,422
2026-05-15 13:10:00+00:00,4544.10009765625,4545.7998046875,4541.89990234375,4541.89990234375,139
2026-05-15 13:11:00+00:00,4544.10009765625,4545.5,4542.7998046875,4544.5,130
2026-05-15 13:12:00+00:00,4548.10009765625,4548.89990234375,4543.2001953125,4544.2001953125,259
2026-05-15 13:13:00+00:00,4547.0,4548.5,4546.5,4547.89990234375,111
2026-05-15 13:14:00+00:00,4550.60009765625,4551.0,4546.7998046875,4547.0,107
2026-05-15 13:15:00+00:00,4547.0,4550.7001953125,4546.5,4550.7001953125,90
2026-05-15 13:16:00+00:00,4550.60009765625,4550.7998046875,4543.7998046875,4546.7998046875,158
2026-05-15 13:17:00+00:00,4551.89990234375,4552.2001953125,4548.7998046875,4550.60009765625,122
2026-05-15 13:18:00+00:00,4557.2001953125,4557.2998046875,4551.89990234375,4551.89990234375,363
2026-05-15 13:19:00+00:00,4554.60009765625,4556.89990234375,4554.0,4556.60009765625,191
2026-05-15 13:20:00+00:00,4555.2998046875,4556.0,4553.7001953125,4554.7998046875,76
2026-05-15 13:21:00+00:00,4556.2001953125,4556.39990234375,4554.5,4555.0,67
2026-05-15 13:22:00+00:00,4557.0,4558.7001953125,4555.0,4556.2001953125,154
2026-05-15 13:23:00+00:00,4556.2001953125,4558.2001953125,4556.10009765625,4557.2998046875,133
2026-05-15 13:24:00+00:00,4558.2998046875,4558.2998046875,4556.2998046875,4556.7998046875,91
2026-05-15 13:25:00+00:00,4560.5,4561.89990234375,4558.7001953125,4558.7001953125,324
2026-05-15 13:26:00+00:00,4558.10009765625,4561.10009765625,4557.0,4560.7001953125,133
2026-05-15 13:27:00+00:00,4554.2001953125,4559.2001953125,4553.7001953125,4557.39990234375,78
2026-05-15 13:28:00+00:00,4551.7001953125,4555.2998046875,4551.2998046875,4554.5,183
2026-05-15 13:29:00+00:00,4553.2001953125,4553.2001953125,4550.60009765625,4551.60009765625,134
2026-05-15 13:30:00+00:00,4552.2998046875,4555.2998046875,4550.2998046875,4553.2001953125,400
2026-05-15 13:31:00+00:00,4549.89990234375,4551.7998046875,4547.60009765625,4551.7998046875,306
2026-05-15 13:32:00+00:00,4548.60009765625,4550.7998046875,4547.89990234375,4549.5,132
2026-05-15 13:33:00+00:00,4548.0,4550.10009765625,4547.0,4548.60009765625,321
2026-05-15 13:34:00+00:00,4546.7001953125,4549.39990234375,4545.7001953125,4547.89990234375,272
2026-05-15 13:35:00+00:00,4542.7998046875,4547.0,4541.2998046875,4546.39990234375,388
2026-05-15 13:36:00+00:00,4542.5,4544.2001953125,4540.5,4542.2998046875,195
2026-05-15 13:37:00+00:00,4532.2001953125,4543.10009765625,4531.0,4542.60009765625,1379
2026-05-15 13:38:00+00:00,4533.7998046875,4536.10009765625,4530.5,4532.2998046875,557
2026-05-15 13:39:00+00:00,4532.60009765625,4536.0,4531.2998046875,4533.7001953125,298
2026-05-15 13:40:00+00:00,4534.10009765625,4535.2998046875,4530.7998046875,4532.5,546
2026-05-15 13:41:00+00:00,4533.2998046875,4534.2998046875,4526.60009765625,4534.2998046875,927
2026-05-15 13:42:00+00:00,4533.2998046875,4534.5,4531.2001953125,4533.10009765625,218
2026-05-15 13:43:00+00:00,4530.89990234375,4533.89990234375,4529.60009765625,4533.60009765625,244
2026-05-15 13:44:00+00:00,4523.89990234375,4531.0,4523.7998046875,4530.7998046875,796
2026-05-15 13:45:00+00:00,4516.0,4525.5,4513.7998046875,4523.7998046875,1406
2026-05-15 13:46:00+00:00,4522.39990234375,4522.39990234375,4515.7998046875,4516.39990234375,406
2026-05-15 13:47:00+00:00,4526.89990234375,4527.0,4519.39990234375,4522.7001953125,351
2026-05-15 13:48:00+00:00,4528.7998046875,4529.7998046875,4525.7998046875,4526.10009765625,474
2026-05-15 13:49:00+00:00,4532.7001953125,4533.2001953125,4527.89990234375,4528.39990234375,366
2026-05-15 13:50:00+00:00,4535.89990234375,4535.89990234375,4529.0,4532.7001953125,451
2026-05-15 13:51:00+00:00,4533.0,4536.60009765625,4530.5,4535.89990234375,211
2026-05-15 13:52:00+00:00,4536.7001953125,4537.2998046875,4533.10009765625,4533.10009765625,329
2026-05-15 13:53:00+00:00,4536.89990234375,4538.0,4535.39990234375,4537.10009765625,221
2026-05-15 13:54:00+00:00,4538.39990234375,4540.7998046875,4536.2001953125,4537.10009765625,318
2026-05-15 13:55:00+00:00,4542.0,4542.2001953125,4536.7998046875,4538.5,255
2026-05-15 13:56:00+00:00,4545.10009765625,4545.7001953125,4541.7998046875,4542.5,453
2026-05-15 13:57:00+00:00,4541.10009765625,4544.7998046875,4540.2001953125,4544.7998046875,196
2026-05-15 13:58:00+00:00,4537.10009765625,4541.39990234375,4536.5,4541.0,292
2026-05-15 13:59:00+00:00,4537.2998046875,4538.0,4534.2998046875,4537.5,204
2026-05-15 14:00:00+00:00,4532.7001953125,4539.0,4530.2001953125,4536.89990234375,494
2026-05-15 14:01:00+00:00,4530.60009765625,4535.10009765625,4529.60009765625,4532.5,495
2026-05-15 14:02:00+00:00,4533.2001953125,4533.7001953125,4529.2998046875,4530.89990234375,308
2026-05-15 14:03:00+00:00,4532.0,4536.0,4530.89990234375,4533.5,229
2026-05-15 14:04:00+00:00,4537.2001953125,4537.2001953125,4530.0,4532.0,412
2026-05-15 14:05:00+00:00,4540.60009765625,4541.2001953125,4537.0,4537.0,322
2026-05-15 14:06:00+00:00,4538.0,4544.2998046875,4537.0,4541.0,292
2026-05-15 14:07:00+00:00,4539.39990234375,4541.60009765625,4538.39990234375,4538.89990234375,109
2026-05-15 14:08:00+00:00,4538.89990234375,4541.7998046875,4538.2001953125,4540.0,168
2026-05-15 14:09:00+00:00,4538.0,4543.2001953125,4537.7998046875,4539.39990234375,126
2026-05-15 14:10:00+00:00,4541.89990234375,4542.60009765625,4537.7001953125,4537.7001953125,102
2026-05-15 14:11:00+00:00,4543.2998046875,4544.0,4538.2001953125,4541.7001953125,165
2026-05-15 14:12:00+00:00,4550.0,4550.0,4542.89990234375,4543.39990234375,681
2026-05-15 14:13:00+00:00,4553.2998046875,4553.39990234375,4548.60009765625,4550.0,673
2026-05-15 14:14:00+00:00,4547.60009765625,4554.5,4547.2998046875,4553.10009765625,534
2026-05-15 14:15:00+00:00,4549.5,4550.39990234375,4544.39990234375,4547.60009765625,396
2026-05-15 14:16:00+00:00,4552.39990234375,4553.60009765625,4549.2998046875,4549.7998046875,287
2026-05-15 14:17:00+00:00,4557.39990234375,4558.60009765625,4551.2001953125,4552.39990234375,394
2026-05-15 14:18:00+00:00,4560.5,4560.60009765625,4556.5,4557.7998046875,389
2026-05-15 14:19:00+00:00,4563.39990234375,4563.39990234375,4557.60009765625,4560.10009765625,417
2026-05-15 14:20:00+00:00,4565.39990234375,4566.60009765625,4562.60009765625,4563.0,403
2026-05-15 14:21:00+00:00,4562.89990234375,4567.10009765625,4562.60009765625,4565.0,272
2026-05-15 14:22:00+00:00,4561.10009765625,4565.60009765625,4560.0,4562.5,211
2026-05-15 14:23:00+00:00,4561.5,4564.39990234375,4560.89990234375,4562.0,301
2026-05-15 14:24:00+00:00,4562.60009765625,4565.7001953125,4561.60009765625,4561.60009765625,127
2026-05-15 14:25:00+00:00,4561.7001953125,4563.0,4559.5,4562.2998046875,224
2026-05-15 14:26:00+00:00,4558.39990234375,4563.0,4557.0,4562.2001953125,251
2026-05-15 14:27:00+00:00,4559.2998046875,4561.39990234375,4558.2001953125,4558.2998046875,108
2026-05-15 14:28:00+00:00,4560.60009765625,4561.39990234375,4556.0,4558.7001953125,206
2026-05-15 14:29:00+00:00,4559.7001953125,4560.2001953125,4556.39990234375,4560.2001953125,116
2026-05-15 14:30:00+00:00,4562.2998046875,4563.10009765625,4559.39990234375,4560.0,171
2026-05-15 14:31:00+00:00,4559.2998046875,4563.89990234375,4558.60009765625,4562.7001953125,146
2026-05-15 14:32:00+00:00,4560.2998046875,4562.39990234375,4558.7998046875,4558.7998046875,94
2026-05-15 14:33:00+00:00,4559.7001953125,4561.5,4557.0,4560.10009765625,129
2026-05-15 14:34:00+00:00,4561.7998046875,4562.7998046875,4558.60009765625,4560.10009765625,179
2026-05-15 14:35:00+00:00,4560.5,4564.5,4560.39990234375,4561.2001953125,251
2026-05-15 14:36:00+00:00,4560.0,4561.5,4558.5,4560.2998046875,94
2026-05-15 14:37:00+00:00,4563.0,4564.2001953125,4559.89990234375,4560.10009765625,180
2026-05-15 14:38:00+00:00,4561.39990234375,4565.0,4560.60009765625,4562.60009765625,166
2026-05-15 14:39:00+00:00,4560.2998046875,4563.2001953125,4560.2998046875,4561.7001953125,97
2026-05-15 14:40:00+00:00,4560.60009765625,4560.60009765625,4559.0,4560.0,65
2026-05-15 14:41:00+00:00,4555.7998046875,4561.2001953125,4554.89990234375,4560.60009765625,166
2026-05-15 14:42:00+00:00,4559.7998046875,4559.7998046875,4554.89990234375,4556.39990234375,150
2026-05-15 14:43:00+00:00,4560.10009765625,4561.39990234375,4558.39990234375,4559.7001953125,109
2026-05-15 14:44:00+00:00,4561.10009765625,4561.60009765625,4558.7001953125,4560.10009765625,87
2026-05-15 14:45:00+00:00,4557.5,4561.39990234375,4556.7001953125,4561.39990234375,98
2026-05-15 14:46:00+00:00,4555.60009765625,4558.7998046875,4554.5,4557.5,133
2026-05-15 14:47:00+00:00,4557.0,4558.2998046875,4554.89990234375,4555.2001953125,130
2026-05-15 14:48:00+00:00,4556.0,4557.60009765625,4555.0,4557.39990234375,70
2026-05-15 14:49:00+00:00,4555.60009765625,4556.89990234375,4554.89990234375,4555.39990234375,74
2026-05-15 14:50:00+00:00,4554.10009765625,4555.7998046875,4551.60009765625,4555.7998046875,150
2026-05-15 14:51:00+00:00,4550.2001953125,4554.2001953125,4550.2001953125,4554.2001953125,217
2026-05-15 14:52:00+00:00,4554.0,4554.7998046875,4550.2998046875,4550.7001953125,137
2026-05-15 14:53:00+00:00,4554.10009765625,4555.2001953125,4552.89990234375,4553.89990234375,79
2026-05-15 14:54:00+00:00,4561.2001953125,4561.2001953125,4554.10009765625,4554.2001953125,79
2026-05-15 14:55:00+00:00,4560.89990234375,4562.39990234375,4559.39990234375,4561.2998046875,167
2026-05-15 14:56:00+00:00,4567.5,4567.89990234375,4560.89990234375,4560.89990234375,281
2026-05-15 14:57:00+00:00,4570.5,4570.89990234375,4566.2998046875,4567.7998046875,326
2026-05-15 14:58:00+00:00,4567.2001953125,4570.5,4566.60009765625,4570.2998046875,134
2026-05-15 14:59:00+00:00,4566.7998046875,4567.39990234375,4565.5,4567.0,264
2026-05-15 15:00:00+00:00,4563.7998046875,4568.0,4563.7998046875,4567.2998046875,152
2026-05-15 15:01:00+00:00,4563.0,4567.7001953125,4562.7001953125,4564.2001953125,159
2026-05-15 15:02:00+00:00,4557.60009765625,4562.7998046875,4556.60009765625,4562.7998046875,218
2026-05-15 15:03:00+00:00,4558.7998046875,4559.2998046875,4555.89990234375,4557.2998046875,161
2026-05-15 15:04:00+00:00,4557.2001953125,4560.0,4556.5,4559.0,130
2026-05-15 15:05:00+00:00,4560.10009765625,4560.60009765625,4555.7001953125,4557.10009765625,166
2026-05-15 15:06:00+00:00,4558.39990234375,4561.10009765625,4558.2998046875,4560.7001953125,105
2026-05-15 15:07:00+00:00,4559.60009765625,4560.2998046875,4558.5,4559.2001953125,58
2026-05-15 15:08:00+00:00,4560.89990234375,4561.0,4558.7001953125,4558.7001953125,45
2026-05-15 15:09:00+00:00,4562.7998046875,4563.0,4559.60009765625,4560.60009765625,55
2026-05-15 15:10:00+00:00,4563.2998046875,4564.0,4560.60009765625,4562.39990234375,116
2026-05-15 15:11:00+00:00,4560.39990234375,4563.2998046875,4560.2998046875,4563.2998046875,113
2026-05-15 15:12:00+00:00,4557.89990234375,4560.2998046875,4556.7001953125,4560.0,121
2026-05-15 15:13:00+00:00,4559.39990234375,4560.5,4558.0,4558.0,180
2026-05-15 15:14:00+00:00,4555.89990234375,4559.0,4554.60009765625,4559.0,91
2026-05-15 15:15:00+00:00,4555.0,4557.5,4554.39990234375,4556.60009765625,110
2026-05-15 15:16:00+00:00,4555.2998046875,4556.2001953125,4554.60009765625,4555.10009765625,66
2026-05-15 15:17:00+00:00,4556.10009765625,4556.2001953125,4552.60009765625,4554.5,241
2026-05-15 15:18:00+00:00,4553.2998046875,4556.7001953125,4553.10009765625,4556.5,122
2026-05-15 15:19:00+00:00,4551.7001953125,4554.2001953125,4550.10009765625,4553.60009765625,318
2026-05-15 15:20:00+00:00,4554.89990234375,4555.2998046875,4551.2998046875,4551.60009765625,218
2026-05-15 15:21:00+00:00,4553.7998046875,4555.39990234375,4553.10009765625,4555.39990234375,60
2026-05-15 15:22:00+00:00,4554.2998046875,4556.10009765625,4554.0,4554.0,109
2026-05-15 15:23:00+00:00,4550.89990234375,4554.7998046875,4550.39990234375,4554.60009765625,180
2026-05-15 15:24:00+00:00,4550.0,4551.0,4547.7001953125,4550.7998046875,149
2026-05-15 15:25:00+00:00,4548.5,4549.7998046875,4546.7998046875,4549.5,176
2026-05-15 15:26:00+00:00,4549.5,4550.89990234375,4548.0,4548.89990234375,196
2026-05-15 15:27:00+00:00,4550.2998046875,4552.7001953125,4549.2001953125,4550.0,149
2026-05-15 15:28:00+00:00,4547.89990234375,4550.7998046875,4546.7001953125,4550.0,124
2026-05-15 15:29:00+00:00,4551.10009765625,4551.10009765625,4547.2998046875,4547.2998046875,48
2026-05-15 15:30:00+00:00,4554.2001953125,4554.5,4551.0,4551.0,118
2026-05-15 15:31:00+00:00,4553.10009765625,4554.5,4551.89990234375,4554.5,57
2026-05-15 15:32:00+00:00,4551.7001953125,4553.60009765625,4551.2998046875,4552.39990234375,64
2026-05-15 15:33:00+00:00,4551.10009765625,4552.60009765625,4550.7998046875,4552.5,75
2026-05-15 15:34:00+00:00,4547.7998046875,4551.5,4547.7998046875,4550.5,108
2026-05-15 15:35:00+00:00,4549.60009765625,4550.39990234375,4547.2998046875,4547.2998046875,53
2026-05-15 15:36:00+00:00,4548.39990234375,4550.60009765625,4548.2001953125,4549.10009765625,70
2026-05-15 15:37:00+00:00,4548.2998046875,4549.39990234375,4546.39990234375,4548.89990234375,154
2026-05-15 15:38:00+00:00,4547.5,4549.5,4547.5,4548.0,77
2026-05-15 15:39:00+00:00,4546.7001953125,4548.10009765625,4546.0,4547.89990234375,56
2026-05-15 15:40:00+00:00,4548.2001953125,4548.2001953125,4545.2998046875,4546.2001953125,84
2026-05-15 15:41:00+00:00,4547.39990234375,4548.2998046875,4545.89990234375,4547.7001953125,55
2026-05-15 15:42:00+00:00,4548.10009765625,4548.89990234375,4546.89990234375,4547.2998046875,74
2026-05-15 15:43:00+00:00,4546.5,4548.0,4544.89990234375,4547.7001953125,90
2026-05-15 15:44:00+00:00,4545.60009765625,4546.5,4543.5,4546.2001953125,459
2026-05-15 15:45:00+00:00,4546.10009765625,4546.39990234375,4544.7001953125,4545.10009765625,67
2026-05-15 15:46:00+00:00,4546.0,4546.89990234375,4544.7001953125,4546.0,74
2026-05-15 15:47:00+00:00,4545.2998046875,4546.60009765625,4544.2001953125,4546.60009765625,45
2026-05-15 15:48:00+00:00,4544.5,4546.2001953125,4542.7001953125,4545.2001953125,61
2026-05-15 15:49:00+00:00,4544.2001953125,4545.2998046875,4543.0,4544.5,70
2026-05-15 15:50:00+00:00,4546.89990234375,4547.5,4543.10009765625,4544.2998046875,127
2026-05-15 15:51:00+00:00,4544.2998046875,4547.7001953125,4544.2998046875,4547.2001953125,81
2026-05-15 15:52:00+00:00,4543.0,4545.39990234375,4542.10009765625,4545.0,170
2026-05-15 15:53:00+00:00,4541.7998046875,4543.7998046875,4541.2001953125,4542.89990234375,130
2026-05-15 15:54:00+00:00,4542.10009765625,4542.5,4540.2998046875,4542.0,109
2026-05-15 15:55:00+00:00,4540.10009765625,4541.60009765625,4539.0,4541.60009765625,382
2026-05-15 15:56:00+00:00,4539.39990234375,4540.0,4538.5,4539.7998046875,147
2026-05-15 15:57:00+00:00,4538.89990234375,4542.0,4538.0,4539.7001953125,121
2026-05-15 15:58:00+00:00,4540.89990234375,4540.89990234375,4538.5,4538.7998046875,349
2026-05-15 15:59:00+00:00,4543.7998046875,4543.7998046875,4540.60009765625,4541.10009765625,125
2026-05-15 16:00:00+00:00,4543.89990234375,4546.5,4543.10009765625,4543.7998046875,183
2026-05-15 16:01:00+00:00,4544.2998046875,4544.2998046875,4542.2998046875,4543.89990234375,95
2026-05-15 16:02:00+00:00,4541.7998046875,4544.7001953125,4541.2001953125,4544.0,144
2026-05-15 16:03:00+00:00,4539.5,4541.89990234375,4538.7998046875,4541.39990234375,62
2026-05-15 16:04:00+00:00,4539.60009765625,4540.0,4537.7001953125,4539.2998046875,109
2026-05-15 16:05:00+00:00,4539.89990234375,4540.7001953125,4538.0,4539.7001953125,91
2026-05-15 16:06:00+00:00,4534.5,4540.10009765625,4534.5,4539.7001953125,262
2026-05-15 16:07:00+00:00,4533.7998046875,4536.5,4533.60009765625,4534.60009765625,169
2026-05-15 16:08:00+00:00,4536.2998046875,4536.2998046875,4533.39990234375,4533.7001953125,158
2026-05-15 16:09:00+00:00,4535.2998046875,4537.2998046875,4535.2998046875,4535.60009765625,145
2026-05-15 16:10:00+00:00,4535.5,4537.2998046875,4534.7001953125,4535.2001953125,116
2026-05-15 16:11:00+00:00,4536.0,4536.0,4534.2001953125,4535.2998046875,118
2026-05-15 16:12:00+00:00,4533.2998046875,4535.89990234375,4533.2998046875,4535.60009765625,100
2026-05-15 16:13:00+00:00,4536.5,4537.0,4533.2001953125,4533.5,131
2026-05-15 16:14:00+00:00,4536.60009765625,4537.5,4534.60009765625,4536.7001953125,128
2026-05-15 16:15:00+00:00,4537.10009765625,4538.7001953125,4536.2001953125,4536.60009765625,101
2026-05-15 16:16:00+00:00,4536.10009765625,4538.2001953125,4535.60009765625,4537.2001953125,91
2026-05-15 16:17:00+00:00,4537.39990234375,4537.39990234375,4535.39990234375,4535.7998046875,30
2026-05-15 16:18:00+00:00,4537.7998046875,4537.7998046875,4536.0,4537.39990234375,53
2026-05-15 16:19:00+00:00,4537.89990234375,4538.89990234375,4536.89990234375,4538.0,57
2026-05-15 16:20:00+00:00,4540.5,4540.5,4537.2998046875,4538.0,73
2026-05-15 16:21:00+00:00,4541.0,4541.2001953125,4539.89990234375,4540.5,82
2026-05-15 16:22:00+00:00,4542.7001953125,4543.10009765625,4540.89990234375,4540.89990234375,122
2026-05-15 16:23:00+00:00,4544.0,4544.0,4541.7001953125,4542.7001953125,123
2026-05-15 16:24:00+00:00,4544.5,4544.7001953125,4541.39990234375,4544.0,212
2026-05-15 16:25:00+00:00,4543.60009765625,4546.7001953125,4541.5,4544.7001953125,245
2026-05-15 16:26:00+00:00,4543.89990234375,4544.5,4542.7998046875,4543.10009765625,127
2026-05-15 16:27:00+00:00,4544.5,4544.89990234375,4542.7001953125,4543.5,43
2026-05-15 16:28:00+00:00,4542.7001953125,4544.5,4542.60009765625,4544.39990234375,73
2026-05-15 16:29:00+00:00,4544.7998046875,4545.0,4542.89990234375,4543.10009765625,54
2026-05-15 16:30:00+00:00,4546.7998046875,4547.7998046875,4545.39990234375,4545.39990234375,123
2026-05-15 16:31:00+00:00,4546.60009765625,4548.0,4545.89990234375,4546.60009765625,85
2026-05-15 16:32:00+00:00,4546.10009765625,4546.89990234375,4544.7998046875,4546.7998046875,169
2026-05-15 16:33:00+00:00,4544.39990234375,4546.89990234375,4544.39990234375,4546.10009765625,129
2026-05-15 16:34:00+00:00,4548.10009765625,4548.39990234375,4544.2998046875,4544.2998046875,75
2026-05-15 16:35:00+00:00,4548.2001953125,4549.0,4546.7998046875,4548.2998046875,74
2026-05-15 16:36:00+00:00,4548.5,4549.2998046875,4547.89990234375,4548.2001953125,60
2026-05-15 16:37:00+00:00,4549.2998046875,4549.89990234375,4548.39990234375,4548.39990234375,55
2026-05-15 16:38:00+00:00,4547.7001953125,4549.2001953125,4547.7001953125,4548.7998046875,47
2026-05-15 16:39:00+00:00,4549.60009765625,4550.0,4547.89990234375,4548.0,49
2026-05-15 16:40:00+00:00,4550.10009765625,4550.39990234375,4548.7001953125,4549.7001953125,58
2026-05-15 16:41:00+00:00,4549.39990234375,4551.5,4549.39990234375,4549.5,67
2026-05-15 16:42:00+00:00,4548.89990234375,4549.89990234375,4548.2998046875,4549.7998046875,59
2026-05-15 16:43:00+00:00,4547.89990234375,4549.2001953125,4547.5,4549.2001953125,43
2026-05-15 16:44:00+00:00,4551.5,4552.39990234375,4547.7001953125,4548.2001953125,147
2026-05-15 16:45:00+00:00,4551.89990234375,4551.89990234375,4550.89990234375,4551.5,47
2026-05-15 16:46:00+00:00,4549.39990234375,4552.2001953125,4549.2998046875,4552.2001953125,104
2026-05-15 16:47:00+00:00,4551.0,4551.10009765625,4549.2998046875,4549.60009765625,57
2026-05-15 16:48:00+00:00,4550.39990234375,4551.2001953125,4550.39990234375,4550.7998046875,40
2026-05-15 16:49:00+00:00,4549.2998046875,4550.2998046875,4548.89990234375,4550.2998046875,27
2026-05-15 16:50:00+00:00,4550.5,4551.39990234375,4549.10009765625,4549.10009765625,38
2026-05-15 16:51:00+00:00,4548.10009765625,4550.10009765625,4548.10009765625,4550.10009765625,30
2026-05-15 16:52:00+00:00,4547.39990234375,4549.2998046875,4547.2001953125,4548.2998046875,49
2026-05-15 16:53:00+00:00,4548.7998046875,4548.7998046875,4547.60009765625,4547.7001953125,57
2026-05-15 16:54:00+00:00,4546.7001953125,4548.5,4546.10009765625,4548.2998046875,38
2026-05-15 16:55:00+00:00,4547.2001953125,4547.60009765625,4546.10009765625,4546.60009765625,72
2026-05-15 16:56:00+00:00,4547.39990234375,4547.5,4546.5,4546.7998046875,50
2026-05-15 16:57:00+00:00,4548.39990234375,4548.7001953125,4547.60009765625,4547.60009765625,42
2026-05-15 16:58:00+00:00,4547.5,4549.0,4547.2998046875,4548.60009765625,244
2026-05-15 16:59:00+00:00,4548.7001953125,4548.7998046875,4547.39990234375,4547.39990234375,47
2026-05-15 17:00:00+00:00,4550.2001953125,4550.2001953125,4547.2001953125,4548.5,65
2026-05-15 17:01:00+00:00,4554.2001953125,4554.2001953125,4549.7998046875,4550.5,280
2026-05-15 17:02:00+00:00,4555.7001953125,4556.2001953125,4553.89990234375,4554.10009765625,158
2026-05-15 17:03:00+00:00,4553.60009765625,4555.89990234375,4552.7001953125,4555.89990234375,91
2026-05-15 17:04:00+00:00,4554.10009765625,4554.60009765625,4552.89990234375,4553.10009765625,39
2026-05-15 17:05:00+00:00,4555.0,4556.0,4553.89990234375,4554.10009765625,78
2026-05-15 17:06:00+00:00,4557.2998046875,4559.0,4554.7001953125,4555.10009765625,547
2026-05-15 17:07:00+00:00,4556.7998046875,4557.60009765625,4556.39990234375,4557.60009765625,154
2026-05-15 17:08:00+00:00,4558.60009765625,4559.0,4556.7998046875,4556.7998046875,99
2026-05-15 17:09:00+00:00,4559.0,4559.60009765625,4557.7998046875,4558.7001953125,112
2026-05-15 17:10:00+00:00,4561.60009765625,4562.5,4558.7001953125,4559.2001953125,142
2026-05-15 17:11:00+00:00,4560.89990234375,4562.39990234375,4560.5,4561.39990234375,224
2026-05-15 17:12:00+00:00,4559.7998046875,4561.2001953125,4558.89990234375,4561.2001953125,185
2026-05-15 17:13:00+00:00,4561.10009765625,4561.10009765625,4558.89990234375,4560.0,116
2026-05-15 17:14:00+00:00,4561.2001953125,4561.5,4559.0,4561.2001953125,107
2026-05-15 17:15:00+00:00,4559.89990234375,4561.7998046875,4559.60009765625,4561.39990234375,107
2026-05-15 17:16:00+00:00,4559.2998046875,4560.7998046875,4558.60009765625,4559.89990234375,85
2026-05-15 17:17:00+00:00,4558.7998046875,4559.7001953125,4558.7998046875,4559.7001953125,71
2026-05-15 17:18:00+00:00,4559.7998046875,4560.89990234375,4559.10009765625,4559.10009765625,65
2026-05-15 17:19:00+00:00,4559.89990234375,4560.5,4559.2001953125,4559.89990234375,48
2026-05-15 17:20:00+00:00,4560.89990234375,4561.0,4559.5,4559.7998046875,46
2026-05-15 17:21:00+00:00,4561.60009765625,4562.5,4560.7001953125,4561.2001953125,72
2026-05-15 17:22:00+00:00,4563.7001953125,4563.7001953125,4561.2001953125,4561.89990234375,47
2026-05-15 17:23:00+00:00,4562.0,4564.39990234375,4562.0,4563.39990234375,79
2026-05-15 17:24:00+00:00,4565.89990234375,4568.0,4562.2998046875,4562.2998046875,663
2026-05-15 17:25:00+00:00,4565.7001953125,4566.89990234375,4564.7998046875,4565.89990234375,131
2026-05-15 17:26:00+00:00,4566.10009765625,4568.7001953125,4565.7998046875,4565.89990234375,166
2026-05-15 17:27:00+00:00,4564.7998046875,4565.7001953125,4564.0,4565.7001953125,0
