Datetime,Close,High,Low,Open,Volume
2026-03-06 05:00:00+00:00,5138.39990234375,5138.89990234375,5131.2001953125,5136.0,768
2026-03-06 05:30:00+00:00,5126.60009765625,5138.60009765625,5122.89990234375,5138.60009765625,1614
2026-03-06 06:00:00+00:00,5128.7001953125,5131.89990234375,5118.7001953125,5126.10009765625,1028
2026-03-06 06:30:00+00:00,5124.89990234375,5131.7998046875,5123.89990234375,5128.10009765625,1212
2026-03-06 07:00:00+00:00,5123.10009765625,5128.10009765625,5114.0,5124.7001953125,2395
2026-03-06 07:30:00+00:00,5128.2001953125,5129.39990234375,5116.39990234375,5123.2001953125,1902
2026-03-06 08:00:00+00:00,5109.0,5132.2998046875,5107.89990234375,5128.0,2078
2026-03-06 08:30:00+00:00,5116.7001953125,5122.10009765625,5104.5,5108.5,1415
2026-03-06 09:00:00+00:00,5107.60009765625,5117.7998046875,5100.5,5117.60009765625,2649
2026-03-06 09:30:00+00:00,5093.5,5112.60009765625,5091.39990234375,5106.89990234375,3065
2026-03-06 10:00:00+00:00,5096.10009765625,5102.0,5084.2001953125,5094.5,2850
2026-03-06 10:30:00+00:00,5099.89990234375,5102.0,5089.5,5095.7001953125,1936
2026-03-06 11:00:00+00:00,5104.2001953125,5107.39990234375,5089.39990234375,5100.7001953125,2073
2026-03-06 11:30:00+00:00,5086.10009765625,5109.60009765625,5071.0,5103.5,3103
2026-03-06 12:00:00+00:00,5097.2998046875,5105.5,5085.2998046875,5086.2998046875,2620
2026-03-06 12:30:00+00:00,5091.89990234375,5105.7998046875,5090.0,5097.39990234375,2042
2026-03-06 13:00:00+00:00,5092.7001953125,5097.0,5073.89990234375,5091.60009765625,4430
2026-03-06 13:30:00+00:00,5093.7998046875,5140.0,5082.0,5092.7001953125,12940
2026-03-06 14:00:00+00:00,5112.2001953125,5118.0,5089.89990234375,5093.2001953125,6739
2026-03-06 14:30:00+00:00,5139.2998046875,5142.39990234375,5092.0,5112.89990234375,8613
2026-03-06 15:00:00+00:00,5172.0,5182.0,5137.39990234375,5139.2998046875,15066
2026-03-06 15:30:00+00:00,5151.2001953125,5176.7001953125,5144.2998046875,5172.2998046875,7161
2026-03-06 16:00:00+00:00,5151.7998046875,5163.0,5145.5,5151.7001953125,3331
2026-03-06 16:30:00+00:00,5149.5,5158.39990234375,5136.0,5152.7998046875,5763
2026-03-06 17:00:00+00:00,5153.10009765625,5155.5,5138.7001953125,5150.10009765625,3400
2026-03-06 17:30:00+00:00,5150.2001953125,5162.7998046875,5141.7001953125,5151.89990234375,2814
2026-03-06 18:00:00+00:00,5159.2998046875,5160.2998046875,5147.89990234375,5149.89990234375,10393
2026-03-06 18:30:00+00:00,5170.2998046875,5176.5,5157.5,5159.2998046875,5397
2026-03-06 19:00:00+00:00,5173.5,5183.7998046875,5169.7998046875,5170.39990234375,2453
2026-03-06 19:30:00+00:00,5168.5,5176.2998046875,5165.2001953125,5174.39990234375,1292
2026-03-06 20:00:00+00:00,5162.60009765625,5171.2001953125,5161.10009765625,5168.2001953125,2116
2026-03-06 20:30:00+00:00,5161.39990234375,5169.60009765625,5157.5,5162.2998046875,2028
2026-03-06 21:00:00+00:00,5176.39990234375,5178.89990234375,5159.2001953125,5161.10009765625,1572
2026-03-06 21:30:00+00:00,5158.7001953125,5185.0,5158.7001953125,5176.39990234375,879
2026-03-08 22:00:00+00:00,5165.39990234375,5180.0,5138.0,5165.5,2101
2026-03-08 22:30:00+00:00,5138.5,5175.0,5113.5,5165.89990234375,3518
2026-03-08 23:00:00+00:00,5111.89990234375,5145.5,5094.5,5140.2998046875,3561
2026-03-08 23:30:00+00:00,5083.39990234375,5113.2001953125,5050.0,5112.7001953125,6597
2026-03-09 00:00:00+00:00,5053.89990234375,5088.89990234375,5035.5,5083.10009765625,5548
2026-03-09 00:30:00+00:00,5056.89990234375,5067.2001953125,5040.2998046875,5052.39990234375,2763
2026-03-09 01:00:00+00:00,5078.7998046875,5094.39990234375,5021.2001953125,5056.7001953125,7192
2026-03-09 01:30:00+00:00,5077.60009765625,5092.2998046875,5071.10009765625,5077.7001953125,2471
2026-03-09 02:00:00+00:00,5083.7001953125,5102.2998046875,5061.89990234375,5076.39990234375,4443
2026-03-09 02:30:00+00:00,5100.89990234375,5105.7998046875,5082.10009765625,5083.89990234375,3149
2026-03-09 03:00:00+00:00,5091.10009765625,5109.10009765625,5090.2001953125,5101.2998046875,2323
2026-03-09 03:30:00+00:00,5098.0,5100.7001953125,5087.60009765625,5091.89990234375,1044
2026-03-09 04:00:00+00:00,5096.2998046875,5103.39990234375,5093.2001953125,5098.0,587
2026-03-09 04:30:00+00:00,5096.39990234375,5099.7998046875,5091.2998046875,5096.10009765625,614
2026-03-09 05:00:00+00:00,5102.5,5112.0,5087.10009765625,5096.60009765625,2168
2026-03-09 05:30:00+00:00,5131.60009765625,5147.60009765625,5099.10009765625,5102.2001953125,3691
2026-03-09 06:00:00+00:00,5133.89990234375,5141.7001953125,5126.0,5131.39990234375,2022
2026-03-09 06:30:00+00:00,5104.7998046875,5136.5,5103.60009765625,5134.10009765625,2254
2026-03-09 07:00:00+00:00,5114.2001953125,5114.2001953125,5095.39990234375,5104.7998046875,2927
2026-03-09 07:30:00+00:00,5106.7001953125,5115.2001953125,5101.10009765625,5114.39990234375,2128
2026-03-09 08:00:00+00:00,5099.0,5118.7001953125,5098.10009765625,5106.7998046875,2531
2026-03-09 08:30:00+00:00,5104.39990234375,5110.39990234375,5094.89990234375,5098.89990234375,2001
2026-03-09 09:00:00+00:00,5133.2998046875,5134.89990234375,5102.7998046875,5104.10009765625,2970
2026-03-09 09:30:00+00:00,5114.2998046875,5140.5,5105.2998046875,5133.0,4338
2026-03-09 10:00:00+00:00,5107.89990234375,5119.7998046875,5106.60009765625,5114.0,2862
2026-03-09 10:30:00+00:00,5094.7998046875,5107.7001953125,5090.89990234375,5107.7001953125,3840
2026-03-09 11:00:00+00:00,5093.2998046875,5104.7998046875,5086.5,5094.7998046875,3045
2026-03-09 11:30:00+00:00,5095.7001953125,5101.7001953125,5089.7998046875,5093.7998046875,2588
2026-03-09 12:00:00+00:00,5117.2998046875,5118.10009765625,5096.2001953125,5096.2001953125,3864
2026-03-09 12:30:00+00:00,5103.10009765625,5120.5,5101.0,5117.7998046875,3387
2026-03-09 13:00:00+00:00,5102.5,5107.2001953125,5092.39990234375,5103.10009765625,3583
2026-03-09 13:30:00+00:00,5081.5,5119.5,5075.0,5102.39990234375,9615
2026-03-09 14:00:00+00:00,5091.10009765625,5095.89990234375,5066.89990234375,5081.10009765625,6592
2026-03-09 14:30:00+00:00,5102.60009765625,5124.7001953125,5088.0,5089.39990234375,7515
2026-03-09 15:00:00+00:00,5107.5,5108.2001953125,5087.7998046875,5102.2001953125,7786
2026-03-09 15:30:00+00:00,5108.5,5112.0,5101.60009765625,5107.5,3897
2026-03-09 16:00:00+00:00,5112.7001953125,5118.39990234375,5103.10009765625,5108.10009765625,3620
2026-03-09 16:30:00+00:00,5113.10009765625,5119.7001953125,5110.89990234375,5112.5,4168
2026-03-09 17:00:00+00:00,5103.7998046875,5115.5,5099.60009765625,5113.2001953125,7626
2026-03-09 17:30:00+00:00,5104.89990234375,5108.60009765625,5097.7001953125,5104.0,3030
2026-03-09 18:00:00+00:00,5114.39990234375,5116.5,5101.60009765625,5104.89990234375,1696
2026-03-09 18:30:00+00:00,5133.2001953125,5136.7001953125,5113.5,5114.7001953125,5775
2026-03-09 19:00:00+00:00,5150.2001953125,5154.7001953125,5128.2998046875,5133.2998046875,3915
2026-03-09 19:30:00+00:00,5150.5,5153.7998046875,5136.10009765625,5150.10009765625,3740
2026-03-09 20:00:00+00:00,5149.10009765625,5158.0,5143.7001953125,5150.89990234375,1544
2026-03-09 20:30:00+00:00,5148.7001953125,5150.10009765625,5143.7001953125,5148.60009765625,934
2026-03-09 22:00:00+00:00,5141.2998046875,5161.10009765625,5127.10009765625,5152.39990234375,837
2026-03-09 22:30:00+00:00,5162.10009765625,5163.0,5137.0,5140.89990234375,1001
2026-03-09 23:00:00+00:00,5155.0,5165.60009765625,5147.39990234375,5161.89990234375,1359
2026-03-09 23:30:00+00:00,5149.7998046875,5159.2998046875,5145.60009765625,5154.7001953125,897
2026-03-10 00:00:00+00:00,5141.10009765625,5151.10009765625,5138.7001953125,5149.2998046875,1217
2026-03-10 00:30:00+00:00,5140.2001953125,5150.0,5134.7998046875,5139.89990234375,1565
2026-03-10 01:00:00+00:00,5167.39990234375,5177.60009765625,5134.0,5140.2998046875,4292
2026-03-10 01:30:00+00:00,5193.2001953125,5195.2001953125,5162.2998046875,5168.5,3836
2026-03-10 02:00:00+00:00,5188.60009765625,5195.7998046875,5179.0,5192.7998046875,2603
2026-03-10 02:30:00+00:00,5174.2998046875,5194.2001953125,5172.10009765625,5188.2001953125,2283
2026-03-10 03:00:00+00:00,5175.10009765625,5181.89990234375,5170.0,5173.7998046875,1665
2026-03-10 03:30:00+00:00,5166.39990234375,5176.2001953125,5163.0,5174.60009765625,1123
2026-03-10 04:00:00+00:00,5171.10009765625,5175.2998046875,5162.39990234375,5165.2998046875,1637
2026-03-10 04:30:00+00:00,5172.10009765625,5174.10009765625,5170.2998046875,5171.0,294
2026-03-10 05:00:00+00:00,5180.10009765625,5183.2001953125,5172.39990234375,5172.5,817
2026-03-10 05:30:00+00:00,5186.7001953125,5188.2001953125,5176.0,5180.60009765625,1011
2026-03-10 06:00:00+00:00,5185.2001953125,5190.0,5180.7001953125,5187.2998046875,1065
2026-03-10 06:30:00+00:00,5183.60009765625,5188.39990234375,5182.39990234375,5185.60009765625,1292
2026-03-10 07:00:00+00:00,5178.7998046875,5188.0,5167.2998046875,5184.10009765625,2331
2026-03-10 07:30:00+00:00,5190.5,5191.2998046875,5174.5,5179.0,2490
2026-03-10 08:00:00+00:00,5193.39990234375,5195.0,5184.5,5190.60009765625,2878
2026-03-10 08:30:00+00:00,5192.5,5204.0,5191.89990234375,5193.2998046875,4475
2026-03-10 09:00:00+00:00,5196.0,5198.39990234375,5189.7001953125,5192.60009765625,2470
2026-03-10 09:30:00+00:00,5191.7998046875,5198.2001953125,5190.5,5195.60009765625,1492
2026-03-10 10:00:00+00:00,5183.0,5193.2998046875,5182.10009765625,5191.5,2560
2026-03-10 10:30:00+00:00,5186.60009765625,5187.5,5165.60009765625,5183.2998046875,3915
2026-03-10 11:00:00+00:00,5192.89990234375,5201.10009765625,5185.7998046875,5186.60009765625,3760
2026-03-10 11:30:00+00:00,5184.2001953125,5194.5,5180.89990234375,5192.7998046875,3016
2026-03-10 12:00:00+00:00,5188.89990234375,5189.7998046875,5171.39990234375,5184.60009765625,3459
2026-03-10 12:30:00+00:00,5196.5,5198.89990234375,5187.7998046875,5189.10009765625,3182
2026-03-10 13:00:00+00:00,5230.7998046875,5238.89990234375,5194.89990234375,5196.2001953125,13369
2026-03-10 13:30:00+00:00,5214.2001953125,5231.7998046875,5204.60009765625,5231.2998046875,9975
2026-03-10 14:00:00+00:00,5218.2998046875,5224.0,5193.60009765625,5215.39990234375,10327
2026-03-10 14:30:00+00:00,5215.7998046875,5222.7998046875,5212.0,5217.89990234375,6126
2026-03-10 15:00:00+00:00,5235.39990234375,5238.5,5212.0,5216.0,7923
2026-03-10 15:30:00+00:00,5238.0,5248.7001953125,5235.0,5235.39990234375,8287
2026-03-10 16:00:00+00:00,5242.10009765625,5245.10009765625,5232.2001953125,5238.10009765625,6645
2026-03-10 16:30:00+00:00,5236.89990234375,5244.0,5235.10009765625,5242.0,4124
2026-03-10 17:00:00+00:00,5242.60009765625,5244.5,5232.60009765625,5236.89990234375,9661
2026-03-10 17:30:00+00:00,5237.10009765625,5244.10009765625,5235.5,5242.2998046875,3675
2026-03-10 18:00:00+00:00,5211.39990234375,5237.2998046875,5169.0,5237.0,11681
2026-03-10 18:30:00+00:00,5200.0,5217.2001953125,5198.7998046875,5211.60009765625,2810
2026-03-10 19:00:00+00:00,5209.0,5216.5,5193.0,5200.2998046875,2165
2026-03-10 19:30:00+00:00,5207.0,5209.39990234375,5188.7001953125,5209.2001953125,3638
2026-03-10 20:00:00+00:00,5203.2998046875,5207.39990234375,5200.2998046875,5206.7001953125,937
2026-03-10 20:30:00+00:00,5198.7001953125,5207.7001953125,5198.5,5203.0,685
2026-03-10 22:00:00+00:00,5199.60009765625,5206.2001953125,5191.2998046875,5194.0,725
2026-03-10 22:30:00+00:00,5196.7001953125,5203.7998046875,5193.60009765625,5198.10009765625,798
2026-03-10 23:00:00+00:00,5201.39990234375,5206.0,5195.2001953125,5197.2001953125,779
2026-03-10 23:30:00+00:00,5204.89990234375,5205.0,5195.39990234375,5201.2998046875,708
2026-03-11 00:00:00+00:00,5219.7998046875,5223.2001953125,5194.0,5205.0,2015
2026-03-11 00:30:00+00:00,5223.10009765625,5227.0,5213.5,5220.2001953125,1756
2026-03-11 01:00:00+00:00,5222.2998046875,5230.89990234375,5218.2001953125,5223.0,2170
2026-03-11 01:30:00+00:00,5215.89990234375,5227.7001953125,5215.89990234375,5223.2001953125,1031
2026-03-11 02:00:00+00:00,5212.10009765625,5217.0,5202.0,5215.89990234375,2005
2026-03-11 02:30:00+00:00,5225.39990234375,5228.7001953125,5209.89990234375,5212.2001953125,1946
2026-03-11 03:00:00+00:00,5212.89990234375,5228.5,5212.89990234375,5225.5,1308
2026-03-11 03:30:00+00:00,5211.10009765625,5217.89990234375,5207.5,5212.7998046875,1076
2026-03-11 04:00:00+00:00,5215.7001953125,5217.10009765625,5207.89990234375,5211.5,892
2026-03-11 04:30:00+00:00,5212.7998046875,5216.7998046875,5210.2001953125,5215.60009765625,521
2026-03-11 05:00:00+00:00,5208.89990234375,5216.7998046875,5208.39990234375,5212.5,624
2026-03-11 05:30:00+00:00,5207.60009765625,5213.10009765625,5197.7998046875,5208.89990234375,1945
2026-03-11 06:00:00+00:00,5214.2001953125,5218.39990234375,5204.2998046875,5207.2001953125,1143
2026-03-11 06:30:00+00:00,5205.7998046875,5213.89990234375,5199.60009765625,5213.7001953125,1663
2026-03-11 07:00:00+00:00,5205.2001953125,5209.7998046875,5202.7998046875,5205.0,2086
2026-03-11 07:30:00+00:00,5203.7001953125,5206.39990234375,5192.10009765625,5206.0,3162
2026-03-11 08:00:00+00:00,5193.10009765625,5206.7001953125,5188.5,5203.2998046875,2324
2026-03-11 08:30:00+00:00,5195.2001953125,5196.10009765625,5183.2998046875,5192.60009765625,3333
2026-03-11 09:00:00+00:00,5195.2998046875,5198.0,5187.10009765625,5194.89990234375,2135
2026-03-11 09:30:00+00:00,5195.7001953125,5205.10009765625,5194.39990234375,5194.89990234375,2327
2026-03-11 10:00:00+00:00,5199.7998046875,5203.0,5194.2998046875,5195.7998046875,1784
2026-03-11 10:30:00+00:00,5194.10009765625,5200.10009765625,5184.7998046875,5199.89990234375,3142
2026-03-11 11:00:00+00:00,5188.7998046875,5201.10009765625,5187.2001953125,5194.2998046875,2374
2026-03-11 11:30:00+00:00,5189.2001953125,5198.60009765625,5182.2998046875,5188.60009765625,2451
2026-03-11 12:00:00+00:00,5199.7001953125,5203.39990234375,5185.5,5188.7001953125,3345
2026-03-11 12:30:00+00:00,5175.10009765625,5207.5,5172.0,5200.39990234375,6103
2026-03-11 13:00:00+00:00,5189.2998046875,5191.10009765625,5169.10009765625,5174.7001953125,4651
2026-03-11 13:30:00+00:00,5184.2998046875,5189.0,5155.89990234375,5189.0,9692
2026-03-11 14:00:00+00:00,5201.89990234375,5203.7998046875,5182.2001953125,5184.0,6959
2026-03-11 14:30:00+00:00,5190.7998046875,5204.2998046875,5181.7998046875,5201.89990234375,6680
2026-03-11 15:00:00+00:00,5180.10009765625,5193.7998046875,5175.5,5190.7001953125,5647
2026-03-11 15:30:00+00:00,5173.39990234375,5182.7001953125,5169.89990234375,5179.60009765625,4499
2026-03-11 16:00:00+00:00,5174.2998046875,5180.0,5170.7998046875,5173.39990234375,3435
2026-03-11 16:30:00+00:00,5183.10009765625,5185.5,5173.2998046875,5174.0,2958
2026-03-11 17:00:00+00:00,5179.39990234375,5188.5,5177.0,5183.2998046875,11616
2026-03-11 17:30:00+00:00,5176.60009765625,5179.89990234375,5158.39990234375,5179.39990234375,8474
2026-03-11 18:00:00+00:00,5185.39990234375,5186.10009765625,5176.2001953125,5176.60009765625,2548
2026-03-11 18:30:00+00:00,5180.10009765625,5186.2998046875,5178.10009765625,5185.39990234375,1367
2026-03-11 19:00:00+00:00,5184.7001953125,5185.5,5176.89990234375,5180.2001953125,1018
2026-03-11 19:30:00+00:00,5191.0,5191.2001953125,5183.60009765625,5185.2998046875,1248
2026-03-11 20:00:00+00:00,5185.60009765625,5191.5,5182.89990234375,5190.7998046875,846
2026-03-11 20:30:00+00:00,5183.89990234375,5186.2001953125,5183.10009765625,5185.7001953125,450
2026-03-11 22:00:00+00:00,5175.2998046875,5189.7998046875,5169.7998046875,5185.39990234375,829
2026-03-11 22:30:00+00:00,5144.7998046875,5175.2001953125,5135.0,5175.2001953125,2568
2026-03-11 23:00:00+00:00,5161.7001953125,5162.7998046875,5141.0,5144.5,1420
2026-03-11 23:30:00+00:00,5140.0,5163.89990234375,5138.7998046875,5161.60009765625,1535
2026-03-12 00:00:00+00:00,5159.0,5164.10009765625,5130.0,5139.39990234375,2830
2026-03-12 00:30:00+00:00,5158.10009765625,5168.0,5155.60009765625,5158.2998046875,1508
2026-03-12 01:00:00+00:00,5161.2998046875,5171.89990234375,5156.2001953125,5158.2001953125,2335
2026-03-12 01:30:00+00:00,5174.39990234375,5178.39990234375,5159.10009765625,5162.89990234375,2144
2026-03-12 02:00:00+00:00,5173.39990234375,5180.60009765625,5172.2001953125,5173.7001953125,1402
2026-03-12 02:30:00+00:00,5156.0,5176.89990234375,5150.5,5173.2998046875,3051
2026-03-12 03:00:00+00:00,5156.2001953125,5160.5,5152.0,5155.7001953125,1707
2026-03-12 03:30:00+00:00,5158.2001953125,5159.60009765625,5152.7998046875,5156.0,836
2026-03-12 04:00:00+00:00,5157.60009765625,5159.2001953125,5155.0,5158.39990234375,592
2026-03-12 04:30:00+00:00,5147.39990234375,5157.39990234375,5145.2998046875,5157.10009765625,1183
2026-03-12 05:00:00+00:00,5147.2001953125,5153.7998046875,5142.0,5147.60009765625,1160
2026-03-12 05:30:00+00:00,5159.7001953125,5162.5,5145.7001953125,5147.89990234375,1309
2026-03-12 06:00:00+00:00,5161.7001953125,5163.10009765625,5152.7001953125,5159.60009765625,908
2026-03-12 06:30:00+00:00,5172.60009765625,5176.2001953125,5161.10009765625,5162.0,2220
2026-03-12 07:00:00+00:00,5174.7998046875,5176.2998046875,5170.2998046875,5171.89990234375,1613
2026-03-12 07:30:00+00:00,5188.39990234375,5190.89990234375,5174.0,5174.7001953125,2479
2026-03-12 08:00:00+00:00,5183.89990234375,5195.89990234375,5183.2998046875,5188.2001953125,2832
2026-03-12 08:30:00+00:00,5184.39990234375,5189.2001953125,5181.39990234375,5183.89990234375,1363
2026-03-12 09:00:00+00:00,5186.0,5187.39990234375,5179.7998046875,5184.60009765625,2276
2026-03-12 09:30:00+00:00,5194.2001953125,5196.2001953125,5186.2001953125,5186.2001953125,2172
2026-03-12 10:00:00+00:00,5186.2001953125,5197.7998046875,5186.0,5194.10009765625,2020
2026-03-12 10:30:00+00:00,5188.2001953125,5189.60009765625,5181.7998046875,5186.60009765625,2955
2026-03-12 11:00:00+00:00,5182.39990234375,5189.60009765625,5178.60009765625,5187.89990234375,1104
2026-03-12 11:30:00+00:00,5184.7998046875,5187.5,5181.2998046875,5182.7001953125,1345
2026-03-12 12:00:00+00:00,5179.39990234375,5186.2001953125,5168.5,5185.0,3764
2026-03-12 12:30:00+00:00,5187.7001953125,5192.2998046875,5174.39990234375,5179.39990234375,4178
2026-03-12 13:00:00+00:00,5177.2998046875,5192.5,5164.7998046875,5187.5,5657
2026-03-12 13:30:00+00:00,5157.39990234375,5177.60009765625,5152.10009765625,5177.60009765625,7334
2026-03-12 14:00:00+00:00,5159.10009765625,5170.2001953125,5156.0,5157.0,4482
2026-03-12 14:30:00+00:00,5148.7998046875,5160.7001953125,5144.2001953125,5158.5,5846
2026-03-12 15:00:00+00:00,5134.7001953125,5150.89990234375,5114.60009765625,5148.60009765625,10360
2026-03-12 15:30:00+00:00,5138.0,5141.0,5124.39990234375,5134.7001953125,5699
2026-03-12 16:00:00+00:00,5137.5,5144.0,5126.7998046875,5138.10009765625,5262
2026-03-12 16:30:00+00:00,5130.10009765625,5144.2998046875,5128.2998046875,5137.7998046875,4908
2026-03-12 17:00:00+00:00,5126.0,5136.5,5120.10009765625,5129.89990234375,7536
2026-03-12 17:30:00+00:00,5112.39990234375,5127.0,5109.0,5126.10009765625,6375
2026-03-12 18:00:00+00:00,5111.2001953125,5119.5,5107.60009765625,5111.89990234375,2989
2026-03-12 18:30:00+00:00,5100.0,5110.89990234375,5095.2998046875,5110.7998046875,3889
2026-03-12 19:00:00+00:00,5099.5,5101.5,5084.5,5100.2001953125,4264
2026-03-12 19:30:00+00:00,5091.7001953125,5102.89990234375,5088.39990234375,5099.2998046875,2766
2026-03-12 20:00:00+00:00,5077.39990234375,5097.60009765625,5076.7998046875,5092.0,3109
2026-03-12 20:30:00+00:00,5084.10009765625,5086.39990234375,5058.2001953125,5077.39990234375,5142
2026-03-12 22:00:00+00:00,5096.2001953125,5098.89990234375,5074.60009765625,5084.0,1376
2026-03-12 22:30:00+00:00,5099.10009765625,5099.2998046875,5088.89990234375,5095.39990234375,593
2026-03-12 23:00:00+00:00,5097.7001953125,5102.7998046875,5092.60009765625,5099.60009765625,1293
2026-03-12 23:30:00+00:00,5101.5,5104.39990234375,5095.39990234375,5097.39990234375,1471
2026-03-13 00:00:00+00:00,5109.7998046875,5112.0,5100.39990234375,5101.0,1810
2026-03-13 00:30:00+00:00,5116.60009765625,5118.10009765625,5109.39990234375,5109.39990234375,1654
2026-03-13 01:00:00+00:00,5122.0,5124.60009765625,5116.2998046875,5116.7001953125,3490
2026-03-13 01:30:00+00:00,5128.5,5128.5,5111.39990234375,5122.2998046875,3845
2026-03-13 02:00:00+00:00,5126.2001953125,5132.39990234375,5118.2998046875,5127.89990234375,2356
2026-03-13 02:30:00+00:00,5115.39990234375,5126.0,5113.7001953125,5126.0,1346
2026-03-13 03:00:00+00:00,5113.5,5119.5,5111.2998046875,5115.7998046875,1407
2026-03-13 03:30:00+00:00,5119.2001953125,5120.0,5109.39990234375,5113.7001953125,922
2026-03-13 04:00:00+00:00,5107.7001953125,5121.10009765625,5106.7998046875,5118.89990234375,1091
2026-03-13 04:30:00+00:00,5107.10009765625,5110.2998046875,5105.5,5108.89990234375,946
2026-03-13 05:00:00+00:00,5108.89990234375,5113.60009765625,5105.7001953125,5107.39990234375,1347
2026-03-13 05:30:00+00:00,5106.2001953125,5114.89990234375,5100.60009765625,5109.10009765625,2721
2026-03-13 06:00:00+00:00,5099.10009765625,5111.2998046875,5092.0,5106.10009765625,2756
2026-03-13 06:30:00+00:00,5092.2001953125,5101.89990234375,5088.60009765625,5099.10009765625,2629
2026-03-13 07:00:00+00:00,5089.10009765625,5098.2998046875,5075.5,5092.2001953125,3387
2026-03-13 07:30:00+00:00,5089.5,5097.39990234375,5086.60009765625,5089.2001953125,2248
2026-03-13 08:00:00+00:00,5075.0,5089.7998046875,5066.0,5089.7998046875,3940
2026-03-13 08:30:00+00:00,5092.2001953125,5092.7998046875,5074.89990234375,5074.89990234375,2673
2026-03-13 09:00:00+00:00,5096.60009765625,5101.89990234375,5088.7998046875,5092.2998046875,2548
2026-03-13 09:30:00+00:00,5094.2998046875,5098.7001953125,5087.89990234375,5096.89990234375,1555
2026-03-13 10:00:00+00:00,5094.2001953125,5101.39990234375,5090.39990234375,5094.0,1577
2026-03-13 10:30:00+00:00,5099.60009765625,5103.39990234375,5085.0,5093.89990234375,2984
2026-03-13 11:00:00+00:00,5100.60009765625,5102.5,5091.10009765625,5099.89990234375,2362
2026-03-13 11:30:00+00:00,5112.89990234375,5112.89990234375,5096.89990234375,5100.89990234375,2466
2026-03-13 12:00:00+00:00,5119.60009765625,5124.2001953125,5109.7998046875,5113.0,3846
2026-03-13 12:30:00+00:00,5124.39990234375,5128.5,5114.39990234375,5121.7998046875,3815
2026-03-13 13:00:00+00:00,5114.60009765625,5127.89990234375,5113.2998046875,5124.60009765625,3480
2026-03-13 13:30:00+00:00,5107.5,5123.2001953125,5102.10009765625,5114.2998046875,5438
2026-03-13 14:00:00+00:00,5094.5,5114.10009765625,5088.39990234375,5107.10009765625,5700
2026-03-13 14:30:00+00:00,5045.7998046875,5097.2998046875,5039.2998046875,5094.2998046875,11877
2026-03-13 15:00:00+00:00,5067.7001953125,5076.2001953125,5042.2001953125,5045.89990234375,10743
2026-03-13 15:30:00+00:00,5039.10009765625,5072.7998046875,5032.2001953125,5067.2998046875,9857
2026-03-13 16:00:00+00:00,5044.7998046875,5045.89990234375,5022.7998046875,5038.7998046875,9894
2026-03-13 16:30:00+00:00,5050.60009765625,5057.0,5044.2001953125,5045.2001953125,4069
2026-03-13 17:00:00+00:00,5060.5,5066.2998046875,5047.7001953125,5050.10009765625,7328
2026-03-13 17:30:00+00:00,5050.89990234375,5068.10009765625,5047.5,5060.7998046875,2588
2026-03-13 18:00:00+00:00,5046.10009765625,5056.0,5040.7001953125,5050.7998046875,2182
2026-03-13 18:30:00+00:00,5050.89990234375,5053.60009765625,5044.7998046875,5045.7001953125,2390
2026-03-13 19:00:00+00:00,5040.0,5054.2001953125,5036.89990234375,5050.89990234375,3922
2026-03-13 19:30:00+00:00,5022.0,5041.39990234375,5014.10009765625,5040.0,5055
2026-03-13 20:00:00+00:00,5018.7998046875,5026.60009765625,5017.0,5022.2998046875,2237
2026-03-13 20:30:00+00:00,5023.10009765625,5030.0,5017.7001953125,5018.5,1787
2026-03-15 22:00:00+00:00,5016.5,5029.89990234375,5003.0,5027.60009765625,1442
2026-03-15 22:30:00+00:00,5028.7998046875,5029.39990234375,5011.10009765625,5015.7001953125,1679
2026-03-15 23:00:00+00:00,4992.7998046875,5030.0,4970.10009765625,5028.0,4201
2026-03-15 23:30:00+00:00,5000.60009765625,5002.2001953125,4975.2998046875,4993.60009765625,2250
2026-03-16 00:00:00+00:00,5019.7998046875,5032.89990234375,5000.0,5001.10009765625,2977
2026-03-16 00:30:00+00:00,5030.39990234375,5035.39990234375,5018.7001953125,5021.7998046875,2527
2026-03-16 01:00:00+00:00,4992.2998046875,5031.5,4986.0,5031.5,4265
2026-03-16 01:30:00+00:00,5020.0,5020.2001953125,4986.10009765625,4992.2998046875,2230
2026-03-16 02:00:00+00:00,5016.5,5022.7001953125,5013.5,5019.39990234375,1332
2026-03-16 02:30:00+00:00,5006.60009765625,5016.7001953125,5001.39990234375,5016.0,1622
2026-03-16 03:00:00+00:00,5014.0,5015.0,5001.39990234375,5007.2001953125,1358
2026-03-16 03:30:00+00:00,5022.5,5024.2998046875,5013.7001953125,5014.60009765625,995
2026-03-16 04:00:00+00:00,5025.5,5030.10009765625,5022.7998046875,5023.2001953125,1010
2026-03-16 04:30:00+00:00,5016.5,5028.7998046875,5016.0,5025.5,546
2026-03-16 05:00:00+00:00,5014.89990234375,5020.0,5011.7998046875,5016.39990234375,799
2026-03-16 05:30:00+00:00,5021.10009765625,5024.0,5006.89990234375,5014.2998046875,1400
2026-03-16 06:00:00+00:00,5031.5,5039.7998046875,5016.7998046875,5021.0,2487
2026-03-16 06:30:00+00:00,5016.2001953125,5033.2001953125,5008.5,5031.7998046875,2732
2026-03-16 07:00:00+00:00,5006.60009765625,5020.0,5002.5,5016.10009765625,2906
2026-03-16 07:30:00+00:00,4998.89990234375,5011.7001953125,4992.89990234375,5007.2998046875,3950
2026-03-16 08:00:00+00:00,5001.2001953125,5008.0,4991.60009765625,4998.7001953125,4800
2026-03-16 08:30:00+00:00,4995.0,5002.5,4988.2001953125,5001.10009765625,3268
2026-03-16 09:00:00+00:00,4992.39990234375,4995.0,4983.5,4994.10009765625,4934
2026-03-16 09:30:00+00:00,4979.39990234375,4995.60009765625,4976.5,4992.7001953125,4647
2026-03-16 10:00:00+00:00,4990.7001953125,4995.7001953125,4973.5,4979.7001953125,3837
2026-03-16 10:30:00+00:00,5004.2001953125,5005.2998046875,4985.0,4991.5,4023
2026-03-16 11:00:00+00:00,5024.10009765625,5028.2001953125,5001.0,5004.2998046875,4536
2026-03-16 11:30:00+00:00,5001.89990234375,5025.2998046875,4996.7998046875,5024.10009765625,4813
2026-03-16 12:00:00+00:00,5028.2998046875,5030.60009765625,4999.5,5001.7001953125,7265
2026-03-16 12:30:00+00:00,5024.89990234375,5033.5,5016.2001953125,5028.2001953125,5788
2026-03-16 13:00:00+00:00,5027.0,5036.5,5018.7998046875,5025.39990234375,5956
2026-03-16 13:30:00+00:00,5035.7001953125,5041.2998046875,5023.39990234375,5027.10009765625,6952
2026-03-16 14:00:00+00:00,5020.39990234375,5044.5,5020.39990234375,5035.7998046875,6784
2026-03-16 14:30:00+00:00,5000.7998046875,5021.2001953125,4992.10009765625,5020.39990234375,9373
2026-03-16 15:00:00+00:00,4997.0,5010.89990234375,4988.5,5000.39990234375,8765
2026-03-16 15:30:00+00:00,4991.89990234375,5008.7001953125,4988.60009765625,4996.7001953125,6014
2026-03-16 16:00:00+00:00,4984.5,5004.2001953125,4982.7998046875,4991.5,4703
2026-03-16 16:30:00+00:00,4995.89990234375,4998.2001953125,4978.60009765625,4985.0,4761
2026-03-16 17:00:00+00:00,5001.60009765625,5009.60009765625,4995.89990234375,4996.10009765625,5804
2026-03-16 17:30:00+00:00,4996.7001953125,5002.2001953125,4989.5,5001.2998046875,2687
2026-03-16 18:00:00+00:00,5012.7001953125,5014.10009765625,4995.7998046875,4997.0,3125
2026-03-16 18:30:00+00:00,5018.89990234375,5024.0,5011.39990234375,5012.2001953125,2515
2026-03-16 19:00:00+00:00,5016.39990234375,5026.5,5014.7998046875,5018.7001953125,2266
2026-03-16 19:30:00+00:00,5019.2998046875,5021.89990234375,5014.0,5016.2998046875,1890
2026-03-16 20:00:00+00:00,5020.2001953125,5028.0,5014.2001953125,5018.89990234375,1343
2026-03-16 20:30:00+00:00,5011.2998046875,5020.2998046875,5010.7998046875,5020.0,1065
2026-03-16 22:00:00+00:00,5006.7998046875,5021.89990234375,5004.2001953125,5012.2001953125,734
2026-03-16 22:30:00+00:00,5007.60009765625,5011.5,5003.89990234375,5007.60009765625,422
2026-03-16 23:00:00+00:00,5014.5,5015.0,5007.0,5007.2001953125,353
2026-03-16 23:30:00+00:00,5018.0,5021.0,5011.5,5014.89990234375,929
2026-03-17 00:00:00+00:00,5008.39990234375,5019.2998046875,5004.89990234375,5018.0,1230
2026-03-17 00:30:00+00:00,5007.10009765625,5011.5,5002.2998046875,5008.2998046875,645
2026-03-17 01:00:00+00:00,5017.5,5018.5,4998.7001953125,5006.2998046875,1752
2026-03-17 01:30:00+00:00,5032.10009765625,5032.7001953125,5015.39990234375,5017.0,1941
2026-03-17 02:00:00+00:00,5029.7998046875,5034.10009765625,5024.10009765625,5032.2998046875,1043
2026-03-17 02:30:00+00:00,5026.2001953125,5033.5,5025.60009765625,5029.60009765625,740
2026-03-17 03:00:00+00:00,5036.5,5036.7998046875,5024.2001953125,5026.0,853
2026-03-17 03:30:00+00:00,5030.2998046875,5037.5,5029.7001953125,5036.7001953125,845
2026-03-17 04:00:00+00:00,5036.89990234375,5037.10009765625,5030.10009765625,5031.10009765625,504
2026-03-17 04:30:00+00:00,5042.39990234375,5046.7001953125,5036.2001953125,5036.89990234375,1840
2026-03-17 05:00:00+00:00,5040.2998046875,5049.39990234375,5036.7001953125,5043.10009765625,1830
2026-03-17 05:30:00+00:00,5024.5,5044.60009765625,5024.2998046875,5040.2001953125,2195
2026-03-17 06:00:00+00:00,5015.89990234375,5027.0,5009.0,5025.2998046875,3436
2026-03-17 06:30:00+00:00,5013.89990234375,5021.10009765625,5012.2001953125,5015.60009765625,1565
2026-03-17 07:00:00+00:00,5020.60009765625,5022.89990234375,5013.0,5013.7001953125,2441
2026-03-17 07:30:00+00:00,5025.0,5031.89990234375,5020.2001953125,5020.5,2241
2026-03-17 08:00:00+00:00,5025.2001953125,5033.5,5022.5,5025.2001953125,2518
2026-03-17 08:30:00+00:00,5029.0,5029.7001953125,5022.2998046875,5025.2998046875,1995
2026-03-17 09:00:00+00:00,5022.10009765625,5030.2998046875,5016.39990234375,5029.2001953125,2914
2026-03-17 09:30:00+00:00,5014.7001953125,5022.7998046875,5014.39990234375,5021.5,1864
2026-03-17 10:00:00+00:00,5008.10009765625,5020.7001953125,5005.39990234375,5014.7001953125,3652
2026-03-17 10:30:00+00:00,5004.39990234375,5014.10009765625,4994.7998046875,5007.7998046875,4497
2026-03-17 11:00:00+00:00,5011.39990234375,5014.39990234375,5001.0,5004.0,2192
2026-03-17 11:30:00+00:00,5007.2998046875,5016.10009765625,5006.2001953125,5011.5,1938
2026-03-17 12:00:00+00:00,5024.89990234375,5025.5,5003.2998046875,5007.0,3777
2026-03-17 12:30:00+00:00,5016.2998046875,5029.0,5014.7001953125,5025.0,4281
2026-03-17 13:00:00+00:00,5017.10009765625,5024.2998046875,5015.0,5016.60009765625,3651
2026-03-17 13:30:00+00:00,5021.89990234375,5036.7001953125,5010.60009765625,5017.5,8356
2026-03-17 14:00:00+00:00,5013.2001953125,5026.5,5011.39990234375,5021.60009765625,3630
2026-03-17 14:30:00+00:00,5012.5,5024.2998046875,5007.2001953125,5012.89990234375,4425
2026-03-17 15:00:00+00:00,4999.0,5022.2001953125,4997.7001953125,5011.89990234375,6495
2026-03-17 15:30:00+00:00,5002.60009765625,5005.2001953125,4977.0,4999.5,9564
2026-03-17 16:00:00+00:00,5008.2001953125,5010.0,4995.60009765625,5002.5,3882
2026-03-17 16:30:00+00:00,5006.39990234375,5010.2998046875,5002.0,5008.39990234375,3070
2026-03-17 17:00:00+00:00,5007.39990234375,5013.7001953125,5006.10009765625,5006.5,4219
2026-03-17 17:30:00+00:00,5007.0,5011.2001953125,5001.0,5007.39990234375,3025
2026-03-17 18:00:00+00:00,5008.2001953125,5013.5,5005.5,5007.39990234375,1545
2026-03-17 18:30:00+00:00,5007.5,5012.2001953125,5003.89990234375,5008.0,1232
2026-03-17 19:00:00+00:00,5004.0,5009.39990234375,5002.2998046875,5007.10009765625,1465
2026-03-17 19:30:00+00:00,5005.10009765625,5008.0,5000.39990234375,5004.2001953125,1837
2026-03-17 20:00:00+00:00,5008.60009765625,5011.0,5004.7001953125,5004.89990234375,795
2026-03-17 20:30:00+00:00,5011.2998046875,5011.60009765625,5006.0,5008.60009765625,898
2026-03-17 22:00:00+00:00,5006.2998046875,5011.2001953125,5001.10009765625,5010.60009765625,249
2026-03-17 22:30:00+00:00,5003.60009765625,5007.10009765625,4996.89990234375,5005.5,752
2026-03-17 23:00:00+00:00,5003.7001953125,5007.10009765625,5002.2001953125,5003.39990234375,387
2026-03-17 23:30:00+00:00,5006.60009765625,5007.89990234375,5003.60009765625,5003.7998046875,200
2026-03-18 00:00:00+00:00,5007.39990234375,5017.2998046875,5005.0,5006.60009765625,1634
2026-03-18 00:30:00+00:00,5008.39990234375,5012.7998046875,5004.7001953125,5006.89990234375,1540
2026-03-18 01:00:00+00:00,5012.7998046875,5022.0,5002.0,5008.89990234375,2605
2026-03-18 01:30:00+00:00,5002.2001953125,5014.10009765625,4994.2998046875,5012.39990234375,2521
2026-03-18 02:00:00+00:00,5005.60009765625,5010.7001953125,4999.7001953125,5002.2001953125,958
2026-03-18 02:30:00+00:00,4994.89990234375,5007.39990234375,4993.0,5006.0,1229
2026-03-18 03:00:00+00:00,4999.2998046875,5000.0,4988.5,4994.89990234375,1544
2026-03-18 03:30:00+00:00,4992.7001953125,5000.89990234375,4991.7998046875,4999.5,544
2026-03-18 04:00:00+00:00,4993.39990234375,4997.0,4992.39990234375,4994.5,680
2026-03-18 04:30:00+00:00,4989.89990234375,4994.0,4984.89990234375,4994.0,1899
2026-03-18 05:00:00+00:00,4994.0,4996.2998046875,4987.7001953125,4990.39990234375,1669
2026-03-18 05:30:00+00:00,5001.10009765625,5006.2001953125,4990.5,4994.2998046875,2113
2026-03-18 06:00:00+00:00,5012.5,5015.0,4999.60009765625,5000.39990234375,2133
2026-03-18 06:30:00+00:00,5013.7998046875,5020.5,5012.2998046875,5012.7998046875,2311
2026-03-18 07:00:00+00:00,5013.2998046875,5019.39990234375,5010.2998046875,5014.10009765625,1432
2026-03-18 07:30:00+00:00,4999.10009765625,5014.0,4994.7001953125,5013.5,2502
2026-03-18 08:00:00+00:00,4993.2001953125,5001.7001953125,4987.5,4999.0,4983
2026-03-18 08:30:00+00:00,4990.7001953125,4996.10009765625,4981.10009765625,4992.7998046875,5745
2026-03-18 09:00:00+00:00,4996.60009765625,4998.5,4988.7001953125,4991.10009765625,2609
2026-03-18 09:30:00+00:00,4996.39990234375,5000.0,4995.0,4996.7998046875,1417
2026-03-18 10:00:00+00:00,4986.89990234375,4996.39990234375,4985.10009765625,4996.2998046875,2461
2026-03-18 10:30:00+00:00,4971.7001953125,4991.89990234375,4962.60009765625,4986.7998046875,8869
2026-03-18 11:00:00+00:00,4952.2998046875,4977.7001953125,4950.0,4971.7001953125,7460
2026-03-18 11:30:00+00:00,4933.2998046875,4965.7001953125,4928.0,4952.0,11075
2026-03-18 12:00:00+00:00,4903.7001953125,4935.89990234375,4897.2998046875,4933.89990234375,14254
2026-03-18 12:30:00+00:00,4884.39990234375,4906.0,4873.0,4905.7001953125,16630
2026-03-18 13:00:00+00:00,4864.2001953125,4884.2001953125,4837.10009765625,4884.0,17737
2026-03-18 13:30:00+00:00,4881.7998046875,4889.2001953125,4852.89990234375,4864.5,12305
2026-03-18 14:00:00+00:00,4863.7998046875,4899.0,4862.10009765625,4881.89990234375,9247
2026-03-18 14:30:00+00:00,4873.10009765625,4876.10009765625,4859.39990234375,4864.2998046875,5373
2026-03-18 15:00:00+00:00,4875.39990234375,4883.60009765625,4869.10009765625,4872.89990234375,5104
2026-03-18 15:30:00+00:00,4866.2998046875,4879.0,4864.5,4875.0,2976
2026-03-18 16:00:00+00:00,4886.7001953125,4887.2001953125,4864.7001953125,4866.2001953125,3163
2026-03-18 16:30:00+00:00,4891.2001953125,4894.7998046875,4877.2001953125,4886.7001953125,4171
2026-03-18 17:00:00+00:00,4895.39990234375,4902.60009765625,4888.10009765625,4891.39990234375,5674
2026-03-18 17:30:00+00:00,4895.10009765625,4904.0,4891.5,4895.7001953125,4877
2026-03-18 18:00:00+00:00,4890.10009765625,4904.5,4880.7998046875,4895.2001953125,6028
2026-03-18 18:30:00+00:00,4857.2998046875,4892.7001953125,4856.2001953125,4890.2001953125,6067
2026-03-18 19:00:00+00:00,4852.39990234375,4868.89990234375,4847.0,4856.89990234375,6595
2026-03-18 19:30:00+00:00,4846.7998046875,4864.10009765625,4841.39990234375,4852.2001953125,4518
2026-03-18 20:00:00+00:00,4814.2998046875,4852.10009765625,4811.60009765625,4846.5,4802
2026-03-18 20:30:00+00:00,4823.89990234375,4830.7001953125,4809.2998046875,4813.7001953125,3113
2026-03-18 22:00:00+00:00,4818.0,4839.89990234375,4806.0,4828.0,2074
2026-03-18 22:30:00+00:00,4837.10009765625,4842.0,4811.60009765625,4818.5,1613
2026-03-18 23:00:00+00:00,4839.7998046875,4843.10009765625,4830.5,4836.5,1144
2026-03-18 23:30:00+00:00,4839.2001953125,4845.0,4832.0,4839.2001953125,793
2026-03-19 00:00:00+00:00,4844.2001953125,4850.7998046875,4837.60009765625,4838.39990234375,1362
2026-03-19 00:30:00+00:00,4842.60009765625,4850.60009765625,4839.10009765625,4843.5,1345
2026-03-19 01:00:00+00:00,4847.2001953125,4855.0,4833.7001953125,4842.2998046875,2547
2026-03-19 01:30:00+00:00,4851.2998046875,4868.7001953125,4844.0,4847.10009765625,3011
2026-03-19 02:00:00+00:00,4858.60009765625,4859.2001953125,4842.60009765625,4851.2001953125,1542
2026-03-19 02:30:00+00:00,4859.5,4863.39990234375,4854.89990234375,4858.5,1242
2026-03-19 03:00:00+00:00,4861.7001953125,4867.39990234375,4856.5,4859.7998046875,1178
2026-03-19 03:30:00+00:00,4852.7001953125,4861.7998046875,4852.2998046875,4861.2998046875,860
2026-03-19 04:00:00+00:00,4851.2998046875,4855.2001953125,4848.7001953125,4852.39990234375,678
2026-03-19 04:30:00+00:00,4851.7998046875,4854.39990234375,4847.0,4851.89990234375,515
2026-03-19 05:00:00+00:00,4849.10009765625,4855.7001953125,4848.0,4851.5,1195
2026-03-19 05:30:00+00:00,4829.2001953125,4848.2998046875,4828.10009765625,4848.10009765625,3103
2026-03-19 06:00:00+00:00,4815.2998046875,4844.2001953125,4813.7998046875,4829.10009765625,2934
2026-03-19 06:30:00+00:00,4765.2001953125,4821.5,4749.0,4815.60009765625,11357
2026-03-19 07:00:00+00:00,4772.60009765625,4786.0,4759.2001953125,4765.2998046875,4789
2026-03-19 07:30:00+00:00,4729.60009765625,4773.39990234375,4727.2998046875,4772.0,6565
2026-03-19 08:00:00+00:00,4720.2998046875,4742.2001953125,4703.0,4729.2998046875,8557
2026-03-19 08:30:00+00:00,4710.60009765625,4724.0,4688.0,4719.7998046875,7557
2026-03-19 09:00:00+00:00,4711.60009765625,4724.89990234375,4690.2998046875,4711.2001953125,6922
2026-03-19 09:30:00+00:00,4701.10009765625,4728.10009765625,4698.10009765625,4710.7998046875,5864
2026-03-19 10:00:00+00:00,4685.60009765625,4722.0,4672.5,4700.60009765625,6726
2026-03-19 10:30:00+00:00,4681.89990234375,4703.2998046875,4669.39990234375,4685.7001953125,9715
2026-03-19 11:00:00+00:00,4689.7001953125,4702.7001953125,4679.5,4682.2998046875,7560
2026-03-19 11:30:00+00:00,4654.39990234375,4699.5,4652.39990234375,4689.89990234375,9322
2026-03-19 12:00:00+00:00,4608.5,4657.0,4605.0,4654.89990234375,16309
2026-03-19 12:30:00+00:00,4577.2998046875,4620.7998046875,4533.10009765625,4608.5,23920
2026-03-19 13:00:00+00:00,4578.89990234375,4584.0,4505.0,4576.10009765625,23569
2026-03-19 13:30:00+00:00,4624.0,4625.0,4540.7001953125,4579.39990234375,18202
2026-03-19 14:00:00+00:00,4587.2998046875,4651.7998046875,4586.60009765625,4624.89990234375,19260
2026-03-19 14:30:00+00:00,4603.5,4630.39990234375,4583.39990234375,4586.7998046875,10317
2026-03-19 15:00:00+00:00,4605.5,4641.7001953125,4595.2001953125,4603.2001953125,9951
2026-03-19 15:30:00+00:00,4598.2998046875,4613.7001953125,4566.0,4604.89990234375,10956
2026-03-19 16:00:00+00:00,4602.2001953125,4628.0,4594.5,4598.0,7681
2026-03-19 16:30:00+00:00,4587.10009765625,4610.60009765625,4579.2001953125,4602.60009765625,5552
2026-03-19 17:00:00+00:00,4606.2998046875,4617.0,4576.7001953125,4587.2001953125,7940
2026-03-19 17:30:00+00:00,4618.7998046875,4633.2998046875,4602.89990234375,4606.89990234375,6164
2026-03-19 18:00:00+00:00,4611.39990234375,4621.7001953125,4603.60009765625,4619.2998046875,3437
2026-03-19 18:30:00+00:00,4625.7998046875,4626.2998046875,4598.7001953125,4611.5,3719
2026-03-19 19:00:00+00:00,4647.2998046875,4666.89990234375,4625.7998046875,4625.7998046875,9056
2026-03-19 19:30:00+00:00,4647.89990234375,4653.7001953125,4635.0,4647.89990234375,5048
2026-03-19 20:00:00+00:00,4660.2001953125,4664.2001953125,4646.0,4647.5,1940
2026-03-19 20:30:00+00:00,4651.89990234375,4664.7001953125,4650.2001953125,4660.7998046875,1543
2026-03-19 22:00:00+00:00,4668.5,4679.5,4652.7998046875,4653.89990234375,1731
2026-03-19 22:30:00+00:00,4638.10009765625,4668.10009765625,4638.0,4668.10009765625,1340
2026-03-19 23:00:00+00:00,4646.0,4650.0,4638.7001953125,4638.7001953125,1115
2026-03-19 23:30:00+00:00,4645.5,4650.0,4635.7998046875,4646.7998046875,978
2026-03-20 00:00:00+00:00,4650.0,4666.60009765625,4643.89990234375,4645.5,1781
2026-03-20 00:30:00+00:00,4649.5,4661.7001953125,4646.60009765625,4650.39990234375,1258
2026-03-20 01:00:00+00:00,4664.2001953125,4681.5,4640.5,4649.60009765625,4247
2026-03-20 01:30:00+00:00,4679.10009765625,4701.5,4663.5,4664.5,4429
2026-03-20 02:00:00+00:00,4685.0,4691.39990234375,4672.2001953125,4680.0,2302
2026-03-20 02:30:00+00:00,4699.2998046875,4704.5,4680.0,4685.39990234375,2808
2026-03-20 03:00:00+00:00,4734.60009765625,4737.10009765625,4694.39990234375,4698.89990234375,3717
2026-03-20 03:30:00+00:00,4725.2001953125,4738.2001953125,4722.10009765625,4734.7998046875,1993
2026-03-20 04:00:00+00:00,4723.60009765625,4728.0,4717.60009765625,4726.2998046875,1443
2026-03-20 04:30:00+00:00,4722.0,4727.10009765625,4715.5,4723.7998046875,1233
2026-03-20 05:00:00+00:00,4720.39990234375,4724.10009765625,4711.0,4722.0,1543
2026-03-20 05:30:00+00:00,4689.89990234375,4720.39990234375,4686.7998046875,4719.89990234375,3952
2026-03-20 06:00:00+00:00,4689.2001953125,4702.60009765625,4681.2001953125,4690.0,3112
2026-03-20 06:30:00+00:00,4670.2998046875,4690.7001953125,4661.60009765625,4689.39990234375,4019
2026-03-20 07:00:00+00:00,4689.0,4689.7998046875,4668.7998046875,4669.89990234375,3471
2026-03-20 07:30:00+00:00,4707.2001953125,4709.0,4686.2001953125,4689.0,3297
2026-03-20 08:00:00+00:00,4724.10009765625,4736.2998046875,4702.89990234375,4707.7001953125,6207
2026-03-20 08:30:00+00:00,4695.10009765625,4724.39990234375,4685.2001953125,4724.2998046875,5336
2026-03-20 09:00:00+00:00,4693.0,4701.7998046875,4685.10009765625,4694.5,2754
2026-03-20 09:30:00+00:00,4668.39990234375,4693.39990234375,4660.5,4693.39990234375,4429
2026-03-20 10:00:00+00:00,4658.2998046875,4670.10009765625,4646.39990234375,4668.2998046875,5255
2026-03-20 10:30:00+00:00,4646.39990234375,4670.5,4639.10009765625,4658.2998046875,4831
2026-03-20 11:00:00+00:00,4666.7001953125,4670.2998046875,4638.2001953125,4645.7998046875,3759
2026-03-20 11:30:00+00:00,4673.39990234375,4676.0,4658.7998046875,4667.2001953125,3287
2026-03-20 12:00:00+00:00,4679.5,4696.89990234375,4673.39990234375,4673.39990234375,6195
2026-03-20 12:30:00+00:00,4679.0,4683.2001953125,4662.7998046875,4679.7998046875,5260
2026-03-20 13:00:00+00:00,4661.10009765625,4680.5,4654.10009765625,4679.39990234375,6392
2026-03-20 13:30:00+00:00,4617.0,4666.60009765625,4613.10009765625,4660.89990234375,13473
2026-03-20 14:00:00+00:00,4560.60009765625,4623.2001953125,4551.10009765625,4617.10009765625,15607
2026-03-20 14:30:00+00:00,4564.89990234375,4585.89990234375,4547.60009765625,4558.2001953125,10600
2026-03-20 15:00:00+00:00,4564.7001953125,4582.39990234375,4542.10009765625,4564.5,10543
2026-03-20 15:30:00+00:00,4555.2998046875,4577.7998046875,4545.7001953125,4564.39990234375,6120
2026-03-20 16:00:00+00:00,4586.89990234375,4616.2998046875,4554.0,4554.89990234375,10246
2026-03-20 16:30:00+00:00,4585.2998046875,4594.89990234375,4568.7998046875,4586.60009765625,6526
2026-03-20 17:00:00+00:00,4574.2001953125,4602.5,4570.7001953125,4585.60009765625,7487
2026-03-20 17:30:00+00:00,4575.89990234375,4579.5,4556.7001953125,4574.60009765625,6069
2026-03-20 18:00:00+00:00,4557.0,4580.5,4538.7001953125,4576.10009765625,4835
2026-03-20 18:30:00+00:00,4500.7001953125,4559.2998046875,4478.39990234375,4556.39990234375,11414
2026-03-20 19:00:00+00:00,4500.0,4517.60009765625,4487.39990234375,4501.2998046875,5572
2026-03-20 19:30:00+00:00,4503.7998046875,4518.7001953125,4494.10009765625,4500.7998046875,4490
2026-03-20 20:00:00+00:00,4503.0,4516.60009765625,4495.60009765625,4503.5,2271
2026-03-20 20:30:00+00:00,4496.2998046875,4507.0,4492.0,4503.2001953125,1577
2026-03-22 22:00:00+00:00,4525.0,4537.10009765625,4490.0,4511.7001953125,3262
2026-03-22 22:30:00+00:00,4498.10009765625,4527.10009765625,4490.2001953125,4525.7001953125,2488
2026-03-22 23:00:00+00:00,4486.2001953125,4511.2001953125,4482.60009765625,4499.2998046875,3383
2026-03-22 23:30:00+00:00,4465.89990234375,4494.39990234375,4453.2001953125,4485.0,3944
2026-03-23 00:00:00+00:00,4428.7998046875,4474.7998046875,4406.39990234375,4466.2001953125,8428
2026-03-23 00:30:00+00:00,4356.39990234375,4438.2001953125,4322.0,4429.60009765625,15505
2026-03-23 01:00:00+00:00,4423.5,4444.89990234375,4330.0,4357.7001953125,10515
2026-03-23 01:30:00+00:00,4390.0,4455.0,4381.7001953125,4424.0,6131
2026-03-23 02:00:00+00:00,4402.60009765625,4423.7998046875,4384.5,4389.39990234375,5862
2026-03-23 02:30:00+00:00,4362.2998046875,4404.10009765625,4356.0,4401.7001953125,6267
2026-03-23 03:00:00+00:00,4354.0,4379.39990234375,4349.2001953125,4362.0,5172
2026-03-23 03:30:00+00:00,4355.2998046875,4367.10009765625,4337.5,4354.0,3557
2026-03-23 04:00:00+00:00,4371.7998046875,4374.89990234375,4355.89990234375,4355.89990234375,2541
2026-03-23 04:30:00+00:00,4370.89990234375,4385.0,4353.2001953125,4371.10009765625,3618
2026-03-23 05:00:00+00:00,4360.2998046875,4383.2001953125,4354.7001953125,4370.5,2479
2026-03-23 05:30:00+00:00,4314.10009765625,4359.60009765625,4305.5,4359.60009765625,9070
2026-03-23 06:00:00+00:00,4248.39990234375,4317.10009765625,4244.39990234375,4313.7998046875,16150
2026-03-23 06:30:00+00:00,4225.10009765625,4255.5,4166.0,4249.60009765625,17926
2026-03-23 07:00:00+00:00,4137.2001953125,4227.0,4100.0,4224.7998046875,17879
2026-03-23 07:30:00+00:00,4205.7001953125,4233.7998046875,4132.2998046875,4137.10009765625,14483
2026-03-23 08:00:00+00:00,4228.60009765625,4258.60009765625,4203.60009765625,4206.5,12642
2026-03-23 08:30:00+00:00,4251.7001953125,4273.2998046875,4220.7001953125,4228.60009765625,9007
2026-03-23 09:00:00+00:00,4306.0,4306.0,4246.89990234375,4252.60009765625,8554
2026-03-23 09:30:00+00:00,4254.5,4310.2998046875,4224.10009765625,4305.7001953125,10144
2026-03-23 10:00:00+00:00,4270.0,4276.0,4244.2998046875,4254.7001953125,4719
2026-03-23 10:30:00+00:00,4270.0,4283.0,4241.7998046875,4270.2998046875,5489
2026-03-23 11:00:00+00:00,4400.39990234375,4466.2998046875,4270.10009765625,4270.39990234375,21229
2026-03-23 11:30:00+00:00,4379.2001953125,4434.5,4363.39990234375,4402.39990234375,11959
2026-03-23 12:00:00+00:00,4391.7998046875,4407.7001953125,4338.0,4380.10009765625,9487
2026-03-23 12:30:00+00:00,4480.60009765625,4495.5,4375.5,4391.89990234375,12140
2026-03-23 13:00:00+00:00,4412.5,4489.0,4407.0,4481.60009765625,12052
2026-03-23 13:30:00+00:00,4457.60009765625,4470.2001953125,4404.0,4412.7001953125,11217
2026-03-23 14:00:00+00:00,4489.2001953125,4516.5,4455.89990234375,4457.60009765625,13201
2026-03-23 14:30:00+00:00,4463.5,4507.2998046875,4459.10009765625,4488.7001953125,10561
2026-03-23 15:00:00+00:00,4448.2998046875,4488.89990234375,4428.5,4464.39990234375,11985
2026-03-23 15:30:00+00:00,4365.60009765625,4457.7001953125,4350.7998046875,4448.2998046875,13673
2026-03-23 16:00:00+00:00,4357.2998046875,4392.2001953125,4354.10009765625,4364.10009765625,9253
2026-03-23 16:30:00+00:00,4378.10009765625,4394.0,4356.0,4357.5,5919
2026-03-23 17:00:00+00:00,4407.2001953125,4416.2998046875,4372.7001953125,4378.0,12726
2026-03-23 17:30:00+00:00,4428.7998046875,4441.5,4405.7998046875,4407.39990234375,5321
2026-03-23 18:00:00+00:00,4427.89990234375,4433.10009765625,4404.7998046875,4428.89990234375,2913
2026-03-23 18:30:00+00:00,4451.0,4469.5,4427.60009765625,4428.5,3920
2026-03-23 19:00:00+00:00,4412.2001953125,4452.5,4394.60009765625,4451.60009765625,5161
2026-03-23 19:30:00+00:00,4401.5,4430.0,4399.39990234375,4412.7998046875,4080
2026-03-23 20:00:00+00:00,4409.10009765625,4415.5,4385.0,4400.7001953125,1694
2026-03-23 20:30:00+00:00,4410.39990234375,4416.10009765625,4398.5,4409.7998046875,797
2026-03-23 22:00:00+00:00,4416.89990234375,4423.10009765625,4363.5,4414.7998046875,1759
2026-03-23 22:30:00+00:00,4429.89990234375,4433.7998046875,4400.7998046875,4416.7998046875,1398
2026-03-23 23:00:00+00:00,4444.2998046875,4450.5,4425.5,4428.7001953125,1644
2026-03-23 23:30:00+00:00,4442.7998046875,4448.2998046875,4424.0,4443.0,1546
2026-03-24 00:00:00+00:00,4380.2998046875,4448.39990234375,4369.89990234375,4442.7001953125,3084
2026-03-24 00:30:00+00:00,4366.89990234375,4389.7001953125,4329.0,4380.0,4593
2026-03-24 01:00:00+00:00,4356.7998046875,4376.89990234375,4330.7001953125,4366.60009765625,5209
2026-03-24 01:30:00+00:00,4323.39990234375,4369.7998046875,4309.2001953125,4356.89990234375,4022
2026-03-24 02:00:00+00:00,4353.0,4354.10009765625,4306.2998046875,4323.10009765625,3579
2026-03-24 02:30:00+00:00,4366.89990234375,4380.10009765625,4345.2998046875,4352.0,3042
2026-03-24 03:00:00+00:00,4365.39990234375,4368.60009765625,4350.5,4367.10009765625,1630
2026-03-24 03:30:00+00:00,4346.7998046875,4365.7001953125,4335.39990234375,4365.10009765625,1443
2026-03-24 04:00:00+00:00,4339.60009765625,4357.7001953125,4327.0,4347.39990234375,1604
2026-03-24 04:30:00+00:00,4334.0,4350.0,4332.60009765625,4339.2998046875,977
2026-03-24 05:00:00+00:00,4336.0,4347.39990234375,4319.89990234375,4334.5,2365
2026-03-24 05:30:00+00:00,4349.5,4375.39990234375,4322.10009765625,4336.2001953125,3867
2026-03-24 06:00:00+00:00,4390.0,4398.89990234375,4345.5,4348.89990234375,3259
2026-03-24 06:30:00+00:00,4403.7998046875,4406.7001953125,4375.89990234375,4388.5,2854
2026-03-24 07:00:00+00:00,4413.7998046875,4427.60009765625,4401.7998046875,4402.5,4345
2026-03-24 07:30:00+00:00,4420.2001953125,4437.60009765625,4401.0,4413.5,4127
2026-03-24 08:00:00+00:00,4398.10009765625,4423.60009765625,4392.7001953125,4420.10009765625,5444
2026-03-24 08:30:00+00:00,4413.5,4416.2998046875,4393.2001953125,4397.2998046875,3356
2026-03-24 09:00:00+00:00,4408.7001953125,4420.89990234375,4397.2998046875,4413.10009765625,3339
2026-03-24 09:30:00+00:00,4427.7001953125,4432.2001953125,4406.10009765625,4408.10009765625,3350
2026-03-24 10:00:00+00:00,4423.60009765625,4435.10009765625,4417.0,4428.0,4068
2026-03-24 10:30:00+00:00,4439.7001953125,4442.89990234375,4415.2001953125,4423.10009765625,3516
2026-03-24 11:00:00+00:00,4414.39990234375,4443.2001953125,4372.39990234375,4438.89990234375,8550
2026-03-24 11:30:00+00:00,4408.0,4432.2001953125,4390.89990234375,4413.2998046875,5594
2026-03-24 12:00:00+00:00,4402.5,4427.60009765625,4396.2998046875,4408.2001953125,5622
2026-03-24 12:30:00+00:00,4378.7001953125,4407.0,4361.7001953125,4402.39990234375,9567
2026-03-24 13:00:00+00:00,4357.60009765625,4390.7001953125,4354.60009765625,4379.0,9107
2026-03-24 13:30:00+00:00,4382.5,4383.39990234375,4350.39990234375,4356.2998046875,10996
2026-03-24 14:00:00+00:00,4409.7998046875,4415.39990234375,4380.39990234375,4381.0,8215
2026-03-24 14:30:00+00:00,4416.2998046875,4435.0,4400.2998046875,4409.0,8979
2026-03-24 15:00:00+00:00,4413.7998046875,4421.2001953125,4396.5,4415.7998046875,8295
2026-03-24 15:30:00+00:00,4412.7998046875,4431.2001953125,4410.2001953125,4414.10009765625,5851
2026-03-24 16:00:00+00:00,4422.0,4427.10009765625,4403.7001953125,4412.39990234375,6631
2026-03-24 16:30:00+00:00,4422.2001953125,4428.89990234375,4409.60009765625,4422.10009765625,4926
2026-03-24 17:00:00+00:00,4401.0,4427.60009765625,4388.7998046875,4422.2001953125,7796
2026-03-24 17:30:00+00:00,4388.2998046875,4401.0,4372.2001953125,4400.5,5998
2026-03-24 18:00:00+00:00,4407.2001953125,4410.0,4383.60009765625,4388.2998046875,3080
2026-03-24 18:30:00+00:00,4390.89990234375,4424.5,4384.0,4407.7001953125,4823
2026-03-24 19:00:00+00:00,4407.7998046875,4411.89990234375,4389.39990234375,4390.0,1734
2026-03-24 19:30:00+00:00,4400.89990234375,4408.0,4394.7998046875,4408.0,1834
2026-03-24 20:00:00+00:00,4456.89990234375,4485.60009765625,4397.7001953125,4400.7998046875,5542
2026-03-24 20:30:00+00:00,4474.89990234375,4483.89990234375,4448.5,4456.39990234375,3887
2026-03-24 22:00:00+00:00,4473.39990234375,4492.2998046875,4468.89990234375,4473.5,1924
2026-03-24 22:30:00+00:00,4487.7001953125,4487.7001953125,4458.2001953125,4472.2001953125,1492
2026-03-24 23:00:00+00:00,4513.5,4513.60009765625,4475.39990234375,4487.5,3376
2026-03-24 23:30:00+00:00,4549.2001953125,4555.0,4507.7001953125,4513.7998046875,5957
2026-03-25 00:00:00+00:00,4555.60009765625,4559.5,4540.5,4549.0,5350
2026-03-25 00:30:00+00:00,4564.89990234375,4572.7998046875,4549.0,4555.39990234375,5425
2026-03-25 01:00:00+00:00,4575.60009765625,4579.0,4553.2998046875,4564.7998046875,5954
2026-03-25 01:30:00+00:00,4593.2001953125,4600.0,4574.39990234375,4575.10009765625,7973
2026-03-25 02:00:00+00:00,4585.0,4594.7001953125,4578.2998046875,4593.2998046875,4278
2026-03-25 02:30:00+00:00,4581.89990234375,4601.0,4579.60009765625,4585.7001953125,4935
2026-03-25 03:00:00+00:00,4574.0,4584.39990234375,4570.0,4581.5,3811
2026-03-25 03:30:00+00:00,4567.7998046875,4576.2998046875,4566.10009765625,4574.0,2265
2026-03-25 04:00:00+00:00,4572.60009765625,4573.2001953125,4563.89990234375,4568.5,1916
2026-03-25 04:30:00+00:00,4571.2001953125,4572.7001953125,4564.39990234375,4572.5,1161
2026-03-25 05:00:00+00:00,4554.10009765625,4572.0,4553.0,4571.10009765625,2515
2026-03-25 05:30:00+00:00,4555.0,4566.5,4546.7001953125,4553.7001953125,3395
2026-03-25 06:00:00+00:00,4549.7001953125,4556.0,4532.5,4555.0,4511
2026-03-25 06:30:00+00:00,4543.7998046875,4556.10009765625,4541.89990234375,4550.0,3106
2026-03-25 07:00:00+00:00,4559.5,4561.7998046875,4543.39990234375,4543.89990234375,4497
2026-03-25 07:30:00+00:00,4539.0,4559.7998046875,4536.7001953125,4559.7998046875,5060
2026-03-25 08:00:00+00:00,4565.2998046875,4568.7001953125,4535.60009765625,4539.2001953125,5505
2026-03-25 08:30:00+00:00,4555.60009765625,4567.5,4553.10009765625,4565.10009765625,4777
2026-03-25 09:00:00+00:00,4557.39990234375,4567.0,4553.5,4555.7001953125,3098
2026-03-25 09:30:00+00:00,4550.39990234375,4559.2001953125,4525.7001953125,4556.89990234375,7394
2026-03-25 10:00:00+00:00,4554.10009765625,4559.2001953125,4549.60009765625,4550.7001953125,3685
2026-03-25 10:30:00+00:00,4557.10009765625,4561.2998046875,4549.5,4553.7001953125,2501
2026-03-25 11:00:00+00:00,4578.10009765625,4581.39990234375,4554.60009765625,4557.5,4398
2026-03-25 11:30:00+00:00,4577.39990234375,4586.2001953125,4571.2001953125,4578.39990234375,3963
2026-03-25 12:00:00+00:00,4543.5,4582.5,4538.2998046875,4577.7998046875,8144
2026-03-25 12:30:00+00:00,4542.39990234375,4553.0,4519.5,4543.7001953125,8972
2026-03-25 13:00:00+00:00,4567.60009765625,4570.0,4540.0,4542.7998046875,8262
2026-03-25 13:30:00+00:00,4543.2998046875,4575.7998046875,4539.2001953125,4567.5,11964
2026-03-25 14:00:00+00:00,4561.10009765625,4561.10009765625,4531.2001953125,4543.2998046875,8055
2026-03-25 14:30:00+00:00,4565.2998046875,4577.60009765625,4555.60009765625,4561.2998046875,6129
2026-03-25 15:00:00+00:00,4559.2001953125,4567.60009765625,4522.0,4565.2001953125,11486
2026-03-25 15:30:00+00:00,4557.39990234375,4564.10009765625,4552.2001953125,4559.2001953125,6413
2026-03-25 16:00:00+00:00,4553.60009765625,4563.2001953125,4543.5,4557.10009765625,5136
2026-03-25 16:30:00+00:00,4553.39990234375,4558.89990234375,4548.0,4553.5,3153
2026-03-25 17:00:00+00:00,4551.2001953125,4556.2998046875,4540.7998046875,4553.5,12466
2026-03-25 17:30:00+00:00,4548.2001953125,4561.7001953125,4543.5,4551.60009765625,6628
2026-03-25 18:00:00+00:00,4549.5,4566.60009765625,4543.0,4548.0,6043
2026-03-25 18:30:00+00:00,4535.7001953125,4555.2998046875,4528.2001953125,4550.2998046875,3470
2026-03-25 19:00:00+00:00,4510.39990234375,4537.2998046875,4484.2998046875,4535.0,8294
2026-03-25 19:30:00+00:00,4528.7001953125,4531.39990234375,4503.7001953125,4511.10009765625,4171
2026-03-25 20:00:00+00:00,4520.7998046875,4539.60009765625,4519.7001953125,4528.2998046875,2005
2026-03-25 20:30:00+00:00,4503.2998046875,4522.39990234375,4492.89990234375,4521.0,2303
2026-03-25 22:00:00+00:00,4508.5,4528.7001953125,4501.89990234375,4508.89990234375,1035
2026-03-25 22:30:00+00:00,4513.89990234375,4531.10009765625,4504.2998046875,4507.7998046875,1500
2026-03-25 23:00:00+00:00,4502.39990234375,4515.2001953125,4493.5,4513.89990234375,1747
2026-03-25 23:30:00+00:00,4495.2998046875,4507.89990234375,4485.60009765625,4501.7998046875,1851
2026-03-26 00:00:00+00:00,4522.89990234375,4532.7998046875,4495.2001953125,4495.2998046875,2886
2026-03-26 00:30:00+00:00,4533.2998046875,4536.60009765625,4521.89990234375,4522.10009765625,1681
2026-03-26 01:00:00+00:00,4530.60009765625,4541.60009765625,4523.60009765625,4533.0,2434
2026-03-26 01:30:00+00:00,4532.0,4534.2001953125,4518.7001953125,4531.60009765625,1269
2026-03-26 02:00:00+00:00,4525.10009765625,4532.2998046875,4520.7998046875,4532.2998046875,1358
2026-03-26 02:30:00+00:00,4505.2001953125,4527.10009765625,4501.89990234375,4524.10009765625,2184
2026-03-26 03:00:00+00:00,4502.89990234375,4509.7998046875,4495.7998046875,4505.10009765625,1723
2026-03-26 03:30:00+00:00,4510.2001953125,4515.0,4502.7001953125,4502.7001953125,928
2026-03-26 04:00:00+00:00,4517.10009765625,4518.2998046875,4508.0,4513.2998046875,942
2026-03-26 04:30:00+00:00,4516.89990234375,4520.89990234375,4512.89990234375,4517.60009765625,807
2026-03-26 05:00:00+00:00,4490.5,4518.7001953125,4485.7001953125,4517.0,2315
2026-03-26 05:30:00+00:00,4435.0,4492.0,4434.89990234375,4490.5,7173
2026-03-26 06:00:00+00:00,4437.2998046875,4446.60009765625,4412.10009765625,4434.7001953125,5872
2026-03-26 06:30:00+00:00,4452.89990234375,4456.39990234375,4427.2001953125,4436.5,4460
2026-03-26 07:00:00+00:00,4444.5,4456.60009765625,4434.2998046875,4453.10009765625,3900
2026-03-26 07:30:00+00:00,4449.39990234375,4460.5,4443.7998046875,4445.10009765625,4235
2026-03-26 08:00:00+00:00,4425.10009765625,4456.0,4421.0,4448.7001953125,5184
2026-03-26 08:30:00+00:00,4424.7998046875,4436.89990234375,4409.2998046875,4425.10009765625,6666
2026-03-26 09:00:00+00:00,4429.7998046875,4434.10009765625,4415.2998046875,4425.39990234375,5339
2026-03-26 09:30:00+00:00,4421.2998046875,4429.2001953125,4412.10009765625,4429.2001953125,4992
2026-03-26 10:00:00+00:00,4439.2001953125,4445.2998046875,4414.60009765625,4421.10009765625,3863
2026-03-26 10:30:00+00:00,4440.2001953125,4444.2001953125,4420.2001953125,4439.0,7331
2026-03-26 11:00:00+00:00,4439.7001953125,4453.10009765625,4436.39990234375,4440.5,4554
2026-03-26 11:30:00+00:00,4419.7001953125,4449.10009765625,4415.89990234375,4440.0,7292
2026-03-26 12:00:00+00:00,4435.7998046875,4442.39990234375,4412.7001953125,4420.10009765625,6611
2026-03-26 12:30:00+00:00,4426.7998046875,4442.5,4425.39990234375,4435.7998046875,6589
2026-03-26 13:00:00+00:00,4445.7998046875,4451.2001953125,4417.60009765625,4426.5,9123
2026-03-26 13:30:00+00:00,4450.10009765625,4457.7998046875,4426.10009765625,4445.10009765625,12697
2026-03-26 14:00:00+00:00,4456.2998046875,4466.89990234375,4433.7001953125,4450.39990234375,10650
2026-03-26 14:30:00+00:00,4461.89990234375,4476.60009765625,4442.60009765625,4455.7998046875,11078
2026-03-26 15:00:00+00:00,4451.2998046875,4466.10009765625,4445.7001953125,4461.5,7924
2026-03-26 15:30:00+00:00,4434.0,4450.5,4429.7998046875,4450.2998046875,10112
2026-03-26 16:00:00+00:00,4392.2998046875,4438.89990234375,4380.60009765625,4434.0,13747
2026-03-26 16:30:00+00:00,4385.2998046875,4391.5,4362.7998046875,4391.5,11189
2026-03-26 17:00:00+00:00,4378.89990234375,4398.5,4372.5,4384.89990234375,9944
2026-03-26 17:30:00+00:00,4377.60009765625,4388.89990234375,4373.2001953125,4379.0,6262
2026-03-26 18:00:00+00:00,4370.60009765625,4387.60009765625,4363.7001953125,4377.2001953125,4281
2026-03-26 18:30:00+00:00,4391.0,4394.5,4370.10009765625,4370.7998046875,3122
2026-03-26 19:00:00+00:00,4377.2998046875,4395.89990234375,4374.7001953125,4391.7001953125,3386
2026-03-26 19:30:00+00:00,4361.2998046875,4384.89990234375,4356.39990234375,4377.5,4448
2026-03-26 20:00:00+00:00,4400.2001953125,4412.10009765625,4348.2001953125,4361.10009765625,8541
2026-03-26 20:30:00+00:00,4376.89990234375,4416.7998046875,4368.39990234375,4400.60009765625,3356
2026-03-26 22:00:00+00:00,4393.5,4403.10009765625,4369.10009765625,4371.7998046875,549
2026-03-26 22:30:00+00:00,4406.5,4409.60009765625,4390.7001953125,4391.0,552
2026-03-26 23:00:00+00:00,4393.60009765625,4408.5,4383.7998046875,4404.89990234375,684
2026-03-26 23:30:00+00:00,4400.2998046875,4402.2998046875,4390.0,4394.0,927
2026-03-27 00:00:00+00:00,4385.39990234375,4405.2998046875,4377.10009765625,4399.39990234375,606
2026-03-27 00:30:00+00:00,4374.0,4390.7001953125,4370.5,4387.7001953125,562
2026-03-27 01:00:00+00:00,4400.2998046875,4400.5,4372.2998046875,4372.2998046875,696
2026-03-27 01:30:00+00:00,4411.39990234375,4414.2998046875,4397.89990234375,4400.60009765625,704
2026-03-27 02:00:00+00:00,4425.7998046875,4433.60009765625,4413.39990234375,4413.39990234375,655
2026-03-27 02:30:00+00:00,4426.10009765625,4434.60009765625,4419.7998046875,4425.7001953125,304
2026-03-27 03:00:00+00:00,4430.0,4430.7998046875,4415.0,4427.0,314
2026-03-27 03:30:00+00:00,4432.0,4440.2001953125,4426.2001953125,4430.2001953125,251
2026-03-27 04:00:00+00:00,4428.0,4434.2001953125,4426.2001953125,4431.7998046875,140
2026-03-27 04:30:00+00:00,4440.89990234375,4444.2001953125,4428.7998046875,4429.39990234375,260
2026-03-27 05:00:00+00:00,4437.2001953125,4441.5,4434.7001953125,4440.10009765625,723
2026-03-27 05:30:00+00:00,4448.89990234375,4469.2998046875,4437.2998046875,4437.2998046875,718
2026-03-27 06:00:00+00:00,4457.0,4466.7998046875,4446.0,4448.0,450
2026-03-27 06:30:00+00:00,4453.60009765625,4462.60009765625,4449.10009765625,4456.7998046875,353
2026-03-27 07:00:00+00:00,4446.60009765625,4456.7001953125,4441.2001953125,4453.10009765625,1040
2026-03-27 07:30:00+00:00,4475.2001953125,4483.2001953125,4445.39990234375,4445.60009765625,32313
2026-03-27 08:00:00+00:00,4461.7998046875,4478.2001953125,4458.10009765625,4475.2998046875,4825
2026-03-27 08:30:00+00:00,4452.10009765625,4467.2998046875,4451.2998046875,4461.7001953125,3059
2026-03-27 09:00:00+00:00,4462.5,4464.10009765625,4448.2998046875,4452.0,3338
2026-03-27 09:30:00+00:00,4457.2001953125,4466.2001953125,4455.7998046875,4462.60009765625,2536
2026-03-27 10:00:00+00:00,4457.10009765625,4461.0,4452.0,4457.2001953125,3946
2026-03-27 10:30:00+00:00,4442.7998046875,4458.39990234375,4438.60009765625,4457.10009765625,4518
2026-03-27 11:00:00+00:00,4442.89990234375,4445.2001953125,4432.2001953125,4443.2998046875,4302
2026-03-27 11:30:00+00:00,4447.5,4453.7001953125,4441.2998046875,4443.0,4774
2026-03-27 12:00:00+00:00,4456.7998046875,4461.60009765625,4439.7998046875,4447.60009765625,5085
2026-03-27 12:30:00+00:00,4465.39990234375,4472.39990234375,4451.7998046875,4457.0,4719
2026-03-27 13:00:00+00:00,4449.2001953125,4471.2001953125,4445.0,4465.5,7982
2026-03-27 13:30:00+00:00,4458.60009765625,4470.0,4441.0,4449.89990234375,8575
2026-03-27 14:00:00+00:00,4484.2001953125,4499.5,4459.0,4460.5,11670
2026-03-27 14:30:00+00:00,4540.10009765625,4545.5,4480.60009765625,4483.89990234375,13921
2026-03-27 15:00:00+00:00,4573.10009765625,4585.2998046875,4531.60009765625,4540.2998046875,18641
2026-03-27 15:30:00+00:00,4554.39990234375,4582.7998046875,4551.2998046875,4573.7001953125,7864
2026-03-27 16:00:00+00:00,4558.7998046875,4563.7998046875,4548.10009765625,4554.60009765625,6643
2026-03-27 16:30:00+00:00,4546.5,4559.10009765625,4535.7998046875,4558.5,8478
2026-03-27 17:00:00+00:00,4524.7001953125,4552.7001953125,4516.7998046875,4546.5,10739
2026-03-27 17:30:00+00:00,4515.5,4530.39990234375,4515.0,4524.39990234375,6222
2026-03-27 18:00:00+00:00,4539.0,4540.60009765625,4515.7998046875,4515.7998046875,3555
2026-03-27 18:30:00+00:00,4546.10009765625,4558.2998046875,4538.2998046875,4538.89990234375,3364
2026-03-27 19:00:00+00:00,4552.10009765625,4553.10009765625,4536.0,4547.10009765625,2328
2026-03-27 19:30:00+00:00,4543.10009765625,4555.2001953125,4529.39990234375,4552.10009765625,3768
2026-03-27 20:00:00+00:00,4535.7001953125,4549.2998046875,4532.7998046875,4543.5,1995
2026-03-27 20:30:00+00:00,4520.5,4540.89990234375,4518.89990234375,4535.39990234375,2386
2026-03-29 22:00:00+00:00,4534.60009765625,4538.0,4506.2998046875,4510.10009765625,1919
2026-03-29 22:30:00+00:00,4512.2998046875,4538.89990234375,4507.60009765625,4535.39990234375,2057
2026-03-29 23:00:00+00:00,4500.0,4521.10009765625,4493.0,4513.39990234375,2009
2026-03-29 23:30:00+00:00,4476.89990234375,4500.5,4472.0,4500.0,3859
2026-03-30 00:00:00+00:00,4477.39990234375,4494.2001953125,4444.7001953125,4477.0,6555
2026-03-30 00:30:00+00:00,4461.2001953125,4486.60009765625,4458.7001953125,4477.5,2617
2026-03-30 01:00:00+00:00,4477.2998046875,4495.60009765625,4460.2998046875,4460.60009765625,4419
2026-03-30 01:30:00+00:00,4498.5,4506.39990234375,4474.5,4477.7001953125,2839
2026-03-30 02:00:00+00:00,4502.10009765625,4503.7001953125,4494.5,4498.7998046875,1511
2026-03-30 02:30:00+00:00,4510.89990234375,4528.7001953125,4487.7998046875,4501.0,2943
2026-03-30 03:00:00+00:00,4536.7998046875,4548.0,4508.10009765625,4510.39990234375,3345
2026-03-30 03:30:00+00:00,4528.10009765625,4537.7998046875,4526.0,4536.60009765625,1390
2026-03-30 04:00:00+00:00,4520.60009765625,4528.5,4516.2998046875,4526.5,1248
2026-03-30 04:30:00+00:00,4526.7998046875,4528.5,4514.89990234375,4520.7998046875,1273
2026-03-30 05:00:00+00:00,4534.89990234375,4545.5,4526.60009765625,4526.7998046875,1773
2026-03-30 05:30:00+00:00,4551.5,4557.39990234375,4532.2998046875,4534.89990234375,2152
2026-03-30 06:00:00+00:00,4556.7998046875,4563.7001953125,4545.7001953125,4551.60009765625,2322
2026-03-30 06:30:00+00:00,4560.0,4579.2001953125,4554.2001953125,4557.60009765625,3714
2026-03-30 07:00:00+00:00,4550.60009765625,4562.7998046875,4548.0,4559.60009765625,3270
2026-03-30 07:30:00+00:00,4555.2001953125,4555.7001953125,4543.2998046875,4550.0,2218
2026-03-30 08:00:00+00:00,4556.5,4565.0,4552.7001953125,4555.10009765625,3113
2026-03-30 08:30:00+00:00,4566.89990234375,4569.0,4556.2998046875,4556.2998046875,2268
2026-03-30 09:00:00+00:00,4556.2001953125,4569.39990234375,4551.2998046875,4566.60009765625,3033
2026-03-30 09:30:00+00:00,4562.0,4567.2001953125,4552.5,4555.89990234375,2245
2026-03-30 10:00:00+00:00,4560.2001953125,4569.2001953125,4556.60009765625,4561.89990234375,2120
2026-03-30 10:30:00+00:00,4561.2001953125,4564.7001953125,4557.2001953125,4560.2001953125,1516
2026-03-30 11:00:00+00:00,4573.0,4578.0,4553.89990234375,4561.39990234375,3726
2026-03-30 11:30:00+00:00,4589.0,4611.39990234375,4568.0,4573.5,6931
2026-03-30 12:00:00+00:00,4596.10009765625,4598.39990234375,4574.60009765625,4589.5,4805
2026-03-30 12:30:00+00:00,4599.60009765625,4608.10009765625,4593.89990234375,4595.7998046875,3962
2026-03-30 13:00:00+00:00,4598.0,4609.0,4589.0,4599.89990234375,4033
2026-03-30 13:30:00+00:00,4553.7001953125,4603.89990234375,4546.7001953125,4597.39990234375,10523
2026-03-30 14:00:00+00:00,4549.0,4566.5,4542.0,4553.2001953125,7718
2026-03-30 14:30:00+00:00,4569.2001953125,4571.89990234375,4547.39990234375,4548.7998046875,5178
2026-03-30 15:00:00+00:00,4561.7001953125,4574.0,4554.5,4569.0,4336
2026-03-30 15:30:00+00:00,4578.10009765625,4587.10009765625,4557.5,4561.7001953125,5512
2026-03-30 16:00:00+00:00,4566.60009765625,4580.0,4566.60009765625,4578.39990234375,3570
2026-03-30 16:30:00+00:00,4569.5,4578.60009765625,4560.10009765625,4566.60009765625,3192
2026-03-30 17:00:00+00:00,4557.0,4572.0,4548.5,4569.10009765625,4113
2026-03-30 17:30:00+00:00,4544.7998046875,4558.89990234375,4540.89990234375,4556.89990234375,4280
2026-03-30 18:00:00+00:00,4543.89990234375,4553.10009765625,4540.89990234375,4545.10009765625,2481
2026-03-30 18:30:00+00:00,4528.7998046875,4549.5,4528.0,4544.10009765625,2717
2026-03-30 19:00:00+00:00,4531.5,4534.7998046875,4522.7001953125,4528.5,2681
2026-03-30 19:30:00+00:00,4543.2001953125,4548.2998046875,4527.7001953125,4531.7001953125,2644
2026-03-30 20:00:00+00:00,4535.39990234375,4547.0,4531.7001953125,4543.7001953125,1208
2026-03-30 20:30:00+00:00,4540.39990234375,4540.89990234375,4530.2001953125,4536.0,762
2026-03-30 22:00:00+00:00,4543.0,4552.5,4530.5,4538.89990234375,1021
2026-03-30 22:30:00+00:00,4539.39990234375,4548.10009765625,4536.7001953125,4543.89990234375,484
2026-03-30 23:00:00+00:00,4533.39990234375,4539.10009765625,4520.7998046875,4539.10009765625,1191
2026-03-30 23:30:00+00:00,4542.10009765625,4550.10009765625,4532.0,4533.10009765625,948
2026-03-31 00:00:00+00:00,4539.5,4556.39990234375,4510.0,4541.39990234375,3424
2026-03-31 00:30:00+00:00,4576.60009765625,4577.2998046875,4534.0,4538.7998046875,3933
2026-03-31 01:00:00+00:00,4611.0,4615.10009765625,4560.89990234375,4576.5,6115
2026-03-31 01:30:00+00:00,4635.5,4649.5,4608.2998046875,4611.5,7902
2026-03-31 02:00:00+00:00,4612.2001953125,4637.60009765625,4608.89990234375,4634.7001953125,2953
2026-03-31 02:30:00+00:00,4597.7998046875,4618.2001953125,4595.7001953125,4612.5,2641
2026-03-31 03:00:00+00:00,4591.7001953125,4607.2998046875,4585.5,4597.5,2076
2026-03-31 03:30:00+00:00,4584.89990234375,4595.5,4578.5,4591.10009765625,1618
2026-03-31 04:00:00+00:00,4590.0,4597.7998046875,4585.5,4585.89990234375,1676
2026-03-31 04:30:00+00:00,4592.89990234375,4597.39990234375,4588.39990234375,4589.7998046875,1092
2026-03-31 05:00:00+00:00,4589.89990234375,4598.7001953125,4575.7001953125,4592.7001953125,1936
2026-03-31 05:30:00+00:00,4597.0,4610.2001953125,4587.2998046875,4589.2998046875,2807
2026-03-31 06:00:00+00:00,4589.60009765625,4596.7001953125,4581.39990234375,4596.7001953125,2594
2026-03-31 06:30:00+00:00,4586.39990234375,4594.5,4583.2998046875,4589.39990234375,1511
2026-03-31 07:00:00+00:00,4581.39990234375,4593.10009765625,4571.7998046875,4586.89990234375,2530
2026-03-31 07:30:00+00:00,4594.7001953125,4596.0,4581.39990234375,4581.5,2802
2026-03-31 08:00:00+00:00,4602.7001953125,4603.60009765625,4590.60009765625,4594.5,3326
2026-03-31 08:30:00+00:00,4599.0,4605.5,4597.7998046875,4602.39990234375,2255
2026-03-31 09:00:00+00:00,4592.5,4602.7001953125,4592.0,4599.2998046875,2142
2026-03-31 09:30:00+00:00,4585.2998046875,4592.7001953125,4580.10009765625,4592.2998046875,2704
2026-03-31 10:00:00+00:00,4590.0,4591.60009765625,4584.5,4584.7001953125,1140
2026-03-31 10:30:00+00:00,4576.60009765625,4590.39990234375,4558.89990234375,4589.60009765625,4129
2026-03-31 11:00:00+00:00,4605.60009765625,4614.10009765625,4571.0,4577.5,5416
2026-03-31 11:30:00+00:00,4612.7998046875,4623.89990234375,4599.10009765625,4605.89990234375,4488
2026-03-31 12:00:00+00:00,4609.2001953125,4628.0,4601.7998046875,4613.2998046875,6091
2026-03-31 12:30:00+00:00,4604.5,4620.7001953125,4599.39990234375,4609.60009765625,2671
2026-03-31 13:00:00+00:00,4603.0,4617.7998046875,4597.7998046875,4605.39990234375,2822
2026-03-31 13:30:00+00:00,4637.2998046875,4640.0,4598.2998046875,4603.0,11221
2026-03-31 14:00:00+00:00,4649.2001953125,4656.10009765625,4632.39990234375,4637.2001953125,9221
2026-03-31 14:30:00+00:00,4628.7001953125,4662.0,4625.2998046875,4649.7001953125,7878
2026-03-31 15:00:00+00:00,4640.2998046875,4655.7998046875,4629.2998046875,4629.5,6619
2026-03-31 15:30:00+00:00,4640.0,4654.39990234375,4637.2998046875,4640.5,3763
2026-03-31 16:00:00+00:00,4648.7001953125,4650.2001953125,4637.5,4640.10009765625,3233
2026-03-31 16:30:00+00:00,4669.10009765625,4682.7001953125,4645.7998046875,4648.7001953125,8541
2026-03-31 17:00:00+00:00,4679.5,4690.5,4667.0,4669.2001953125,8215
2026-03-31 17:30:00+00:00,4685.5,4698.5,4676.5,4679.7001953125,6335
2026-03-31 18:00:00+00:00,4694.89990234375,4701.10009765625,4684.10009765625,4685.0,3449
2026-03-31 18:30:00+00:00,4698.2001953125,4702.0,4691.2998046875,4695.2001953125,2203
2026-03-31 19:00:00+00:00,4703.39990234375,4711.60009765625,4691.7998046875,4698.2001953125,3429
2026-03-31 19:30:00+00:00,4713.2998046875,4716.2998046875,4702.7998046875,4703.60009765625,3857
2026-03-31 20:00:00+00:00,4699.5,4717.60009765625,4698.39990234375,4713.39990234375,2453
2026-03-31 20:30:00+00:00,4699.60009765625,4705.7998046875,4695.0,4699.2998046875,1389
2026-03-31 22:00:00+00:00,4703.0,4714.89990234375,4690.0,4698.39990234375,3045
2026-03-31 22:30:00+00:00,4709.7001953125,4725.89990234375,4690.10009765625,4702.0,6076
2026-03-31 23:00:00+00:00,4711.2998046875,4712.7001953125,4700.2998046875,4709.39990234375,1385
2026-03-31 23:30:00+00:00,4723.60009765625,4728.7998046875,4709.2998046875,4710.60009765625,1577
2026-04-01 00:00:00+00:00,4749.60009765625,4750.0,4721.5,4723.60009765625,3136
2026-04-01 00:30:00+00:00,4738.7998046875,4750.5,4727.7998046875,4749.7998046875,4216
2026-04-01 01:00:00+00:00,4735.2001953125,4751.89990234375,4716.7001953125,4738.60009765625,3569
2026-04-01 01:30:00+00:00,4718.7998046875,4734.89990234375,4708.2998046875,4734.7001953125,2874
2026-04-01 02:00:00+00:00,4714.2001953125,4727.5,4710.0,4719.89990234375,2291
2026-04-01 02:30:00+00:00,4711.10009765625,4717.0,4704.5,4714.2001953125,2457
2026-04-01 03:00:00+00:00,4713.7001953125,4720.2001953125,4709.0,4710.2998046875,1884
2026-04-01 03:30:00+00:00,4707.0,4715.0,4705.5,4713.7001953125,1355
2026-04-01 04:00:00+00:00,4698.5,4707.7001953125,4693.0,4707.60009765625,2117
2026-04-01 04:30:00+00:00,4702.7001953125,4707.60009765625,4695.0,4698.7001953125,1529
2026-04-01 05:00:00+00:00,4712.7998046875,4717.60009765625,4700.7998046875,4702.89990234375,2405
2026-04-01 05:30:00+00:00,4710.2998046875,4730.0,4710.10009765625,4713.0,2937
2026-04-01 06:00:00+00:00,4734.7001953125,4737.39990234375,4708.89990234375,4710.7998046875,4264
2026-04-01 06:30:00+00:00,4757.39990234375,4759.89990234375,4728.2001953125,4734.7001953125,5179
2026-04-01 07:00:00+00:00,4749.7001953125,4759.5,4739.2998046875,4757.5,3463
2026-04-01 07:30:00+00:00,4739.39990234375,4774.2001953125,4735.60009765625,4749.39990234375,6556
2026-04-01 08:00:00+00:00,4757.60009765625,4763.2001953125,4737.0,4739.60009765625,4491
2026-04-01 08:30:00+00:00,4755.7998046875,4767.5,4753.7998046875,4757.5,2930
2026-04-01 09:00:00+00:00,4746.7001953125,4757.60009765625,4741.10009765625,4755.7998046875,2075
2026-04-01 09:30:00+00:00,4750.5,4755.2001953125,4740.0,4746.5,2291
2026-04-01 10:00:00+00:00,4755.60009765625,4756.7001953125,4742.39990234375,4750.0,1562
2026-04-01 10:30:00+00:00,4758.7001953125,4766.0,4753.39990234375,4755.39990234375,2708
2026-04-01 11:00:00+00:00,4772.10009765625,4773.7998046875,4755.2001953125,4758.2001953125,3275
2026-04-01 11:30:00+00:00,4780.2001953125,4791.5,4772.2001953125,4772.7998046875,4006
2026-04-01 12:00:00+00:00,4762.89990234375,4782.0,4752.10009765625,4780.2001953125,4659
2026-04-01 12:30:00+00:00,4752.10009765625,4782.0,4752.0,4762.10009765625,7797
2026-04-01 13:00:00+00:00,4763.39990234375,4769.5,4743.2998046875,4752.0,5377
2026-04-01 13:30:00+00:00,4765.39990234375,4776.7998046875,4758.0,4763.39990234375,5749
2026-04-01 14:00:00+00:00,4770.0,4783.0,4751.2998046875,4765.2001953125,8059
2026-04-01 14:30:00+00:00,4788.39990234375,4796.7998046875,4763.0,4769.7001953125,5899
2026-04-01 15:00:00+00:00,4800.10009765625,4803.5,4785.2001953125,4788.7998046875,6549
2026-04-01 15:30:00+00:00,4814.39990234375,4816.2001953125,4797.0,4800.2001953125,4908
2026-04-01 16:00:00+00:00,4804.5,4818.89990234375,4802.10009765625,4814.2998046875,3610
2026-04-01 16:30:00+00:00,4815.0,4816.60009765625,4803.39990234375,4804.39990234375,1902
2026-04-01 17:00:00+00:00,4812.39990234375,4821.0,4809.7998046875,4815.2001953125,4263
2026-04-01 17:30:00+00:00,4801.39990234375,4813.2001953125,4800.39990234375,4812.0,2040
2026-04-01 18:00:00+00:00,4780.5,4802.60009765625,4779.10009765625,4801.10009765625,4511
2026-04-01 18:30:00+00:00,4779.5,4793.2001953125,4768.2001953125,4781.0,4348
2026-04-01 19:00:00+00:00,4792.10009765625,4795.5,4777.60009765625,4780.0,1814
2026-04-01 19:30:00+00:00,4791.7001953125,4804.39990234375,4784.10009765625,4792.2998046875,3288
2026-04-01 20:00:00+00:00,4788.0,4797.2001953125,4786.89990234375,4791.7001953125,845
2026-04-01 20:30:00+00:00,4784.60009765625,4789.7001953125,4780.0,4787.7998046875,738
2026-04-01 22:00:00+00:00,4798.0,4799.60009765625,4776.60009765625,4783.0,815
2026-04-01 22:30:00+00:00,4801.10009765625,4808.10009765625,4795.89990234375,4797.5,1167
2026-04-01 23:00:00+00:00,4819.7998046875,4824.5,4798.5,4802.2001953125,1977
2026-04-01 23:30:00+00:00,4808.89990234375,4825.89990234375,4803.0,4820.2998046875,1519
2026-04-02 00:00:00+00:00,4815.10009765625,4823.89990234375,4800.0,4809.2998046875,1732
2026-04-02 00:30:00+00:00,4810.39990234375,4821.7001953125,4809.60009765625,4814.7998046875,2300
2026-04-02 01:00:00+00:00,4724.39990234375,4813.39990234375,4714.5,4811.0,13391
2026-04-02 01:30:00+00:00,4723.7998046875,4739.39990234375,4675.7001953125,4723.60009765625,10189
2026-04-02 02:00:00+00:00,4718.2998046875,4732.2001953125,4706.10009765625,4723.10009765625,4421
2026-04-02 02:30:00+00:00,4715.10009765625,4718.89990234375,4683.39990234375,4717.5,6007
2026-04-02 03:00:00+00:00,4719.5,4726.7998046875,4705.60009765625,4714.0,1988
2026-04-02 03:30:00+00:00,4707.10009765625,4720.2001953125,4702.7998046875,4718.39990234375,1634
2026-04-02 04:00:00+00:00,4692.7001953125,4708.60009765625,4688.7998046875,4703.60009765625,2329
2026-04-02 04:30:00+00:00,4698.89990234375,4699.5,4683.7998046875,4692.7998046875,1484
2026-04-02 05:00:00+00:00,4703.2998046875,4706.60009765625,4692.60009765625,4699.2998046875,1311
2026-04-02 05:30:00+00:00,4622.10009765625,4705.0,4612.2001953125,4702.89990234375,9306
2026-04-02 06:00:00+00:00,4617.7998046875,4625.39990234375,4580.39990234375,4621.7998046875,9575
2026-04-02 06:30:00+00:00,4625.0,4635.60009765625,4608.2998046875,4616.60009765625,6680
2026-04-02 07:00:00+00:00,4646.7998046875,4653.10009765625,4623.7001953125,4624.5,4388
2026-04-02 07:30:00+00:00,4668.2001953125,4677.0,4645.0,4646.7998046875,3786
2026-04-02 08:00:00+00:00,4659.7001953125,4674.5,4654.60009765625,4668.10009765625,3672
2026-04-02 08:30:00+00:00,4646.10009765625,4669.5,4641.60009765625,4659.89990234375,3988
2026-04-02 09:00:00+00:00,4646.39990234375,4657.2998046875,4638.2001953125,4645.5,2876
2026-04-02 09:30:00+00:00,4647.2998046875,4654.2998046875,4640.7998046875,4646.10009765625,3053
2026-04-02 10:00:00+00:00,4644.2998046875,4661.10009765625,4629.5,4647.5,2302
2026-04-02 10:30:00+00:00,4646.7001953125,4657.2998046875,4639.2001953125,4644.2998046875,2291
2026-04-02 11:00:00+00:00,4640.7998046875,4656.7998046875,4639.10009765625,4647.10009765625,1498
2026-04-02 11:30:00+00:00,4626.2001953125,4643.2998046875,4618.7998046875,4640.89990234375,3429
2026-04-02 12:00:00+00:00,4653.2001953125,4656.5,4620.7998046875,4626.60009765625,3730
2026-04-02 12:30:00+00:00,4628.10009765625,4653.7001953125,4626.2001953125,4653.2998046875,3689
2026-04-02 13:00:00+00:00,4622.7001953125,4639.2998046875,4605.5,4628.2998046875,7382
2026-04-02 13:30:00+00:00,4672.89990234375,4679.10009765625,4611.2001953125,4622.89990234375,8934
2026-04-02 14:00:00+00:00,4691.89990234375,4702.60009765625,4657.60009765625,4672.7001953125,9099
2026-04-02 14:30:00+00:00,4707.89990234375,4726.39990234375,4686.2001953125,4691.5,11677
2026-04-02 15:00:00+00:00,4698.2001953125,4710.2998046875,4684.0,4708.39990234375,5673
2026-04-02 15:30:00+00:00,4687.5,4702.0,4678.5,4699.10009765625,3310
2026-04-02 16:00:00+00:00,4676.2998046875,4694.2998046875,4668.60009765625,4686.89990234375,3260
2026-04-02 16:30:00+00:00,4686.5,4697.89990234375,4676.2001953125,4676.7001953125,5470
2026-04-02 17:00:00+00:00,4679.2001953125,4695.7998046875,4677.7998046875,4685.7001953125,3804
2026-04-02 17:30:00+00:00,4675.7001953125,4686.2998046875,4672.7001953125,4679.39990234375,2766
2026-04-02 18:00:00+00:00,4678.7001953125,4686.2001953125,4674.10009765625,4676.5,1189
2026-04-02 18:30:00+00:00,4695.2001953125,4699.0,4678.7998046875,4678.7998046875,1610
2026-04-02 19:00:00+00:00,4691.7001953125,4708.60009765625,4690.89990234375,4695.7998046875,2085
2026-04-02 19:30:00+00:00,4697.89990234375,4702.7001953125,4687.7998046875,4691.5,1484
2026-04-02 20:00:00+00:00,4693.7001953125,4702.89990234375,4690.39990234375,4698.60009765625,920
2026-04-02 20:30:00+00:00,4702.7001953125,4703.60009765625,4693.2998046875,4694.60009765625,1054
2026-04-05 22:00:00+00:00,4663.7001953125,4699.2998046875,4638.89990234375,4675.0,3164
2026-04-05 22:30:00+00:00,4673.60009765625,4682.89990234375,4634.89990234375,4662.7998046875,4406
2026-04-05 23:00:00+00:00,4636.2001953125,4678.39990234375,4635.60009765625,4673.7998046875,2044
2026-04-05 23:30:00+00:00,4636.7998046875,4646.2001953125,4631.0,4637.0,1422
2026-04-06 00:00:00+00:00,4630.0,4655.7001953125,4626.2001953125,4637.2001953125,2116
2026-04-06 00:30:00+00:00,4647.89990234375,4652.0,4629.10009765625,4631.10009765625,892
2026-04-06 01:00:00+00:00,4667.2001953125,4668.7001953125,4645.7998046875,4648.89990234375,2088
2026-04-06 01:30:00+00:00,4651.7998046875,4667.10009765625,4647.10009765625,4666.39990234375,1489
2026-04-06 02:00:00+00:00,4686.39990234375,4697.5,4649.7998046875,4650.60009765625,2194
2026-04-06 02:30:00+00:00,4673.60009765625,4692.2998046875,4669.89990234375,4687.0,1648
2026-04-06 03:00:00+00:00,4656.0,4673.5,4651.0,4673.10009765625,2061
2026-04-06 03:30:00+00:00,4666.2998046875,4667.60009765625,4650.5,4655.7001953125,759
2026-04-06 04:00:00+00:00,4671.7001953125,4674.0,4665.10009765625,4665.2998046875,768
2026-04-06 04:30:00+00:00,4685.10009765625,4685.2998046875,4668.10009765625,4672.2001953125,713
2026-04-06 05:00:00+00:00,4693.60009765625,4704.39990234375,4683.2998046875,4684.89990234375,1903
2026-04-06 05:30:00+00:00,4678.5,4694.2998046875,4677.5,4693.89990234375,1071
2026-04-06 06:00:00+00:00,4682.5,4688.0,4669.2998046875,4678.7001953125,1818
2026-04-06 06:30:00+00:00,4691.7001953125,4693.2998046875,4677.39990234375,4682.7001953125,1125
2026-04-06 07:00:00+00:00,4675.89990234375,4692.10009765625,4670.2998046875,4691.89990234375,1309
2026-04-06 07:30:00+00:00,4710.5,4714.2998046875,4676.0,4676.0,2221
2026-04-06 08:00:00+00:00,4717.10009765625,4722.0,4704.7001953125,4710.39990234375,2105
2026-04-06 08:30:00+00:00,4722.7998046875,4724.7001953125,4715.89990234375,4717.0,1407
2026-04-06 09:00:00+00:00,4729.10009765625,4730.0,4722.7998046875,4722.7998046875,1416
2026-04-06 09:30:00+00:00,4719.89990234375,4733.10009765625,4717.0,4729.10009765625,1748
2026-04-06 10:00:00+00:00,4716.0,4723.89990234375,4712.2001953125,4720.0,1015
2026-04-06 10:30:00+00:00,4715.2998046875,4723.60009765625,4710.10009765625,4715.7001953125,1369
2026-04-06 11:00:00+00:00,4714.89990234375,4723.2001953125,4711.39990234375,4716.2998046875,627
2026-04-06 11:30:00+00:00,4704.60009765625,4720.7998046875,4703.39990234375,4714.89990234375,2134
2026-04-06 12:00:00+00:00,4692.10009765625,4712.89990234375,4685.60009765625,4704.89990234375,2130
2026-04-06 12:30:00+00:00,4701.5,4707.10009765625,4692.0,4692.5,1598
2026-04-06 13:00:00+00:00,4694.0,4703.5,4684.5,4701.7998046875,2885
2026-04-06 13:30:00+00:00,4705.60009765625,4708.2001953125,4686.60009765625,4694.2998046875,3869
2026-04-06 14:00:00+00:00,4712.39990234375,4716.89990234375,4686.0,4707.39990234375,4354
2026-04-06 14:30:00+00:00,4708.60009765625,4724.0,4700.89990234375,4712.60009765625,3803
2026-04-06 15:00:00+00:00,4692.39990234375,4709.7001953125,4680.10009765625,4709.0,4473
2026-04-06 15:30:00+00:00,4693.39990234375,4696.2001953125,4677.39990234375,4692.7998046875,2275
2026-04-06 16:00:00+00:00,4691.10009765625,4698.0,4687.7998046875,4693.5,2155
2026-04-06 16:30:00+00:00,4685.60009765625,4696.39990234375,4683.39990234375,4690.89990234375,1220
2026-04-06 17:00:00+00:00,4683.10009765625,4688.10009765625,4671.39990234375,4685.89990234375,3490
2026-04-06 17:30:00+00:00,4680.60009765625,4688.60009765625,4678.39990234375,4683.2001953125,1430
2026-04-06 18:00:00+00:00,4687.2001953125,4694.0,4677.7998046875,4680.7998046875,1412
2026-04-06 18:30:00+00:00,4685.2001953125,4691.0,4675.89990234375,4687.7001953125,1772
2026-04-06 19:00:00+00:00,4677.2998046875,4686.60009765625,4672.60009765625,4685.2001953125,1346
2026-04-06 19:30:00+00:00,4682.2001953125,4685.2001953125,4675.7998046875,4677.5,1227
2026-04-06 20:00:00+00:00,4683.10009765625,4685.10009765625,4679.2001953125,4682.60009765625,505
2026-04-06 20:30:00+00:00,4676.10009765625,4685.60009765625,4674.60009765625,4683.2998046875,415
2026-04-06 22:00:00+00:00,4689.0,4694.89990234375,4675.60009765625,4678.60009765625,423
2026-04-06 22:30:00+00:00,4685.10009765625,4689.5,4683.10009765625,4689.10009765625,334
2026-04-06 23:00:00+00:00,4681.5,4688.0,4679.7998046875,4684.89990234375,424
2026-04-06 23:30:00+00:00,4685.89990234375,4687.2998046875,4677.89990234375,4680.7001953125,435
2026-04-07 00:00:00+00:00,4686.0,4688.39990234375,4675.7998046875,4685.89990234375,1000
2026-04-07 00:30:00+00:00,4681.89990234375,4689.10009765625,4681.2998046875,4686.10009765625,692
2026-04-07 01:00:00+00:00,4680.89990234375,4692.0,4651.60009765625,4681.39990234375,5626
2026-04-07 01:30:00+00:00,4651.89990234375,4689.0,4641.39990234375,4681.0,5345
2026-04-07 02:00:00+00:00,4659.60009765625,4660.7001953125,4645.0,4652.2998046875,1539
2026-04-07 02:30:00+00:00,4675.89990234375,4679.2001953125,4658.5,4659.2001953125,1899
2026-04-07 03:00:00+00:00,4668.10009765625,4679.39990234375,4664.7001953125,4675.89990234375,985
2026-04-07 03:30:00+00:00,4674.89990234375,4676.39990234375,4667.60009765625,4667.60009765625,721
2026-04-07 04:00:00+00:00,4675.2001953125,4676.7001953125,4670.7998046875,4675.2001953125,636
2026-04-07 04:30:00+00:00,4686.39990234375,4690.2998046875,4674.89990234375,4675.10009765625,1840
2026-04-07 05:00:00+00:00,4658.2998046875,4687.5,4656.0,4686.89990234375,1812
2026-04-07 05:30:00+00:00,4668.0,4672.0,4648.39990234375,4658.39990234375,3253
2026-04-07 06:00:00+00:00,4666.10009765625,4674.0,4662.7998046875,4668.10009765625,2119
2026-04-07 06:30:00+00:00,4680.5,4681.89990234375,4666.2998046875,4666.5,1834
2026-04-07 07:00:00+00:00,4665.2998046875,4684.7001953125,4664.0,4684.7001953125,1881
2026-04-07 07:30:00+00:00,4671.10009765625,4672.5,4661.60009765625,4664.39990234375,1869
2026-04-07 08:00:00+00:00,4704.7998046875,4717.60009765625,4669.60009765625,4671.2001953125,6160
2026-04-07 08:30:00+00:00,4709.60009765625,4714.39990234375,4703.2001953125,4704.7998046875,2034
2026-04-07 09:00:00+00:00,4713.7998046875,4721.2001953125,4707.5,4709.7998046875,2993
2026-04-07 09:30:00+00:00,4696.60009765625,4714.10009765625,4684.0,4713.10009765625,5568
2026-04-07 10:00:00+00:00,4693.7001953125,4706.60009765625,4683.2998046875,4696.7998046875,5150
2026-04-07 10:30:00+00:00,4677.5,4698.10009765625,4674.89990234375,4694.39990234375,3252
2026-04-07 11:00:00+00:00,4673.0,4681.89990234375,4653.89990234375,4677.10009765625,4719
2026-04-07 11:30:00+00:00,4684.60009765625,4690.0,4672.0,4673.0,2281
2026-04-07 12:00:00+00:00,4691.2001953125,4696.2998046875,4675.7998046875,4685.2001953125,3258
2026-04-07 12:30:00+00:00,4676.10009765625,4693.89990234375,4671.60009765625,4691.89990234375,2881
2026-04-07 13:00:00+00:00,4683.60009765625,4688.5,4673.0,4676.2001953125,2407
2026-04-07 13:30:00+00:00,4668.60009765625,4688.7998046875,4660.0,4683.60009765625,5675
2026-04-07 14:00:00+00:00,4670.2001953125,4675.60009765625,4631.89990234375,4668.5,11063
2026-04-07 14:30:00+00:00,4658.2998046875,4687.39990234375,4654.60009765625,4670.39990234375,5907
2026-04-07 15:00:00+00:00,4678.7001953125,4679.0,4650.0,4658.2998046875,5323
2026-04-07 15:30:00+00:00,4681.2998046875,4685.0,4666.10009765625,4678.7998046875,4565
2026-04-07 16:00:00+00:00,4688.5,4694.60009765625,4678.10009765625,4681.7998046875,3940
2026-04-07 16:30:00+00:00,4682.39990234375,4689.89990234375,4681.5,4688.89990234375,2377
2026-04-07 17:00:00+00:00,4686.0,4699.10009765625,4679.39990234375,4682.5,3461
2026-04-07 17:30:00+00:00,4701.7001953125,4712.7998046875,4686.10009765625,4686.10009765625,4353
2026-04-07 18:00:00+00:00,4706.7001953125,4712.2998046875,4702.2998046875,4702.2998046875,1912
2026-04-07 18:30:00+00:00,4688.5,4712.7001953125,4683.0,4707.0,3455
2026-04-07 19:00:00+00:00,4713.89990234375,4729.39990234375,4686.89990234375,4688.5,4676
2026-04-07 19:30:00+00:00,4727.2998046875,4745.7001953125,4708.2998046875,4713.89990234375,5855
2026-04-07 20:00:00+00:00,4737.39990234375,4739.7998046875,4723.0,4727.2998046875,1951
2026-04-07 20:30:00+00:00,4733.2998046875,4743.7001953125,4729.0,4738.2998046875,1907
2026-04-07 22:00:00+00:00,4762.7998046875,4779.2998046875,4741.2998046875,4747.2001953125,2187
2026-04-07 22:30:00+00:00,4845.10009765625,4847.10009765625,4740.5,4763.0,10481
2026-04-07 23:00:00+00:00,4843.10009765625,4857.89990234375,4828.2998046875,4844.7998046875,6988
2026-04-07 23:30:00+00:00,4860.7001953125,4863.5,4832.2001953125,4843.2001953125,4802
2026-04-08 00:00:00+00:00,4850.60009765625,4888.0,4847.10009765625,4860.7001953125,8779
2026-04-08 00:30:00+00:00,4845.60009765625,4856.10009765625,4836.89990234375,4851.60009765625,5568
2026-04-08 01:00:00+00:00,4823.60009765625,4854.10009765625,4821.2998046875,4846.7001953125,12007
2026-04-08 01:30:00+00:00,4838.60009765625,4843.5,4817.2001953125,4823.10009765625,3357
2026-04-08 02:00:00+00:00,4839.7001953125,4853.7998046875,4836.39990234375,4838.5,3487
2026-04-08 02:30:00+00:00,4833.39990234375,4849.7001953125,4828.2001953125,4840.2998046875,2206
2026-04-08 03:00:00+00:00,4832.5,4835.2998046875,4825.7998046875,4833.7998046875,1651
2026-04-08 03:30:00+00:00,4828.2001953125,4834.60009765625,4824.39990234375,4832.10009765625,1679
2026-04-08 04:00:00+00:00,4832.0,4833.5,4819.7998046875,4826.7998046875,2521
2026-04-08 04:30:00+00:00,4832.7001953125,4836.10009765625,4826.7001953125,4831.39990234375,1165
2026-04-08 05:00:00+00:00,4843.89990234375,4844.89990234375,4829.39990234375,4833.0,1776
2026-04-08 05:30:00+00:00,4855.5,4872.2001953125,4841.7001953125,4844.0,4519
2026-04-08 06:00:00+00:00,4863.7001953125,4863.89990234375,4848.60009765625,4855.2001953125,5084
2026-04-08 06:30:00+00:00,4846.60009765625,4866.7998046875,4846.2001953125,4863.2001953125,5289
2026-04-08 07:00:00+00:00,4844.2998046875,4847.2998046875,4831.0,4846.7998046875,3129
2026-04-08 07:30:00+00:00,4839.7001953125,4846.7001953125,4831.60009765625,4844.10009765625,2514
2026-04-08 08:00:00+00:00,4835.5,4846.0,4825.0,4839.89990234375,2855
2026-04-08 08:30:00+00:00,4821.7998046875,4835.60009765625,4817.5,4834.7998046875,3719
2026-04-08 09:00:00+00:00,4825.39990234375,4834.0,4821.2001953125,4821.89990234375,2564
2026-04-08 09:30:00+00:00,4810.2001953125,4831.0,4802.89990234375,4825.2998046875,4843
2026-04-08 10:00:00+00:00,4809.7998046875,4819.0,4798.2001953125,4810.2998046875,2678
2026-04-08 10:30:00+00:00,4809.7001953125,4823.10009765625,4806.89990234375,4809.5,2566
2026-04-08 11:00:00+00:00,4818.7998046875,4825.5,4807.2001953125,4809.2998046875,3998
2026-04-08 11:30:00+00:00,4826.39990234375,4830.39990234375,4806.39990234375,4819.2001953125,3576
2026-04-08 12:00:00+00:00,4810.7998046875,4834.7998046875,4793.7001953125,4826.2998046875,7409
2026-04-08 12:30:00+00:00,4827.10009765625,4829.7001953125,4809.7998046875,4810.89990234375,3696
2026-04-08 13:00:00+00:00,4818.10009765625,4833.60009765625,4816.7998046875,4826.60009765625,4293
2026-04-08 13:30:00+00:00,4804.10009765625,4822.2001953125,4792.7998046875,4817.7001953125,9785
2026-04-08 14:00:00+00:00,4795.10009765625,4818.7998046875,4788.0,4803.7001953125,8024
2026-04-08 14:30:00+00:00,4762.2001953125,4797.2998046875,4757.60009765625,4794.89990234375,12476
2026-04-08 15:00:00+00:00,4776.2001953125,4783.2998046875,4759.89990234375,4761.60009765625,6669
2026-04-08 15:30:00+00:00,4782.0,4788.7998046875,4776.2001953125,4776.2998046875,3543
2026-04-08 16:00:00+00:00,4775.10009765625,4788.2998046875,4770.89990234375,4782.2001953125,3778
2026-04-08 16:30:00+00:00,4785.89990234375,4791.10009765625,4773.2998046875,4775.60009765625,2487
2026-04-08 17:00:00+00:00,4776.60009765625,4789.89990234375,4771.5,4785.7001953125,5280
2026-04-08 17:30:00+00:00,4759.5,4780.10009765625,4755.5,4776.7998046875,4864
2026-04-08 18:00:00+00:00,4747.39990234375,4769.7998046875,4741.10009765625,4759.10009765625,6815
2026-04-08 18:30:00+00:00,4730.10009765625,4750.0,4728.10009765625,4747.60009765625,4547
2026-04-08 19:00:00+00:00,4733.5,4743.7001953125,4720.60009765625,4729.2998046875,3391
2026-04-08 19:30:00+00:00,4755.2998046875,4756.60009765625,4733.0,4733.0,2673
2026-04-08 20:00:00+00:00,4748.2998046875,4757.2998046875,4746.5,4755.2001953125,1007
2026-04-08 20:30:00+00:00,4745.0,4749.2998046875,4742.10009765625,4747.39990234375,794
2026-04-08 22:00:00+00:00,4737.2001953125,4757.7001953125,4728.5,4744.7998046875,1340
2026-04-08 22:30:00+00:00,4741.5,4744.2001953125,4730.0,4738.0,1221
2026-04-08 23:00:00+00:00,4734.60009765625,4741.2998046875,4728.5,4741.2001953125,1488
2026-04-08 23:30:00+00:00,4738.7998046875,4743.39990234375,4730.7001953125,4733.7001953125,771
2026-04-09 00:00:00+00:00,4730.2001953125,4739.60009765625,4718.60009765625,4739.39990234375,2322
2026-04-09 00:30:00+00:00,4730.39990234375,4742.39990234375,4728.60009765625,4730.10009765625,1559
2026-04-09 01:00:00+00:00,4727.60009765625,4746.60009765625,4722.39990234375,4730.2001953125,3496
2026-04-09 01:30:00+00:00,4751.2001953125,4752.2001953125,4727.0,4727.2998046875,2415
2026-04-09 02:00:00+00:00,4749.10009765625,4752.7998046875,4744.7998046875,4751.5,1653
2026-04-09 02:30:00+00:00,4742.10009765625,4756.60009765625,4741.0,4748.7998046875,2146
2026-04-09 03:00:00+00:00,4735.39990234375,4743.39990234375,4728.0,4742.2001953125,1993
2026-04-09 03:30:00+00:00,4735.0,4737.7998046875,4729.5,4735.7998046875,1069
2026-04-09 04:00:00+00:00,4739.7998046875,4746.2998046875,4733.0,4734.60009765625,899
2026-04-09 04:30:00+00:00,4744.2001953125,4748.39990234375,4737.2001953125,4739.39990234375,1051
2026-04-09 05:00:00+00:00,4749.5,4749.60009765625,4733.60009765625,4743.89990234375,1164
2026-04-09 05:30:00+00:00,4736.39990234375,4749.60009765625,4729.10009765625,4749.2001953125,2428
2026-04-09 06:00:00+00:00,4741.2001953125,4749.2001953125,4735.0,4736.7001953125,2082
2026-04-09 06:30:00+00:00,4736.2998046875,4746.60009765625,4727.2001953125,4741.7001953125,2796
2026-04-09 07:00:00+00:00,4732.2001953125,4754.10009765625,4729.5,4736.5,4698
2026-04-09 07:30:00+00:00,4748.39990234375,4755.2001953125,4732.7001953125,4732.7998046875,4197
2026-04-09 08:00:00+00:00,4745.60009765625,4752.10009765625,4744.10009765625,4748.2998046875,1882
2026-04-09 08:30:00+00:00,4750.5,4758.60009765625,4744.89990234375,4745.89990234375,2332
2026-04-09 09:00:00+00:00,4754.39990234375,4758.5,4747.7001953125,4750.10009765625,1868
2026-04-09 09:30:00+00:00,4753.89990234375,4757.5,4748.2001953125,4754.10009765625,1965
2026-04-09 10:00:00+00:00,4762.60009765625,4764.7001953125,4748.10009765625,4753.89990234375,2041
2026-04-09 10:30:00+00:00,4765.7001953125,4771.39990234375,4761.10009765625,4763.2001953125,1924
2026-04-09 11:00:00+00:00,4770.2998046875,4772.2001953125,4762.89990234375,4765.7998046875,1246
2026-04-09 11:30:00+00:00,4781.2998046875,4782.7001953125,4767.7001953125,4770.2998046875,2798
2026-04-09 12:00:00+00:00,4762.2001953125,4785.0,4759.60009765625,4781.7001953125,3615
2026-04-09 12:30:00+00:00,4770.89990234375,4773.2998046875,4760.10009765625,4763.0,3174
2026-04-09 13:00:00+00:00,4777.0,4784.0,4763.89990234375,4771.2998046875,4056
2026-04-09 13:30:00+00:00,4789.60009765625,4802.7998046875,4775.39990234375,4778.10009765625,7325
2026-04-09 14:00:00+00:00,4791.2998046875,4801.7998046875,4785.10009765625,4790.0,5917
2026-04-09 14:30:00+00:00,4794.0,4794.0,4772.5,4791.2001953125,4964
2026-04-09 15:00:00+00:00,4804.5,4812.39990234375,4786.2001953125,4794.0,6371
2026-04-09 15:30:00+00:00,4817.39990234375,4823.89990234375,4803.2998046875,4803.89990234375,10091
2026-04-09 16:00:00+00:00,4817.2998046875,4825.5,4811.7001953125,4817.7001953125,4178
2026-04-09 16:30:00+00:00,4813.0,4819.89990234375,4808.7998046875,4817.7001953125,2329
2026-04-09 17:00:00+00:00,4817.10009765625,4822.7001953125,4810.89990234375,4813.5,4540
2026-04-09 17:30:00+00:00,4822.2998046875,4826.0,4811.7998046875,4817.2998046875,3857
2026-04-09 18:00:00+00:00,4806.2998046875,4822.7001953125,4802.0,4822.60009765625,3234
2026-04-09 18:30:00+00:00,4796.60009765625,4806.10009765625,4792.2001953125,4805.89990234375,3211
2026-04-09 19:00:00+00:00,4797.7001953125,4806.89990234375,4793.39990234375,4796.60009765625,1623
2026-04-09 19:30:00+00:00,4793.0,4802.10009765625,4790.7001953125,4798.39990234375,1860
2026-04-09 20:00:00+00:00,4794.2001953125,4797.39990234375,4790.2001953125,4793.0,667
2026-04-09 20:30:00+00:00,4790.5,4796.0,4784.60009765625,4794.89990234375,882
2026-04-09 22:00:00+00:00,4787.7001953125,4810.0,4786.89990234375,4790.5,723
2026-04-09 22:30:00+00:00,4787.60009765625,4791.0,4782.2001953125,4788.39990234375,1227
2026-04-09 23:00:00+00:00,4781.2998046875,4787.39990234375,4779.7998046875,4787.39990234375,914
2026-04-09 23:30:00+00:00,4787.0,4787.10009765625,4781.2001953125,4781.2001953125,915
2026-04-10 00:00:00+00:00,4777.0,4786.60009765625,4773.7998046875,4786.60009765625,2189
2026-04-10 00:30:00+00:00,4786.39990234375,4786.5,4777.2998046875,4777.2998046875,1316
2026-04-10 01:00:00+00:00,4785.7001953125,4790.5,4781.2998046875,4786.2001953125,2134
2026-04-10 01:30:00+00:00,4787.2998046875,4800.39990234375,4783.2001953125,4785.60009765625,2975
2026-04-10 02:00:00+00:00,4766.7001953125,4788.2001953125,4764.0,4787.5,3605
2026-04-10 02:30:00+00:00,4775.5,4776.0,4760.39990234375,4766.89990234375,2602
2026-04-10 03:00:00+00:00,4779.2001953125,4785.0,4775.2001953125,4775.60009765625,1851
2026-04-10 03:30:00+00:00,4789.10009765625,4793.2998046875,4779.2001953125,4779.5,2057
2026-04-10 04:00:00+00:00,4789.2998046875,4794.60009765625,4788.10009765625,4790.39990234375,848
2026-04-10 04:30:00+00:00,4781.7998046875,4789.39990234375,4781.7998046875,4789.2001953125,1230
2026-04-10 05:00:00+00:00,4783.7001953125,4787.89990234375,4781.2998046875,4782.5,917
2026-04-10 05:30:00+00:00,4789.89990234375,4793.0,4783.10009765625,4783.10009765625,1124
2026-04-10 06:00:00+00:00,4779.10009765625,4790.2001953125,4775.10009765625,4790.0,2280
2026-04-10 06:30:00+00:00,4769.7001953125,4782.0,4766.2998046875,4779.10009765625,2653
2026-04-10 07:00:00+00:00,4777.0,4779.60009765625,4764.60009765625,4769.60009765625,1820
2026-04-10 07:30:00+00:00,4773.0,4781.2001953125,4772.0,4777.2001953125,995
2026-04-10 08:00:00+00:00,4769.7998046875,4776.5,4765.5,4773.2998046875,2581
2026-04-10 08:30:00+00:00,4763.10009765625,4775.2998046875,4752.7001953125,4769.39990234375,3545
2026-04-10 09:00:00+00:00,4771.89990234375,4783.2998046875,4763.10009765625,4763.60009765625,3116
2026-04-10 09:30:00+00:00,4774.60009765625,4776.39990234375,4768.5,4771.5,1670
2026-04-10 10:00:00+00:00,4781.60009765625,4784.0,4765.2998046875,4774.7001953125,1912
2026-04-10 10:30:00+00:00,4780.7001953125,4784.0,4777.39990234375,4781.60009765625,1092
2026-04-10 11:00:00+00:00,4785.60009765625,4786.89990234375,4777.10009765625,4780.7001953125,1037
2026-04-10 11:30:00+00:00,4792.0,4792.89990234375,4782.2998046875,4785.2998046875,1366
2026-04-10 12:00:00+00:00,4785.60009765625,4795.5,4783.89990234375,4792.10009765625,2599
2026-04-10 12:30:00+00:00,4795.5,4806.89990234375,4784.89990234375,4785.10009765625,7157
2026-04-10 13:00:00+00:00,4799.7998046875,4804.39990234375,4790.2001953125,4795.39990234375,4716
2026-04-10 13:30:00+00:00,4799.2998046875,4803.0,4788.89990234375,4800.2001953125,4849
2026-04-10 14:00:00+00:00,4815.7001953125,4818.0,4791.7001953125,4799.10009765625,6493
2026-04-10 14:30:00+00:00,4799.2998046875,4820.0,4795.0,4815.7001953125,5767
2026-04-10 15:00:00+00:00,4800.7998046875,4811.89990234375,4793.7001953125,4799.39990234375,3488
2026-04-10 15:30:00+00:00,4785.7998046875,4802.7998046875,4779.2998046875,4800.7998046875,5744
2026-04-10 16:00:00+00:00,4782.60009765625,4789.39990234375,4768.39990234375,4785.89990234375,4870
2026-04-10 16:30:00+00:00,4788.10009765625,4790.7001953125,4780.5,4782.10009765625,3347
2026-04-10 17:00:00+00:00,4787.2001953125,4793.2998046875,4782.39990234375,4788.39990234375,4831
2026-04-10 17:30:00+00:00,4784.5,4790.0,4782.10009765625,4787.2998046875,2074
2026-04-10 18:00:00+00:00,4790.2998046875,4794.0,4775.10009765625,4784.7001953125,3159
2026-04-10 18:30:00+00:00,4789.5,4797.7001953125,4787.39990234375,4790.5,1408
2026-04-10 19:00:00+00:00,4787.7001953125,4794.60009765625,4787.0,4789.5,1371
2026-04-10 19:30:00+00:00,4783.60009765625,4789.2001953125,4782.0,4787.7001953125,1330
2026-04-10 20:00:00+00:00,4769.2001953125,4783.5,4764.0,4783.5,1731
2026-04-10 20:30:00+00:00,4771.0,4776.5,4769.0,4769.10009765625,1523
2026-04-12 22:00:00+00:00,4669.0,4707.39990234375,4665.2001953125,4688.7001953125,4518
2026-04-12 22:30:00+00:00,4680.60009765625,4682.5,4666.7001953125,4669.0,2418
2026-04-12 23:00:00+00:00,4674.7998046875,4682.7001953125,4664.60009765625,4680.5,1773
2026-04-12 23:30:00+00:00,4693.60009765625,4694.2001953125,4671.60009765625,4674.39990234375,2042
2026-04-13 00:00:00+00:00,4695.7998046875,4698.7001953125,4686.89990234375,4693.7001953125,1542
2026-04-13 00:30:00+00:00,4718.0,4721.0,4693.5,4695.5,2233
2026-04-13 01:00:00+00:00,4739.2001953125,4743.2998046875,4716.0,4717.5,4527
2026-04-13 01:30:00+00:00,4743.10009765625,4749.5,4731.2998046875,4738.7998046875,2559
2026-04-13 02:00:00+00:00,4741.2001953125,4747.2001953125,4740.5,4743.7001953125,1161
2026-04-13 02:30:00+00:00,4742.0,4749.5,4732.5,4741.39990234375,1598
2026-04-13 03:00:00+00:00,4740.60009765625,4743.39990234375,4733.7001953125,4742.5,780
2026-04-13 03:30:00+00:00,4741.60009765625,4745.7998046875,4739.10009765625,4740.2001953125,699
2026-04-13 04:00:00+00:00,4734.7001953125,4740.2001953125,4729.2001953125,4740.0,1519
2026-04-13 04:30:00+00:00,4744.7001953125,4747.0,4730.60009765625,4735.10009765625,1129
2026-04-13 05:00:00+00:00,4742.5,4748.0,4737.89990234375,4744.89990234375,1037
2026-04-13 05:30:00+00:00,4751.10009765625,4752.60009765625,4739.7998046875,4742.7001953125,1350
2026-04-13 06:00:00+00:00,4753.5,4753.7001953125,4744.7998046875,4751.5,1977
2026-04-13 06:30:00+00:00,4747.89990234375,4754.7001953125,4742.7001953125,4753.7001953125,1491
2026-04-13 07:00:00+00:00,4753.10009765625,4761.10009765625,4747.39990234375,4748.0,2011
2026-04-13 07:30:00+00:00,4756.39990234375,4762.5,4749.89990234375,4753.5,1685
2026-04-13 08:00:00+00:00,4754.89990234375,4761.2001953125,4752.89990234375,4756.7001953125,1008
2026-04-13 08:30:00+00:00,4746.2998046875,4759.2001953125,4743.2998046875,4754.7001953125,2343
2026-04-13 09:00:00+00:00,4738.2998046875,4751.5,4736.89990234375,4746.2998046875,2334
2026-04-13 09:30:00+00:00,4737.39990234375,4743.2998046875,4733.2001953125,4737.7998046875,1728
2026-04-13 10:00:00+00:00,4734.7998046875,4741.5,4730.5,4737.39990234375,1352
2026-04-13 10:30:00+00:00,4744.2001953125,4746.2001953125,4734.0,4735.0,1016
2026-04-13 11:00:00+00:00,4743.2001953125,4751.39990234375,4740.5,4744.7998046875,1309
2026-04-13 11:30:00+00:00,4729.10009765625,4744.39990234375,4725.2001953125,4742.60009765625,2603
2026-04-13 12:00:00+00:00,4732.7998046875,4742.7998046875,4725.60009765625,4728.60009765625,3552
2026-04-13 12:30:00+00:00,4745.89990234375,4747.7998046875,4731.5,4733.0,2505
2026-04-13 13:00:00+00:00,4756.7001953125,4760.7001953125,4745.2998046875,4745.7998046875,4856
2026-04-13 13:30:00+00:00,4753.2998046875,4768.0,4743.0,4757.10009765625,8905
2026-04-13 14:00:00+00:00,4738.2001953125,4754.2998046875,4732.39990234375,4753.2001953125,4604
2026-04-13 14:30:00+00:00,4742.2001953125,4747.5,4731.89990234375,4738.2998046875,3803
2026-04-13 15:00:00+00:00,4726.10009765625,4743.10009765625,4722.5,4742.60009765625,3623
2026-04-13 15:30:00+00:00,4736.89990234375,4740.5,4724.2001953125,4725.7001953125,2000
2026-04-13 16:00:00+00:00,4754.0,4757.5,4731.5,4737.2001953125,5409
2026-04-13 16:30:00+00:00,4756.39990234375,4770.60009765625,4751.2998046875,4753.39990234375,8757
2026-04-13 17:00:00+00:00,4766.7998046875,4774.39990234375,4748.39990234375,4756.7001953125,8457
2026-04-13 17:30:00+00:00,4753.2998046875,4771.10009765625,4750.60009765625,4766.5,3552
2026-04-13 18:00:00+00:00,4750.2001953125,4756.60009765625,4746.10009765625,4753.5,1438
2026-04-13 18:30:00+00:00,4762.0,4764.2001953125,4750.0,4750.60009765625,1230
2026-04-13 19:00:00+00:00,4766.2998046875,4767.60009765625,4753.7998046875,4762.0,1159
2026-04-13 19:30:00+00:00,4765.5,4770.7001953125,4762.2998046875,4766.2998046875,1986
2026-04-13 20:00:00+00:00,4763.5,4768.39990234375,4762.5,4765.2998046875,651
2026-04-13 20:30:00+00:00,4766.60009765625,4766.60009765625,4762.2001953125,4763.2001953125,440
2026-04-13 22:00:00+00:00,4771.7998046875,4780.5,4767.60009765625,4769.2998046875,475
2026-04-13 22:30:00+00:00,4782.0,4783.2998046875,4770.0,4772.2001953125,858
2026-04-13 23:00:00+00:00,4779.0,4789.7001953125,4778.39990234375,4782.0,1291
2026-04-13 23:30:00+00:00,4781.2998046875,4785.60009765625,4778.2001953125,4779.10009765625,762
2026-04-14 00:00:00+00:00,4786.2001953125,4791.60009765625,4775.5,4781.7001953125,1506
2026-04-14 00:30:00+00:00,4792.7001953125,4799.39990234375,4784.7998046875,4786.39990234375,1884
2026-04-14 01:00:00+00:00,4793.60009765625,4802.7998046875,4785.7001953125,4792.7001953125,2351
2026-04-14 01:30:00+00:00,4787.2001953125,4796.2001953125,4784.10009765625,4793.60009765625,1488
2026-04-14 02:00:00+00:00,4791.60009765625,4795.0,4785.0,4787.10009765625,965
2026-04-14 02:30:00+00:00,4797.60009765625,4800.39990234375,4784.2998046875,4791.39990234375,1312
2026-04-14 03:00:00+00:00,4790.60009765625,4797.7998046875,4788.0,4797.7001953125,731
2026-04-14 03:30:00+00:00,4792.2998046875,4794.2001953125,4787.89990234375,4790.5,419
2026-04-14 04:00:00+00:00,4798.2001953125,4799.2001953125,4789.2001953125,4790.0,550
2026-04-14 04:30:00+00:00,4796.2998046875,4798.60009765625,4793.5,4798.10009765625,567
2026-04-14 05:00:00+00:00,4786.5,4796.2998046875,4783.60009765625,4796.10009765625,983
2026-04-14 05:30:00+00:00,4782.2998046875,4789.39990234375,4780.0,4786.7001953125,1601
2026-04-14 06:00:00+00:00,4790.60009765625,4792.60009765625,4782.39990234375,4782.60009765625,1380
2026-04-14 06:30:00+00:00,4805.39990234375,4806.2998046875,4787.10009765625,4790.60009765625,2242
2026-04-14 07:00:00+00:00,4795.89990234375,4820.39990234375,4790.89990234375,4805.39990234375,6395
2026-04-14 07:30:00+00:00,4800.2001953125,4803.7001953125,4794.7001953125,4795.60009765625,2527
2026-04-14 08:00:00+00:00,4808.7998046875,4809.89990234375,4797.2001953125,4799.60009765625,1848
2026-04-14 08:30:00+00:00,4810.0,4813.7001953125,4804.89990234375,4809.60009765625,1632
2026-04-14 09:00:00+00:00,4802.0,4813.0,4802.0,4810.5,1932
2026-04-14 09:30:00+00:00,4801.60009765625,4805.60009765625,4794.7998046875,4802.0,3328
2026-04-14 10:00:00+00:00,4807.2001953125,4811.10009765625,4801.7001953125,4801.7001953125,1262
2026-04-14 10:30:00+00:00,4791.10009765625,4807.5,4773.2998046875,4806.7001953125,5142
2026-04-14 11:00:00+00:00,4800.89990234375,4805.7998046875,4789.39990234375,4790.60009765625,1940
2026-04-14 11:30:00+00:00,4797.10009765625,4805.60009765625,4792.2998046875,4801.0,2847
2026-04-14 12:00:00+00:00,4790.89990234375,4800.2001953125,4784.2001953125,4797.10009765625,2966
2026-04-14 12:30:00+00:00,4793.2998046875,4798.5,4784.2001953125,4790.7001953125,3599
2026-04-14 13:00:00+00:00,4805.7998046875,4815.7998046875,4792.89990234375,4793.0,5064
2026-04-14 13:30:00+00:00,4818.7998046875,4828.89990234375,4802.89990234375,4805.2998046875,8662
2026-04-14 14:00:00+00:00,4833.0,4834.60009765625,4816.7001953125,4818.39990234375,9441
2026-04-14 14:30:00+00:00,4827.2998046875,4842.0,4818.7001953125,4833.0,6289
2026-04-14 15:00:00+00:00,4826.2001953125,4829.2998046875,4814.39990234375,4827.2998046875,3852
2026-04-14 15:30:00+00:00,4831.89990234375,4839.7998046875,4826.2998046875,4826.2998046875,4240
2026-04-14 16:00:00+00:00,4839.7998046875,4842.60009765625,4829.0,4832.10009765625,3428
2026-04-14 16:30:00+00:00,4833.5,4844.0,4832.5,4839.5,2917
2026-04-14 17:00:00+00:00,4849.7998046875,4860.0,4832.89990234375,4833.39990234375,11367
2026-04-14 17:30:00+00:00,4859.5,4867.7001953125,4849.2001953125,4849.7001953125,3869
2026-04-14 18:00:00+00:00,4862.10009765625,4867.7998046875,4857.60009765625,4859.60009765625,2767
2026-04-14 18:30:00+00:00,4860.10009765625,4863.7998046875,4855.2001953125,4862.10009765625,1455
2026-04-14 19:00:00+00:00,4865.0,4867.10009765625,4860.2998046875,4860.2998046875,1372
2026-04-14 19:30:00+00:00,4868.7001953125,4870.0,4862.89990234375,4864.89990234375,1987
2026-04-14 20:00:00+00:00,4863.7998046875,4870.2998046875,4863.0,4869.2001953125,826
2026-04-14 20:30:00+00:00,4864.5,4867.0,4863.39990234375,4864.2998046875,733
2026-04-14 22:00:00+00:00,4863.2001953125,4874.60009765625,4859.7001953125,4862.7001953125,907
2026-04-14 22:30:00+00:00,4859.5,4867.39990234375,4857.2001953125,4863.10009765625,1336
2026-04-14 23:00:00+00:00,4860.0,4868.2001953125,4857.5,4859.10009765625,1447
2026-04-14 23:30:00+00:00,4861.7001953125,4869.0,4859.5,4860.2001953125,1026
2026-04-15 00:00:00+00:00,4858.2001953125,4864.10009765625,4852.7998046875,4861.5,1500
2026-04-15 00:30:00+00:00,4859.7001953125,4861.7998046875,4851.60009765625,4858.0,1120
2026-04-15 01:00:00+00:00,4874.2998046875,4895.39990234375,4852.5,4860.10009765625,6710
2026-04-15 01:30:00+00:00,4871.0,4875.2998046875,4863.5,4873.89990234375,1785
2026-04-15 02:00:00+00:00,4858.89990234375,4877.2001953125,4856.39990234375,4870.2998046875,1783
2026-04-15 02:30:00+00:00,4847.7001953125,4859.2001953125,4844.5,4858.89990234375,2734
2026-04-15 03:00:00+00:00,4850.7998046875,4852.2001953125,4841.0,4848.2001953125,2154
2026-04-15 03:30:00+00:00,4849.60009765625,4853.60009765625,4849.5,4850.7001953125,774
2026-04-15 04:00:00+00:00,4848.39990234375,4851.0,4844.5,4848.0,604
2026-04-15 04:30:00+00:00,4848.89990234375,4851.60009765625,4845.10009765625,4848.7001953125,485
2026-04-15 05:00:00+00:00,4849.7001953125,4854.2998046875,4846.2998046875,4849.10009765625,878
2026-04-15 05:30:00+00:00,4843.2998046875,4851.5,4835.89990234375,4850.0,2295
2026-04-15 06:00:00+00:00,4838.5,4848.5,4837.2001953125,4843.39990234375,1259
2026-04-15 06:30:00+00:00,4834.89990234375,4845.7001953125,4834.2001953125,4838.2001953125,1922
2026-04-15 07:00:00+00:00,4835.7998046875,4840.0,4827.39990234375,4835.2001953125,3726
2026-04-15 07:30:00+00:00,4834.10009765625,4838.7998046875,4829.0,4835.7001953125,1699
2026-04-15 08:00:00+00:00,4833.2998046875,4837.39990234375,4827.10009765625,4833.7998046875,2145
2026-04-15 08:30:00+00:00,4841.60009765625,4845.39990234375,4828.7998046875,4832.0,2033
2026-04-15 09:00:00+00:00,4820.0,4842.39990234375,4815.2001953125,4841.39990234375,4154
2026-04-15 09:30:00+00:00,4821.2001953125,4826.89990234375,4808.39990234375,4820.0,3705
2026-04-15 10:00:00+00:00,4817.5,4826.10009765625,4812.7001953125,4820.60009765625,1846
2026-04-15 10:30:00+00:00,4822.7998046875,4829.2001953125,4815.89990234375,4818.10009765625,1834
2026-04-15 11:00:00+00:00,4827.7001953125,4829.7998046875,4818.39990234375,4822.7998046875,1091
2026-04-15 11:30:00+00:00,4835.7001953125,4837.7998046875,4825.0,4827.7998046875,2267
2026-04-15 12:00:00+00:00,4835.2001953125,4838.7001953125,4829.2998046875,4835.0,2590
2026-04-15 12:30:00+00:00,4833.89990234375,4838.5,4830.39990234375,4834.89990234375,1467
2026-04-15 13:00:00+00:00,4844.39990234375,4844.7001953125,4831.10009765625,4834.39990234375,2765
2026-04-15 13:30:00+00:00,4851.89990234375,4853.5,4838.2998046875,4844.39990234375,4645
2026-04-15 14:00:00+00:00,4848.2001953125,4854.60009765625,4843.5,4851.7001953125,4216
2026-04-15 14:30:00+00:00,4838.39990234375,4848.7998046875,4836.2001953125,4848.5,2792
2026-04-15 15:00:00+00:00,4820.2998046875,4839.0,4819.2001953125,4839.0,5654
2026-04-15 15:30:00+00:00,4823.5,4829.7998046875,4807.89990234375,4820.39990234375,4924
2026-04-15 16:00:00+00:00,4833.7001953125,4835.0,4822.5,4824.0,3067
2026-04-15 16:30:00+00:00,4825.89990234375,4834.2001953125,4822.0,4833.7998046875,3060
2026-04-15 17:00:00+00:00,4823.60009765625,4830.7998046875,4820.10009765625,4826.2001953125,2919
2026-04-15 17:30:00+00:00,4814.7998046875,4824.7001953125,4812.89990234375,4823.89990234375,2693
2026-04-15 18:00:00+00:00,4817.0,4823.2001953125,4812.2001953125,4814.7998046875,2048
2026-04-15 18:30:00+00:00,4822.2001953125,4825.2998046875,4816.7001953125,4817.2001953125,1485
2026-04-15 19:00:00+00:00,4825.2001953125,4826.10009765625,4820.2998046875,4822.2001953125,742
2026-04-15 19:30:00+00:00,4818.2998046875,4825.60009765625,4817.10009765625,4825.0,944
2026-04-15 20:00:00+00:00,4816.5,4819.39990234375,4815.10009765625,4818.7001953125,376
2026-04-15 20:30:00+00:00,4813.89990234375,4816.10009765625,4810.5,4816.10009765625,802
2026-04-15 22:00:00+00:00,4822.0,4823.7001953125,4812.39990234375,4813.60009765625,676
2026-04-15 22:30:00+00:00,4829.2001953125,4833.7998046875,4820.39990234375,4823.2001953125,1393
2026-04-15 23:00:00+00:00,4836.5,4837.2998046875,4829.2001953125,4829.2001953125,782
2026-04-15 23:30:00+00:00,4845.39990234375,4848.60009765625,4835.89990234375,4836.2998046875,1907
2026-04-16 00:00:00+00:00,4846.7998046875,4854.2998046875,4843.7998046875,4845.39990234375,2847
2026-04-16 00:30:00+00:00,4854.7001953125,4859.7001953125,4841.10009765625,4846.89990234375,3413
2026-04-16 01:00:00+00:00,4845.39990234375,4858.60009765625,4843.7001953125,4854.7001953125,1423
2026-04-16 01:30:00+00:00,4839.89990234375,4847.5,4832.89990234375,4845.5,1640
2026-04-16 02:00:00+00:00,4841.39990234375,4847.2001953125,4839.60009765625,4840.7001953125,968
2026-04-16 02:30:00+00:00,4842.10009765625,4843.60009765625,4834.60009765625,4841.39990234375,766
2026-04-16 03:00:00+00:00,4846.5,4849.60009765625,4841.5,4841.7998046875,675
2026-04-16 03:30:00+00:00,4847.7001953125,4849.10009765625,4841.5,4846.60009765625,682
2026-04-16 04:00:00+00:00,4848.89990234375,4852.60009765625,4845.2001953125,4846.2998046875,644
2026-04-16 04:30:00+00:00,4855.7001953125,4856.10009765625,4847.5,4849.0,560
2026-04-16 05:00:00+00:00,4855.5,4861.2998046875,4854.39990234375,4855.5,1370
2026-04-16 05:30:00+00:00,4844.10009765625,4856.89990234375,4843.7001953125,4856.0,3020
2026-04-16 06:00:00+00:00,4838.0,4850.7998046875,4836.0,4843.60009765625,2939
2026-04-16 06:30:00+00:00,4848.2998046875,4852.10009765625,4836.60009765625,4838.2998046875,5432
2026-04-16 07:00:00+00:00,4849.7001953125,4852.7998046875,4838.2998046875,4848.0,5023
2026-04-16 07:30:00+00:00,4843.0,4851.89990234375,4840.60009765625,4849.7001953125,1596
2026-04-16 08:00:00+00:00,4832.89990234375,4843.2001953125,4828.0,4842.7998046875,2598
2026-04-16 08:30:00+00:00,4834.7001953125,4836.0,4827.7998046875,4833.0,1743
2026-04-16 09:00:00+00:00,4834.2998046875,4839.5,4832.5,4834.89990234375,1084
2026-04-16 09:30:00+00:00,4834.2001953125,4836.7998046875,4827.7001953125,4834.2001953125,2240
2026-04-16 10:00:00+00:00,4828.39990234375,4836.7998046875,4825.60009765625,4834.10009765625,1067
2026-04-16 10:30:00+00:00,4838.7001953125,4838.7001953125,4826.39990234375,4828.2001953125,1116
2026-04-16 11:00:00+00:00,4837.60009765625,4842.10009765625,4836.7998046875,4838.7001953125,1199
2026-04-16 11:30:00+00:00,4843.89990234375,4844.2998046875,4837.39990234375,4838.0,986
2026-04-16 12:00:00+00:00,4837.0,4845.0,4833.0,4844.10009765625,2251
2026-04-16 12:30:00+00:00,4837.7998046875,4842.2001953125,4833.10009765625,4836.89990234375,2201
2026-04-16 13:00:00+00:00,4837.60009765625,4844.7998046875,4836.10009765625,4838.2998046875,2826
2026-04-16 13:30:00+00:00,4815.89990234375,4846.2001953125,4805.2998046875,4837.7998046875,9310
2026-04-16 14:00:00+00:00,4821.0,4828.39990234375,4806.39990234375,4815.7998046875,7782
2026-04-16 14:30:00+00:00,4810.2998046875,4823.0,4792.10009765625,4821.5,6275
2026-04-16 15:00:00+00:00,4823.2001953125,4834.7001953125,4809.89990234375,4810.39990234375,4633
2026-04-16 15:30:00+00:00,4828.2001953125,4833.10009765625,4819.2998046875,4823.2001953125,3267
2026-04-16 16:00:00+00:00,4820.2998046875,4831.39990234375,4817.7001953125,4828.60009765625,1752
2026-04-16 16:30:00+00:00,4812.7001953125,4821.0,4806.0,4821.0,4084
2026-04-16 17:00:00+00:00,4805.7998046875,4816.60009765625,4805.5,4812.60009765625,2774
2026-04-16 17:30:00+00:00,4810.10009765625,4812.0,4802.0,4806.0,2822
2026-04-16 18:00:00+00:00,4807.7001953125,4815.5,4806.5,4810.0,1475
2026-04-16 18:30:00+00:00,4809.7001953125,4813.60009765625,4807.5,4807.7001953125,712
2026-04-16 19:00:00+00:00,4811.60009765625,4815.89990234375,4810.2998046875,4810.89990234375,924
2026-04-16 19:30:00+00:00,4814.5,4819.7001953125,4811.5,4811.5,1321
2026-04-16 20:00:00+00:00,4810.39990234375,4815.10009765625,4809.2998046875,4814.7998046875,446
2026-04-16 20:30:00+00:00,4810.89990234375,4812.10009765625,4806.0,4810.2001953125,726
2026-04-16 22:00:00+00:00,4815.2998046875,4818.7998046875,4811.7998046875,4811.7998046875,438
2026-04-16 22:30:00+00:00,4816.0,4818.0,4811.39990234375,4814.5,553
2026-04-16 23:00:00+00:00,4814.2998046875,4818.7001953125,4812.60009765625,4815.60009765625,288
2026-04-16 23:30:00+00:00,4812.5,4817.7001953125,4812.39990234375,4814.39990234375,373
2026-04-17 00:00:00+00:00,4814.0,4814.0,4806.7001953125,4812.0,743
2026-04-17 00:30:00+00:00,4816.2998046875,4822.2001953125,4813.60009765625,4814.0,828
2026-04-17 01:00:00+00:00,4789.2998046875,4816.5,4785.89990234375,4815.60009765625,3433
2026-04-17 01:30:00+00:00,4810.2001953125,4811.5,4787.89990234375,4788.89990234375,2419
2026-04-17 02:00:00+00:00,4808.7001953125,4814.39990234375,4808.2998046875,4809.7998046875,1042
2026-04-17 02:30:00+00:00,4804.60009765625,4815.0,4804.2998046875,4808.60009765625,819
2026-04-17 03:00:00+00:00,4815.0,4819.10009765625,4804.7998046875,4804.7998046875,1216
2026-04-17 03:30:00+00:00,4814.10009765625,4817.5,4812.2998046875,4814.5,474
2026-04-17 04:00:00+00:00,4816.7998046875,4817.10009765625,4813.10009765625,4813.89990234375,450
2026-04-17 04:30:00+00:00,4824.2001953125,4825.60009765625,4816.2001953125,4817.0,1197
2026-04-17 05:00:00+00:00,4824.7998046875,4827.2001953125,4820.60009765625,4823.7001953125,760
2026-04-17 05:30:00+00:00,4815.89990234375,4826.60009765625,4815.10009765625,4824.5,1994
2026-04-17 06:00:00+00:00,4805.2001953125,4816.5,4804.5,4815.89990234375,1869
2026-04-17 06:30:00+00:00,4805.5,4808.0,4800.0,4804.7998046875,1646
2026-04-17 07:00:00+00:00,4812.0,4813.5,4804.7998046875,4806.0,1776
2026-04-17 07:30:00+00:00,4805.5,4815.2998046875,4800.2001953125,4812.0,2293
2026-04-17 08:00:00+00:00,4806.10009765625,4812.5,4802.60009765625,4806.10009765625,1552
2026-04-17 08:30:00+00:00,4817.7998046875,4818.7998046875,4806.0,4806.0,1798
2026-04-17 09:00:00+00:00,4817.60009765625,4822.7001953125,4813.60009765625,4817.7998046875,1877
2026-04-17 09:30:00+00:00,4812.2001953125,4820.7001953125,4812.0,4817.89990234375,1569
2026-04-17 10:00:00+00:00,4811.7001953125,4816.0,4809.10009765625,4812.60009765625,1092
2026-04-17 10:30:00+00:00,4809.0,4811.7001953125,4803.10009765625,4811.2001953125,1420
2026-04-17 11:00:00+00:00,4814.89990234375,4815.39990234375,4805.5,4809.2001953125,1299
2026-04-17 11:30:00+00:00,4822.0,4834.0,4811.7001953125,4814.89990234375,3654
2026-04-17 12:00:00+00:00,4839.39990234375,4842.2001953125,4819.7998046875,4821.7001953125,3966
2026-04-17 12:30:00+00:00,4869.0,4870.7998046875,4837.7998046875,4839.7001953125,12425
2026-04-17 13:00:00+00:00,4874.60009765625,4917.7001953125,4856.89990234375,4869.0,19195
2026-04-17 13:30:00+00:00,4903.10009765625,4905.5,4870.7001953125,4873.89990234375,10976
2026-04-17 14:00:00+00:00,4894.39990234375,4908.89990234375,4883.39990234375,4903.2998046875,7169
2026-04-17 14:30:00+00:00,4895.7001953125,4906.2001953125,4892.39990234375,4895.0,6075
2026-04-17 15:00:00+00:00,4888.60009765625,4903.5,4885.0,4896.2001953125,7303
2026-04-17 15:30:00+00:00,4889.7001953125,4896.60009765625,4877.2998046875,4888.60009765625,3691
2026-04-17 16:00:00+00:00,4889.89990234375,4896.0,4886.0,4889.5,1998
2026-04-17 16:30:00+00:00,4889.0,4895.5,4887.2001953125,4890.7001953125,1512
2026-04-17 17:00:00+00:00,4880.5,4891.60009765625,4875.39990234375,4889.0,3860
2026-04-17 17:30:00+00:00,4884.60009765625,4885.5,4875.0,4880.2001953125,1857
2026-04-17 18:00:00+00:00,4882.89990234375,4890.10009765625,4880.60009765625,4884.7001953125,1513
2026-04-17 18:30:00+00:00,4879.60009765625,4888.39990234375,4877.0,4882.7998046875,1070
2026-04-17 19:00:00+00:00,4878.2998046875,4880.10009765625,4875.2001953125,4879.89990234375,938
2026-04-17 19:30:00+00:00,4875.5,4882.60009765625,4873.60009765625,4878.0,2186
2026-04-17 20:00:00+00:00,4867.0,4876.2998046875,4865.2001953125,4875.60009765625,2600
2026-04-17 20:30:00+00:00,4879.60009765625,4879.60009765625,4848.0,4866.39990234375,2743
2026-04-19 22:00:00+00:00,4805.2001953125,4815.0,4801.89990234375,4813.39990234375,2728
2026-04-19 22:30:00+00:00,4799.39990234375,4810.60009765625,4797.60009765625,4805.2998046875,1340
2026-04-19 23:00:00+00:00,4789.2998046875,4799.39990234375,4788.2001953125,4798.89990234375,1873
2026-04-19 23:30:00+00:00,4775.0,4793.5,4752.0,4789.7998046875,5634
2026-04-20 00:00:00+00:00,4785.5,4785.89990234375,4764.2001953125,4774.39990234375,3571
2026-04-20 00:30:00+00:00,4792.0,4793.7998046875,4779.0,4785.10009765625,1995
2026-04-20 01:00:00+00:00,4822.10009765625,4823.10009765625,4790.2998046875,4792.0,4929
2026-04-20 01:30:00+00:00,4827.7998046875,4834.5,4820.60009765625,4821.7001953125,3328
2026-04-20 02:00:00+00:00,4819.60009765625,4828.7998046875,4816.60009765625,4827.39990234375,2285
2026-04-20 02:30:00+00:00,4813.2998046875,4821.39990234375,4813.10009765625,4821.0,1029
2026-04-20 09:30:00+00:00,4811.39990234375,4879.60009765625,4804.60009765625,4879.60009765625,25218
2026-04-20 10:00:00+00:00,4818.39990234375,4821.2001953125,4809.60009765625,4811.7001953125,1659
2026-04-20 10:30:00+00:00,4815.7001953125,4879.60009765625,4815.0,4818.5,577
2026-04-20 11:00:00+00:00,4807.89990234375,4816.10009765625,4806.2998046875,4815.7001953125,1429
2026-04-20 11:30:00+00:00,4830.89990234375,4879.60009765625,4807.39990234375,4808.0,3636
2026-04-20 12:00:00+00:00,4825.89990234375,4842.89990234375,4822.7001953125,4830.7998046875,6804
2026-04-20 12:30:00+00:00,4823.2998046875,4829.7001953125,4818.7998046875,4825.7001953125,3167
2026-04-20 13:00:00+00:00,4845.0,4846.5,4819.7001953125,4823.60009765625,4321
2026-04-20 13:30:00+00:00,4838.7998046875,4847.2998046875,4836.5,4845.0,4389
2026-04-20 14:00:00+00:00,4843.2998046875,4847.2001953125,4826.5,4838.7998046875,7067
2026-04-20 14:30:00+00:00,4824.89990234375,4847.89990234375,4811.89990234375,4843.5,5620
2026-04-20 15:00:00+00:00,4828.39990234375,4829.7998046875,4812.60009765625,4825.7001953125,5121
2026-04-20 15:30:00+00:00,4819.89990234375,4829.5,4815.0,4828.39990234375,2517
2026-04-20 16:00:00+00:00,4821.5,4821.89990234375,4812.5,4819.7998046875,2424
2026-04-20 16:30:00+00:00,4825.60009765625,4826.60009765625,4818.7001953125,4821.89990234375,1998
2026-04-20 17:00:00+00:00,4830.10009765625,4831.5,4824.0,4825.89990234375,3096
2026-04-20 17:30:00+00:00,4827.10009765625,4832.39990234375,4825.39990234375,4830.2998046875,1532
2026-04-20 18:00:00+00:00,4833.89990234375,4836.5,4827.60009765625,4827.60009765625,1559
2026-04-20 18:30:00+00:00,4834.7998046875,4837.0,4831.2001953125,4834.0,1014
2026-04-20 19:00:00+00:00,4837.60009765625,4842.10009765625,4834.7001953125,4834.7001953125,1265
2026-04-20 19:30:00+00:00,4834.7998046875,4837.60009765625,4829.7001953125,4837.60009765625,1651
2026-04-20 20:00:00+00:00,4836.60009765625,4837.7001953125,4832.7998046875,4835.0,850
2026-04-20 20:30:00+00:00,4841.0,4842.7001953125,4833.39990234375,4836.5,784
2026-04-20 22:00:00+00:00,4849.39990234375,4854.7998046875,4841.10009765625,4842.39990234375,1368
2026-04-20 22:30:00+00:00,4848.5,4852.89990234375,4845.7998046875,4849.7001953125,1084
2026-04-20 23:00:00+00:00,4846.5,4852.5,4844.5,4848.7001953125,880
2026-04-20 23:30:00+00:00,4842.39990234375,4846.39990234375,4840.5,4846.39990234375,679
2026-04-21 00:00:00+00:00,4839.5,4851.2001953125,4839.2001953125,4843.0,1511
2026-04-21 00:30:00+00:00,4843.60009765625,4845.89990234375,4836.39990234375,4839.7998046875,1105
2026-04-21 01:00:00+00:00,4838.2001953125,4844.2998046875,4832.60009765625,4843.7998046875,1391
2026-04-21 01:30:00+00:00,4829.7998046875,4839.0,4825.2998046875,4837.7001953125,1526
2026-04-21 02:00:00+00:00,4827.2001953125,4830.2001953125,4822.0,4830.10009765625,1112
2026-04-21 02:30:00+00:00,4826.0,4827.5,4821.5,4826.7998046875,1181
2026-04-21 03:00:00+00:00,4817.7001953125,4826.89990234375,4812.60009765625,4826.2001953125,2135
2026-04-21 03:30:00+00:00,4816.2998046875,4819.39990234375,4811.2001953125,4818.0,1999
2026-04-21 04:00:00+00:00,4810.7998046875,4816.60009765625,4809.2998046875,4816.10009765625,2011
2026-04-21 04:30:00+00:00,4807.7001953125,4812.7998046875,4807.0,4810.7001953125,1728
2026-04-21 05:00:00+00:00,4806.10009765625,4811.5,4804.2998046875,4807.7998046875,2792
2026-04-21 05:30:00+00:00,4802.89990234375,4815.7001953125,4801.7001953125,4806.2001953125,3014
2026-04-21 06:00:00+00:00,4796.7001953125,4809.39990234375,4794.10009765625,4802.60009765625,5279
2026-04-21 06:30:00+00:00,4796.7998046875,4828.7998046875,4793.0,4828.7998046875,3992
2026-04-21 07:00:00+00:00,4802.2001953125,4806.7001953125,4790.7998046875,4796.2998046875,2408
2026-04-21 07:30:00+00:00,4804.89990234375,4811.5,4799.5,4802.5,1645
2026-04-21 08:00:00+00:00,4805.89990234375,4808.0,4793.2998046875,4804.5,2391
2026-04-21 08:30:00+00:00,4805.0,4812.2001953125,4803.7001953125,4805.89990234375,1469
2026-04-21 09:00:00+00:00,4801.10009765625,4806.89990234375,4800.0,4804.89990234375,1203
2026-04-21 09:30:00+00:00,4802.39990234375,4808.2998046875,4800.7998046875,4800.89990234375,2935
2026-04-21 10:00:00+00:00,4802.10009765625,4805.0,4799.60009765625,4802.7998046875,1031
2026-04-21 10:30:00+00:00,4809.0,4809.7001953125,4801.7001953125,4802.10009765625,1081
2026-04-21 11:00:00+00:00,4802.39990234375,4809.5,4794.2998046875,4809.2001953125,2005
2026-04-21 11:30:00+00:00,4814.2001953125,4818.0,4802.2001953125,4802.39990234375,2660
2026-04-21 12:00:00+00:00,4799.7001953125,4816.7001953125,4798.2001953125,4814.39990234375,3190
2026-04-21 12:30:00+00:00,4797.60009765625,4809.2998046875,4781.60009765625,4799.2998046875,6432
2026-04-21 13:00:00+00:00,4793.10009765625,4802.7998046875,4777.2998046875,4797.60009765625,5797
2026-04-21 13:30:00+00:00,4798.2001953125,4813.7998046875,4788.7998046875,4792.89990234375,7445
2026-04-21 14:00:00+00:00,4792.60009765625,4801.89990234375,4788.5,4798.2001953125,4242
2026-04-21 14:30:00+00:00,4757.39990234375,4793.5,4740.89990234375,4792.5,20876
2026-04-21 15:00:00+00:00,4761.10009765625,4776.60009765625,4745.89990234375,4757.7998046875,11498
2026-04-21 15:30:00+00:00,4759.7998046875,4768.60009765625,4755.2998046875,4761.2001953125,3824
2026-04-21 16:00:00+00:00,4739.89990234375,4765.89990234375,4737.60009765625,4760.2998046875,6021
2026-04-21 16:30:00+00:00,4729.5,4746.7998046875,4726.39990234375,4739.5,7003
2026-04-21 17:00:00+00:00,4719.10009765625,4737.60009765625,4715.0,4729.2998046875,9226
2026-04-21 17:30:00+00:00,4731.0,4742.0,4716.2998046875,4719.2998046875,6880
2026-04-21 18:00:00+00:00,4716.2001953125,4734.2001953125,4712.0,4730.89990234375,4071
2026-04-21 18:30:00+00:00,4728.10009765625,4732.7998046875,4716.39990234375,4716.39990234375,3062
2026-04-21 19:00:00+00:00,4732.89990234375,4734.10009765625,4722.7998046875,4728.7001953125,2922
2026-04-21 19:30:00+00:00,4698.2998046875,4733.5,4685.7998046875,4732.7998046875,8307
2026-04-21 20:00:00+00:00,4724.60009765625,4730.2998046875,4688.39990234375,4698.5,5209
2026-04-21 20:30:00+00:00,4738.5,4739.60009765625,4724.2998046875,4724.2998046875,1608
2026-04-21 22:00:00+00:00,4737.0,4748.10009765625,4734.2998046875,4738.7001953125,733
2026-04-21 22:30:00+00:00,4737.60009765625,4738.10009765625,4733.10009765625,4737.2998046875,728
2026-04-21 23:00:00+00:00,4748.0,4751.10009765625,4736.0,4737.10009765625,1643
2026-04-21 23:30:00+00:00,4755.7998046875,4758.39990234375,4746.2998046875,4747.60009765625,1548
2026-04-22 00:00:00+00:00,4760.60009765625,4766.0,4756.2998046875,4756.2998046875,1678
2026-04-22 00:30:00+00:00,4757.7001953125,4765.10009765625,4756.10009765625,4760.2998046875,1450
2026-04-22 01:00:00+00:00,4764.10009765625,4767.39990234375,4753.5,4757.39990234375,2339
2026-04-22 01:30:00+00:00,4769.7998046875,4772.5,4764.0,4764.2001953125,2934
2026-04-22 02:00:00+00:00,4773.39990234375,4775.7998046875,4767.5,4770.2998046875,1465
2026-04-22 02:30:00+00:00,4773.5,4776.2001953125,4768.2998046875,4773.0,1478
2026-04-22 03:00:00+00:00,4780.7001953125,4781.0,4770.39990234375,4773.10009765625,1734
2026-04-22 03:30:00+00:00,4777.0,4782.7001953125,4774.60009765625,4780.39990234375,1263
2026-04-22 04:00:00+00:00,4773.5,4777.39990234375,4772.39990234375,4776.10009765625,928
2026-04-22 04:30:00+00:00,4772.39990234375,4777.2998046875,4770.10009765625,4773.5,2135
2026-04-22 05:00:00+00:00,4784.2001953125,4789.7998046875,4769.89990234375,4772.39990234375,3125
2026-04-22 05:30:00+00:00,4786.39990234375,4789.89990234375,4781.7001953125,4784.10009765625,2601
2026-04-22 06:00:00+00:00,4785.39990234375,4786.5,4777.5,4786.0,2490
2026-04-22 06:30:00+00:00,4786.0,4786.2001953125,4781.7001953125,4785.2001953125,1010
2026-04-22 07:00:00+00:00,4784.7001953125,4790.7998046875,4780.7998046875,4785.89990234375,2134
2026-04-22 07:30:00+00:00,4779.5,4785.39990234375,4778.39990234375,4784.60009765625,1539
2026-04-22 08:00:00+00:00,4773.0,4781.39990234375,4772.89990234375,4779.60009765625,1953
2026-04-22 08:30:00+00:00,4775.7001953125,4777.10009765625,4770.5,4773.0,1541
2026-04-22 09:00:00+00:00,4775.0,4780.89990234375,4774.89990234375,4775.5,1620
2026-04-22 09:30:00+00:00,4773.39990234375,4781.10009765625,4771.0,4774.89990234375,1713
2026-04-22 10:00:00+00:00,4773.39990234375,4776.2998046875,4764.2998046875,4773.60009765625,2072
2026-04-22 10:30:00+00:00,4778.10009765625,4779.2001953125,4772.39990234375,4773.39990234375,1150
2026-04-22 11:00:00+00:00,4776.10009765625,4779.60009765625,4775.0,4777.89990234375,1330
2026-04-22 11:30:00+00:00,4768.89990234375,4778.7001953125,4766.2998046875,4776.2998046875,2514
2026-04-22 12:00:00+00:00,4772.10009765625,4779.0,4765.7001953125,4769.2001953125,2928
2026-04-22 12:30:00+00:00,4762.60009765625,4772.89990234375,4761.10009765625,4771.7001953125,3318
2026-04-22 13:00:00+00:00,4768.5,4769.2001953125,4754.60009765625,4762.89990234375,4824
2026-04-22 13:30:00+00:00,4771.7001953125,4779.39990234375,4760.0,4768.7001953125,4690
2026-04-22 14:00:00+00:00,4763.0,4776.2998046875,4760.7998046875,4771.5,4244
2026-04-22 14:30:00+00:00,4754.2998046875,4763.60009765625,4746.89990234375,4763.10009765625,5441
2026-04-22 15:00:00+00:00,4752.89990234375,4758.39990234375,4747.7001953125,4754.2001953125,3124
2026-04-22 15:30:00+00:00,4746.2001953125,4753.7001953125,4743.2001953125,4753.2001953125,2478
2026-04-22 16:00:00+00:00,4745.5,4754.10009765625,4742.10009765625,4746.10009765625,2224
2026-04-22 16:30:00+00:00,4747.5,4750.7998046875,4742.39990234375,4745.5,1697
2026-04-22 17:00:00+00:00,4753.7998046875,4758.39990234375,4747.2001953125,4747.39990234375,2505
2026-04-22 17:30:00+00:00,4756.39990234375,4757.2998046875,4752.7001953125,4754.0,1561
2026-04-22 18:00:00+00:00,4749.0,4757.60009765625,4748.39990234375,4756.10009765625,1397
2026-04-22 18:30:00+00:00,4760.7001953125,4770.2001953125,4749.2001953125,4749.2001953125,3185
2026-04-22 19:00:00+00:00,4763.5,4764.39990234375,4755.7998046875,4761.0,1344
2026-04-22 19:30:00+00:00,4759.0,4763.60009765625,4756.0,4763.5,1253
2026-04-22 20:00:00+00:00,4755.7998046875,4759.5,4753.10009765625,4759.39990234375,787
2026-04-22 20:30:00+00:00,4758.2998046875,4759.89990234375,4754.89990234375,4756.0,682
2026-04-22 22:00:00+00:00,4750.10009765625,4763.60009765625,4750.0,4759.2001953125,610
2026-04-22 22:30:00+00:00,4743.2001953125,4752.39990234375,4742.7998046875,4750.5,910
2026-04-22 23:00:00+00:00,4745.39990234375,4746.7998046875,4740.60009765625,4743.5,928
2026-04-22 23:30:00+00:00,4745.0,4746.5,4741.0,4744.7001953125,594
2026-04-23 00:00:00+00:00,4758.7001953125,4759.39990234375,4710.39990234375,4745.0,7323
2026-04-23 00:30:00+00:00,4765.5,4771.2998046875,4757.7001953125,4758.60009765625,2911
2026-04-23 01:00:00+00:00,4745.10009765625,4767.5,4743.60009765625,4765.2998046875,2490
2026-04-23 01:30:00+00:00,4739.39990234375,4753.2998046875,4738.39990234375,4745.10009765625,2646
2026-04-23 02:00:00+00:00,4729.7998046875,4740.89990234375,4721.0,4738.89990234375,3642
2026-04-23 02:30:00+00:00,4714.39990234375,4731.7001953125,4714.0,4730.10009765625,3675
2026-04-23 03:00:00+00:00,4719.2001953125,4724.7998046875,4713.89990234375,4715.0,2525
2026-04-23 03:30:00+00:00,4720.0,4723.2001953125,4716.7001953125,4719.0,1219
2026-04-23 04:00:00+00:00,4721.2998046875,4722.7001953125,4716.5,4719.0,802
2026-04-23 04:30:00+00:00,4720.10009765625,4722.60009765625,4714.2998046875,4721.39990234375,930
2026-04-23 05:00:00+00:00,4721.5,4726.10009765625,4719.10009765625,4719.60009765625,1136
2026-04-23 05:30:00+00:00,4729.0,4731.10009765625,4705.7001953125,4721.5,3305
2026-04-23 06:00:00+00:00,4728.7001953125,4734.2001953125,4724.89990234375,4729.60009765625,2330
2026-04-23 06:30:00+00:00,4730.10009765625,4739.0,4725.7998046875,4728.60009765625,4303
2026-04-23 07:00:00+00:00,4722.7998046875,4733.60009765625,4719.39990234375,4729.89990234375,5561
2026-04-23 07:30:00+00:00,4736.10009765625,4737.39990234375,4720.2998046875,4722.7001953125,1972
2026-04-23 08:00:00+00:00,4732.2001953125,4742.10009765625,4731.7998046875,4735.60009765625,1633
2026-04-23 08:30:00+00:00,4719.60009765625,4733.2001953125,4717.7998046875,4732.39990234375,2065
2026-04-23 09:00:00+00:00,4716.89990234375,4720.0,4710.7001953125,4719.39990234375,2902
2026-04-23 09:30:00+00:00,4713.5,4719.5,4710.89990234375,4716.7998046875,2579
2026-04-23 10:00:00+00:00,4702.7001953125,4717.89990234375,4700.0,4713.5,3450
2026-04-23 10:30:00+00:00,4712.60009765625,4713.39990234375,4700.10009765625,4703.2998046875,2525
2026-04-23 11:00:00+00:00,4715.60009765625,4719.7998046875,4711.2998046875,4712.7998046875,1678
2026-04-23 11:30:00+00:00,4737.39990234375,4737.7998046875,4712.89990234375,4715.7001953125,3658
2026-04-23 12:00:00+00:00,4750.60009765625,4756.0,4736.2998046875,4737.10009765625,7553
2026-04-23 12:30:00+00:00,4757.7001953125,4761.7001953125,4748.5,4750.2001953125,5496
2026-04-23 13:00:00+00:00,4744.2998046875,4758.5,4740.7998046875,4758.10009765625,4041
2026-04-23 13:30:00+00:00,4742.0,4759.10009765625,4741.39990234375,4744.2001953125,4923
2026-04-23 14:00:00+00:00,4748.5,4753.60009765625,4733.89990234375,4741.5,5871
2026-04-23 14:30:00+00:00,4750.60009765625,4754.0,4742.89990234375,4748.5,2676
2026-04-23 15:00:00+00:00,4750.7001953125,4758.2001953125,4743.7001953125,4750.89990234375,3014
2026-04-23 15:30:00+00:00,4737.2998046875,4751.89990234375,4733.2998046875,4750.60009765625,3547
2026-04-23 16:00:00+00:00,4740.10009765625,4741.7001953125,4732.5,4737.60009765625,1936
2026-04-23 16:30:00+00:00,4749.7998046875,4754.10009765625,4739.5,4739.5,2742
2026-04-23 17:00:00+00:00,4723.0,4751.7001953125,4720.7998046875,4750.10009765625,10765
2026-04-23 17:30:00+00:00,4725.60009765625,4730.7998046875,4680.10009765625,4723.2001953125,13488
2026-04-23 18:00:00+00:00,4732.89990234375,4738.7001953125,4723.89990234375,4726.10009765625,3580
2026-04-23 18:30:00+00:00,4717.2001953125,4736.7001953125,4714.89990234375,4732.5,2392
2026-04-23 19:00:00+00:00,4716.5,4720.60009765625,4708.7001953125,4717.10009765625,2478
2026-04-23 19:30:00+00:00,4712.7998046875,4717.2998046875,4705.5,4716.5,2023
2026-04-23 20:00:00+00:00,4705.5,4714.7998046875,4702.7001953125,4712.5,1245
2026-04-23 20:30:00+00:00,4708.60009765625,4710.60009765625,4704.2998046875,4705.7001953125,541
2026-04-23 22:00:00+00:00,4708.2001953125,4719.7998046875,4707.60009765625,4715.60009765625,556
2026-04-23 22:30:00+00:00,4708.5,4712.10009765625,4705.2998046875,4708.5,479
2026-04-23 23:00:00+00:00,4709.7001953125,4711.0,4702.0,4708.7001953125,609
2026-04-23 23:30:00+00:00,4710.7998046875,4716.10009765625,4707.39990234375,4710.10009765625,765
2026-04-24 00:00:00+00:00,4720.5,4721.0,4706.2998046875,4711.7001953125,1074
2026-04-24 00:30:00+00:00,4719.7998046875,4723.10009765625,4712.39990234375,4720.89990234375,1195
2026-04-24 01:00:00+00:00,4714.0,4726.7001953125,4711.5,4719.7998046875,1659
2026-04-24 01:30:00+00:00,4715.10009765625,4717.7001953125,4705.7001953125,4714.10009765625,1434
2026-04-24 02:00:00+00:00,4698.89990234375,4716.39990234375,4696.7998046875,4715.2001953125,1617
2026-04-24 02:30:00+00:00,4692.39990234375,4706.2001953125,4687.2998046875,4699.2998046875,2274
2026-04-24 03:00:00+00:00,4689.5,4693.5,4683.5,4692.0,2036
2026-04-24 03:30:00+00:00,4687.5,4693.39990234375,4687.0,4689.60009765625,903
2026-04-24 04:00:00+00:00,4674.60009765625,4689.7998046875,4673.10009765625,4686.89990234375,2191
2026-04-24 04:30:00+00:00,4689.2998046875,4691.5,4672.2001953125,4674.7001953125,2220
2026-04-24 05:00:00+00:00,4691.60009765625,4693.7998046875,4684.39990234375,4689.60009765625,1026
2026-04-24 05:30:00+00:00,4701.5,4702.2998046875,4691.7998046875,4691.7998046875,1929
2026-04-24 06:00:00+00:00,4686.5,4703.10009765625,4684.7001953125,4701.7001953125,1977
2026-04-24 06:30:00+00:00,4687.10009765625,4691.7001953125,4681.60009765625,4686.60009765625,2094
2026-04-24 07:00:00+00:00,4699.7001953125,4700.10009765625,4686.2001953125,4687.10009765625,1519
2026-04-24 07:30:00+00:00,4709.39990234375,4710.7001953125,4697.0,4699.2998046875,1887
2026-04-24 08:00:00+00:00,4702.7998046875,4712.7001953125,4701.39990234375,4710.10009765625,1867
2026-04-24 08:30:00+00:00,4705.5,4708.2001953125,4700.10009765625,4702.7001953125,871
2026-04-24 09:00:00+00:00,4698.7001953125,4711.89990234375,4697.7001953125,4706.10009765625,2934
2026-04-24 09:30:00+00:00,4697.7001953125,4704.10009765625,4694.89990234375,4698.5,2675
2026-04-24 10:00:00+00:00,4697.39990234375,4701.5,4695.10009765625,4697.39990234375,1317
2026-04-24 10:30:00+00:00,4693.0,4697.2001953125,4689.60009765625,4697.2001953125,1343
2026-04-24 11:00:00+00:00,4731.89990234375,4733.39990234375,4693.0,4693.10009765625,6755
2026-04-24 11:30:00+00:00,4723.2001953125,4733.89990234375,4718.7998046875,4731.89990234375,2979
2026-04-24 12:00:00+00:00,4726.0,4727.89990234375,4717.5,4723.2001953125,2946
2026-04-24 12:30:00+00:00,4716.89990234375,4727.5,4706.2998046875,4726.2001953125,3682
2026-04-24 13:00:00+00:00,4713.10009765625,4721.60009765625,4709.2001953125,4717.2001953125,3328
2026-04-24 13:30:00+00:00,4727.89990234375,4734.2001953125,4705.39990234375,4713.10009765625,4916
2026-04-24 14:00:00+00:00,4741.7001953125,4757.10009765625,4723.2001953125,4728.0,10211
2026-04-24 14:30:00+00:00,4743.2001953125,4750.0,4740.39990234375,4742.0,3201
2026-04-24 15:00:00+00:00,4738.60009765625,4744.0,4734.7998046875,4743.39990234375,2639
2026-04-24 15:30:00+00:00,4743.89990234375,4750.39990234375,4730.7998046875,4738.60009765625,4001
2026-04-24 16:00:00+00:00,4739.89990234375,4746.5,4735.89990234375,4743.60009765625,1658
2026-04-24 16:30:00+00:00,4743.7001953125,4744.5,4735.60009765625,4740.7001953125,1414
2026-04-24 17:00:00+00:00,4739.89990234375,4747.0,4739.10009765625,4744.39990234375,3174
2026-04-24 17:30:00+00:00,4740.10009765625,4744.60009765625,4735.7001953125,4739.60009765625,2039
2026-04-24 18:00:00+00:00,4733.2998046875,4741.5,4733.2998046875,4740.39990234375,1159
2026-04-24 18:30:00+00:00,4738.7001953125,4739.60009765625,4733.0,4733.2998046875,697
2026-04-24 19:00:00+00:00,4735.2998046875,4742.39990234375,4733.5,4739.39990234375,1191
2026-04-24 19:30:00+00:00,4732.10009765625,4736.5,4729.5,4735.0,1406
2026-04-24 20:00:00+00:00,4723.7001953125,4733.39990234375,4721.2001953125,4731.89990234375,1623
2026-04-24 20:30:00+00:00,4740.89990234375,4740.89990234375,4721.10009765625,4723.5,1142
2026-04-26 22:00:00+00:00,4701.7001953125,4704.0,4694.0,4696.10009765625,813
2026-04-26 22:30:00+00:00,4699.60009765625,4701.7998046875,4696.2998046875,4701.2998046875,716
2026-04-26 23:00:00+00:00,4692.10009765625,4700.0,4691.2998046875,4699.10009765625,780
2026-04-26 23:30:00+00:00,4694.7998046875,4696.89990234375,4689.10009765625,4691.60009765625,957
2026-04-27 00:00:00+00:00,4695.5,4697.39990234375,4686.60009765625,4695.2998046875,1304
2026-04-27 00:30:00+00:00,4712.60009765625,4713.10009765625,4691.2001953125,4695.60009765625,1477
2026-04-27 01:00:00+00:00,4712.89990234375,4724.7998046875,4705.5,4712.39990234375,3211
2026-04-27 01:30:00+00:00,4717.10009765625,4721.2998046875,4710.39990234375,4712.7998046875,1290
2026-04-27 02:00:00+00:00,4720.39990234375,4722.7998046875,4710.60009765625,4717.7001953125,1289
2026-04-27 02:30:00+00:00,4732.89990234375,4738.2998046875,4718.89990234375,4720.0,2431
2026-04-27 03:00:00+00:00,4730.60009765625,4737.7001953125,4729.60009765625,4733.2001953125,1065
2026-04-27 03:30:00+00:00,4739.7998046875,4744.7998046875,4731.2001953125,4731.2001953125,1674
2026-04-27 04:00:00+00:00,4742.5,4743.7001953125,4738.89990234375,4739.7998046875,564
2026-04-27 04:30:00+00:00,4740.5,4745.7998046875,4738.2998046875,4742.7998046875,956
2026-04-27 05:00:00+00:00,4734.2001953125,4741.2001953125,4731.7001953125,4741.2001953125,1219
2026-04-27 05:30:00+00:00,4725.7001953125,4734.2998046875,4724.0,4733.89990234375,1747
2026-04-27 06:00:00+00:00,4729.60009765625,4730.89990234375,4724.60009765625,4725.39990234375,1269
2026-04-27 06:30:00+00:00,4727.60009765625,4730.5,4724.2998046875,4729.2998046875,941
2026-04-27 07:00:00+00:00,4730.89990234375,4733.5,4725.89990234375,4727.39990234375,1076
2026-04-27 07:30:00+00:00,4727.89990234375,4732.39990234375,4725.0,4730.7998046875,881
2026-04-27 08:00:00+00:00,4725.60009765625,4729.5,4724.2998046875,4728.39990234375,920
2026-04-27 08:30:00+00:00,4722.0,4730.0,4720.2001953125,4725.5,1379
2026-04-27 09:00:00+00:00,4717.7001953125,4723.60009765625,4716.7001953125,4722.2998046875,1349
2026-04-27 09:30:00+00:00,4719.10009765625,4721.2998046875,4714.7001953125,4717.5,2069
2026-04-27 10:00:00+00:00,4720.7001953125,4722.39990234375,4714.7001953125,4719.2001953125,1024
2026-04-27 10:30:00+00:00,4724.2998046875,4726.39990234375,4720.0,4720.7001953125,1043
2026-04-27 11:00:00+00:00,4720.2001953125,4724.5,4715.5,4724.2001953125,1108
2026-04-27 11:30:00+00:00,4719.7001953125,4724.0,4713.5,4720.10009765625,1161
2026-04-27 12:00:00+00:00,4722.10009765625,4728.0,4717.0,4720.10009765625,3101
2026-04-27 12:30:00+00:00,4714.10009765625,4723.10009765625,4712.0,4721.89990234375,2111
2026-04-27 13:00:00+00:00,4715.2001953125,4718.89990234375,4708.2998046875,4714.7998046875,2733
2026-04-27 13:30:00+00:00,4711.60009765625,4718.0,4703.2998046875,4715.5,4094
2026-04-27 14:00:00+00:00,4704.0,4712.0,4701.2998046875,4711.2001953125,3989
2026-04-27 14:30:00+00:00,4693.2001953125,4712.2001953125,4691.2998046875,4704.2001953125,5126
2026-04-27 15:00:00+00:00,4695.7998046875,4695.89990234375,4681.7998046875,4693.39990234375,6096
2026-04-27 15:30:00+00:00,4684.7998046875,4697.10009765625,4681.2001953125,4695.60009765625,2794
2026-04-27 16:00:00+00:00,4691.0,4692.2998046875,4681.5,4684.60009765625,2234
2026-04-27 16:30:00+00:00,4691.10009765625,4694.2998046875,4688.89990234375,4691.2998046875,1306
2026-04-27 17:00:00+00:00,4694.7001953125,4694.7998046875,4682.5,4691.39990234375,4830
2026-04-27 17:30:00+00:00,4697.2001953125,4700.89990234375,4694.10009765625,4694.60009765625,2036
2026-04-27 18:00:00+00:00,4698.7998046875,4700.2001953125,4693.60009765625,4696.7001953125,1098
2026-04-27 18:30:00+00:00,4695.7001953125,4700.10009765625,4695.7001953125,4698.60009765625,979
2026-04-27 19:00:00+00:00,4697.39990234375,4697.89990234375,4693.2998046875,4695.5,858
2026-04-27 19:30:00+00:00,4696.2001953125,4697.5,4691.7001953125,4697.5,1672
2026-04-27 20:00:00+00:00,4695.10009765625,4696.60009765625,4691.7998046875,4695.89990234375,523
2026-04-27 20:30:00+00:00,4697.7001953125,4697.7998046875,4693.7001953125,4695.2001953125,331
2026-04-27 22:00:00+00:00,4704.0,4706.2998046875,4697.0,4697.5,709
2026-04-27 22:30:00+00:00,4702.7001953125,4704.89990234375,4701.10009765625,4704.39990234375,341
2026-04-27 23:00:00+00:00,4705.7001953125,4707.2001953125,4702.10009765625,4703.2998046875,370
2026-04-27 23:30:00+00:00,4707.10009765625,4710.2998046875,4706.0,4706.0,721
2026-04-28 00:00:00+00:00,4709.7998046875,4716.5,4706.89990234375,4707.10009765625,1058
2026-04-28 00:30:00+00:00,4705.60009765625,4710.2001953125,4705.2001953125,4710.2001953125,724
2026-04-28 01:00:00+00:00,4702.60009765625,4705.7998046875,4699.10009765625,4705.2001953125,1193
2026-04-28 01:30:00+00:00,4684.7001953125,4705.7998046875,4681.39990234375,4702.0,2397
2026-04-28 02:00:00+00:00,4689.7998046875,4694.0,4679.89990234375,4684.60009765625,2184
2026-04-28 02:30:00+00:00,4683.0,4689.10009765625,4680.10009765625,4689.10009765625,1481
2026-04-28 03:00:00+00:00,4688.7998046875,4690.10009765625,4682.2998046875,4682.89990234375,1182
2026-04-28 03:30:00+00:00,4685.60009765625,4689.2998046875,4683.0,4689.2998046875,789
2026-04-28 04:00:00+00:00,4681.2001953125,4685.10009765625,4679.7001953125,4684.60009765625,1137
2026-04-28 04:30:00+00:00,4681.2998046875,4683.60009765625,4680.10009765625,4681.10009765625,861
2026-04-28 05:00:00+00:00,4672.2001953125,4681.5,4661.0,4681.39990234375,3916
2026-04-28 05:30:00+00:00,4646.60009765625,4672.2001953125,4638.0,4672.2001953125,5808
2026-04-28 06:00:00+00:00,4645.0,4656.89990234375,4636.5,4645.89990234375,3396
2026-04-28 06:30:00+00:00,4642.7001953125,4648.2998046875,4636.89990234375,4645.0,4073
2026-04-28 07:00:00+00:00,4643.7001953125,4653.2998046875,4641.2001953125,4642.60009765625,2966
2026-04-28 07:30:00+00:00,4646.60009765625,4649.39990234375,4634.39990234375,4643.89990234375,2828
2026-04-28 08:00:00+00:00,4640.60009765625,4647.39990234375,4628.2998046875,4647.0,3618
2026-04-28 08:30:00+00:00,4643.60009765625,4649.39990234375,4638.10009765625,4640.7001953125,2549
2026-04-28 09:00:00+00:00,4631.89990234375,4644.0,4626.39990234375,4643.39990234375,2622
2026-04-28 09:30:00+00:00,4618.60009765625,4633.10009765625,4617.7001953125,4631.89990234375,4474
2026-04-28 10:00:00+00:00,4625.5,4630.5,4618.0,4618.39990234375,2043
2026-04-28 10:30:00+00:00,4616.7001953125,4629.5,4616.7001953125,4625.10009765625,2242
2026-04-28 11:00:00+00:00,4613.10009765625,4622.39990234375,4607.10009765625,4616.60009765625,4975
2026-04-28 11:30:00+00:00,4575.2001953125,4613.39990234375,4568.0,4612.89990234375,9650
2026-04-28 12:00:00+00:00,4593.39990234375,4611.10009765625,4567.60009765625,4575.60009765625,9054
2026-04-28 12:30:00+00:00,4607.39990234375,4613.7998046875,4583.2998046875,4593.2001953125,5686
2026-04-28 13:00:00+00:00,4594.5,4608.2001953125,4584.2998046875,4607.0,6087
2026-04-28 13:30:00+00:00,4593.39990234375,4606.2998046875,4583.7001953125,4594.2998046875,6255
2026-04-28 14:00:00+00:00,4585.0,4594.0,4576.0,4593.0,7126
2026-04-28 14:30:00+00:00,4588.2998046875,4592.0,4570.0,4585.2001953125,6907
2026-04-28 15:00:00+00:00,4591.0,4595.39990234375,4580.5,4587.89990234375,4804
2026-04-28 15:30:00+00:00,4600.10009765625,4600.2001953125,4584.2001953125,4590.10009765625,3426
2026-04-28 16:00:00+00:00,4596.7998046875,4600.60009765625,4591.39990234375,4600.0,2654
2026-04-28 16:30:00+00:00,4606.2001953125,4608.7998046875,4594.60009765625,4597.0,2862
2026-04-28 17:00:00+00:00,4607.7998046875,4611.39990234375,4601.0,4606.2998046875,4124
2026-04-28 17:30:00+00:00,4609.0,4615.89990234375,4607.7001953125,4607.89990234375,2688
2026-04-28 18:00:00+00:00,4613.2001953125,4614.7998046875,4606.0,4609.39990234375,1353
2026-04-28 18:30:00+00:00,4608.39990234375,4613.2998046875,4607.2001953125,4613.2001953125,852
2026-04-28 19:00:00+00:00,4610.60009765625,4612.89990234375,4607.89990234375,4608.5,864
2026-04-28 19:30:00+00:00,4609.60009765625,4614.10009765625,4607.2998046875,4610.5,1267
2026-04-28 20:00:00+00:00,4607.5,4612.89990234375,4605.7001953125,4609.39990234375,853
2026-04-28 20:30:00+00:00,4609.60009765625,4611.7001953125,4607.10009765625,4607.5,564
2026-04-28 22:00:00+00:00,4610.0,4614.0,4608.10009765625,4611.39990234375,396
2026-04-28 22:30:00+00:00,4607.7998046875,4611.5,4606.2998046875,4610.10009765625,322
2026-04-28 23:00:00+00:00,4605.39990234375,4608.2998046875,4603.2001953125,4608.2998046875,400
2026-04-28 23:30:00+00:00,4609.7001953125,4610.5,4602.0,4606.0,627
2026-04-29 00:00:00+00:00,4613.2998046875,4624.2998046875,4608.7998046875,4609.5,2232
2026-04-29 00:30:00+00:00,4613.7001953125,4618.60009765625,4609.60009765625,4614.0,859
2026-04-29 01:00:00+00:00,4594.39990234375,4613.5,4589.10009765625,4613.5,3082
2026-04-29 01:30:00+00:00,4598.10009765625,4605.39990234375,4592.2001953125,4593.5,1662
2026-04-29 02:00:00+00:00,4613.10009765625,4617.7001953125,4598.5,4598.5,1932
2026-04-29 02:30:00+00:00,4606.89990234375,4616.0,4605.5,4613.2001953125,1113
2026-04-29 03:00:00+00:00,4612.10009765625,4616.7001953125,4606.10009765625,4606.89990234375,945
2026-04-29 03:30:00+00:00,4609.60009765625,4612.60009765625,4605.7001953125,4612.60009765625,659
2026-04-29 04:00:00+00:00,4615.39990234375,4617.10009765625,4609.10009765625,4609.10009765625,792
2026-04-29 04:30:00+00:00,4618.10009765625,4619.2998046875,4615.2001953125,4615.2998046875,834
2026-04-29 05:00:00+00:00,4614.2001953125,4621.2998046875,4612.2001953125,4618.60009765625,622
2026-04-29 05:30:00+00:00,4604.7001953125,4616.7998046875,4604.39990234375,4614.60009765625,1127
2026-04-29 06:00:00+00:00,4599.39990234375,4612.2998046875,4595.60009765625,4604.5,2778
2026-04-29 06:30:00+00:00,4598.10009765625,4601.39990234375,4594.7998046875,4599.39990234375,1322
2026-04-29 07:00:00+00:00,4589.60009765625,4603.2001953125,4583.5,4598.10009765625,2944
2026-04-29 07:30:00+00:00,4581.39990234375,4593.10009765625,4580.5,4589.5,3178
2026-04-29 08:00:00+00:00,4579.5,4586.7001953125,4577.7998046875,4581.60009765625,2344
2026-04-29 08:30:00+00:00,4586.10009765625,4590.0,4570.5,4579.10009765625,2769
2026-04-29 09:00:00+00:00,4578.7998046875,4594.2998046875,4578.7998046875,4586.5,2447
2026-04-29 09:30:00+00:00,4568.2998046875,4582.7998046875,4564.5,4578.7001953125,3879
2026-04-29 10:00:00+00:00,4584.89990234375,4586.5,4567.60009765625,4568.10009765625,2201
2026-04-29 10:30:00+00:00,4582.7001953125,4589.5,4576.7001953125,4585.7998046875,1783
2026-04-29 11:00:00+00:00,4577.60009765625,4585.60009765625,4576.7998046875,4583.0,1351
2026-04-29 11:30:00+00:00,4574.7001953125,4585.0,4571.89990234375,4577.39990234375,1714
2026-04-29 12:00:00+00:00,4572.60009765625,4582.10009765625,4572.10009765625,4574.2001953125,1937
2026-04-29 12:30:00+00:00,4557.39990234375,4573.2001953125,4552.89990234375,4572.39990234375,4731
2026-04-29 13:00:00+00:00,4550.7998046875,4566.0,4546.7998046875,4558.39990234375,5059
2026-04-29 13:30:00+00:00,4534.7001953125,4552.7001953125,4522.2001953125,4550.7998046875,10582
2026-04-29 14:00:00+00:00,4545.89990234375,4550.2001953125,4530.2998046875,4534.7001953125,7412
2026-04-29 14:30:00+00:00,4551.89990234375,4556.39990234375,4543.39990234375,4545.7001953125,3936
2026-04-29 15:00:00+00:00,4556.39990234375,4560.0,4548.60009765625,4551.89990234375,4561
2026-04-29 15:30:00+00:00,4560.2001953125,4572.0,4552.60009765625,4556.0,6350
2026-04-29 16:00:00+00:00,4573.60009765625,4578.2998046875,4560.0,4560.60009765625,4200
2026-04-29 16:30:00+00:00,4559.0,4573.5,4557.2001953125,4573.2998046875,3552
2026-04-29 17:00:00+00:00,4561.0,4568.5,4556.7001953125,4559.39990234375,4626
2026-04-29 17:30:00+00:00,4561.7998046875,4562.7001953125,4555.89990234375,4560.89990234375,2036
2026-04-29 18:00:00+00:00,4547.5,4567.0,4539.10009765625,4561.2001953125,4983
2026-04-29 18:30:00+00:00,4552.7001953125,4555.60009765625,4532.0,4547.60009765625,4778
2026-04-29 19:00:00+00:00,4556.7998046875,4565.0,4547.39990234375,4553.10009765625,2505
2026-04-29 19:30:00+00:00,4560.7998046875,4563.60009765625,4551.5,4556.5,2295
2026-04-29 20:00:00+00:00,4556.7001953125,4567.2998046875,4555.0,4561.2001953125,2029
2026-04-29 20:30:00+00:00,4557.2998046875,4560.39990234375,4555.2001953125,4556.7998046875,361
2026-04-29 22:00:00+00:00,4560.7001953125,4562.7998046875,4550.7998046875,4557.0,514
2026-04-29 22:30:00+00:00,4563.60009765625,4564.89990234375,4559.2998046875,4560.2001953125,352
2026-04-29 23:00:00+00:00,4563.7001953125,4566.89990234375,4561.60009765625,4564.5,337
2026-04-29 23:30:00+00:00,4573.7998046875,4574.2001953125,4563.2998046875,4563.2998046875,536
2026-04-30 00:00:00+00:00,4575.89990234375,4581.5,4568.2001953125,4573.60009765625,2105
2026-04-30 00:30:00+00:00,4582.0,4586.2998046875,4574.5,4576.0,1242
2026-04-30 01:00:00+00:00,4591.39990234375,4592.7998046875,4576.39990234375,4581.7001953125,1624
2026-04-30 01:30:00+00:00,4590.7998046875,4594.10009765625,4582.7001953125,4592.60009765625,1846
2026-04-30 02:00:00+00:00,4584.39990234375,4593.7998046875,4583.0,4591.10009765625,1365
2026-04-30 02:30:00+00:00,4576.39990234375,4585.7998046875,4571.10009765625,4584.39990234375,2187
2026-04-30 03:00:00+00:00,4574.7001953125,4581.0,4573.89990234375,4576.39990234375,959
2026-04-30 03:30:00+00:00,4567.89990234375,4575.2001953125,4566.89990234375,4575.10009765625,1292
2026-04-30 04:00:00+00:00,4558.89990234375,4568.0,4557.10009765625,4567.39990234375,1126
2026-04-30 04:30:00+00:00,4553.2001953125,4560.7001953125,4552.2001953125,4558.39990234375,1517
2026-04-30 05:00:00+00:00,4566.5,4570.2001953125,4553.0,4553.7001953125,1086
2026-04-30 05:30:00+00:00,4573.7001953125,4581.0,4564.89990234375,4567.10009765625,1661
2026-04-30 06:00:00+00:00,4581.7001953125,4582.7998046875,4570.89990234375,4573.7001953125,2792
2026-04-30 06:30:00+00:00,4601.60009765625,4603.7001953125,4581.2998046875,4581.2998046875,3840
2026-04-30 07:00:00+00:00,4603.60009765625,4608.0,4596.5,4601.7998046875,2983
2026-04-30 07:30:00+00:00,4610.60009765625,4617.2998046875,4599.7001953125,4603.7998046875,3546
2026-04-30 08:00:00+00:00,4629.60009765625,4641.39990234375,4609.2001953125,4610.5,5643
2026-04-30 08:30:00+00:00,4628.39990234375,4632.89990234375,4625.60009765625,4629.2001953125,2220
2026-04-30 09:00:00+00:00,4637.5,4638.89990234375,4626.2998046875,4628.7001953125,2155
2026-04-30 09:30:00+00:00,4637.2001953125,4644.60009765625,4629.7998046875,4637.5,4217
2026-04-30 10:00:00+00:00,4655.60009765625,4656.5,4635.5,4637.2001953125,3031
2026-04-30 10:30:00+00:00,4651.7001953125,4658.7998046875,4645.7001953125,4655.5,3086
2026-04-30 11:00:00+00:00,4650.7001953125,4658.0,4642.7998046875,4651.89990234375,4630
2026-04-30 11:30:00+00:00,4643.0,4651.0,4639.5,4650.39990234375,3609
2026-04-30 12:00:00+00:00,4643.89990234375,4650.39990234375,4641.10009765625,4643.2998046875,3601
2026-04-30 12:30:00+00:00,4652.39990234375,4652.7001953125,4635.0,4643.5,3835
2026-04-30 13:00:00+00:00,4646.10009765625,4658.60009765625,4645.7001953125,4652.5,4486
2026-04-30 13:30:00+00:00,4623.10009765625,4647.7998046875,4622.39990234375,4645.89990234375,6060
2026-04-30 14:00:00+00:00,4635.39990234375,4638.7001953125,4621.2998046875,4623.2001953125,5342
2026-04-30 14:30:00+00:00,4632.5,4636.5,4622.60009765625,4634.60009765625,4116
2026-04-30 15:00:00+00:00,4635.60009765625,4637.10009765625,4627.5,4633.2998046875,2575
2026-04-30 15:30:00+00:00,4628.10009765625,4637.7998046875,4623.7001953125,4635.2998046875,2427
2026-04-30 16:00:00+00:00,4620.60009765625,4630.60009765625,4618.0,4628.2001953125,2067
2026-04-30 16:30:00+00:00,4620.39990234375,4631.10009765625,4618.39990234375,4620.5,4420
2026-04-30 17:00:00+00:00,4630.89990234375,4633.89990234375,4620.7998046875,4620.89990234375,4700
2026-04-30 17:30:00+00:00,4629.7998046875,4635.0,4627.7001953125,4630.7001953125,1717
2026-04-30 18:00:00+00:00,4633.5,4638.5,4629.60009765625,4630.0,1865
2026-04-30 18:30:00+00:00,4635.39990234375,4638.2998046875,4632.0,4634.0,1106
2026-04-30 19:00:00+00:00,4630.5,4640.2998046875,4630.0,4635.5,1242
2026-04-30 19:30:00+00:00,4630.0,4636.60009765625,4627.7001953125,4631.5,1566
2026-04-30 20:00:00+00:00,4629.60009765625,4633.5,4628.7998046875,4630.39990234375,772
2026-04-30 20:30:00+00:00,4636.0,4636.0,4628.2998046875,4629.5,466
2026-04-30 22:00:00+00:00,4643.89990234375,4652.0,4636.89990234375,4636.89990234375,417
2026-04-30 22:30:00+00:00,4642.7001953125,4644.7998046875,4639.2998046875,4644.60009765625,730
2026-04-30 23:00:00+00:00,4643.2001953125,4644.60009765625,4640.7001953125,4643.2001953125,499
2026-04-30 23:30:00+00:00,4638.89990234375,4646.7998046875,4638.7998046875,4643.5,661
2026-05-01 00:00:00+00:00,4635.7998046875,4643.5,4632.7998046875,4639.0,813
2026-05-01 00:30:00+00:00,4631.7998046875,4637.39990234375,4630.5,4635.7998046875,601
2026-05-01 01:00:00+00:00,4628.2001953125,4633.2001953125,4625.89990234375,4631.60009765625,889
2026-05-01 01:30:00+00:00,4632.60009765625,4634.10009765625,4627.7001953125,4628.39990234375,815
2026-05-01 02:00:00+00:00,4641.10009765625,4648.10009765625,4631.5,4632.60009765625,1395
2026-05-01 02:30:00+00:00,4630.5,4642.7001953125,4628.0,4641.60009765625,1213
2026-05-01 03:00:00+00:00,4637.7001953125,4638.2998046875,4628.89990234375,4630.10009765625,770
2026-05-01 03:30:00+00:00,4638.60009765625,4643.5,4636.7998046875,4638.0,885
2026-05-01 04:00:00+00:00,4628.89990234375,4640.2998046875,4628.60009765625,4637.7998046875,1054
2026-05-01 04:30:00+00:00,4620.39990234375,4629.89990234375,4620.2998046875,4628.89990234375,1455
2026-05-01 05:00:00+00:00,4626.0,4628.2001953125,4618.5,4620.7001953125,844
2026-05-01 05:30:00+00:00,4616.2001953125,4626.60009765625,4614.10009765625,4626.10009765625,1113
2026-05-01 06:00:00+00:00,4605.2998046875,4619.39990234375,4604.7998046875,4616.2001953125,1745
2026-05-01 06:30:00+00:00,4606.7998046875,4609.2001953125,4602.2001953125,4605.39990234375,1375
2026-05-01 07:00:00+00:00,4603.7998046875,4609.7001953125,4596.7001953125,4606.0,2551
2026-05-01 07:30:00+00:00,4589.5,4603.89990234375,4586.7998046875,4603.89990234375,2006
2026-05-01 08:00:00+00:00,4579.0,4594.0,4578.0,4589.7001953125,2013
2026-05-01 08:30:00+00:00,4580.2998046875,4583.89990234375,4575.89990234375,4578.5,1528
2026-05-01 09:00:00+00:00,4580.39990234375,4582.2998046875,4575.2001953125,4580.10009765625,1293
2026-05-01 09:30:00+00:00,4573.60009765625,4584.0,4570.0,4579.89990234375,1928
2026-05-01 10:00:00+00:00,4583.10009765625,4583.60009765625,4572.39990234375,4573.7001953125,1044
2026-05-01 10:30:00+00:00,4577.89990234375,4587.39990234375,4576.89990234375,4582.89990234375,1160
2026-05-01 11:00:00+00:00,4582.7998046875,4587.5,4573.0,4577.7998046875,1350
2026-05-01 11:30:00+00:00,4590.0,4590.60009765625,4581.2998046875,4582.60009765625,1334
2026-05-01 12:00:00+00:00,4614.2001953125,4619.2998046875,4586.0,4589.5,4509
2026-05-01 12:30:00+00:00,4602.10009765625,4614.7001953125,4600.10009765625,4614.5,3237
2026-05-01 13:00:00+00:00,4600.2001953125,4608.10009765625,4596.89990234375,4601.60009765625,2133
2026-05-01 13:30:00+00:00,4637.5,4640.89990234375,4597.2998046875,4600.2998046875,6090
2026-05-01 14:00:00+00:00,4656.2998046875,4673.0,4635.7998046875,4636.89990234375,10611
2026-05-01 14:30:00+00:00,4643.60009765625,4657.89990234375,4638.7998046875,4656.5,5001
2026-05-01 15:00:00+00:00,4647.2998046875,4652.0,4630.39990234375,4644.0,4532
2026-05-01 15:30:00+00:00,4654.39990234375,4659.2001953125,4643.5,4647.7998046875,4032
2026-05-01 16:00:00+00:00,4649.0,4661.2998046875,4648.89990234375,4654.0,2542
2026-05-01 16:30:00+00:00,4650.60009765625,4654.7998046875,4644.89990234375,4649.2001953125,1848
2026-05-01 17:00:00+00:00,4643.39990234375,4654.5,4642.5,4650.2001953125,3522
2026-05-01 17:30:00+00:00,4641.2998046875,4646.89990234375,4638.39990234375,4643.39990234375,1984
2026-05-01 18:00:00+00:00,4635.5,4642.7998046875,4625.2998046875,4641.7001953125,2141
2026-05-01 18:30:00+00:00,4636.10009765625,4637.7998046875,4627.7998046875,4635.39990234375,1278
2026-05-01 19:00:00+00:00,4636.2998046875,4639.60009765625,4632.5,4636.2001953125,610
2026-05-01 19:30:00+00:00,4623.0,4636.2998046875,4621.0,4636.2998046875,2140
2026-05-01 20:00:00+00:00,4625.2998046875,4628.2001953125,4619.0,4623.0,828
2026-05-01 20:30:00+00:00,4644.5,4644.5,4621.89990234375,4625.10009765625,728
2026-05-03 22:00:00+00:00,4632.2998046875,4635.39990234375,4623.5,4633.2998046875,755
2026-05-03 22:30:00+00:00,4630.7001953125,4640.89990234375,4629.60009765625,4632.2001953125,715
2026-05-03 23:00:00+00:00,4628.2001953125,4632.39990234375,4622.39990234375,4630.0,553
2026-05-03 23:30:00+00:00,4625.0,4630.0,4622.89990234375,4628.10009765625,472
2026-05-04 00:00:00+00:00,4617.0,4627.89990234375,4612.5,4624.7998046875,1314
2026-05-04 00:30:00+00:00,4623.60009765625,4625.0,4616.0,4617.2998046875,713
2026-05-04 01:00:00+00:00,4605.7001953125,4625.39990234375,4605.39990234375,4624.7001953125,1326
2026-05-04 01:30:00+00:00,4624.2001953125,4624.89990234375,4603.7998046875,4605.39990234375,893
2026-05-04 02:00:00+00:00,4603.7998046875,4629.89990234375,4602.5,4624.0,1545
2026-05-04 02:30:00+00:00,4616.89990234375,4622.10009765625,4602.0,4603.7998046875,1285
2026-05-04 03:00:00+00:00,4620.89990234375,4623.0,4615.2998046875,4616.60009765625,809
2026-05-04 03:30:00+00:00,4627.7998046875,4627.89990234375,4609.60009765625,4620.39990234375,1584
2026-05-04 04:00:00+00:00,4619.2001953125,4626.5,4618.0,4626.5,931
2026-05-04 04:30:00+00:00,4616.60009765625,4624.2001953125,4615.7998046875,4619.2001953125,856
2026-05-04 05:00:00+00:00,4607.2998046875,4624.0,4606.39990234375,4616.0,1713
2026-05-04 05:30:00+00:00,4610.2001953125,4613.2001953125,4603.2998046875,4607.5,1267
2026-05-04 06:00:00+00:00,4605.2001953125,4611.89990234375,4598.89990234375,4610.10009765625,1579
2026-05-04 06:30:00+00:00,4599.7001953125,4606.7998046875,4594.5,4605.39990234375,1435
2026-05-04 07:00:00+00:00,4596.7001953125,4604.39990234375,4594.0,4599.2001953125,1175
2026-05-04 07:30:00+00:00,4589.7001953125,4601.89990234375,4588.60009765625,4596.7001953125,1311
2026-05-04 08:00:00+00:00,4586.10009765625,4592.10009765625,4584.7998046875,4589.89990234375,1905
2026-05-04 08:30:00+00:00,4587.5,4592.60009765625,4584.5,4585.89990234375,990
2026-05-04 09:00:00+00:00,4592.10009765625,4595.2998046875,4587.10009765625,4587.89990234375,979
2026-05-04 09:30:00+00:00,4586.0,4595.2998046875,4582.0,4592.2001953125,1050
2026-05-04 10:00:00+00:00,4555.60009765625,4586.89990234375,4535.0,4586.60009765625,8546
2026-05-04 10:30:00+00:00,4573.2001953125,4577.2001953125,4553.39990234375,4555.0,4077
2026-05-04 11:00:00+00:00,4573.2998046875,4581.7998046875,4571.7001953125,4573.5,2036
2026-05-04 11:30:00+00:00,4571.10009765625,4574.0,4562.39990234375,4572.7998046875,2930
2026-05-04 12:00:00+00:00,4579.7001953125,4590.39990234375,4570.39990234375,4571.2998046875,3250
2026-05-04 12:30:00+00:00,4579.2998046875,4586.5,4571.7998046875,4579.2998046875,2284
2026-05-04 13:00:00+00:00,4571.39990234375,4588.10009765625,4568.0,4579.60009765625,3278
2026-05-04 13:30:00+00:00,4575.0,4581.60009765625,4566.2998046875,4572.0,3545
2026-05-04 14:00:00+00:00,4582.89990234375,4593.60009765625,4564.39990234375,4574.89990234375,4520
2026-05-04 14:30:00+00:00,4572.7001953125,4594.7001953125,4570.60009765625,4582.39990234375,3512
2026-05-04 15:00:00+00:00,4548.10009765625,4577.89990234375,4524.2998046875,4572.7001953125,10627
2026-05-04 15:30:00+00:00,4531.60009765625,4553.7998046875,4520.60009765625,4548.7001953125,7686
2026-05-04 16:00:00+00:00,4525.39990234375,4537.10009765625,4510.10009765625,4531.39990234375,9663
2026-05-04 16:30:00+00:00,4520.39990234375,4529.39990234375,4517.2001953125,4525.2998046875,3477
2026-05-04 17:00:00+00:00,4534.10009765625,4541.7998046875,4520.89990234375,4521.10009765625,5654
2026-05-04 17:30:00+00:00,4532.5,4537.60009765625,4531.60009765625,4534.10009765625,1601
2026-05-04 18:00:00+00:00,4522.0,4535.2001953125,4519.7001953125,4532.89990234375,1746
2026-05-04 18:30:00+00:00,4526.2998046875,4526.2998046875,4520.39990234375,4522.10009765625,1298
2026-05-04 19:00:00+00:00,4531.89990234375,4535.7001953125,4521.0,4525.89990234375,2783
2026-05-04 19:30:00+00:00,4527.60009765625,4536.89990234375,4525.10009765625,4532.5,1970
2026-05-04 20:00:00+00:00,4524.7001953125,4528.0,4521.2998046875,4527.5,882
2026-05-04 20:30:00+00:00,4532.39990234375,4533.89990234375,4524.7001953125,4525.5,875
2026-05-04 22:00:00+00:00,4529.5,4535.89990234375,4527.60009765625,4534.0,408
2026-05-04 22:30:00+00:00,4527.0,4532.10009765625,4524.7998046875,4529.39990234375,404
2026-05-04 23:00:00+00:00,4530.2998046875,4531.0,4525.7001953125,4526.7998046875,511
2026-05-04 23:30:00+00:00,4528.10009765625,4530.7998046875,4526.0,4530.2001953125,321
2026-05-05 00:00:00+00:00,4526.39990234375,4537.89990234375,4522.7001953125,4528.60009765625,1679
2026-05-05 00:30:00+00:00,4538.89990234375,4540.10009765625,4525.2998046875,4525.7001953125,1066
2026-05-05 01:00:00+00:00,4546.89990234375,4549.2001953125,4534.5,4538.89990234375,1711
2026-05-05 01:30:00+00:00,4550.39990234375,4551.5,4543.2998046875,4547.2998046875,1012
2026-05-05 02:00:00+00:00,4551.10009765625,4552.0,4544.0,4550.5,906
2026-05-05 02:30:00+00:00,4548.2001953125,4556.39990234375,4548.0,4550.7998046875,1392
2026-05-05 03:00:00+00:00,4547.39990234375,4551.7001953125,4546.2998046875,4548.10009765625,692
2026-05-05 03:30:00+00:00,4544.7001953125,4548.39990234375,4541.39990234375,4547.0,785
2026-05-05 04:00:00+00:00,4539.0,4544.7998046875,4538.2998046875,4543.5,835
2026-05-05 04:30:00+00:00,4543.0,4545.7998046875,4537.0,4538.7998046875,814
2026-05-05 05:00:00+00:00,4549.2001953125,4554.7998046875,4540.39990234375,4543.0,1051
2026-05-05 05:30:00+00:00,4555.2998046875,4561.2001953125,4549.10009765625,4549.2001953125,1748
2026-05-05 06:00:00+00:00,4546.39990234375,4561.5,4543.2001953125,4555.2998046875,1965
2026-05-05 06:30:00+00:00,4557.5,4560.5,4546.0,4546.10009765625,1350
2026-05-05 07:00:00+00:00,4558.7001953125,4565.5,4557.2001953125,4557.89990234375,1486
2026-05-05 07:30:00+00:00,4555.39990234375,4568.10009765625,4553.2998046875,4558.7001953125,1818
2026-05-05 08:00:00+00:00,4560.7998046875,4564.5,4555.2001953125,4555.39990234375,1208
2026-05-05 08:30:00+00:00,4568.2001953125,4569.39990234375,4557.60009765625,4561.10009765625,2040
2026-05-05 09:00:00+00:00,4562.60009765625,4570.5,4562.5,4568.60009765625,1691
2026-05-05 09:30:00+00:00,4566.5,4568.2001953125,4561.10009765625,4562.60009765625,1814
2026-05-05 10:00:00+00:00,4558.10009765625,4567.2001953125,4557.2998046875,4566.7001953125,1140
2026-05-05 10:30:00+00:00,4554.10009765625,4564.5,4550.0,4558.7001953125,1646
2026-05-05 11:00:00+00:00,4566.5,4567.7998046875,4550.10009765625,4554.0,1730
2026-05-05 11:30:00+00:00,4572.89990234375,4575.5,4565.5,4566.2001953125,2136
2026-05-05 12:00:00+00:00,4584.10009765625,4585.2001953125,4564.2001953125,4572.7001953125,4355
2026-05-05 12:30:00+00:00,4574.7001953125,4585.39990234375,4572.0,4584.39990234375,2308
2026-05-05 13:00:00+00:00,4586.60009765625,4596.2001953125,4575.0,4575.0,6322
2026-05-05 13:30:00+00:00,4589.7998046875,4594.0,4582.10009765625,4587.39990234375,3338
2026-05-05 14:00:00+00:00,4594.89990234375,4597.5,4576.39990234375,4590.2998046875,7913
2026-05-05 14:30:00+00:00,4593.2998046875,4596.7998046875,4586.2998046875,4595.0,3341
2026-05-05 15:00:00+00:00,4590.39990234375,4595.10009765625,4586.10009765625,4593.60009765625,2332
2026-05-05 15:30:00+00:00,4579.39990234375,4592.2001953125,4579.2998046875,4590.2998046875,2044
2026-05-05 16:00:00+00:00,4570.89990234375,4579.89990234375,4567.2001953125,4579.39990234375,3691
2026-05-05 16:30:00+00:00,4572.10009765625,4573.7001953125,4564.60009765625,4571.0,2652
2026-05-05 17:00:00+00:00,4568.89990234375,4573.5,4563.7998046875,4571.7001953125,3744
2026-05-05 17:30:00+00:00,4570.2998046875,4573.60009765625,4566.39990234375,4569.2001953125,1342
2026-05-05 18:00:00+00:00,4572.89990234375,4576.2001953125,4569.10009765625,4570.5,1239
2026-05-05 18:30:00+00:00,4571.7001953125,4576.5,4568.0,4573.0,1152
2026-05-05 19:00:00+00:00,4567.0,4572.0,4565.5,4571.60009765625,909
2026-05-05 19:30:00+00:00,4566.0,4569.7001953125,4562.2998046875,4567.10009765625,1603
2026-05-05 20:00:00+00:00,4570.10009765625,4570.60009765625,4564.89990234375,4566.0,519
2026-05-05 20:30:00+00:00,4567.7998046875,4570.7998046875,4565.10009765625,4570.0,443
2026-05-05 22:00:00+00:00,4556.89990234375,4570.5,4556.10009765625,4569.2998046875,649
2026-05-05 22:30:00+00:00,4583.2001953125,4587.2001953125,4556.10009765625,4556.89990234375,1945
2026-05-05 23:00:00+00:00,4592.10009765625,4601.39990234375,4579.39990234375,4583.5,2081
2026-05-05 23:30:00+00:00,4604.5,4606.2001953125,4589.5,4592.0,1252
2026-05-06 00:00:00+00:00,4612.7998046875,4614.7001953125,4598.2998046875,4604.10009765625,2119
2026-05-06 00:30:00+00:00,4629.7998046875,4631.2001953125,4612.7001953125,4612.7001953125,2600
2026-05-06 01:00:00+00:00,4635.7998046875,4636.5,4620.39990234375,4629.89990234375,3385
2026-05-06 01:30:00+00:00,4636.39990234375,4639.7998046875,4631.2998046875,4635.7001953125,2128
2026-05-06 02:00:00+00:00,4640.5,4646.60009765625,4635.7998046875,4636.2001953125,2122
2026-05-06 02:30:00+00:00,4650.60009765625,4651.7998046875,4636.7998046875,4640.39990234375,2600
2026-05-06 03:00:00+00:00,4655.39990234375,4660.89990234375,4648.0,4650.60009765625,2690
2026-05-06 03:30:00+00:00,4653.5,4662.0,4652.2998046875,4655.2998046875,1996
2026-05-06 04:00:00+00:00,4663.2998046875,4664.39990234375,4653.2998046875,4653.60009765625,1701
2026-05-06 04:30:00+00:00,4660.0,4663.89990234375,4656.60009765625,4663.0,1735
2026-05-06 05:00:00+00:00,4661.2001953125,4667.5,4660.0,4660.0,1830
2026-05-06 05:30:00+00:00,4673.89990234375,4674.7998046875,4655.60009765625,4661.39990234375,3193
2026-05-06 06:00:00+00:00,4676.7001953125,4677.5,4667.7998046875,4673.89990234375,2620
2026-05-06 06:30:00+00:00,4679.5,4680.2001953125,4670.5,4676.7998046875,2750
2026-05-06 07:00:00+00:00,4677.7001953125,4681.39990234375,4668.5,4679.7998046875,4391
2026-05-06 07:30:00+00:00,4692.39990234375,4693.2001953125,4673.2001953125,4677.7998046875,4567
2026-05-06 08:00:00+00:00,4688.60009765625,4693.89990234375,4686.5,4692.7001953125,2852
2026-05-06 08:30:00+00:00,4712.0,4714.2998046875,4682.7998046875,4688.60009765625,6605
2026-05-06 09:00:00+00:00,4710.89990234375,4720.2001953125,4699.7001953125,4712.0,8012
2026-05-06 09:30:00+00:00,4713.39990234375,4717.2998046875,4705.60009765625,4710.5,3791
2026-05-06 10:00:00+00:00,4716.0,4717.39990234375,4707.39990234375,4713.2998046875,2919
2026-05-06 10:30:00+00:00,4729.60009765625,4734.60009765625,4715.7998046875,4716.0,6830
2026-05-06 11:00:00+00:00,4717.0,4732.7001953125,4717.0,4729.39990234375,4270
2026-05-06 11:30:00+00:00,4703.2998046875,4726.7998046875,4702.0,4717.2001953125,5147
2026-05-06 12:00:00+00:00,4694.60009765625,4704.7998046875,4671.0,4703.2998046875,9934
2026-05-06 12:30:00+00:00,4694.39990234375,4697.5,4687.7998046875,4694.60009765625,3944
2026-05-06 13:00:00+00:00,4695.7001953125,4703.39990234375,4679.5,4694.10009765625,6491
2026-05-06 13:30:00+00:00,4713.5,4719.2001953125,4691.2001953125,4695.7001953125,7080
2026-05-06 14:00:00+00:00,4717.0,4728.7001953125,4708.7998046875,4713.39990234375,8322
2026-05-06 14:30:00+00:00,4714.2001953125,4726.0,4711.7998046875,4717.2001953125,3465
2026-05-06 15:00:00+00:00,4706.5,4717.2998046875,4704.89990234375,4714.2001953125,3152
2026-05-06 15:30:00+00:00,4699.2998046875,4709.2998046875,4699.2001953125,4707.10009765625,2871
2026-05-06 16:00:00+00:00,4699.39990234375,4700.10009765625,4692.89990234375,4699.0,2515
2026-05-06 16:30:00+00:00,4694.0,4703.5,4690.60009765625,4699.2998046875,2667
2026-05-06 17:00:00+00:00,4693.7998046875,4699.10009765625,4690.60009765625,4693.89990234375,4549
2026-05-06 17:30:00+00:00,4694.7998046875,4695.5,4689.7998046875,4693.7001953125,1938
2026-05-06 18:00:00+00:00,4698.39990234375,4701.2998046875,4692.7001953125,4695.10009765625,1871
2026-05-06 18:30:00+00:00,4696.7998046875,4701.0,4695.60009765625,4698.60009765625,1261
2026-05-06 19:00:00+00:00,4709.2001953125,4711.2998046875,4697.10009765625,4697.10009765625,1719
2026-05-06 19:30:00+00:00,4703.0,4710.10009765625,4702.7998046875,4709.2001953125,2046
2026-05-06 20:00:00+00:00,4703.2998046875,4710.39990234375,4702.60009765625,4703.5,1203
2026-05-06 20:30:00+00:00,4703.10009765625,4703.89990234375,4695.7998046875,4703.7001953125,922
2026-05-06 22:00:00+00:00,4704.7001953125,4709.2001953125,4698.0,4702.2001953125,722
2026-05-06 22:30:00+00:00,4704.10009765625,4708.7998046875,4703.39990234375,4704.39990234375,613
2026-05-06 23:00:00+00:00,4702.39990234375,4707.7998046875,4699.2998046875,4703.7001953125,825
2026-05-06 23:30:00+00:00,4708.2001953125,4708.89990234375,4700.7001953125,4702.2001953125,561
2026-05-07 00:00:00+00:00,4701.5,4710.39990234375,4698.7998046875,4708.2998046875,1076
2026-05-07 00:30:00+00:00,4697.60009765625,4702.0,4694.2001953125,4701.60009765625,1392
2026-05-07 01:00:00+00:00,4713.2998046875,4725.7001953125,4694.0,4697.39990234375,3821
2026-05-07 01:30:00+00:00,4723.7001953125,4730.5,4711.2001953125,4713.2998046875,2741
2026-05-07 02:00:00+00:00,4710.7001953125,4727.2998046875,4710.10009765625,4723.39990234375,1596
2026-05-07 02:30:00+00:00,4716.0,4718.60009765625,4708.2001953125,4710.7001953125,967
2026-05-07 03:00:00+00:00,4713.0,4718.60009765625,4712.39990234375,4715.2001953125,689
2026-05-07 03:30:00+00:00,4709.0,4713.60009765625,4708.89990234375,4713.0,721
2026-05-07 04:00:00+00:00,4705.39990234375,4709.5,4703.2001953125,4707.7001953125,1456
2026-05-07 04:30:00+00:00,4705.10009765625,4707.7998046875,4700.39990234375,4705.2001953125,882
2026-05-07 05:00:00+00:00,4704.5,4709.7998046875,4703.10009765625,4705.0,753
2026-05-07 05:30:00+00:00,4709.39990234375,4715.39990234375,4703.2998046875,4704.39990234375,1556
2026-05-07 06:00:00+00:00,4726.0,4727.0,4709.5,4709.5,1894
2026-05-07 06:30:00+00:00,4748.60009765625,4759.39990234375,4724.7998046875,4725.7998046875,5974
2026-05-07 07:00:00+00:00,4749.2001953125,4760.5,4741.0,4747.7998046875,4001
2026-05-07 07:30:00+00:00,4752.5,4754.39990234375,4746.89990234375,4749.60009765625,2030
2026-05-07 08:00:00+00:00,4749.2998046875,4763.60009765625,4742.7001953125,4753.2001953125,4349
2026-05-07 08:30:00+00:00,4741.10009765625,4752.0,4740.89990234375,4750.2998046875,2311
2026-05-07 09:00:00+00:00,4745.39990234375,4748.7001953125,4732.0,4741.39990234375,3048
2026-05-07 09:30:00+00:00,4738.39990234375,4749.0,4735.2998046875,4745.2001953125,2394
2026-05-07 10:00:00+00:00,4741.89990234375,4745.7001953125,4736.0,4738.10009765625,1378
2026-05-07 10:30:00+00:00,4745.0,4749.60009765625,4737.39990234375,4741.7001953125,1650
2026-05-07 11:00:00+00:00,4742.10009765625,4746.5,4736.39990234375,4745.39990234375,1768
2026-05-07 11:30:00+00:00,4752.0,4753.0,4741.5,4741.89990234375,2371
2026-05-07 12:00:00+00:00,4747.5,4756.60009765625,4741.7001953125,4752.10009765625,4077
2026-05-07 12:30:00+00:00,4760.10009765625,4762.7001953125,4746.2998046875,4748.39990234375,4327
2026-05-07 13:00:00+00:00,4754.7998046875,4760.2001953125,4741.0,4760.2001953125,4808
2026-05-07 13:30:00+00:00,4756.5,4768.5,4747.2998046875,4754.60009765625,6772
2026-05-07 14:00:00+00:00,4766.60009765625,4769.89990234375,4751.10009765625,4756.0,6474
2026-05-07 14:30:00+00:00,4773.2998046875,4774.0,4757.7001953125,4767.0,6796
2026-05-07 15:00:00+00:00,4764.60009765625,4775.2001953125,4763.2998046875,4773.39990234375,5124
2026-05-07 15:30:00+00:00,4739.10009765625,4757.2001953125,4694.2998046875,4694.2998046875,7781
2026-05-07 16:00:00+00:00,4729.89990234375,4739.89990234375,4712.60009765625,4739.2998046875,8756
2026-05-07 16:30:00+00:00,4724.7998046875,4730.7998046875,4720.2001953125,4729.89990234375,2950
2026-05-07 17:00:00+00:00,4708.5,4729.5,4696.60009765625,4725.0,18825
2026-05-07 17:30:00+00:00,4721.10009765625,4722.10009765625,4702.89990234375,4708.5,6199
2026-05-07 18:00:00+00:00,4722.60009765625,4722.60009765625,4714.89990234375,4721.0,2599
2026-05-07 18:30:00+00:00,4719.10009765625,4725.5,4704.60009765625,4722.2001953125,3964
2026-05-07 19:00:00+00:00,4714.0,4722.5,4707.0,4719.60009765625,2034
2026-05-07 19:30:00+00:00,4712.89990234375,4721.60009765625,4712.2001953125,4714.5,2178
2026-05-07 20:00:00+00:00,4723.39990234375,4729.10009765625,4713.0,4713.0,1660
2026-05-07 20:30:00+00:00,4696.0,4725.7001953125,4693.2998046875,4722.7998046875,2408
2026-05-07 22:00:00+00:00,4702.7001953125,4708.5,4671.0,4682.5,1794
2026-05-07 22:30:00+00:00,4694.89990234375,4704.39990234375,4690.60009765625,4703.0,1134
2026-05-07 23:00:00+00:00,4705.39990234375,4707.2001953125,4693.89990234375,4694.39990234375,867
2026-05-07 23:30:00+00:00,4713.2001953125,4714.39990234375,4703.2998046875,4705.60009765625,762
2026-05-08 00:00:00+00:00,4705.7998046875,4718.5,4702.7001953125,4713.39990234375,1391
2026-05-08 00:30:00+00:00,4710.0,4716.7998046875,4705.0,4706.60009765625,1021
2026-05-08 01:00:00+00:00,4721.0,4728.2001953125,4709.10009765625,4710.10009765625,1959
2026-05-08 01:30:00+00:00,4731.2001953125,4734.2998046875,4713.2998046875,4721.60009765625,2508
2026-05-08 02:00:00+00:00,4729.7001953125,4741.39990234375,4726.60009765625,4731.10009765625,1676
2026-05-08 02:30:00+00:00,4721.7001953125,4731.7001953125,4715.39990234375,4730.0,1821
2026-05-08 03:00:00+00:00,4728.10009765625,4731.2001953125,4719.2998046875,4721.60009765625,876
2026-05-08 03:30:00+00:00,4729.0,4739.7998046875,4726.7001953125,4728.5,1376
2026-05-08 04:00:00+00:00,4725.89990234375,4731.89990234375,4722.0,4728.60009765625,1018
2026-05-08 04:30:00+00:00,4719.39990234375,4726.7001953125,4716.60009765625,4726.39990234375,1193
2026-05-08 05:00:00+00:00,4728.0,4728.89990234375,4718.2998046875,4719.60009765625,611
2026-05-08 05:30:00+00:00,4736.0,4740.0,4728.2001953125,4728.2001953125,1536
2026-05-08 06:00:00+00:00,4742.2998046875,4743.5,4721.10009765625,4736.5,2493
2026-05-08 06:30:00+00:00,4734.2998046875,4742.89990234375,4729.39990234375,4742.39990234375,1451
2026-05-08 07:00:00+00:00,4715.89990234375,4734.89990234375,4706.2001953125,4734.0,4106
2026-05-08 07:30:00+00:00,4717.39990234375,4722.60009765625,4710.5,4715.7998046875,2164
2026-05-08 08:00:00+00:00,4726.39990234375,4732.2998046875,4715.89990234375,4717.2001953125,1677
2026-05-08 08:30:00+00:00,4724.7998046875,4732.89990234375,4724.5,4726.2001953125,935
2026-05-08 09:00:00+00:00,4727.60009765625,4732.5,4723.10009765625,4725.39990234375,1305
2026-05-08 09:30:00+00:00,4721.60009765625,4728.2998046875,4716.89990234375,4727.5,1965
2026-05-08 10:00:00+00:00,4730.89990234375,4733.60009765625,4720.7001953125,4721.39990234375,977
2026-05-08 10:30:00+00:00,4729.39990234375,4737.7998046875,4725.2001953125,4730.60009765625,1615
2026-05-08 11:00:00+00:00,4734.2001953125,4737.0,4728.5,4730.10009765625,2166
2026-05-08 11:30:00+00:00,4727.5,4735.89990234375,4723.2001953125,4734.0,1340
2026-05-08 12:00:00+00:00,4720.0,4729.10009765625,4712.2001953125,4727.5,3116
2026-05-08 12:30:00+00:00,4734.10009765625,4741.60009765625,4709.60009765625,4720.0,7494
2026-05-08 13:00:00+00:00,4736.60009765625,4738.60009765625,4725.7001953125,4733.39990234375,4258
2026-05-08 13:30:00+00:00,4757.7998046875,4758.60009765625,4736.2998046875,4736.89990234375,9069
2026-05-08 14:00:00+00:00,4727.60009765625,4760.39990234375,4725.0,4757.7998046875,9091
2026-05-08 14:30:00+00:00,4725.7001953125,4735.2998046875,4723.10009765625,4727.2998046875,4132
2026-05-08 15:00:00+00:00,4723.10009765625,4730.7998046875,4713.89990234375,4725.7998046875,6343
2026-05-08 15:30:00+00:00,4716.60009765625,4725.0,4711.5,4723.10009765625,4077
2026-05-08 16:00:00+00:00,4727.2001953125,4727.2998046875,4715.0,4716.39990234375,2726
2026-05-08 16:30:00+00:00,4721.89990234375,4729.89990234375,4720.7001953125,4727.39990234375,1838
2026-05-08 17:00:00+00:00,4730.2001953125,4731.7998046875,4721.7001953125,4721.89990234375,8598
2026-05-08 17:30:00+00:00,4730.39990234375,4732.10009765625,4728.7001953125,4730.2998046875,2300
2026-05-08 18:00:00+00:00,4735.10009765625,4738.60009765625,4729.89990234375,4730.39990234375,2241
2026-05-08 18:30:00+00:00,4731.89990234375,4736.0,4729.2998046875,4735.0,783
2026-05-08 19:00:00+00:00,4733.2001953125,4735.2998046875,4730.60009765625,4731.5,557
2026-05-08 19:30:00+00:00,4733.39990234375,4736.39990234375,4731.2001953125,4733.2001953125,1429
2026-05-08 20:00:00+00:00,4727.0,4733.89990234375,4724.7001953125,4733.7998046875,952
2026-05-08 20:30:00+00:00,4730.7001953125,4730.7001953125,4723.2998046875,4726.7998046875,1123
2026-05-10 22:00:00+00:00,4702.89990234375,4704.5,4690.0,4696.7998046875,1162
2026-05-10 22:30:00+00:00,4700.10009765625,4703.5,4695.10009765625,4702.60009765625,985
2026-05-10 23:00:00+00:00,4703.60009765625,4705.89990234375,4697.2998046875,4700.0,910
2026-05-10 23:30:00+00:00,4700.2998046875,4707.5,4698.5,4703.60009765625,830
2026-05-11 00:00:00+00:00,4691.89990234375,4700.2998046875,4684.5,4699.89990234375,2136
2026-05-11 00:30:00+00:00,4692.5,4702.10009765625,4678.39990234375,4692.5,2915
2026-05-11 01:00:00+00:00,4707.89990234375,4714.10009765625,4683.5,4692.0,4146
2026-05-11 01:30:00+00:00,4694.2001953125,4710.2001953125,4688.5,4707.7001953125,2144
2026-05-11 02:00:00+00:00,4697.0,4701.39990234375,4686.89990234375,4694.7001953125,1870
2026-05-11 02:30:00+00:00,4690.0,4709.0,4684.7001953125,4697.39990234375,3255
2026-05-11 03:00:00+00:00,4697.5,4698.2998046875,4683.10009765625,4689.60009765625,1443
2026-05-11 03:30:00+00:00,4687.0,4698.2001953125,4684.60009765625,4697.5,1366
2026-05-11 04:00:00+00:00,4679.2998046875,4687.7001953125,4676.39990234375,4686.39990234375,1648
2026-05-11 04:30:00+00:00,4679.7998046875,4683.7001953125,4675.89990234375,4679.2998046875,970
2026-05-11 05:00:00+00:00,4678.5,4683.60009765625,4678.2998046875,4679.7998046875,1007
2026-05-11 05:30:00+00:00,4659.60009765625,4688.7998046875,4655.10009765625,4678.7998046875,5140
2026-05-11 06:00:00+00:00,4675.60009765625,4678.60009765625,4656.60009765625,4659.5,3468
2026-05-11 06:30:00+00:00,4686.7001953125,4688.7001953125,4675.5,4675.7001953125,2050
2026-05-11 07:00:00+00:00,4684.10009765625,4688.60009765625,4680.39990234375,4686.89990234375,1539
2026-05-11 07:30:00+00:00,4676.39990234375,4686.39990234375,4672.7998046875,4684.0,1762
2026-05-11 08:00:00+00:00,4679.60009765625,4687.5,4672.7998046875,4676.2998046875,2293
2026-05-11 08:30:00+00:00,4675.89990234375,4684.0,4675.2001953125,4679.5,1340
2026-05-11 09:00:00+00:00,4666.0,4678.39990234375,4665.2001953125,4675.60009765625,2237
2026-05-11 09:30:00+00:00,4665.2998046875,4673.5,4658.7001953125,4665.7998046875,4213
2026-05-11 10:00:00+00:00,4671.7001953125,4674.5,4664.5,4665.0,1587
2026-05-11 10:30:00+00:00,4672.2001953125,4675.89990234375,4668.7001953125,4671.7001953125,1408
2026-05-11 11:00:00+00:00,4680.60009765625,4681.0,4672.60009765625,4672.60009765625,1520
2026-05-11 11:30:00+00:00,4683.2998046875,4686.0,4677.7998046875,4680.2001953125,2250
2026-05-11 12:00:00+00:00,4699.5,4704.39990234375,4675.89990234375,4682.89990234375,5463
2026-05-11 12:30:00+00:00,4708.7001953125,4710.2001953125,4695.0,4699.60009765625,5537
2026-05-11 13:00:00+00:00,4737.89990234375,4745.60009765625,4707.2998046875,4708.89990234375,11328
2026-05-11 13:30:00+00:00,4745.7001953125,4758.39990234375,4737.5,4738.0,9988
2026-05-11 14:00:00+00:00,4734.5,4748.5,4728.0,4745.7001953125,7008
2026-05-11 14:30:00+00:00,4735.39990234375,4743.89990234375,4724.60009765625,4734.7998046875,6131
2026-05-11 15:00:00+00:00,4742.5,4748.10009765625,4732.2001953125,4735.2998046875,3274
2026-05-11 15:30:00+00:00,4741.7998046875,4744.5,4734.60009765625,4742.2998046875,2188
2026-05-11 16:00:00+00:00,4733.5,4743.2001953125,4732.2001953125,4742.0,2039
2026-05-11 16:30:00+00:00,4726.10009765625,4735.89990234375,4716.7998046875,4733.7998046875,5281
2026-05-11 17:00:00+00:00,4727.7001953125,4731.2998046875,4725.39990234375,4726.0,8140
2026-05-11 17:30:00+00:00,4733.0,4734.2001953125,4727.39990234375,4727.60009765625,1254
2026-05-11 18:00:00+00:00,4736.2001953125,4736.7998046875,4730.10009765625,4733.10009765625,1511
2026-05-11 18:30:00+00:00,4733.7998046875,4738.7998046875,4733.7998046875,4736.5,1089
2026-05-11 19:00:00+00:00,4733.89990234375,4737.60009765625,4731.7998046875,4734.2001953125,1271
2026-05-11 19:30:00+00:00,4743.5,4746.5,4732.0,4733.89990234375,3315
2026-05-11 20:00:00+00:00,4745.0,4747.7001953125,4739.5,4743.7001953125,980
2026-05-11 20:30:00+00:00,4745.60009765625,4748.5,4742.39990234375,4745.2998046875,722
2026-05-11 22:00:00+00:00,4749.2001953125,4753.7998046875,4745.2001953125,4745.2998046875,542
2026-05-11 22:30:00+00:00,4760.7001953125,4766.7998046875,4748.5,4749.10009765625,3301
2026-05-11 23:00:00+00:00,4762.7001953125,4764.60009765625,4755.2001953125,4760.5,1211
2026-05-11 23:30:00+00:00,4777.2001953125,4780.2998046875,4761.0,4762.5,4118
2026-05-12 00:00:00+00:00,4772.2998046875,4783.39990234375,4763.0,4776.7001953125,3436
2026-05-12 00:30:00+00:00,4759.2998046875,4774.0,4757.7998046875,4772.7998046875,1525
2026-05-12 01:00:00+00:00,4744.7998046875,4765.60009765625,4743.2998046875,4758.89990234375,3158
2026-05-12 01:30:00+00:00,4736.60009765625,4748.7998046875,4729.7998046875,4744.39990234375,2358
2026-05-12 02:00:00+00:00,4736.10009765625,4743.39990234375,4733.7998046875,4736.2998046875,1305
2026-05-12 02:30:00+00:00,4739.7998046875,4743.2001953125,4731.10009765625,4736.2998046875,1666
2026-05-12 03:00:00+00:00,4733.0,4742.39990234375,4732.0,4739.5,1386
2026-05-12 03:30:00+00:00,4729.0,4736.7998046875,4726.7998046875,4733.0,1210
2026-05-12 04:00:00+00:00,4731.39990234375,4739.60009765625,4729.10009765625,4729.10009765625,1230
2026-05-12 04:30:00+00:00,4723.10009765625,4735.7001953125,4720.10009765625,4731.5,1344
2026-05-12 05:00:00+00:00,4724.39990234375,4727.60009765625,4717.5,4722.5,2109
2026-05-12 05:30:00+00:00,4723.2001953125,4731.0,4718.60009765625,4724.2001953125,1827
2026-05-12 06:00:00+00:00,4704.2998046875,4722.60009765625,4702.89990234375,4722.60009765625,4053
2026-05-12 06:30:00+00:00,4705.39990234375,4713.0,4701.60009765625,4704.39990234375,2586
2026-05-12 07:00:00+00:00,4705.7998046875,4707.7998046875,4692.39990234375,4705.0,3017
2026-05-12 07:30:00+00:00,4707.7998046875,4711.7001953125,4703.2998046875,4705.89990234375,2026
2026-05-12 08:00:00+00:00,4710.7001953125,4714.7998046875,4704.60009765625,4707.5,1643
2026-05-12 08:30:00+00:00,4710.89990234375,4714.5,4705.7001953125,4710.7001953125,1014
2026-05-12 09:00:00+00:00,4707.2998046875,4711.39990234375,4705.10009765625,4710.7001953125,1302
2026-05-12 09:30:00+00:00,4707.60009765625,4713.2998046875,4702.2001953125,4707.2001953125,2388
2026-05-12 10:00:00+00:00,4708.2001953125,4716.7001953125,4706.89990234375,4708.0,2136
2026-05-12 10:30:00+00:00,4701.89990234375,4708.2001953125,4692.7998046875,4708.2001953125,2562
2026-05-12 11:00:00+00:00,4707.7998046875,4708.10009765625,4694.7001953125,4702.39990234375,2188
2026-05-12 11:30:00+00:00,4714.60009765625,4717.2001953125,4705.7998046875,4708.0,1725
2026-05-12 12:00:00+00:00,4704.7001953125,4716.2001953125,4702.7001953125,4714.5,3484
2026-05-12 12:30:00+00:00,4713.7998046875,4719.7998046875,4697.39990234375,4704.7998046875,5557
2026-05-12 13:00:00+00:00,4698.39990234375,4717.10009765625,4687.0,4713.60009765625,6720
2026-05-12 13:30:00+00:00,4687.0,4709.5,4684.5,4698.39990234375,6490
2026-05-12 14:00:00+00:00,4690.60009765625,4703.0,4683.39990234375,4686.5,5497
2026-05-12 14:30:00+00:00,4680.0,4695.7998046875,4676.0,4690.7001953125,5369
2026-05-12 15:00:00+00:00,4663.2998046875,4683.60009765625,4645.2001953125,4680.0,13459
2026-05-12 15:30:00+00:00,4673.10009765625,4677.2998046875,4661.2001953125,4663.60009765625,5451
2026-05-12 16:00:00+00:00,4675.5,4682.39990234375,4671.2998046875,4673.5,2924
2026-05-12 16:30:00+00:00,4678.10009765625,4681.60009765625,4672.10009765625,4675.5,1928
2026-05-12 17:00:00+00:00,4686.60009765625,4689.7998046875,4678.39990234375,4678.39990234375,7570
2026-05-12 17:30:00+00:00,4685.7001953125,4688.2998046875,4683.39990234375,4686.39990234375,3407
2026-05-12 18:00:00+00:00,4692.5,4695.0,4683.0,4685.7001953125,2355
2026-05-12 18:30:00+00:00,4703.0,4705.5,4692.10009765625,4692.10009765625,2587
2026-05-12 19:00:00+00:00,4710.7998046875,4712.0,4703.60009765625,4704.10009765625,1827
2026-05-12 19:30:00+00:00,4723.2001953125,4723.2998046875,4710.89990234375,4710.89990234375,2361
2026-05-12 20:00:00+00:00,4720.7001953125,4726.7001953125,4719.39990234375,4722.7998046875,1232
2026-05-12 20:30:00+00:00,4722.60009765625,4723.39990234375,4719.60009765625,4720.2998046875,532
2026-05-12 22:00:00+00:00,4725.2998046875,4729.5,4720.2998046875,4722.2998046875,716
2026-05-12 22:30:00+00:00,4724.60009765625,4730.2001953125,4723.2998046875,4724.7001953125,753
2026-05-12 23:00:00+00:00,4727.5,4731.60009765625,4723.5,4724.5,1658
2026-05-12 23:30:00+00:00,4724.7001953125,4731.2001953125,4723.0,4727.89990234375,1236
2026-05-13 00:00:00+00:00,4730.89990234375,4734.7998046875,4722.7001953125,4724.5,1694
2026-05-13 00:30:00+00:00,4723.0,4733.39990234375,4721.0,4730.0,1165
2026-05-13 01:00:00+00:00,4712.2001953125,4725.10009765625,4710.89990234375,4722.60009765625,2978
2026-05-13 01:30:00+00:00,4710.89990234375,4719.2001953125,4709.2001953125,4712.39990234375,1589
2026-05-13 02:00:00+00:00,4708.10009765625,4715.7001953125,4705.7001953125,4710.5,1733
2026-05-13 02:30:00+00:00,4700.60009765625,4708.7001953125,4696.0,4708.7001953125,2339
2026-05-13 03:00:00+00:00,4708.7001953125,4708.7998046875,4697.10009765625,4700.5,1411
2026-05-13 03:30:00+00:00,4703.0,4714.2998046875,4702.0,4708.39990234375,1618
2026-05-13 04:00:00+00:00,4709.39990234375,4711.2998046875,4703.39990234375,4704.5,723
2026-05-13 04:30:00+00:00,4707.89990234375,4711.39990234375,4705.2998046875,4709.7998046875,644
2026-05-13 05:00:00+00:00,4706.0,4715.7001953125,4705.7001953125,4707.5,864
2026-05-13 05:30:00+00:00,4711.39990234375,4713.7001953125,4701.2998046875,4706.2998046875,1600
2026-05-13 06:00:00+00:00,4716.39990234375,4723.10009765625,4710.89990234375,4711.7998046875,2204
2026-05-13 06:30:00+00:00,4709.7998046875,4721.7001953125,4706.89990234375,4716.5,2153
2026-05-13 07:00:00+00:00,4715.7001953125,4716.60009765625,4704.7998046875,4709.7998046875,2772
2026-05-13 07:30:00+00:00,4710.39990234375,4715.60009765625,4709.0,4715.0,1610
2026-05-13 08:00:00+00:00,4704.5,4712.0,4702.2001953125,4710.2998046875,1954
2026-05-13 08:30:00+00:00,4707.7001953125,4710.10009765625,4701.7998046875,4705.10009765625,1543
2026-05-13 09:00:00+00:00,4695.89990234375,4709.2001953125,4692.2998046875,4707.7998046875,3220
2026-05-13 09:30:00+00:00,4709.0,4709.0,4693.2998046875,4695.7998046875,2663
2026-05-13 10:00:00+00:00,4707.2001953125,4718.2001953125,4706.2001953125,4708.39990234375,1941
2026-05-13 10:30:00+00:00,4701.60009765625,4707.5,4701.0,4707.10009765625,1100
2026-05-13 11:00:00+00:00,4706.2001953125,4708.5,4698.60009765625,4701.7998046875,1224
2026-05-13 11:30:00+00:00,4705.2001953125,4713.89990234375,4705.2001953125,4706.5,1889
2026-05-13 12:00:00+00:00,4692.10009765625,4709.39990234375,4690.0,4704.89990234375,4138
2026-05-13 12:30:00+00:00,4690.7001953125,4695.2001953125,4682.0,4692.39990234375,5852
2026-05-13 13:00:00+00:00,4695.89990234375,4702.0,4690.5,4690.60009765625,3801
2026-05-13 13:30:00+00:00,4686.2001953125,4698.0,4676.0,4696.0,7257
2026-05-13 14:00:00+00:00,4691.2998046875,4692.60009765625,4679.7998046875,4686.2001953125,5329
2026-05-13 14:30:00+00:00,4686.7998046875,4698.2998046875,4684.2001953125,4691.0,4606
2026-05-13 15:00:00+00:00,4698.2001953125,4699.0,4686.0,4687.10009765625,2550
2026-05-13 15:30:00+00:00,4703.2998046875,4708.0,4694.10009765625,4698.10009765625,3547
2026-05-13 16:00:00+00:00,4714.7001953125,4717.89990234375,4702.7998046875,4703.0,5413
2026-05-13 16:30:00+00:00,4703.5,4715.7001953125,4702.89990234375,4714.7001953125,2884
2026-05-13 17:00:00+00:00,4706.2998046875,4709.2001953125,4703.60009765625,4703.7001953125,8704
2026-05-13 17:30:00+00:00,4693.39990234375,4706.60009765625,4692.60009765625,4706.5,2976
2026-05-13 18:00:00+00:00,4700.2001953125,4702.0,4692.5,4693.7998046875,2002
2026-05-13 18:30:00+00:00,4692.89990234375,4700.89990234375,4685.5,4699.60009765625,2128
2026-05-13 19:00:00+00:00,4695.0,4698.60009765625,4691.2998046875,4692.60009765625,824
2026-05-13 19:30:00+00:00,4696.10009765625,4697.10009765625,4691.7998046875,4695.2001953125,1319
2026-05-13 20:00:00+00:00,4699.39990234375,4701.39990234375,4693.7001953125,4696.0,591
2026-05-13 20:30:00+00:00,4697.10009765625,4701.2001953125,4695.7998046875,4699.39990234375,468
2026-05-13 22:00:00+00:00,4703.39990234375,4704.0,4695.5,4696.7998046875,480
2026-05-13 22:30:00+00:00,4706.39990234375,4707.2998046875,4702.0,4703.89990234375,548
2026-05-13 23:00:00+00:00,4704.2998046875,4709.0,4703.2001953125,4706.2001953125,363
2026-05-13 23:30:00+00:00,4703.5,4704.39990234375,4699.7001953125,4703.5,469
2026-05-14 00:00:00+00:00,4708.0,4712.89990234375,4696.2001953125,4703.10009765625,1141
2026-05-14 00:30:00+00:00,4712.0,4713.7001953125,4699.60009765625,4709.0,979
2026-05-14 01:00:00+00:00,4698.89990234375,4714.0,4690.7001953125,4712.2001953125,2488
2026-05-14 01:30:00+00:00,4695.0,4701.7998046875,4690.2001953125,4699.0,1331
2026-05-14 02:00:00+00:00,4700.10009765625,4701.10009765625,4693.10009765625,4695.5,851
2026-05-14 02:30:00+00:00,4692.7001953125,4706.5,4686.0,4700.2998046875,1614
2026-05-14 03:00:00+00:00,4697.2001953125,4699.39990234375,4687.5,4692.7998046875,1574
2026-05-14 03:30:00+00:00,4680.7998046875,4697.5,4679.2998046875,4697.10009765625,1276
2026-05-14 04:00:00+00:00,4708.5,4713.5,4673.2001953125,4680.7998046875,3629
2026-05-14 04:30:00+00:00,4709.2001953125,4719.7001953125,4707.2998046875,4708.39990234375,1969
2026-05-14 05:00:00+00:00,4700.7998046875,4711.2001953125,4700.0,4709.5,995
2026-05-14 05:30:00+00:00,4696.2998046875,4710.2001953125,4696.0,4700.2001953125,1590
2026-05-14 06:00:00+00:00,4698.10009765625,4701.39990234375,4692.7001953125,4696.2001953125,1650
2026-05-14 06:30:00+00:00,4707.2001953125,4709.2998046875,4697.2998046875,4698.10009765625,1594
2026-05-14 07:00:00+00:00,4711.89990234375,4713.2001953125,4701.2001953125,4706.7001953125,1644
2026-05-14 07:30:00+00:00,4700.10009765625,4725.7998046875,4697.7001953125,4712.2998046875,4148
2026-05-14 08:00:00+00:00,4710.5,4711.7001953125,4698.89990234375,4699.5,2036
2026-05-14 08:30:00+00:00,4700.2998046875,4713.60009765625,4699.7998046875,4710.2998046875,1331
2026-05-14 09:00:00+00:00,4697.2998046875,4704.7001953125,4696.0,4699.7998046875,1248
2026-05-14 09:30:00+00:00,4706.10009765625,4709.2998046875,4694.60009765625,4697.10009765625,1515
2026-05-14 10:00:00+00:00,4704.10009765625,4711.89990234375,4700.2001953125,4706.0,1111
2026-05-14 10:30:00+00:00,4704.10009765625,4704.39990234375,4698.0,4704.2998046875,1405
2026-05-14 11:00:00+00:00,4698.2001953125,4705.39990234375,4695.89990234375,4703.5,1234
2026-05-14 11:30:00+00:00,4700.39990234375,4711.60009765625,4697.10009765625,4698.5,1868
2026-05-14 12:00:00+00:00,4709.10009765625,4714.5,4698.39990234375,4700.2001953125,3761
2026-05-14 12:30:00+00:00,4711.7998046875,4716.89990234375,4702.60009765625,4710.0,3602
2026-05-14 13:00:00+00:00,4694.5,4715.2001953125,4694.2001953125,4712.2001953125,3431
2026-05-14 13:30:00+00:00,4685.2001953125,4696.7998046875,4671.2998046875,4694.60009765625,9874
2026-05-14 14:00:00+00:00,4697.7001953125,4707.2998046875,4683.0,4685.0,7157
2026-05-14 14:30:00+00:00,4685.7001953125,4698.7998046875,4685.2998046875,4697.7001953125,2294
2026-05-14 15:00:00+00:00,4692.0,4695.7998046875,4683.0,4685.60009765625,2454
2026-05-14 15:30:00+00:00,4691.89990234375,4695.2001953125,4686.7001953125,4691.7998046875,1926
2026-05-14 16:00:00+00:00,4683.2001953125,4693.5,4680.2998046875,4692.10009765625,2760
2026-05-14 16:30:00+00:00,4684.7998046875,4685.39990234375,4676.10009765625,4683.5,2364
2026-05-14 17:00:00+00:00,4683.60009765625,4689.60009765625,4683.10009765625,4684.39990234375,4133
2026-05-14 17:30:00+00:00,4684.2001953125,4687.89990234375,4682.7001953125,4683.7001953125,1412
2026-05-14 18:00:00+00:00,4679.2998046875,4684.5,4674.5,4684.5,2707
2026-05-14 18:30:00+00:00,4677.2998046875,4680.60009765625,4672.5,4679.5,1230
2026-05-14 19:00:00+00:00,4668.89990234375,4677.39990234375,4667.60009765625,4677.39990234375,1823
2026-05-14 19:30:00+00:00,4659.5,4670.7998046875,4658.0,4668.7001953125,3873
2026-05-14 20:00:00+00:00,4653.0,4663.0,4651.7001953125,4659.60009765625,1667
2026-05-14 20:30:00+00:00,4655.39990234375,4658.0,4649.2998046875,4653.0,1137
2026-05-14 22:00:00+00:00,4662.89990234375,4663.7001953125,4651.0,4654.5,850
2026-05-14 22:30:00+00:00,4666.7001953125,4667.0,4662.7001953125,4663.2998046875,732
2026-05-14 23:00:00+00:00,4668.39990234375,4668.7001953125,4659.89990234375,4666.39990234375,1217
2026-05-14 23:30:00+00:00,4656.7001953125,4670.10009765625,4651.0,4668.10009765625,1775
2026-05-15 00:00:00+00:00,4634.60009765625,4662.7998046875,4629.10009765625,4656.39990234375,3930
2026-05-15 00:30:00+00:00,4635.10009765625,4636.0,4618.2998046875,4634.60009765625,4856
2026-05-15 01:00:00+00:00,4613.60009765625,4636.7001953125,4612.2998046875,4635.0,4255
2026-05-15 01:30:00+00:00,4617.89990234375,4628.7001953125,4611.0,4612.7998046875,3083
2026-05-15 02:00:00+00:00,4616.7001953125,4623.2998046875,4613.5,4617.89990234375,1951
2026-05-15 02:30:00+00:00,4621.89990234375,4627.39990234375,4613.5,4616.2001953125,1587
2026-05-15 03:00:00+00:00,4616.5,4626.5,4613.39990234375,4621.60009765625,2090
2026-05-15 03:30:00+00:00,4619.7998046875,4622.10009765625,4611.2998046875,4617.60009765625,1338
2026-05-15 04:00:00+00:00,4614.89990234375,4625.89990234375,4611.5,4619.2998046875,1444
2026-05-15 04:30:00+00:00,4610.0,4619.2001953125,4608.2001953125,4615.2001953125,1312
2026-05-15 05:00:00+00:00,4592.7998046875,4610.60009765625,4584.89990234375,4610.0,5315
2026-05-15 05:30:00+00:00,4562.89990234375,4594.2998046875,4560.10009765625,4592.7001953125,6642
2026-05-15 06:00:00+00:00,4579.2001953125,4582.39990234375,4560.5,4562.39990234375,5099
2026-05-15 06:30:00+00:00,4574.5,4585.39990234375,4568.60009765625,4579.0,3388
2026-05-15 07:00:00+00:00,4586.89990234375,4593.7998046875,4569.7998046875,4573.89990234375,4855
2026-05-15 07:30:00+00:00,4575.7001953125,4587.5,4573.39990234375,4586.0,3308
2026-05-15 08:00:00+00:00,4562.5,4576.89990234375,4556.7998046875,4575.60009765625,5013
2026-05-15 08:30:00+00:00,4558.89990234375,4568.60009765625,4553.2001953125,4562.10009765625,3710
2026-05-15 09:00:00+00:00,4556.7998046875,4568.2001953125,4543.10009765625,4559.0,4793
2026-05-15 09:30:00+00:00,4549.7998046875,4559.7001953125,4535.39990234375,4557.10009765625,4278
2026-05-15 10:00:00+00:00,4555.7998046875,4567.60009765625,4548.0,4549.89990234375,3904
2026-05-15 10:30:00+00:00,4570.2001953125,4577.0,4553.60009765625,4555.89990234375,4140
2026-05-15 11:00:00+00:00,4566.7001953125,4574.7998046875,4563.39990234375,4570.5,2318
2026-05-15 11:30:00+00:00,4555.89990234375,4567.0,4554.0,4567.0,2696
2026-05-15 12:00:00+00:00,4559.7001953125,4562.7001953125,4549.0,4556.0,4770
2026-05-15 12:30:00+00:00,4550.2001953125,4559.7998046875,4546.2998046875,4558.60009765625,3844
2026-05-15 13:00:00+00:00,4553.2001953125,4561.89990234375,4539.89990234375,4550.10009765625,6182
2026-05-15 13:30:00+00:00,4537.2998046875,4555.2998046875,4513.7998046875,4553.2001953125,12912
2026-05-15 14:00:00+00:00,4559.7001953125,4567.10009765625,4529.2998046875,4536.89990234375,9212
2026-05-15 14:30:00+00:00,4566.7998046875,4570.89990234375,4550.2001953125,4560.0,4423
2026-05-15 15:00:00+00:00,4551.10009765625,4568.0,4546.7001953125,4567.2998046875,4136
2026-05-15 15:30:00+00:00,4543.7998046875,4554.5,4538.0,4551.0,3652
2026-05-15 16:00:00+00:00,4544.7998046875,4546.7001953125,4533.2001953125,4543.7998046875,3497
2026-05-15 16:30:00+00:00,4548.7001953125,4552.39990234375,4544.2998046875,4545.39990234375,2182
2026-05-15 17:00:00+00:00,4565.10009765625,4568.7001953125,4547.2001953125,4548.5,3977
